raw_trial_index,held_out,success,normalized_error,nfev,reason,temporal_design_rank,temporal_condition,shape_rank,shape_condition,frequency_at_bound,phase_gap_mode_1,phase_gap_mode_2,phase_gap_mode_3,recording,monkey,fold,phase_gap_mode_4
8,False,True,0.9896971943388344,9,,3,1.4156651505916118,2,1.460983993004083,False,0.0276554762791145,,,monkeyM_session-o080506002-22_lfp-2,M,0,
28,False,True,0.7835111290091789,19,,3,1.4219096345891131,2,1.164601572058762,False,0.0031113330006959,,,monkeyM_session-o080506002-22_lfp-2,M,0,
3,False,True,0.8636792312913995,13,,3,1.4158189290186725,2,1.0717176759381768,False,0.0035909153665452,,,monkeyM_session-o080506002-22_lfp-2,M,0,
5,True,True,0.9047258197859024,6,,3,1.421376201008553,2,1.0403739705206805,False,0.0074970710300825,,,monkeyM_session-o080506002-22_lfp-2,M,0,
18,False,True,0.894822700518814,24,,3,1.4143312075306833,2,1.130569532924568,False,0.0031920127892544,,,monkeyM_session-o080506002-22_lfp-2,M,0,
22,False,True,0.6697434582004891,30,,3,1.4158753549277605,2,1.0984905182542843,False,0.0040642328743398,,,monkeyM_session-o080506002-22_lfp-2,M,0,
10,True,True,0.5084748128972277,7,,3,1.421905850126158,2,1.0439675424540171,False,0.0033934430338771,,,monkeyM_session-o080506002-22_lfp-2,M,0,
27,False,True,0.7886075894998417,31,,3,1.4237039894843355,2,1.1475430891786025,False,0.003792578274874,,,monkeyM_session-o080506002-22_lfp-2,M,0,
31,False,True,0.8601853093048036,18,,3,1.4205857056295124,2,1.124291077161368,False,0.0054611898400738,,,monkeyM_session-o080506002-22_lfp-2,M,0,
16,False,True,0.7094198272796571,5,,3,1.4224085455273512,2,1.0361039143102797,False,0.0033306996528423,,,monkeyM_session-o080506002-22_lfp-2,M,0,
9,False,True,0.8137136400196283,6,,3,1.4196211869310662,2,1.0063068307546936,False,0.005429237249068,,,monkeyM_session-o080506002-22_lfp-2,M,0,
23,False,True,0.7873798336271656,9,,3,1.4202504038363493,2,1.0055324158162895,False,0.0041444795065181,,,monkeyM_session-o080506002-22_lfp-2,M,0,
7,False,True,0.9726816965328108,6,,3,1.4150236048152485,2,1.1410200247146498,False,0.0027032992313964,,,monkeyM_session-o080506002-22_lfp-2,M,0,
25,False,True,0.3660582772071249,8,,3,1.4225316671985406,2,1.0389820472935718,False,0.010767928355615,,,monkeyM_session-o080506002-22_lfp-2,M,0,
13,False,True,0.782504818628838,31,,3,1.421915574117371,2,1.118660982532008,False,0.0038702708761233,,,monkeyM_session-o080506002-22_lfp-2,M,0,
12,True,True,0.9361831134890573,19,,3,1.421767831077966,2,1.2727320843034131,True,0.0079999996949622,,,monkeyM_session-o080506002-22_lfp-2,M,0,
1,False,True,0.9059200791188622,14,,3,1.4196291378972576,2,1.0593094622795869,False,0.0038273085426077,,,monkeyM_session-o080506002-22_lfp-2,M,0,
24,False,True,0.497833486062995,5,,3,1.4225636154473429,2,1.0148092239337172,False,0.0141756488324857,,,monkeyM_session-o080506002-22_lfp-2,M,0,
21,False,True,0.8991548564773432,19,,3,1.4205835128509092,2,1.203704429698217,True,0.0040000000000013,,,monkeyM_session-o080506002-22_lfp-2,M,0,
17,True,True,0.9064721459451858,5,,3,1.4224312670731951,2,1.082951498965391,False,0.0059326905569752,,,monkeyM_session-o080506002-22_lfp-2,M,0,
33,False,True,0.9676054273207928,32,,3,1.4205148942852988,2,1.1596259653286645,False,0.0028681603804034,,,monkeyM_session-o080506002-22_lfp-2,M,0,
19,False,True,0.7495331824849283,6,,3,1.4173752848728454,2,1.0413888126613702,False,0.0251728677493306,,,monkeyM_session-o080506002-22_lfp-2,M,0,
30,False,True,0.555645880051508,19,,3,1.4164953259133348,2,1.0589154424052254,False,0.0069905102426304,,,monkeyM_session-o080506002-22_lfp-2,M,0,
4,False,True,0.6646984675755472,14,,3,1.415051660918852,2,1.1063059041096577,False,0.0030098267314144,,,monkeyM_session-o080506002-22_lfp-2,M,0,
0,False,True,0.9140086167517686,9,,3,1.4178517844849927,2,1.1367138346800507,False,0.0189203060269893,,,monkeyM_session-o080506002-22_lfp-2,M,0,
32,False,True,0.9181801074997532,14,,3,1.4217678310728492,2,1.2381750548475563,True,0.0079999999987758,,,monkeyM_session-o080506002-22_lfp-2,M,0,
29,True,True,0.8695996154906337,7,,3,1.4212059348325168,2,1.037683163834148,False,0.0024037726215695,,,monkeyM_session-o080506002-22_lfp-2,M,0,
26,False,True,0.7873128289404465,16,,3,1.4225293523920215,2,1.0465185165169906,False,0.0096180705467441,,,monkeyM_session-o080506002-22_lfp-2,M,0,
15,True,True,0.8066325559953672,9,,3,1.4229327133081169,2,1.040618109877588,False,0.0121616451671733,,,monkeyM_session-o080506002-22_lfp-2,M,0,
2,True,True,0.9449547739315428,4,,3,1.42258304370446,2,1.0863606634371596,False,0.0027301149804621,,,monkeyM_session-o080506002-22_lfp-2,M,0,
14,False,True,0.970670950070642,12,,3,1.4210104703101665,2,1.194501700152952,False,0.0043356667410252,,,monkeyM_session-o080506002-22_lfp-2,M,0,
20,False,True,0.8816566760128978,5,,3,1.4189999428849,2,1.0781035209840188,False,0.0050212617011418,,,monkeyM_session-o080506002-22_lfp-2,M,0,
11,False,True,0.8268989819081649,7,,3,1.4230223750330822,2,1.0749572550271722,False,0.0031786020010109,,,monkeyM_session-o080506002-22_lfp-2,M,0,
66,False,True,0.7771056115548365,13,,3,1.420583512819108,2,1.1650396405995405,True,0.0039999998174158,,,monkeyM_session-o080506002-22_lfp-2,M,0,
64,False,True,0.8532334827444453,15,,3,1.41770278064813,2,1.1381407014899048,False,0.0037810077542443,,,monkeyM_session-o080506002-22_lfp-2,M,0,
45,True,True,0.9085990559609424,7,,3,1.4229981975819153,2,1.036036295892497,False,0.0101141047260764,,,monkeyM_session-o080506002-22_lfp-2,M,0,
68,False,True,0.6188267472513864,15,,3,1.4170846517235245,2,1.07063311418585,False,0.0022192930325166,,,monkeyM_session-o080506002-22_lfp-2,M,0,
57,False,True,0.777669183308252,17,,3,1.4231531163136804,2,1.1768486156205296,False,0.0210425821990276,,,monkeyM_session-o080506002-22_lfp-2,M,0,
43,False,True,0.7905078070312718,14,,3,1.4229629392713865,2,1.0082295367641545,False,0.0152952405026147,,,monkeyM_session-o080506002-22_lfp-2,M,0,
42,False,True,0.4210948667251837,7,,3,1.4168310649520386,2,1.0352283592940617,False,0.0062495254242873,,,monkeyM_session-o080506002-22_lfp-2,M,0,
53,False,True,0.2911765126169705,7,,3,1.4187669367867966,2,1.078696215246933,False,0.0026575594571012,,,monkeyM_session-o080506002-22_lfp-2,M,0,
63,False,True,0.4587532350563517,12,,3,1.4229390338066144,2,1.03817439562237,False,0.0052493242845077,,,monkeyM_session-o080506002-22_lfp-2,M,0,
67,True,True,0.6647117207195803,34,,3,1.423017771194928,2,1.041273137714967,False,0.0035908706987273,,,monkeyM_session-o080506002-22_lfp-2,M,0,
65,True,True,0.560964156002475,9,,3,1.421346576714813,2,1.1000006084651432,False,0.0101959575785897,,,monkeyM_session-o080506002-22_lfp-2,M,0,
47,False,True,0.97088914857327,9,,3,1.4159721558552094,2,1.0845854449912211,False,0.0241914751495238,,,monkeyM_session-o080506002-22_lfp-2,M,0,
37,False,True,0.5887506176899708,11,,3,1.4230189940778504,2,1.0378378257671392,False,0.0035027888057443,,,monkeyM_session-o080506002-22_lfp-2,M,0,
34,False,True,0.8688276208270448,16,,3,1.4205835128503397,2,1.1888266259607825,True,0.0039999999967319,,,monkeyM_session-o080506002-22_lfp-2,M,0,
39,False,True,0.9577125346269316,13,,3,1.4224202322575985,2,1.2896083498662307,False,0.0048402546489416,,,monkeyM_session-o080506002-22_lfp-2,M,0,
59,False,True,0.8340628120809807,10,,3,1.4236737837613775,2,1.1380555382785194,False,0.0034506277179735,,,monkeyM_session-o080506002-22_lfp-2,M,0,
51,False,True,0.6006948689752494,17,,3,1.417513208631353,2,1.1213300570386109,False,0.0043068789614011,,,monkeyM_session-o080506002-22_lfp-2,M,0,
41,True,True,0.8519247199292637,6,,3,1.4227554200255708,2,1.0448653541682291,False,0.0029552010941618,,,monkeyM_session-o080506002-22_lfp-2,M,0,
36,False,True,0.8945761864452086,8,,3,1.422536916641577,2,1.10411394447027,False,0.003000218742799,,,monkeyM_session-o080506002-22_lfp-2,M,0,
38,False,True,0.6794984549074051,15,,3,1.417645641658572,2,1.0219323772285778,False,0.0030375496786767,,,monkeyM_session-o080506002-22_lfp-2,M,0,
52,True,True,0.9622916707038244,8,,3,1.4210918460255957,2,1.1177167133497417,False,0.0038804770829941,,,monkeyM_session-o080506002-22_lfp-2,M,0,
55,False,True,0.6508843860236035,11,,3,1.418418093520656,2,1.0211490284077622,False,0.0040862563661603,,,monkeyM_session-o080506002-22_lfp-2,M,0,
54,True,True,0.7886592186975825,6,,3,1.4219100336783868,2,1.079111386295724,False,0.0032174002184106,,,monkeyM_session-o080506002-22_lfp-2,M,0,
35,False,True,0.4319468789582064,10,,3,1.4220212356943889,2,1.1072739485763476,False,0.0036080232851505,,,monkeyM_session-o080506002-22_lfp-2,M,0,
46,False,True,0.6931273695237042,12,,3,1.4179017883111733,2,1.030646125060431,False,0.0034176163864216,,,monkeyM_session-o080506002-22_lfp-2,M,0,
40,False,True,0.9224787907678752,9,,3,1.4163056432379342,2,1.040771297065936,False,0.0148928541608324,,,monkeyM_session-o080506002-22_lfp-2,M,0,
62,False,True,0.5913292873271402,9,,3,1.4227623533585598,2,1.1060052079712686,False,0.003392499343283,,,monkeyM_session-o080506002-22_lfp-2,M,0,
60,False,True,0.5891403991121814,12,,3,1.415510738264525,2,1.0889492113715242,False,0.0023704126583972,,,monkeyM_session-o080506002-22_lfp-2,M,0,
44,False,True,0.6523319417007897,22,,3,1.4169133938378289,2,1.058261163927744,False,0.0247698845421358,,,monkeyM_session-o080506002-22_lfp-2,M,0,
49,False,True,0.8477571896489502,10,,3,1.4223443165552685,2,1.0579578656434494,False,0.0052925629746773,,,monkeyM_session-o080506002-22_lfp-2,M,0,
61,False,True,0.8337132043053255,11,,3,1.4200988251666091,2,1.003005994979602,False,0.004080082754811,,,monkeyM_session-o080506002-22_lfp-2,M,0,
56,False,True,0.6258216979110514,11,,3,1.4217013713715636,2,1.038541344081252,False,0.0091519549628178,,,monkeyM_session-o080506002-22_lfp-2,M,0,
48,True,True,0.5119078457809063,9,,3,1.4149522476605283,2,1.0888988783642322,False,0.003148481020661,,,monkeyM_session-o080506002-22_lfp-2,M,0,
97,True,True,0.7010304077226377,7,,3,1.4221325227925756,2,1.0290558103415282,False,0.0037983023414636,,,monkeyM_session-o080506002-22_lfp-2,M,0,
71,False,True,0.8220904117099257,11,,3,1.4203529268652824,2,1.0640577766427086,False,0.0036202272053289,,,monkeyM_session-o080506002-22_lfp-2,M,0,
69,False,True,0.788051399050226,10,,3,1.4203348307592296,2,1.1533649409955078,False,0.0051011304902717,,,monkeyM_session-o080506002-22_lfp-2,M,0,
90,False,True,0.5900057580996513,15,,3,1.4175505989183066,2,1.1129200351327524,False,0.0026905359211912,,,monkeyM_session-o080506002-22_lfp-2,M,0,
83,False,True,0.5649643551092703,16,,3,1.4184968523562105,2,1.0718220393212443,False,0.0063878664247911,,,monkeyM_session-o080506002-22_lfp-2,M,0,
99,False,True,0.5491993800625137,8,,3,1.4171640607205749,2,1.1169820468387983,False,0.0306229561376962,,,monkeyM_session-o080506002-22_lfp-2,M,0,
91,False,True,0.7897760022436114,15,,3,1.4211860546851225,2,1.0271563804235246,False,0.0026854959052737,,,monkeyM_session-o080506002-22_lfp-2,M,0,
76,False,True,0.6722830082561334,12,,3,1.4230230735351543,2,1.06011326296908,False,0.0030767496208969,,,monkeyM_session-o080506002-22_lfp-2,M,0,
98,True,True,0.9591394459183744,29,,3,1.421767831073966,2,1.2527672903364218,True,0.0079999999324531,,,monkeyM_session-o080506002-22_lfp-2,M,0,
75,False,True,0.8737614842298379,15,,3,1.4217678310811914,2,1.1405315514779517,True,0.0079999995035144,,,monkeyM_session-o080506002-22_lfp-2,M,0,
95,False,True,0.697367782796768,14,,3,1.422880324303336,2,1.0174331985464056,False,0.0075249786792119,,,monkeyM_session-o080506002-22_lfp-2,M,0,
101,False,True,0.8398923163278503,8,,3,1.4161549537528506,2,1.1033884540316508,False,0.020810353689681,,,monkeyM_session-o080506002-22_lfp-2,M,0,
84,False,True,0.8283298799462081,14,,3,1.421707995291875,2,1.095000911534329,False,0.0045401038493251,,,monkeyM_session-o080506002-22_lfp-2,M,0,
94,False,True,0.9097760850361932,9,,3,1.4158465098613302,2,1.104274741609309,False,0.0034376110203107,,,monkeyM_session-o080506002-22_lfp-2,M,0,
92,True,True,0.6591056387640684,5,,3,1.4209094519893777,2,1.0726911508182209,False,0.003159478750355,,,monkeyM_session-o080506002-22_lfp-2,M,0,
81,False,True,0.7616978226506328,7,,3,1.4225886852677518,2,1.1180519741523145,False,0.004071536694254,,,monkeyM_session-o080506002-22_lfp-2,M,0,
80,False,True,0.7133540714206799,7,,3,1.4197956991082563,2,1.0810171057339453,False,0.0025904784480781,,,monkeyM_session-o080506002-22_lfp-2,M,0,
73,True,True,0.986485304977312,11,,3,1.42092261473464,2,1.3234477628068966,False,0.0040607276261477,,,monkeyM_session-o080506002-22_lfp-2,M,0,
100,False,True,0.8580282982022591,7,,3,1.4153016488196415,2,1.0874701034380452,False,0.0026598777536515,,,monkeyM_session-o080506002-22_lfp-2,M,0,
77,True,True,0.7135394547927224,69,,3,1.4187332846602163,2,1.0590970569110172,False,0.0022696346231878,,,monkeyM_session-o080506002-22_lfp-2,M,0,
74,False,True,0.7560918651363326,7,,3,1.422444176561098,2,1.0841756957975652,False,0.0023302532505535,,,monkeyM_session-o080506002-22_lfp-2,M,0,
79,False,True,0.8207686112503967,14,,3,1.4183799907886607,2,1.1303788363211145,False,0.0086917738053224,,,monkeyM_session-o080506002-22_lfp-2,M,0,
87,False,True,0.6647206716460431,5,,3,1.4224669521393196,2,1.0064691392497476,False,0.0040389093067978,,,monkeyM_session-o080506002-22_lfp-2,M,0,
93,False,True,0.9467705883159448,9,,3,1.4201855301746782,2,1.11559155804422,False,0.0034172882487544,,,monkeyM_session-o080506002-22_lfp-2,M,0,
96,False,True,0.8212261473602045,11,,3,1.4173472565385297,2,1.1595025906311516,False,0.0029828500190181,,,monkeyM_session-o080506002-22_lfp-2,M,0,
88,False,True,0.795425424640713,20,,3,1.420583512850721,2,1.1500402903403746,True,0.0039999999989204,,,monkeyM_session-o080506002-22_lfp-2,M,0,
72,False,True,0.8895291812867907,17,,3,1.421826059469077,2,1.1850866396704505,False,0.0054804336570368,,,monkeyM_session-o080506002-22_lfp-2,M,0,
82,True,True,0.7850192453371764,23,,3,1.421767831072879,2,1.1957591769658875,True,0.0079999999970281,,,monkeyM_session-o080506002-22_lfp-2,M,0,
85,False,True,0.7866793135977248,13,,3,1.4169929826941017,2,1.0856648095586332,False,0.0262906590189567,,,monkeyM_session-o080506002-22_lfp-2,M,0,
89,False,True,0.9612940783881512,6,,3,1.4198305769426531,2,1.048348223520458,False,0.0034461236046436,,,monkeyM_session-o080506002-22_lfp-2,M,0,
86,False,True,0.4693822919631963,8,,3,1.419843534764454,2,1.0384353145353156,False,0.0040630478955998,,,monkeyM_session-o080506002-22_lfp-2,M,0,
78,False,True,0.7474803140815323,18,,3,1.4217678311098942,2,1.0733927240146997,True,0.0079999977995099,,,monkeyM_session-o080506002-22_lfp-2,M,0,
70,False,True,0.7918597511517886,15,,3,1.4146969256713988,2,1.0820797193322762,False,0.0035051889616219,,,monkeyM_session-o080506002-22_lfp-2,M,0,
113,False,True,0.7523101151311009,12,,3,1.4219843787292894,2,1.120029557963716,False,0.0029873690098805,,,monkeyM_session-o080506002-22_lfp-2,M,0,
127,False,True,0.7731526205913127,9,,3,1.4228187324712678,2,1.0960163857784977,False,0.0037599719714602,,,monkeyM_session-o080506002-22_lfp-2,M,0,
129,True,True,0.5157750242470522,16,,3,1.4171127785091284,2,1.1156447886979437,False,0.0296737129378095,,,monkeyM_session-o080506002-22_lfp-2,M,0,
130,False,True,0.6932762001484296,10,,3,1.4229842746066923,2,1.0178463451728026,False,0.0124300575384737,,,monkeyM_session-o080506002-22_lfp-2,M,0,
135,False,True,0.7921029698430494,21,,3,1.416325401106988,2,1.1687602334130145,False,0.0027234229335384,,,monkeyM_session-o080506002-22_lfp-2,M,0,
117,False,True,0.8431735206878137,39,,3,1.4185862412541923,2,1.0842264747347004,False,0.0088709070765902,,,monkeyM_session-o080506002-22_lfp-2,M,0,
138,True,True,0.8510519818421762,27,,3,1.421433748449089,2,1.1742143679643944,False,0.0022741815193842,,,monkeyM_session-o080506002-22_lfp-2,M,0,
134,True,True,0.9034274781570552,15,,3,1.4178740516939083,2,1.17578086172503,False,0.0184945778595422,,,monkeyM_session-o080506002-22_lfp-2,M,0,
136,True,True,0.4652353955123575,9,,3,1.4198820467988682,2,1.0374162308339938,False,0.0024188180447701,,,monkeyM_session-o080506002-22_lfp-2,M,0,
104,False,True,0.7771790097277861,12,,3,1.4200950565812134,2,1.0898934557463251,False,0.0043930265591596,,,monkeyM_session-o080506002-22_lfp-2,M,0,
107,False,True,0.919307777486814,62,,3,1.419715761353622,2,1.1717524936669084,False,0.0049638710355948,,,monkeyM_session-o080506002-22_lfp-2,M,0,
126,False,True,0.6642360361787074,23,,3,1.4144212236801743,2,1.073348827976479,False,0.0038917223596683,,,monkeyM_session-o080506002-22_lfp-2,M,0,
122,False,True,0.8188161799048866,11,,3,1.4217412410817083,2,1.065742345588533,False,0.0034328488582833,,,monkeyM_session-o080506002-22_lfp-2,M,0,
110,False,True,0.6361907369301764,12,,3,1.4225451026584144,2,1.1909172091321798,False,0.0134038817954489,,,monkeyM_session-o080506002-22_lfp-2,M,0,
109,False,True,0.8893466968846969,22,,3,1.4221031221418512,2,1.097095199742248,False,0.0043350191697895,,,monkeyM_session-o080506002-22_lfp-2,M,0,
106,False,True,0.793753759603737,25,,3,1.4218765263835786,2,1.080991296267705,False,0.004556801744278,,,monkeyM_session-o080506002-22_lfp-2,M,0,
115,False,True,0.7142060045924913,11,,3,1.4145436603836623,2,1.082013439226709,False,0.0037198613416355,,,monkeyM_session-o080506002-22_lfp-2,M,0,
137,False,True,0.8502014941728772,8,,3,1.4195975388548074,2,1.0431672752616428,False,0.0058089718900322,,,monkeyM_session-o080506002-22_lfp-2,M,0,
118,True,True,0.3803873482633889,9,,3,1.422483913381755,2,1.0478097464981773,False,0.003377370756024,,,monkeyM_session-o080506002-22_lfp-2,M,0,
139,False,True,0.9148802399407664,9,,3,1.4197320940899725,2,1.0510501185389631,False,0.0038742901386665,,,monkeyM_session-o080506002-22_lfp-2,M,0,
108,True,True,0.8081759946868591,8,,3,1.423587544148302,2,1.1189702350637838,False,0.0060694833987278,,,monkeyM_session-o080506002-22_lfp-2,M,0,
125,False,True,0.5685498366088264,16,,3,1.416283851924835,2,1.1063760587574083,False,0.0050424835179483,,,monkeyM_session-o080506002-22_lfp-2,M,0,
111,False,True,0.7476502630538764,10,,3,1.4191455402199675,2,1.0674651265593469,False,0.0033290190665793,,,monkeyM_session-o080506002-22_lfp-2,M,0,
128,True,True,0.6482736018705679,6,,3,1.416419864087363,2,1.0377164763824058,False,0.0158857893315647,,,monkeyM_session-o080506002-22_lfp-2,M,0,
124,False,True,0.9146929644321392,15,,3,1.4225886646203607,2,1.0732283371835385,False,0.0049998295894848,,,monkeyM_session-o080506002-22_lfp-2,M,0,
123,False,True,0.974994555236648,7,,3,1.4192339657250397,2,1.129962209736164,False,0.0032840060310466,,,monkeyM_session-o080506002-22_lfp-2,M,0,
132,False,True,0.7244011572091144,34,,3,1.4206852791640232,2,1.0588617874844972,False,0.0031230359107103,,,monkeyM_session-o080506002-22_lfp-2,M,0,
121,False,True,0.826368073707005,8,,3,1.421044292139163,2,1.0567749702625282,False,0.0124214961670983,,,monkeyM_session-o080506002-22_lfp-2,M,0,
102,False,True,0.8523560002220024,15,,3,1.421767831072844,2,1.1997235035307992,True,0.0079999999990412,,,monkeyM_session-o080506002-22_lfp-2,M,0,
116,False,True,0.575643440922626,21,,3,1.4208972489966798,2,1.1373714668890504,False,0.0094697012371873,,,monkeyM_session-o080506002-22_lfp-2,M,0,
140,False,True,0.8340140767681563,18,,3,1.4217678310728283,2,1.129488005516463,True,0.0079999999999995,,,monkeyM_session-o080506002-22_lfp-2,M,0,
119,False,True,0.4431434517165728,8,,3,1.4222202528320067,2,1.0493319106343972,False,0.0029544093794635,,,monkeyM_session-o080506002-22_lfp-2,M,0,
133,False,True,0.6162774086608137,7,,3,1.4158955152655317,2,1.064179366733673,False,0.0031651883602936,,,monkeyM_session-o080506002-22_lfp-2,M,0,
146,False,True,0.7023386628953139,29,,3,1.4183904849926794,2,1.210051588767875,False,0.0025738715038841,,,monkeyM_session-o080506002-22_lfp-2,M,0,
163,False,True,0.848346197002619,39,,3,1.421341696185749,2,1.1862484955200443,False,0.0026809215021228,,,monkeyM_session-o080506002-22_lfp-2,M,0,
169,True,True,0.7267503776216534,13,,3,1.4217678310728377,2,1.1758975307725998,True,0.0079999999994311,,,monkeyM_session-o080506002-22_lfp-2,M,0,
154,False,True,0.934685644802918,30,,3,1.420583512827456,2,1.131473600339972,True,0.0039999998653454,,,monkeyM_session-o080506002-22_lfp-2,M,0,
168,False,True,0.8063665339866832,10,,3,1.4194695197726126,2,1.1359641007225616,False,0.0059654956599208,,,monkeyM_session-o080506002-22_lfp-2,M,0,
175,False,True,0.7510987621558138,17,,3,1.4226575538287234,2,1.0176548393320393,False,0.0039149572052892,,,monkeyM_session-o080506002-22_lfp-2,M,0,
159,False,True,0.7852736082594873,6,,3,1.417916878667192,2,1.0742725369363983,False,0.0145170340351679,,,monkeyM_session-o080506002-22_lfp-2,M,0,
143,False,True,0.65927477858086,50,,3,1.42354155486947,2,1.1052038393105956,False,0.0039635382928548,,,monkeyM_session-o080506002-22_lfp-2,M,0,
155,True,True,0.9331672882879322,4,,3,1.4214368844857976,2,1.0927108751290222,False,0.0091036857534891,,,monkeyM_session-o080506002-22_lfp-2,M,0,
156,True,True,0.6115068319992207,9,,3,1.4226263107231067,2,1.1201586956313372,False,0.0066524096536331,,,monkeyM_session-o080506002-22_lfp-2,M,0,
153,False,True,0.9239863535850124,13,,3,1.4168775049959486,2,1.0804851881973427,False,0.0039069470102661,,,monkeyM_session-o080506002-22_lfp-2,M,0,
151,False,True,0.788519015274012,10,,3,1.4185442130502026,2,1.091869847131994,False,0.0052861562251651,,,monkeyM_session-o080506002-22_lfp-2,M,0,
142,False,True,0.8276581353961129,5,,3,1.4225699561946556,2,1.0387069933778403,False,0.0034129943926348,,,monkeyM_session-o080506002-22_lfp-2,M,0,
172,False,True,0.9208000997716358,5,,3,1.4180845847431005,2,1.0883768123149553,False,0.0036917997930245,,,monkeyM_session-o080506002-22_lfp-2,M,0,
167,True,True,0.802849700905442,5,,3,1.4210866403134852,2,1.0100370323785504,False,0.0039133507896655,,,monkeyM_session-o080506002-22_lfp-2,M,0,
141,True,True,0.834500930404013,19,,3,1.421767831074119,2,1.181877100437723,True,0.0079999999233799,,,monkeyM_session-o080506002-22_lfp-2,M,0,
144,False,True,0.8496284832585692,20,,3,1.4176555311845451,2,1.1064648103819388,False,0.0023702765042576,,,monkeyM_session-o080506002-22_lfp-2,M,0,
173,False,True,0.7716733435156113,7,,3,1.419303363776456,2,1.0834222959187794,False,0.0039670591026754,,,monkeyM_session-o080506002-22_lfp-2,M,0,
164,False,True,0.835601350479164,9,,3,1.4224158822815602,2,1.039125522414569,False,0.0037209964540498,,,monkeyM_session-o080506002-22_lfp-2,M,0,
166,False,True,0.4910230527217123,6,,3,1.4202103667267898,2,1.0597968150835195,False,0.0034901537395035,,,monkeyM_session-o080506002-22_lfp-2,M,0,
174,False,True,0.816963404861919,5,,3,1.4188298227937148,2,1.1144769699205346,False,0.0034364784836888,,,monkeyM_session-o080506002-22_lfp-2,M,0,
148,False,True,0.7181699613190242,24,,3,1.4229487606418827,2,1.0320247682825696,False,0.013837907000469,,,monkeyM_session-o080506002-22_lfp-2,M,0,
150,False,True,0.8487615112821847,12,,3,1.421163245741561,2,1.1213216659930136,False,0.0032247749309419,,,monkeyM_session-o080506002-22_lfp-2,M,0,
157,False,True,0.8458204564046974,10,,3,1.4230217503831943,2,1.0579922115223923,False,0.0032535023652009,,,monkeyM_session-o080506002-22_lfp-2,M,0,
165,False,True,0.6309558552434933,14,,3,1.419464050289183,2,1.13466737915529,False,0.0059042477784521,,,monkeyM_session-o080506002-22_lfp-2,M,0,
160,False,True,0.804706635340049,6,,3,1.4222649444937387,2,1.153650455321594,False,0.0030070880672443,,,monkeyM_session-o080506002-22_lfp-2,M,0,
161,True,True,0.4783876168316768,5,,3,1.4221112800931353,2,1.0580291592369415,False,0.0081537330031031,,,monkeyM_session-o080506002-22_lfp-2,M,0,
171,False,True,0.5949856759423708,6,,3,1.423017269631133,2,1.023303333863087,False,0.0054259968804184,,,monkeyM_session-o080506002-22_lfp-2,M,0,
152,False,True,0.8760191146916304,7,,3,1.416387266967179,2,1.0953772157952193,False,0.01649351077481,,,monkeyM_session-o080506002-22_lfp-2,M,0,
170,False,True,0.550404948657422,7,,3,1.421913586954102,2,1.1128669947117238,False,0.0031286958720162,,,monkeyM_session-o080506002-22_lfp-2,M,0,
149,False,True,0.898458174722387,10,,3,1.4174913019591002,2,1.1313829406314215,False,0.0229168773169533,,,monkeyM_session-o080506002-22_lfp-2,M,0,
162,False,True,0.6736649908555631,10,,3,1.4157533935265698,2,1.1095799940378612,False,0.0056251878054198,,,monkeyM_session-o080506002-22_lfp-2,M,0,
145,False,True,0.840820544456717,10,,3,1.423386995907712,2,1.0751963490640628,False,0.0093696263638316,,,monkeyM_session-o080506002-22_lfp-2,M,0,
184,False,True,0.9432185511204608,17,,3,1.4171577837367624,2,1.3528933511743992,False,0.0038976290101624,,,monkeyM_session-o080506002-22_lfp-2,M,0,
189,False,True,0.534494221104414,9,,3,1.4229990828550685,2,1.0504079450212818,False,0.0042981548577447,,,monkeyM_session-o080506002-22_lfp-2,M,0,
203,False,True,0.9711090680211482,22,,3,1.4217678310729216,2,1.1554851862963629,True,0.0079999999944702,,,monkeyM_session-o080506002-22_lfp-2,M,0,
211,False,True,0.6586265056636998,16,,3,1.4202800438678305,2,1.1255760396371168,False,0.0039193867446618,,,monkeyM_session-o080506002-22_lfp-2,M,0,
186,False,True,0.7686671231735193,8,,3,1.4209139752563196,2,1.0352034383950917,False,0.0035428531050278,,,monkeyM_session-o080506002-22_lfp-2,M,0,
181,False,True,0.4614259509917801,14,,3,1.4186570080090006,2,1.1228590588944598,False,0.0075739162867267,,,monkeyM_session-o080506002-22_lfp-2,M,0,
198,False,True,0.8665124805736122,25,,3,1.422967351650561,2,1.120198501404508,False,0.0147496866730656,,,monkeyM_session-o080506002-22_lfp-2,M,0,
202,False,True,0.7181110264086386,52,,3,1.421529851383739,2,1.0246011068791006,False,0.0070040133012652,,,monkeyM_session-o080506002-22_lfp-2,M,0,
199,True,True,0.680258412368413,22,,3,1.420334218936893,2,1.092888735482945,False,0.0033810785796126,,,monkeyM_session-o080506002-22_lfp-2,M,0,
195,True,True,0.5154349069213185,8,,3,1.418446624449059,2,1.016803190773621,False,0.0042431708769354,,,monkeyM_session-o080506002-22_lfp-2,M,0,
188,False,True,0.7968312302748426,8,,3,1.4220102748038923,2,1.0204272949467352,False,0.0035393422964471,,,monkeyM_session-o080506002-22_lfp-2,M,0,
210,True,True,0.4026608769834139,10,,3,1.417529626142504,2,1.0292591918866147,False,0.0027253437787084,,,monkeyM_session-o080506002-22_lfp-2,M,0,
187,False,True,0.8260273079081564,47,,3,1.4217678310728372,2,1.200547041014509,True,0.0079999999995052,,,monkeyM_session-o080506002-22_lfp-2,M,0,
179,False,True,0.7092770497511497,28,,3,1.4160671375836769,2,1.1386828766920614,False,0.0026071110061671,,,monkeyM_session-o080506002-22_lfp-2,M,0,
196,False,True,0.6319505644755351,15,,3,1.4205835128509092,2,1.1789667148631144,True,0.0040000000000013,,,monkeyM_session-o080506002-22_lfp-2,M,0,
183,False,True,0.8883733260224598,18,,3,1.4144151044531734,2,1.1078299652225094,False,0.0039003212804109,,,monkeyM_session-o080506002-22_lfp-2,M,0,
200,True,True,0.9447254732429662,13,,3,1.4155015020551256,2,1.128673069579948,False,0.0053549270175752,,,monkeyM_session-o080506002-22_lfp-2,M,0,
208,False,True,0.9575447738765184,5,,3,1.4177848186564297,2,1.0541250681759275,False,0.0032434904382689,,,monkeyM_session-o080506002-22_lfp-2,M,0,
178,False,True,0.7429102694634678,14,,3,1.4206502320679315,2,1.052380944073253,False,0.0050987086543745,,,monkeyM_session-o080506002-22_lfp-2,M,0,
194,False,True,0.9035495925614244,40,,3,1.4217678310728283,2,1.1227405554542245,True,0.0079999999999995,,,monkeyM_session-o080506002-22_lfp-2,M,0,
182,False,True,0.7094058546359169,10,,3,1.4170103734939714,2,1.0180013131462968,False,0.0047720447317083,,,monkeyM_session-o080506002-22_lfp-2,M,0,
177,False,True,0.9452313470059538,6,,3,1.418966744874421,2,1.0441944530415546,False,0.0049534110605833,,,monkeyM_session-o080506002-22_lfp-2,M,0,
192,False,True,0.725197828598341,14,,3,1.4236050560265543,2,1.138573656991589,False,0.0069467613198583,,,monkeyM_session-o080506002-22_lfp-2,M,0,
185,False,True,0.6501147410381468,16,,3,1.41797946438918,2,1.14651289343129,False,0.0024883391800401,,,monkeyM_session-o080506002-22_lfp-2,M,0,
190,False,True,0.7100401024449983,13,,3,1.4217678310728283,2,1.1660911208956075,True,0.0079999999999933,,,monkeyM_session-o080506002-22_lfp-2,M,0,
197,False,True,0.96898482931821,6,,3,1.4219661864035351,2,1.0786190943410725,False,0.005940855128744,,,monkeyM_session-o080506002-22_lfp-2,M,0,
212,False,True,0.7613626806681408,13,,3,1.4201464805629298,2,1.0371885454523615,False,0.0033339462063337,,,monkeyM_session-o080506002-22_lfp-2,M,0,
193,False,True,0.9223900124008484,6,,3,1.417884276303798,2,1.0683479421492836,False,0.0032597879842253,,,monkeyM_session-o080506002-22_lfp-2,M,0,
191,True,True,0.8663029115174282,102,,3,1.4179184677112036,2,1.1478094597785202,False,0.017644066217719,,,monkeyM_session-o080506002-22_lfp-2,M,0,
209,False,True,0.9109283723300738,5,,3,1.4212620317016975,2,1.168020712338551,False,0.00457041628492,,,monkeyM_session-o080506002-22_lfp-2,M,0,
176,True,True,0.9009156806189748,8,,3,1.4235072333914085,2,1.09799326829747,False,0.0022290423219732,,,monkeyM_session-o080506002-22_lfp-2,M,0,
206,False,True,0.8462643470526305,10,,3,1.4212346744479438,2,1.0071368190676586,False,0.0038862538533721,,,monkeyM_session-o080506002-22_lfp-2,M,0,
201,True,True,0.9795823897737708,10,,3,1.4175495111948269,2,1.0463587486484909,False,0.0246587007120964,,,monkeyM_session-o080506002-22_lfp-2,M,0,
8,False,True,0.9896971943388344,9,,3,1.4156651505916118,2,1.460983993004083,False,0.0276554762791145,,,monkeyM_session-o080506002-22_lfp-2,M,1,
28,True,True,0.7835111290091789,19,,3,1.4219096345891131,2,1.164601572058762,False,0.0031113330006959,,,monkeyM_session-o080506002-22_lfp-2,M,1,
3,False,True,0.8636792312913995,13,,3,1.4158189290186725,2,1.0717176759381768,False,0.0035909153665452,,,monkeyM_session-o080506002-22_lfp-2,M,1,
5,False,True,0.9047258197859024,6,,3,1.421376201008553,2,1.0403739705206805,False,0.0074970710300825,,,monkeyM_session-o080506002-22_lfp-2,M,1,
18,False,True,0.894822700518814,24,,3,1.4143312075306833,2,1.130569532924568,False,0.0031920127892544,,,monkeyM_session-o080506002-22_lfp-2,M,1,
22,False,True,0.6697434582004891,30,,3,1.4158753549277605,2,1.0984905182542843,False,0.0040642328743398,,,monkeyM_session-o080506002-22_lfp-2,M,1,
10,False,True,0.5084748128972277,7,,3,1.421905850126158,2,1.0439675424540171,False,0.0033934430338771,,,monkeyM_session-o080506002-22_lfp-2,M,1,
27,False,True,0.7886075894998417,31,,3,1.4237039894843355,2,1.1475430891786025,False,0.003792578274874,,,monkeyM_session-o080506002-22_lfp-2,M,1,
31,False,True,0.8601853093048036,18,,3,1.4205857056295124,2,1.124291077161368,False,0.0054611898400738,,,monkeyM_session-o080506002-22_lfp-2,M,1,
16,False,True,0.7094198272796571,5,,3,1.4224085455273512,2,1.0361039143102797,False,0.0033306996528423,,,monkeyM_session-o080506002-22_lfp-2,M,1,
9,False,True,0.8137136400196283,6,,3,1.4196211869310662,2,1.0063068307546936,False,0.005429237249068,,,monkeyM_session-o080506002-22_lfp-2,M,1,
23,False,True,0.7873798336271656,9,,3,1.4202504038363493,2,1.0055324158162895,False,0.0041444795065181,,,monkeyM_session-o080506002-22_lfp-2,M,1,
7,False,True,0.9726816965328108,6,,3,1.4150236048152485,2,1.1410200247146498,False,0.0027032992313964,,,monkeyM_session-o080506002-22_lfp-2,M,1,
25,True,True,0.3660582772071249,8,,3,1.4225316671985406,2,1.0389820472935718,False,0.010767928355615,,,monkeyM_session-o080506002-22_lfp-2,M,1,
13,True,True,0.782504818628838,31,,3,1.421915574117371,2,1.118660982532008,False,0.0038702708761233,,,monkeyM_session-o080506002-22_lfp-2,M,1,
12,False,True,0.9361831134890573,19,,3,1.421767831077966,2,1.2727320843034131,True,0.0079999996949622,,,monkeyM_session-o080506002-22_lfp-2,M,1,
1,False,True,0.9059200791188622,14,,3,1.4196291378972576,2,1.0593094622795869,False,0.0038273085426077,,,monkeyM_session-o080506002-22_lfp-2,M,1,
24,True,True,0.497833486062995,5,,3,1.4225636154473429,2,1.0148092239337172,False,0.0141756488324857,,,monkeyM_session-o080506002-22_lfp-2,M,1,
21,False,True,0.8991548564773432,19,,3,1.4205835128509092,2,1.203704429698217,True,0.0040000000000013,,,monkeyM_session-o080506002-22_lfp-2,M,1,
17,False,True,0.9064721459451858,5,,3,1.4224312670731951,2,1.082951498965391,False,0.0059326905569752,,,monkeyM_session-o080506002-22_lfp-2,M,1,
33,False,True,0.9676054273207928,32,,3,1.4205148942852988,2,1.1596259653286645,False,0.0028681603804034,,,monkeyM_session-o080506002-22_lfp-2,M,1,
19,False,True,0.7495331824849283,6,,3,1.4173752848728454,2,1.0413888126613702,False,0.0251728677493306,,,monkeyM_session-o080506002-22_lfp-2,M,1,
30,True,True,0.555645880051508,19,,3,1.4164953259133348,2,1.0589154424052254,False,0.0069905102426304,,,monkeyM_session-o080506002-22_lfp-2,M,1,
4,False,True,0.6646984675755472,14,,3,1.415051660918852,2,1.1063059041096577,False,0.0030098267314144,,,monkeyM_session-o080506002-22_lfp-2,M,1,
0,False,True,0.9140086167517686,9,,3,1.4178517844849927,2,1.1367138346800507,False,0.0189203060269893,,,monkeyM_session-o080506002-22_lfp-2,M,1,
32,False,True,0.9181801074997532,14,,3,1.4217678310728492,2,1.2381750548475563,True,0.0079999999987758,,,monkeyM_session-o080506002-22_lfp-2,M,1,
29,False,True,0.8695996154906337,7,,3,1.4212059348325168,2,1.037683163834148,False,0.0024037726215695,,,monkeyM_session-o080506002-22_lfp-2,M,1,
26,True,True,0.7873128289404465,16,,3,1.4225293523920215,2,1.0465185165169906,False,0.0096180705467441,,,monkeyM_session-o080506002-22_lfp-2,M,1,
15,False,True,0.8066325559953672,9,,3,1.4229327133081169,2,1.040618109877588,False,0.0121616451671733,,,monkeyM_session-o080506002-22_lfp-2,M,1,
2,False,True,0.9449547739315428,4,,3,1.42258304370446,2,1.0863606634371596,False,0.0027301149804621,,,monkeyM_session-o080506002-22_lfp-2,M,1,
14,True,True,0.970670950070642,12,,3,1.4210104703101665,2,1.194501700152952,False,0.0043356667410252,,,monkeyM_session-o080506002-22_lfp-2,M,1,
20,False,True,0.8816566760128978,5,,3,1.4189999428849,2,1.0781035209840188,False,0.0050212617011418,,,monkeyM_session-o080506002-22_lfp-2,M,1,
11,False,True,0.8268989819081649,7,,3,1.4230223750330822,2,1.0749572550271722,False,0.0031786020010109,,,monkeyM_session-o080506002-22_lfp-2,M,1,
66,False,True,0.7771056115548365,13,,3,1.420583512819108,2,1.1650396405995405,True,0.0039999998174158,,,monkeyM_session-o080506002-22_lfp-2,M,1,
64,False,True,0.8532334827444453,15,,3,1.41770278064813,2,1.1381407014899048,False,0.0037810077542443,,,monkeyM_session-o080506002-22_lfp-2,M,1,
45,False,True,0.9085990559609424,7,,3,1.4229981975819153,2,1.036036295892497,False,0.0101141047260764,,,monkeyM_session-o080506002-22_lfp-2,M,1,
68,False,True,0.6188267472513864,15,,3,1.4170846517235245,2,1.07063311418585,False,0.0022192930325166,,,monkeyM_session-o080506002-22_lfp-2,M,1,
57,False,True,0.777669183308252,17,,3,1.4231531163136804,2,1.1768486156205296,False,0.0210425821990276,,,monkeyM_session-o080506002-22_lfp-2,M,1,
43,False,True,0.7905078070312718,14,,3,1.4229629392713865,2,1.0082295367641545,False,0.0152952405026147,,,monkeyM_session-o080506002-22_lfp-2,M,1,
42,False,True,0.4210948667251837,7,,3,1.4168310649520386,2,1.0352283592940617,False,0.0062495254242873,,,monkeyM_session-o080506002-22_lfp-2,M,1,
53,False,True,0.2911765126169705,7,,3,1.4187669367867966,2,1.078696215246933,False,0.0026575594571012,,,monkeyM_session-o080506002-22_lfp-2,M,1,
63,False,True,0.4587532350563517,12,,3,1.4229390338066144,2,1.03817439562237,False,0.0052493242845077,,,monkeyM_session-o080506002-22_lfp-2,M,1,
67,False,True,0.6647117207195803,34,,3,1.423017771194928,2,1.041273137714967,False,0.0035908706987273,,,monkeyM_session-o080506002-22_lfp-2,M,1,
65,False,True,0.560964156002475,9,,3,1.421346576714813,2,1.1000006084651432,False,0.0101959575785897,,,monkeyM_session-o080506002-22_lfp-2,M,1,
47,False,True,0.97088914857327,9,,3,1.4159721558552094,2,1.0845854449912211,False,0.0241914751495238,,,monkeyM_session-o080506002-22_lfp-2,M,1,
37,False,True,0.5887506176899708,11,,3,1.4230189940778504,2,1.0378378257671392,False,0.0035027888057443,,,monkeyM_session-o080506002-22_lfp-2,M,1,
34,False,True,0.8688276208270448,16,,3,1.4205835128503397,2,1.1888266259607825,True,0.0039999999967319,,,monkeyM_session-o080506002-22_lfp-2,M,1,
39,False,True,0.9577125346269316,13,,3,1.4224202322575985,2,1.2896083498662307,False,0.0048402546489416,,,monkeyM_session-o080506002-22_lfp-2,M,1,
59,False,True,0.8340628120809807,10,,3,1.4236737837613775,2,1.1380555382785194,False,0.0034506277179735,,,monkeyM_session-o080506002-22_lfp-2,M,1,
51,True,True,0.6006948689752494,17,,3,1.417513208631353,2,1.1213300570386109,False,0.0043068789614011,,,monkeyM_session-o080506002-22_lfp-2,M,1,
41,False,True,0.8519247199292637,6,,3,1.4227554200255708,2,1.0448653541682291,False,0.0029552010941618,,,monkeyM_session-o080506002-22_lfp-2,M,1,
36,True,True,0.8945761864452086,8,,3,1.422536916641577,2,1.10411394447027,False,0.003000218742799,,,monkeyM_session-o080506002-22_lfp-2,M,1,
38,True,True,0.6794984549074051,15,,3,1.417645641658572,2,1.0219323772285778,False,0.0030375496786767,,,monkeyM_session-o080506002-22_lfp-2,M,1,
52,False,True,0.9622916707038244,8,,3,1.4210918460255957,2,1.1177167133497417,False,0.0038804770829941,,,monkeyM_session-o080506002-22_lfp-2,M,1,
55,False,True,0.6508843860236035,11,,3,1.418418093520656,2,1.0211490284077622,False,0.0040862563661603,,,monkeyM_session-o080506002-22_lfp-2,M,1,
54,False,True,0.7886592186975825,6,,3,1.4219100336783868,2,1.079111386295724,False,0.0032174002184106,,,monkeyM_session-o080506002-22_lfp-2,M,1,
35,False,True,0.4319468789582064,10,,3,1.4220212356943889,2,1.1072739485763476,False,0.0036080232851505,,,monkeyM_session-o080506002-22_lfp-2,M,1,
46,True,True,0.6931273695237042,12,,3,1.4179017883111733,2,1.030646125060431,False,0.0034176163864216,,,monkeyM_session-o080506002-22_lfp-2,M,1,
40,False,True,0.9224787907678752,9,,3,1.4163056432379342,2,1.040771297065936,False,0.0148928541608324,,,monkeyM_session-o080506002-22_lfp-2,M,1,
62,False,True,0.5913292873271402,9,,3,1.4227623533585598,2,1.1060052079712686,False,0.003392499343283,,,monkeyM_session-o080506002-22_lfp-2,M,1,
60,True,True,0.5891403991121814,12,,3,1.415510738264525,2,1.0889492113715242,False,0.0023704126583972,,,monkeyM_session-o080506002-22_lfp-2,M,1,
44,False,True,0.6523319417007897,22,,3,1.4169133938378289,2,1.058261163927744,False,0.0247698845421358,,,monkeyM_session-o080506002-22_lfp-2,M,1,
49,False,True,0.8477571896489502,10,,3,1.4223443165552685,2,1.0579578656434494,False,0.0052925629746773,,,monkeyM_session-o080506002-22_lfp-2,M,1,
61,True,True,0.8337132043053255,11,,3,1.4200988251666091,2,1.003005994979602,False,0.004080082754811,,,monkeyM_session-o080506002-22_lfp-2,M,1,
56,False,True,0.6258216979110514,11,,3,1.4217013713715636,2,1.038541344081252,False,0.0091519549628178,,,monkeyM_session-o080506002-22_lfp-2,M,1,
48,False,True,0.5119078457809063,9,,3,1.4149522476605283,2,1.0888988783642322,False,0.003148481020661,,,monkeyM_session-o080506002-22_lfp-2,M,1,
97,False,True,0.7010304077226377,7,,3,1.4221325227925756,2,1.0290558103415282,False,0.0037983023414636,,,monkeyM_session-o080506002-22_lfp-2,M,1,
71,False,True,0.8220904117099257,11,,3,1.4203529268652824,2,1.0640577766427086,False,0.0036202272053289,,,monkeyM_session-o080506002-22_lfp-2,M,1,
69,False,True,0.788051399050226,10,,3,1.4203348307592296,2,1.1533649409955078,False,0.0051011304902717,,,monkeyM_session-o080506002-22_lfp-2,M,1,
90,False,True,0.5900057580996513,15,,3,1.4175505989183066,2,1.1129200351327524,False,0.0026905359211912,,,monkeyM_session-o080506002-22_lfp-2,M,1,
83,False,True,0.5649643551092703,16,,3,1.4184968523562105,2,1.0718220393212443,False,0.0063878664247911,,,monkeyM_session-o080506002-22_lfp-2,M,1,
99,False,True,0.5491993800625137,8,,3,1.4171640607205749,2,1.1169820468387983,False,0.0306229561376962,,,monkeyM_session-o080506002-22_lfp-2,M,1,
91,False,True,0.7897760022436114,15,,3,1.4211860546851225,2,1.0271563804235246,False,0.0026854959052737,,,monkeyM_session-o080506002-22_lfp-2,M,1,
76,True,True,0.6722830082561334,12,,3,1.4230230735351543,2,1.06011326296908,False,0.0030767496208969,,,monkeyM_session-o080506002-22_lfp-2,M,1,
98,False,True,0.9591394459183744,29,,3,1.421767831073966,2,1.2527672903364218,True,0.0079999999324531,,,monkeyM_session-o080506002-22_lfp-2,M,1,
75,True,True,0.8737614842298379,15,,3,1.4217678310811914,2,1.1405315514779517,True,0.0079999995035144,,,monkeyM_session-o080506002-22_lfp-2,M,1,
95,True,True,0.697367782796768,14,,3,1.422880324303336,2,1.0174331985464056,False,0.0075249786792119,,,monkeyM_session-o080506002-22_lfp-2,M,1,
101,False,True,0.8398923163278503,8,,3,1.4161549537528506,2,1.1033884540316508,False,0.020810353689681,,,monkeyM_session-o080506002-22_lfp-2,M,1,
84,False,True,0.8283298799462081,14,,3,1.421707995291875,2,1.095000911534329,False,0.0045401038493251,,,monkeyM_session-o080506002-22_lfp-2,M,1,
94,True,True,0.9097760850361932,9,,3,1.4158465098613302,2,1.104274741609309,False,0.0034376110203107,,,monkeyM_session-o080506002-22_lfp-2,M,1,
92,False,True,0.6591056387640684,5,,3,1.4209094519893777,2,1.0726911508182209,False,0.003159478750355,,,monkeyM_session-o080506002-22_lfp-2,M,1,
81,False,True,0.7616978226506328,7,,3,1.4225886852677518,2,1.1180519741523145,False,0.004071536694254,,,monkeyM_session-o080506002-22_lfp-2,M,1,
80,False,True,0.7133540714206799,7,,3,1.4197956991082563,2,1.0810171057339453,False,0.0025904784480781,,,monkeyM_session-o080506002-22_lfp-2,M,1,
73,False,True,0.986485304977312,11,,3,1.42092261473464,2,1.3234477628068966,False,0.0040607276261477,,,monkeyM_session-o080506002-22_lfp-2,M,1,
100,False,True,0.8580282982022591,7,,3,1.4153016488196415,2,1.0874701034380452,False,0.0026598777536515,,,monkeyM_session-o080506002-22_lfp-2,M,1,
77,False,True,0.7135394547927224,69,,3,1.4187332846602163,2,1.0590970569110172,False,0.0022696346231878,,,monkeyM_session-o080506002-22_lfp-2,M,1,
74,True,True,0.7560918651363326,7,,3,1.422444176561098,2,1.0841756957975652,False,0.0023302532505535,,,monkeyM_session-o080506002-22_lfp-2,M,1,
79,False,True,0.8207686112503967,14,,3,1.4183799907886607,2,1.1303788363211145,False,0.0086917738053224,,,monkeyM_session-o080506002-22_lfp-2,M,1,
87,False,True,0.6647206716460431,5,,3,1.4224669521393196,2,1.0064691392497476,False,0.0040389093067978,,,monkeyM_session-o080506002-22_lfp-2,M,1,
93,True,True,0.9467705883159448,9,,3,1.4201855301746782,2,1.11559155804422,False,0.0034172882487544,,,monkeyM_session-o080506002-22_lfp-2,M,1,
96,False,True,0.8212261473602045,11,,3,1.4173472565385297,2,1.1595025906311516,False,0.0029828500190181,,,monkeyM_session-o080506002-22_lfp-2,M,1,
88,False,True,0.795425424640713,20,,3,1.420583512850721,2,1.1500402903403746,True,0.0039999999989204,,,monkeyM_session-o080506002-22_lfp-2,M,1,
72,False,True,0.8895291812867907,17,,3,1.421826059469077,2,1.1850866396704505,False,0.0054804336570368,,,monkeyM_session-o080506002-22_lfp-2,M,1,
82,False,True,0.7850192453371764,23,,3,1.421767831072879,2,1.1957591769658875,True,0.0079999999970281,,,monkeyM_session-o080506002-22_lfp-2,M,1,
85,False,True,0.7866793135977248,13,,3,1.4169929826941017,2,1.0856648095586332,False,0.0262906590189567,,,monkeyM_session-o080506002-22_lfp-2,M,1,
89,False,True,0.9612940783881512,6,,3,1.4198305769426531,2,1.048348223520458,False,0.0034461236046436,,,monkeyM_session-o080506002-22_lfp-2,M,1,
86,True,True,0.4693822919631963,8,,3,1.419843534764454,2,1.0384353145353156,False,0.0040630478955998,,,monkeyM_session-o080506002-22_lfp-2,M,1,
78,False,True,0.7474803140815323,18,,3,1.4217678311098942,2,1.0733927240146997,True,0.0079999977995099,,,monkeyM_session-o080506002-22_lfp-2,M,1,
70,False,True,0.7918597511517886,15,,3,1.4146969256713988,2,1.0820797193322762,False,0.0035051889616219,,,monkeyM_session-o080506002-22_lfp-2,M,1,
113,True,True,0.7523101151311009,12,,3,1.4219843787292894,2,1.120029557963716,False,0.0029873690098805,,,monkeyM_session-o080506002-22_lfp-2,M,1,
127,False,True,0.7731526205913127,9,,3,1.4228187324712678,2,1.0960163857784977,False,0.0037599719714602,,,monkeyM_session-o080506002-22_lfp-2,M,1,
129,False,True,0.5157750242470522,16,,3,1.4171127785091284,2,1.1156447886979437,False,0.0296737129378095,,,monkeyM_session-o080506002-22_lfp-2,M,1,
130,True,True,0.6932762001484296,10,,3,1.4229842746066923,2,1.0178463451728026,False,0.0124300575384737,,,monkeyM_session-o080506002-22_lfp-2,M,1,
135,True,True,0.7921029698430494,21,,3,1.416325401106988,2,1.1687602334130145,False,0.0027234229335384,,,monkeyM_session-o080506002-22_lfp-2,M,1,
117,False,True,0.8431735206878137,39,,3,1.4185862412541923,2,1.0842264747347004,False,0.0088709070765902,,,monkeyM_session-o080506002-22_lfp-2,M,1,
138,False,True,0.8510519818421762,27,,3,1.421433748449089,2,1.1742143679643944,False,0.0022741815193842,,,monkeyM_session-o080506002-22_lfp-2,M,1,
134,False,True,0.9034274781570552,15,,3,1.4178740516939083,2,1.17578086172503,False,0.0184945778595422,,,monkeyM_session-o080506002-22_lfp-2,M,1,
136,False,True,0.4652353955123575,9,,3,1.4198820467988682,2,1.0374162308339938,False,0.0024188180447701,,,monkeyM_session-o080506002-22_lfp-2,M,1,
104,False,True,0.7771790097277861,12,,3,1.4200950565812134,2,1.0898934557463251,False,0.0043930265591596,,,monkeyM_session-o080506002-22_lfp-2,M,1,
107,False,True,0.919307777486814,62,,3,1.419715761353622,2,1.1717524936669084,False,0.0049638710355948,,,monkeyM_session-o080506002-22_lfp-2,M,1,
126,False,True,0.6642360361787074,23,,3,1.4144212236801743,2,1.073348827976479,False,0.0038917223596683,,,monkeyM_session-o080506002-22_lfp-2,M,1,
122,True,True,0.8188161799048866,11,,3,1.4217412410817083,2,1.065742345588533,False,0.0034328488582833,,,monkeyM_session-o080506002-22_lfp-2,M,1,
110,True,True,0.6361907369301764,12,,3,1.4225451026584144,2,1.1909172091321798,False,0.0134038817954489,,,monkeyM_session-o080506002-22_lfp-2,M,1,
109,False,True,0.8893466968846969,22,,3,1.4221031221418512,2,1.097095199742248,False,0.0043350191697895,,,monkeyM_session-o080506002-22_lfp-2,M,1,
106,False,True,0.793753759603737,25,,3,1.4218765263835786,2,1.080991296267705,False,0.004556801744278,,,monkeyM_session-o080506002-22_lfp-2,M,1,
115,False,True,0.7142060045924913,11,,3,1.4145436603836623,2,1.082013439226709,False,0.0037198613416355,,,monkeyM_session-o080506002-22_lfp-2,M,1,
137,True,True,0.8502014941728772,8,,3,1.4195975388548074,2,1.0431672752616428,False,0.0058089718900322,,,monkeyM_session-o080506002-22_lfp-2,M,1,
118,False,True,0.3803873482633889,9,,3,1.422483913381755,2,1.0478097464981773,False,0.003377370756024,,,monkeyM_session-o080506002-22_lfp-2,M,1,
139,False,True,0.9148802399407664,9,,3,1.4197320940899725,2,1.0510501185389631,False,0.0038742901386665,,,monkeyM_session-o080506002-22_lfp-2,M,1,
108,False,True,0.8081759946868591,8,,3,1.423587544148302,2,1.1189702350637838,False,0.0060694833987278,,,monkeyM_session-o080506002-22_lfp-2,M,1,
125,False,True,0.5685498366088264,16,,3,1.416283851924835,2,1.1063760587574083,False,0.0050424835179483,,,monkeyM_session-o080506002-22_lfp-2,M,1,
111,False,True,0.7476502630538764,10,,3,1.4191455402199675,2,1.0674651265593469,False,0.0033290190665793,,,monkeyM_session-o080506002-22_lfp-2,M,1,
128,False,True,0.6482736018705679,6,,3,1.416419864087363,2,1.0377164763824058,False,0.0158857893315647,,,monkeyM_session-o080506002-22_lfp-2,M,1,
124,False,True,0.9146929644321392,15,,3,1.4225886646203607,2,1.0732283371835385,False,0.0049998295894848,,,monkeyM_session-o080506002-22_lfp-2,M,1,
123,False,True,0.974994555236648,7,,3,1.4192339657250397,2,1.129962209736164,False,0.0032840060310466,,,monkeyM_session-o080506002-22_lfp-2,M,1,
132,False,True,0.7244011572091144,34,,3,1.4206852791640232,2,1.0588617874844972,False,0.0031230359107103,,,monkeyM_session-o080506002-22_lfp-2,M,1,
121,True,True,0.826368073707005,8,,3,1.421044292139163,2,1.0567749702625282,False,0.0124214961670983,,,monkeyM_session-o080506002-22_lfp-2,M,1,
102,False,True,0.8523560002220024,15,,3,1.421767831072844,2,1.1997235035307992,True,0.0079999999990412,,,monkeyM_session-o080506002-22_lfp-2,M,1,
116,False,True,0.575643440922626,21,,3,1.4208972489966798,2,1.1373714668890504,False,0.0094697012371873,,,monkeyM_session-o080506002-22_lfp-2,M,1,
140,False,True,0.8340140767681563,18,,3,1.4217678310728283,2,1.129488005516463,True,0.0079999999999995,,,monkeyM_session-o080506002-22_lfp-2,M,1,
119,False,True,0.4431434517165728,8,,3,1.4222202528320067,2,1.0493319106343972,False,0.0029544093794635,,,monkeyM_session-o080506002-22_lfp-2,M,1,
133,False,True,0.6162774086608137,7,,3,1.4158955152655317,2,1.064179366733673,False,0.0031651883602936,,,monkeyM_session-o080506002-22_lfp-2,M,1,
146,False,True,0.7023386628953139,29,,3,1.4183904849926794,2,1.210051588767875,False,0.0025738715038841,,,monkeyM_session-o080506002-22_lfp-2,M,1,
163,False,True,0.848346197002619,39,,3,1.421341696185749,2,1.1862484955200443,False,0.0026809215021228,,,monkeyM_session-o080506002-22_lfp-2,M,1,
169,False,True,0.7267503776216534,13,,3,1.4217678310728377,2,1.1758975307725998,True,0.0079999999994311,,,monkeyM_session-o080506002-22_lfp-2,M,1,
154,False,True,0.934685644802918,30,,3,1.420583512827456,2,1.131473600339972,True,0.0039999998653454,,,monkeyM_session-o080506002-22_lfp-2,M,1,
168,True,True,0.8063665339866832,10,,3,1.4194695197726126,2,1.1359641007225616,False,0.0059654956599208,,,monkeyM_session-o080506002-22_lfp-2,M,1,
175,False,True,0.7510987621558138,17,,3,1.4226575538287234,2,1.0176548393320393,False,0.0039149572052892,,,monkeyM_session-o080506002-22_lfp-2,M,1,
159,False,True,0.7852736082594873,6,,3,1.417916878667192,2,1.0742725369363983,False,0.0145170340351679,,,monkeyM_session-o080506002-22_lfp-2,M,1,
143,False,True,0.65927477858086,50,,3,1.42354155486947,2,1.1052038393105956,False,0.0039635382928548,,,monkeyM_session-o080506002-22_lfp-2,M,1,
155,False,True,0.9331672882879322,4,,3,1.4214368844857976,2,1.0927108751290222,False,0.0091036857534891,,,monkeyM_session-o080506002-22_lfp-2,M,1,
156,False,True,0.6115068319992207,9,,3,1.4226263107231067,2,1.1201586956313372,False,0.0066524096536331,,,monkeyM_session-o080506002-22_lfp-2,M,1,
153,False,True,0.9239863535850124,13,,3,1.4168775049959486,2,1.0804851881973427,False,0.0039069470102661,,,monkeyM_session-o080506002-22_lfp-2,M,1,
151,False,True,0.788519015274012,10,,3,1.4185442130502026,2,1.091869847131994,False,0.0052861562251651,,,monkeyM_session-o080506002-22_lfp-2,M,1,
142,False,True,0.8276581353961129,5,,3,1.4225699561946556,2,1.0387069933778403,False,0.0034129943926348,,,monkeyM_session-o080506002-22_lfp-2,M,1,
172,True,True,0.9208000997716358,5,,3,1.4180845847431005,2,1.0883768123149553,False,0.0036917997930245,,,monkeyM_session-o080506002-22_lfp-2,M,1,
167,False,True,0.802849700905442,5,,3,1.4210866403134852,2,1.0100370323785504,False,0.0039133507896655,,,monkeyM_session-o080506002-22_lfp-2,M,1,
141,False,True,0.834500930404013,19,,3,1.421767831074119,2,1.181877100437723,True,0.0079999999233799,,,monkeyM_session-o080506002-22_lfp-2,M,1,
144,True,True,0.8496284832585692,20,,3,1.4176555311845451,2,1.1064648103819388,False,0.0023702765042576,,,monkeyM_session-o080506002-22_lfp-2,M,1,
173,False,True,0.7716733435156113,7,,3,1.419303363776456,2,1.0834222959187794,False,0.0039670591026754,,,monkeyM_session-o080506002-22_lfp-2,M,1,
164,False,True,0.835601350479164,9,,3,1.4224158822815602,2,1.039125522414569,False,0.0037209964540498,,,monkeyM_session-o080506002-22_lfp-2,M,1,
166,True,True,0.4910230527217123,6,,3,1.4202103667267898,2,1.0597968150835195,False,0.0034901537395035,,,monkeyM_session-o080506002-22_lfp-2,M,1,
174,False,True,0.816963404861919,5,,3,1.4188298227937148,2,1.1144769699205346,False,0.0034364784836888,,,monkeyM_session-o080506002-22_lfp-2,M,1,
148,False,True,0.7181699613190242,24,,3,1.4229487606418827,2,1.0320247682825696,False,0.013837907000469,,,monkeyM_session-o080506002-22_lfp-2,M,1,
150,False,True,0.8487615112821847,12,,3,1.421163245741561,2,1.1213216659930136,False,0.0032247749309419,,,monkeyM_session-o080506002-22_lfp-2,M,1,
157,False,True,0.8458204564046974,10,,3,1.4230217503831943,2,1.0579922115223923,False,0.0032535023652009,,,monkeyM_session-o080506002-22_lfp-2,M,1,
165,False,True,0.6309558552434933,14,,3,1.419464050289183,2,1.13466737915529,False,0.0059042477784521,,,monkeyM_session-o080506002-22_lfp-2,M,1,
160,False,True,0.804706635340049,6,,3,1.4222649444937387,2,1.153650455321594,False,0.0030070880672443,,,monkeyM_session-o080506002-22_lfp-2,M,1,
161,False,True,0.4783876168316768,5,,3,1.4221112800931353,2,1.0580291592369415,False,0.0081537330031031,,,monkeyM_session-o080506002-22_lfp-2,M,1,
171,False,True,0.5949856759423708,6,,3,1.423017269631133,2,1.023303333863087,False,0.0054259968804184,,,monkeyM_session-o080506002-22_lfp-2,M,1,
152,False,True,0.8760191146916304,7,,3,1.416387266967179,2,1.0953772157952193,False,0.01649351077481,,,monkeyM_session-o080506002-22_lfp-2,M,1,
170,True,True,0.550404948657422,7,,3,1.421913586954102,2,1.1128669947117238,False,0.0031286958720162,,,monkeyM_session-o080506002-22_lfp-2,M,1,
149,True,True,0.898458174722387,10,,3,1.4174913019591002,2,1.1313829406314215,False,0.0229168773169533,,,monkeyM_session-o080506002-22_lfp-2,M,1,
162,False,True,0.6736649908555631,10,,3,1.4157533935265698,2,1.1095799940378612,False,0.0056251878054198,,,monkeyM_session-o080506002-22_lfp-2,M,1,
145,False,True,0.840820544456717,10,,3,1.423386995907712,2,1.0751963490640628,False,0.0093696263638316,,,monkeyM_session-o080506002-22_lfp-2,M,1,
184,False,True,0.9432185511204608,17,,3,1.4171577837367624,2,1.3528933511743992,False,0.0038976290101624,,,monkeyM_session-o080506002-22_lfp-2,M,1,
189,False,True,0.534494221104414,9,,3,1.4229990828550685,2,1.0504079450212818,False,0.0042981548577447,,,monkeyM_session-o080506002-22_lfp-2,M,1,
203,True,True,0.9711090680211482,22,,3,1.4217678310729216,2,1.1554851862963629,True,0.0079999999944702,,,monkeyM_session-o080506002-22_lfp-2,M,1,
211,False,True,0.6586265056636998,16,,3,1.4202800438678305,2,1.1255760396371168,False,0.0039193867446618,,,monkeyM_session-o080506002-22_lfp-2,M,1,
186,True,True,0.7686671231735193,8,,3,1.4209139752563196,2,1.0352034383950917,False,0.0035428531050278,,,monkeyM_session-o080506002-22_lfp-2,M,1,
181,False,True,0.4614259509917801,14,,3,1.4186570080090006,2,1.1228590588944598,False,0.0075739162867267,,,monkeyM_session-o080506002-22_lfp-2,M,1,
198,False,True,0.8665124805736122,25,,3,1.422967351650561,2,1.120198501404508,False,0.0147496866730656,,,monkeyM_session-o080506002-22_lfp-2,M,1,
202,True,True,0.7181110264086386,52,,3,1.421529851383739,2,1.0246011068791006,False,0.0070040133012652,,,monkeyM_session-o080506002-22_lfp-2,M,1,
199,False,True,0.680258412368413,22,,3,1.420334218936893,2,1.092888735482945,False,0.0033810785796126,,,monkeyM_session-o080506002-22_lfp-2,M,1,
195,False,True,0.5154349069213185,8,,3,1.418446624449059,2,1.016803190773621,False,0.0042431708769354,,,monkeyM_session-o080506002-22_lfp-2,M,1,
188,False,True,0.7968312302748426,8,,3,1.4220102748038923,2,1.0204272949467352,False,0.0035393422964471,,,monkeyM_session-o080506002-22_lfp-2,M,1,
210,False,True,0.4026608769834139,10,,3,1.417529626142504,2,1.0292591918866147,False,0.0027253437787084,,,monkeyM_session-o080506002-22_lfp-2,M,1,
187,False,True,0.8260273079081564,47,,3,1.4217678310728372,2,1.200547041014509,True,0.0079999999995052,,,monkeyM_session-o080506002-22_lfp-2,M,1,
179,False,True,0.7092770497511497,28,,3,1.4160671375836769,2,1.1386828766920614,False,0.0026071110061671,,,monkeyM_session-o080506002-22_lfp-2,M,1,
196,True,True,0.6319505644755351,15,,3,1.4205835128509092,2,1.1789667148631144,True,0.0040000000000013,,,monkeyM_session-o080506002-22_lfp-2,M,1,
183,False,True,0.8883733260224598,18,,3,1.4144151044531734,2,1.1078299652225094,False,0.0039003212804109,,,monkeyM_session-o080506002-22_lfp-2,M,1,
200,False,True,0.9447254732429662,13,,3,1.4155015020551256,2,1.128673069579948,False,0.0053549270175752,,,monkeyM_session-o080506002-22_lfp-2,M,1,
208,False,True,0.9575447738765184,5,,3,1.4177848186564297,2,1.0541250681759275,False,0.0032434904382689,,,monkeyM_session-o080506002-22_lfp-2,M,1,
178,False,True,0.7429102694634678,14,,3,1.4206502320679315,2,1.052380944073253,False,0.0050987086543745,,,monkeyM_session-o080506002-22_lfp-2,M,1,
194,False,True,0.9035495925614244,40,,3,1.4217678310728283,2,1.1227405554542245,True,0.0079999999999995,,,monkeyM_session-o080506002-22_lfp-2,M,1,
182,False,True,0.7094058546359169,10,,3,1.4170103734939714,2,1.0180013131462968,False,0.0047720447317083,,,monkeyM_session-o080506002-22_lfp-2,M,1,
177,False,True,0.9452313470059538,6,,3,1.418966744874421,2,1.0441944530415546,False,0.0049534110605833,,,monkeyM_session-o080506002-22_lfp-2,M,1,
192,False,True,0.725197828598341,14,,3,1.4236050560265543,2,1.138573656991589,False,0.0069467613198583,,,monkeyM_session-o080506002-22_lfp-2,M,1,
185,True,True,0.6501147410381468,16,,3,1.41797946438918,2,1.14651289343129,False,0.0024883391800401,,,monkeyM_session-o080506002-22_lfp-2,M,1,
190,False,True,0.7100401024449983,13,,3,1.4217678310728283,2,1.1660911208956075,True,0.0079999999999933,,,monkeyM_session-o080506002-22_lfp-2,M,1,
197,False,True,0.96898482931821,6,,3,1.4219661864035351,2,1.0786190943410725,False,0.005940855128744,,,monkeyM_session-o080506002-22_lfp-2,M,1,
212,False,True,0.7613626806681408,13,,3,1.4201464805629298,2,1.0371885454523615,False,0.0033339462063337,,,monkeyM_session-o080506002-22_lfp-2,M,1,
193,False,True,0.9223900124008484,6,,3,1.417884276303798,2,1.0683479421492836,False,0.0032597879842253,,,monkeyM_session-o080506002-22_lfp-2,M,1,
191,False,True,0.8663029115174282,102,,3,1.4179184677112036,2,1.1478094597785202,False,0.017644066217719,,,monkeyM_session-o080506002-22_lfp-2,M,1,
209,True,True,0.9109283723300738,5,,3,1.4212620317016975,2,1.168020712338551,False,0.00457041628492,,,monkeyM_session-o080506002-22_lfp-2,M,1,
176,False,True,0.9009156806189748,8,,3,1.4235072333914085,2,1.09799326829747,False,0.0022290423219732,,,monkeyM_session-o080506002-22_lfp-2,M,1,
206,True,True,0.8462643470526305,10,,3,1.4212346744479438,2,1.0071368190676586,False,0.0038862538533721,,,monkeyM_session-o080506002-22_lfp-2,M,1,
201,False,True,0.9795823897737708,10,,3,1.4175495111948269,2,1.0463587486484909,False,0.0246587007120964,,,monkeyM_session-o080506002-22_lfp-2,M,1,
8,True,True,0.9896971943388344,9,,3,1.4156651505916118,2,1.460983993004083,False,0.0276554762791145,,,monkeyM_session-o080506002-22_lfp-2,M,2,
28,False,True,0.7835111290091789,19,,3,1.4219096345891131,2,1.164601572058762,False,0.0031113330006959,,,monkeyM_session-o080506002-22_lfp-2,M,2,
3,True,True,0.8636792312913995,13,,3,1.4158189290186725,2,1.0717176759381768,False,0.0035909153665452,,,monkeyM_session-o080506002-22_lfp-2,M,2,
5,False,True,0.9047258197859024,6,,3,1.421376201008553,2,1.0403739705206805,False,0.0074970710300825,,,monkeyM_session-o080506002-22_lfp-2,M,2,
18,False,True,0.894822700518814,24,,3,1.4143312075306833,2,1.130569532924568,False,0.0031920127892544,,,monkeyM_session-o080506002-22_lfp-2,M,2,
22,True,True,0.6697434582004891,30,,3,1.4158753549277605,2,1.0984905182542843,False,0.0040642328743398,,,monkeyM_session-o080506002-22_lfp-2,M,2,
10,False,True,0.5084748128972277,7,,3,1.421905850126158,2,1.0439675424540171,False,0.0033934430338771,,,monkeyM_session-o080506002-22_lfp-2,M,2,
27,False,True,0.7886075894998417,31,,3,1.4237039894843355,2,1.1475430891786025,False,0.003792578274874,,,monkeyM_session-o080506002-22_lfp-2,M,2,
31,False,True,0.8601853093048036,18,,3,1.4205857056295124,2,1.124291077161368,False,0.0054611898400738,,,monkeyM_session-o080506002-22_lfp-2,M,2,
16,False,True,0.7094198272796571,5,,3,1.4224085455273512,2,1.0361039143102797,False,0.0033306996528423,,,monkeyM_session-o080506002-22_lfp-2,M,2,
9,False,True,0.8137136400196283,6,,3,1.4196211869310662,2,1.0063068307546936,False,0.005429237249068,,,monkeyM_session-o080506002-22_lfp-2,M,2,
23,False,True,0.7873798336271656,9,,3,1.4202504038363493,2,1.0055324158162895,False,0.0041444795065181,,,monkeyM_session-o080506002-22_lfp-2,M,2,
7,True,True,0.9726816965328108,6,,3,1.4150236048152485,2,1.1410200247146498,False,0.0027032992313964,,,monkeyM_session-o080506002-22_lfp-2,M,2,
25,False,True,0.3660582772071249,8,,3,1.4225316671985406,2,1.0389820472935718,False,0.010767928355615,,,monkeyM_session-o080506002-22_lfp-2,M,2,
13,False,True,0.782504818628838,31,,3,1.421915574117371,2,1.118660982532008,False,0.0038702708761233,,,monkeyM_session-o080506002-22_lfp-2,M,2,
12,False,True,0.9361831134890573,19,,3,1.421767831077966,2,1.2727320843034131,True,0.0079999996949622,,,monkeyM_session-o080506002-22_lfp-2,M,2,
1,False,True,0.9059200791188622,14,,3,1.4196291378972576,2,1.0593094622795869,False,0.0038273085426077,,,monkeyM_session-o080506002-22_lfp-2,M,2,
24,False,True,0.497833486062995,5,,3,1.4225636154473429,2,1.0148092239337172,False,0.0141756488324857,,,monkeyM_session-o080506002-22_lfp-2,M,2,
21,False,True,0.8991548564773432,19,,3,1.4205835128509092,2,1.203704429698217,True,0.0040000000000013,,,monkeyM_session-o080506002-22_lfp-2,M,2,
17,False,True,0.9064721459451858,5,,3,1.4224312670731951,2,1.082951498965391,False,0.0059326905569752,,,monkeyM_session-o080506002-22_lfp-2,M,2,
33,True,True,0.9676054273207928,32,,3,1.4205148942852988,2,1.1596259653286645,False,0.0028681603804034,,,monkeyM_session-o080506002-22_lfp-2,M,2,
19,False,True,0.7495331824849283,6,,3,1.4173752848728454,2,1.0413888126613702,False,0.0251728677493306,,,monkeyM_session-o080506002-22_lfp-2,M,2,
30,False,True,0.555645880051508,19,,3,1.4164953259133348,2,1.0589154424052254,False,0.0069905102426304,,,monkeyM_session-o080506002-22_lfp-2,M,2,
4,False,True,0.6646984675755472,14,,3,1.415051660918852,2,1.1063059041096577,False,0.0030098267314144,,,monkeyM_session-o080506002-22_lfp-2,M,2,
0,False,True,0.9140086167517686,9,,3,1.4178517844849927,2,1.1367138346800507,False,0.0189203060269893,,,monkeyM_session-o080506002-22_lfp-2,M,2,
32,True,True,0.9181801074997532,14,,3,1.4217678310728492,2,1.2381750548475563,True,0.0079999999987758,,,monkeyM_session-o080506002-22_lfp-2,M,2,
29,False,True,0.8695996154906337,7,,3,1.4212059348325168,2,1.037683163834148,False,0.0024037726215695,,,monkeyM_session-o080506002-22_lfp-2,M,2,
26,False,True,0.7873128289404465,16,,3,1.4225293523920215,2,1.0465185165169906,False,0.0096180705467441,,,monkeyM_session-o080506002-22_lfp-2,M,2,
15,False,True,0.8066325559953672,9,,3,1.4229327133081169,2,1.040618109877588,False,0.0121616451671733,,,monkeyM_session-o080506002-22_lfp-2,M,2,
2,False,True,0.9449547739315428,4,,3,1.42258304370446,2,1.0863606634371596,False,0.0027301149804621,,,monkeyM_session-o080506002-22_lfp-2,M,2,
14,False,True,0.970670950070642,12,,3,1.4210104703101665,2,1.194501700152952,False,0.0043356667410252,,,monkeyM_session-o080506002-22_lfp-2,M,2,
20,False,True,0.8816566760128978,5,,3,1.4189999428849,2,1.0781035209840188,False,0.0050212617011418,,,monkeyM_session-o080506002-22_lfp-2,M,2,
11,True,True,0.8268989819081649,7,,3,1.4230223750330822,2,1.0749572550271722,False,0.0031786020010109,,,monkeyM_session-o080506002-22_lfp-2,M,2,
66,False,True,0.7771056115548365,13,,3,1.420583512819108,2,1.1650396405995405,True,0.0039999998174158,,,monkeyM_session-o080506002-22_lfp-2,M,2,
64,False,True,0.8532334827444453,15,,3,1.41770278064813,2,1.1381407014899048,False,0.0037810077542443,,,monkeyM_session-o080506002-22_lfp-2,M,2,
45,False,True,0.9085990559609424,7,,3,1.4229981975819153,2,1.036036295892497,False,0.0101141047260764,,,monkeyM_session-o080506002-22_lfp-2,M,2,
68,False,True,0.6188267472513864,15,,3,1.4170846517235245,2,1.07063311418585,False,0.0022192930325166,,,monkeyM_session-o080506002-22_lfp-2,M,2,
57,False,True,0.777669183308252,17,,3,1.4231531163136804,2,1.1768486156205296,False,0.0210425821990276,,,monkeyM_session-o080506002-22_lfp-2,M,2,
43,False,True,0.7905078070312718,14,,3,1.4229629392713865,2,1.0082295367641545,False,0.0152952405026147,,,monkeyM_session-o080506002-22_lfp-2,M,2,
42,True,True,0.4210948667251837,7,,3,1.4168310649520386,2,1.0352283592940617,False,0.0062495254242873,,,monkeyM_session-o080506002-22_lfp-2,M,2,
53,False,True,0.2911765126169705,7,,3,1.4187669367867966,2,1.078696215246933,False,0.0026575594571012,,,monkeyM_session-o080506002-22_lfp-2,M,2,
63,True,True,0.4587532350563517,12,,3,1.4229390338066144,2,1.03817439562237,False,0.0052493242845077,,,monkeyM_session-o080506002-22_lfp-2,M,2,
67,False,True,0.6647117207195803,34,,3,1.423017771194928,2,1.041273137714967,False,0.0035908706987273,,,monkeyM_session-o080506002-22_lfp-2,M,2,
65,False,True,0.560964156002475,9,,3,1.421346576714813,2,1.1000006084651432,False,0.0101959575785897,,,monkeyM_session-o080506002-22_lfp-2,M,2,
47,False,True,0.97088914857327,9,,3,1.4159721558552094,2,1.0845854449912211,False,0.0241914751495238,,,monkeyM_session-o080506002-22_lfp-2,M,2,
37,False,True,0.5887506176899708,11,,3,1.4230189940778504,2,1.0378378257671392,False,0.0035027888057443,,,monkeyM_session-o080506002-22_lfp-2,M,2,
34,False,True,0.8688276208270448,16,,3,1.4205835128503397,2,1.1888266259607825,True,0.0039999999967319,,,monkeyM_session-o080506002-22_lfp-2,M,2,
39,False,True,0.9577125346269316,13,,3,1.4224202322575985,2,1.2896083498662307,False,0.0048402546489416,,,monkeyM_session-o080506002-22_lfp-2,M,2,
59,False,True,0.8340628120809807,10,,3,1.4236737837613775,2,1.1380555382785194,False,0.0034506277179735,,,monkeyM_session-o080506002-22_lfp-2,M,2,
51,False,True,0.6006948689752494,17,,3,1.417513208631353,2,1.1213300570386109,False,0.0043068789614011,,,monkeyM_session-o080506002-22_lfp-2,M,2,
41,False,True,0.8519247199292637,6,,3,1.4227554200255708,2,1.0448653541682291,False,0.0029552010941618,,,monkeyM_session-o080506002-22_lfp-2,M,2,
36,False,True,0.8945761864452086,8,,3,1.422536916641577,2,1.10411394447027,False,0.003000218742799,,,monkeyM_session-o080506002-22_lfp-2,M,2,
38,False,True,0.6794984549074051,15,,3,1.417645641658572,2,1.0219323772285778,False,0.0030375496786767,,,monkeyM_session-o080506002-22_lfp-2,M,2,
52,False,True,0.9622916707038244,8,,3,1.4210918460255957,2,1.1177167133497417,False,0.0038804770829941,,,monkeyM_session-o080506002-22_lfp-2,M,2,
55,False,True,0.6508843860236035,11,,3,1.418418093520656,2,1.0211490284077622,False,0.0040862563661603,,,monkeyM_session-o080506002-22_lfp-2,M,2,
54,False,True,0.7886592186975825,6,,3,1.4219100336783868,2,1.079111386295724,False,0.0032174002184106,,,monkeyM_session-o080506002-22_lfp-2,M,2,
35,True,True,0.4319468789582064,10,,3,1.4220212356943889,2,1.1072739485763476,False,0.0036080232851505,,,monkeyM_session-o080506002-22_lfp-2,M,2,
46,False,True,0.6931273695237042,12,,3,1.4179017883111733,2,1.030646125060431,False,0.0034176163864216,,,monkeyM_session-o080506002-22_lfp-2,M,2,
40,False,True,0.9224787907678752,9,,3,1.4163056432379342,2,1.040771297065936,False,0.0148928541608324,,,monkeyM_session-o080506002-22_lfp-2,M,2,
62,True,True,0.5913292873271402,9,,3,1.4227623533585598,2,1.1060052079712686,False,0.003392499343283,,,monkeyM_session-o080506002-22_lfp-2,M,2,
60,False,True,0.5891403991121814,12,,3,1.415510738264525,2,1.0889492113715242,False,0.0023704126583972,,,monkeyM_session-o080506002-22_lfp-2,M,2,
44,False,True,0.6523319417007897,22,,3,1.4169133938378289,2,1.058261163927744,False,0.0247698845421358,,,monkeyM_session-o080506002-22_lfp-2,M,2,
49,True,True,0.8477571896489502,10,,3,1.4223443165552685,2,1.0579578656434494,False,0.0052925629746773,,,monkeyM_session-o080506002-22_lfp-2,M,2,
61,False,True,0.8337132043053255,11,,3,1.4200988251666091,2,1.003005994979602,False,0.004080082754811,,,monkeyM_session-o080506002-22_lfp-2,M,2,
56,True,True,0.6258216979110514,11,,3,1.4217013713715636,2,1.038541344081252,False,0.0091519549628178,,,monkeyM_session-o080506002-22_lfp-2,M,2,
48,False,True,0.5119078457809063,9,,3,1.4149522476605283,2,1.0888988783642322,False,0.003148481020661,,,monkeyM_session-o080506002-22_lfp-2,M,2,
97,False,True,0.7010304077226377,7,,3,1.4221325227925756,2,1.0290558103415282,False,0.0037983023414636,,,monkeyM_session-o080506002-22_lfp-2,M,2,
71,True,True,0.8220904117099257,11,,3,1.4203529268652824,2,1.0640577766427086,False,0.0036202272053289,,,monkeyM_session-o080506002-22_lfp-2,M,2,
69,False,True,0.788051399050226,10,,3,1.4203348307592296,2,1.1533649409955078,False,0.0051011304902717,,,monkeyM_session-o080506002-22_lfp-2,M,2,
90,False,True,0.5900057580996513,15,,3,1.4175505989183066,2,1.1129200351327524,False,0.0026905359211912,,,monkeyM_session-o080506002-22_lfp-2,M,2,
83,False,True,0.5649643551092703,16,,3,1.4184968523562105,2,1.0718220393212443,False,0.0063878664247911,,,monkeyM_session-o080506002-22_lfp-2,M,2,
99,False,True,0.5491993800625137,8,,3,1.4171640607205749,2,1.1169820468387983,False,0.0306229561376962,,,monkeyM_session-o080506002-22_lfp-2,M,2,
91,True,True,0.7897760022436114,15,,3,1.4211860546851225,2,1.0271563804235246,False,0.0026854959052737,,,monkeyM_session-o080506002-22_lfp-2,M,2,
76,False,True,0.6722830082561334,12,,3,1.4230230735351543,2,1.06011326296908,False,0.0030767496208969,,,monkeyM_session-o080506002-22_lfp-2,M,2,
98,False,True,0.9591394459183744,29,,3,1.421767831073966,2,1.2527672903364218,True,0.0079999999324531,,,monkeyM_session-o080506002-22_lfp-2,M,2,
75,False,True,0.8737614842298379,15,,3,1.4217678310811914,2,1.1405315514779517,True,0.0079999995035144,,,monkeyM_session-o080506002-22_lfp-2,M,2,
95,False,True,0.697367782796768,14,,3,1.422880324303336,2,1.0174331985464056,False,0.0075249786792119,,,monkeyM_session-o080506002-22_lfp-2,M,2,
101,True,True,0.8398923163278503,8,,3,1.4161549537528506,2,1.1033884540316508,False,0.020810353689681,,,monkeyM_session-o080506002-22_lfp-2,M,2,
84,False,True,0.8283298799462081,14,,3,1.421707995291875,2,1.095000911534329,False,0.0045401038493251,,,monkeyM_session-o080506002-22_lfp-2,M,2,
94,False,True,0.9097760850361932,9,,3,1.4158465098613302,2,1.104274741609309,False,0.0034376110203107,,,monkeyM_session-o080506002-22_lfp-2,M,2,
92,False,True,0.6591056387640684,5,,3,1.4209094519893777,2,1.0726911508182209,False,0.003159478750355,,,monkeyM_session-o080506002-22_lfp-2,M,2,
81,False,True,0.7616978226506328,7,,3,1.4225886852677518,2,1.1180519741523145,False,0.004071536694254,,,monkeyM_session-o080506002-22_lfp-2,M,2,
80,True,True,0.7133540714206799,7,,3,1.4197956991082563,2,1.0810171057339453,False,0.0025904784480781,,,monkeyM_session-o080506002-22_lfp-2,M,2,
73,False,True,0.986485304977312,11,,3,1.42092261473464,2,1.3234477628068966,False,0.0040607276261477,,,monkeyM_session-o080506002-22_lfp-2,M,2,
100,False,True,0.8580282982022591,7,,3,1.4153016488196415,2,1.0874701034380452,False,0.0026598777536515,,,monkeyM_session-o080506002-22_lfp-2,M,2,
77,False,True,0.7135394547927224,69,,3,1.4187332846602163,2,1.0590970569110172,False,0.0022696346231878,,,monkeyM_session-o080506002-22_lfp-2,M,2,
74,False,True,0.7560918651363326,7,,3,1.422444176561098,2,1.0841756957975652,False,0.0023302532505535,,,monkeyM_session-o080506002-22_lfp-2,M,2,
79,True,True,0.8207686112503967,14,,3,1.4183799907886607,2,1.1303788363211145,False,0.0086917738053224,,,monkeyM_session-o080506002-22_lfp-2,M,2,
87,True,True,0.6647206716460431,5,,3,1.4224669521393196,2,1.0064691392497476,False,0.0040389093067978,,,monkeyM_session-o080506002-22_lfp-2,M,2,
93,False,True,0.9467705883159448,9,,3,1.4201855301746782,2,1.11559155804422,False,0.0034172882487544,,,monkeyM_session-o080506002-22_lfp-2,M,2,
96,False,True,0.8212261473602045,11,,3,1.4173472565385297,2,1.1595025906311516,False,0.0029828500190181,,,monkeyM_session-o080506002-22_lfp-2,M,2,
88,False,True,0.795425424640713,20,,3,1.420583512850721,2,1.1500402903403746,True,0.0039999999989204,,,monkeyM_session-o080506002-22_lfp-2,M,2,
72,False,True,0.8895291812867907,17,,3,1.421826059469077,2,1.1850866396704505,False,0.0054804336570368,,,monkeyM_session-o080506002-22_lfp-2,M,2,
82,False,True,0.7850192453371764,23,,3,1.421767831072879,2,1.1957591769658875,True,0.0079999999970281,,,monkeyM_session-o080506002-22_lfp-2,M,2,
85,False,True,0.7866793135977248,13,,3,1.4169929826941017,2,1.0856648095586332,False,0.0262906590189567,,,monkeyM_session-o080506002-22_lfp-2,M,2,
89,False,True,0.9612940783881512,6,,3,1.4198305769426531,2,1.048348223520458,False,0.0034461236046436,,,monkeyM_session-o080506002-22_lfp-2,M,2,
86,False,True,0.4693822919631963,8,,3,1.419843534764454,2,1.0384353145353156,False,0.0040630478955998,,,monkeyM_session-o080506002-22_lfp-2,M,2,
78,True,True,0.7474803140815323,18,,3,1.4217678311098942,2,1.0733927240146997,True,0.0079999977995099,,,monkeyM_session-o080506002-22_lfp-2,M,2,
70,False,True,0.7918597511517886,15,,3,1.4146969256713988,2,1.0820797193322762,False,0.0035051889616219,,,monkeyM_session-o080506002-22_lfp-2,M,2,
113,False,True,0.7523101151311009,12,,3,1.4219843787292894,2,1.120029557963716,False,0.0029873690098805,,,monkeyM_session-o080506002-22_lfp-2,M,2,
127,False,True,0.7731526205913127,9,,3,1.4228187324712678,2,1.0960163857784977,False,0.0037599719714602,,,monkeyM_session-o080506002-22_lfp-2,M,2,
129,False,True,0.5157750242470522,16,,3,1.4171127785091284,2,1.1156447886979437,False,0.0296737129378095,,,monkeyM_session-o080506002-22_lfp-2,M,2,
130,False,True,0.6932762001484296,10,,3,1.4229842746066923,2,1.0178463451728026,False,0.0124300575384737,,,monkeyM_session-o080506002-22_lfp-2,M,2,
135,False,True,0.7921029698430494,21,,3,1.416325401106988,2,1.1687602334130145,False,0.0027234229335384,,,monkeyM_session-o080506002-22_lfp-2,M,2,
117,False,True,0.8431735206878137,39,,3,1.4185862412541923,2,1.0842264747347004,False,0.0088709070765902,,,monkeyM_session-o080506002-22_lfp-2,M,2,
138,False,True,0.8510519818421762,27,,3,1.421433748449089,2,1.1742143679643944,False,0.0022741815193842,,,monkeyM_session-o080506002-22_lfp-2,M,2,
134,False,True,0.9034274781570552,15,,3,1.4178740516939083,2,1.17578086172503,False,0.0184945778595422,,,monkeyM_session-o080506002-22_lfp-2,M,2,
136,False,True,0.4652353955123575,9,,3,1.4198820467988682,2,1.0374162308339938,False,0.0024188180447701,,,monkeyM_session-o080506002-22_lfp-2,M,2,
104,True,True,0.7771790097277861,12,,3,1.4200950565812134,2,1.0898934557463251,False,0.0043930265591596,,,monkeyM_session-o080506002-22_lfp-2,M,2,
107,False,True,0.919307777486814,62,,3,1.419715761353622,2,1.1717524936669084,False,0.0049638710355948,,,monkeyM_session-o080506002-22_lfp-2,M,2,
126,True,True,0.6642360361787074,23,,3,1.4144212236801743,2,1.073348827976479,False,0.0038917223596683,,,monkeyM_session-o080506002-22_lfp-2,M,2,
122,False,True,0.8188161799048866,11,,3,1.4217412410817083,2,1.065742345588533,False,0.0034328488582833,,,monkeyM_session-o080506002-22_lfp-2,M,2,
110,False,True,0.6361907369301764,12,,3,1.4225451026584144,2,1.1909172091321798,False,0.0134038817954489,,,monkeyM_session-o080506002-22_lfp-2,M,2,
109,False,True,0.8893466968846969,22,,3,1.4221031221418512,2,1.097095199742248,False,0.0043350191697895,,,monkeyM_session-o080506002-22_lfp-2,M,2,
106,True,True,0.793753759603737,25,,3,1.4218765263835786,2,1.080991296267705,False,0.004556801744278,,,monkeyM_session-o080506002-22_lfp-2,M,2,
115,False,True,0.7142060045924913,11,,3,1.4145436603836623,2,1.082013439226709,False,0.0037198613416355,,,monkeyM_session-o080506002-22_lfp-2,M,2,
137,False,True,0.8502014941728772,8,,3,1.4195975388548074,2,1.0431672752616428,False,0.0058089718900322,,,monkeyM_session-o080506002-22_lfp-2,M,2,
118,False,True,0.3803873482633889,9,,3,1.422483913381755,2,1.0478097464981773,False,0.003377370756024,,,monkeyM_session-o080506002-22_lfp-2,M,2,
139,False,True,0.9148802399407664,9,,3,1.4197320940899725,2,1.0510501185389631,False,0.0038742901386665,,,monkeyM_session-o080506002-22_lfp-2,M,2,
108,False,True,0.8081759946868591,8,,3,1.423587544148302,2,1.1189702350637838,False,0.0060694833987278,,,monkeyM_session-o080506002-22_lfp-2,M,2,
125,False,True,0.5685498366088264,16,,3,1.416283851924835,2,1.1063760587574083,False,0.0050424835179483,,,monkeyM_session-o080506002-22_lfp-2,M,2,
111,False,True,0.7476502630538764,10,,3,1.4191455402199675,2,1.0674651265593469,False,0.0033290190665793,,,monkeyM_session-o080506002-22_lfp-2,M,2,
128,False,True,0.6482736018705679,6,,3,1.416419864087363,2,1.0377164763824058,False,0.0158857893315647,,,monkeyM_session-o080506002-22_lfp-2,M,2,
124,False,True,0.9146929644321392,15,,3,1.4225886646203607,2,1.0732283371835385,False,0.0049998295894848,,,monkeyM_session-o080506002-22_lfp-2,M,2,
123,False,True,0.974994555236648,7,,3,1.4192339657250397,2,1.129962209736164,False,0.0032840060310466,,,monkeyM_session-o080506002-22_lfp-2,M,2,
132,False,True,0.7244011572091144,34,,3,1.4206852791640232,2,1.0588617874844972,False,0.0031230359107103,,,monkeyM_session-o080506002-22_lfp-2,M,2,
121,False,True,0.826368073707005,8,,3,1.421044292139163,2,1.0567749702625282,False,0.0124214961670983,,,monkeyM_session-o080506002-22_lfp-2,M,2,
102,True,True,0.8523560002220024,15,,3,1.421767831072844,2,1.1997235035307992,True,0.0079999999990412,,,monkeyM_session-o080506002-22_lfp-2,M,2,
116,True,True,0.575643440922626,21,,3,1.4208972489966798,2,1.1373714668890504,False,0.0094697012371873,,,monkeyM_session-o080506002-22_lfp-2,M,2,
140,False,True,0.8340140767681563,18,,3,1.4217678310728283,2,1.129488005516463,True,0.0079999999999995,,,monkeyM_session-o080506002-22_lfp-2,M,2,
119,True,True,0.4431434517165728,8,,3,1.4222202528320067,2,1.0493319106343972,False,0.0029544093794635,,,monkeyM_session-o080506002-22_lfp-2,M,2,
133,False,True,0.6162774086608137,7,,3,1.4158955152655317,2,1.064179366733673,False,0.0031651883602936,,,monkeyM_session-o080506002-22_lfp-2,M,2,
146,False,True,0.7023386628953139,29,,3,1.4183904849926794,2,1.210051588767875,False,0.0025738715038841,,,monkeyM_session-o080506002-22_lfp-2,M,2,
163,False,True,0.848346197002619,39,,3,1.421341696185749,2,1.1862484955200443,False,0.0026809215021228,,,monkeyM_session-o080506002-22_lfp-2,M,2,
169,False,True,0.7267503776216534,13,,3,1.4217678310728377,2,1.1758975307725998,True,0.0079999999994311,,,monkeyM_session-o080506002-22_lfp-2,M,2,
154,True,True,0.934685644802918,30,,3,1.420583512827456,2,1.131473600339972,True,0.0039999998653454,,,monkeyM_session-o080506002-22_lfp-2,M,2,
168,False,True,0.8063665339866832,10,,3,1.4194695197726126,2,1.1359641007225616,False,0.0059654956599208,,,monkeyM_session-o080506002-22_lfp-2,M,2,
175,True,True,0.7510987621558138,17,,3,1.4226575538287234,2,1.0176548393320393,False,0.0039149572052892,,,monkeyM_session-o080506002-22_lfp-2,M,2,
159,True,True,0.7852736082594873,6,,3,1.417916878667192,2,1.0742725369363983,False,0.0145170340351679,,,monkeyM_session-o080506002-22_lfp-2,M,2,
143,False,True,0.65927477858086,50,,3,1.42354155486947,2,1.1052038393105956,False,0.0039635382928548,,,monkeyM_session-o080506002-22_lfp-2,M,2,
155,False,True,0.9331672882879322,4,,3,1.4214368844857976,2,1.0927108751290222,False,0.0091036857534891,,,monkeyM_session-o080506002-22_lfp-2,M,2,
156,False,True,0.6115068319992207,9,,3,1.4226263107231067,2,1.1201586956313372,False,0.0066524096536331,,,monkeyM_session-o080506002-22_lfp-2,M,2,
153,False,True,0.9239863535850124,13,,3,1.4168775049959486,2,1.0804851881973427,False,0.0039069470102661,,,monkeyM_session-o080506002-22_lfp-2,M,2,
151,False,True,0.788519015274012,10,,3,1.4185442130502026,2,1.091869847131994,False,0.0052861562251651,,,monkeyM_session-o080506002-22_lfp-2,M,2,
142,False,True,0.8276581353961129,5,,3,1.4225699561946556,2,1.0387069933778403,False,0.0034129943926348,,,monkeyM_session-o080506002-22_lfp-2,M,2,
172,False,True,0.9208000997716358,5,,3,1.4180845847431005,2,1.0883768123149553,False,0.0036917997930245,,,monkeyM_session-o080506002-22_lfp-2,M,2,
167,False,True,0.802849700905442,5,,3,1.4210866403134852,2,1.0100370323785504,False,0.0039133507896655,,,monkeyM_session-o080506002-22_lfp-2,M,2,
141,False,True,0.834500930404013,19,,3,1.421767831074119,2,1.181877100437723,True,0.0079999999233799,,,monkeyM_session-o080506002-22_lfp-2,M,2,
144,False,True,0.8496284832585692,20,,3,1.4176555311845451,2,1.1064648103819388,False,0.0023702765042576,,,monkeyM_session-o080506002-22_lfp-2,M,2,
173,True,True,0.7716733435156113,7,,3,1.419303363776456,2,1.0834222959187794,False,0.0039670591026754,,,monkeyM_session-o080506002-22_lfp-2,M,2,
164,True,True,0.835601350479164,9,,3,1.4224158822815602,2,1.039125522414569,False,0.0037209964540498,,,monkeyM_session-o080506002-22_lfp-2,M,2,
166,False,True,0.4910230527217123,6,,3,1.4202103667267898,2,1.0597968150835195,False,0.0034901537395035,,,monkeyM_session-o080506002-22_lfp-2,M,2,
174,False,True,0.816963404861919,5,,3,1.4188298227937148,2,1.1144769699205346,False,0.0034364784836888,,,monkeyM_session-o080506002-22_lfp-2,M,2,
148,False,True,0.7181699613190242,24,,3,1.4229487606418827,2,1.0320247682825696,False,0.013837907000469,,,monkeyM_session-o080506002-22_lfp-2,M,2,
150,False,True,0.8487615112821847,12,,3,1.421163245741561,2,1.1213216659930136,False,0.0032247749309419,,,monkeyM_session-o080506002-22_lfp-2,M,2,
157,True,True,0.8458204564046974,10,,3,1.4230217503831943,2,1.0579922115223923,False,0.0032535023652009,,,monkeyM_session-o080506002-22_lfp-2,M,2,
165,False,True,0.6309558552434933,14,,3,1.419464050289183,2,1.13466737915529,False,0.0059042477784521,,,monkeyM_session-o080506002-22_lfp-2,M,2,
160,False,True,0.804706635340049,6,,3,1.4222649444937387,2,1.153650455321594,False,0.0030070880672443,,,monkeyM_session-o080506002-22_lfp-2,M,2,
161,False,True,0.4783876168316768,5,,3,1.4221112800931353,2,1.0580291592369415,False,0.0081537330031031,,,monkeyM_session-o080506002-22_lfp-2,M,2,
171,True,True,0.5949856759423708,6,,3,1.423017269631133,2,1.023303333863087,False,0.0054259968804184,,,monkeyM_session-o080506002-22_lfp-2,M,2,
152,False,True,0.8760191146916304,7,,3,1.416387266967179,2,1.0953772157952193,False,0.01649351077481,,,monkeyM_session-o080506002-22_lfp-2,M,2,
170,False,True,0.550404948657422,7,,3,1.421913586954102,2,1.1128669947117238,False,0.0031286958720162,,,monkeyM_session-o080506002-22_lfp-2,M,2,
149,False,True,0.898458174722387,10,,3,1.4174913019591002,2,1.1313829406314215,False,0.0229168773169533,,,monkeyM_session-o080506002-22_lfp-2,M,2,
162,False,True,0.6736649908555631,10,,3,1.4157533935265698,2,1.1095799940378612,False,0.0056251878054198,,,monkeyM_session-o080506002-22_lfp-2,M,2,
145,False,True,0.840820544456717,10,,3,1.423386995907712,2,1.0751963490640628,False,0.0093696263638316,,,monkeyM_session-o080506002-22_lfp-2,M,2,
184,False,True,0.9432185511204608,17,,3,1.4171577837367624,2,1.3528933511743992,False,0.0038976290101624,,,monkeyM_session-o080506002-22_lfp-2,M,2,
189,False,True,0.534494221104414,9,,3,1.4229990828550685,2,1.0504079450212818,False,0.0042981548577447,,,monkeyM_session-o080506002-22_lfp-2,M,2,
203,False,True,0.9711090680211482,22,,3,1.4217678310729216,2,1.1554851862963629,True,0.0079999999944702,,,monkeyM_session-o080506002-22_lfp-2,M,2,
211,True,True,0.6586265056636998,16,,3,1.4202800438678305,2,1.1255760396371168,False,0.0039193867446618,,,monkeyM_session-o080506002-22_lfp-2,M,2,
186,False,True,0.7686671231735193,8,,3,1.4209139752563196,2,1.0352034383950917,False,0.0035428531050278,,,monkeyM_session-o080506002-22_lfp-2,M,2,
181,False,True,0.4614259509917801,14,,3,1.4186570080090006,2,1.1228590588944598,False,0.0075739162867267,,,monkeyM_session-o080506002-22_lfp-2,M,2,
198,False,True,0.8665124805736122,25,,3,1.422967351650561,2,1.120198501404508,False,0.0147496866730656,,,monkeyM_session-o080506002-22_lfp-2,M,2,
202,False,True,0.7181110264086386,52,,3,1.421529851383739,2,1.0246011068791006,False,0.0070040133012652,,,monkeyM_session-o080506002-22_lfp-2,M,2,
199,False,True,0.680258412368413,22,,3,1.420334218936893,2,1.092888735482945,False,0.0033810785796126,,,monkeyM_session-o080506002-22_lfp-2,M,2,
195,False,True,0.5154349069213185,8,,3,1.418446624449059,2,1.016803190773621,False,0.0042431708769354,,,monkeyM_session-o080506002-22_lfp-2,M,2,
188,False,True,0.7968312302748426,8,,3,1.4220102748038923,2,1.0204272949467352,False,0.0035393422964471,,,monkeyM_session-o080506002-22_lfp-2,M,2,
210,False,True,0.4026608769834139,10,,3,1.417529626142504,2,1.0292591918866147,False,0.0027253437787084,,,monkeyM_session-o080506002-22_lfp-2,M,2,
187,False,True,0.8260273079081564,47,,3,1.4217678310728372,2,1.200547041014509,True,0.0079999999995052,,,monkeyM_session-o080506002-22_lfp-2,M,2,
179,False,True,0.7092770497511497,28,,3,1.4160671375836769,2,1.1386828766920614,False,0.0026071110061671,,,monkeyM_session-o080506002-22_lfp-2,M,2,
196,False,True,0.6319505644755351,15,,3,1.4205835128509092,2,1.1789667148631144,True,0.0040000000000013,,,monkeyM_session-o080506002-22_lfp-2,M,2,
183,False,True,0.8883733260224598,18,,3,1.4144151044531734,2,1.1078299652225094,False,0.0039003212804109,,,monkeyM_session-o080506002-22_lfp-2,M,2,
200,False,True,0.9447254732429662,13,,3,1.4155015020551256,2,1.128673069579948,False,0.0053549270175752,,,monkeyM_session-o080506002-22_lfp-2,M,2,
208,False,True,0.9575447738765184,5,,3,1.4177848186564297,2,1.0541250681759275,False,0.0032434904382689,,,monkeyM_session-o080506002-22_lfp-2,M,2,
178,True,True,0.7429102694634678,14,,3,1.4206502320679315,2,1.052380944073253,False,0.0050987086543745,,,monkeyM_session-o080506002-22_lfp-2,M,2,
194,True,True,0.9035495925614244,40,,3,1.4217678310728283,2,1.1227405554542245,True,0.0079999999999995,,,monkeyM_session-o080506002-22_lfp-2,M,2,
182,False,True,0.7094058546359169,10,,3,1.4170103734939714,2,1.0180013131462968,False,0.0047720447317083,,,monkeyM_session-o080506002-22_lfp-2,M,2,
177,False,True,0.9452313470059538,6,,3,1.418966744874421,2,1.0441944530415546,False,0.0049534110605833,,,monkeyM_session-o080506002-22_lfp-2,M,2,
192,True,True,0.725197828598341,14,,3,1.4236050560265543,2,1.138573656991589,False,0.0069467613198583,,,monkeyM_session-o080506002-22_lfp-2,M,2,
185,False,True,0.6501147410381468,16,,3,1.41797946438918,2,1.14651289343129,False,0.0024883391800401,,,monkeyM_session-o080506002-22_lfp-2,M,2,
190,True,True,0.7100401024449983,13,,3,1.4217678310728283,2,1.1660911208956075,True,0.0079999999999933,,,monkeyM_session-o080506002-22_lfp-2,M,2,
197,True,True,0.96898482931821,6,,3,1.4219661864035351,2,1.0786190943410725,False,0.005940855128744,,,monkeyM_session-o080506002-22_lfp-2,M,2,
212,True,True,0.7613626806681408,13,,3,1.4201464805629298,2,1.0371885454523615,False,0.0033339462063337,,,monkeyM_session-o080506002-22_lfp-2,M,2,
193,False,True,0.9223900124008484,6,,3,1.417884276303798,2,1.0683479421492836,False,0.0032597879842253,,,monkeyM_session-o080506002-22_lfp-2,M,2,
191,False,True,0.8663029115174282,102,,3,1.4179184677112036,2,1.1478094597785202,False,0.017644066217719,,,monkeyM_session-o080506002-22_lfp-2,M,2,
209,False,True,0.9109283723300738,5,,3,1.4212620317016975,2,1.168020712338551,False,0.00457041628492,,,monkeyM_session-o080506002-22_lfp-2,M,2,
176,False,True,0.9009156806189748,8,,3,1.4235072333914085,2,1.09799326829747,False,0.0022290423219732,,,monkeyM_session-o080506002-22_lfp-2,M,2,
206,False,True,0.8462643470526305,10,,3,1.4212346744479438,2,1.0071368190676586,False,0.0038862538533721,,,monkeyM_session-o080506002-22_lfp-2,M,2,
201,False,True,0.9795823897737708,10,,3,1.4175495111948269,2,1.0463587486484909,False,0.0246587007120964,,,monkeyM_session-o080506002-22_lfp-2,M,2,
8,False,True,0.9896971943388344,9,,3,1.4156651505916118,2,1.460983993004083,False,0.0276554762791145,,,monkeyM_session-o080506002-22_lfp-2,M,3,
28,False,True,0.7835111290091789,19,,3,1.4219096345891131,2,1.164601572058762,False,0.0031113330006959,,,monkeyM_session-o080506002-22_lfp-2,M,3,
3,False,True,0.8636792312913995,13,,3,1.4158189290186725,2,1.0717176759381768,False,0.0035909153665452,,,monkeyM_session-o080506002-22_lfp-2,M,3,
5,False,True,0.9047258197859024,6,,3,1.421376201008553,2,1.0403739705206805,False,0.0074970710300825,,,monkeyM_session-o080506002-22_lfp-2,M,3,
18,False,True,0.894822700518814,24,,3,1.4143312075306833,2,1.130569532924568,False,0.0031920127892544,,,monkeyM_session-o080506002-22_lfp-2,M,3,
22,False,True,0.6697434582004891,30,,3,1.4158753549277605,2,1.0984905182542843,False,0.0040642328743398,,,monkeyM_session-o080506002-22_lfp-2,M,3,
10,False,True,0.5084748128972277,7,,3,1.421905850126158,2,1.0439675424540171,False,0.0033934430338771,,,monkeyM_session-o080506002-22_lfp-2,M,3,
27,True,True,0.7886075894998417,31,,3,1.4237039894843355,2,1.1475430891786025,False,0.003792578274874,,,monkeyM_session-o080506002-22_lfp-2,M,3,
31,False,True,0.8601853093048036,18,,3,1.4205857056295124,2,1.124291077161368,False,0.0054611898400738,,,monkeyM_session-o080506002-22_lfp-2,M,3,
16,False,True,0.7094198272796571,5,,3,1.4224085455273512,2,1.0361039143102797,False,0.0033306996528423,,,monkeyM_session-o080506002-22_lfp-2,M,3,
9,False,True,0.8137136400196283,6,,3,1.4196211869310662,2,1.0063068307546936,False,0.005429237249068,,,monkeyM_session-o080506002-22_lfp-2,M,3,
23,True,True,0.7873798336271656,9,,3,1.4202504038363493,2,1.0055324158162895,False,0.0041444795065181,,,monkeyM_session-o080506002-22_lfp-2,M,3,
7,False,True,0.9726816965328108,6,,3,1.4150236048152485,2,1.1410200247146498,False,0.0027032992313964,,,monkeyM_session-o080506002-22_lfp-2,M,3,
25,False,True,0.3660582772071249,8,,3,1.4225316671985406,2,1.0389820472935718,False,0.010767928355615,,,monkeyM_session-o080506002-22_lfp-2,M,3,
13,False,True,0.782504818628838,31,,3,1.421915574117371,2,1.118660982532008,False,0.0038702708761233,,,monkeyM_session-o080506002-22_lfp-2,M,3,
12,False,True,0.9361831134890573,19,,3,1.421767831077966,2,1.2727320843034131,True,0.0079999996949622,,,monkeyM_session-o080506002-22_lfp-2,M,3,
1,False,True,0.9059200791188622,14,,3,1.4196291378972576,2,1.0593094622795869,False,0.0038273085426077,,,monkeyM_session-o080506002-22_lfp-2,M,3,
24,False,True,0.497833486062995,5,,3,1.4225636154473429,2,1.0148092239337172,False,0.0141756488324857,,,monkeyM_session-o080506002-22_lfp-2,M,3,
21,True,True,0.8991548564773432,19,,3,1.4205835128509092,2,1.203704429698217,True,0.0040000000000013,,,monkeyM_session-o080506002-22_lfp-2,M,3,
17,False,True,0.9064721459451858,5,,3,1.4224312670731951,2,1.082951498965391,False,0.0059326905569752,,,monkeyM_session-o080506002-22_lfp-2,M,3,
33,False,True,0.9676054273207928,32,,3,1.4205148942852988,2,1.1596259653286645,False,0.0028681603804034,,,monkeyM_session-o080506002-22_lfp-2,M,3,
19,True,True,0.7495331824849283,6,,3,1.4173752848728454,2,1.0413888126613702,False,0.0251728677493306,,,monkeyM_session-o080506002-22_lfp-2,M,3,
30,False,True,0.555645880051508,19,,3,1.4164953259133348,2,1.0589154424052254,False,0.0069905102426304,,,monkeyM_session-o080506002-22_lfp-2,M,3,
4,True,True,0.6646984675755472,14,,3,1.415051660918852,2,1.1063059041096577,False,0.0030098267314144,,,monkeyM_session-o080506002-22_lfp-2,M,3,
0,True,True,0.9140086167517686,9,,3,1.4178517844849927,2,1.1367138346800507,False,0.0189203060269893,,,monkeyM_session-o080506002-22_lfp-2,M,3,
32,False,True,0.9181801074997532,14,,3,1.4217678310728492,2,1.2381750548475563,True,0.0079999999987758,,,monkeyM_session-o080506002-22_lfp-2,M,3,
29,False,True,0.8695996154906337,7,,3,1.4212059348325168,2,1.037683163834148,False,0.0024037726215695,,,monkeyM_session-o080506002-22_lfp-2,M,3,
26,False,True,0.7873128289404465,16,,3,1.4225293523920215,2,1.0465185165169906,False,0.0096180705467441,,,monkeyM_session-o080506002-22_lfp-2,M,3,
15,False,True,0.8066325559953672,9,,3,1.4229327133081169,2,1.040618109877588,False,0.0121616451671733,,,monkeyM_session-o080506002-22_lfp-2,M,3,
2,False,True,0.9449547739315428,4,,3,1.42258304370446,2,1.0863606634371596,False,0.0027301149804621,,,monkeyM_session-o080506002-22_lfp-2,M,3,
14,False,True,0.970670950070642,12,,3,1.4210104703101665,2,1.194501700152952,False,0.0043356667410252,,,monkeyM_session-o080506002-22_lfp-2,M,3,
20,False,True,0.8816566760128978,5,,3,1.4189999428849,2,1.0781035209840188,False,0.0050212617011418,,,monkeyM_session-o080506002-22_lfp-2,M,3,
11,False,True,0.8268989819081649,7,,3,1.4230223750330822,2,1.0749572550271722,False,0.0031786020010109,,,monkeyM_session-o080506002-22_lfp-2,M,3,
66,True,True,0.7771056115548365,13,,3,1.420583512819108,2,1.1650396405995405,True,0.0039999998174158,,,monkeyM_session-o080506002-22_lfp-2,M,3,
64,False,True,0.8532334827444453,15,,3,1.41770278064813,2,1.1381407014899048,False,0.0037810077542443,,,monkeyM_session-o080506002-22_lfp-2,M,3,
45,False,True,0.9085990559609424,7,,3,1.4229981975819153,2,1.036036295892497,False,0.0101141047260764,,,monkeyM_session-o080506002-22_lfp-2,M,3,
68,False,True,0.6188267472513864,15,,3,1.4170846517235245,2,1.07063311418585,False,0.0022192930325166,,,monkeyM_session-o080506002-22_lfp-2,M,3,
57,True,True,0.777669183308252,17,,3,1.4231531163136804,2,1.1768486156205296,False,0.0210425821990276,,,monkeyM_session-o080506002-22_lfp-2,M,3,
43,False,True,0.7905078070312718,14,,3,1.4229629392713865,2,1.0082295367641545,False,0.0152952405026147,,,monkeyM_session-o080506002-22_lfp-2,M,3,
42,False,True,0.4210948667251837,7,,3,1.4168310649520386,2,1.0352283592940617,False,0.0062495254242873,,,monkeyM_session-o080506002-22_lfp-2,M,3,
53,False,True,0.2911765126169705,7,,3,1.4187669367867966,2,1.078696215246933,False,0.0026575594571012,,,monkeyM_session-o080506002-22_lfp-2,M,3,
63,False,True,0.4587532350563517,12,,3,1.4229390338066144,2,1.03817439562237,False,0.0052493242845077,,,monkeyM_session-o080506002-22_lfp-2,M,3,
67,False,True,0.6647117207195803,34,,3,1.423017771194928,2,1.041273137714967,False,0.0035908706987273,,,monkeyM_session-o080506002-22_lfp-2,M,3,
65,False,True,0.560964156002475,9,,3,1.421346576714813,2,1.1000006084651432,False,0.0101959575785897,,,monkeyM_session-o080506002-22_lfp-2,M,3,
47,False,True,0.97088914857327,9,,3,1.4159721558552094,2,1.0845854449912211,False,0.0241914751495238,,,monkeyM_session-o080506002-22_lfp-2,M,3,
37,True,True,0.5887506176899708,11,,3,1.4230189940778504,2,1.0378378257671392,False,0.0035027888057443,,,monkeyM_session-o080506002-22_lfp-2,M,3,
34,True,True,0.8688276208270448,16,,3,1.4205835128503397,2,1.1888266259607825,True,0.0039999999967319,,,monkeyM_session-o080506002-22_lfp-2,M,3,
39,False,True,0.9577125346269316,13,,3,1.4224202322575985,2,1.2896083498662307,False,0.0048402546489416,,,monkeyM_session-o080506002-22_lfp-2,M,3,
59,True,True,0.8340628120809807,10,,3,1.4236737837613775,2,1.1380555382785194,False,0.0034506277179735,,,monkeyM_session-o080506002-22_lfp-2,M,3,
51,False,True,0.6006948689752494,17,,3,1.417513208631353,2,1.1213300570386109,False,0.0043068789614011,,,monkeyM_session-o080506002-22_lfp-2,M,3,
41,False,True,0.8519247199292637,6,,3,1.4227554200255708,2,1.0448653541682291,False,0.0029552010941618,,,monkeyM_session-o080506002-22_lfp-2,M,3,
36,False,True,0.8945761864452086,8,,3,1.422536916641577,2,1.10411394447027,False,0.003000218742799,,,monkeyM_session-o080506002-22_lfp-2,M,3,
38,False,True,0.6794984549074051,15,,3,1.417645641658572,2,1.0219323772285778,False,0.0030375496786767,,,monkeyM_session-o080506002-22_lfp-2,M,3,
52,False,True,0.9622916707038244,8,,3,1.4210918460255957,2,1.1177167133497417,False,0.0038804770829941,,,monkeyM_session-o080506002-22_lfp-2,M,3,
55,False,True,0.6508843860236035,11,,3,1.418418093520656,2,1.0211490284077622,False,0.0040862563661603,,,monkeyM_session-o080506002-22_lfp-2,M,3,
54,False,True,0.7886592186975825,6,,3,1.4219100336783868,2,1.079111386295724,False,0.0032174002184106,,,monkeyM_session-o080506002-22_lfp-2,M,3,
35,False,True,0.4319468789582064,10,,3,1.4220212356943889,2,1.1072739485763476,False,0.0036080232851505,,,monkeyM_session-o080506002-22_lfp-2,M,3,
46,False,True,0.6931273695237042,12,,3,1.4179017883111733,2,1.030646125060431,False,0.0034176163864216,,,monkeyM_session-o080506002-22_lfp-2,M,3,
40,True,True,0.9224787907678752,9,,3,1.4163056432379342,2,1.040771297065936,False,0.0148928541608324,,,monkeyM_session-o080506002-22_lfp-2,M,3,
62,False,True,0.5913292873271402,9,,3,1.4227623533585598,2,1.1060052079712686,False,0.003392499343283,,,monkeyM_session-o080506002-22_lfp-2,M,3,
60,False,True,0.5891403991121814,12,,3,1.415510738264525,2,1.0889492113715242,False,0.0023704126583972,,,monkeyM_session-o080506002-22_lfp-2,M,3,
44,True,True,0.6523319417007897,22,,3,1.4169133938378289,2,1.058261163927744,False,0.0247698845421358,,,monkeyM_session-o080506002-22_lfp-2,M,3,
49,False,True,0.8477571896489502,10,,3,1.4223443165552685,2,1.0579578656434494,False,0.0052925629746773,,,monkeyM_session-o080506002-22_lfp-2,M,3,
61,False,True,0.8337132043053255,11,,3,1.4200988251666091,2,1.003005994979602,False,0.004080082754811,,,monkeyM_session-o080506002-22_lfp-2,M,3,
56,False,True,0.6258216979110514,11,,3,1.4217013713715636,2,1.038541344081252,False,0.0091519549628178,,,monkeyM_session-o080506002-22_lfp-2,M,3,
48,False,True,0.5119078457809063,9,,3,1.4149522476605283,2,1.0888988783642322,False,0.003148481020661,,,monkeyM_session-o080506002-22_lfp-2,M,3,
97,False,True,0.7010304077226377,7,,3,1.4221325227925756,2,1.0290558103415282,False,0.0037983023414636,,,monkeyM_session-o080506002-22_lfp-2,M,3,
71,False,True,0.8220904117099257,11,,3,1.4203529268652824,2,1.0640577766427086,False,0.0036202272053289,,,monkeyM_session-o080506002-22_lfp-2,M,3,
69,True,True,0.788051399050226,10,,3,1.4203348307592296,2,1.1533649409955078,False,0.0051011304902717,,,monkeyM_session-o080506002-22_lfp-2,M,3,
90,False,True,0.5900057580996513,15,,3,1.4175505989183066,2,1.1129200351327524,False,0.0026905359211912,,,monkeyM_session-o080506002-22_lfp-2,M,3,
83,True,True,0.5649643551092703,16,,3,1.4184968523562105,2,1.0718220393212443,False,0.0063878664247911,,,monkeyM_session-o080506002-22_lfp-2,M,3,
99,False,True,0.5491993800625137,8,,3,1.4171640607205749,2,1.1169820468387983,False,0.0306229561376962,,,monkeyM_session-o080506002-22_lfp-2,M,3,
91,False,True,0.7897760022436114,15,,3,1.4211860546851225,2,1.0271563804235246,False,0.0026854959052737,,,monkeyM_session-o080506002-22_lfp-2,M,3,
76,False,True,0.6722830082561334,12,,3,1.4230230735351543,2,1.06011326296908,False,0.0030767496208969,,,monkeyM_session-o080506002-22_lfp-2,M,3,
98,False,True,0.9591394459183744,29,,3,1.421767831073966,2,1.2527672903364218,True,0.0079999999324531,,,monkeyM_session-o080506002-22_lfp-2,M,3,
75,False,True,0.8737614842298379,15,,3,1.4217678310811914,2,1.1405315514779517,True,0.0079999995035144,,,monkeyM_session-o080506002-22_lfp-2,M,3,
95,False,True,0.697367782796768,14,,3,1.422880324303336,2,1.0174331985464056,False,0.0075249786792119,,,monkeyM_session-o080506002-22_lfp-2,M,3,
101,False,True,0.8398923163278503,8,,3,1.4161549537528506,2,1.1033884540316508,False,0.020810353689681,,,monkeyM_session-o080506002-22_lfp-2,M,3,
84,False,True,0.8283298799462081,14,,3,1.421707995291875,2,1.095000911534329,False,0.0045401038493251,,,monkeyM_session-o080506002-22_lfp-2,M,3,
94,False,True,0.9097760850361932,9,,3,1.4158465098613302,2,1.104274741609309,False,0.0034376110203107,,,monkeyM_session-o080506002-22_lfp-2,M,3,
92,False,True,0.6591056387640684,5,,3,1.4209094519893777,2,1.0726911508182209,False,0.003159478750355,,,monkeyM_session-o080506002-22_lfp-2,M,3,
81,True,True,0.7616978226506328,7,,3,1.4225886852677518,2,1.1180519741523145,False,0.004071536694254,,,monkeyM_session-o080506002-22_lfp-2,M,3,
80,False,True,0.7133540714206799,7,,3,1.4197956991082563,2,1.0810171057339453,False,0.0025904784480781,,,monkeyM_session-o080506002-22_lfp-2,M,3,
73,False,True,0.986485304977312,11,,3,1.42092261473464,2,1.3234477628068966,False,0.0040607276261477,,,monkeyM_session-o080506002-22_lfp-2,M,3,
100,False,True,0.8580282982022591,7,,3,1.4153016488196415,2,1.0874701034380452,False,0.0026598777536515,,,monkeyM_session-o080506002-22_lfp-2,M,3,
77,False,True,0.7135394547927224,69,,3,1.4187332846602163,2,1.0590970569110172,False,0.0022696346231878,,,monkeyM_session-o080506002-22_lfp-2,M,3,
74,False,True,0.7560918651363326,7,,3,1.422444176561098,2,1.0841756957975652,False,0.0023302532505535,,,monkeyM_session-o080506002-22_lfp-2,M,3,
79,False,True,0.8207686112503967,14,,3,1.4183799907886607,2,1.1303788363211145,False,0.0086917738053224,,,monkeyM_session-o080506002-22_lfp-2,M,3,
87,False,True,0.6647206716460431,5,,3,1.4224669521393196,2,1.0064691392497476,False,0.0040389093067978,,,monkeyM_session-o080506002-22_lfp-2,M,3,
93,False,True,0.9467705883159448,9,,3,1.4201855301746782,2,1.11559155804422,False,0.0034172882487544,,,monkeyM_session-o080506002-22_lfp-2,M,3,
96,True,True,0.8212261473602045,11,,3,1.4173472565385297,2,1.1595025906311516,False,0.0029828500190181,,,monkeyM_session-o080506002-22_lfp-2,M,3,
88,False,True,0.795425424640713,20,,3,1.420583512850721,2,1.1500402903403746,True,0.0039999999989204,,,monkeyM_session-o080506002-22_lfp-2,M,3,
72,False,True,0.8895291812867907,17,,3,1.421826059469077,2,1.1850866396704505,False,0.0054804336570368,,,monkeyM_session-o080506002-22_lfp-2,M,3,
82,False,True,0.7850192453371764,23,,3,1.421767831072879,2,1.1957591769658875,True,0.0079999999970281,,,monkeyM_session-o080506002-22_lfp-2,M,3,
85,True,True,0.7866793135977248,13,,3,1.4169929826941017,2,1.0856648095586332,False,0.0262906590189567,,,monkeyM_session-o080506002-22_lfp-2,M,3,
89,True,True,0.9612940783881512,6,,3,1.4198305769426531,2,1.048348223520458,False,0.0034461236046436,,,monkeyM_session-o080506002-22_lfp-2,M,3,
86,False,True,0.4693822919631963,8,,3,1.419843534764454,2,1.0384353145353156,False,0.0040630478955998,,,monkeyM_session-o080506002-22_lfp-2,M,3,
78,False,True,0.7474803140815323,18,,3,1.4217678311098942,2,1.0733927240146997,True,0.0079999977995099,,,monkeyM_session-o080506002-22_lfp-2,M,3,
70,True,True,0.7918597511517886,15,,3,1.4146969256713988,2,1.0820797193322762,False,0.0035051889616219,,,monkeyM_session-o080506002-22_lfp-2,M,3,
113,False,True,0.7523101151311009,12,,3,1.4219843787292894,2,1.120029557963716,False,0.0029873690098805,,,monkeyM_session-o080506002-22_lfp-2,M,3,
127,False,True,0.7731526205913127,9,,3,1.4228187324712678,2,1.0960163857784977,False,0.0037599719714602,,,monkeyM_session-o080506002-22_lfp-2,M,3,
129,False,True,0.5157750242470522,16,,3,1.4171127785091284,2,1.1156447886979437,False,0.0296737129378095,,,monkeyM_session-o080506002-22_lfp-2,M,3,
130,False,True,0.6932762001484296,10,,3,1.4229842746066923,2,1.0178463451728026,False,0.0124300575384737,,,monkeyM_session-o080506002-22_lfp-2,M,3,
135,False,True,0.7921029698430494,21,,3,1.416325401106988,2,1.1687602334130145,False,0.0027234229335384,,,monkeyM_session-o080506002-22_lfp-2,M,3,
117,False,True,0.8431735206878137,39,,3,1.4185862412541923,2,1.0842264747347004,False,0.0088709070765902,,,monkeyM_session-o080506002-22_lfp-2,M,3,
138,False,True,0.8510519818421762,27,,3,1.421433748449089,2,1.1742143679643944,False,0.0022741815193842,,,monkeyM_session-o080506002-22_lfp-2,M,3,
134,False,True,0.9034274781570552,15,,3,1.4178740516939083,2,1.17578086172503,False,0.0184945778595422,,,monkeyM_session-o080506002-22_lfp-2,M,3,
136,False,True,0.4652353955123575,9,,3,1.4198820467988682,2,1.0374162308339938,False,0.0024188180447701,,,monkeyM_session-o080506002-22_lfp-2,M,3,
104,False,True,0.7771790097277861,12,,3,1.4200950565812134,2,1.0898934557463251,False,0.0043930265591596,,,monkeyM_session-o080506002-22_lfp-2,M,3,
107,False,True,0.919307777486814,62,,3,1.419715761353622,2,1.1717524936669084,False,0.0049638710355948,,,monkeyM_session-o080506002-22_lfp-2,M,3,
126,False,True,0.6642360361787074,23,,3,1.4144212236801743,2,1.073348827976479,False,0.0038917223596683,,,monkeyM_session-o080506002-22_lfp-2,M,3,
122,False,True,0.8188161799048866,11,,3,1.4217412410817083,2,1.065742345588533,False,0.0034328488582833,,,monkeyM_session-o080506002-22_lfp-2,M,3,
110,False,True,0.6361907369301764,12,,3,1.4225451026584144,2,1.1909172091321798,False,0.0134038817954489,,,monkeyM_session-o080506002-22_lfp-2,M,3,
109,False,True,0.8893466968846969,22,,3,1.4221031221418512,2,1.097095199742248,False,0.0043350191697895,,,monkeyM_session-o080506002-22_lfp-2,M,3,
106,False,True,0.793753759603737,25,,3,1.4218765263835786,2,1.080991296267705,False,0.004556801744278,,,monkeyM_session-o080506002-22_lfp-2,M,3,
115,True,True,0.7142060045924913,11,,3,1.4145436603836623,2,1.082013439226709,False,0.0037198613416355,,,monkeyM_session-o080506002-22_lfp-2,M,3,
137,False,True,0.8502014941728772,8,,3,1.4195975388548074,2,1.0431672752616428,False,0.0058089718900322,,,monkeyM_session-o080506002-22_lfp-2,M,3,
118,False,True,0.3803873482633889,9,,3,1.422483913381755,2,1.0478097464981773,False,0.003377370756024,,,monkeyM_session-o080506002-22_lfp-2,M,3,
139,True,True,0.9148802399407664,9,,3,1.4197320940899725,2,1.0510501185389631,False,0.0038742901386665,,,monkeyM_session-o080506002-22_lfp-2,M,3,
108,False,True,0.8081759946868591,8,,3,1.423587544148302,2,1.1189702350637838,False,0.0060694833987278,,,monkeyM_session-o080506002-22_lfp-2,M,3,
125,True,True,0.5685498366088264,16,,3,1.416283851924835,2,1.1063760587574083,False,0.0050424835179483,,,monkeyM_session-o080506002-22_lfp-2,M,3,
111,True,True,0.7476502630538764,10,,3,1.4191455402199675,2,1.0674651265593469,False,0.0033290190665793,,,monkeyM_session-o080506002-22_lfp-2,M,3,
128,False,True,0.6482736018705679,6,,3,1.416419864087363,2,1.0377164763824058,False,0.0158857893315647,,,monkeyM_session-o080506002-22_lfp-2,M,3,
124,False,True,0.9146929644321392,15,,3,1.4225886646203607,2,1.0732283371835385,False,0.0049998295894848,,,monkeyM_session-o080506002-22_lfp-2,M,3,
123,True,True,0.974994555236648,7,,3,1.4192339657250397,2,1.129962209736164,False,0.0032840060310466,,,monkeyM_session-o080506002-22_lfp-2,M,3,
132,False,True,0.7244011572091144,34,,3,1.4206852791640232,2,1.0588617874844972,False,0.0031230359107103,,,monkeyM_session-o080506002-22_lfp-2,M,3,
121,False,True,0.826368073707005,8,,3,1.421044292139163,2,1.0567749702625282,False,0.0124214961670983,,,monkeyM_session-o080506002-22_lfp-2,M,3,
102,False,True,0.8523560002220024,15,,3,1.421767831072844,2,1.1997235035307992,True,0.0079999999990412,,,monkeyM_session-o080506002-22_lfp-2,M,3,
116,False,True,0.575643440922626,21,,3,1.4208972489966798,2,1.1373714668890504,False,0.0094697012371873,,,monkeyM_session-o080506002-22_lfp-2,M,3,
140,False,True,0.8340140767681563,18,,3,1.4217678310728283,2,1.129488005516463,True,0.0079999999999995,,,monkeyM_session-o080506002-22_lfp-2,M,3,
119,False,True,0.4431434517165728,8,,3,1.4222202528320067,2,1.0493319106343972,False,0.0029544093794635,,,monkeyM_session-o080506002-22_lfp-2,M,3,
133,True,True,0.6162774086608137,7,,3,1.4158955152655317,2,1.064179366733673,False,0.0031651883602936,,,monkeyM_session-o080506002-22_lfp-2,M,3,
146,False,True,0.7023386628953139,29,,3,1.4183904849926794,2,1.210051588767875,False,0.0025738715038841,,,monkeyM_session-o080506002-22_lfp-2,M,3,
163,True,True,0.848346197002619,39,,3,1.421341696185749,2,1.1862484955200443,False,0.0026809215021228,,,monkeyM_session-o080506002-22_lfp-2,M,3,
169,False,True,0.7267503776216534,13,,3,1.4217678310728377,2,1.1758975307725998,True,0.0079999999994311,,,monkeyM_session-o080506002-22_lfp-2,M,3,
154,False,True,0.934685644802918,30,,3,1.420583512827456,2,1.131473600339972,True,0.0039999998653454,,,monkeyM_session-o080506002-22_lfp-2,M,3,
168,False,True,0.8063665339866832,10,,3,1.4194695197726126,2,1.1359641007225616,False,0.0059654956599208,,,monkeyM_session-o080506002-22_lfp-2,M,3,
175,False,True,0.7510987621558138,17,,3,1.4226575538287234,2,1.0176548393320393,False,0.0039149572052892,,,monkeyM_session-o080506002-22_lfp-2,M,3,
159,False,True,0.7852736082594873,6,,3,1.417916878667192,2,1.0742725369363983,False,0.0145170340351679,,,monkeyM_session-o080506002-22_lfp-2,M,3,
143,True,True,0.65927477858086,50,,3,1.42354155486947,2,1.1052038393105956,False,0.0039635382928548,,,monkeyM_session-o080506002-22_lfp-2,M,3,
155,False,True,0.9331672882879322,4,,3,1.4214368844857976,2,1.0927108751290222,False,0.0091036857534891,,,monkeyM_session-o080506002-22_lfp-2,M,3,
156,False,True,0.6115068319992207,9,,3,1.4226263107231067,2,1.1201586956313372,False,0.0066524096536331,,,monkeyM_session-o080506002-22_lfp-2,M,3,
153,True,True,0.9239863535850124,13,,3,1.4168775049959486,2,1.0804851881973427,False,0.0039069470102661,,,monkeyM_session-o080506002-22_lfp-2,M,3,
151,False,True,0.788519015274012,10,,3,1.4185442130502026,2,1.091869847131994,False,0.0052861562251651,,,monkeyM_session-o080506002-22_lfp-2,M,3,
142,False,True,0.8276581353961129,5,,3,1.4225699561946556,2,1.0387069933778403,False,0.0034129943926348,,,monkeyM_session-o080506002-22_lfp-2,M,3,
172,False,True,0.9208000997716358,5,,3,1.4180845847431005,2,1.0883768123149553,False,0.0036917997930245,,,monkeyM_session-o080506002-22_lfp-2,M,3,
167,False,True,0.802849700905442,5,,3,1.4210866403134852,2,1.0100370323785504,False,0.0039133507896655,,,monkeyM_session-o080506002-22_lfp-2,M,3,
141,False,True,0.834500930404013,19,,3,1.421767831074119,2,1.181877100437723,True,0.0079999999233799,,,monkeyM_session-o080506002-22_lfp-2,M,3,
144,False,True,0.8496284832585692,20,,3,1.4176555311845451,2,1.1064648103819388,False,0.0023702765042576,,,monkeyM_session-o080506002-22_lfp-2,M,3,
173,False,True,0.7716733435156113,7,,3,1.419303363776456,2,1.0834222959187794,False,0.0039670591026754,,,monkeyM_session-o080506002-22_lfp-2,M,3,
164,False,True,0.835601350479164,9,,3,1.4224158822815602,2,1.039125522414569,False,0.0037209964540498,,,monkeyM_session-o080506002-22_lfp-2,M,3,
166,False,True,0.4910230527217123,6,,3,1.4202103667267898,2,1.0597968150835195,False,0.0034901537395035,,,monkeyM_session-o080506002-22_lfp-2,M,3,
174,True,True,0.816963404861919,5,,3,1.4188298227937148,2,1.1144769699205346,False,0.0034364784836888,,,monkeyM_session-o080506002-22_lfp-2,M,3,
148,False,True,0.7181699613190242,24,,3,1.4229487606418827,2,1.0320247682825696,False,0.013837907000469,,,monkeyM_session-o080506002-22_lfp-2,M,3,
150,False,True,0.8487615112821847,12,,3,1.421163245741561,2,1.1213216659930136,False,0.0032247749309419,,,monkeyM_session-o080506002-22_lfp-2,M,3,
157,False,True,0.8458204564046974,10,,3,1.4230217503831943,2,1.0579922115223923,False,0.0032535023652009,,,monkeyM_session-o080506002-22_lfp-2,M,3,
165,True,True,0.6309558552434933,14,,3,1.419464050289183,2,1.13466737915529,False,0.0059042477784521,,,monkeyM_session-o080506002-22_lfp-2,M,3,
160,False,True,0.804706635340049,6,,3,1.4222649444937387,2,1.153650455321594,False,0.0030070880672443,,,monkeyM_session-o080506002-22_lfp-2,M,3,
161,False,True,0.4783876168316768,5,,3,1.4221112800931353,2,1.0580291592369415,False,0.0081537330031031,,,monkeyM_session-o080506002-22_lfp-2,M,3,
171,False,True,0.5949856759423708,6,,3,1.423017269631133,2,1.023303333863087,False,0.0054259968804184,,,monkeyM_session-o080506002-22_lfp-2,M,3,
152,True,True,0.8760191146916304,7,,3,1.416387266967179,2,1.0953772157952193,False,0.01649351077481,,,monkeyM_session-o080506002-22_lfp-2,M,3,
170,False,True,0.550404948657422,7,,3,1.421913586954102,2,1.1128669947117238,False,0.0031286958720162,,,monkeyM_session-o080506002-22_lfp-2,M,3,
149,False,True,0.898458174722387,10,,3,1.4174913019591002,2,1.1313829406314215,False,0.0229168773169533,,,monkeyM_session-o080506002-22_lfp-2,M,3,
162,False,True,0.6736649908555631,10,,3,1.4157533935265698,2,1.1095799940378612,False,0.0056251878054198,,,monkeyM_session-o080506002-22_lfp-2,M,3,
145,True,True,0.840820544456717,10,,3,1.423386995907712,2,1.0751963490640628,False,0.0093696263638316,,,monkeyM_session-o080506002-22_lfp-2,M,3,
184,True,True,0.9432185511204608,17,,3,1.4171577837367624,2,1.3528933511743992,False,0.0038976290101624,,,monkeyM_session-o080506002-22_lfp-2,M,3,
189,False,True,0.534494221104414,9,,3,1.4229990828550685,2,1.0504079450212818,False,0.0042981548577447,,,monkeyM_session-o080506002-22_lfp-2,M,3,
203,False,True,0.9711090680211482,22,,3,1.4217678310729216,2,1.1554851862963629,True,0.0079999999944702,,,monkeyM_session-o080506002-22_lfp-2,M,3,
211,False,True,0.6586265056636998,16,,3,1.4202800438678305,2,1.1255760396371168,False,0.0039193867446618,,,monkeyM_session-o080506002-22_lfp-2,M,3,
186,False,True,0.7686671231735193,8,,3,1.4209139752563196,2,1.0352034383950917,False,0.0035428531050278,,,monkeyM_session-o080506002-22_lfp-2,M,3,
181,False,True,0.4614259509917801,14,,3,1.4186570080090006,2,1.1228590588944598,False,0.0075739162867267,,,monkeyM_session-o080506002-22_lfp-2,M,3,
198,True,True,0.8665124805736122,25,,3,1.422967351650561,2,1.120198501404508,False,0.0147496866730656,,,monkeyM_session-o080506002-22_lfp-2,M,3,
202,False,True,0.7181110264086386,52,,3,1.421529851383739,2,1.0246011068791006,False,0.0070040133012652,,,monkeyM_session-o080506002-22_lfp-2,M,3,
199,False,True,0.680258412368413,22,,3,1.420334218936893,2,1.092888735482945,False,0.0033810785796126,,,monkeyM_session-o080506002-22_lfp-2,M,3,
195,False,True,0.5154349069213185,8,,3,1.418446624449059,2,1.016803190773621,False,0.0042431708769354,,,monkeyM_session-o080506002-22_lfp-2,M,3,
188,True,True,0.7968312302748426,8,,3,1.4220102748038923,2,1.0204272949467352,False,0.0035393422964471,,,monkeyM_session-o080506002-22_lfp-2,M,3,
210,False,True,0.4026608769834139,10,,3,1.417529626142504,2,1.0292591918866147,False,0.0027253437787084,,,monkeyM_session-o080506002-22_lfp-2,M,3,
187,True,True,0.8260273079081564,47,,3,1.4217678310728372,2,1.200547041014509,True,0.0079999999995052,,,monkeyM_session-o080506002-22_lfp-2,M,3,
179,False,True,0.7092770497511497,28,,3,1.4160671375836769,2,1.1386828766920614,False,0.0026071110061671,,,monkeyM_session-o080506002-22_lfp-2,M,3,
196,False,True,0.6319505644755351,15,,3,1.4205835128509092,2,1.1789667148631144,True,0.0040000000000013,,,monkeyM_session-o080506002-22_lfp-2,M,3,
183,True,True,0.8883733260224598,18,,3,1.4144151044531734,2,1.1078299652225094,False,0.0039003212804109,,,monkeyM_session-o080506002-22_lfp-2,M,3,
200,False,True,0.9447254732429662,13,,3,1.4155015020551256,2,1.128673069579948,False,0.0053549270175752,,,monkeyM_session-o080506002-22_lfp-2,M,3,
208,False,True,0.9575447738765184,5,,3,1.4177848186564297,2,1.0541250681759275,False,0.0032434904382689,,,monkeyM_session-o080506002-22_lfp-2,M,3,
178,False,True,0.7429102694634678,14,,3,1.4206502320679315,2,1.052380944073253,False,0.0050987086543745,,,monkeyM_session-o080506002-22_lfp-2,M,3,
194,False,True,0.9035495925614244,40,,3,1.4217678310728283,2,1.1227405554542245,True,0.0079999999999995,,,monkeyM_session-o080506002-22_lfp-2,M,3,
182,False,True,0.7094058546359169,10,,3,1.4170103734939714,2,1.0180013131462968,False,0.0047720447317083,,,monkeyM_session-o080506002-22_lfp-2,M,3,
177,False,True,0.9452313470059538,6,,3,1.418966744874421,2,1.0441944530415546,False,0.0049534110605833,,,monkeyM_session-o080506002-22_lfp-2,M,3,
192,False,True,0.725197828598341,14,,3,1.4236050560265543,2,1.138573656991589,False,0.0069467613198583,,,monkeyM_session-o080506002-22_lfp-2,M,3,
185,False,True,0.6501147410381468,16,,3,1.41797946438918,2,1.14651289343129,False,0.0024883391800401,,,monkeyM_session-o080506002-22_lfp-2,M,3,
190,False,True,0.7100401024449983,13,,3,1.4217678310728283,2,1.1660911208956075,True,0.0079999999999933,,,monkeyM_session-o080506002-22_lfp-2,M,3,
197,False,True,0.96898482931821,6,,3,1.4219661864035351,2,1.0786190943410725,False,0.005940855128744,,,monkeyM_session-o080506002-22_lfp-2,M,3,
212,False,True,0.7613626806681408,13,,3,1.4201464805629298,2,1.0371885454523615,False,0.0033339462063337,,,monkeyM_session-o080506002-22_lfp-2,M,3,
193,True,True,0.9223900124008484,6,,3,1.417884276303798,2,1.0683479421492836,False,0.0032597879842253,,,monkeyM_session-o080506002-22_lfp-2,M,3,
191,False,True,0.8663029115174282,102,,3,1.4179184677112036,2,1.1478094597785202,False,0.017644066217719,,,monkeyM_session-o080506002-22_lfp-2,M,3,
209,False,True,0.9109283723300738,5,,3,1.4212620317016975,2,1.168020712338551,False,0.00457041628492,,,monkeyM_session-o080506002-22_lfp-2,M,3,
176,False,True,0.9009156806189748,8,,3,1.4235072333914085,2,1.09799326829747,False,0.0022290423219732,,,monkeyM_session-o080506002-22_lfp-2,M,3,
206,False,True,0.8462643470526305,10,,3,1.4212346744479438,2,1.0071368190676586,False,0.0038862538533721,,,monkeyM_session-o080506002-22_lfp-2,M,3,
201,False,True,0.9795823897737708,10,,3,1.4175495111948269,2,1.0463587486484909,False,0.0246587007120964,,,monkeyM_session-o080506002-22_lfp-2,M,3,
8,False,True,0.9043541533879376,6,,3,1.4217979577926163,2,1.3066043128359972,False,0.0098986465271675,,,monkeyM_session-o080506002-22_lfp-2,M,4,
28,False,True,0.8414562673501645,13,,3,1.42147011918768,2,1.0617357638553504,True,0.009999999910836,,,monkeyM_session-o080506002-22_lfp-2,M,4,
3,False,True,0.8061545516809161,8,,3,1.417766102904421,2,1.2048394663628663,False,0.0190892235676451,,,monkeyM_session-o080506002-22_lfp-2,M,4,
5,False,True,0.8391073242803745,15,,3,1.421522270217822,2,1.3776377348115765,True,0.0039999999997952,,,monkeyM_session-o080506002-22_lfp-2,M,4,
18,True,True,0.6912501969477883,16,,3,1.4144948433528777,2,1.2859529377496155,False,0.0031575545634661,,,monkeyM_session-o080506002-22_lfp-2,M,4,
22,False,True,0.6697434527648795,18,,3,1.4159007912456598,2,1.0986226385331763,False,0.0037380917978522,,,monkeyM_session-o080506002-22_lfp-2,M,4,
10,False,True,0.5088370956049126,16,,3,1.4214701191909582,2,1.0418126581117904,True,0.0099999999998323,,,monkeyM_session-o080506002-22_lfp-2,M,4,
27,False,True,0.8391399035339971,13,,3,1.4214701191906545,2,1.016407228343711,True,0.0099999999915842,,,monkeyM_session-o080506002-22_lfp-2,M,4,
31,True,True,0.8108398227138032,12,,3,1.4220393559123847,2,1.3192008797260868,False,0.0106173410281948,,,monkeyM_session-o080506002-22_lfp-2,M,4,
16,True,True,0.9247568152051144,16,,3,1.419171081504524,2,1.2477805728611029,False,0.0025297938900372,,,monkeyM_session-o080506002-22_lfp-2,M,4,
9,True,True,0.8137136405058396,14,,3,1.4196193705759668,2,1.006305535471781,False,0.0054584441769311,,,monkeyM_session-o080506002-22_lfp-2,M,4,
23,False,True,0.7873798348661348,11,,3,1.4202534196340106,2,1.0055345568127387,False,0.0041939156911876,,,monkeyM_session-o080506002-22_lfp-2,M,4,
7,False,True,0.8037311555791903,12,,3,1.4220503682831214,2,1.293551330862244,False,0.0038408579178561,,,monkeyM_session-o080506002-22_lfp-2,M,4,
25,False,True,0.3726351624543959,14,,3,1.4214701191909245,2,1.030996948444608,True,0.0099999999989095,,,monkeyM_session-o080506002-22_lfp-2,M,4,
13,False,True,0.7825048203324576,11,,3,1.4219063816239066,2,1.1188591158801229,False,0.0035696048538662,,,monkeyM_session-o080506002-22_lfp-2,M,4,
12,False,True,0.936175615796461,4,,3,1.4216813304847338,2,1.274260091163999,False,0.0041085273069754,,,monkeyM_session-o080506002-22_lfp-2,M,4,
1,True,True,0.6438619251595205,7,,3,1.4220074783144807,2,1.1320027843911613,False,0.0039075525097742,,,monkeyM_session-o080506002-22_lfp-2,M,4,
24,False,True,0.7882981930644518,7,,3,1.4202256021991662,2,1.1880748617143382,False,0.0031966949897483,,,monkeyM_session-o080506002-22_lfp-2,M,4,
21,False,True,0.9396954655137878,21,,3,1.4195064417025447,2,1.2983425200756131,False,0.0082731838425234,,,monkeyM_session-o080506002-22_lfp-2,M,4,
17,False,True,0.9064721446498976,7,,3,1.4224306698404272,2,1.0829644992971366,False,0.005911187168945,,,monkeyM_session-o080506002-22_lfp-2,M,4,
33,False,True,0.9676054335245068,34,,3,1.4206298993667832,2,1.1592977912831273,False,0.0023268764653803,,,monkeyM_session-o080506002-22_lfp-2,M,4,
19,False,True,0.8816885527229996,7,,3,1.4194303016269136,2,1.065193916640968,False,0.0066191424559163,,,monkeyM_session-o080506002-22_lfp-2,M,4,
30,False,True,0.6363405668640157,18,,3,1.4214701191909642,2,1.0614227986303844,True,0.0099999999999997,,,monkeyM_session-o080506002-22_lfp-2,M,4,
4,False,True,0.6646984786808501,13,,3,1.4150384221416934,2,1.1063490457125371,False,0.0030282851691527,,,monkeyM_session-o080506002-22_lfp-2,M,4,
0,False,True,0.9140086159839363,8,,3,1.4178477492429824,2,1.1367261528104209,False,0.0189974094236649,,,monkeyM_session-o080506002-22_lfp-2,M,4,
32,False,True,0.7981113161249009,18,,3,1.4172604852019173,2,1.3363728726347697,False,0.0063961294905956,,,monkeyM_session-o080506002-22_lfp-2,M,4,
29,False,True,0.8695996161826912,7,,3,1.421209932242889,2,1.037677292770928,False,0.0023264725987077,,,monkeyM_session-o080506002-22_lfp-2,M,4,
26,False,True,0.7873128443269435,15,,3,1.4225184878878527,2,1.0468425611238816,False,0.0091935196100196,,,monkeyM_session-o080506002-22_lfp-2,M,4,
15,False,True,0.8066325597703986,11,,3,1.4229334217130816,2,1.0406010123824998,False,0.0122323935360246,,,monkeyM_session-o080506002-22_lfp-2,M,4,
2,False,True,0.9694676646863132,12,,3,1.4183364392335704,2,1.3001818109634584,False,0.0316470455858952,,,monkeyM_session-o080506002-22_lfp-2,M,4,
14,False,True,0.9465595539822556,9,,3,1.421305855028046,2,1.4107657545222734,False,0.0033510137270793,,,monkeyM_session-o080506002-22_lfp-2,M,4,
20,True,True,0.9268349717019606,8,,3,1.4205925554335168,2,1.1851745893817902,False,0.0035959944344066,,,monkeyM_session-o080506002-22_lfp-2,M,4,
11,False,True,0.8268989819830012,8,,3,1.4230223600517768,2,1.07495900236042,False,0.0031805405449292,,,monkeyM_session-o080506002-22_lfp-2,M,4,
66,False,True,0.8467296872838405,15,,3,1.4223928370037786,2,1.3709045081107976,False,0.0039118219473626,,,monkeyM_session-o080506002-22_lfp-2,M,4,
64,True,True,0.853233474479565,10,,3,1.4177163939569877,2,1.1382627196770976,False,0.0037180083592707,,,monkeyM_session-o080506002-22_lfp-2,M,4,
45,False,True,0.9085990511866568,9,,3,1.4229983870538072,2,1.0360490278632082,False,0.0100787545667686,,,monkeyM_session-o080506002-22_lfp-2,M,4,
68,True,True,0.6188267507189779,18,,3,1.4171035779254253,2,1.0705957968598878,False,0.0022466273121377,,,monkeyM_session-o080506002-22_lfp-2,M,4,
57,False,True,0.8978604987050391,21,,3,1.4230227879941946,2,1.0424713344787249,False,0.0026640231779171,,,monkeyM_session-o080506002-22_lfp-2,M,4,
43,True,True,0.7905078133022099,14,,3,1.4229651131650214,2,1.008229044463433,False,0.0150289973730277,,,monkeyM_session-o080506002-22_lfp-2,M,4,
42,False,True,0.421094866748737,12,,3,1.416831639486996,2,1.0352289576620648,False,0.0062388485272235,,,monkeyM_session-o080506002-22_lfp-2,M,4,
53,True,True,0.9194489917067264,13,,3,1.4172890498988762,2,1.0989660472143647,False,0.0089591568978524,,,monkeyM_session-o080506002-22_lfp-2,M,4,
63,False,True,0.4587532373138339,13,,3,1.4229382167059077,2,1.03818880698104,False,0.0053027840901238,,,monkeyM_session-o080506002-22_lfp-2,M,4,
67,False,True,0.664711745127609,31,,3,1.423014838927465,2,1.0414131548179832,False,0.0037725194801856,,,monkeyM_session-o080506002-22_lfp-2,M,4,
65,False,True,0.952596946965057,11,,3,1.417469331360513,2,1.3331942077829135,False,0.0028789298438582,,,monkeyM_session-o080506002-22_lfp-2,M,4,
47,True,True,0.9686738063601792,12,,3,1.4208977050863454,2,1.244246289365118,False,0.004423338612951,,,monkeyM_session-o080506002-22_lfp-2,M,4,
37,False,True,0.5887506198578395,11,,3,1.423018800085618,2,1.037846316667783,False,0.003517409760632,,,monkeyM_session-o080506002-22_lfp-2,M,4,
34,False,True,0.8081540248096862,6,,3,1.4206335944370612,2,1.222937634161519,False,0.002325265979457,,,monkeyM_session-o080506002-22_lfp-2,M,4,
39,True,True,0.738580577772173,9,,3,1.4202437524205591,2,1.2128983761069376,False,0.0034280496950458,,,monkeyM_session-o080506002-22_lfp-2,M,4,
59,False,True,0.628947400774143,16,,3,1.421522270217823,2,1.411522807061977,True,0.0039999999999977,,,monkeyM_session-o080506002-22_lfp-2,M,4,
51,False,True,0.6006948682852207,11,,3,1.4175231783889128,2,1.1213307086296334,False,0.004367779416099,,,monkeyM_session-o080506002-22_lfp-2,M,4,
41,False,True,0.8519247123816116,13,,3,1.4227547002218368,2,1.0448705985821705,False,0.0029628363871161,,,monkeyM_session-o080506002-22_lfp-2,M,4,
36,False,True,0.8573491077760337,17,,3,1.420561621475812,2,1.222059749366261,False,0.0052539163199014,,,monkeyM_session-o080506002-22_lfp-2,M,4,
38,False,True,0.6794984754456449,18,,3,1.417666707561837,2,1.0219346924080517,False,0.0030686377300055,,,monkeyM_session-o080506002-22_lfp-2,M,4,
52,False,True,0.8325339063271098,9,,3,1.4149487891771575,2,1.218406618565594,False,0.0031540009865489,,,monkeyM_session-o080506002-22_lfp-2,M,4,
55,True,True,0.6508843833328295,18,,3,1.418408799289626,2,1.021141670472201,False,0.0040716045822319,,,monkeyM_session-o080506002-22_lfp-2,M,4,
54,False,True,0.7886592178584234,9,,3,1.4219082755354076,2,1.079115090253627,False,0.003269439693613,,,monkeyM_session-o080506002-22_lfp-2,M,4,
35,False,True,0.8750952960524595,5,,3,1.4219787691343715,2,1.1258359918107468,False,0.0031370734314677,,,monkeyM_session-o080506002-22_lfp-2,M,4,
46,False,True,0.6931273694486574,15,,3,1.4179152474601575,2,1.030637746921784,False,0.0034377164556653,,,monkeyM_session-o080506002-22_lfp-2,M,4,
40,False,True,0.9224787907452944,5,,3,1.4163055442675467,2,1.0407718897951923,False,0.0148910560748878,,,monkeyM_session-o080506002-22_lfp-2,M,4,
62,False,True,0.8664773773853875,4,,3,1.4214405834926962,2,1.2797966234873814,False,0.0023233765232308,,,monkeyM_session-o080506002-22_lfp-2,M,4,
60,False,True,0.5891403991382916,8,,3,1.415509836597932,2,1.0889470076634868,False,0.0023716680297098,,,monkeyM_session-o080506002-22_lfp-2,M,4,
44,False,True,0.6819672491588257,14,,3,1.4214701191909642,2,1.0316977622498555,True,0.0099999999999997,,,monkeyM_session-o080506002-22_lfp-2,M,4,
49,False,True,0.8477571929562521,14,,3,1.4223439928028805,2,1.057957871929336,False,0.005283772036603,,,monkeyM_session-o080506002-22_lfp-2,M,4,
61,False,True,0.8337131997091426,10,,3,1.420109064335482,2,1.002937343487889,False,0.0039714370676726,,,monkeyM_session-o080506002-22_lfp-2,M,4,
56,False,True,0.6258216961913209,14,,3,1.4217083112910482,2,1.0385380512133824,False,0.0089617704036064,,,monkeyM_session-o080506002-22_lfp-2,M,4,
48,False,True,0.5119078457814829,6,,3,1.4149522135326895,2,1.0888990223193225,False,0.0031485286387784,,,monkeyM_session-o080506002-22_lfp-2,M,4,
97,False,True,0.7010304074765074,10,,3,1.4221330956340572,2,1.0290549852642907,False,0.0038034397803983,,,monkeyM_session-o080506002-22_lfp-2,M,4,
71,False,True,0.8220904039610845,12,,3,1.4203414647722832,2,1.064078309778234,False,0.0034736269747712,,,monkeyM_session-o080506002-22_lfp-2,M,4,
69,False,True,0.9669162050413224,6,,3,1.417484367159766,2,1.1855711611718502,False,0.0130715808655408,,,monkeyM_session-o080506002-22_lfp-2,M,4,
90,True,True,0.981012547312369,14,,3,1.4221236857876152,2,1.2391735554787744,False,0.0054128061149349,,,monkeyM_session-o080506002-22_lfp-2,M,4,
83,False,True,0.5649643595668621,12,,3,1.418490117271325,2,1.0718424944038114,False,0.0065210968916884,,,monkeyM_session-o080506002-22_lfp-2,M,4,
99,True,True,0.5491993800193067,7,,3,1.4171637669644253,2,1.116982229893399,False,0.0306175144186369,,,monkeyM_session-o080506002-22_lfp-2,M,4,
91,False,True,0.774334364226695,15,,3,1.418244830525389,2,1.3408166276476103,False,0.0113908786757686,,,monkeyM_session-o080506002-22_lfp-2,M,4,
76,False,True,0.6722830067828639,14,,3,1.4230228993252287,2,1.0601174936235565,False,0.0031046759490545,,,monkeyM_session-o080506002-22_lfp-2,M,4,
98,False,True,0.9581401951180312,12,,3,1.4178809055756227,2,1.3064533188164305,False,0.0215736242770796,,,monkeyM_session-o080506002-22_lfp-2,M,4,
75,False,True,0.8727926783993545,8,,3,1.4207394498038126,2,1.1438046335732452,False,0.0043856613731902,,,monkeyM_session-o080506002-22_lfp-2,M,4,
95,False,True,0.6973677834781663,23,,3,1.4228829014843754,2,1.0174432112348977,False,0.0077310456336752,,,monkeyM_session-o080506002-22_lfp-2,M,4,
101,False,True,0.7562012087683476,13,,3,1.4160621522874608,2,1.2549190929259262,False,0.0109777938140716,,,monkeyM_session-o080506002-22_lfp-2,M,4,
84,True,True,0.828329883026947,8,,3,1.4217115487086005,2,1.095002526606775,False,0.0044721514014289,,,monkeyM_session-o080506002-22_lfp-2,M,4,
94,False,True,0.6781576625517609,8,,3,1.421873449551613,2,1.1637342434080715,False,0.0060420689915954,,,monkeyM_session-o080506002-22_lfp-2,M,4,
92,False,True,0.98314715529919,7,,3,1.4196995287564953,2,1.231511641182213,False,0.0023307145218822,,,monkeyM_session-o080506002-22_lfp-2,M,4,
81,False,True,0.7656222487268715,14,,3,1.4214701191909642,2,1.0894578256871332,True,0.0099999999999997,,,monkeyM_session-o080506002-22_lfp-2,M,4,
80,False,True,0.7133540735634156,15,,3,1.419789835940924,2,1.0810179352292872,False,0.0026869382978516,,,monkeyM_session-o080506002-22_lfp-2,M,4,
73,False,True,0.8725483429805844,9,,3,1.4211747597847466,2,1.0708137808489693,False,0.0046138026053785,,,monkeyM_session-o080506002-22_lfp-2,M,4,
100,True,True,0.7666342237948465,6,,3,1.4219630158714305,2,1.1243579812460751,False,0.0039108082194001,,,monkeyM_session-o080506002-22_lfp-2,M,4,
77,False,True,0.7135394327543182,44,,3,1.4185982316049297,2,1.0603581658526613,False,0.0043755306305215,,,monkeyM_session-o080506002-22_lfp-2,M,4,
74,False,True,0.7579526495598918,14,,3,1.4214701191909636,2,1.0850728484456085,True,0.0099999999999966,,,monkeyM_session-o080506002-22_lfp-2,M,4,
79,False,True,0.820768611384581,9,,3,1.4183755501555948,2,1.130368067163217,False,0.0087790003096619,,,monkeyM_session-o080506002-22_lfp-2,M,4,
87,False,True,0.8505747882017977,44,,3,1.4209227075825082,2,1.338365997038661,False,0.0051116703823042,,,monkeyM_session-o080506002-22_lfp-2,M,4,
93,False,True,0.5852302665472214,8,,3,1.4168663843076983,2,1.2002075246084138,False,0.0062934561164853,,,monkeyM_session-o080506002-22_lfp-2,M,4,
96,False,True,0.8498575303342518,10,,3,1.421988268811435,2,1.304283893633153,False,0.0046492635360415,,,monkeyM_session-o080506002-22_lfp-2,M,4,
88,True,True,0.8302373239230213,9,,3,1.4191003392799808,2,1.216927118127218,False,0.01490223219816,,,monkeyM_session-o080506002-22_lfp-2,M,4,
72,True,True,0.8895291849643776,14,,3,1.421808099810743,2,1.1852787051446214,False,0.0058048322629487,,,monkeyM_session-o080506002-22_lfp-2,M,4,
82,False,True,0.7433158049906122,45,,3,1.4184055179447828,2,1.220961390122743,False,0.0079235736817255,,,monkeyM_session-o080506002-22_lfp-2,M,4,
85,False,True,0.816370013618818,22,,3,1.421470119190955,2,1.0984583426447103,True,0.0099999999997528,,,monkeyM_session-o080506002-22_lfp-2,M,4,
89,False,True,0.9514355614922292,8,,3,1.4223069903526986,2,1.224509012825299,False,0.0040441722969308,,,monkeyM_session-o080506002-22_lfp-2,M,4,
86,False,True,0.4693822924991083,6,,3,1.4198439050066696,2,1.0384347579199018,False,0.004063678962991,,,monkeyM_session-o080506002-22_lfp-2,M,4,
78,False,True,0.7471204840261925,10,,3,1.4213170979351213,2,1.082423006617338,False,0.0050228830997536,,,monkeyM_session-o080506002-22_lfp-2,M,4,
70,False,True,0.7918597489740251,13,,3,1.4146810624179322,2,1.0820853429897206,False,0.0035273865047713,,,monkeyM_session-o080506002-22_lfp-2,M,4,
113,False,True,0.7523101052832233,17,,3,1.4219771325355657,2,1.1200499300975066,False,0.0029075008131265,,,monkeyM_session-o080506002-22_lfp-2,M,4,
127,True,True,0.7731526174608631,10,,3,1.4228171450556313,2,1.096031599387526,False,0.0038079165712785,,,monkeyM_session-o080506002-22_lfp-2,M,4,
129,False,True,0.5157750201797643,14,,3,1.4171030288380648,2,1.1156847768925495,False,0.0294934107722752,,,monkeyM_session-o080506002-22_lfp-2,M,4,
130,False,True,0.6932762001477587,10,,3,1.4229843827173825,2,1.0178474950821603,False,0.0124137979185405,,,monkeyM_session-o080506002-22_lfp-2,M,4,
135,False,True,0.7921029736696393,13,,3,1.4163534686369923,2,1.1687008880009064,False,0.0025614477966611,,,monkeyM_session-o080506002-22_lfp-2,M,4,
117,True,True,0.843173504880023,18,,3,1.418632129952588,2,1.084467901377122,False,0.0080309648860206,,,monkeyM_session-o080506002-22_lfp-2,M,4,
138,False,True,0.8510519714653699,11,,3,1.4214461929616962,2,1.1741857583577768,False,0.002363959542972,,,monkeyM_session-o080506002-22_lfp-2,M,4,
134,False,True,0.9034274781135744,7,,3,1.4178681973383915,2,1.1757041932439478,False,0.0186065500437009,,,monkeyM_session-o080506002-22_lfp-2,M,4,
136,False,True,0.4652353934599305,12,,3,1.419884843517745,2,1.0374234624952623,False,0.0024431155118049,,,monkeyM_session-o080506002-22_lfp-2,M,4,
104,False,True,0.796279862405735,15,,3,1.420067309441004,2,1.2476370025247112,False,0.0025121032952699,,,monkeyM_session-o080506002-22_lfp-2,M,4,
107,True,True,0.9317713640546312,8,,3,1.420816573667229,2,1.412287159353891,False,0.0057054586262674,,,monkeyM_session-o080506002-22_lfp-2,M,4,
126,False,True,0.6642360451739564,15,,3,1.414402297235791,2,1.073413463855472,False,0.0039183214475215,,,monkeyM_session-o080506002-22_lfp-2,M,4,
122,False,True,0.8287792540020952,21,,3,1.421470119189903,2,1.0831724066720825,True,0.0099999999711859,,,monkeyM_session-o080506002-22_lfp-2,M,4,
110,False,True,0.8921642699155673,7,,3,1.4179698218059702,2,1.307171482606294,False,0.007863394796189,,,monkeyM_session-o080506002-22_lfp-2,M,4,
109,True,True,0.8893466863319821,14,,3,1.4220826319318598,2,1.0972980812592374,False,0.0040969471982066,,,monkeyM_session-o080506002-22_lfp-2,M,4,
106,False,True,0.7937537638769602,22,,3,1.4218551727715345,2,1.0811338801677592,False,0.0049498273594332,,,monkeyM_session-o080506002-22_lfp-2,M,4,
115,False,True,0.7142060087391505,5,,3,1.4145483448918914,2,1.08200223417688,False,0.0037132927063519,,,monkeyM_session-o080506002-22_lfp-2,M,4,
137,False,True,0.9701433478377876,13,,3,1.419364147963054,2,1.2190951933517884,False,0.0058078792764248,,,monkeyM_session-o080506002-22_lfp-2,M,4,
118,False,True,0.3803873482411488,11,,3,1.4224842021246622,2,1.0478113970982692,False,0.0033697210387702,,,monkeyM_session-o080506002-22_lfp-2,M,4,
139,False,True,0.9148802444005644,8,,3,1.4197409375965226,2,1.0511317041156556,False,0.0038891842812933,,,monkeyM_session-o080506002-22_lfp-2,M,4,
108,False,True,0.8822413544855785,4,,3,1.4219449082455944,2,1.12136552537548,False,0.0042917547165277,,,monkeyM_session-o080506002-22_lfp-2,M,4,
125,False,True,0.6511789685377785,17,,3,1.421470119188578,2,1.058927731049919,True,0.0099999999351987,,,monkeyM_session-o080506002-22_lfp-2,M,4,
111,False,True,0.7476502627773891,6,,3,1.4191463055309304,2,1.0674648163826552,False,0.0033330919078036,,,monkeyM_session-o080506002-22_lfp-2,M,4,
128,False,True,0.6591373673157852,9,,3,1.4195744527149396,2,1.2023220657352094,False,0.003719024307367,,,monkeyM_session-o080506002-22_lfp-2,M,4,
124,True,True,0.8672276594598238,11,,3,1.4210946779212184,2,1.3141448189145888,False,0.0053642313599082,,,monkeyM_session-o080506002-22_lfp-2,M,4,
123,False,True,0.9515658637953364,6,,3,1.4219940995168177,2,1.1522388467589648,False,0.0024848524238412,,,monkeyM_session-o080506002-22_lfp-2,M,4,
132,True,False,0.7244499303264242,120,The maximum number of function evaluations is exceeded.,3,1.419737308402177,2,1.060105260227013,False,0.0035476680458623,,,monkeyM_session-o080506002-22_lfp-2,M,4,
121,False,True,0.9077837547992544,35,,3,1.4183846992803086,2,1.2788858148475766,False,0.0083751005949126,,,monkeyM_session-o080506002-22_lfp-2,M,4,
102,False,True,0.8389912542606153,6,,3,1.417245699579029,2,1.1991575700699049,False,0.0080523960861085,,,monkeyM_session-o080506002-22_lfp-2,M,4,
116,False,True,0.5756434409234414,8,,3,1.420898197203665,2,1.1373759719399863,False,0.0095022995993108,,,monkeyM_session-o080506002-22_lfp-2,M,4,
140,True,True,0.8066463108515034,18,,3,1.4216795007865803,2,1.2112907593434612,False,0.0047586496607097,,,monkeyM_session-o080506002-22_lfp-2,M,4,
119,False,True,0.9062672660430424,13,,3,1.4156848677381686,2,1.3439449763258289,False,0.0022138996048504,,,monkeyM_session-o080506002-22_lfp-2,M,4,
133,False,True,0.8897554956540676,16,,3,1.4201900569602677,2,1.2721159572791925,False,0.0037872407192525,,,monkeyM_session-o080506002-22_lfp-2,M,4,
146,True,True,0.9283695100934118,7,,3,1.4197140852019152,2,1.064320643700595,False,0.0096785902309504,,,monkeyM_session-o080506002-22_lfp-2,M,4,
163,False,True,0.8125865575181398,16,,3,1.417840990306833,2,1.419158698615531,False,0.0061082161816852,,,monkeyM_session-o080506002-22_lfp-2,M,4,
169,False,True,0.7186590182211113,11,,3,1.4182827917582326,2,1.2033422547529329,False,0.0304411008987111,,,monkeyM_session-o080506002-22_lfp-2,M,4,
154,False,True,0.9952054490774273,5,,3,1.41481281689755,2,1.8209727289028623,False,0.0037975968003127,,,monkeyM_session-o080506002-22_lfp-2,M,4,
168,False,True,0.8081368893539532,9,,3,1.4180751351955363,2,1.207741534527228,False,0.0066917098285981,,,monkeyM_session-o080506002-22_lfp-2,M,4,
175,False,True,0.7510987820773011,16,,3,1.4226635944674366,2,1.0176404037120006,False,0.0038596663336498,,,monkeyM_session-o080506002-22_lfp-2,M,4,
159,False,True,0.941015410369338,15,,3,1.4215222702178196,2,1.6630307874679373,True,0.003999999997938,,,monkeyM_session-o080506002-22_lfp-2,M,4,
143,False,True,0.7045610138567062,15,,3,1.4214701191909642,2,1.0490991367665414,True,0.0099999999999997,,,monkeyM_session-o080506002-22_lfp-2,M,4,
155,False,True,0.8323954453140865,8,,3,1.4210481635424308,2,1.259622491419924,False,0.0063685833296505,,,monkeyM_session-o080506002-22_lfp-2,M,4,
156,False,True,0.6115068319884297,9,,3,1.4226260670131508,2,1.1201615427170353,False,0.0066641342398781,,,monkeyM_session-o080506002-22_lfp-2,M,4,
153,False,True,0.8992441218873489,13,,3,1.4160355609344306,2,1.2528118287103045,False,0.0034973725997957,,,monkeyM_session-o080506002-22_lfp-2,M,4,
151,True,True,0.8416135839592451,6,,3,1.4209099424414549,2,1.2256911221233,False,0.0042273227173863,,,monkeyM_session-o080506002-22_lfp-2,M,4,
142,True,True,0.8331734431011503,13,,3,1.421470119190487,2,1.039313545650587,True,0.0099999999870421,,,monkeyM_session-o080506002-22_lfp-2,M,4,
172,False,True,0.8847927996797545,8,,3,1.4223877622338996,2,1.1771368707245815,False,0.0038189385900189,,,monkeyM_session-o080506002-22_lfp-2,M,4,
167,False,True,0.8028497007924521,10,,3,1.4210864752205734,2,1.0100373215395313,False,0.0039143927194498,,,monkeyM_session-o080506002-22_lfp-2,M,4,
141,False,True,0.8344954140998554,5,,3,1.4217218848760105,2,1.1818897243097184,False,0.005863476042049,,,monkeyM_session-o080506002-22_lfp-2,M,4,
144,False,True,0.9145300659419924,7,,3,1.4187150062793956,2,1.1282909605542577,False,0.0065036910034366,,,monkeyM_session-o080506002-22_lfp-2,M,4,
173,False,True,0.725952247774476,4,,3,1.420687841144046,2,1.1433842038431876,False,0.003371989712239,,,monkeyM_session-o080506002-22_lfp-2,M,4,
164,False,True,0.7342387979025986,16,,3,1.4223010233015414,2,1.1835660529183896,False,0.0039417004749733,,,monkeyM_session-o080506002-22_lfp-2,M,4,
166,False,True,0.491023053274049,9,,3,1.420209982844361,2,1.0597962539356756,False,0.0034838976102893,,,monkeyM_session-o080506002-22_lfp-2,M,4,
174,False,True,0.8169634046059079,10,,3,1.418828250521686,2,1.1144761998283863,False,0.0034191520340725,,,monkeyM_session-o080506002-22_lfp-2,M,4,
148,True,True,0.7181699586765616,24,,3,1.422954019147663,2,1.0321199471889757,False,0.0144252674912181,,,monkeyM_session-o080506002-22_lfp-2,M,4,
150,True,True,0.8487615110895432,9,,3,1.4211602156327094,2,1.1213302101257103,False,0.0032827421795165,,,monkeyM_session-o080506002-22_lfp-2,M,4,
157,False,True,0.8458204540366993,12,,3,1.4230214905063705,2,1.0580263686765232,False,0.0032817368091961,,,monkeyM_session-o080506002-22_lfp-2,M,4,
165,False,True,0.8168550753851115,9,,3,1.4149000547435886,2,1.0867634012418823,False,0.0032213220993506,,,monkeyM_session-o080506002-22_lfp-2,M,4,
160,True,True,0.8047066338871155,8,,3,1.4222653224538488,2,1.1536485472277669,False,0.003003453432715,,,monkeyM_session-o080506002-22_lfp-2,M,4,
161,False,True,0.9650776379513096,9,,3,1.418327367103592,2,1.088122569211302,False,0.0024152251734452,,,monkeyM_session-o080506002-22_lfp-2,M,4,
171,False,True,0.5949856759416846,7,,3,1.4230172717300036,2,1.0233032479546578,False,0.0054252379607007,,,monkeyM_session-o080506002-22_lfp-2,M,4,
152,False,True,0.7966542138372978,9,,3,1.4219150257214368,2,1.2784690646999008,False,0.0036358435811232,,,monkeyM_session-o080506002-22_lfp-2,M,4,
170,False,True,0.8313364518265718,5,,3,1.4211931931870634,2,1.0845351521755855,False,0.0113959859056116,,,monkeyM_session-o080506002-22_lfp-2,M,4,
149,False,True,0.8520229287736136,8,,3,1.4218276637830405,2,1.29198961189738,False,0.011261755784317,,,monkeyM_session-o080506002-22_lfp-2,M,4,
162,True,True,0.6736649906641535,5,,3,1.4157540759569398,2,1.1095800733883645,False,0.0056164659990161,,,monkeyM_session-o080506002-22_lfp-2,M,4,
145,False,True,0.6709783833087464,7,,3,1.421152874151446,2,1.1795305929489042,False,0.0129726946355122,,,monkeyM_session-o080506002-22_lfp-2,M,4,
184,False,True,0.8305398061015181,10,,3,1.4197480387919763,2,1.211277918271686,False,0.0055086958146324,,,monkeyM_session-o080506002-22_lfp-2,M,4,
189,True,True,0.5344942210787519,9,,3,1.4229989823540046,2,1.0504074555405478,False,0.0042895156802229,,,monkeyM_session-o080506002-22_lfp-2,M,4,
203,False,True,0.9710900574745364,4,,3,1.421562415035338,2,1.170246646755649,False,0.0032718875106301,,,monkeyM_session-o080506002-22_lfp-2,M,4,
211,False,True,0.658626505388308,9,,3,1.420284749861902,2,1.1255488071155235,False,0.0038989568902225,,,monkeyM_session-o080506002-22_lfp-2,M,4,
186,False,True,0.7686671198529346,12,,3,1.4209180101923675,2,1.0352158945416496,False,0.0035756932312258,,,monkeyM_session-o080506002-22_lfp-2,M,4,
181,True,True,0.461425951360588,10,,3,1.418660332688107,2,1.1228619356151728,False,0.0075127458780559,,,monkeyM_session-o080506002-22_lfp-2,M,4,
198,False,True,0.769320291596716,35,,3,1.419571009289823,2,1.2777412990853376,False,0.0039836445976524,,,monkeyM_session-o080506002-22_lfp-2,M,4,
202,False,True,0.7181110676763581,73,,3,1.4216155817746232,2,1.0250358660923775,False,0.0090539706220948,,,monkeyM_session-o080506002-22_lfp-2,M,4,
199,False,True,0.6802584171824618,17,,3,1.420315282658861,2,1.092963351548877,False,0.0031396691499008,,,monkeyM_session-o080506002-22_lfp-2,M,4,
195,False,True,0.51543490780586,11,,3,1.4184491317764276,2,1.0168057377321449,False,0.004247031753775,,,monkeyM_session-o080506002-22_lfp-2,M,4,
188,False,True,0.8837471666543375,7,,3,1.4192555266905824,2,1.1645384641515255,False,0.0039545831659086,,,monkeyM_session-o080506002-22_lfp-2,M,4,
210,False,True,0.4026608798327684,15,,3,1.4175248015978263,2,1.029243861018514,False,0.0027181422419744,,,monkeyM_session-o080506002-22_lfp-2,M,4,
187,False,True,0.8052076400644931,50,,3,1.4186242777159777,2,1.310410337453662,False,0.0031345249746441,,,monkeyM_session-o080506002-22_lfp-2,M,4,
179,True,True,0.7092770198516996,21,,3,1.416113243802118,2,1.1391574035840295,False,0.0029375891411369,,,monkeyM_session-o080506002-22_lfp-2,M,4,
196,False,True,0.8150735153197588,9,,3,1.4203125500974372,2,1.263626920451547,False,0.0037110259400749,,,monkeyM_session-o080506002-22_lfp-2,M,4,
183,False,True,0.8883733324728895,11,,3,1.4143807874100185,2,1.1078731790505554,False,0.0037334558545083,,,monkeyM_session-o080506002-22_lfp-2,M,4,
200,False,True,0.9522603693944758,36,,3,1.4214701191909636,2,1.104183202050408,True,0.0099999999999966,,,monkeyM_session-o080506002-22_lfp-2,M,4,
208,True,True,0.9666758626959228,12,,3,1.4220892145394104,2,1.320837147907269,False,0.0032991146231999,,,monkeyM_session-o080506002-22_lfp-2,M,4,
178,False,True,0.7429102590134147,18,,3,1.4206656720845556,2,1.0524571796226998,False,0.0048893410252039,,,monkeyM_session-o080506002-22_lfp-2,M,4,
194,False,True,0.7250506728790628,10,,3,1.4178559840125395,2,1.3165209097875146,False,0.0196278563629912,,,monkeyM_session-o080506002-22_lfp-2,M,4,
182,True,True,0.7094058421892875,26,,3,1.4169996885914622,2,1.0179938992303843,False,0.0049751492390102,,,monkeyM_session-o080506002-22_lfp-2,M,4,
177,True,True,0.945231347425916,21,,3,1.4189722914606129,2,1.044186532947441,False,0.005015204283425,,,monkeyM_session-o080506002-22_lfp-2,M,4,
192,False,True,0.8590882366978707,18,,3,1.416258380474381,2,1.1880323842709626,False,0.0045070078913029,,,monkeyM_session-o080506002-22_lfp-2,M,4,
185,False,True,0.6501147467410606,10,,3,1.4179885584207754,2,1.1465509511531358,False,0.0024453936896255,,,monkeyM_session-o080506002-22_lfp-2,M,4,
190,False,True,0.6860582870260862,21,,3,1.4187438008546784,2,1.2098634197018454,False,0.004602396466411,,,monkeyM_session-o080506002-22_lfp-2,M,4,
197,False,True,0.9695757658434552,12,,3,1.4185301030136477,2,1.3866435827173365,False,0.0284491822763068,,,monkeyM_session-o080506002-22_lfp-2,M,4,
212,False,True,0.7613626678702214,23,,3,1.4201142124686563,2,1.037124145366367,False,0.0027754399439028,,,monkeyM_session-o080506002-22_lfp-2,M,4,
193,False,True,0.9364200234301456,9,,3,1.421898458927243,2,1.2645125251959064,False,0.0033830516618609,,,monkeyM_session-o080506002-22_lfp-2,M,4,
191,False,True,0.7562017841792263,26,,3,1.4167220519114154,2,1.2618571462531336,False,0.0239742302227032,,,monkeyM_session-o080506002-22_lfp-2,M,4,
209,False,True,0.7236526606747224,7,,3,1.421928519851632,2,1.3028909194575222,False,0.0038448398112072,,,monkeyM_session-o080506002-22_lfp-2,M,4,
176,False,True,0.899135879297151,25,,3,1.417651835559166,2,1.4673552638907756,False,0.0031450842932514,,,monkeyM_session-o080506002-22_lfp-2,M,4,
206,False,True,0.7094626994799625,10,,3,1.421861293771792,2,1.265751948719248,False,0.0128466105190541,,,monkeyM_session-o080506002-22_lfp-2,M,4,
201,False,True,0.97958239017754,11,,3,1.4175320312543551,2,1.0465573656860006,False,0.0249883662671162,,,monkeyM_session-o080506002-22_lfp-2,M,4,
