R1,R2,band_half_width,mse,mean_error,frac_inside,normal_x,normal_y,normal_z,u_x,u_y,u_z,v_x,v_y,v_z,window_index
3704.901609504073,1608.3537024056893,1328.313448956524,16614.551029094175,0.001425058866015842,0.9965753424657534,-0.44965663470066425,0.7615505869563544,-0.4667436281044506,0.5358486726581234,0.6480702096828101,0.5411757601114502,0.7146153586931929,-0.006760682518117983,-0.6994849407183035,0
4531.844234817322,1512.249983449757,1511.0231556835092,13324.295520363377,0.0006710724762428316,0.9965753424657534,-0.43609719511911,0.7907688232082568,-0.42953917708525,0.5604734000750436,0.6121096879600487,0.5578452273828037,0.7040517056421107,0.002529455925816493,-0.7101442090414837,1
3964.3759069333455,1972.5183454745097,1484.2231667252254,18119.364724878775,0.0005379854442922854,0.9965753424657534,-0.42650343921768624,0.7870527610424062,-0.4456935804687012,0.5636622418014935,0.6166560685073786,0.5495636181010694,0.7073752140857074,-0.0168298695345013,-0.7066378577380719,2
3357.7171358990913,1264.5817000964985,1155.574329248009,21132.0011479213,0.0009637241517436966,0.9931506849315068,-0.4210745367687522,0.796481868739669,-0.43395030505110327,0.5635687181074704,0.6046153045361198,0.5628771033639561,0.7106944030001106,-0.0075476015832811605,-0.7034603750423025,3
5571.311410043736,2272.9584175027016,1961.067084204135,17444.31828564517,0.0005460819661929732,0.9965753424657534,-0.469209603184269,0.7919799659740088,-0.3906534036399388,0.5585580368146161,0.6088018418061406,0.5633588882082655,0.68399946475817,0.04613080217445922,-0.7280224456026603,4
2716.8997944726348,1192.241853247991,977.2811694178092,12984.832229778644,0.0001991873287024008,0.9965753424657534,-0.41901508552900585,0.7994567300748249,-0.4304593997547139,0.565416149189373,0.6006879546982293,0.5652243442353829,0.710444182420393,-0.006551169248814048,-0.7037230604765576,5
3709.6152653313893,2034.3116218290393,1402.7382745943203,10279.16946178677,0.0149690794046401,0.9931506849315068,-0.4585708714933378,0.7742402585127948,-0.4361935097131564,0.5501084144239999,0.6328139467393472,0.5449103056394542,0.6979208323282473,0.009926273732441482,-0.7161061240431025,6
,,,,,,,,,,,,,,,7
3155.4595327957404,1870.5947029852373,1256.513149079257,12083.20565314739,0.0010514230728669843,0.9965753424657534,-0.44409330185091594,0.768155053076035,-0.46121465033637526,0.5425696528136701,0.6402043765255233,0.5438350192137497,0.7130212557117808,-0.008727583360794988,-0.7010880958851573,8
3896.4704580357434,1466.1618056035477,1338.6991847205413,26164.958591683648,8.440801915369587e-06,0.9965753424657534,-0.4530034660371359,0.7799575735243695,-0.4318032460048434,0.5470589561411783,0.6256349824473072,0.5561540858825743,0.7039278075655668,0.015717895537739085,-0.7100975915293607,9
2511.548350939272,1457.5046451205285,992.2628531252876,17075.53239748259,0.00015005451484197325,0.9965753424657534,-0.47142714224211335,0.7557205118700187,-0.4545799792075662,0.5376022973923579,0.6548665923738946,0.5311624196336394,0.6990995775967064,0.006021140383734969,-0.7149989695605068,10
3513.2235743416677,1483.4378246856231,1249.1648918688793,17424.05606949383,0.019628725780945197,0.9931506849315068,-0.43600090311825745,0.7942217834962145,-0.4232197669062212,0.5519879784807838,0.6074313442167784,0.5712586399133894,0.7107830077405914,0.01545705932867164,-0.7032414913983307,11
4908.940311611721,1911.8484789402648,1705.196848412937,22801.869747723384,0.0015265626197416894,0.9965753424657534,-0.4229241701640547,0.8061033928295898,-0.41392326143824054,0.5666708189149388,0.5917215516022674,0.5733670624998248,0.7071204489203509,0.007932555579990064,-0.70704861592443,12
3876.0080168142335,1683.5212645509714,1389.8796340161473,14636.774635910315,0.0005663909376993108,0.9931506849315068,-0.41453760129411776,0.7869602173124359,-0.4570034939482222,0.5654707756732594,0.6162157344874352,0.548197929975655,0.7130227057904968,-0.031173465281782164,-0.7004475969617743,13
4223.994961303187,1548.357679171197,1443.087786646107,16296.311025855046,0.0005650442258026177,0.9965753424657534,-0.44931063426970275,0.7905597217741454,-0.4160952778397556,0.5601733887028993,0.6121295090072555,0.5581247519969408,0.6959351467782525,0.017685884510595717,-0.717886816265496,14
4465.682054461748,1450.547580389808,1479.0570612137176,14762.739286523007,0.0012693982364217447,0.9965753424657534,-0.4414870293403171,0.7885217364851737,-0.42816197170541476,0.5574523773210552,0.6149604969648405,0.5577368861675372,0.703090356884068,0.007553692021970759,-0.7110603995396392,15
4548.430066848509,1752.2453228720954,1575.165819782735,17745.686448870136,0.0002653018356914623,0.9965753424657534,-0.42929709049229875,0.7888534632073381,-0.4397888376034982,0.5596227795440669,0.6145366029792347,0.5560279743089508,0.7088909314628167,-0.007414660108964688,-0.7052791433930603,16
3049.3096425656067,1061.0456067996859,1027.5872806460245,11625.126716277658,0.000226668431135919,0.9965753424657534,-0.4287954113998745,0.7992574106452147,-0.42109629147158134,0.5661535373224054,0.6009785886386907,0.5641763094770776,0.7039919511896,0.0035110577543039923,-0.7101992714257779,17
,,,,,,,,,,,,,,,18
4300.8109964016285,1527.2793578313522,1457.022234901405,16316.15195095581,0.0011670025859204106,0.9965753424657534,-0.4439169395877122,0.7880745175009564,-0.4264695834555078,0.5569427513310933,0.6154980945715288,0.5576529990223036,0.7019633341470418,0.010032469509154707,-0.7121424204951678,19
3850.651273769398,1388.6242521726217,1309.8185028769835,14223.426222868331,0.00030091039976409367,0.9965753424657534,-0.435893968184639,0.7903404680311195,-0.43053268527790095,0.5571707494929079,0.6126516492590914,0.5605521497324102,0.7067936080708146,0.004461081983807874,-0.7074057494378834,20
4780.098869206908,2099.1462923912245,1719.8070072492922,29726.174254412872,0.00029043573578729776,0.9965753424657534,-0.436485202181711,0.7926727447393364,-0.42561788968956404,0.561419866363584,0.6096242288291521,0.559612395571039,0.7030564713653424,0.0053121908727509215,-0.7111141811969757,21
4998.254751497181,1748.3500800700972,1686.6504676510638,15325.926188398995,0.0003259819864161655,0.9965753424657534,-0.4315431731828051,0.8000875456167214,-0.41668982352383704,0.5667331536253322,0.5998352583849372,0.5648107606802134,0.70184330321034,0.007588290142485937,-0.7122909486940798,22
3602.485481903652,1397.0703130230781,1249.888575437646,9920.629805788092,0.0009210454010897032,0.9965753424657534,-0.4322986444160944,0.8003293418127629,-0.4154405212176069,0.5656117121307733,0.5994799213999717,0.5663101755564516,0.7022829010708593,0.00983709671770297,-0.7118300066670864,23
5199.559319582677,1493.0181413783064,1673.144011648317,21472.569539841086,0.0012266747275435403,0.9965753424657534,-0.44076586627122166,0.7912906271991276,-0.423774225781832,0.558615604812883,0.6113528433337697,0.5605321641148278,0.7026194255709963,0.01033654944972534,-0.7114907578849896,24
4004.5991577683817,1552.3117968497238,1389.2168752471214,12533.94213089613,0.0003193048596509732,0.9965753424657534,-0.4283714387754984,0.7926281407930078,-0.43386465731196566,0.5631821524351999,0.6096813669867854,0.5577763834437417,0.7066284551444733,-0.005409359679723502,-0.7075641067832588,25
3986.5158892200106,1591.4403440835292,1394.4886846030129,22564.09579876469,0.0006106889182143749,0.9931506849315068,-0.42254704947607624,0.78977625169084,-0.4446430739865736,0.5595188862045658,0.613253075532361,0.5575475597027599,0.71301655447785,-0.01319612122055433,-0.7010230063452041,26
3065.356274745649,1457.0600557529135,1130.6036854525764,18250.337812095473,0.00033853605561995137,0.9965753424657534,-0.4376076058656443,0.7804655454156297,-0.4465121674799273,0.5440525387998901,0.6251957431146778,0.5595865597176899,0.7158955358946814,0.0019532563501544753,-0.6982046737710208,27
4633.051979675607,1843.379603214549,1619.1075207916865,26754.67134255165,7.649213657953037e-05,0.9965753424657534,-0.4181696819939278,0.7947738349495305,-0.43985073415957143,0.5612795700521833,0.6067962609205088,0.5628175032592058,0.7142124062932075,-0.011526014597702944,-0.6998341158334309,28
2648.5689928907295,1000.4105251457678,912.237676642888,5909.0065835907735,0.0001178023172416317,0.9965753424657534,-0.42838227618019625,0.8047131002364034,-0.41100541573389304,0.5613688213358131,0.5934383129272387,0.5767980714098415,0.7080633247716719,0.016364444933723882,-0.7059592998575039,29
3866.5469226331293,1714.2288050622565,1395.1665047721465,18119.089365611755,0.0006035526695279453,0.9965753424657534,-0.4372247829693192,0.774072455082292,-0.45787151411755755,0.561619087511323,0.6326418624092374,0.5332431663606395,0.7024375343761043,-0.024002254274227336,-0.7113405668801511,30
3006.5798517853423,1508.3493054950573,1128.731910720919,18585.881512527834,0.00063344675307948,0.9965753424657534,-0.45726743088612337,0.7679323347580104,-0.4485380985868597,0.5419839999725677,0.6405057694254256,0.5440640615832655,0.705095625021557,0.005682302865453265,-0.7090894661533235,31
3372.5506264635746,1362.4514227583606,1183.749444582351,11575.20369473979,0.00017368632923562115,0.9965753424657534,-0.4517300008187315,0.7850001842968397,-0.4239277261683136,0.5496464306237702,0.6191617804299334,0.5608275055285573,0.7027295409066407,0.02033224800071773,-0.7111665009183008,32
4020.803755865828,1301.567781411689,1330.5655686844918,14420.416283466171,0.0006659495658535205,0.9965753424657534,-0.4387684184031422,0.7928071739400263,-0.4230118910399968,0.5689968721077162,0.6094705979430114,0.5520762173600884,0.6955032958539022,0.0015411658629470582,-0.7185212524791056,33
3916.5273014858262,2120.7242072754016,1509.3008477208023,68510.8628519755,9.730780940489706e-05,0.9965753424657534,-0.45856292649047925,0.7657718638565414,-0.4509029773400993,0.5330633802024103,0.6430039873068252,0.5498993589691706,0.711029869369542,0.011803594079897312,-0.7030627283757327,34
2877.0169325885677,1202.457065239848,1019.8667126540402,12894.928443891467,0.00025436860902987903,0.9965753424657534,-0.4297730626559434,0.7944665825282884,-0.429089692093801,0.564116470436865,0.6073056766955904,0.5594215073047913,0.7050302989213899,-0.0016322680948117896,-0.7091753050577004,35
3358.0885242926042,1589.5866701459436,1236.9184103277728,13550.132154525034,0.00015833401164631615,0.9965753424657534,-0.45619249055361705,0.7719487666569571,-0.442700252111167,0.5413263778300008,0.6355812851284834,0.5504563403757621,0.7062960882150908,0.011468724917282264,-0.7078236391367785,36
4717.104997181979,1699.6103109077508,1604.1777005278684,23150.39612175178,0.00014967863724866734,0.9965753424657534,-0.43079725291323484,0.7952498161826107,-0.42660456718597645,0.5621483534090215,0.6062766823479423,0.5625102783067152,0.705976597092238,0.002512827629627179,-0.708230703976725,37
4042.5974006020274,1780.6900797172104,1455.8211098388604,20583.00156936703,0.0008923663898501743,0.9965753424657534,-0.4623543928567038,0.7760889518689781,-0.4288523687622816,0.5475386384388993,0.6303172210403336,0.5503650064061738,0.6974452342819366,0.019650436303106006,-0.7163686240550409,38
3894.154246131454,1795.0339252563365,1422.2962199389872,25949.87594485066,0.0002407184710377957,0.9965753424657534,-0.43254408396878746,0.7851356098129755,-0.4432467592969066,0.5602744583178227,0.6192367891050448,0.5501257405135161,0.7063980087601274,-0.010386203468134986,-0.707738638197213,39
2780.3603241958017,1509.9973024702374,1072.5889790055921,11157.5271613026,0.0,1.0,-0.4502593156592372,0.7680370179919972,-0.45539618757301437,0.5496659686679263,0.6403456042383288,0.5364930847839514,0.703657495910067,-0.008754777359266497,-0.7104853850171473,40
4195.196681349492,1987.9653923907583,1545.7901372975768,25962.783205087697,0.0005430728282286449,0.9965753424657534,-0.46692750208249345,0.7707694732290005,-0.43346640808405484,0.5597690663584416,0.6370962630390797,0.5298744605751804,0.6845708875983567,0.004771871742719008,-0.7289306750939142,41
5213.537079563066,1911.1759302127314,1781.1778907183111,37823.81181942365,0.0011137380895680543,0.9965753424657534,-0.43808760203401287,0.7949810030095018,-0.4196241863835961,0.5657163314729825,0.6065901672326661,0.5585815977289232,0.6986016642184865,0.007319417371128539,-0.715473368393617,42
6291.971778761239,2484.8191391253636,2194.1973718427216,29044.1307249906,0.0005046990155712431,0.9965753424657534,-0.4380895298887685,0.7934296944179509,-0.4225480846219456,0.5574000239209113,0.6085456423717618,0.5647808552733595,0.70525369700187,0.011896266900874947,-0.7088552050306309,43
3347.538131905248,1615.6978200599121,1240.808604950435,16661.377913169435,0.0007527129468698041,0.9965753424657534,-0.43864451089094614,0.7872019156916557,-0.4334791079125153,0.5603074813480325,0.6166952488803292,0.5529398668515891,0.7025998287863917,-0.000337549724233277,-0.7115851085074201,44
4305.843571480149,1610.1899195892854,1479.0035511906124,19408.83247695671,0.0006150792095022946,0.9965753424657534,-0.42943869364456616,0.7823038048053557,-0.4512019119949655,0.5637917962438955,0.6225327678713537,0.5427630822140662,0.7054935994670188,-0.021300467447814803,-0.7083961259052554,45
4341.155016661578,1623.3659921223104,1491.1285029505664,17787.27097935272,8.164532172269153e-05,0.9965753424657534,-0.4174167321993465,0.7913903006016756,-0.44661467037437164,0.56133181934901,0.6110542595064258,0.5581391229123651,0.7146116849494903,-0.01772241667051558,-0.6992968294515622,46
4527.163951890202,1226.5038731993961,1438.416592967819,9528.134718583557,0.0,1.0,-0.4315733782620229,0.8011576356562028,-0.41459722865121534,0.5667779841532646,0.5983792492203278,0.5663082118261031,0.7017885264484357,0.009418966624850644,-0.712323063794128,47
3488.071147212529,1520.1266305883087,1252.0490533860807,15941.560009692059,0.0005562451994006801,0.9965753424657534,-0.4409081421371866,0.7724402984116749,-0.457095171257384,0.5428613110243301,0.6350605285847478,0.5495450136491152,0.7147738154060207,-0.005840412942887951,-0.6993313108867474,48
,,,,,,,,,,,,,,,49
3989.9582360595527,1909.0299695233311,1474.7451112575375,14079.944698198588,0.0,1.0,-0.43782953521678214,0.7916482853885562,-0.4261435090825809,0.5644155839687041,0.6109718746425744,0.5551111753234709,0.6998145087558013,0.0025220303521992504,-0.7143201612006898,50
5159.901688300275,2056.0031508005327,1718.993124691016,30916.144877145467,0.2924064696435999,0.9897260273972602,-0.4325254544630012,0.7808159581282214,-0.45083053442938176,0.5611749742587279,0.6245005745751561,0.5432142124622811,0.7056942535597768,-0.018040839437447387,-0.7082867700339333,51
3741.6251102230053,1729.1294732985054,1367.6822447535703,11921.083355238243,0.00041452512693382365,0.9965753424657534,-0.44596584644655124,0.7745830815702258,-0.44848134136035595,0.547194819175804,0.6324715123783582,0.5482313525301078,0.7083024026998428,-0.0009142073097748726,-0.7059085426276017,52
3186.0671189810214,1457.3950920673142,1160.8470562793339,16832.13769718671,0.00039987309263900874,0.9965753424657534,-0.42504067787565564,0.7890161048714509,-0.44361470715530477,0.5617076751244768,0.6142220942407248,0.5542704273662751,0.70980624811089,-0.013594307633040953,-0.7042657772053956,53
3316.7872433593266,2430.5781557907194,1436.8408738879932,33096.02754742014,0.0002590201209408507,0.9965753424657534,-0.4532790660473558,0.7581607961756611,-0.46875398177031474,0.54618188841317,0.6518315233939305,0.5261188172640963,0.7044312834142594,-0.017546288845094127,-0.709555279520281,54
4175.402167691223,1778.1065948164226,1488.3767953426393,14727.706404201364,0.0004078348198989941,0.9965753424657534,-0.420143125806145,0.7808191782831072,-0.4623863802742627,0.557719918280347,0.6241299277154034,0.5471839965526482,0.715840936655068,-0.027986499517778762,-0.6977023070432951,55
5208.0125453210485,1807.9197974941048,1753.969715324559,12251.601259046744,0.00012222477052578037,0.9965753424657534,-0.41313315353726265,0.7909489013778009,-0.4513544426031566,0.5674141578597054,0.6112340400398921,0.5517554909168307,0.7122935988121175,-0.028156415001936053,-0.7013166512963462,56
3974.4734447948535,1483.1072279691255,1364.3947934099408,13840.84330049561,4.3275048857939445e-05,0.9965753424657534,-0.4222984584401001,0.7878720458799132,-0.44824284859896546,0.5575845560383,0.6156614786943599,0.556830680296485,0.7146771822765067,-0.014784551832039278,-0.6992981782905193,57
6517.872423143194,2661.8850018779917,2294.9373528622236,31615.285512345436,0.00082980943957567,0.9965753424657534,-0.46107789196307725,0.7855448504137115,-0.41270627028358164,0.5446449603485848,0.6177108741206243,0.5672699032735853,0.700549102283183,0.036777220961269785,-0.7126558715878181,58
3809.309018121088,1585.3801745025537,1348.66995861013,12976.605478720101,0.0005947041597301944,0.9965753424657534,-0.4040402428945986,0.8014353965121996,-0.4409680116958681,0.5625866230168474,0.5978294639251905,0.571048354927513,0.7212820347992687,-0.017356188528958733,-0.6924239951038481,59
5366.0234367319235,2264.97935163779,1907.7501068670392,32717.471274921187,0.0009074242172508633,0.9965753424657534,-0.4585324662324301,0.7708994240816591,-0.44211090843969436,0.544946344646959,0.6368914178324359,0.5453464984276577,0.701983944878174,0.009132351392496157,-0.7121342157847219,60
5333.846966904677,1388.0406733684229,1680.4622919289177,9926.768726376236,0.00019951097164403638,0.9965753424657534,-0.44480195179655546,0.7953685740208524,-0.4117524197111788,0.5640007376278214,0.6058779317410921,0.5610838616324748,0.6957401753767338,0.017342528338528063,-0.7180841490226472,61
3702.4723996901016,1905.0356343439369,1401.8766011776795,25346.760944568534,0.000606435090686941,0.9965753424657534,-0.44487794343421555,0.7752992000805535,-0.4483243979533088,0.5425687432522538,0.6315863486966606,0.553821129053136,0.7125326478775642,0.0031359997567243503,-0.7016319485414793,62
4100.016459693806,1405.8829234363682,1376.473465546912,18483.18486182921,1.4612184360637943e-05,0.9965753424657534,-0.43143200313335683,0.7942885137415239,-0.4277524793740187,0.5620575826109893,0.607538325468781,0.5612383245254023,0.7056611796760754,0.0017146500723853042,-0.7085473586665179,63
3543.4739344035397,1709.017922417239,1313.1225674819564,22405.311989091144,0.00040086316072394837,0.9965753424657534,-0.47153761576724135,0.7433464587268169,-0.47443473651793894,0.5295473320697184,0.6688861210983162,0.5217000863521991,0.7051467223311677,-0.005234434100194474,-0.7090421007847572,64
3525.7338561442875,2133.876147329057,1414.9020589472884,18173.771435807485,0.0004638943998939947,0.9965753424657534,-0.4411562940860776,0.7952951402750924,-0.41579654164393837,0.5400654527783904,0.6053010034060757,0.5847563612230913,0.716735956195523,0.03341160173381627,-0.6965437774943299,65
3657.346952040925,1822.5918450828985,1369.9843188424488,35038.1079054739,0.0007846190688344188,0.9965753424657534,-0.4317963331708667,0.7900083249896195,-0.43524564685622036,0.5585252415329102,0.613093344553423,0.5587182701817635,0.7082382941007908,-0.0018431796964631375,-0.7059710485974678,66
4044.2929875948835,1659.3848524753034,1425.917945342947,12291.620218542195,0.0,1.0,-0.4648182780038932,0.7626269294964982,-0.449826783151291,0.533373534669893,0.6466973783113211,0.5452478091647948,0.7067224638761951,0.013515446422783711,-0.7073617827962951,67
5079.2295950908265,1672.7834609482982,1687.9947312660788,12267.333513671616,0.0005636730366559094,0.9965753424657534,-0.4377547901024283,0.7768646690815639,-0.4526058215215214,0.5500690346283423,0.6296062573459343,0.5486529120071164,0.7111925202681919,-0.00878900697674978,-0.7029423535902075,68
3742.987091506809,1412.456702711879,1288.860574772333,25416.714309468927,0.00028550623402102385,0.9965753424657534,-0.4345806732675573,0.7917782545651838,-0.4292165351195452,0.5583298483322451,0.6107932177617121,0.5614262423485261,0.7066876388360058,0.004340591434909835,-0.7075123605862914,69
3607.9972291169083,1568.2250422561333,1294.0551872811222,26660.678521298963,4.037506611071501e-05,0.9965753424657534,-0.4209931811267014,0.7909878243071571,-0.4439628399344369,0.5639393580021037,0.6116023300242276,0.5549008834063169,0.7104485498197569,-0.016758630814174863,-0.7035495763286612,70
3541.8333031655834,1631.0031306562512,1293.2087145014145,19732.818472602878,0.00018938330675012216,0.9965753424657534,-0.43955825820085215,0.7925303419143185,-0.42271053309872303,0.5604259664264858,0.6097591464524077,0.5604609883591994,0.7019339525926728,0.009457296802190901,-0.7121792511263039,71
5076.564593507266,1828.5444873711858,1726.2502895990694,17053.106642272953,0.00027734459160414133,0.9965753424657534,-0.44210803851763913,0.7760249274754816,-0.4498063963693261,0.5490629166982607,0.6306861052615015,0.5484204136762937,0.7092745559971009,-0.004510938566617717,-0.7049179070277358,72
4079.2179753528067,1838.9795244856105,1479.5448879139035,19245.923972984903,0.00039261584668513977,0.9965753424657534,-0.4498625231810184,0.7766516485554573,-0.44094889390188785,0.5499895196851832,0.6299164798009993,0.5483764735212286,0.7036584672081119,0.004176753668556743,-0.7105260841483042,73
3824.614506503297,1664.4382752503334,1372.262809877794,13115.209793259124,0.00040369859374025707,0.9965753424657534,-0.4595161618505399,0.7639998105703194,-0.4529339758139862,0.5295994227275534,0.6450807309795031,0.5508133095392593,0.7130002443511436,0.013234045770891073,-0.7010388802254433,74
3631.3278369549153,1753.5214540605,1346.2119305556637,22374.666425441534,0.00012340391665617822,0.9965753424657534,-0.4390269820589238,0.7856902345667064,-0.4358281362311838,0.5515941995637612,0.6185978345027523,0.5595360204277461,0.7092243284263781,0.0052511384498480085,-0.7049633164308151,75
3477.943996415165,1885.2880780970406,1340.8076042539674,14185.092770299196,0.00026277862601243777,0.9965753424657534,-0.45116017197360225,0.7565897364431949,-0.47331434579311726,0.5384762367727429,0.6537180268305517,0.5316917187880916,0.7116866175893817,-0.014990400447854962,-0.7023371314679286,76
3637.2787471744305,1467.777836690712,1276.258734562163,15243.5247466288,0.00024355736020641324,0.9965753424657534,-0.4374859666425405,0.7937902240574517,-0.4224962830388721,0.5642462918700373,0.6081632053743778,0.5583579835013331,0.700165802579471,0.005881821111103108,-0.7139560582267388,77
4294.507114431681,1389.4920545914742,1420.9961396699562,15008.55423592201,8.205646390233959e-05,0.9965753424657534,-0.43075532801900795,0.7933782054957285,-0.43011727520249016,0.5606144594612741,0.608728628664439,0.561391917012754,0.7072208107982827,0.0006925956174484715,-0.7069923939372548,78
4547.97824252505,2101.198583373613,1662.2740548884447,19602.559848229335,0.00036457409318775335,0.9965753424657534,-0.4468658569676597,0.7729412179068422,-0.45041400903751505,0.5461364423973739,0.6344757069806748,0.5469694356514931,0.7085519685683607,-0.0015655389041654422,-0.7056568974550171,79
3770.399605514917,1575.7707676931159,1336.5360467857674,12628.688867137904,0.00044814073488494915,0.9965753424657534,-0.44078857999860005,0.7754919543250995,-0.45201510651731047,0.5485495300388088,0.6313258837902799,0.5481979948436733,0.7104919709870195,-0.006313258545290162,-0.7036769869261894,80
4144.996906365661,1595.527653725948,1435.1307834037354,24856.217565510517,0.0010726158473786647,0.9965753424657534,-0.4372980093177719,0.7798177865233137,-0.4479449417825741,0.5516310736542627,0.6259773474184954,0.5512309126835594,0.7102630566387074,-0.0060481683825784616,-0.7039103707386735,81
2771.583293693511,1085.7286507621545,964.3276192719516,8786.828440982126,0.0,1.0,-0.44183794495703554,0.7743395634426327,-0.452965198313973,0.5520729932976476,0.6326893101469055,0.5430650484953055,0.7071029914146308,-0.010123107887699045,-0.7070381052101612,82
4152.983318575772,1779.2572286777568,1483.0597573601685,20488.35692795012,0.00083819151235889,0.9965753424657534,-0.43872197366898535,0.7736585663123375,-0.45713832982099467,0.5460474931039069,0.6335368642123651,0.5481452152111719,0.7136912253173138,-0.00913588832580503,-0.7004008641125234,83
4201.753795791048,1661.317081864946,1465.7648818534715,14883.896678276551,0.0006989428658877014,0.9965753424657534,-0.4298308738710008,0.7822257046551371,-0.4509638198836647,0.5488824857996101,0.6229444326601846,0.5573762199808325,0.7169194073602225,-0.00794863475415708,-0.6971107390908652,84
4452.928035146403,1912.1018015605127,1591.2567475865421,22248.91144375587,0.0006362341465776819,0.9965753424657534,-0.4420456178068181,0.7933168406850339,-0.41862162159079297,0.561294546593232,0.6086719398238769,0.5607734851397104,0.6996742840368557,0.01291742840333815,-0.7143451800782015,85
,,,,,,,,,,,,,,,86
3805.725495161513,1410.840834985728,1304.1282681956059,12756.296368111894,0.000279803327180634,0.9965753424657534,-0.44092206452868027,0.7870265404725761,-0.43148227959388435,0.5554882040841153,0.6168883793312201,0.5575675587491663,0.7049968710109079,0.006160522532171725,-0.7091836573321189,87
4097.353583088593,1737.1597034454528,1458.6279172672798,32002.398868865283,0.0006621723654775633,0.9965753424657534,-0.4534719327930478,0.7793741065590585,-0.43236467038162013,0.5419471073475894,0.6262449098390301,0.5604557482427005,0.707570872073263,0.01983216896797818,-0.7063640322578066,88
3547.040080326122,1337.0474507128636,1221.0210149790332,5532.199008233376,0.00018424804190823925,0.9965753424657534,-0.42045467806700626,0.8027891909433897,-0.4227852629835007,0.5655752400307391,0.5962628028801247,0.5697326721943455,0.7094663568878669,0.00042989067837620465,-0.7047391741901841,89
3776.332445976438,1819.9012092480236,1399.0536733513982,22511.50819525654,0.0002182974064085264,0.9965753424657534,-0.4631512289526474,0.7758109916186317,-0.42849532599944196,0.5474133412609735,0.6306411780848674,0.5501184766150174,0.6970147580425751,0.020223990393738928,-0.716771523767096,90
3911.505776101778,1595.5176143629187,1358.874828067197,8589.118912414182,0.0011297923937165523,0.9965753424657534,-0.44506153885899624,0.7826355024383174,-0.43520328233089506,0.5535485394637909,0.6224573312710594,0.5532909589035542,0.7039206212961558,0.0053423843022706585,-0.7102585570368025,91
,,,,,,,,,,,,,,,92
3073.999603123027,1485.3997965956028,1139.8491395563003,9943.80586104012,0.00013733557635583796,0.9965753424657534,-0.4399426163707617,0.7869488579145496,-0.4326222247271108,0.5593883302871653,0.6170163822114876,0.5535119511096256,0.702520597733181,0.0015096720284365206,-0.7116618091839553,93
3842.893919199015,1713.5659560488136,1389.114588334974,22259.907816907704,0.00013895780257778756,0.9965753424657534,-0.4556293798221928,0.77829944170096,-0.43203222945842595,0.5562294272042128,0.6278453876918598,0.5444437468335288,0.6949897067978182,0.007755527192412404,-0.7189778572689498,94
4050.9405950943296,1327.5133410701058,1344.6131230369797,12550.044840699853,0.00012432684584752957,0.9965753424657534,-0.41864292750573107,0.7968513689161562,-0.435621389633107,0.5653155041985857,0.6040732422045673,0.561706238851912,0.7107436105672214,-0.011109181288930597,-0.7033634239345685,95
4140.677511251949,1449.972910854322,1397.612571164291,12338.198121681246,0.0005001512190306015,0.9965753424657534,-0.4309956204298395,0.7875235138077215,-0.4405104883771069,0.5538573062538843,0.6162787654427826,0.559859417687611,0.712379715797333,-0.002682995389366838,-0.7017891008388859,96
3447.173406522548,1470.3309867904993,1229.3170924865124,22909.440906565414,0.0008872310382728581,0.9965753424657534,-0.448462486959231,0.7680258305641623,-0.4571845594249332,0.5293299402838506,0.640373964130678,0.5565348150678949,0.7202022022386745,0.007583511705645446,-0.693722767566968,97
3733.8892688972073,1502.2779568389044,1309.0413428797897,13368.96840004629,0.00019487096707471022,0.9965753424657534,-0.4504385552916115,0.7761907699574286,-0.4411722980193793,0.5492927644837851,0.6304806114647731,0.5484265287645801,0.7038341898434366,0.004699702107581721,-0.7103487495642778,98
5129.755183177335,1736.366507051222,1716.5293661401806,17741.287818003715,0.00043266386545109774,0.9965753424657534,-0.4260377709518243,0.7971772800559999,-0.42778522868948954,0.5651014102816032,0.6037413244693999,0.5622782311504491,0.7065070515006513,-0.0021902717759967327,-0.7077026133125432,99
5228.024285595535,1881.6535182279229,1777.3473380130176,19852.467145599894,0.001412866745162044,0.9965753424657534,-0.4151714150486251,0.7835291194865627,-0.4622929969652733,0.5631168080351695,0.6204403355094191,0.5458509417242415,0.7145153298808951,-0.03370324894681909,-0.6988075088145693,100
3041.3162927990825,1333.8299788143681,1093.7861821713416,29670.300706643215,0.0,1.0,-0.4337649710212149,0.7905758197455447,-0.43224740964940983,0.5634146257356337,0.6123569755515138,0.5546015632871751,0.7031443019908079,-0.0029677815052373546,-0.7110409853523191,101
4322.156877637973,1511.8505120735608,1458.5014757814333,12889.024993781733,0.00013596309850608563,0.9965753424657534,-0.42655112676351964,0.7882108910801935,-0.4435963564315416,0.5623404023793311,0.6152507250506039,0.5524851284664216,0.7083977753413855,-0.01378899950227827,-0.7056787196622146,102
4752.484417510269,1894.6826860366812,1661.7783914869867,21371.228150420215,0.0006269185126690747,0.9965753424657534,-0.45316336462519957,0.7758012637208216,-0.4390619138239443,0.5436993939004051,0.6308608086921281,0.5535391667521334,0.7064233391061627,0.012125974826395741,-0.7076856835492782,103
4786.272314179214,1526.569732965869,1578.1886637365953,15091.977105209637,0.0001607936097296591,0.9965753424657534,-0.43249689144512876,0.7952034117412431,-0.4249682021579821,0.5636226298040411,0.6063348477783517,0.5609702162703293,0.7037584600294886,0.003096179046841757,-0.7104325749937376,104
6275.737204817021,2771.9360432260255,2261.9176417920226,59400.368110958116,0.000741270029335717,0.9965753424657534,-0.41496936805918794,0.7944698433289851,-0.4434163862707107,0.5771306394156132,0.6066097914876268,0.5467584347031725,0.7033638095753034,-0.029021180405969488,-0.7102373705090155,105
3399.3969556347183,1328.340181688976,1181.92109768167,17027.921528409734,0.0,1.0,-0.4505818530292712,0.7872530195737595,-0.4209616097611588,0.5571227299822343,0.616417210739907,0.5564567243198485,0.6975602178004785,0.016202020726782868,-0.7163429605060123,106
3351.3624000381346,1334.4688533826525,1171.4331756698919,11066.485475266434,0.0006297915009988339,0.9965753424657534,-0.42829354822651183,0.7956747679652432,-0.42832966295950264,0.5583214494928068,0.6057130305914893,0.5669117070655049,0.710522199219557,0.0036589882659190387,-0.7036652728542699,107
5369.621116068749,2155.3269224647033,1881.2366485002906,16846.331910859393,0.0029144741375171034,0.9965753424657534,-0.4366452047832374,0.780001805180581,-0.44826125089599234,0.5699574914441926,0.6253630117894511,0.5329817646339039,0.6960527444716011,-0.022765926308013412,-0.7176296325493328,108
4915.666179469043,1598.732602848898,1628.5992486354255,20265.10501747999,0.0004888117495983772,0.9965753424657534,-0.43429629018009525,0.7897084649798785,-0.43329813370810955,0.5565414653847289,0.6134784470282184,0.5602729623489464,0.7082713672337921,0.0021760907539800922,-0.7059369199764278,109
3229.4163895530655,1439.983201002945,1167.3495017411747,11959.32708168331,4.1669606751835316e-05,0.9965753424657534,-0.4430173162167812,0.7713843990270398,-0.45683888458599176,0.5571209727255253,0.6361143324720928,0.533830289298901,0.7023901190089772,-0.018018461678964703,-0.7115640911100549,110
3882.542209273084,1543.204585911695,1356.4363220970274,30580.506161335223,0.0005173345629206443,0.9965753424657534,-0.4429373526258424,0.7945219311483769,-0.41538103299628915,0.5638774916306702,0.6070790773442718,0.5599081784392252,0.6970284614570009,0.013780231314523994,-0.7169110329349135,111
3038.739389776353,1652.9159478593162,1172.9134206777017,11040.730524463017,0.0,1.0,-0.47422546756405615,0.758224353769169,-0.4474438906332037,0.537435949585965,0.6518591699500815,0.5350160956874316,0.6973326365561019,0.013245825882773538,-0.7166252452226329,112
3799.26428860561,1517.1420661927498,1329.1000295137967,23369.868728814246,9.09666913348899e-05,0.9965753424657534,-0.430653333668662,0.781802516116184,-0.4509129982540667,0.5572519894960174,0.6233448142882261,0.5485539742839419,0.7099351564775467,-0.015035567644119813,-0.7041065297970333,113
3668.071887443613,1213.3150672527088,1220.3459288973802,15400.207743803792,0.0006966032152327754,0.9965753424657534,-0.42111387823794794,0.7945572903975701,-0.43742635246572237,0.5542800399304564,0.6071831125599434,0.5692998376573726,0.7179392306386987,-0.00271663359520416,-0.6961004819793066,114
3176.0155623316327,1664.8990864781547,1210.2125607349922,10488.357087862412,0.00012535452271924456,0.9965753424657534,-0.4549379327658526,0.7630673858574982,-0.4590856586426292,0.540975071025864,0.6463093564487067,0.5381730096311224,0.707373628190431,-0.0035185803191917775,-0.7068310758117836,115
5416.673877781152,1668.836603887737,1771.3772732862153,18101.40769743881,0.0,1.0,-0.42638651883050455,0.7888719483823249,-0.44257833839341765,0.5620654451910629,0.6144268593938033,0.5536804762474833,0.7087150145734011,-0.012676099989436918,-0.7053809925191363,116
2705.950692682221,1639.5256721727867,1086.3686262779524,23730.794355506565,0.00011989070679127994,0.9965753424657534,-0.4747487590633795,0.7471508835597006,-0.46516574784020814,0.526777474441839,0.6646224316137219,0.5298891542733642,0.7050667402370212,0.0065253805883091764,-0.709110930122868,117
2875.431265545662,2031.036499242235,1226.6164831225317,22033.454975704848,0.0011438090413391723,0.9965753424657534,-0.4725052952842268,0.7461010168270568,-0.469118341805133,0.5252031167203645,0.6658206265770172,0.5299477138471338,0.7077431964459857,0.00402068578979578,-0.7064583511929057,118
2988.403119531108,1346.8769860476652,1083.8196089527348,24247.15887900255,0.0,1.0,-0.44304949299123336,0.773539525677197,-0.4531487051457923,0.5516607046439178,0.6336737790926474,0.5423356973703822,0.7066665505823713,-0.00970277823821189,-0.7074802063538407,119
3670.738344688028,1545.0583850000305,1303.9488061055597,18695.488237140693,0.001164500764068093,0.9965753424657534,-0.42890715487264464,0.7729475816515418,-0.4675368311888236,0.5499446029240884,0.6340183121575069,0.5436742715667285,0.7166586259954736,-0.023933571985381097,-0.6970133412771242,120
3095.5631502729875,1492.2894019807409,1146.9626821071367,18839.20701043038,0.000716829705450045,0.9965753424657534,-0.4718230577590073,0.7623988501640536,-0.4428667919764016,0.53908590472134,0.6469162170600898,0.5393382940561862,0.69768860496479,0.015728997844480452,-0.7162284615463794,121
5631.909025377145,1370.98399184913,1750.7219358389398,8411.160871791568,0.0001390368476974503,0.9965753424657534,-0.4200252465947514,0.8053909692675181,-0.41823937983569415,0.5713255502873138,0.5927437207751408,0.5676636302164689,0.7050999275364567,-0.0005177875719087066,-0.7091077661992669,122
3147.314748100044,1793.9217022076336,1196.7582754449868,27848.633511823715,0.00036824723176788726,0.9965753424657534,-0.4682026861296459,0.7406810781803818,-0.4818483009480595,0.521708140187097,0.6718366045838671,0.5257910166632187,0.7131667835531215,-0.005207414595368359,-0.700975050675648,123
3359.0873058468014,1416.612334494141,1193.9245038001054,10860.887651297204,7.240042511661316e-05,0.9965753424657534,-0.45128081956304994,0.7763270125916785,-0.4400704391514862,0.5433185560082325,0.6302309388777197,0.5546295253396064,0.7079198885408089,0.011195231207428713,-0.7062040060822234,124
4008.1945223006683,1602.8734452701694,1402.763580193063,16901.450798910835,2.2365652058912094e-05,0.9965753424657534,-0.43863435874160617,0.7907192075043536,-0.42703985085121393,0.5595328046875104,0.6121481873923209,0.5587464873722469,0.703223250333682,0.006142601727534586,-0.7109425635268638,125
3185.269526965539,1595.6096675186982,1195.2194077920342,11606.49161359271,1.3660636895749698e-06,0.9965753424657534,-0.47129885648550496,0.7549644940641445,-0.45596710471033536,0.5313921362279728,0.6556816310358419,0.5363804585154549,0.7039174564041775,0.0104981629177959,-0.7102041982027594,126
4781.922734601807,1944.8035978640569,1681.6811516309003,31221.172271054238,0.0,1.0,-0.43493032905975554,0.7963724588812763,-0.42026957491515243,0.5659092934888285,0.6047779387968139,0.5603483883153877,0.7004157910890846,0.005878050703031074,-0.7137108434884432,127
3619.7044602409774,1703.5913195029843,1330.8230446077666,11995.988879899864,0.0,1.0,-0.45315818542537906,0.7714999460092239,-0.44658201070995057,0.5535431786528318,0.6362188130959415,0.5374156410356054,0.6987400148473657,-0.0036681290266471767,-0.7153662953204791,128
3364.000306204729,1379.8915852033363,1185.972580336832,21658.191546163514,0.0010268221641934754,0.9965753424657534,-0.438424872385723,0.7838746376798686,-0.43968646064646705,0.5544302506310866,0.620918566628654,0.554136473083092,0.7073830139738394,-0.0008282620795869167,-0.7068299551682955,129
3499.545738129582,1446.7151732757588,1236.5348255802414,16081.444606346662,0.0010015732324248443,0.9965753424657534,-0.46866122873515287,0.774328291797824,-0.42517331666265323,0.5424616346357616,0.6321342468958571,0.5533007038218054,0.6972030031696324,0.028670375352821076,-0.7163002037891475,130
3689.8092632222106,1173.2866063001384,1215.773621001195,14913.188649880844,0.00012633934083314607,0.9965753424657534,-0.4236160702081879,0.7902071473449026,-0.4428567368194855,0.561375340830549,0.6127028356900777,0.5562849646042238,0.710919933444517,-0.012957600949601189,-0.7031535741279242,131
5010.275331801343,2111.632814597777,1780.4766398809252,25175.1733953321,0.0,1.0,-0.4474109518291517,0.7792452755565711,-0.4388624393885812,0.5573642843678568,0.6267183494453863,0.5445816421617218,0.6994058154565483,-0.0009544585974900766,-0.7147241386117769,132
6283.184655005663,1913.0262095131477,2049.0442445372228,22179.991303347375,0.0,1.0,-0.41774991678638745,0.7938554229231625,-0.4419033542760829,0.5592141033004527,0.6079943040372207,0.5635800856383824,0.7160758295703306,-0.011683054129062648,-0.6979247183983244,133
5251.6074391013035,1705.8739625056578,1739.3699344393713,12508.05131737762,0.0006996822112915353,0.9965753424657534,-0.40091944566049215,0.7986468367359815,-0.4488060029265367,0.5659355471869235,0.6011577790713147,0.5642041129700154,0.720403050050124,-0.027794870635697327,-0.6929984780970474,134
3733.3959160625636,1372.3363665239096,1259.437053761296,18699.172267374026,0.0006056944297152271,0.9965753424657534,-0.4171242485016779,0.7867323836879805,-0.4550379300328037,0.5684783611057996,0.6164928218862402,0.5447650443238852,0.7091119194220152,-0.03144450698243992,-0.704394441143779,135
4441.918454329301,2100.304773225659,1635.5540121877661,25278.864659433817,0.0006964169711130438,0.9965753424657534,-0.46618714184226206,0.758221059121829,-0.45581835667852877,0.5396342317668835,0.6519933945264773,0.5326344988819319,0.7010452515253975,0.002332165948892184,-0.7131129758430137,136
3286.10271184953,1520.5155707960193,1201.6541695193152,16133.507741015503,0.0,1.0,-0.43800840295587895,0.7809968560783057,-0.4451882183255108,0.5521021607733204,0.6245232099203767,0.5524074260364173,0.7094588381361326,-0.0038302828291602586,-0.7047364655841059,137
2981.625659132897,1584.437605322627,1141.5078508018228,16573.85195375609,0.0009597415711025411,0.9965753424657534,-0.47166544423933104,0.7557943548654366,-0.45420986544113406,0.53572844394007,0.6547583056756795,0.533185329413952,0.7003761439855485,0.008151950824918403,-0.7137274007866605,138
3578.354543550769,1712.5267007583277,1322.70934624707,22965.000466641937,0.0002870839147932825,0.9965753424657534,-0.4820307896164433,0.7354273555686996,-0.4762278053022289,0.5123880407625131,0.6775247999553587,0.5276539027895126,0.7107072629045672,0.010331995290386142,-0.7034119961502064,139
3793.0750863909657,1632.403027134615,1356.3688725424006,20738.024758655756,0.0,1.0,-0.4521692021819388,0.7756940486798654,-0.44027463638141573,0.547517288844288,0.6310654965628918,0.5495281225419052,0.7041078262700604,0.007421717487854501,-0.7100542846112408,140
3917.2414587044095,2147.492608103183,1516.1548410560558,24050.62114711127,0.00045377327574625665,0.9965753424657534,-0.48712603342652755,0.7385191090791975,-0.4661520707698357,0.520226897779567,0.6741087642391966,0.5243484993804703,0.7014785829836756,0.012918958966247757,-0.7125734334890986,141
3786.8158624081343,1473.5030304295399,1314.452697384527,16477.374076613072,0.0005994387868856866,0.9965753424657534,-0.4393164852402858,0.7910862850743097,-0.42565656974073574,0.559080127476858,0.6116532094008339,0.5597407993796056,0.7031574765702076,0.007927231357023695,-0.710989959244454,142
3397.470818076914,1092.368865620106,1122.4558267122306,18144.08886702691,0.0,1.0,-0.41397434858725984,0.7980810324358969,-0.4378263404339748,0.5640560383712279,0.6024063029952655,0.5647543109074354,0.7144690506164069,-0.013164793110007927,-0.6995431823223359,143
,,,,,,,,,,,,,,,144
4504.589377304043,1628.2197826856843,1533.2018221961362,12843.898400039103,0.00042102634686402927,0.9965753424657534,-0.4276661379019309,0.7825545263422762,-0.4524489891614993,0.5606923126767764,0.6222587752174857,0.5462766214748738,0.7090315966141527,-0.020060657168956525,-0.704891314343378,145
3977.7913533435353,1668.1112498875718,1411.4752780775998,15593.397578499893,0.0002906723779636412,0.9965753424657534,-0.42526823890611887,0.7981705345346253,-0.42669746047802865,0.5617748822446756,0.6024299010344543,0.566998409185245,0.709616732227101,0.0014184993226334375,-0.7045864611266688,146
4017.0685591632314,1571.45606914675,1397.1281029419956,23870.62077936224,0.00019798451245837528,0.9965753424657534,-0.44641661317149395,0.7705602446506729,-0.4549166042786173,0.5478491046785182,0.6373253253598813,0.5419204629443951,0.7075122373411211,-0.00730335668146731,-0.7066633533683098,147
4054.9277151628153,2124.218838779367,1544.7862554884857,34309.98927932666,0.00038345703768993535,0.9965753424657534,-0.45201490045790427,0.7821070648512083,-0.4289418012666273,0.5492079814260238,0.6229328122259887,0.5570684918303792,0.7028891256108485,0.016224998060056672,-0.711114355456257,148
,,,,,,,,,,,,,,,149
3202.528046399638,1415.629218652635,1154.5389215326602,19477.591243785304,0.00035565984202091976,0.9965753424657534,-0.4510573563322504,0.7804047179522734,-0.4330308736064831,0.5441145781116136,0.6250480608119001,0.5596912073292772,0.7074507666155873,0.01683442523865425,-0.7065621097553294,150
,,,,,,,,,,,,,,,151
4061.010715417971,1358.4517986398328,1354.8652708796849,13697.054812675191,0.00037512533034078015,0.9965753424657534,-0.4349773731061253,0.7874625346674669,-0.4366891816621787,0.5544583525087682,0.616361535895952,0.5591729539250317,0.7094861663337471,0.0011016183874889562,-0.7047185014017803,152
2879.729550514778,1835.0837111595774,1177.368381333588,12613.97881372196,0.0009248356959646772,0.9965753424657534,-0.4434249971324241,0.7657314271811847,-0.46586441519521093,0.5488006005448952,0.6428876965605673,0.5343344556105383,0.7086551860811238,-0.018729416384769798,-0.7053063420969742,153
4058.822700917406,1755.662332907887,1324.662847786939,11233.955217532966,0.030011584708932313,0.9931506849315068,-0.4373573833504955,0.7646154756726289,-0.4733726793877391,0.5577896634360959,0.6435461273280957,0.5241365026067706,0.7054000358609678,-0.0348074182169526,-0.7079542591470268,154
3713.9739867351504,1244.4112315619914,1239.593193081627,14588.38745495454,0.00020984485824745115,0.9965753424657534,-0.43341975726725473,0.8034991943298423,-0.408088665269802,0.5667579149977311,0.5950997369046522,0.5697734364845718,0.7006659545017289,0.015663583475952703,-0.7133175115997596,155
2985.575658392615,1757.270892833388,1185.7111808676748,36936.948828767425,0.0019236412637892008,0.9931506849315068,-0.4662063963734684,0.7591725370217687,-0.4542121255673342,0.5474163585724483,0.6508804916775509,0.5260132278953357,0.6949726083434837,-0.003412416375661309,-0.7190281142394461,156
6540.625973203342,2363.396711111966,2226.0053219492165,27952.168166115218,3.2838137462427684e-06,0.9965753424657534,-0.4068300384673106,0.8024298970438808,-0.43657253707812804,0.5666995352650314,0.5965267689004745,0.5683374444074201,0.7164781619359267,-0.016188709500967124,-0.6974216580760948,157
3793.885610958487,1908.0431972914353,1425.4817837755245,12695.18448823726,2.1777545870728863e-05,0.9965753424657534,-0.4556297708904246,0.7730365741705262,-0.44137961764566774,0.5470887224226797,0.634318396144909,0.5461996906902002,0.7022075488602066,0.007391028808417521,-0.7119339372560447,158
,,,,,,,,,,,,,,,159
3144.0785590159458,1607.0132198679157,1187.7725527422474,11162.75796687521,0.00018688304448598694,0.9965753424657534,-0.43577375002209345,0.784554362649016,-0.44110734616426234,0.5568085966204721,0.6200418723832967,0.5527316376153585,0.7071530425029806,-0.004746423897206115,-0.707044585538257,160
3154.257791638807,1227.398249258877,1095.4129234767304,18976.500328426548,0.00013354077629029997,0.9965753424657534,-0.43944389270372874,0.7891018789814261,-0.429193767141808,0.5544052199864686,0.6141986638700265,0.5616002611751791,0.7067700596496354,0.008844540025176179,-0.7073880525529068,161
4497.82951297998,1741.1677873933047,1559.7489513129597,21946.439948845687,3.888052409984444e-05,0.9965753424657534,-0.4454275257823002,0.7816693447704924,-0.4365631165381787,0.5510574733299316,0.6236603955267703,0.5544216555462315,0.7056415381499945,0.006383298321515352,-0.7085402410165909,162
5446.246971414108,1486.4570078136971,1733.1666336118735,15878.701942266038,8.948102884985236e-05,0.9965753424657534,-0.4271129055981954,0.7982908589020526,-0.4246248585102976,0.567386230413006,0.602271150859654,0.561553493783012,0.7040223230901038,-0.001079553431333341,-0.7101770224072324,163
3824.860461919811,1673.209123859991,1374.5170178028645,10832.222517376076,2.9949170920888934e-05,0.9965753424657534,-0.44706319306146897,0.7785476780353702,-0.440452056909055,0.547597767078026,0.6275544535530143,0.5534546894886134,0.70729851328901,0.00623865782930122,-0.7068874678813065,164
3804.8636173068912,1168.0373242031533,1243.2228135610103,11471.625789014677,4.086195743006532e-05,0.9965753424657534,-0.4195566187021892,0.7944417162496742,-0.43912936953187054,0.5655760938538333,0.6071741121217774,0.5580889531518889,0.70999713081408,-0.014211159396880918,-0.704061160116343,165
3380.4442186960882,1536.4646912656322,1229.226847806933,17410.875151037853,0.0005312965728157129,0.9965753424657534,-0.4460423453427074,0.772689725803884,-0.4516600644271039,0.5509902417073302,0.6347429496383278,0.5417666854170098,0.7053055931328454,-0.007209405076290504,-0.7088667327318805,166
3045.6711185084846,1643.4319464772225,1172.2742294054453,42596.62580358693,0.0005531832292872227,0.9965753424657534,-0.449613483736755,0.758997420780687,-0.4709252918355135,0.5385677905523938,0.650961925473815,0.5349703791453655,0.7125955726929628,-0.013095298075573303,-0.701452823037088,167
4541.247322772383,1305.9787631121458,1447.6049995392332,10085.994024284373,0.010959982593298497,0.9931506849315068,-0.4147481675350785,0.7934764186786736,-0.4453977217354854,0.561849502647791,0.608342135105873,0.5605755819060065,0.7157577061413483,-0.017748793077115216,-0.6981231169669011,168
5465.762004929816,2348.5899052577124,1953.5744859958415,27473.129819869602,2.843871110643448e-05,0.9965753424657534,-0.4339092783985156,0.7855803870819592,-0.44111925094223536,0.5519747356957125,0.618758897832142,0.558982394630816,0.7120720674716345,-0.0009390344573994014,-0.7021057533883055,169
5853.189435735499,1879.038603234371,1933.0565405892078,24332.854431361673,0.0012804227423390867,0.9965753424657534,-0.4547928963401892,0.7861738811084251,-0.41844240953973333,0.563563316555591,0.6178567788602359,0.5483150454340244,0.6896084466357448,0.013550995512117414,-0.7240556338081114,170
4775.3729862978225,1351.6556870618797,1531.7526485369774,20080.84015369719,9.071597233868417e-05,0.9965753424657534,-0.4426750626084232,0.8010464760447173,-0.40294333616647476,0.5626911715625783,0.5980410400845357,0.5707237158381803,0.6981528732234522,0.0259124987399309,-0.7154796349435052,171
4745.847133874179,2081.4996071647593,1706.8363003857983,25113.81816903439,0.003911863878291902,0.9965753424657534,-0.4573263082200557,0.7852800420051294,-0.4173582435249567,0.5406843985628345,0.6181344353760708,0.5705875927086499,0.7060545509807019,0.03528562640408345,-0.7072778065291678,172
3185.373367255627,2005.9521794859409,1297.8303132250026,34233.14875675721,0.0002284291651790597,0.9965753424657534,-0.43707449653741354,0.7933412939532813,-0.42376346678907995,0.5648657495501742,0.608763224225144,0.5570763159712743,0.6999232596947227,0.004114382036267822,-0.7142062043967228,173
3955.348655987448,1556.699405023502,1378.0116491571814,23982.465967481025,0.00030530111264427803,0.9965753424657534,-0.41077844430101434,0.7936053698161185,-0.44883358463539713,0.5524238447051577,0.6082756715926784,0.5699373677428493,0.7253199056270345,-0.013828389186661127,-0.6882730636554738,174
2946.182466527751,1459.118088222771,1101.324753440007,13836.021822801167,0.0002089311040800307,0.9965753424657534,-0.4404452386374662,0.7869405524946418,-0.4321256282622142,0.5548576841080389,0.6169993360593068,0.558072369580002,0.7057910045812776,0.006032092655336718,-0.7083944322976772,175
4934.756561141835,1726.3743191055287,1665.282268810895,21280.941003660013,0.0008294407985579346,0.9965753424657534,-0.4051979891542843,0.7962666545650412,-0.44919261393429194,0.5685540687895252,0.6042411420524196,0.5582462835649367,0.7159335586827876,-0.029190016769179344,-0.6975579420183062,176
4380.005220608459,1626.2968058235388,1501.5751530080986,18235.99282516915,0.0005917345192325256,0.9965753424657534,-0.4437211304327733,0.7806979707356061,-0.4400252684753099,0.5628521022286852,0.6248624411656084,0.5410586295747498,0.6973586375920295,-0.007590000649754652,-0.7166821627931905,177
2735.4317410971125,1281.09148867421,1004.1257109949338,11018.027214057296,0.0005756540961679232,0.9965753424657534,-0.4572376771691305,0.7507897538987104,-0.4767058338406317,0.531510564044598,0.6604518753973302,0.5303770739701545,0.7130429348124636,-0.010865805302110981,-0.7010361669622798,178
3307.919276941134,1254.26110610772,1140.5186507714168,12922.037711434188,0.0014160266365111792,0.9965753424657534,-0.4256851875548361,0.7813079378169303,-0.45645375165580554,0.5564009812603589,0.6238148859675956,0.5488833538173165,0.7135895663116956,-0.020319801905810564,-0.7002692600004621,179
4740.654134622145,1521.2615775002198,1565.4607351513987,15565.348294543855,0.0003668523673441103,0.9965753424657534,-0.4383577588778213,0.7805181156837965,-0.4456836841539408,0.554154814293947,0.6251041985382575,0.5496882596205637,0.7076403867971749,-0.006017645657448861,-0.7065471469861628,180
4554.945322104177,2157.7667727891417,1678.1776366893903,27093.98148641606,8.036329141066726e-05,0.9965753424657534,-0.45200667296845604,0.7883666873305433,-0.417334319100949,0.5555162799140837,0.614840379419604,0.5597972584655759,0.6979195013340755,0.021196087908451566,-0.7158624836621714,181
,,,,,,,,,,,,,,,182
2841.827441681648,1240.855624683087,1020.670359963401,19498.765253351212,0.0005786544305463201,0.9965753424657534,-0.45181669887661174,0.7792816101783254,-0.4342601094437731,0.5478683893121087,0.6265484919865844,0.5543259106174748,0.7040610048914774,0.012536316333499248,-0.7100288319244434,183
4339.572037890273,1712.8269242945305,1367.790510589993,30850.31254070407,0.002116971282156377,0.9965753424657534,-0.4512098615232987,0.776995276070007,-0.4389624150528373,0.5624522386376803,0.6294865249786213,0.5360915911687121,0.6928615591267766,-0.0050055804092314915,-0.7210532602028641,184
2836.9410671945698,1157.39167001853,998.5828095082557,19046.989253581218,0.0005460726498002991,0.9965753424657534,-0.44429392503445847,0.7818263698369098,-0.43743620746928885,0.5559681493072699,0.6234953771425014,0.5496843927544053,0.7024972064950326,0.0010208376803460817,-0.7116857682693298,185
3776.369538861897,1578.716629030758,1338.7458348822358,14927.673489394378,0.0006626768262948947,0.9965753424657534,-0.49846715680920994,0.7599730319992963,-0.4170988902123082,0.531432142187262,0.6480053911560645,0.5455904061500109,0.6849163246943385,0.050299141806521425,-0.726883501326538,186
4959.746715462277,1616.7157169276825,1644.1152615446351,22325.80165402983,0.0,1.0,-0.4342695268087305,0.7918052734754786,-0.4294815327598429,0.5600007227099959,0.6107681300975206,0.5597869968313487,0.7055559287892093,0.002588465491521308,-0.7086495122391574,187
2462.447512053018,1168.4741654336224,679.0135433675816,27404.816575244356,62.209911141044756,0.7054794520547946,-0.45082503626889175,0.7731363590005987,-0.4461131662083622,0.5484096481788118,0.6342389978969795,0.5449658258377558,0.7042752618525971,0.0010314736703490868,-0.7099262578638172,188
3481.1873598236057,1515.0391753813167,1249.056190146605,21676.329385500983,0.00015906695275584644,0.9965753424657534,-0.4531799834779396,0.7675007012414978,-0.45339891505024976,0.5417125975529459,0.6410476306657503,0.5436960519171241,0.707937401348011,0.000780263825265054,-0.7062747531669163,189
3961.0432804762004,1777.5229376538277,1434.6345933535724,16792.78587034393,0.0006157719140306808,0.9965753424657534,-0.42601546921732425,0.7869219639626287,-0.44639068384179176,0.5527149235493104,0.6169996847300646,0.5601942541019864,0.7162520738353384,-0.00807537467863359,-0.6977949233480971,190
3550.2331802358244,1164.3225408752241,1178.6382422431138,15059.163380934975,0.0003309528404367003,0.9965753424657534,-0.44668907750707315,0.7830685279840137,-0.43274998384382407,0.5466591730876514,0.6217787445177898,0.5608519781056375,0.7082602745566106,0.013959704396264982,-0.705813367780863,191
3302.1414762993913,1793.2741539052677,1273.8534822811805,29830.143321476276,4.997428341932016e-05,0.9965753424657534,-0.44258696156157074,0.7735278121394563,-0.4536204418921648,0.541732684351591,0.6337608852668496,0.552152912707158,0.714592527361514,-0.0013653397105651,-0.6995396026577472,192
3604.365362721251,1865.0449608449637,1367.3521739869097,20248.9304383352,0.0,1.0,-0.4782308380607239,0.7570687665470761,-0.445131607782043,0.5285956902908877,0.6528885933924886,0.5425155120582984,0.7013428988259864,0.024152998506741075,-0.7124147464289996,193
3452.8244575327526,1372.321560974853,1206.2812948637402,12036.446507281835,0.0007744668230409339,0.9965753424657534,-0.44843966059693424,0.7772932690853327,-0.4412675431507998,0.5382225914234433,0.6289811831515321,0.5609804928183618,0.7135953425332453,0.014065741215287558,-0.7004169058774388,194
5297.861678502111,1890.1137146775584,1796.9934762525288,21105.46319930478,0.0008235503196804418,0.9965753424657534,-0.43341404683042556,0.7781593288858528,-0.45455508233655567,0.5556003201128993,0.627855164368404,0.5450744691015789,0.7095495390038087,-0.01630801777787455,-0.7044668198401107,195
4580.976997691484,1834.7104024644423,1603.8921518538425,13705.556677789396,0.0005873021570921863,0.9965753424657534,-0.4467442342228461,0.7729861700589629,-0.4504575119655782,0.5459544242239294,0.6344211821546075,0.5472143367126523,0.7087689015884941,-0.001464421772054525,-0.7054392246040142,196
3250.683358363472,1203.6447863777987,1113.5784745183544,16612.627711565863,0.00014062390813429594,0.9965753424657534,-0.4324540782340154,0.7880142437413074,-0.4381974690474418,0.561409038184603,0.6156188834854959,0.5530219544834639,0.7055518138757828,-0.006851420063531621,-0.7086252154557484,197
3578.190688307323,1524.1544044391974,1275.5858928487378,20362.509065962382,0.00010541412257082422,0.9965753424657534,-0.45120303805033873,0.7795224498264567,-0.4344658429275011,0.551969218009276,0.626315536029005,0.5505077944034293,0.701245891841352,0.008579017732784827,-0.7128678696857979,198
3759.4098687858177,1367.615212734371,1281.7558754658362,13217.18086759908,0.0004073852346755542,0.9965753424657534,-0.42955763009060055,0.789825155631553,-0.43778586770536587,0.5578722572024384,0.6133186749835167,0.5591231953338369,0.7101118130793231,-0.004052955471833625,-0.7040772588836683,199
4549.890120849073,2025.5908424766264,1643.8698739229935,13144.125444707455,7.106570714174117e-05,0.9965753424657534,-0.4461009390495411,0.7830900703963396,-0.43331731309258065,0.5689072914653606,0.621874922964077,0.5381598962259923,0.6908968417185485,-0.0064437438713289275,-0.7229246380282359,200
,,,,,,,,,,,,,,,201
5128.375974700588,1974.7362260578868,1775.7776661559567,17158.728880178878,0.0001785923377408769,0.9965753424657534,-0.45382727578723886,0.7945549672755083,-0.40338964752376755,0.5565685880296772,0.6062799117801255,0.5680282346772337,0.6958966953292599,0.03327269976571093,-0.7173706969761979,202
2914.4485144933647,1352.7263111136726,1066.7933204878573,23000.230977395244,0.0010902021795078198,0.9965753424657534,-0.42403546202193015,0.7851328399017726,-0.4513982173819762,0.5634423034081427,0.6189261167399905,0.5472323389085134,0.7090322261209111,-0.022290933693617232,-0.7048236776649123,203
4051.633953014167,1880.530873619401,1483.0404880121528,14599.810928415605,0.00039809048809911205,0.9965753424657534,-0.43934662450402945,0.7642347795710994,-0.47214377601619245,0.5530099892809357,0.6442856379514311,0.5282764129553927,0.7079226619429658,-0.02900376567672655,-0.7056941875091185,204
3191.7236524874274,1259.503491865863,1112.8063046475947,12424.703982199433,9.073324497216709e-05,0.9965753424657534,-0.45346900389414013,0.7775775852051912,-0.43559035973460203,0.5409533938112993,0.6285353833856921,0.5588494408659979,0.7083327524767535,0.01778681586638356,-0.7056545478844742,205
4751.177601743101,1794.0252231610734,1636.300359343324,20662.095955649744,0.0004501076340762009,0.9965753424657534,-0.43497778805611426,0.7920712970315699,-0.4282725584444291,0.5718552740537575,0.6103939404135806,0.5480882985827047,0.6955399840661298,-0.006503685501998868,-0.7184579546780585,206
,,,,,,,,,,,,,,,207
3522.8257257036416,1497.2752233372926,1255.0233740931228,13972.28991581472,0.0001160498071913255,0.9965753424657534,-0.4447815532735294,0.7806724039840948,-0.43899882405910945,0.5552840566436069,0.6249404043582233,0.5487340953850052,0.7027296680125339,0.0002977553941722888,-0.7114569031478429,208
,,,,,,,,,,,,,,,209
2706.813273598463,2158.488361221847,1216.3249317075517,29803.193035290435,0.0009504626033965248,0.9965753424657534,-0.4633780017841683,0.7461140145307995,-0.4781157859590554,0.5251408308428848,0.6657957406053042,0.5300406961483988,0.7137982454756779,-0.005468922432102674,-0.7003300333723206,210
4215.235082282529,1377.3070113515737,1398.1165960073172,17737.466570558332,0.0014002802972341829,0.9965753424657534,-0.44276584771683425,0.783294188776089,-0.4363583595225394,0.5641370821470244,0.6216264413599754,0.5434426556213402,0.6969273682689141,-0.005548083609837301,-0.7171202563908119,211
5123.615480660291,2351.18258440678,1868.6976882224985,19795.661713184636,0.0004004365775981956,0.9965753424657534,-0.4465719948705105,0.7699438016010618,-0.45580697205448434,0.5456722660793937,0.6380822331625181,0.5432244855988299,0.7090946561843152,-0.006132381139380971,-0.7050866347282505,212
3629.111471144698,1213.2072820827416,1210.559216850392,13461.51973751308,0.0008686978375641891,0.9965753424657534,-0.3972063045842173,0.8043757461524731,-0.4418221481548906,0.5783928467292341,0.5931971083378914,0.5599811653189926,0.7125228883699126,-0.03311872070621194,-0.7008668089500181,213
4142.27038986778,1877.6761084762506,1504.9861680075455,15517.98962383665,9.295094487940074e-05,0.9965753424657534,-0.4686376835714852,0.7636503036583644,-0.4440911339570297,0.5388462982384074,0.6454699294746545,0.5413069711529216,0.7000167058088813,0.0143799814489598,-0.7139816718389974,214
2690.254538240161,1317.9380470924555,1002.0476913090647,17069.22093595732,0.000424454432577011,0.9965753424657534,-0.40982752463484906,0.7957929996730717,-0.44581935996881816,0.5584419356437684,0.6053434999059341,0.5671876687976173,0.7212378280193804,-0.01651510802171466,-0.6924906112294359,215
4084.3820198279327,1923.2506204096894,1501.907778132508,33514.70492857767,0.0,1.0,-0.46043929963273117,0.7756449779062368,-0.43170652022242345,0.551014335693513,0.6310238647594643,0.5460696695150408,0.6959733135788733,0.013555454727265548,-0.7179396885764016,216
,,,,,,,,,,,,,,,217
2903.358420868439,1511.1902134420882,1103.6367453862288,16481.032011442403,0.0009059039860947897,0.9965753424657534,-0.45736146048992626,0.7675249182899274,-0.4491391702608022,0.5472290155903665,0.6410190094247473,0.5381775116558792,0.7009713966735875,0.00035966672887441375,-0.7131892958291817,218
3422.227490975068,1376.501934763897,1199.6790750753776,26605.43498759488,0.0008713552916227735,0.9965753424657534,-0.4428658376853735,0.7717637535143695,-0.45634478037186293,0.5473959517563818,0.6358479944927871,0.5441093639152202,0.7100897984142269,-0.008833836137943168,-0.7040557091076889,219
3143.032336898035,1693.3690340768203,1209.099937570809,20215.766982491245,3.9945885344321745e-05,0.9965753424657534,-0.46812818442693366,0.7600099155785757,-0.45082250516959466,0.5366495670366105,0.6498339119780935,0.5382593510963521,0.7020421961282395,0.010040670569931687,-0.7120645615321303,220
3177.6553373271986,1124.3639791496157,1074.681387218974,12562.871697596114,0.000783789947172484,0.9965753424657534,-0.4142091654481132,0.7956208203359852,-0.442061395630371,0.5705294850691653,0.6053832659007977,0.5549839709703308,0.7091733736721159,-0.022329612965251544,-0.7046804342816192,221
4572.36477678612,1377.739059769507,1487.5249263761991,17388.91673447454,0.0007697037405731934,0.9965753424657534,-0.41069078383290414,0.8002542016823443,-0.4369511331538903,0.5658532767436237,0.5994789760484316,0.5660698070683757,0.7149427594382778,-0.014770577702916204,-0.6990269528144843,222
4096.898873128435,1410.5895199076167,1376.8705043117393,11019.153825528987,0.0005445595365544378,0.9965753424657534,-0.4402115265275392,0.7826529680955245,-0.44007742891854806,0.5555441437106068,0.6224556983416794,0.5512890421465141,0.7053967084564136,-0.0017986476136983565,-0.7088104461459491,223
3776.8080653293496,1660.6115676309673,1359.3545460553357,9101.444040514685,0.0004413729689192596,0.9965753424657534,-0.4519252538245042,0.788063215898644,-0.4179951347840603,0.5601027239442234,0.6153724584968264,0.5546184958634472,0.6942971291787965,0.016525890930868148,-0.7194987083678627,224
3088.5044683294796,1748.115018669164,1209.1544638986509,23670.50142631812,0.006446631592078832,0.9931506849315068,-0.43969119991575983,0.7689723324973075,-0.46406163445203036,0.5459841333090207,0.6391016900866732,0.5417105831559462,0.7131430255505811,-0.015184912973355391,-0.700854081479558,225
,,,,,,,,,,,,,,,226
,,,,,,,,,,,,,,,227
,,,,,,,,,,,,,,,228
4730.442406873919,1810.4645114433742,1635.1585220233485,19792.547031990583,0.000978010604958075,0.9965753424657534,-0.4266246515161581,0.7983252970420197,-0.42505073440883245,0.5598994750547774,0.6022073362610096,0.5690860233627285,0.7102844391876408,0.00480044333268731,-0.7038984097096033,229
3207.3784756025098,1615.0158194185778,1205.5981794067125,11521.37745400337,0.0011405936416285644,0.9965753424657534,-0.4637325942641684,0.7736748183667689,-0.4317167548777455,0.5481029722481181,0.6333625434747366,0.5462920650494487,0.6960856361323677,0.01670820003350612,-0.7177643228956407,230
3176.3841255121843,1300.795664337784,1119.2945681435197,14212.231253808372,0.0002570791473954186,0.9965753424657534,-0.43776338698270667,0.7895296520658219,-0.43012340732195825,0.5596038372645924,0.6137044827720688,0.556965306948477,0.7037092882264471,0.0031203099669390444,-0.7104811759149835,231
3366.880991833041,1472.7645244143514,1209.9110026376054,20482.64456220889,0.00022462475325355546,0.9965753424657534,-0.44479426242659154,0.7768614305946624,-0.4456953912335183,0.5502279332370519,0.6296702532255294,0.5484200886989644,0.7066875445329901,-0.0012999451189162625,-0.707524575223095,232
4606.511764934337,1674.764614625474,1570.2702712403818,12161.607195501783,0.00036367530457289397,0.9965753424657534,-0.44045649382037233,0.7898420178823605,-0.42678760975335883,0.5544325521410838,0.6132080777646725,0.5626547773639532,0.7061179945149314,0.011200006771261373,-0.7080056056773385,233
3212.368774780921,1674.861830488463,1221.8072400238777,24211.017897490816,0.0,1.0,-0.44585000620669235,0.7741274021631621,-0.4493823952777926,0.54139803444542,0.6330206612295428,0.5533290257659979,0.7128155022613694,0.0034070040543414393,-0.7013433196796313,234
3910.2076945656468,1401.4416808115511,1327.910767230153,8684.200417592645,0.0010609335266245899,0.9965753424657534,-0.42817746269842116,0.7848364301171736,-0.4479908909766728,0.5649064164082719,0.619391867938215,0.5451921263488432,0.7053685569529637,-0.01963394746197636,-0.7085687736339741,235
2846.235946431743,1518.9112235968469,1091.2863621186023,17041.346275454747,0.0004995052697769381,0.9965753424657534,-0.43083557797648114,0.7866740989284388,-0.4421815993738325,0.559085852170445,0.6173064519419502,0.5534941321221826,0.7083810518728736,-0.008752511980558125,-0.7057759409908442,236
4822.794376081236,1599.794164846974,1605.646765434608,11078.046566656845,0.0,1.0,-0.43741915078881766,0.7922412161238309,-0.425462503633191,0.5619768576107633,0.6101861227716877,0.5584397076558818,0.7020302686018043,0.005172141866602781,-0.712128324752913,237
2895.9772897462763,1870.73287800759,1191.6770913701698,28639.269305203252,0.0,1.0,-0.48672805748341513,0.7182108878359169,-0.49726141882551617,0.5051459648249986,0.695820294522994,0.5105503618164963,0.7126874155472669,-0.002690413328465119,-0.7014765921944077,238
2626.3407112238333,889.832363372961,879.0429099726601,13023.369191671865,0.00029917147628361697,0.9965753424657534,-0.4417587709569396,0.7906403555591615,-0.4239540263329233,0.5531926621496901,0.6120945697491394,0.5650823977327153,0.7062769052052835,0.015101849055615152,-0.7077745879365467,239
3052.6354547186506,1675.7645188833842,1179.4326128643606,10758.12087231407,0.0006921035397501604,0.9965753424657534,-0.4884188838822356,0.7433322422792755,-0.45706035865659544,0.5257740427298935,0.6687198994860956,0.5257141352700824,0.696425624068138,0.016458238647275025,-0.7174402250514909,240
3587.941795289736,1556.09120221896,1285.9992548337602,13034.07892803617,0.0008967855885439663,0.9965753424657534,-0.4539416764574579,0.7717388332343401,-0.44537189814029815,0.5460101074652753,0.6359243268193842,0.5454110496726956,0.7041377116166633,0.004407248281247417,-0.7100497582858798,241
4258.610765541461,1409.8356321589777,1417.0384354482808,17813.85784269581,0.0009246334168906747,0.9965753424657534,-0.4243246084415444,0.7930703541415619,-0.4370217844143558,0.5630392248793301,0.6090630429683064,0.5585955969549617,0.7091794257578354,-0.0090345487969557,-0.704970154694383,242
2937.456078422074,1245.8066252011317,1045.8152423156885,10104.450739907285,0.0005666653853720254,0.9965753424657534,-0.45124168923027924,0.7815519677751337,-0.43076380949125753,0.5501506831567782,0.6236922497432715,0.5552856953247642,0.7026486773080373,0.013583051092925208,-0.7114072933280011,243
3818.920547259486,1944.839698563141,1440.9396657653574,22270.313138728867,9.67276442845634e-05,0.9965753424657534,-0.4464962297804464,0.7745413830135417,-0.44802540418074177,0.5431365748600818,0.6325150553661957,0.5522022870147835,0.7110863364185152,0.003217255751208903,-0.7030973413577424,244
3935.2721047313726,1304.42133287783,1290.2489133151455,11588.04370752975,0.0012749139687031688,0.9931506849315068,-0.4345185237467353,0.7905918089674774,-0.4314605939300711,0.5583671218168431,0.612339250912774,0.5597024200997861,0.7066964056756851,0.0022876593091146202,-0.707513220243942,245
3538.51780660809,1651.854464225974,1297.5926720287885,20492.34675050951,0.0001606006671796939,0.9965753424657534,-0.4366550738901208,0.7761783351078186,-0.4548401241703155,0.559145353030964,0.6302239171991063,0.5386782790999581,0.7047615345844945,-0.019105138038463226,-0.7091869803307442,246
2717.5259813514544,1368.0387242334332,1021.3907936772313,12870.43173507127,5.196790195860566e-05,0.9965753424657534,-0.4648359228126894,0.7725708663404866,-0.43250644081306516,0.5439199890891016,0.6346149843998371,0.5490126292213198,0.6986262307787958,0.019951893571904494,-0.715208579094734,247
3168.554161399553,1469.9453862452558,1159.6245046941706,10626.463019654866,0.0,1.0,-0.4383731966386675,0.7772995964358593,-0.45125854878267563,0.5489418628683889,0.6290975512977951,0.5503627005363836,0.7116823530616585,-0.006450452059223538,-0.7024717930343201,248
3190.705120867318,1420.9688292349442,1152.9180929074164,17037.876689946428,0.0009436592744595455,0.9965753424657534,-0.4554381321604517,0.7603852024834797,-0.4630231653150375,0.5378551718391186,0.6494585339083335,0.5375085365457467,0.7094278835090366,-0.004237520241319348,-0.7047652953445518,249
3193.240816494412,1586.0707765496609,1194.826548987356,10872.581734051588,0.000484810120979001,0.9965753424657534,-0.46387574432196693,0.770672733102904,-0.4369013988092065,0.5423804544240117,0.6370008368991658,0.5477712811462142,0.7004589470401128,0.017131031535273733,-0.7134870645428645,250
3098.872353894577,1455.5494297248142,1138.6032280943145,19653.00754001581,0.00046532243622587443,0.9965753424657534,-0.4393575895978326,0.7829546968822639,-0.44039397258907226,0.5579783735453769,0.6220631353513989,0.5492700522442882,0.7040064226400482,-0.004404346352111843,-0.7101799480517401,251
5789.8781438137685,1738.3069666812496,1882.045938291593,21468.09686418661,0.00031803575822531417,0.9965753424657534,-0.4541045094703402,0.7978526229768993,-0.39651013415495895,0.5628873446403673,0.6018904621992992,0.566467747323032,0.6906134459467308,0.03404502199141343,-0.722422317453708,252
4289.533724623553,1618.3158321385804,1476.9620073847761,18611.412127028718,0.00034147540071737453,0.9965753424657534,-0.4471581641966228,0.7801092517835687,-0.43758328518578826,0.5525036607082253,0.6256270721079408,0.550754456677071,0.7034125966289746,0.004507984840948137,-0.7107674703982714,253
3611.1727486346995,1692.2228797251435,1325.848131106294,13862.253649777356,0.0006837501200542861,0.9965753424657534,-0.433972616796275,0.792794641577065,-0.42795376404196583,0.5605119823652858,0.609479104603533,0.5606795329567624,0.7053326062900617,0.0034463514575114873,-0.7088681380663828,254
4123.43165759665,2042.4698798545755,1541.4735479682063,32553.04103228279,0.001865393091615479,0.9965753424657534,-0.43750850659595203,0.7561285125807752,-0.4866785172149728,0.5532713335003564,0.6530091449599271,0.5171749105722766,0.7088562182720255,-0.04299684943213239,-0.7040412862581238,255
3465.5047987352064,1613.7328967417195,1269.8090426334124,11285.089480588926,6.557665177845546e-05,0.9965753424657534,-0.45083525595219837,0.7686041059227041,-0.45386705140302547,0.5450632271012951,0.6397173451446895,0.5419112443776677,0.706861832646549,-0.0030735451503022815,-0.7073449673729016,256
3494.786526858883,2067.6092850523432,1390.5869089232635,32931.95096092749,0.00012452252538515773,0.9965753424657534,-0.4461586884354195,0.7763105545805379,-0.4452913064281,0.5452490474285664,0.630339443176971,0.5526080551834067,0.7096801399305375,0.0037562244613332796,-0.7045140096307303,257
3236.2941835560473,1983.5742942301413,1304.9667077071674,22257.61126236895,1.595143876019222e-05,0.9965753424657534,-0.4437553436057141,0.7708808634154589,-0.45697252591508314,0.5466839475515871,0.6369211914864759,0.5435697354754601,0.7100829926922545,-0.008607569650297686,-0.704065375681781,258
2858.3691601021164,1704.6524517926696,1140.7549432487283,24973.21354594081,0.00033807618787619364,0.9965753424657534,-0.4545283793025327,0.7445016050157769,-0.4890003195679377,0.5343053689345598,0.6671396149694175,0.5190785170532114,0.7126862739918013,-0.025339579068906326,-0.7010250927008916,259
2769.1939026996574,1395.036798484131,1041.0566381387353,15841.20075951539,0.0,1.0,-0.45042575915506217,0.7883135010417556,-0.41914014310833553,0.5599571662929135,0.6150829025648703,0.5550864751456162,0.6953880984074983,0.01532472014962194,-0.718470977524868,260
2956.0642177112086,1394.667662612273,1087.6826008558076,24073.491117779286,6.127208736589889e-05,0.9965753424657534,-0.45436942619782583,0.777115424515732,-0.4354767979082148,0.5416448783736355,0.6291161834244486,0.557524576574939,0.7072264490729034,0.017448344712005598,-0.7067717488684326,261
3429.7694031214965,1491.6798587274793,1221.905073586498,10286.604198031364,0.00022553803774700835,0.9965753424657534,-0.41424454657386695,0.7796711140806635,-0.4695896181795637,0.5612040134892865,0.6249886695626968,0.542622537462062,0.7165553090148227,-0.03875715142353975,-0.6964527064605355,262
2204.4190057099704,911.7391571675623,779.0382772484079,8425.943328617695,0.0004253184456037037,0.9965753424657534,-0.4256467351113417,0.7927174030290419,-0.4363759569728228,0.5628574002469588,0.6095368714093249,0.5582619003476477,0.7085311594251096,-0.007995081451972391,-0.7056342358448081,263
,,,,,,,,,,,,,,,264
4050.636759863416,2041.7554566067292,1523.0964294860603,11362.385265670273,0.0006613630614195154,0.9965753424657534,-0.46041110907756505,0.7638990984626066,-0.4521944028910393,0.5416888289898318,0.6453285247050143,0.5386318851958861,0.7032743584018909,0.00304344706977433,-0.7109120298914221,265
,,,,,,,,,,,,,,,266
3539.931727193842,1610.0658882323037,1287.4990217473342,17670.506926951322,0.00010834274501459926,0.9965753424657534,-0.4489481436845391,0.7811044188679276,-0.43396019530275326,0.5547515714629414,0.6243701764575748,0.5499205185385738,0.7004971507733657,0.006145695675364549,-0.7136287355362467,267
3722.1271475207263,1842.4027182396146,1391.1249896973984,15819.882183979802,0.0014343612201737123,0.9965753424657534,-0.4604084716333376,0.7574073986038331,-0.46298819832521493,0.5356930207183443,0.6529408808837968,0.5354448558202304,0.707853817395873,-0.0014961988056531872,-0.7063573703071444,268
3651.031528467245,1839.5893181059057,1372.6548127976966,19237.884566068275,0.0008034492033862577,0.9965753424657534,-0.43265099833368875,0.7912399927720141,-0.43214857107134547,0.5649874287266374,0.6114892751019861,0.5539585470196399,0.7025683732005914,-0.004487791593963147,-0.7116020943651613,269
4127.259557081357,2051.859003021811,1544.7790249938078,26674.56708773158,0.00027323787252037064,0.9965753424657534,-0.4367250471054051,0.7802113343276591,-0.4478186095032625,0.5550467243450169,0.6254503428432281,0.5483931093943059,0.7079508224620186,-0.009063245773018314,-0.7062035758557226,270
3490.8868224120815,1658.4594816283013,1287.3361725893271,26132.83273877736,0.07610471344940167,0.9897260273972602,-0.46284787800296745,0.7258537940959098,-0.5088301400513955,0.5141999682147553,0.6874213123166951,0.5128843261991316,0.722059716724382,-0.02425301979888722,-0.6914054935524738,271
3627.542775153642,1497.7219623094072,1281.315638105074,11648.723026063775,0.00047475677617348617,0.9965753424657534,-0.428605662261418,0.7815996086645469,-0.45320992708995067,0.5665197064029603,0.623250923456919,0.5390859937590673,0.7038129073372801,-0.02569704546294621,-0.709920455628601,272
,,,,,,,,,,,,,,,273
2905.918695800309,1275.6151172590232,1045.3782474760255,10371.860102608516,8.177930623521952e-05,0.9965753424657534,-0.44279349232086124,0.773614217215332,-0.45327140443734676,0.5505024561237246,0.6335954484446744,0.543602661428307,0.707729446158659,-0.008823300544654716,-0.7064284680046924,274
4168.435748039842,1140.6269253734379,1327.2653277929714,15105.416800531486,0.00022172072325959117,0.9965753424657534,-0.4330985706012686,0.7951361656844947,-0.42448098445477833,0.5706839407962546,0.6064260086060101,0.5536852317006841,0.697671461262674,-0.002444198589128116,-0.7164136780051467,275
3674.177402143029,1930.8043020769937,1401.245033916492,25061.52047395249,0.0,1.0,-0.4738139312317945,0.7540274903665974,-0.4549097738476536,0.5325405386151545,0.6567553458765217,0.5339222699926379,0.7013564951593116,0.010721913731287808,-0.7127300381377126,276
4195.146862281899,1970.144715205577,1541.3225058884648,17309.55810671785,0.00013557330658055117,0.9965753424657534,-0.4293773393747018,0.7732387717008951,-0.4666228695316951,0.5651903183213206,0.6330574177644842,0.5289595541146861,0.7044111047586816,-0.036607482184034285,-0.7088475772271492,277
3533.7556837109028,1461.798474824001,1248.88816729003,18968.823914555356,0.00042946434369713174,0.9965753424657534,-0.4398092358283627,0.7677267198874295,-0.4660080682251758,0.5448114136183201,0.6405804487225664,0.5411443544061079,0.7139666376458214,-0.015886229423117626,-0.6999994771736882,278
,,,,,,,,,,,,,,,279
3474.7272858144515,1629.4933298215456,1276.0547481052477,16910.396293214722,6.222730739745612e-05,0.9965753424657534,-0.44548111299450466,0.7704772320292145,-0.45597303965232144,0.5552174668490198,0.6372888029513302,0.5344123371878855,0.7023390509368926,-0.015093593258755839,-0.7116825422697991,280
2918.5364597348384,1668.3424432872641,1146.7193328139415,18740.69106789543,0.00041823659456084603,0.9965753424657534,-0.43570778695858686,0.7906488292351701,-0.4301548014525765,0.559506769919143,0.6122638041898766,0.5586458703808591,0.7050609185015844,0.002731832351256319,-0.7091414797441389,281
3670.0636527360007,1359.6978851029703,1257.4399127071138,17037.93142404701,0.0,1.0,-0.4036313613817519,0.7921130856918173,-0.45786306204464844,0.5625021612095398,0.6095312738626533,0.5586259435597025,0.7215767753633086,-0.032070011835963946,-0.6915912604979408,282
3513.640398246442,1708.0232135153215,1305.4154949522733,23110.45315782626,0.000282471056330169,0.9965753424657534,-0.46324638634745197,0.7717737515943704,-0.43562376184728296,0.5457881137866655,0.6357175353114077,0.5458741156592634,0.6982249783452473,0.01511594018048465,-0.7157187911234684,283
4146.022572339424,1993.1042284614753,1534.7812761875725,17845.849787837986,0.0008042644057254187,0.9965753424657534,-0.4749875495829881,0.7557050167919865,-0.4508844146081916,0.5444644730356873,0.6549031119349825,0.5240804819680344,0.6913358556758934,0.003441158714614617,-0.722525358090345,284
2988.0381171888735,1636.0936664553833,1156.0325388894883,14507.420684311195,0.00014151871773488296,0.9965753424657534,-0.4335016620850239,0.7822322109211527,-0.44742494026029334,0.5609303610983296,0.6228171684136746,0.5453951821636034,0.7052896135401536,-0.014544515343518444,-0.7087700742171631,285
3424.6964158825267,1920.967757247625,1336.4156373933417,15778.446504561405,0.00021371035328848263,0.9965753424657534,-0.4566609614060387,0.7700083945876574,-0.44558707184146507,0.5410790137735298,0.6379685511498995,0.5479321386792004,0.7061828850811784,0.009121403852295651,-0.7079707146557593,286
2562.1651820127613,991.7912397473839,888.3560026322876,10178.737281841577,0.00012785360709972388,0.9965753424657534,-0.41584493782871745,0.798967689397436,-0.4344233177226474,0.5686179472897269,0.601221236945315,0.5614326800836968,0.7097510955977788,-0.013551957233829515,-0.7043221753948152,287
4890.956612401297,1814.6232175559658,1676.3945953376733,26376.447784793017,0.0011221328255932369,0.9965753424657534,-0.42299605805079116,0.7868047890552455,-0.4494580723418172,0.548674573262013,0.6171495435423815,0.5639881679265782,0.721131435682317,-0.008041444221083272,-0.6927516060216674,288
4398.958049049944,1666.7272469239988,1516.4209421417238,22307.262407621525,0.00016683016596321428,0.9965753424657534,-0.44960306699374175,0.7757466835755397,-0.4428026254115624,0.5444038067275799,0.631000740598142,0.5526866748756624,0.7081536396646851,0.007426189207649619,-0.7060193158430663,289
3036.989493029608,1283.4670814586732,1073.7167944292732,18574.98125027776,0.0003404547879168007,0.9965753424657534,-0.43144651232369685,0.7873578271842658,-0.4403652563218289,0.5575431344687887,0.6164703938936149,0.5559765342704398,0.7092246190103926,-0.005648488676026464,-0.7049599523130662,290
3781.1913881710548,1570.1173464287008,1337.826362686666,19031.656240493092,7.374986535692833e-05,0.9965753424657534,-0.4349392271189598,0.797683725337262,-0.4177661343924728,0.558682295835277,0.6029060264191426,0.5695422860751468,0.706188332552575,0.01431773863247432,-0.707879256177963,291
4283.220812231777,1354.7150846620846,1409.4836116433235,9042.007538998105,0.00029426146035765074,0.9965753424657534,-0.4412133542109038,0.7711459031543663,-0.4589823222240705,0.5589907874779749,0.6362787686196216,0.5316753032807255,0.7020399387361926,-0.021984645826914312,-0.7117981453805202,292
4001.9033912322257,1454.2088883642418,1364.022549462431,23048.959608995832,0.00042709181344361015,0.9965753424657534,-0.4394505979174994,0.7843007839110839,-0.43789890653712715,0.5546073411197487,0.620380184711318,0.5545621007548512,0.7066072948717944,0.000840698525302469,-0.7076054155106183,293
2775.096767706553,1474.121785642484,1062.3042434923561,26381.644689687437,0.0007005421931349271,0.9965753424657534,-0.4473463313182718,0.7626528776665222,-0.4671636202050152,0.5488122586914937,0.6465192088762651,0.5299226521521319,0.7061772897552172,-0.01932616726050465,-0.7077712446073201,294
3033.156960827125,1490.2469864802622,1083.1336317880543,17343.935240159364,0.0004034407945739966,0.9965753424657534,-0.437566085463488,0.7881867305260246,-0.4327789258673019,0.5544246546485558,0.6154141785984573,0.56024877607882,0.7079189382761202,0.005202557321367707,-0.7062745289385204,295
3373.097185775123,1691.7696184110048,1266.2157202129185,13541.067712211128,6.477857250630135e-05,0.9965753424657534,-0.4437387921923931,0.7864768376790133,-0.4295929097390403,0.5571144849245983,0.6175798766021149,0.5551743390173182,0.7019396946966568,0.00701995801523006,-0.71220178685442,296
3460.623664184221,1507.3949698906636,1242.0036870833433,18822.08138237323,0.0003407128029619877,0.9965753424657534,-0.4273255974098708,0.7871062986232787,-0.4448106433819441,0.5606623024582661,0.6166751030712767,0.5526025695327754,0.7092606124694172,-0.013247336320640568,-0.704821886493258,297
4032.765406723513,1440.1293953476352,1368.1954771851802,9331.651626451943,0.0005325477644348481,0.9965753424657534,-0.4487916427774636,0.7801214042501523,-0.4358860585105654,0.5555483554506926,0.6256175435138344,0.5476939966840485,0.6999657749698456,0.0036447055417598573,-0.7141670882870321,298
4551.294396806738,1968.9864656744749,1630.06120583868,31471.735227323432,0.00013751551932338562,0.9965753424657534,-0.44482946656503886,0.786939738827467,-0.4276126671762905,0.558716056353205,0.6169827707509522,0.5542279575856853,0.6999736523959921,0.007622863676858771,-0.7141279842582692,299
2797.5179185158045,1398.4837999189526,1049.0000401898376,10080.060437057293,0.00019969055583308638,0.9965753424657534,-0.411617516802696,0.7967320437137257,-0.44248058757524283,0.5645176906091879,0.6040573204772046,0.5625251377202345,0.7154654407100678,-0.018242919109875105,-0.6984099076129283,300
3546.776053865756,1584.3532891836894,1271.5309323725846,21321.300391685058,0.0007249099394397872,0.9965753424657534,-0.4691389474708284,0.7578562808964165,-0.45339001474648205,0.5326628585062806,0.6523208670186514,0.5392103166853847,0.7043996927411889,0.011460539162127609,-0.7097110178856123,301
4397.515177718183,1829.313327908572,1556.7067432794288,26065.816524506132,0.0007808243709730254,0.9965753424657534,-0.4528831305103152,0.7820921305271525,-0.4280522975836907,0.5481544486298457,0.6228988908791243,0.5581430570999398,0.7031525940693719,0.018134803805291727,-0.7108076802795937,302
3059.922925155084,1146.3565970159736,1051.5630583449986,17914.76407718,0.0,1.0,-0.4406353029792582,0.7955971645366812,-0.4157711889363793,0.5608611431945519,0.6056265332786821,0.564492055075486,0.7009103422142362,0.01554522338335515,-0.7130799662079168,303
5109.482197350917,2767.1373001465504,1969.1544618297237,29181.385311492973,0.001368326960843344,0.9965753424657534,-0.45283277220058715,0.7605351643780914,-0.46532649200912757,0.5386806239889383,0.6492531619467811,0.5369297133154346,0.7104686240503653,-0.007522994516565823,-0.7036886660970777,304
3127.0020470525333,1096.8723242468157,1055.968214114501,14612.299212031341,0.00020504490050066574,0.9965753424657534,-0.43887498006674713,0.793832043205113,-0.420974392394844,0.56196468088644,0.6080623492469797,0.5607636550851399,0.7011308360838326,0.009532397864115527,-0.7129689222422997,305
4033.907589794407,1929.6718911665532,1490.8831582180221,27235.647611079155,0.0012312103872530763,0.9965753424657534,-0.4690722909784853,0.7577121730134633,-0.4536997340790612,0.5354722593130984,0.6525328096007136,0.5361626543323629,0.7023109320965475,0.008555422947720326,-0.7118189091305909,306
3987.7816730237546,1634.1620558169495,1405.47048682263,12858.527951615408,0.0006407063286286036,0.9965753424657534,-0.41803115192279994,0.7878597797972314,-0.4522465294504259,0.5623056767450478,0.6154097951715507,0.5523432899087339,0.7134860068161047,-0.023404089060843847,-0.7002784922392242,307
3682.297737622361,1787.1925912904358,1367.371251280025,19110.6773810024,0.0023709056061970066,0.9965753424657534,-0.4351659295320389,0.7845673771075611,-0.44168387400161974,0.5581318684136904,0.6200089401457475,0.5514324361156042,0.7064838506544644,-0.0065532372083574875,-0.70769882283817,308
3144.0387551478793,1530.9574266712893,1168.7450529735524,24332.5174243503,0.0008553892623999339,0.9965753424657534,-0.47276479049375114,0.7430359133698914,-0.47369936068351504,0.522629177485412,0.6692481497562499,0.528171995555196,0.7094731818119142,0.002132015573927698,-0.7047292095544723,309
2984.8618608185793,1465.1726166679082,1112.5082237987324,8808.693839647774,0.0,1.0,-0.4470810780319377,0.7808945730919458,-0.43625929833225124,0.556870315854797,0.6246602133710195,0.5474441242273508,0.7000099720615265,0.0018120559649411616,-0.7141307691645843,310
3759.626186818585,1271.8179297872487,1257.8606618950705,11469.86294250299,0.0,1.0,-0.4235510108858897,0.7848797547179303,-0.4522922858190957,0.5598626499074251,0.6193227086209386,0.5504481772383846,0.7121505138776332,-0.020078675761752235,-0.701739618636056,311
2600.9151885727815,1141.8007832389678,935.6786084760879,16780.976294544813,0.00023205606335719196,0.9965753424657534,-0.4370841591448681,0.789051170321988,-0.4316893425116315,0.5565225877422683,0.6143127779728678,0.559376814099322,0.7065692090356563,0.0042498744404058375,-0.707631183180877,312
2466.279767970812,1069.047986136713,883.8315739822408,6742.804243079547,0.00027239806345844274,0.9965753424657534,-0.45014226824232656,0.780209845610795,-0.43433228656598033,0.5477698871527424,0.6253981128287482,0.5557205693502014,0.7052092519744229,0.01223916999717714,-0.708893584148887,313
4554.498212850828,1616.8171437521723,1542.8284498751948,11575.365121943725,0.0013518664161078393,0.9965753424657534,-0.4308932826879655,0.7938956378401579,-0.42902295410940183,0.5693820008297229,0.6080256372809468,0.5532711464916996,0.7000965048231068,-0.005877127484346906,-0.7140240495298475,314
2511.933163830301,1276.9603380281374,947.222967291251,15469.52815102975,0.0008169530719795307,0.9965753424657534,-0.4396693096864151,0.7824446105760576,-0.4409890355783834,0.5548615196288544,0.6227165432449643,0.551681793069339,0.7062716135843417,-0.0021302932953248255,-0.7079377583484627,315
3830.460094203381,1905.755958211706,1434.053630283597,30204.94881638762,0.0007421926929118375,0.9965753424657534,-0.4551057718479243,0.7545814982598068,-0.4727425292002936,0.5337531980852269,0.6561369634321224,0.5334714694825454,0.712731548315702,-0.009541891953855242,-0.7013720070928433,316
4380.000974441635,1529.267471906832,1477.3167385720635,20499.717664266173,0.00013954592527729527,0.9965753424657534,-0.42259832122842017,0.7835254830203747,-0.4555200065338617,0.5628878332300945,0.6208231602898192,0.5456518036708856,0.7103294630637604,-0.025815133264228157,-0.7033957867361019,317
3760.8286887579666,1377.8786826638116,1284.676467337487,22846.69464093607,0.00017657203125899764,0.9965753424657534,-0.43133770165385593,0.7954718807626353,-0.42564336485833426,0.5612649626979017,0.6059755756664438,0.5637155695414533,0.7063493673669512,0.004253070852682506,-0.7078506075498063,318
3061.4151631375416,1291.143093427118,1088.1391260175483,13085.2942218557,0.00027710562531677556,0.9965753424657534,-0.44255585825264426,0.7723582575741933,-0.45563914919947524,0.5443690278898268,0.6351629518554,0.5479328298839373,0.7126055527432764,-0.005544956924180056,-0.7015429991469936,319
3824.1088185194235,1642.0747516757738,1366.5454348121955,17243.700051004515,0.0005298383847538677,0.9965753424657534,-0.4241176759470246,0.7894121363194393,-0.4437935060147611,0.5608680741413583,0.6137208033861017,0.5556741661262307,0.7110212376281446,-0.013238373113682561,-0.7030459054137537,320
3147.040318088376,1321.5287906891224,1117.1413882212569,16330.791081883766,0.00036267002752076566,0.9965753424657534,-0.42717788296450454,0.7821849408735062,-0.4535479848667325,0.5565375584437461,0.6228001402498415,0.5498962914461705,0.7125903467964172,-0.017512954504805084,-0.7013617426671308,321
3999.305185387848,1500.8469648739124,1375.034272764132,9853.266650515596,0.0012019034846378193,0.9965753424657534,-0.41785212474134753,0.7876330029592734,-0.4528066414028163,0.5619652017499697,0.615690622318863,0.5523768365986459,0.7138590294107495,-0.023649740759011495,-0.699889974132202,322
4095.1547915973965,1385.3463730267285,1370.1225147356283,16002.131209215893,0.007827453916761139,0.9931506849315068,-0.4391003959499999,0.7924558202639481,-0.42332566093534485,0.5602212765953958,0.609863167456188,0.5605524402142325,0.702383772254441,0.008982756264019565,-0.7117417695790538,323
2487.1181129128518,1510.360768245458,999.3692699092934,22141.273698303754,0.00012555985727731483,0.9965753424657534,-0.4581209708990297,0.7628897109685987,-0.45620660332877516,0.5384801047430748,0.6465258083148107,0.540410543918943,0.7072229866303963,0.001915223519257686,-0.7069879624862462,324
4423.130500605849,1562.4708148268983,1496.3929957532648,23414.596326706047,0.00012128059070224923,0.9965753424657534,-0.43528150620026174,0.7976789235092812,-0.4174186691429913,0.5607342524685859,0.6029432271065641,0.5674826543559006,0.7043487122644067,0.012953759122231734,-0.7097359309321147,325
3298.181861125034,1756.8024877059208,1263.7455883340815,10705.06326687217,0.00023108814096476688,0.9965753424657534,-0.4400524383266726,0.7720920323986952,-0.4585059923590992,0.5437675323858889,0.6354592413936658,0.5481864858333778,0.7146122880595543,-0.008089872300542728,-0.6994739678647446,326
,,,,,,,,,,,,,,,327
,,,,,,,,,,,,,,,328
3808.718770168667,1367.8335086539382,1294.1360740266502,15414.958565354975,0.0008080072585249785,0.9965753424657534,-0.45683918421292763,0.7901864145802202,-0.40853811325324735,0.541955093778661,0.611426124297467,0.57657850363497,0.705395375725578,0.04199434175498934,-0.707568964246974,329
4071.9671629092163,1790.0671653865186,1465.5081946403645,24557.427872685123,0.0,1.0,-0.45073424615435237,0.770199024065694,-0.45125613865289477,0.548098759552062,0.6377943819816627,0.5411155847784461,0.704575325370651,-0.0034336046484204352,-0.7096208996626014,330
6279.584202756928,2500.7895087411457,2195.0930732853412,40787.360589039105,0.0012257385948613525,0.9931506849315068,-0.4341599870033386,0.7970139959688999,-0.41984973015943133,0.5624581617009466,0.6038930515863067,0.5647601248156338,0.7036660585968693,0.00904834103384719,-0.7104732264507105,331
3316.9212082972663,1401.171967458165,1090.1616293781506,8626.306977834032,5.4894095792254886e-05,0.9965753424657534,-0.428537376833249,0.7834887960673699,-0.45000113676943226,0.5566651045850739,0.6212447583224694,0.5515241713598283,0.7116738564779281,-0.014151208208486005,-0.7023674717069928,332
3698.5028897937923,1257.5525873879392,1238.9998253148508,12943.380051397733,0.0001332048706241083,0.9965753424657534,-0.4748707769777981,0.7709417629503359,-0.424436736524456,0.539668855410254,0.6360578508350672,0.5515323534401784,0.695165643334514,0.03285130941231437,-0.718098544628248,333
4115.920445737043,1673.67620337047,1447.39654170365,15839.0779136514,8.42040478583966e-05,0.9965753424657534,-0.4543706387408092,0.7849069913902642,-0.4212699105288114,0.5522132560583408,0.6192577658994595,0.5581938186747106,0.6990048944633467,0.02099605295987883,-0.7148085920555178,334
3253.6574848405735,1296.028733597798,1137.4211022076918,13705.904939587832,0.0002676998442571811,0.9965753424657534,-0.41989115578402847,0.8004588291789697,-0.4277348244926825,0.56605530462255,0.5993710667575315,0.5659820813794469,0.7094172322427931,-0.00447069607241235,-0.7047745763530375,335
4010.4677469877556,1774.6929617142157,1446.2897875501042,16398.68780311886,0.0,1.0,-0.4335380142749108,0.7726061829089029,-0.46381513160903043,0.5690924745008636,0.6338153772996582,0.5238433190993046,0.6986977498497123,-0.03684770860483591,-0.7144674245376916,336
5227.274982993748,1839.3324346685363,1766.6514229302632,13632.841747332235,0.0009200140200457646,0.9965753424657534,-0.4261672397053021,0.7832692067312724,-0.4526265939916995,0.5651089359401739,0.621203266054352,0.5429165615119603,0.7064229429474442,-0.024410080499028403,-0.707368909160915,337
3845.657822247545,1996.9114965442586,1460.630745575714,21651.035158294573,0.001159768768877688,0.9965753424657534,-0.4638600304265408,0.7539548456712404,-0.46517304614685584,0.537249516047829,0.6569105824460096,0.5289909679539131,0.7044124002876881,-0.004536227430425338,-0.7097764387197122,338
3796.4485944550916,1246.172234419225,1260.6548213410176,24096.616262589854,0.0006485841562583248,0.9965753424657534,-0.4369478903961988,0.7985156586040213,-0.4140643477075726,0.5595545181524768,0.6017242273420766,0.5699356941311277,0.7042551258552975,0.017340622646459025,-0.7097351763247839,339
2969.657950187488,1651.893212749906,1155.3839807466484,19587.24850169612,9.97437081858543e-05,0.9965753424657534,-0.44472201805732453,0.7644316683812951,-0.4667617711754149,0.5481931327049068,0.644430728037073,0.5330978578242352,0.7083125128855209,-0.01879524241391095,-0.7056487248995785,340
3371.9292073174392,1493.7324138362164,1216.4150376725952,16482.619492152025,0.00015668924789549607,0.9965753424657534,-0.4340123999149988,0.7813723579489845,-0.44843112620921755,0.5487531700957448,0.6240477620430894,0.556268234756293,0.7144950629849682,-0.0046506905138545,-0.6996250253155976,341
4883.351339855129,2155.2022671500436,1759.627796371619,20276.747750416245,9.856946693605838e-05,0.9965753424657534,-0.4365638617881234,0.7803893976283564,-0.44766548074415063,0.5534754232771171,0.625248011262095,0.5502089423491874,0.7092791766355873,-0.007570500779102679,-0.7048870385452533,342
4692.448575581157,1774.8752183423212,1616.8270819240538,18435.248782918694,0.000189515281550813,0.9965753424657534,-0.431870342345102,0.7983260186166983,-0.41971844777461886,0.5603904167330527,0.6021358942777826,0.5686782444019207,0.706718181622972,0.01038907223510041,-0.7074188850614704,343
4338.924394154451,1817.8250819740279,1539.1854630452472,21546.87455204381,4.752062267015069e-05,0.9965753424657534,-0.42745619398784684,0.7785822720398164,-0.4594462404751415,0.5530607045737576,0.6272332429849208,0.5483633065322644,0.7151259044936096,-0.01970036953807308,-0.6987179947319664,344
3758.9651701389853,1753.237019707834,1378.0367574061465,12081.56250722151,0.0007750713767236062,0.9965753424657534,-0.42081576520510017,0.7867252890657888,-0.45163858482109026,0.5556815522229738,0.6170825598622606,0.5571598754692463,0.7170300581383687,-0.016505570520001428,-0.6968467994243044,345
3328.9546690394964,1420.1396485277694,1187.2731987079653,13516.36021551139,0.0,1.0,-0.46455292299847195,0.7685410659574908,-0.4399263707377629,0.5425897237630424,0.6396420042076829,0.5444763522136881,0.6998478216014689,0.01423855294973378,-0.7141500474057091,346
2802.684873268194,1570.0761118957732,1091.36665636871,21492.838704584698,0.00030552010657845563,0.9965753424657534,-0.46179664419546784,0.7592345889872938,-0.4585920826781681,0.5339469883886693,0.6508021643831499,0.5397750980036758,0.7082686446543253,0.004402467433481799,-0.7059292778175604,347
6157.714366592521,2144.5384132722957,2075.5597175581297,23845.725566578138,0.0,1.0,-0.4414986711200923,0.7886989450854154,-0.42782344187800847,0.55604471952453,0.6147123921649715,0.5594130359651132,0.7041968427137966,0.009091146240777531,-0.7099465879712005,348
2981.6116706961475,1355.0361343534712,1084.1615763899026,18125.158634855685,0.0004478005658007416,0.9965753424657534,-0.4750611590905825,0.7534463639126404,-0.45457174552575685,0.5311660792860619,0.6573910899171452,0.5345087006901019,0.7015550522513436,0.012471231068703348,-0.712506124223677,349
3432.8307706902265,1603.1713365212518,1259.0001129012962,14313.70862954611,0.0,1.0,-0.4404811332452094,0.7721673212896587,-0.4579672468500004,0.5458208317681129,0.635350501988255,0.5462685779277788,0.712780464703531,-0.009347061336342916,-0.7013249186941765,350
4523.580997885438,1522.1733470910415,1511.438234814156,16547.6911485311,0.00015712173442290837,0.9965753424657534,-0.41255560711134,0.7968879144268244,-0.4413247363126839,0.5639776869773407,0.6039009435000059,0.5632342488090469,0.7153509905163216,-0.016531856528196387,-0.6985697231393935,351
3304.454140177138,1426.7089673007508,1182.7869431664067,14724.719962026324,0.0006985963459508271,0.9965753424657534,-0.4496661182791954,0.7752595939572469,-0.44359096479635984,0.5526929564970761,0.631642352650522,0.5436528618306306,0.7016629375349975,-0.0007073297379351362,-0.7125086818940525,352
2907.9478686029556,1275.602993412725,1045.8872855414947,15501.300367187967,0.0001691624697216634,0.9965753424657534,-0.4319209950030767,0.7716130990031472,-0.46696625094573124,0.5595253992893849,0.6353174437532538,0.5322622222296878,0.7073723076468337,-0.031384249387081925,-0.7061440697653723,353
3462.9929337326184,1999.0553502515002,1365.4850568411348,16530.690105656846,0.00037005947271108236,0.9965753424657534,-0.4602364707040624,0.7405542266314123,-0.4896548054009268,0.5229449635764852,0.6718370977946884,0.5245602721297133,0.7174335900303647,-0.014640746058896842,-0.6964730378492634,354
3392.678278166471,1477.8425087708406,1008.0062220129565,16182.599772407233,0.02831081192205084,0.9965753424657534,-0.4145814397059693,0.7688753400239168,-0.48677812333180337,0.5524177886274174,0.6377159557311326,0.5367987952798722,0.7231575323947887,-0.04635807706359979,-0.6891256141166469,355
,,,,,,,,,,,,,,,356
3987.47229085394,1507.2965539480513,1373.689924407711,24767.79037865275,0.00037451201344047044,0.9965753424657534,-0.41325553604094745,0.787531396551261,-0.45718066601457424,0.5578029943528753,0.6157655624354871,0.5564967130266578,0.719774743529165,-0.025041397016314526,-0.6937558987230277,357
2879.840723199424,1717.3896394105827,1149.296104589189,8247.881545958466,0.0006394926342388219,0.9965753424657534,-0.4688473236541944,0.754959737211032,-0.45849534598788305,0.5327224033280306,0.6557381539221749,0.5349900134424428,0.7045488117190364,0.006577893354828834,-0.7096250441073133,358
2523.6767708862258,795.5948807015088,517.8042053237049,39273.99532241432,62.03294223789792,0.6541095890410958,-0.42078094915112246,0.7987845615263777,-0.42998443820514376,0.5677461939272854,0.6015683160613455,0.5619428978038591,0.7075363256487697,-0.007667162332292393,-0.7066353815860118,359
3010.264305064652,1714.9112119346428,1181.2934722835416,18681.43143197812,0.00015479855449278433,0.9965753424657534,-0.4622493312199558,0.7648807727475198,-0.44864569458299797,0.532362619896903,0.6439942498246063,0.5494191907181146,0.7091654226788056,0.01512645609518723,-0.7048798433795587,360
4479.977923263541,2058.2489203265122,1634.5430971080539,25628.13736133674,0.00027922750726726726,0.9965753424657534,-0.4497893160077429,0.7731879905883077,-0.4470681183167749,0.5503858849443539,0.6341743269159539,0.5430453947274733,0.7033953005666922,-0.0018039652745603096,-0.7107965931614901,361
3444.5587636981068,1584.2553880468263,1257.1653090624955,14716.147736840192,0.0002986572809991214,0.9965753424657534,-0.46137691534492514,0.7578793106173014,-0.46124862333132854,0.5344978859113132,0.6523933574759382,0.5373033752710006,0.7081266496490148,0.0013629598368522788,-0.7060841241646385,362
2885.192437862683,1788.464045828649,1122.1789469935927,23837.304289299074,0.002264365579808649,0.9965753424657534,-0.45404742786034963,0.7523981834094925,-0.4772189296910761,0.539472989537681,0.6584300720848129,0.5248225735747895,0.7090908452466987,-0.01915238304973496,-0.7048569779826532,363
6903.208747614204,3383.8040182348714,2571.752706587933,48681.839160584204,0.0012007692223878505,0.9965753424657534,-0.4414982423614373,0.7948885437788411,-0.41621089000759587,0.5357456311662365,0.6056396668266956,0.5883682627847462,0.7197610163644963,0.03678038791533719,-0.6932469130019585,364
2773.944841395356,1034.9479484406788,952.2228187336676,9280.262886928685,0.0002128246296555026,0.9931506849315068,-0.4172186962364025,0.8059179444264404,-0.4200295541533447,0.5616368836101294,0.5920039519109289,0.5780098025903578,0.7144876279401193,0.005252406429772871,-0.6996283597362232,365
5806.97952968786,2101.504529973681,1963.006640844665,18714.458750080714,0.002734328272772726,0.9965753424657534,-0.44553797171558984,0.7890544380585729,-0.42295272731078115,0.5743952615213674,0.6143203238976003,0.540999651744941,0.6867066326324205,-0.0019061548775702597,-0.7269321613962507,366
3162.51004784102,1577.5828528873794,1185.0227241311607,22464.194753367985,0.0012517950441800802,0.9965753424657534,-0.4352785602953785,0.7875637369756159,-0.43620629884056644,0.5546321911300945,0.6162314985234374,0.5591438748567216,0.7091655007890703,0.0014492855349208522,-0.7050405605793368,367
2988.3702697175763,1291.137030344528,1069.8764521089588,12249.004064141014,0.0006897294116874756,0.9965753424657534,-0.4434009230477358,0.7878785677641531,-0.42736750449504535,0.5546429301981812,0.6157300673234116,0.5596853617659501,0.7041071235412913,0.011128641058711891,-0.7100065576645014,368
3179.424388270768,1598.2260625957636,1120.5323654283109,25218.004131153662,0.002275670718551978,0.9931506849315068,-0.4642848303298168,0.7700833183381569,-0.4375057475541393,0.5447686884400255,0.6377794923889601,0.5444854407451267,0.6983313485881526,0.014456898193365375,-0.7156286227322655,369
5230.537277664186,1941.0030919546439,1792.8784273172546,27547.181350086154,0.0,1.0,-0.43998236226596116,0.7859933714633817,-0.434315485460156,0.5558745530929504,0.6182272921246241,0.5556964067689906,0.7052793787702695,0.0030716913714148864,-0.7089228185025092,370
3720.2713823083513,1597.5357797708873,1329.4495361664451,26674.488951433865,0.0002212190694703073,0.9965753424657534,-0.43865880444400945,0.7845579250888205,-0.43823203381779047,0.555466114617161,0.6200554167390857,0.5540655878906698,0.7064246943559287,-0.0003772967578559161,-0.7077881101369882,371
5578.149789497839,2613.5398456109947,2047.921571227839,36836.19904279507,0.000693404275502209,0.9965753424657534,-0.46033943170140074,0.7809786399337699,-0.4220900041318564,0.5446314975166887,0.6239248437777216,0.560441184451745,0.7010450338841012,0.02810966531541792,-0.7125627742046976,372
3542.9537072722196,1762.2888528493934,1326.3050012789818,11708.798501304176,0.00010873537398284471,0.9965753424657534,-0.4561953948285199,0.7603681635851571,-0.46230511304049704,0.5382066826407581,0.6494813069585514,0.5371290335405845,0.7086743458726874,-0.0037799097274783255,-0.7055256081705121,373
4550.83000797209,1891.3840821574422,1610.553159062133,16358.61363042588,0.0003849006803391699,0.9965753424657534,-0.4100452726253765,0.8034743738283997,-0.4316153437942654,0.5724068745554044,0.5951305132696176,0.564065636373246,0.7100797450704353,-0.015767142306157667,-0.7039447086697955,374
3457.9629739898633,1589.6641161281616,1261.9063998754668,17466.350783223854,0.0002575504675585449,0.9965753424657534,-0.4579683199221701,0.7879984127217041,-0.4114893917171374,0.5565325778004555,0.6150949598996639,0.5585066518429398,0.6932074060441398,0.02677110109998762,-0.720240793312521,375
3230.2162909261806,1802.8152701202923,1258.257483552524,23250.210867527356,0.0003976659654017337,0.9965753424657534,-0.45582790941968343,0.773895698395463,-0.4396661972440904,0.5460250307016737,0.63323474177141,0.5485165700878434,0.7029065249670949,0.009960412576504318,-0.711212490989851,376
2460.9812725836955,1112.56089215126,893.3835798741586,17730.422249290797,0.0002756215780333714,0.9965753424657534,-0.437961185002978,0.7789914468056776,-0.4487341375852573,0.5446353357159157,0.6270343720420766,0.5569562346965967,0.715235871248359,-0.0004712551284203059,-0.6988829847679832,377
2548.429805448483,1332.4982532043248,970.2316041057508,16148.629342390253,0.00026719820581135354,0.9931506849315068,-0.4632343707516272,0.7668658871445424,-0.4442191226054525,0.542049863758388,0.6417207331567805,0.5425646927659753,0.7011389754919184,0.010545699158340305,-0.7129466496698087,378
4098.084984248039,1408.7749796186367,1376.7145705245455,12965.10976510298,0.00039326106814964885,0.9965753424657534,-0.4314284810312856,0.7919472830610165,-0.4320751862897383,0.557133757661243,0.6105858560357141,0.5628382436219109,0.7095572153317173,0.0021007763823342462,-0.7046446940900715,379
3410.6070493878747,1241.10252021474,1162.9269934787872,8851.602139885741,0.00037931993382645863,0.9965753424657534,-0.4249024811803916,0.7907358468780248,-0.44067527948461105,0.5704940100964939,0.6118743510516641,0.5478561517124056,0.7028473987508018,-0.018617169151026763,-0.7110969941449856,380
3489.4051540791247,1231.514520087804,1180.2227893485915,15012.259723045901,0.0009219974925197,0.9965753424657534,-0.4124254173661293,0.8034742508291519,-0.4293418257809354,0.5699106374633456,0.595236811959571,0.5664759509408404,0.7107088999136686,-0.01105739312583845,-0.7033993130795363,381
3521.6699693602877,1196.5264750098104,1179.5487599000166,13616.007468225225,0.00025655075248518145,0.9965753424657534,-0.4420600081972118,0.7848555255064918,-0.43426346062570065,0.5519484985539687,0.619639336072469,0.5580322106614362,0.7070613863708728,0.006992658550096731,-0.7071175988686047,382
3199.955742940698,1201.904953799725,1100.4628875501328,13228.62300422905,0.0003590125391494743,0.9965753424657534,-0.42798523382420384,0.7969195449943339,-0.4263189867158925,0.5686990702129695,0.6040752450911643,0.5582781258539098,0.7024314964232068,-0.0035124171269395044,-0.7117426892905756,383
3235.398401983558,1449.6046343270045,1171.1823217942244,15889.82097536549,0.00029112415020245944,0.9965753424657534,-0.4547589249377787,0.7829743535626269,-0.4244354860901976,0.5480760323201352,0.6216699491182927,0.5595883640315241,0.7020021246304415,0.021854885642482808,-0.7118394348361856,384
4582.004551065585,1792.669599607189,1593.667452980135,17186.07155269679,0.0010196255884980128,0.9965753424657534,-0.439067879752369,0.7906699070381049,-0.42668547558373,0.5618488569098066,0.6122258846944156,0.5563320304452044,0.7011028875699366,0.0045347783291704025,-0.7130457045846377,385
4522.510642571728,1733.083994742651,1563.8982789866116,17235.38319143067,0.0008210351984674946,0.9965753424657534,-0.4323470651037462,0.7778397348058046,-0.456115514155584,0.5600801177013145,0.6280808601390032,0.5402080107539425,0.7066726802784008,-0.02190388285865505,-0.7072014867517289,386
3996.6655552847587,1796.6577848810348,1448.3304529059549,17555.287741395347,4.0420488808031794e-05,0.9965753424657534,-0.4299728845788222,0.7904851897877022,-0.4361840016016946,0.5627338005071729,0.6124441109711853,0.5551962542231961,0.7060127394698484,-0.006736146006043692,-0.7081670961314603,387
3093.4718911799496,1492.0660761181466,1146.3840855688932,10851.228700195821,0.0005677103845640804,0.9965753424657534,-0.4553635961716604,0.7715178768645673,-0.44430188043716784,0.5466495480585235,0.6361875921564651,0.5444626885228878,0.702722040987064,0.00505106568454286,-0.7114465685112449,388
3706.3491434284183,1478.3149091865535,1296.165643702064,23808.385238455172,0.00033692183069474645,0.9965753424657534,-0.43018841182950424,0.7955735817033683,-0.42661529089248873,0.5624665214780942,0.6058533787486158,0.562648287720863,0.7060944289143921,0.002087954635564576,-0.7081146078859681,389
5046.400547299371,1930.0334502218798,1744.104759971278,29325.262067634318,0.00014245222038116324,0.9965753424657534,-0.4456315200170036,0.7816428608820368,-0.4364023217164178,0.5515493409915658,0.6236960856878401,0.5538921529949996,0.7051282669267376,0.006134389114772876,-0.7090532395039771,390
3353.9923871922224,1503.377506256334,1208.521208464676,15094.2314042692,0.0003523058552595047,0.9965753424657534,-0.45478967788035723,0.76931149825515,-0.4486938461199321,0.5480147099533336,0.6388737781403628,0.5399260813106013,0.7020300752590622,-0.0003380193408083765,-0.7121472173467229,391
3082.8823979382514,1791.839249070703,1218.6799872422384,13414.372870218947,0.0,1.0,-0.4478919389511418,0.7617941935370885,-0.4680410427684346,0.5350599597070865,0.6477752975552125,0.5423080336815111,0.7163125369144657,-0.007534624770548226,-0.697738904525704,392
4259.169136038217,1623.284328796768,1470.6129987314525,9350.62011017459,0.0008141670107055918,0.9965753424657534,-0.4407424023280034,0.7791852268513324,-0.4456641303120303,0.5519766130228355,0.6267833812563862,0.5499676460089725,0.7078615355180555,-0.003602115690730545,-0.7063420356290366,393
3274.665668650557,1621.1855181208803,1223.9616286795074,23570.384212215475,0.0002022807763769238,0.9965753424657534,-0.4694975221958393,0.7597816164680077,-0.4497821382950071,0.5402496550409686,0.6501309579331506,0.5342846130715712,0.6983569194044561,0.007850656926998573,-0.7157066300557322,394
2607.8636514199034,1457.204147619365,1016.2612302747775,18893.87076935272,0.0007288581423492654,0.9965753424657534,-0.460020610640814,0.7599838094004184,-0.4591357612241514,0.531302463259878,0.6499138012130131,0.5434424933025003,0.7114061641001141,0.006054786708091869,-0.7027550136699708,395
3018.221560085077,1550.942892879042,1142.290714051111,15341.004447251931,0.00027718336835021623,0.9965753424657534,-0.46551001270543935,0.7488529569380559,-0.4717199136734763,0.5355735117333843,0.6626756173958247,0.5234711449914246,0.7046001998300542,-0.008959631364783643,-0.7095479429927587,396
4082.7655289017785,1412.7120608886573,1373.8685302359631,10172.80226718212,0.0005302956209343623,0.9965753424657534,-0.42150678148192766,0.7970183690060778,-0.4325433534706529,0.5656835009435263,0.603902100813803,0.5615197497799617,0.7087553949883006,-0.007998256032843126,-0.7054089721398581,397
2411.040479772397,1299.6905132936886,927.6818029879239,11418.503139123697,0.0001751669660224402,0.9965753424657534,-0.45415612196035454,0.7556867465921069,-0.47188956113795166,0.5361174790898908,0.6548398070966476,0.5326939793689486,0.7115618493850215,-0.011062010064282785,-0.7025363808608815,398
4469.513567216369,1538.5863085299852,1502.0246176067576,8986.195058704105,0.000197672303723704,0.9965753424657534,-0.4209221405140527,0.7831929522411978,-0.4576388873170474,0.5684261167497427,0.6209062977418565,0.5397843265798935,0.7069061475343641,-0.03292672143135711,-0.7065405364123887,399
2909.5601893170337,1339.6978154413312,1062.2998071094885,13035.21305032309,0.00041534020958913835,0.9965753424657534,-0.4921119321549748,0.7321124529244327,-0.47099596867029303,0.5171020724078877,0.68108581946801,0.518389383794708,0.7003079986278644,0.011552609772671446,-0.713747325224603,400
3222.693626155296,2035.0840609388229,1309.8124834402688,32726.640913363706,0.008481622198038621,0.9965753424657534,-0.45916320600863925,0.7687613877648533,-0.4451685960731338,0.5323888380124018,0.6392888037817851,0.5548621004529494,0.7111478576271411,0.017769469353675932,-0.7028178786508039,401
3407.2848719774665,1426.07960435697,1208.3350505993471,16503.382220804353,0.0007682809262193076,0.9965753424657534,-0.44244165874268,0.7797197544454292,-0.44303778973873714,0.5537630086636441,0.626123785040155,0.5489221584548929,0.7054019484271465,-0.0024719090900190144,-0.70880320316759,402
2885.36021736774,1392.3222423151483,1069.420220181758,11956.771364596885,0.0004074331927040847,0.9965753424657534,-0.45012384823072893,0.7758326943151695,-0.4421223266083996,0.5464033937119155,0.6309066436518354,0.550817699730208,0.7062802932222172,0.006359042981521901,-0.7079037434413651,403
2991.6253545638256,1270.6865159489514,1065.5761417668998,8097.357746145736,6.968138980998132e-05,0.9965753424657534,-0.4367111299051009,0.7853785634074197,-0.4387070789913331,0.5555766682563442,0.6190143761504182,0.5551177963354161,0.7075436062223941,-0.0013092972184083895,-0.7066684732139985,404
3428.1949445677506,1413.7143277685977,1210.4743412155897,14951.732128124375,0.0007864074664434476,0.9965753424657534,-0.44516333544628495,0.7809968538852408,-0.4380336961875127,0.5531242369969885,0.6245269283216115,0.551379809430552,0.704189735242454,0.0031670210811528265,-0.7100047793899938,405
,,,,,,,,,,,,,,,406
5258.192220180625,1956.5224369143953,1803.6737346898537,27138.587365008123,0.002861877184364223,0.9965753424657534,-0.40478279375574544,0.7933489485548113,-0.4546958716617836,0.583451470147207,0.6069604439395516,0.5396141227541817,0.7040847050336745,-0.04686646263243993,-0.7085677545711248,407
4384.154000636508,1451.362428455698,1458.8786307905707,19219.245662098092,0.000361669178960385,0.9965753424657534,-0.44376706737854815,0.7830529361750899,-0.43577389671458494,0.55897033055204,0.6219550193697216,0.5483831903362395,0.7004448297137943,-0.00023027891729690553,-0.713706513560605,408
3840.425375550594,1848.3298535623858,1420.9304226766455,20489.883424556505,0.0003528980979165863,0.9965753424657534,-0.46093105999414113,0.7648901069036876,-0.4499840911560572,0.542972754465471,0.6441483818510337,0.5387517517993552,0.7019424092052401,0.003998314589931273,-0.7122224846489916,409
4792.665496232489,1664.824538216832,1614.3721283337911,15033.45841909037,1.0010662826552627e-05,0.9965753424657534,-0.4250830670715145,0.7953135022426009,-0.43218146563646487,0.5661451980196816,0.6061553714811131,0.5586190834404507,0.7062464165206999,-0.007217948129647517,-0.7079293046459285,410
3626.7164085667832,1744.9689187793454,1342.9203690731722,21411.525008350378,0.00011769549306549978,0.9965753424657534,-0.4501669316182379,0.7796854056335233,-0.435247517993508,0.5604823031239696,0.6261714352372004,0.542004540181939,0.6951325927923906,4.3989462864602036e-05,-0.7188815455293422,411
4467.261532448141,1440.2586851739152,1476.87969948041,13316.153857555622,0.0003968243816073071,0.9965753424657534,-0.42708386583143265,0.7908613567627946,-0.4383351296962071,0.5536760000363256,0.6119934833113959,0.5647183929784463,0.7148721973403733,-0.0015135269062509227,-0.6992534953120009,412
3469.4401670219368,1457.5280652499869,1231.7416790121858,23003.752140008437,0.0,1.0,-0.4267554064782794,0.784393807534784,-0.4501179598090291,0.5551035095443333,0.6201207870812223,0.5543557550177769,0.713960724923383,-0.01328774363274235,-0.7000596539838785,413
3574.9457241610476,1408.6855638522984,1245.907469635665,8938.223573085157,0.0,1.0,-0.44457366754259353,0.7746899362158646,-0.4496773919751662,0.547604754892236,0.6323358228384283,0.5479785028399032,0.7088605550791647,-0.002628665271105557,-0.7053437485168141,414
,,,,,,,,,,,,,,,415
2786.709876897573,1604.4318395146302,1097.7850134094283,20621.604995125486,4.273835831119343e-05,0.9965753424657534,-0.4514874867259449,0.772004998529627,-0.44740063877375097,0.54973438786635,0.6356152559086875,0.5420196945253403,0.7028165849829522,-0.0012364066500916981,-0.7113700297113286,416
5572.7141030728835,2041.782914073988,1903.6238804051502,27368.30586683746,0.0019632292247336656,0.9931506849315068,-0.42479163606318937,0.7991341207270631,-0.42536657487459295,0.564088133076242,0.6011525555422365,0.5660566960010263,0.7080654235685562,0.0005119129047547466,-0.706146651830807,417
3590.620901629884,1727.7530382293094,1327.7745789290132,20525.57338864936,0.00019904979163954054,0.9965753424657534,-0.4544383430172102,0.7585804583335856,-0.46694911995867355,0.5374101196841625,0.6515348205319361,0.5354369625786699,0.7104056275514903,-0.007620096378986391,-0.7037512191636676,418
,,,,,,,,,,,,,,,419
5147.555749507603,1600.7572276839828,1687.0779142525926,23642.81903821556,6.583821131938056e-05,0.9965753424657534,-0.42733463062398425,0.793805126171959,-0.43273379245511134,0.559947892748822,0.6081693425125788,0.5626618951323888,0.7098193226981193,-0.0018634620838553217,-0.7043813289926454,420
3703.9415521009155,1914.6772334718328,1404.6543164428715,15871.436921174181,3.9240434845139874e-05,0.9965753424657534,-0.4463806239465266,0.7833832600922682,-0.43249856227774813,0.5536267506565274,0.6214876332730228,0.5543018515630198,0.7030232994166017,0.007986832657966264,-0.7111219663190618,421
3569.7559771596025,1654.0386146876574,1305.944853184247,11395.161416168121,0.0001109899158360943,0.9965753424657534,-0.46199177330201013,0.7800073836848201,-0.42208065911437576,0.5455976905199804,0.6251631622990805,0.5581166370961157,0.6992043774895349,0.02755906205543443,-0.7143904650806148,422
4460.96157014142,1547.2935534313706,1502.0633855338474,25609.160657298165,7.18097482583323e-05,0.9965753424657534,-0.43096797228688816,0.7990894579568643,-0.4191928494680377,0.563465532142825,0.6011587011998695,0.5666699304345425,0.7048213964898704,0.00801586887935174,-0.7093395131361131,423
,,,,,,,,,,,,,,,424
3807.6224478181257,1349.4255695793636,1289.2367472545848,15258.382628608977,0.0,1.0,-0.40483417411885886,0.7964029194152363,-0.44927906852243854,0.5676576302578819,0.6040895542149813,0.5593215759277941,0.7168501281826679,-0.028604203104328846,-0.6966402897401636,425
3589.856710654985,1786.092308896182,1343.986825350567,21372.440097310904,0.0001310551308733154,0.9965753424657534,-0.45475685259373677,0.770384396749931,-0.4468826314182321,0.540841164693149,0.6375317333567053,0.5486748796295969,0.7075924247703592,0.007821138500227004,-0.7065775188895864,426
3532.57227814862,1710.9570865297026,1310.8819432593687,25447.335833785826,2.7672684993157945e-05,0.9965753424657534,-0.45152923299514164,0.7653452491028239,-0.45865891621831106,0.5420952052369356,0.6436029258725778,0.5402851675433835,0.7086989065957023,-0.0046822520216002195,-0.705495525362183,427
4541.944893282953,1770.1511118995325,1578.0229190233035,17455.20493292589,0.0005374806381575727,0.9965753424657534,-0.4131963565713407,0.7910138982989431,-0.4511826499479772,0.5585615855370869,0.6114570326678048,0.5604723475456918,0.7192202208492647,-0.02042816435690059,-0.6944817953139899,428
4256.302540751802,1965.6474502088267,1555.485871181531,12057.280611982433,0.00015169383245055003,0.9965753424657534,-0.47202519080525085,0.7729746394183696,-0.42391322940114545,0.5369935580232134,0.6334522632467053,0.5571141254978164,0.6991638848559303,0.03533322803917549,-0.7140878273080248,429
3549.8872117414644,1937.7484221284253,1371.9084853863365,18741.84658300834,0.0002488073060720822,0.9965753424657534,-0.4587696456886532,0.7532272296020015,-0.4713588365362437,0.5339938257536796,0.6577121752851401,0.5312864467861361,0.7101978641559381,-0.007964613473532917,-0.703957071617695,430
3323.378234593367,1565.4928966940072,1221.7682068559423,13390.903630193354,0.00036643873245350927,0.9965753424657534,-0.4578262080713194,0.7709465322373089,-0.44276021460188236,0.5435372214590859,0.6368260746622059,0.5468270654593309,0.7035356793308878,0.009695105032676898,-0.7105938029893251,431
3742.5513142737495,1769.0311010981684,1377.8952093733776,20087.753252808307,0.0005712020855327705,0.9965753424657534,-0.45517415055481414,0.7776079381854709,-0.433753832418394,0.5494290738205744,0.6286307971375746,0.550409859768921,0.7006740936465179,0.012215373965550141,-0.713376898372461,432
3074.5034284199824,1531.126456826386,1151.4070741857101,17847.260856525674,0.00011021563811142035,0.9965753424657534,-0.44576704124497085,0.7753010682558775,-0.447437144748846,0.5480249967942957,0.6315914066953471,0.5484167191809571,0.707785523890053,-0.0007406415380658282,-0.7064269980838753,433
3613.475751384633,1406.1307592974167,1254.900762169259,7409.025489591066,0.0013451654430334736,0.9965753424657534,-0.455934025060463,0.7849815535456184,-0.4194378683253011,0.5532289082097996,0.6191261773339127,0.5573334295203273,0.6971814253931026,0.022062119866502666,-0.7165551778850237,434
3558.361430324592,1244.7577098414213,1200.7794318338324,14228.751692536418,0.004975465131652065,0.9931506849315068,-0.43611068275897114,0.792065673388989,-0.4271293029310347,0.561222081471854,0.6104224797096092,0.5589402217890312,0.703446691407319,0.004045405297287807,-0.710736510279356,435
3914.5169193343067,1406.4379199738753,1330.238366356586,9261.659390247054,0.00013476564276045585,0.9965753424657534,-0.4414720473373547,0.7729901921761777,-0.45561891336861815,0.5466008550403006,0.6343709844852957,0.5466268922330558,0.7115686450996676,-0.007721194376036661,-0.7025741572734019,436
3684.7578263194687,1636.1067214627208,1330.2157470903453,18040.51179458955,0.0001340152628035335,0.9965753424657534,-0.44919747300100005,0.7869564849616493,-0.42299068668981515,0.5576667562402166,0.6168584609516706,0.5554218470107665,0.6980182083828694,0.013606245960653407,-0.7159507321295422,437
2709.483864631595,1201.9949945266683,977.8679099677387,8097.873510391267,0.0005035200133260547,0.9965753424657534,-0.4450801140769897,0.7721135948589236,-0.4535904415739421,0.5482963132769265,0.6354489440285331,0.5436688260144705,0.7080076587863611,-0.006725783750022002,-0.7061727259904644,438
3482.6686144866876,1650.6343616099334,1283.3252855711812,13508.140326633296,0.0004978514839265627,0.9965753424657534,-0.4399588145782653,0.7832424660826965,-0.439280640137468,0.5511883978010167,0.6217104990602108,0.5564776774389534,0.7089623344046112,0.00270086708293224,-0.7052411741472306,439
,,,,,,,,,,,,,,,440
3536.505757707647,1455.706113214149,1248.0182671659857,17397.664047499078,0.00015061692611508478,0.9965753424657534,-0.44512383788743654,0.788617790960654,-0.4242013068399219,0.5525900243642126,0.6146719139763068,0.562870058842947,0.7046339715891636,0.01613747034209656,-0.7093874457117493,441
4624.732064775379,1730.285400192302,1588.743299002471,14960.728832905832,0.0010203583488825358,0.9965753424657534,-0.4447000981282953,0.7725808400818258,-0.45316737334360785,0.5394009406636725,0.6349145673856376,0.5531094985015662,0.7150443678093199,0.0015289407997109705,-0.6990774022983444,442
2718.010524958742,1236.9183801007207,988.7318200723407,8840.22646302556,0.0006557071459369908,0.9965753424657534,-0.4278633561895326,0.7979347654841363,-0.42453864189494633,0.5711292965577922,0.60273028094914,0.5572499753614819,0.7005314233092121,-0.004039611212363153,-0.7136101221939206,443
,,,,,,,,,,,,,,,444
5068.686668045547,2462.3608490137995,1882.755497833057,21905.82584868044,0.00010789119784458433,0.9965753424657534,-0.44222381227052326,0.7644587430957779,-0.46908520544283694,0.5574524501765019,0.643984164415053,0.5239572136872064,0.7026271170778565,-0.0297863406122596,-0.7109345316270625,445
4568.326475643832,1838.618942324253,1601.7360010456453,19210.58461395185,0.00042451062973754256,0.9965753424657534,-0.43353983256648837,0.78156421691781,-0.44855388573935223,0.5532521292745043,0.6237627359748877,0.5521160481840297,0.7113053458476526,-0.008799093292673865,-0.7028280592903065,446
4167.0967040619,1823.9490861086892,1497.523588581287,18540.26829286421,0.0007080569585707094,0.9965753424657534,-0.43757645514984417,0.7913033638569082,-0.42704312691722124,0.5594171951844576,0.6113941929665131,0.559687004082443,0.703973896980883,0.006010586956999492,-0.7102004120063445,447
3172.4359723665098,1216.7800647035301,1097.302316788433,9534.525554307562,0.0001885284611772927,0.9965753424657534,-0.4325727828883864,0.7843665533152778,-0.44457833679173847,0.5536898409339501,0.6202702875180578,0.555600873351368,0.7115534748356822,-0.005820692620078588,-0.7026078365537127,448
3474.9829762816134,1527.2835493048372,1250.5642154486561,17588.70290069476,6.832317757026277e-06,0.9965753424657534,-0.430592382978161,0.7883731567554587,-0.43938361989111724,0.5494870278288799,0.6151941136932852,0.5653319456079913,0.7159987471839406,0.0019920302623607222,-0.698098722134958,449
3113.4207357603095,1253.0023013241355,1091.605325149683,13691.992812946188,0.00044307823862808134,0.9965753424657534,-0.4527061035087273,0.7770014838545491,-0.4374081365655814,0.5478745074473477,0.6294221483929884,0.5510547007345833,0.7034846891974778,0.009821059015390904,-0.710642553513751,450
3723.8396099692263,1819.1096546378812,1362.195823804683,13908.100817521834,0.0,1.0,-0.462665537319499,0.767683137997268,-0.4433995942843508,0.5426847689110139,0.6407412550808355,0.5430873646379881,0.7010234248360454,0.010641601012225194,-0.7130588434056743,451
5812.132817880663,2902.04303467945,2178.5435712106005,29402.225073167807,0.0024333134637959906,0.9965753424657534,-0.4456289478283112,0.8016435960526018,-0.39847507546305255,0.559158024912858,0.5968565892196306,0.5754168185590867,0.6991116820887662,0.03361185524427748,-0.7142220237111523,452
4293.310012430606,1804.664040203598,1524.4931396309814,24181.719330316333,0.0006176211448483097,0.9931506849315068,-0.45275725676553746,0.7720119652569323,-0.44610356639044546,0.5299099881837024,0.6353552213709611,0.5617109106113264,0.7170817741856879,0.017923955388987722,-0.6967585384865549,453
4199.966207373045,1526.6164294428181,1431.6379587006293,9003.849259467375,0.00038194772151572243,0.9965753424657534,-0.45553433774712127,0.7762721910803834,-0.43576364291729575,0.5489122375682858,0.6303036862693979,0.5490105814308011,0.7008450774465562,0.010897175343601656,-0.7132302776722685,454
2877.4124467427473,1235.0932158455726,1027.8820133161546,11790.223756280779,0.0023331403619860085,0.9931506849315068,-0.4402633769779143,0.791932059118981,-0.42309782867745116,0.5594697215885549,0.6105257908797889,0.5605817418505826,0.7022547896010592,0.010093186324403175,-0.7118541550571951,455
4760.208723223226,1441.4433491829554,1550.4125862801266,16854.478682500005,0.000491952960036913,0.9965753424657534,-0.4207330262883702,0.7976867160117448,-0.43206437447286455,0.5721400281826617,0.6029259582625788,0.5560000692484618,0.7040166963512817,-0.013273731636180092,-0.7100593632275249,456
2686.6204634870614,1475.6119804159061,1040.5575710559692,14347.39013054494,0.000518384231871146,0.9965753424657534,-0.45461888584026106,0.7550339040558522,-0.47248859495604534,0.5316827567207436,0.6556431417718623,0.5361394565347268,0.7145873738341522,-0.00747491630052044,-0.6995062621471734,457
2966.8659253197698,1720.2620374072098,1171.781569693033,12907.05011675517,0.0001664693978437727,0.9965753424657534,-0.4571230460200356,0.771105373879642,-0.4432099087016242,0.545418163731281,0.6366638260572678,0.5451405316632755,0.7025365097056252,0.0074615657913495725,-0.7116085845228257,458
,,,,,,,,,,,,,,,459
3678.5634617207766,1421.8603817150506,1275.1054938360446,14652.755419124875,0.0003289439986188212,0.9965753424657534,-0.4424034474634282,0.7896903785649334,-0.42505093303561386,0.5553282084240797,0.6133801929149942,0.561582869991657,0.7041944125033766,0.012403424589064321,-0.7098988550895738,460
3864.2514911693816,1180.9888739282678,1261.2971272593406,21654.736069952614,0.0012068772757754065,0.9965753424657534,-0.42952180934979606,0.8005597756729586,-0.4178696697145413,0.562341516317125,0.5991729204550461,0.569880540481536,0.7065996280207301,0.009790657170657663,-0.7075458350616819,461
4328.9895395639305,1741.0054536676025,1517.4795945702772,31555.9126997411,0.00017694711977673378,0.9965753424657534,-0.45025584984303085,0.7931299053969654,-0.41013976013931036,0.5580871496435755,0.6085350134142966,0.5641133492938908,0.6969995717967405,0.02510160580247181,-0.7166320578241654,462
3465.039763565165,1520.0822848756195,1246.2801355002932,18155.246015642664,0.0001766452791537386,0.9965753424657534,-0.43569244029627985,0.7825060150720813,-0.4448105595022272,0.5560759140146425,0.6225983342949987,0.5505914020268324,0.7077793973558799,-0.00745992688334482,-0.7063941351465501,463
3421.108681546325,1604.9571494946001,1256.5160877326036,9755.168937797942,8.313370658468003e-05,0.9965753424657534,-0.4473124572066554,0.7772764760297173,-0.44243965174763505,0.5494198136473323,0.6291526964666221,0.5498224739863853,0.7057261749428563,0.0028573308529161456,-0.7084789352273801,464
3435.6891503489564,1330.6114982635509,1191.5747469046032,13454.121873859693,4.1264043456221874e-05,0.9965753424657534,-0.4374113206049025,0.7900830967374111,-0.42946482609929526,0.558820646351705,0.6129845409558157,0.5585422434876799,0.7045500846765529,0.00431888863144031,-0.7096411243602301,465
3724.535965183743,1600.1607551572777,1318.619635122419,17837.293711758626,1.169131811039589e-05,0.9965753424657534,-0.43062219238076466,0.7745901331631833,-0.4632220342723626,0.5517461045105626,0.6321051203180299,0.5440766058425488,0.714241390278247,-0.021289492102230884,-0.6995755812915614,466
3704.136018972026,1526.8079538160816,1297.7822353419863,29777.455196788418,0.0,1.0,-0.44962617207675554,0.766774212735973,-0.4581414760384971,0.5423003228547502,0.6418996440788011,0.5421025795577273,0.7097511290693643,-0.0047067626493529635,-0.7044367829479982,467
3382.647386716432,1757.630413798726,1285.0690547533864,16500.741226568858,0.00043171082108360706,0.9965753424657534,-0.4541665376733226,0.7796182184850681,-0.43119391167315335,0.5506653664787557,0.6261143800688548,0.5520402496483486,0.7003573446595988,0.01327465544420195,-0.7136689521789452,468
3797.5805751190887,1538.4171723192126,1333.9936205124422,10964.090374794829,0.00010656808580123388,0.9965753424657534,-0.44407466205381363,0.7696425393377735,-0.45874617836391307,0.5506105885394217,0.6383277986551473,0.5379271337758911,0.7068420433944652,-0.01371069311805928,-0.7072385330170858,469
3801.1934656231156,2049.7414261255685,1462.7333056352038,15122.702901746592,0.0,1.0,-0.4569450005726047,0.7665368338365937,-0.4512455526910738,0.5471591269781566,0.6421983603376219,0.5368409035684328,0.7012974805431742,-0.0015963556747485563,-0.7128669549308313,470
3069.507899961929,1003.2496385439405,818.0828323868011,119934.84610842107,86.63993978801999,0.7191780821917808,-0.3926973505925161,0.7819098197531145,-0.48415475275088504,0.5739426510333508,0.6197084632862334,0.5353048233074538,0.7185948957252812,-0.06766427643200743,-0.6921292664903754,471
5192.057243327355,1841.4504009804207,1758.376545865954,25807.639814998827,0.007196389322385937,0.9931506849315068,-0.4325644840992646,0.7888891567009624,-0.436511014220239,0.5718982839042048,0.6143643628815806,0.543588799083034,0.6970081204429133,-0.01450269150034722,-0.7169165585867601,472
2869.4097127626223,1185.036468439841,1013.6111675852604,18592.24727336877,0.0004783879764927513,0.9965753424657534,-0.4419282802563406,0.7904153376988404,-0.4241968753304312,0.561959237834868,0.6125280224653477,0.5558877914712147,0.6992147096005115,0.007281182947747544,-0.7148746563231585,473
,,,,,,,,,,,,,,,474
,,,,,,,,,,,,,,,475
,,,,,,,,,,,,,,,476
,,,,,,,,,,,,,,,477
,,,,,,,,,,,,,,,478
,,,,,,,,,,,,,,,479
4229.809640652763,1743.010733793262,1493.2040289477138,13516.956408017473,8.019682881431698e-05,0.9965753424657534,-0.43943863507013176,0.7835107722466268,-0.4393228377642053,0.555999366318327,0.6213759519860427,0.5520476709008543,0.7055199434894228,-0.0016721444117506201,-0.7086880930788578,480
3979.389856152571,1887.8542406617505,1466.8106366443594,27118.41874873279,5.3648803384699775e-05,0.9965753424657534,-0.4548012551740889,0.769435094866835,-0.4484701250689259,0.5435302912603975,0.6387128498363478,0.5446289727294339,0.7055002769485359,0.00394084270122097,-0.7086986870203329,481
3803.3618872022093,2022.2389599247435,1456.3975491947529,19861.987373045737,0.0031566404904197257,0.9931506849315068,-0.44944562148405404,0.7752323270094477,-0.4438619971210977,0.5461137168719042,0.6316571630453347,0.5502445243869974,0.706935952949888,0.004905867205322684,-0.7072605537521499,482
3857.4120513428534,1420.269298257736,1319.4199132227604,18438.791944622273,0.0,1.0,-0.45433513076317616,0.7847722655069161,-0.4215591064673494,0.5464708953219098,0.6192471155205809,0.5638284938574057,0.7035262251831682,0.025797310142392338,-0.7102009217601308,483
,,,,,,,,,,,,,,,484
3416.6460680935043,1647.1611119675258,1265.9513939348349,20009.83064445288,0.000555807969781631,0.9965753424657534,-0.44197021773367745,0.8030804343403284,-0.39965502951444914,0.5682137526614439,0.5953888105622099,0.5680187457678807,0.694114873722531,0.023957884653415307,-0.7194654695258754,485
3394.944079721115,1527.7967646333766,1230.6848317300073,13128.944337459425,1.4635507411964926e-05,0.9965753424657534,-0.44624538653051826,0.7710669265210396,-0.4542255495077597,0.5460595774709918,0.6367337566554119,0.5444162570934933,0.7090021106121125,-0.0050909685605523836,-0.7051879814536584,486
2522.3922027177114,1210.227537864325,546.1360488442172,57415.10358908282,79.62754703964468,0.6883561643835616,-0.45129010641911965,0.7706990513535035,-0.44984465328714257,0.542312747682904,0.6371913965134404,0.5476166614611635,0.7086847843356301,0.003177491473077887,-0.7055180933180241,487
3391.106542691356,1580.6312872800186,1242.9340670871304,18094.948204012235,0.0,1.0,-0.438114484774237,0.765948438568211,-0.4705089666371136,0.547786973680365,0.6424913385015074,0.5358491498702304,0.7127307554028465,-0.022975408711511408,-0.7010613388979792,488
,,,,,,,,,,,,,,,489
4183.237193086426,1727.2518842062711,1477.6207582127645,9807.922903664969,0.0002470833847433082,0.9965753424657534,-0.4509483354928944,0.7804761632692112,-0.4330156547802396,0.5519845761744216,0.6251080368844227,0.5518631804062011,0.7013976235928748,0.009843819943231025,-0.7127022329326556,490
4301.660745624663,1022.120426143971,1275.09553507141,13237.438325687786,0.17930628350075206,0.9828767123287672,-0.4186593839372687,0.8031445088000115,-0.4238905734097599,0.5649580942801388,0.5957840690973413,0.5708447203199556,0.7110180531805227,-0.0004909116038981365,-0.7031735824511447,491
3795.379736394695,1429.1013866161868,1306.1198840964971,21372.63976657008,0.0005635976949813983,0.9965753424657534,-0.45256809971125306,0.7733069825514358,-0.4440477743001745,0.5488404602914129,0.634025434181529,0.5447805961651294,0.7028202218710382,0.0028389343277309687,-0.7113618461662303,492
3203.177505971995,1841.088475875593,1261.06608648522,18337.136421563755,0.00020143587014496826,0.9965753424657534,-0.45288168574280313,0.7622216491886082,-0.4625109039006056,0.5378427481306495,0.647302815980603,0.5401150272921984,0.7110719773708056,-0.004149931539181501,-0.7031069769716358,493
3710.9075879204265,1640.1784104312542,1337.7710813692017,22455.99677881568,0.0,1.0,-0.45719823067352533,0.7685416245561625,-0.4475640168663837,0.5403795334627947,0.6397494641472716,0.5465442186482363,0.7063708216535635,0.008024615121827228,-0.7077964876068659,494
3159.424928810701,1150.01322661544,1077.3591600367793,12844.977452323315,0.00015973886841143058,0.9965753424657534,-0.435856068592648,0.789187710105625,-0.4326803042538461,0.5647719002205855,0.6141383527693978,0.5512411308845883,0.7007582951290623,-0.004103885467543811,-0.713386970677121,495
3502.525137463793,1724.8619977017488,1306.8463919163978,11758.829819129613,0.00021401615162876407,0.9965753424657534,-0.43536017244390074,0.7835278660422239,-0.4433346404071487,0.5579711565179205,0.6213069052253277,0.5501326367462486,0.7064911243205192,-0.007862102431568596,-0.7076782309790829,496
2880.8076761725124,1210.7213518904152,1022.8806973875764,13453.305044361803,0.0002345776362162465,0.9965753424657534,-0.42230647594705395,0.7932268710862983,-0.43868937912812694,0.5610707655286934,0.6088550834119457,0.5607986122241021,0.7119387870050532,-0.009306900132366402,-0.702179852436468,497
3346.199201933814,1496.75556198908,1210.7382966153823,16013.318994331647,0.00022653473580539366,0.9965753424657534,-0.4457349609800055,0.7715464528453493,-0.45391234358839855,0.5449027887441646,0.636161282940084,0.546241496873735,0.7102121481494,-0.0038591695720437413,-0.7039771384293876,498
3603.968163491495,1792.5665001965422,1349.119831945774,16397.00000642947,5.468496775412522e-05,0.9965753424657534,-0.4569745413221948,0.7571774078440855,-0.46675115600701117,0.5352069206158881,0.6531898401242922,0.5356272816831309,0.710441989685455,-0.005040417533615699,-0.7037377163992695,499
2403.5825504986515,1205.5683317169999,902.2873101205533,6708.239218570355,0.0,1.0,-0.44969250401721306,0.77191387555105,-0.4493613474281995,0.5504972663897353,0.6357143396431227,0.5411284857310112,0.7033700388331576,-0.004030769637010739,-0.7108124516129242,500
2493.825469759439,1172.6144431370885,916.600472494198,12401.869450056265,0.00013011240978351684,0.9965753424657534,-0.4399416264646651,0.7878684680208496,-0.4309462175284806,0.5459200182885817,0.6156670930071345,0.5682652234827843,0.7130376560430869,0.014741359727779263,-0.7009707507292702,501
2966.645002235716,1268.1591246258372,1058.7006493314382,13501.497124778314,0.0008638722111410863,0.9965753424657534,-0.44515179349133954,0.785277011454384,-0.4303253374282243,0.562168835649422,0.6191408142915279,0.5482981418015176,0.6969979060054752,0.0021604072984448552,-0.7170699070971309,502
5680.38953267444,2028.073799600893,1927.111696944685,48558.95423190005,0.0020073530209416507,0.9965753424657534,-0.432112316459503,0.7826135217812027,-0.4481015749684724,0.5716740066371099,0.6220073192528301,0.5350660939840812,0.6974724195977045,-0.024959373412226427,-0.7161768312221453,503
3737.607191876475,1577.403081699089,1328.7521765727197,19222.296412498497,0.0,1.0,-0.44548639629956627,0.7700056861504235,-0.45676373981309126,0.558677536759529,0.6377549069342864,0.5302339941964724,0.6995865068969891,-0.018971609769736608,-0.7142960152418701,504
3744.553927141079,1459.2799300386537,1300.9463794368012,14869.712671137335,0.0009974098167252565,0.9965753424657534,-0.44566600809029205,0.7803147290203344,-0.4387376584096538,0.554002814670522,0.6253843071452138,0.5495228382093325,0.7031804111108351,0.001841751998298391,-0.7110090838938514,505
3487.300709476305,1498.191744863324,1246.3726859457163,11564.601313389156,0.0,1.0,-0.45092956519962063,0.7733809944895905,-0.4455831735952032,0.5448723661353526,0.6339239810164062,0.5488665510981457,0.7069488184097512,0.0047141971323842735,-0.7072489975209959,506
3577.372471983694,1564.9446607583639,1285.5789034322277,19112.90891902577,9.30090458499773e-05,0.9965753424657534,-0.42876613311517076,0.7882374248018458,-0.44140838827011236,0.557329340700485,0.6153314938519246,0.5574505885442417,0.711015899321405,-0.0069939127613548036,-0.703141149483132,507
3277.189916837526,1729.535965212352,1251.6810648218996,15235.159736186562,0.0,1.0,-0.43085116761614434,0.7719975529725543,-0.4673190019335756,0.5491677362004384,0.6352214338444364,0.5430548107706109,0.716088031515882,-0.02266071907522796,-0.6976420449848925,508
3037.2305252931214,1192.476206042501,1057.4251072697386,6785.238665907206,0.0004004842110754749,0.9965753424657534,-0.42535899656312337,0.803065492276588,-0.4173194689412109,0.5682305803859476,0.5958755912026839,0.5674912222432177,0.7044031030291263,0.004253812808935775,-0.7097874143146838,509
3123.9819599464295,1709.00785030721,1208.2437411797455,22131.348182345006,0.000618487323978549,0.9965753424657534,-0.45080211026663086,0.7603377092304823,-0.467615253495109,0.5386408989448553,0.6494522280948674,0.5367287819807044,0.7117889008428204,-0.009918232945191952,-0.7023234221441105,510
4233.454945969074,1575.0742564027223,1452.1319251068835,17585.84496955203,9.469680322758224e-05,0.9965753424657534,-0.45235162324379075,0.7821052532244909,-0.42858999268224013,0.5508456066019286,0.6229619967265859,0.5554164818600348,0.7013894258085596,0.015156632643177514,-0.7126171130774639,511
4662.542589733956,1758.3338233359852,1605.215361202431,10186.226687830218,0.00031478170241180817,0.9965753424657534,-0.4410336091731716,0.7774381692205911,-0.44841860868904854,0.5492927964935459,0.6289487003245553,0.5501826570152433,0.7097652987431735,-0.00366406863863461,-0.7044287013609152,512
4816.352159112944,1763.7085328247963,1625.5400972508673,6378.937666352381,0.0006927083039800672,0.9965753424657534,-0.4330820114886755,0.8004226163237149,-0.41444373152747993,0.5639184967135394,0.5993087659909719,0.568176849291416,0.7031613615588279,0.012354686717098246,-0.7109229644109536,513
3416.642447963899,1866.5704276968193,1320.8027816639742,19516.201675535347,0.0017107065194883323,0.9965753424657534,-0.43742069272878864,0.7750678546190709,-0.4559966648001468,0.5525640755578104,0.6317196829020265,0.5436940174740803,0.7094618241847894,-0.014144361786727538,-0.7046019138875774,514
,,,,,,,,,,,,,,,515
3921.9986615036632,1576.863607686187,1374.715201427089,21248.91371823298,0.0002497014290944323,0.9965753424657534,-0.4508037788885362,0.7856529077582467,-0.4237044506148453,0.5505287406740593,0.618357881336685,0.5608490316302958,0.7026336589088585,0.019571385229928517,-0.7112825755271471,516
2797.0934393456687,1250.6228707293476,1011.928678936996,7477.518194404077,0.00034480454277095295,0.9965753424657534,-0.4509656094946634,0.7660508458336827,-0.4580350648701539,0.5432406971287316,0.6427586296008732,0.5401396940206279,0.7081804600779357,-0.005238861623192731,-0.7060120326826567,517
4429.71363146749,1670.557877301003,1525.067522800286,14060.354935399451,0.001852063248381679,0.9965753424657534,-0.4621667821127566,0.7804081731172645,-0.42114718192493417,0.5492895186676382,0.624764823765205,0.5549323739587614,0.6961917050593278,0.025139576714934275,-0.7174155779526814,518
,,,,,,,,,,,,,,,519
3426.489246160872,1833.5868642053752,1315.0169735355503,15448.860630743404,0.0012972315874595097,0.9965753424657534,-0.44958610966872586,0.7803057754916559,-0.4347358125658686,0.5508994648848526,0.6253336212744244,0.5526912715914715,0.7031231112561466,0.00898659213385225,-0.711011344198738,520
4223.800499910913,1900.169890986572,1530.9921881652524,8078.048622223762,0.0008453205837268521,0.9965753424657534,-0.4434523730106541,0.8015271446862485,-0.401128694065046,0.5623774640945884,0.597303295129861,0.5718044783888545,0.6979123016180181,0.02798231509578228,-0.7156363666640486,521
4880.4315190387915,1448.5581381298377,1582.2464687774216,15879.8169700254,0.0006382179537880588,0.9965753424657534,-0.418352022307481,0.8002318791100757,-0.42966326941827176,0.5668551587670797,0.5996470613846969,0.564888157737305,0.7096878288447604,-0.0072347376355280935,-0.7044791296844466,522
4421.330394681364,1935.2009206198793,1589.132445264808,24208.000013312794,0.0009811164213949849,0.9965753424657534,-0.43098130894887793,0.7950708722500671,-0.42675217566666196,0.5644901380601519,0.6065163975973878,0.5599006550079378,0.7039928944027365,0.0004093226171109632,-0.7102068973795261,523
,,,,,,,,,,,,,,,524
4287.972206853662,1706.2241643301613,1498.5487413920102,24793.03791907149,9.50064960374822e-05,0.9965753424657534,-0.43185637541978694,0.7904177956499727,-0.4344419170949348,0.5617044929131667,0.6125559233978023,0.5561144696475968,0.7056827429167064,-0.0038663975615260693,-0.7085174079156065,525
3536.0769546526108,1485.4821320428377,1255.3778876397373,14824.018383012115,6.051817498460791e-05,0.9965753424657534,-0.43078990821460994,0.7881923538197226,-0.43951435512457737,0.56060489072038,0.6153808886655072,0.554101541565841,0.7072073327397269,-0.007692544791929462,-0.7069643649249837,526
3243.657133547658,1572.6555588751778,1171.3627938812015,15696.716323109098,0.0020628922361266553,0.9965753424657534,-0.41967788577256665,0.7985039507459463,-0.4315807141620023,0.573030744798792,0.6018301129123574,0.556269971063728,0.7039220395106337,-0.013854812702254526,-0.7101421030020507,527
2665.3418336743775,1669.7127757947494,1083.7632313087447,30559.97963318466,0.00033335522796119,0.9965753424657534,-0.46454208809258535,0.7638454205840115,-0.44804109392266167,0.5403093794945233,0.6453396063028759,0.540002376816151,0.701617005795059,0.008773026255733146,-0.7125002534662653,528
5249.43178673786,2083.221117492756,1762.7818572487472,20493.664699653877,0.14578291049575415,0.9863013698630136,-0.4271470891234219,0.8040393615591112,-0.41360134104836327,0.5715634456942874,0.594553646548936,0.5655273547065927,0.7006144387603362,0.005163955749209331,-0.7135213674176544,529
3419.75396622015,1398.0633106687153,1204.4515250408358,9942.151546296973,0.0,1.0,-0.443780420044473,0.7807980550497133,-0.43978783068172306,0.5510783718451934,0.6247757060903988,0.5531436930524424,0.7066622721425009,0.003116778758350397,-0.707544146199069,530
3864.382828572682,1468.2238931948536,1333.146501808356,21998.302116409566,0.0002757895698089782,0.9965753424657534,-0.4410424923006123,0.7787851170845324,-0.44606643159163595,0.5491198270332289,0.6272892769838636,0.5522459402658006,0.7098936086092485,-0.001379995903204978,-0.7043075749039237,531
4782.542294412303,1982.5302361204278,1691.267763940026,20661.341651418876,0.0004542421126805923,0.9965753424657534,-0.4533553062085148,0.7742492703735436,-0.4415960072946983,0.5501564766854805,0.6328678694837878,0.5447991473341985,0.7012822666327748,0.00404068077020639,-0.7128722574243658,532
3555.0524479204423,1507.272270388431,1265.5452773742388,18955.723376089303,3.0356968613162522e-05,0.9965753424657534,-0.43572779665124745,0.7929122203089747,-0.4259477645323911,0.5629822320058442,0.6093258551606613,0.5583663749532619,0.7022765079875356,0.0034947270881837966,-0.7118957038860483,533
3875.212382621741,1570.0633810194038,1361.3185575795687,23227.02796302388,0.0,1.0,-0.45255686856060434,0.7909020270321896,-0.4119056498216472,0.554762574318646,0.6113517405595805,0.5643469991504521,0.6981624215424149,0.026889272045650947,-0.7154342738469316,534
5094.811095023783,2237.9193792255096,1833.182234011794,17201.24689420908,4.79641117950639e-05,0.9965753424657534,-0.44656922336465743,0.7868306247085959,-0.42599706191964215,0.5636192743205628,0.6171479964590023,0.549055246838605,0.6949167161306806,0.005091020263165547,-0.719072207191205,535
4066.751504729235,1257.0659988986592,1330.9540154994042,6303.821800624424,0.00011104717554750479,0.9965753424657534,-0.4217988800381346,0.799222530240657,-0.42816941968606015,0.5661424151518478,0.6010187610122762,0.5641446753070539,0.7082149889437588,-0.004449277131238799,-0.7059828137911017,536
6536.467079826544,2161.9208197271814,2068.0414009366605,25582.238786540078,0.7084871146403688,0.9965753424657534,-0.39592763715715046,0.8085265791449947,-0.4353459279139391,0.581332473186321,0.587680423153184,0.5627470798338896,0.7108402505164093,-0.030273603330085802,-0.70270167723379,537
3273.253808691008,1109.1867828349864,1093.0314918785282,9012.133425870274,0.0005501485397758397,0.9965753424657534,-0.4420225318775244,0.7820527488576186,-0.43932855508926977,0.5539957497793869,0.6232119460181742,0.5519923727431524,0.7054819562107579,0.0006069139008356983,-0.7087276212456793,538
4010.9266516557636,2242.4687102801554,1563.3481438474064,18369.57058408327,0.008239171161921051,0.9965753424657534,-0.42761496710232483,0.7977440754226276,-0.4251468335036435,0.5658211654602947,0.6029961713949616,0.5623540041647893,0.7049764879960405,-8.608783399841058e-05,-0.7092306704885607,539
6153.067978158913,1478.1283131067798,1907.7982812912799,21659.89386003174,0.00012463365055817653,0.9965753424657534,-0.42344923269964907,0.7960132314281149,-0.43249703203311013,0.5718422084929022,0.6051443966782425,0.5538923611631469,0.702628803787632,-0.012774762631707737,-0.7114418946953187,540
4002.0189420794145,1472.9896874984643,1368.750673394603,7360.925422983949,0.00015635502314701374,0.9965753424657534,-0.4206254501248217,0.7926077115139712,-0.4414150499879637,0.5624128262750488,0.6095874337863946,0.5586546101224171,0.7118750196127148,-0.013273138977024146,-0.7021807318868083,541
5134.843850686533,1977.6505122599265,1778.123221927545,14228.691896002532,0.0003370561236346736,0.9965753424657534,-0.44655186842526684,0.7801030084399896,-0.4382131045835813,0.5513924720608417,0.6256326310976562,0.5518606279310546,0.7046685536906958,0.004806987487156356,-0.7095203466502997,542
6349.7309358127095,1835.1546363926238,2046.2210539874882,14658.006132033552,0.0008853916722299775,0.9965753424657534,-0.4434507854006834,0.7952978971219155,-0.41334326625817464,0.5623523315597639,0.6059789205189682,0.5626272327891385,0.6979335613916373,0.017052938753343794,-0.7159594549714812,543
4227.765130193767,1960.7396329232704,1547.125771648843,13955.158018169503,0.000413115951079844,0.9965753424657534,-0.4557692212086196,0.7830558390689499,-0.42319968088233617,0.5509371695956918,0.6216090352160542,0.5568396919182883,0.6991013175189817,0.020633958364531635,-0.7147248334886893,544
4545.147811025388,2903.4538236073477,1862.1499924387779,58643.67097528257,0.0,1.0,-0.4356725335655761,0.772587200704661,-0.46184246318835576,0.5465963936222855,0.6347435815070656,0.5461986527031121,0.7151376272967767,-0.014477673947119352,-0.6988337219835756,545
4488.204906223998,1850.7681618696188,1584.7428824797992,13996.88778658488,0.005654561131437074,0.9965753424657534,-0.4344713684251167,0.770927643813239,-0.46573082142303457,0.5578972338411806,0.636291899293925,0.5328069963554238,0.7070963912304784,-0.028340552173474726,-0.7065490121791531,546
4151.712483147436,1849.578845821011,1500.3202778935554,13130.473113346838,9.972186307894512e-05,0.9965753424657534,-0.4466407170465805,0.7689459593096757,-0.4574212298718098,0.5441212231169654,0.6392836937790968,0.5433676963363313,0.7102423279626567,-0.006202461565908118,-0.7039299432761115,547
4048.0956367778513,1637.4672587564844,1421.3859380767599,11877.453024938042,0.0,1.0,-0.4732120028803036,0.7754612410603798,-0.41800749268775916,0.5401282768573138,0.6302419223750958,0.5577244515171382,0.6959395411019268,0.03814423801885819,-0.7170865862898289,548
5649.491826582174,1639.0165013451497,1822.120629882567,26101.415167017753,0.0,1.0,-0.4283309094774521,0.797853837505898,-0.4242191485109212,0.56482538459682,0.6028483693123938,0.563512314446137,0.7053402844735818,0.001759998437441318,-0.708866690925894,549
3824.6328834691703,1271.1554818710063,856.9164146580989,104339.00593037691,110.9021849692711,0.7294520547945206,-0.43998005477932783,0.7902998993740838,-0.4264312611027629,0.5544990462455076,0.6126149687812749,0.5632350377399652,0.7063627673576816,0.011356455187715608,-0.7077589079738716,550
4508.125874032563,1423.5972330454804,1482.9270455813275,8682.396612059436,0.00015895797444164393,0.9965753424657534,-0.4383441989575955,0.7957725760990464,-0.4178520914975912,0.5627443410591036,0.605485591364201,0.5627663860398018,0.7008374774840307,0.011541480798897608,-0.7132276104966699,551
4582.597382225894,1933.529754155949,1629.0313911141202,21029.62913590583,7.017070811647243e-05,0.9965753424657534,-0.4414059760001422,0.7689281357779479,-0.4625043636122926,0.5513103600414309,0.6390747445128436,0.5363211331253239,0.7079672670839732,-0.018248094007140087,-0.70600945872046,552
3792.628949410699,1745.4330058200771,1384.5096422511674,20674.737940715546,0.000732892774739041,0.9965753424657534,-0.46737588713930744,0.7701452233980537,-0.4340922885722658,0.5359672802978707,0.6373339716435822,0.5536645943521414,0.7030639050405368,0.026110217658601137,-0.7106471712199882,553
5022.3496321813345,2024.5437998561986,1761.6629461023672,26721.900223991055,0.001135506908033463,0.9965753424657534,-0.432014274885902,0.7826704333474396,-0.44809670726143436,0.5654552606026952,0.6221324617569638,0.5414901183631683,0.702583813186403,-0.019447179537178616,-0.7113352182034167,554
4397.664817635482,1274.4926715399004,1418.0389622844018,10841.835100148393,9.768636973821079e-05,0.9965753424657534,-0.4157551451771258,0.7954660771119948,-0.44088703703193743,0.5582413367278115,0.6059075182880642,0.5667827531341664,0.7179932236637705,-0.010478523085486496,-0.6959712144383945,555
3337.5761923104947,2141.4946206115674,1316.4944331284298,14398.216528952948,0.00010332156805188301,0.9965753424657534,-0.48315505038829365,0.7282467659472935,-0.48602247393674447,0.5208492010386248,0.6852771329992413,0.509029823061249,0.7037594099276483,-0.0072040874264672206,-0.710401853926804,556
5040.806555481673,1391.4908456784046,1608.0740135668284,8629.105327673802,0.0007778777633339287,0.9931506849315068,-0.40383297183465255,0.8107220741127065,-0.4238497958069394,0.5743857879657002,0.5853009869506482,0.5722794083816216,0.7120392527397732,-0.012348004737142954,-0.7020310743384491,557
6158.665731181429,2174.586201806482,2083.3125906119485,20617.034021836986,0.03351816473577561,0.9931506849315068,-0.41421436754904106,0.8086726864117582,-0.41770197984632323,0.5636453294871673,0.5882395604857139,0.5798949577525888,0.7146540423612328,0.00476505311244349,-0.6994618602937439,558
2931.1534092111974,1731.0810581785076,1165.5148731766299,19118.67549704884,0.0009714808825392501,0.9965753424657534,-0.4576317577211986,0.7702257755070349,-0.4442132698035854,0.5380054481426739,0.6376321796301205,0.5513395879754529,0.7079006371616052,0.013321345454887445,-0.7061863986664318,559
4312.57026515278,1826.603356168563,1534.7929546552364,22337.862996034764,0.0016040819948260703,0.9965753424657534,-0.45367535107426676,0.7678855818264669,-0.45225038314043375,0.54367665961679,0.64058700715939,0.5422766600606231,0.7061121480441828,0.00013957651617954592,-0.7081000034619589,560
3588.575430581014,1857.7952133102606,1361.5845746003731,32221.611184927202,0.00043765295670595726,0.9965753424657534,-0.4705764246612416,0.7460020887017903,-0.4712098388251341,0.5340970978824638,0.665911253030235,0.5208670589711276,0.7023518481406399,-0.006564049075718309,-0.7117996871825379,561
4282.364625993815,1803.7029318573245,1521.5165246409015,21523.350240674878,0.00012265150213262377,0.9965753424657534,-0.4422032365692568,0.7839672020044236,-0.4357197766329056,0.5467550778908851,0.6207175113134697,0.5619329639283895,0.7109959088266303,0.010256574972565963,-0.7031213410938585,562
4570.598880753232,1342.9232501870106,1478.3801988633272,17436.36840651347,0.00020565648210788966,0.9965753424657534,-0.41331673763145926,0.7989658938206303,-0.4368326623606445,0.5637057529602365,0.6012531614472183,0.5663306983814828,0.715125931898166,-0.012171128178051466,-0.6988896659456721,563
2643.9853002079158,1160.2471023539279,951.0577081388382,3579.4451519347035,0.0,1.0,-0.4387903385055656,0.7852324740706396,-0.43689014694665934,0.5579073885058493,0.6191997382658665,0.5525676700478105,0.7044163432833985,-0.0012828859594370134,-0.7097858617349747,564
4988.245095947084,1957.122538647348,1736.3415593698528,17342.900270981554,0.0,1.0,-0.4304980396781372,0.7908976297058363,-0.43491651745935206,0.5675916711665308,0.6118714623392856,0.5508656899800249,0.7017913740248349,-0.009708393300336071,-0.7123163724384413,565
4912.725005984772,2060.6990647804455,1743.355647143866,19054.381441236023,0.0005051333191550217,0.9965753424657534,-0.40842777010850584,0.7888773811651263,-0.45919411373649566,0.5687022530989281,0.6134159077608646,0.5479951381409485,0.7139779435839713,-0.03732829479050029,-0.699172435443244,566
3101.9789010207355,1102.0131455247217,1050.9976360832097,9919.29248157892,0.00028532687503550453,0.9965753424657534,-0.41367759470512866,0.7989435807062072,-0.4365317886332259,0.5580160287881043,0.6013647468016926,0.571820385190743,0.7193670546074047,-0.00704245358381414,-0.6945944461288089,567
3594.4526358006156,1378.5997235757045,1240.4072532485604,11824.728410860323,0.0,1.0,-0.4312702437864828,0.7850045607015332,-0.44471768179614873,0.5568421904680074,0.6194249330577282,0.5533891282101776,0.7098822097638025,-0.00897730383922929,-0.7042632009956499,568
4275.586882401911,1826.8668126036885,1525.6130507799562,33320.244436621746,0.0007619456774266973,0.9965753424657534,-0.41290440597658107,0.8032302714126625,-0.4293379585029343,0.5671822386664396,0.5956059208933451,0.568821496726448,0.7126108753495506,-0.008643962235629465,-0.701506252467087,569
,,,,,,,,,,,,,,,570
5523.845331221347,2356.254304407333,1970.0245217412553,18696.22365355191,0.001769040070980301,0.9965753424657534,-0.4323296482550513,0.7763161109896083,-0.4587203625931969,0.5701079239337641,0.6294654935017545,0.5279679417905279,0.6986186587170409,-0.03326391901990863,-0.714720561746925,571
3435.4023935642613,1557.4306198986692,1248.2078629940336,18430.05177718261,0.000593419853782621,0.9965753424657534,-0.45696154465587574,0.7768843464470028,-0.43317070417022613,0.553476143267333,0.6295729940792429,0.5452540728504615,0.6963119312058604,0.009410492639122692,-0.717677599684325,572
4067.3707353606806,1749.3275453665299,1454.174196927719,15397.098979405484,5.405865864308087e-05,0.9965753424657534,-0.4485456421138848,0.7900369040356131,-0.41790967588997785,0.5580771559414216,0.6128029020507225,0.5594841295823741,0.698109371772774,0.0177283247949738,-0.7157716196825541,573
3630.7701822232516,1573.7292105438362,1301.1244593321778,19655.96920319314,0.0010957777518844206,0.9965753424657534,-0.44019584694395825,0.7697472153841467,-0.4622951878850172,0.5538134896138245,0.6380188793409379,0.5349976900195852,0.7067660398286336,-0.020521549963047475,-0.7071496524301377,574
4787.082152251101,1647.1149299215479,1608.548904557312,37960.53431327522,0.00037798489371132656,0.9965753424657534,-0.44704738683572853,0.7756521425409222,-0.44554729007707305,0.5445525074499159,0.6311458995347039,0.5523743478208766,0.7096556915528514,0.004313614749427486,-0.7045354442286333,575
3545.695857904556,1381.7989471009425,1231.873320061513,16556.325351680705,0.00012161015056193504,0.9965753424657534,-0.43102761559176483,0.7905996108550778,-0.43493384544442776,0.562856201332085,0.6123088445160271,0.5552213752634737,0.7052716435667132,-0.005489466572211221,-0.7089159149980055,576
3925.965635277984,1550.3144390295981,1369.0655261960683,14184.052476691606,0.0,1.0,-0.4261548218886005,0.7895965847074748,-0.44150798543105285,0.565494078821817,0.6134491270815582,0.5512681881809786,0.7061221669077948,-0.014744554966693024,-0.7079364967991651,577
5229.326438184235,1303.473832184711,1633.1997331478144,8771.88924192241,0.0004933553353562536,0.9965753424657534,-0.4236915439436182,0.7945819346259568,-0.4348850707448403,0.5709999261583303,0.606992521495795,0.5527378792658943,0.7031675191004307,-0.01412897782037606,-0.7108838245929479,578
,,,,,,,,,,,,,,,579
4304.361147510736,2671.581422324326,1743.9761674770743,26771.567978854877,0.004152884186418123,0.9965753424657534,-0.4816114084970567,0.7479718273700529,-0.45671500595687137,0.5002902144827746,0.6625244889512614,0.5574683872944272,0.7195555242635976,0.039993086909786923,-0.6932823382296462,580
2787.3516266643205,1354.190944263744,1035.3852153695093,12480.463881519243,0.00041237232906618455,0.9965753424657534,-0.42755295915383495,0.7978392214465886,-0.42503063870772956,0.5644236782852311,0.6028690943934958,0.5638925131761691,0.706133399939253,0.001196556169826113,-0.7080778133394403,581
6437.730397072823,2355.9259293237865,2198.39781596199,37749.81540264152,0.0,1.0,-0.4209429233240468,0.7956270364349505,-0.4356428286993185,0.5498601744884415,0.605781532815939,0.5750500178338507,0.7214297220207567,0.002520593761280887,-0.6924830704011069,582
3794.7485188001865,1692.2105768916067,1371.7356465423063,14785.362093463777,0.0010821370278637575,0.9965753424657534,-0.44173455431174224,0.7745486841724732,-0.45270842644432513,0.546359358590504,0.6324959817410827,0.5490357769416826,0.7115911992201559,-0.004813411272102552,-0.7025772528799563,583
4616.659246747379,1623.9358963312573,1560.1389530192546,7755.946278515031,0.00023643753899313088,0.9965753424657534,-0.4271316222678815,0.804638192223378,-0.4124511569559505,0.569209386893224,0.593709177771856,0.5687794705350281,0.7025377222124431,0.00817262778799574,-0.7115995763233639,584
3744.0487771299363,1817.6762251551556,1390.4308407215292,26180.125090272373,6.116226541515595e-05,0.9965753424657534,-0.4461940492175547,0.7701875499008368,-0.45576529971092417,0.5427325243509717,0.6378077581328304,0.5464820863278089,0.7115843431768749,-0.003521596700224755,-0.7025918594050296,585
4738.716333153925,1582.785178139014,1580.3750259866201,15086.324988371613,0.0007970199357297782,0.9965753424657534,-0.4208755234694811,0.7925522500276933,-0.4412762453614868,0.5686973333564019,0.609523565687817,0.5523263219370657,0.7067157397268069,-0.018491994139367224,-0.7072559009122101,586
5406.573359757638,1659.9049753397621,1766.6192430696685,22864.91530611087,0.0,1.0,-0.40104471576213285,0.7897727650676634,-0.4641358804452072,0.5609800415259347,0.6122866793396873,0.5571412884652684,0.7241992329247737,-0.036932395813926544,-0.6886010958244351,587
4675.797339547004,2005.0643902354666,1670.2124708939189,20613.547801848472,0.0003362214342421605,0.9965753424657534,-0.44555485155745783,0.7887048176978831,-0.42358657296208146,0.5576577922099472,0.6146480603739329,0.5578759258706989,0.7003560958834721,0.01234797225098655,-0.7136868126427375,588
3559.613648600204,1758.6042879533588,1329.5540803537058,24705.76444707293,0.0004570689921234098,0.9965753424657534,-0.4678286634726496,0.7460846131399849,-0.4738080747192407,0.5297310463328317,0.6658309227187217,0.5254086037577412,0.707475342456907,-0.005189642308952858,-0.7067189734457308,589
3790.6099210759703,1977.5462191330942,1442.0366242252676,24591.19889995376,0.00029343509478302354,0.9965753424657534,-0.4648567608452125,0.7513778558986968,-0.46833696155820786,0.541718918668506,0.65977015114309,0.5208108685667465,0.7003205016655742,-0.01160453901288655,-0.7137342149716356,590
,,,,,,,,,,,,,,,591
2668.2864072126736,1274.6803977598365,985.7413056119223,11777.421068771282,0.0004307586541230412,0.9965753424657534,-0.45817925573870905,0.7595778868029015,-0.46164185630287174,0.5380566194826065,0.6504106046799695,0.5361540073064698,0.7075074867742901,-0.0027348125849936955,-0.7067005567837432,592
2953.5882046473835,1057.8925785603192,1002.8697809717181,11800.397982488521,0.0,1.0,-0.4343640388013661,0.7878020115366524,-0.43668738522536876,0.5580482150442788,0.6159247937281883,0.5560744897554493,0.7070431892621978,-0.0021538546127845837,-0.7071670873479954,593
3573.471450765374,1738.4430868018749,1327.9782429905126,23061.959873765893,0.0002050434786717912,0.9965753424657534,-0.4491169856133711,0.770161189166571,-0.45293010049575244,0.5450629875245403,0.637844394355821,0.5441147564803576,0.7079549935302256,-0.0025042544577934256,-0.7062531103260564,594
4009.0018489144327,1916.4636533350974,1481.3627327094848,9938.699870826977,0.00014257357078340308,0.9965753424657534,-0.46016875697714793,0.7713116317365645,-0.4396852076770211,0.5420753303053886,0.6362983740236057,0.548888618473019,0.7031351586831727,0.014238889099718571,-0.7109136393830093,595
3478.061827603422,1553.855998315218,1257.9790705219725,22352.886985129306,0.0,1.0,-0.4430182389521682,0.7865145576224469,-0.4302669992036181,0.5489263660381074,0.6174257016930911,0.5634406335693156,0.7088121645569561,0.013429576939008786,-0.7052694249996394,596
4293.196645060332,2247.0389282666533,1635.058491222007,28885.359947135697,0.0020821959375290095,0.9965753424657534,-0.47906938492989704,0.7729764557160537,-0.4159325946971913,0.5408709379172173,0.6331540412841208,0.553691781158196,0.6913401137930881,0.04029092843598442,-0.7214052177149307,597
3676.9225505003396,1451.0902673017501,1281.9917378804628,10739.132957243353,0.0005496256223732226,0.9965753424657534,-0.4544548001505667,0.7733976790320042,-0.4419579897320759,0.5445438695197259,0.6338579389888591,0.5492686841148688,0.7049417059506355,0.008952276174523571,-0.7092087478046946,598
3294.5242576235455,1370.3794169857358,1157.7788967834776,15687.979319019856,0.0005968253926877827,0.9965753424657534,-0.44664361719033085,0.78894157153481,-0.4219960615068837,0.557972209578631,0.614314736608429,0.5579286851593641,0.6994115330483746,0.013733211201347878,-0.7145872279498295,599
4076.7316246735136,1494.30296660725,1392.7328402018234,28595.95502493856,0.00030817025050943923,0.9965753424657534,-0.44933141711860974,0.7795849826031562,-0.43628950536291683,0.5631448038205913,0.6262869127498069,0.5391035455718907,0.6935194355748437,-0.0034580078010979787,-0.7204296181182432,600
5473.480021527228,1913.716342697214,1846.7987312094274,18253.26212848576,0.0,1.0,-0.44657421599271746,0.7936662954246863,-0.4131165466516009,0.5584862099567243,0.6079807449411607,0.5643160170232323,0.699045508460403,0.021289088464420097,-0.7147602058128941,601
4271.675325369013,1764.5220193214684,1509.0489480184303,16364.950754088342,1.1172392743812018e-05,0.9965753424657534,-0.4385555635941705,0.7770080558412724,-0.4515833243138697,0.5458680346055949,0.6294779879578298,0.5529787983932,0.7139307434453461,-0.003992973118915971,-0.7002049340937602,602
3286.4124214670974,1563.8473923257302,1212.5642792752856,18744.085124982426,0.0002073244046281892,0.9965753424657534,-0.43140365652392176,0.778327948878076,-0.4561759409844378,0.5456120705231563,0.6277875510082706,0.5551488622869297,0.718469452125297,-0.00940185057769169,-0.6954949687585743,603
,,,,,,,,,,,,,,,604
3360.456491978,1087.5171246271266,1111.9872602004025,13170.534106939875,0.00021278837078579955,0.9965753424657534,-0.4409459228946869,0.7834955478086663,-0.437837206786439,0.5571588759379887,0.621396514574573,0.5508542081513851,0.7036623338264383,-0.0010479687832266327,-0.7105337583221221,605
3220.6867869583893,1527.1806770451417,1186.9663991635605,10138.711575100428,0.0005528587340750497,0.9965753424657534,-0.4645302095257902,0.7626569767021105,-0.4500733499392316,0.5381157590323306,0.6467420158029027,0.540514749915538,0.7033086906323455,0.00889386770727163,-0.7108289420094129,606
4681.599310450103,1580.4179694635056,1565.49970231017,9934.419450746376,8.806859550788722e-06,0.9965753424657534,-0.4228429491352218,0.8003456231083592,-0.4250302623789517,0.564709558354284,0.5995388576383717,0.5671474877710257,0.7087361674628563,-0.0002043354314905932,-0.7054736020412768,607
,,,,,,,,,,,,,,,608
2948.729814022984,1356.1226067527398,1076.2115002848202,12830.34736563457,0.0003096502196120954,0.9965753424657534,-0.4251320890631551,0.7909757050290506,-0.44002288679407797,0.5582487444713832,0.6118028623675048,0.5604066353060537,0.7124752951119933,-0.007395380498951304,-0.7016582232129498,609
4586.354086494542,1603.322346327596,1547.4187349224533,24207.4902160631,0.00030805818445037446,0.9965753424657534,-0.4119614709659755,0.7885353293104339,-0.45661776232296897,0.5611780676566661,0.6143630961696619,0.5546504867445419,0.7178906064441017,-0.027749243126838796,-0.6956026571867071,610
,,,,,,,,,,,,,,,611
6150.3506100540935,2976.533103209974,2281.7205238571505,37232.32366455645,0.0003325503543735149,0.9965753424657534,-0.4696239759447981,0.7723114286680881,-0.4277714090100653,0.5386669171109887,0.6345417475227945,0.5542514980231099,0.6994935836931909,0.029863486055297622,-0.7140146347048373,612
,,,,,,,,,,,,,,,613
3444.590158986109,1536.9866868659349,1245.3918633544374,19735.364998141118,0.00033286583100816506,0.9965753424657534,-0.4350347598420667,0.7629017262220561,-0.47825277192773524,0.5463933730048763,0.6458483465575044,0.5332299646356079,0.7156808224799023,-0.02934057559668171,-0.6978109278007518,614
4649.776284320748,1855.6086791469886,1626.3446025905173,16381.859147976364,0.0,1.0,-0.44351946423791544,0.777510618244265,-0.44583373959306105,0.5528598230101385,0.6288570262959707,0.5467036277357112,0.7054335553000799,-0.004009862293100491,-0.7087647141760653,615
4395.89370548114,1606.770617492864,1500.6657113662518,18200.691249932912,0.0005208555039288983,0.9965753424657534,-0.4218003540226862,0.775169853896108,-0.4703149571904166,0.5647912567824955,0.6304203154465019,0.5325232972691264,0.7092921102115728,-0.04101126044173534,-0.7037206682403143,616
,,,,,,,,,,,,,,,617
3198.0480202088434,1795.0849663318838,1248.2828261739744,23270.236029142226,0.00015377267812173164,0.9965753424657534,-0.4736474410239194,0.7361563388525995,-0.48345831917408294,0.5134113372780706,0.6768094614240313,0.5275772471224056,0.7155884993247417,0.0016726308765971643,-0.6985200798403112,618
4159.494684720235,2317.7225239573127,1619.3038912453571,35532.48916722826,0.0003487348477608292,0.9931506849315068,-0.46145010298850814,0.7540869391471605,-0.46735071483797047,0.5449729587245538,0.6566233077590177,0.5213926600620805,0.7000487673804598,-0.014096805144184682,-0.7139558833526242,619
3277.180093910276,1543.5641735563531,1114.9305614870148,13672.298353578455,0.00011499644617651405,0.9965753424657534,-0.44737070581084865,0.7729040682653908,-0.449976391426385,0.5476900020619543,0.6345180949944229,0.5453645099986109,0.7070326111458223,-0.002467464985881379,-0.7071766387493749,620
4022.8060409305094,1996.7264317243703,1504.8827311128596,22504.82031722278,5.052328584231806e-05,0.9965753424657534,-0.45717562282273594,0.741422979311464,-0.4912050647596744,0.5357815119612711,0.6704317146445212,0.513283048073187,0.7098793005413933,-0.02851809509276082,-0.7037457615610502,621
4298.273383132695,1717.8005773082364,1504.0127736313957,28029.84020335089,0.0,1.0,-0.4490007873926433,0.7873582575658751,-0.42245149681781863,0.5567355482570606,0.6163161222517199,0.5569559827845583,0.6988875605043321,0.014879909120426,-0.7150767553744644,622
,,,,,,,,,,,,,,,623
2681.410539449673,1403.5457947969674,1021.2386909834291,11833.918199571634,0.001075891046039679,0.9965753424657534,-0.4840308580041794,0.7572588279354349,-0.4384896760627202,0.5350912302006765,0.6526358347724797,0.5364176008793479,0.6923810395021405,0.02501069140747711,-0.7210984408894914,624
3559.1472677798097,1581.458715729693,1285.151077274399,12573.31715636816,0.0006519238241041159,0.9965753424657534,-0.4482139132280685,0.7742529618885191,-0.4468071608598467,0.5483490745662394,0.6328762524623479,0.5466085816117079,0.7059869548448684,-8.721798838179362e-06,-0.7082248368370032,625
3593.5215420633217,1768.748884726118,1340.5672011881222,13164.914655779998,0.0005503808913401982,0.9965753424657534,-0.44003276548608444,0.7818894905672397,-0.4416106767721667,0.5577662149357014,0.6233954575627975,0.5479734965911867,0.7037528080050335,-0.005189222540305571,-0.7104259688345138,626
7105.704487219487,2916.166285138668,2505.467330886845,34987.276844571665,0.0001600343953069491,0.9965753424657534,-0.45876637434780543,0.789011791827856,-0.40864875642092113,0.5510569721146958,0.6134169686504158,0.5657347753634367,0.6970434902153184,0.034351345364205366,-0.7162055276386217,627
,,,,,,,,,,,,,,,628
3110.998920259366,1443.9384903760254,1138.7280524800713,19347.94912661944,0.00014447673933277167,0.9965753424657534,-0.44150440779002464,0.7743399814460104,-0.45328958849302065,0.5458285135712402,0.6327507044817955,0.5492702247076588,0.7121412020621964,-0.004913157028215903,-0.7020190661324135,629
4157.540254254785,2214.3367602100475,1592.3385773846555,25554.67747574158,0.0005030685990163307,0.9965753424657534,-0.44497830583383857,0.7571681787100443,-0.4782161190154108,0.5593908326757149,0.6520089299281814,0.5118263881554744,0.6993398341690666,-0.03975807393250372,-0.7136827669921423,630
4599.501582014666,1972.8918685540816,1643.0915151077882,26825.799822662037,0.0,1.0,-0.446373364566193,0.7742033909278379,-0.44873146633782457,0.5475351171459435,0.6329354066439955,0.5473555211271538,0.7077825336202036,-0.0013713104089422001,-0.7064290513632122,631
2663.0093014069753,1487.9414054490599,1037.7368917516858,11752.037510636204,0.0003066810923262221,0.9965753424657534,-0.4436879232257284,0.770439895674637,-0.45778094536196523,0.5442762689754889,0.6374719846931134,0.5453373375824769,0.7119721692691094,-0.007199714180265382,-0.7021707728907272,632
3000.4106582192776,1406.4444921416064,1101.7127764349193,16494.928458753726,0.00031731443564899574,0.9965753424657534,-0.44950826826711465,0.7817278488935896,-0.4322544239492533,0.5574927945735582,0.6235966795593638,0.5480227780312608,0.6979570909146665,0.0053620431495126075,-0.7161195066015159,633
4321.173141811585,1538.7652854732685,1464.984106917133,16926.354612702326,8.101903216650328e-05,0.9965753424657534,-0.45744342555851353,0.7732335086016444,-0.4391531095061078,0.5468237330703598,0.6340427952318016,0.5467847279923237,0.7012341387612903,0.009983736286302197,-0.7128611419101738,634
2777.8102425119605,1281.2314003122494,1014.6711419529789,18202.613745320898,0.0017477363101473448,0.9931506849315068,-0.42326616351813373,0.7900072016575105,-0.4435474902982883,0.5581180603976094,0.6130015388271107,0.5592256646950362,0.7136875965565406,-0.010850563343161895,-0.7003800966592962,635
2488.000827483851,1484.89444307881,993.2066408978945,16062.112146891583,6.151280369136972e-05,0.9965753424657534,-0.4609130549319984,0.7683710056579879,-0.44403282925633436,0.5422388575632897,0.6399235105937863,0.5444951073589025,0.7025213001338187,0.0101930492717682,-0.7115897164833345,636
4553.135482870174,1736.6830843234802,1572.4542464980584,17068.15428219474,0.00024838017885149273,0.9965753424657534,-0.4249081657614767,0.7782851480599042,-0.46230431425478885,0.5585503419879172,0.6273029483909418,0.5426900832014643,0.712372491140975,-0.027626784999424475,-0.7012575807905377,637
4081.2276713034535,1705.6006476089756,1446.7066675999038,17859.576938558006,0.000948773660565071,0.9965753424657534,-0.46481661240090894,0.7933316915506884,-0.3931543513907313,0.5562892283938944,0.607121971881197,0.5674021551175258,0.6888307565789067,0.04503041683585149,-0.7235222528371333,638
3837.2486380518335,1642.0059277250946,1369.813279788682,21654.3404206846,0.0,1.0,-0.4176695884380455,0.7802664407257653,-0.46554956381801016,0.5651174097079074,0.6243025213824547,0.53934096362184,0.7114734205429033,-0.03782384529176719,-0.701694327031597,639
3104.0873675745756,1484.900441422921,1147.2465573870893,12279.081303890087,0.00048569928620461104,0.9965753424657534,-0.4610935362408988,0.7698138044791457,-0.4413382572021224,0.5383571199560606,0.6380620466698382,0.5504983523972738,0.7053824226825325,0.016233638927885735,-0.708641028121912,640
,,,,,,,,,,,,,,,641
,,,,,,,,,,,,,,,642
,,,,,,,,,,,,,,,643
,,,,,,,,,,,,,,,644
,,,,,,,,,,,,,,,645
,,,,,,,,,,,,,,,646
,,,,,,,,,,,,,,,647
,,,,,,,,,,,,,,,648
4148.429740583031,1633.730722319177,1445.5397527820553,12204.122876957757,0.0,1.0,-0.44911201220805347,0.78218193480079,-0.43184467272588417,0.553228223145021,0.6229782507028078,0.5530249834022622,0.7015959903008542,0.009461502130331395,-0.7125121377009669,649
4399.470029865388,1490.4486822153974,1472.4792560600608,18831.263989322393,0.00028568203292685075,0.9965753424657534,-0.4258654283517187,0.7858105056809832,-0.44848688508829865,0.5528658987836773,0.6183848519209951,0.5585154186562495,0.7162247795887293,-0.010100696809950821,-0.6977965613465215,650
5136.906468788041,1809.532649373408,1736.6092320106168,20495.7899018107,0.0,1.0,-0.4357970596038109,0.7973159235682439,-0.4175742339574976,0.5709122364291571,0.6035478488723403,0.5565871112566557,0.6958017973073444,0.004160786715162679,-0.7182217949336961,651
3766.093612076747,2055.288019394027,1455.345018925961,35340.82963089484,0.0004542132685995521,0.9965753424657534,-0.44723683736437764,0.7793919355241006,-0.43877946869048645,0.5564859272595615,0.6265366675115357,0.5456878384439271,0.7002161266825946,-0.00012289644281768264,-0.7139309216094294,652
5430.055014152285,1579.4957397029204,1752.3873180125468,9066.587067326926,0.00028405151119309855,0.9965753424657534,-0.4167600211108248,0.8050894453918024,-0.422068797380741,0.5667829228477097,0.5931526980279809,0.5717753013119176,0.7106815061417542,-0.0009282999768711608,-0.7035132799650914,653
,,,,,,,,,,,,,,,654
,,,,,,,,,,,,,,,655
3941.0853643611554,1776.6097117613376,1429.4233745817633,19074.362604284015,0.0002404054274243846,0.9965753424657534,-0.4193734484071788,0.7812403532140753,-0.46237368143204083,0.5522743331271068,0.6237909368116455,0.55306231847836,0.7204991129349714,-0.02341746488406654,-0.6930603513391331,656
,,,,,,,,,,,,,,,657
2627.1099319524455,1117.6025235760317,936.1776834119023,5565.7743317112345,5.48729182593849e-05,0.9965753424657534,-0.43490485143211577,0.7828612574431746,-0.44495620210903997,0.5552336614030137,0.6221567798183721,0.5519388757562176,0.7089240801706577,-0.007013766500614804,-0.7052499242351338,658
,,,,,,,,,,,,,,,659
,,,,,,,,,,,,,,,660
,,,,,,,,,,,,,,,661
2633.4862818953834,1527.5553073593549,1040.2599955592534,18143.026123302065,0.0010318549051929228,0.9965753424657534,-0.45820373276285564,0.7709741157997523,-0.4423214352130992,0.5447776596115538,0.636802348168566,0.5456189796507802,0.7023294389888151,0.009037816870832382,-0.7117946873894646,662
3377.420966912025,1808.8070293484998,1296.5565879429187,20129.69990365148,0.0,1.0,-0.4537501700103327,0.769668420956477,-0.44913394995029876,0.5430359266381818,0.6384336692522369,0.5454488356806133,0.7065569797233664,0.003601631226089058,-0.7076469901417697,663
4810.00481903334,2130.2700488308046,1735.068324030419,17507.810249684717,0.00013647998037796618,0.9965753424657534,-0.4674700478736013,0.7903895454195345,-0.3959243877719008,0.5562537483884346,0.6110917684388968,0.5631594960133743,0.6870615123443236,0.043025771785329375,-0.7253242455739417,664
2782.2637084837165,1505.5601764682547,1071.9538785088207,23895.79052006008,0.0007041106755774259,0.9965753424657534,-0.44269992225224575,0.7698127095112535,-0.4597881807015032,0.5438556747224795,0.638208714484285,0.5448950741459065,0.7129079771681701,-0.008833404284812857,-0.7012019588240815,665
3774.074672852958,1385.4973788891064,1282.8778033802573,23240.829619193613,4.5800122137627386e-05,0.9965753424657534,-0.452852811745455,0.779270664143903,-0.43319921848839477,0.5525706239075845,0.6266155333184374,0.5495622612574785,0.6997071076447763,0.009497652803229173,-0.7143666832255064,666
5838.157590769877,2249.014493272405,2021.792662272556,18463.32685585629,7.796731799140923e-06,0.9965753424657534,-0.4397406185039791,0.7845197889050616,-0.4372149234119252,0.5557717061018528,0.6201035847701618,0.5537051154286281,0.7055111615944667,0.0004949460095654834,-0.7086986354537971,667
3829.062378771221,1740.6198766748855,1392.4021986733374,18946.48798301047,0.0004719105968431113,0.9965753424657534,-0.44343939089442586,0.7744514695210382,-0.4512055274039596,0.54389351055963,0.6326326395224522,0.5513218593362472,0.7124193679107148,-0.0009299287928011268,-0.7017533608456308,668
4193.227597548743,1457.4822013171647,1412.677089990018,21876.192073425413,0.0,1.0,-0.4470031547201713,0.7876549209197348,-0.424014038943454,0.557669573467573,0.6159950090955917,0.5563764872798068,0.6994232098656076,0.012242316784342039,-0.7146028961465536,669
3405.1968029482114,1910.4598071924888,1328.9137574906822,17641.608209208036,0.0011165199248737267,0.9965753424657534,-0.4598392932349181,0.7585617783952813,-0.4616620547056031,0.5378127075158706,0.6515970900955727,0.534956749479274,0.7066153947032712,-0.002293586006761883,-0.7075941092402974,670
2206.353056961366,860.4284727111442,766.6949741025727,8348.713278724777,0.0,1.0,-0.42788946284525586,0.7968813782250158,-0.4264864319344728,0.5570193783962661,0.6041030154573368,0.5699025871202815,0.7117864986616673,0.0062941046664374,-0.7023676847416973,671
5036.030392448029,2192.6291513984797,1807.1645169949777,26119.53407022695,0.0006843163264182487,0.9965753424657534,-0.43509312764019054,0.7697427317509301,-0.4671082285690251,0.5445147303195297,0.6381141618148547,0.5443473385223585,0.7170757831256935,-0.01750552506898939,-0.6967753424502996,672
5285.577297023149,1572.1027918082036,1714.4184103063533,22461.79653281826,7.320320124092777e-05,0.9965753424657534,-0.43051844118759935,0.7994075770408569,-0.41904820434774115,0.5527024852976109,0.6005442650650387,0.5778118624979386,0.7135641768917802,0.01714967833981837,-0.7003799354561759,673
,,,,,,,,,,,,,,,674
3192.7403531363243,1219.6250128238287,1103.090968473556,14511.716737112343,0.0002637368629563407,0.9965753424657534,-0.44184077814639394,0.7964738416129719,-0.4128027935870393,0.5608933598355085,0.6043915256945438,0.5657822218495882,0.7001252499799047,0.018447311318899345,-0.7137817110613579,675
3306.0773318139313,1641.9184615418235,1236.9985422684895,11691.189078942936,0.0,1.0,-0.45013405214588076,0.7654281432202535,-0.45989030503493394,0.5412226097959107,0.6434999272442389,0.5412817475976468,0.7102516608529916,-0.005253684712111795,-0.7039282470909325,676
,,,,,,,,,,,,,,,677
3794.1900302721747,2049.5122278249546,1460.9251550597446,30489.251337115424,0.0001372759538493226,0.9965753424657534,-0.46151786514498583,0.7541320283995167,-0.4672110271537321,0.5361568223557239,0.6566978655730795,0.530361928491454,0.7067794012232016,-0.005726874696745349,-0.707410828947918,678
3825.94782986298,1644.252454335989,1367.5485794671044,13887.39627176574,0.0,1.0,-0.4390364408628098,0.7909320468046892,-0.42623174557024895,0.5616431239738365,0.6118825997368613,0.5569171261796226,0.7012873910797386,0.005116783814549775,-0.7128603044327612,679
3857.8548738267173,1595.7102474430023,1363.3908481786073,18991.732879470168,0.0001500977788004933,0.9965753424657534,-0.45315687525244414,0.7697229926715664,-0.44963914527559606,0.5464075070619813,0.6383780340667929,0.5421368110056055,0.7043349222051623,-1.3181212893426109e-05,-0.7098678167014645,680
5079.041980452771,2017.4779602067754,1774.1208196063026,30514.745627099826,0.0005948820509160961,0.9965753424657534,-0.4655325207265606,0.7848764744462234,-0.408960134984868,0.5544761189363753,0.6188106844036858,0.556443681244649,0.6898084557869881,0.03228400112608251,-0.723271759158383,681
4053.749656174247,1900.7603798560403,1488.596467145283,17800.998379263994,0.00011821453535934934,0.9965753424657534,-0.4560866091370584,0.7643860617885343,-0.455740006483165,0.5412226227771957,0.6447586587606325,0.5397817564047191,0.7064439663271487,-0.0004695706606407113,-0.7077688195614167,682
3654.0131752570715,1155.2005194472938,1202.3030708826168,10068.937162632275,4.2525747496617755e-05,0.9965753424657534,-0.42222347531087157,0.796438303867812,-0.43291265288574393,0.5693264789916564,0.6046148090502639,0.5570532227678752,0.7054039248653021,-0.011267688728204384,-0.7087159811767698,683
5352.53686287255,1936.9524555789556,1822.371987108977,23616.25486872662,0.00023510335499256186,0.9965753424657534,-0.43479869287310413,0.7832029331349086,-0.444458391983677,0.5522762235909434,0.6217533106274917,0.5553501540288615,0.7112953462043501,-0.003998281209422361,-0.7028818849674561,684
5278.076086310775,1835.0139415542455,1778.2635415011748,19119.313054184517,0.0009713489265692252,0.9965753424657534,-0.4135983382325168,0.7910578634399216,-0.4507370312068526,0.5669884906540752,0.611139298396404,0.5522977543149753,0.712362594524105,-0.027133275611647523,-0.7012869022571776,685
3182.7653212845908,1585.0723299875208,1191.9485394236697,9704.65640830958,0.001154959515846932,0.9965753424657534,-0.46808233268377314,0.7594220484649465,-0.4518595823202403,0.523254782523148,0.6502468049350084,0.5508026191281828,0.712111903001186,0.021383287331873807,-0.7017402600869583,686
4024.9733486325304,1420.2603752550574,1361.308068979001,29271.387973514942,0.00017890279600999497,0.9965753424657534,-0.42830475763914455,0.7860410620710052,-0.4457515937402353,0.5619728724849885,0.6179917570934514,0.5497933054844516,0.7076309244052613,-0.015021215091819473,-0.7064225632880938,687
3981.6169644192078,1553.9987540149093,1383.8939196223396,18606.114179248423,0.0002517999347609874,0.9965753424657534,-0.42540506057193755,0.7811545412858392,-0.45697715158232627,0.5530933187714011,0.6240792655958585,0.5519174313099482,0.7163227730361668,-0.01796254107425377,-0.6975378354956328,688
4855.079359962166,2103.513984120904,1739.6479672442981,18812.72108658769,0.00598474957583162,0.9965753424657534,-0.4086366099500512,0.7925441234785431,-0.45264769230402324,0.5780069875734244,0.6085362408946104,0.5436833323122494,0.7063455551816158,-0.03946461525828607,-0.7067662278417741,689
3607.037384896226,1595.6069832143414,1300.6606935472585,15246.570197344707,0.0,1.0,-0.43977125929983285,0.7758310351532929,-0.45242396530998363,0.5527424042256377,0.6308515208145121,0.5445201495416666,0.7078679778494723,-0.010609598436664841,-0.7062650793833091,690
3461.481331975845,1472.1751610373717,1233.3806777911475,9723.99190098209,0.0007392113539381816,0.9965753424657534,-0.45256341655317206,0.7713626553835512,-0.44742151029801525,0.5466221699556457,0.6363934608411282,0.5442495441538122,0.7045498969630903,0.0017369163158223455,-0.709652327418864,691
3186.9122144536445,1720.0954357133226,1226.7329709865953,12535.639468226811,0.00959530224598152,0.9965753424657534,-0.46521466532237227,0.7610351778823159,-0.4521070373203949,0.5379326696025778,0.6486699826201725,0.5383824817188883,0.7029962717847351,0.007260280516408507,-0.7111564737690195,692
3436.6357245697077,1457.3751222592366,1223.5020173427977,10666.247372886217,0.0003403904334593891,0.9931506849315068,-0.4284287230011273,0.7933459258317258,-0.43249401299188567,0.5608553848407625,0.6087672196508247,0.561109356163061,0.7084419994627251,-0.002171231172964805,-0.7057656970641532,693
3235.337812852954,1431.1116980183563,1166.6118418387414,13830.742861519406,0.0001099346417143414,0.9965753424657534,-0.4404645861266892,0.7751293481651546,-0.4529519201651618,0.5483751586913376,0.6317630074111671,0.5478687687731871,0.7108274289154117,-0.007070790610696015,-0.7033309108958918,694
2368.1755282327467,1265.2168339325342,908.3476434620313,9140.731700384673,0.00041837105492388126,0.9965753424657534,-0.44572646635829766,0.7877576867395739,-0.4251655491340527,0.5572303787227283,0.6158810642067611,0.5569423846144879,0.7005870554158633,0.011328801095554675,-0.7134770045695006,695
2988.8239382264233,1209.5580606978206,1049.5851262869114,20791.36255612642,0.0002616573399176814,0.9965753424657534,-0.44711288444457126,0.7762916820966257,-0.4443661698095918,0.5479125166527351,0.6303692758249297,0.5499331324726853,0.7070232971118575,0.0024084026957907345,-0.707186154373467,696
3379.236137718455,1104.5416154371032,1120.9322445115206,9165.699859958691,3.8311428037951816e-05,0.9965753424657534,-0.4572504968642164,0.7777139626407912,-0.43137335966768425,0.548415067036456,0.6284228853315403,0.5516571321382342,0.7001163455918071,0.01567384780900194,-0.7138567315155286,697
3749.6232147115184,1655.2857994409358,1351.2268675882042,15246.67843677244,9.04111693984146e-05,0.9965753424657534,-0.4498400510596291,0.7639726376335306,-0.4625902478543365,0.5378243841989401,0.6452314768449822,0.5426060016710782,0.7130139270895774,-0.0047064036917146,-0.7011340738693203,698
,,,,,,,,,,,,,,,699
4344.705184204636,1679.6157437105699,1504.7831951667822,13919.680608049073,0.0002769662446750706,0.9965753424657534,-0.44705584348471394,0.7781617045297046,-0.4411410595371913,0.5493365969673095,0.6280508171189854,0.5511637454954293,0.7059535225767676,0.004066044711939415,-0.7082464904550207,700
3422.342393632669,1046.1652770404921,1117.1051647512318,12353.78949394955,0.00039018445586174615,0.9965753424657534,-0.4347381788630314,0.7819822190951242,-0.4466615327716503,0.5533376436734871,0.6232623182814973,0.5525952720610687,0.7105069795102141,-0.0069203778393026605,-0.7036561237123098,701
3863.5647497079663,2042.3079950462848,1476.467752003804,21991.375285914906,8.194779143558557e-05,0.9965753424657534,-0.4499853891462311,0.7733196748375369,-0.446642843963811,0.5529350878899727,0.6340056233036918,0.540647443533589,0.7012673799165501,-0.003681049913180162,-0.7128888494965492,702
3710.7698415345985,1782.6817432171306,1373.3625002846848,15289.987618196594,0.00039298560771408873,0.9965753424657534,-0.4558450467543848,0.7541309161669263,-0.4727492513275141,0.542995274558406,0.6564772746616258,0.523635101630979,0.7052385590399421,-0.018004142136653717,-0.7087414378383623,703
3271.5653289997176,1727.240673600487,1249.7010758838267,20446.74966448518,0.0004939458858498818,0.9965753424657534,-0.4752452916686034,0.7451492998818287,-0.4678615539157336,0.5334779514829787,0.6668935431557429,0.5202444400267089,0.6996736296505313,-0.0023501027211462466,-0.7144587384788932,704
3176.3376199172,1726.3759940734178,1225.6779971340143,28552.620391787175,0.0012386713868370036,0.9931506849315068,-0.42066653146575916,0.785681262778779,-0.45359080967642046,0.55428775130272,0.6183959678757485,0.5570920172384363,0.7181954873572665,-0.017069863308167232,-0.695631987265033,705
,,,,,,,,,,,,,,,706
2852.243512115547,1421.8377135099806,1058.5439755669217,12846.502046708078,0.00013678283385696428,0.9965753424657534,-0.4277683613484043,0.7927388922634007,-0.43425715621311006,0.5647130817665479,0.6095186164767299,0.5564047011393966,0.7057714674815277,-0.007218369711334299,-0.7084028026678617,707
4343.8384336069,1878.4231060816105,1555.5650121927183,24061.067755412594,0.0008702931074346861,0.9965753424657534,-0.44272434909473396,0.7865347208480163,-0.4305325581407023,0.5540847734411033,0.6174858596356496,0.5583021377271845,0.7049717828107487,0.00862241558705662,-0.7091829378870298,708
2606.8967287405235,1308.0318075855093,978.731731218139,11257.056937442912,0.0,1.0,-0.4386634122961525,0.7811566075738599,-0.44426204559515825,0.5477609146308708,0.6243344027649314,0.556924172510862,0.7124130761822438,0.0009528734728403154,-0.7017597173653509,709
,,,,,,,,,,,,,,,710
3903.068587492897,1528.29394809201,1357.8402117330259,15767.469849051628,0.0018947280734535324,0.9965753424657534,-0.4472300688600178,0.7858769382203634,-0.42706288000814463,0.5494465577768277,0.6181559242399202,0.5621314201094663,0.705757568613089,0.016753844349202712,-0.7082552951054188,711
,,,,,,,,,,,,,,,712
2712.1931265173557,1077.8562154102774,947.5110381566043,9975.62993736384,0.0003072029880828255,0.9965753424657534,-0.4223276735715087,0.79614121207642,-0.4333572505095144,0.5617601466714813,0.6050887349765043,0.5641747605274181,0.7113823681729208,-0.005176218506067171,-0.7027861218142148,713
5113.710444436358,2390.8016755913163,1876.1276619211203,19984.620350942787,0.0013151009219173394,0.9931506849315068,-0.4513575248292562,0.7974433605625159,-0.40045033584049955,0.5608054052129767,0.6025597487425732,0.5678195546819396,0.6940991876266076,0.03171491589218675,-0.7191804237088459,714
,,,,,,,,,,,,,,,715
4559.603109795057,1776.360829476803,1583.990608261398,7904.824262265249,0.000418505434999416,0.9965753424657534,-0.4518113885835462,0.7732231937943449,-0.4449633262693464,0.5484815469660386,0.6341301816023818,0.5450200963438611,0.7035868544706823,0.0021921129996927136,-0.7106058913748518,716
3717.3504096312295,1481.9735868793503,1299.8306263187342,15582.9045744005,4.534350424991278e-05,0.9965753424657534,-0.41887290956411205,0.786545251927959,-0.4537532945366667,0.5618445890147455,0.6170601411339592,0.5509695454547283,0.7133555519011168,-0.02415261669720195,-0.7003859705037867,717
4758.332326181652,2127.3442642170976,1721.4187777575683,19807.976136961563,0.00010565468381121307,0.9965753424657534,-0.4357541979084037,0.7752281818292899,-0.45731777256395506,0.5533117910477965,0.6314702504486774,0.5432231444680576,0.709904458989154,-0.016327550212391462,-0.7041087062459734,718
,,,,,,,,,,,,,,,719
3643.152579905654,1855.6092240955986,1374.690047168423,16338.830415356146,0.0005728766227286943,0.9965753424657534,-0.4468763910430608,0.7857702744213373,-0.4276290062240235,0.5584190597254507,0.6184631502737957,0.5528756510181616,0.6989060343591785,0.008270888055630726,-0.7151656783900486,720
3916.8777557335834,1633.300145164892,1387.5441076258032,19523.785906865694,2.013128943509558e-05,0.9965753424657534,-0.43830848373066295,0.792446757685857,-0.42416247986225725,0.5639650903879635,0.6099221836559793,0.5567210313146236,0.6998778821433232,0.004802719801782929,-0.7142463748379002,721
3146.169149895861,1321.0333843567657,1116.7753644265158,15902.752614355188,0.0007088992435567431,0.9965753424657534,-0.44300311132499476,0.780173427182963,-0.44167597497935557,0.5493489944191199,0.6255571048160773,0.5539801358756731,0.7084941253723113,0.0027806710911731924,-0.7057112314404572,722
2964.360837814435,1811.8685853333147,1194.0569311661725,27697.396131666654,0.0010449559679532193,0.9965753424657534,-0.4508558467685764,0.7773990889585313,-0.4386110599620529,0.5577444894862508,0.6290074971852708,0.5415446915374973,0.6968859948960888,-0.00047431125539268426,-0.7171817657655006,723
5076.58169701527,1945.8633275564148,1755.6108901043167,17931.994426820445,0.004883527068717215,0.9965753424657534,-0.4262153664820762,0.782098183322275,-0.45460190608767437,0.5802322513994621,0.6218941147339617,0.5259070683069144,0.6940252126619472,-0.03962501360579235,-0.7188594177488947,724
2722.7100192376774,1235.2440164415143,989.488027285876,11992.916153726937,0.0002973020781595687,0.9965753424657534,-0.45217686291969267,0.7775317451989301,-0.43701312319884816,0.5508742777390931,0.6288001288214943,0.5487694671895519,0.7014795896998985,0.007401567535211984,-0.7126511082096791,725
3602.2684726887474,2360.381995353973,1490.652947255481,28284.66630212662,0.00020895023993846033,0.9965753424657534,-0.49425740025782516,0.7220193847155796,-0.48414629027321066,0.5180807905861176,0.6918691211495268,0.5029009978369947,0.6980701373902478,-0.0022643530461017858,-0.716025806789981,726
2834.557047199992,1498.2246882143118,1083.194996540444,9893.955093191298,0.0003830960448383826,0.9965753424657534,-0.45736659142873026,0.7635369236723151,-0.4558806502077955,0.5368411692599938,0.6457541641213483,0.5429577502048398,0.7089551184894765,0.003595234200440389,-0.7052444358225143,727
4697.358780612041,1835.2246956468414,1633.1455115587905,20222.00832924638,5.468474959853082e-05,0.9965753424657534,-0.4539687953840569,0.7919936180382622,-0.4082382169814723,0.5538280569707991,0.6097257658573532,0.5670176132728272,0.6979876905286351,0.03131452436693613,-0.7154247580522881,728
4034.641604107614,1998.6336075236347,1508.3180862115203,14892.653126730393,0.0,1.0,-0.4598830749796176,0.7783851792408921,-0.42734537564529196,0.5496752578790794,0.6275084698218635,0.5514437697330445,0.6973985003015557,0.018698476941926778,-0.716439598805924,729
5920.395489180987,1854.7165305872961,1943.7756014758384,22785.437078832736,0.0017378133453991745,0.9965753424657534,-0.4123524628587361,0.7972944013915868,-0.44078008562543547,0.5542562319819822,0.6035382543751249,0.5731854890129043,0.7230252247905808,-0.007950661322089186,-0.690775876316676,730
3120.630734771775,1065.705041148825,1046.5826142048409,12190.570923435442,0.0005414328468531238,0.9965753424657534,-0.4419365123232182,0.7853736453878712,-0.43345167689807856,0.5553906047259058,0.6190043162554811,0.555315165144332,0.7044383544766586,0.004679058372196204,-0.7097497524867247,731
2796.673891650019,1898.1600194049013,1173.707022126379,24469.6070803086,0.0005535967966511385,0.9965753424657534,-0.4622192619622712,0.7450627151095254,-0.4808689056537919,0.5273334458774874,0.6669157161163859,0.5264436004511245,0.7129325288763504,-0.010245884568470948,-0.7011577790478982,732
3497.188855720269,1358.1420407208482,1213.7843626597974,12066.060958040234,0.000686326027063896,0.9965753424657534,-0.44637062792351995,0.7755537260954904,-0.44639632667234563,0.5430026826522394,0.6312633980275475,0.5537640372425655,0.7112674245033537,0.004789598116238358,-0.7029051931734827,733
2965.801812270349,1505.6278106176821,1117.845747060376,11681.415744349402,0.0005754178400025782,0.9965753424657534,-0.4534350170729045,0.7828234551869484,-0.42612688638627644,0.5532163089156198,0.622050820350158,0.5540798610773299,0.6988192905479016,0.015498868051030068,-0.7151303267567839,734
4634.103926356589,1931.61430826685,1641.4285699756347,20149.8575603485,0.00014597553018361257,0.9965753424657534,-0.38646930146775643,0.7900715324086464,-0.4758449881006184,0.5777603734422151,0.6095436182886176,0.542816293310667,0.7189119764636951,-0.0651425443245294,-0.6920419199846135,735
4665.498103369911,1517.8152872822227,1545.8253515727708,14207.903993102216,0.0,1.0,-0.4391826229193353,0.791957732671422,-0.4241716319930337,0.5628781005325777,0.6105471435664018,0.5571359164725829,0.7002048754946872,0.005927490602954277,-0.7139173601955773,736
3697.3305339783947,1670.6284633713778,1341.9893611049251,26963.802473332733,5.555060809735206e-05,0.9965753424657534,-0.4278941655843355,0.7907441509288262,-0.437755948938144,0.5516869840528287,0.6121461298045534,0.5664967673270526,0.7159246152253596,0.0008964023407638799,-0.6981770132117386,737
4089.9161402223995,1602.625134009803,1423.1114952506357,18594.103697567272,0.0012293376072953334,0.9965753424657534,-0.4386801443610743,0.7814055986893124,-0.44380741462975176,0.5538398829920785,0.6240107919818917,0.5512457850155892,0.7076871589556136,-0.003977666040486216,-0.7065147296569283,738
3879.7198604623563,1390.3239054932874,1317.5055434157482,9299.105425428903,0.00024903956991600035,0.9965753424657534,-0.45767925381476177,0.7696084346123168,-0.44523315015971393,0.5457481445140153,0.6384934608640692,0.5426647797612563,0.7019178466081857,0.005381245896889958,-0.7122375859258797,739
3856.3083753286537,1600.5641264122796,1364.2177489490516,23184.398367399957,0.0,1.0,-0.431873587842379,0.7721865337488697,-0.46606132774674275,0.5546523512570605,0.6348553432499221,0.5378842462761277,0.7112284958922592,-0.026204011981553255,-0.702472331403099,740
3368.8181092617233,1397.2947804749156,1191.527847272384,17201.122808931912,0.00042356120062285696,0.9965753424657534,-0.4538671645005986,0.790253562047082,-0.4117085190521145,0.5588377429148115,0.612319608521958,0.5592540336138803,0.6940496913637132,0.023748782945970964,-0.7195352814327589,741
3789.1664545370577,1889.972259393409,1419.7675130536463,14432.402896156005,0.00012356462743680208,0.9965753424657534,-0.45071737896281566,0.7650172607027598,-0.4600026468703581,0.5436965576776401,0.6439660098421747,0.5382395668635229,0.7079886280657157,-0.007507928795208563,-0.706183923305276,742
,,,,,,,,,,,,,,,743
4553.302175095439,1971.065116262689,1631.0913601806992,29687.59111051662,0.0006733663479971884,0.9965753424657534,-0.4599899579171162,0.7671358679757114,-0.4471149725524316,0.5419729497903918,0.6414415388156531,0.5429715222526026,0.7033310460308939,0.007437227101475791,-0.7108235557029114,744
3628.5925514782652,1403.7586812343861,1258.0707708340592,17248.957602949118,0.0003951464794740434,0.9965753424657534,-0.4499511560528867,0.7805355100026122,-0.4339450135577467,0.5520653563734189,0.6250503629247365,0.5518477019069167,0.7019742156653339,0.008738502881920462,-0.712148747880962,745
4013.5394661931164,1423.982086780426,1359.3432570052478,17001.892513589235,0.0003939078163894881,0.9965753424657534,-0.45014558672047433,0.7754465547515536,-0.4427771352272223,0.5487869601596722,0.631402764758235,0.5478717194876583,0.7044159446767133,0.0036317185467716617,-0.7097781255474211,746
4259.257499490196,1631.957411412742,1472.8033380467148,24538.96708933945,0.0014378134633746984,0.9965753424657534,-0.4405283096144256,0.7929360272029974,-0.42093617710026326,0.551336072011156,0.6090049186506239,0.5702118420014236,0.7084937149527626,0.019117160429163588,-0.7054581419542618,747
3310.54105992828,1647.2160851488425,1239.4389028861965,15021.703077564109,0.0,1.0,-0.4432737234455987,0.7738530139349099,-0.4523935443024482,0.547512813774918,0.6333433672714565,0.5469057486308997,0.7097451125967313,-0.005262314805219909,-0.7044389137376952,748
2948.2427040960733,1243.6316299136472,1047.9682038557328,22950.133825786794,0.0003366237472074366,0.9965753424657534,-0.4282855728167223,0.7815628939681313,-0.4535756947734431,0.558573947470487,0.6235343887072373,0.546991783582468,0.7103285249265228,-0.01908687694861297,-0.7036114537186408,749
3637.558274452731,1637.3124035733358,1318.7172948546931,26303.064755120096,0.0013102670176167487,0.9931506849315068,-0.46251426846975785,0.760772216818622,-0.4553088902918155,0.5313435274370537,0.6489428247463497,0.5445615356054607,0.7097567240348158,0.0099420484362239,-0.7043767091267699,750
5584.92183429674,2071.4250372290744,1914.0863731245372,18752.406307285204,0.0003666975723368758,0.9965753424657534,-0.41112795153191434,0.7971518946023901,-0.44217944818929783,0.5645515042720435,0.6035064263159575,0.5630822252739957,0.7157202012611807,-0.01813423081252044,-0.6981516620187146,751
3521.7308686989195,1585.6934637102659,1276.8553692467538,10770.931527881155,0.00031471561715391925,0.9965753424657534,-0.44943889783528934,0.7662922662349047,-0.4591305259086728,0.5420105063201053,0.6424695840380193,0.5417171260211712,0.7100910421567248,-0.005384820757320247,-0.7040892809539058,752
3355.4168334212673,1802.444578151684,1289.4649383287879,17429.55296271524,0.00012223424167514936,0.9965753424657534,-0.43862124282608334,0.7778097485346477,-0.45013709070256597,0.5498023961263685,0.6284697280952447,0.5502209793179402,0.7108647765612008,-0.006147841276203603,-0.7033018366905044,753
3603.144835813112,1287.0402849576699,1222.545938775708,12416.174387476574,0.0003403126746504926,0.9965753424657534,-0.4256836830906812,0.7870612667448539,-0.4464616045533351,0.5537206252591623,0.6168079677171168,0.5594116553337825,0.7156723210471081,-0.00908258502114237,-0.6983771441967291,754
,,,,,,,,,,,,,,,755
5014.773678745586,1350.2410388156259,1591.237782824062,25851.31372792778,0.0005573588279563755,0.9965753424657534,-0.4358120221753696,0.7975083679284635,-0.41719094478607005,0.5614708470747065,0.6031752490796028,0.5665069344526779,0.7034332727506047,0.012649979519259197,-0.710648723917475,756
4472.868028965349,1361.6424974234812,1430.2859137743612,21233.401522386004,0.0,1.0,-0.44808835326952084,0.7789378008149214,-0.4387171413631146,0.5508648560206991,0.6270803881160001,0.550743222601587,0.7041056299061269,0.005107768779089444,-0.7100768779735022,757
4950.146079138903,1938.06301888357,1722.0518685422942,21740.979043793865,2.8304389881818754e-05,0.9965753424657534,-0.4421015933348968,0.7816432336944946,-0.439977313495093,0.5551497629999501,0.6237250050143174,0.5502507235442667,0.7045246069597888,-0.000986579699555512,-0.7096788744556595,758
4470.109384882654,1566.7427593529692,1509.2126817960936,24957.70480952512,0.00026474684601984896,0.9965753424657534,-0.4440349579951361,0.7905452025570927,-0.4217478379224048,0.5667785953379928,0.6123772760557457,0.5511407221728738,0.6939704460169392,0.0056881002549449555,-0.7199810175070869,759
5653.0257548562095,2041.6358629322904,1923.6650441878671,17103.61637026421,0.000499282583631777,0.9965753424657534,-0.4331765905924676,0.8015437191521363,-0.41217193942631175,0.5687673730339957,0.5978481449808134,0.5648727917991874,0.6991864677857357,0.010259718844190219,-0.7148657366488794,760
3598.144769982347,1515.0325695867969,1278.293961106743,22052.8985100669,0.0003716726366529342,0.9965753424657534,-0.4116690396859352,0.8018960701317849,-0.4330026494968125,0.5666557244928068,0.5973483124017318,0.5675176504482793,0.7137435755672987,-0.011733983893059768,-0.7003088047128961,761
,,,,,,,,,,,,,,,762
4839.618329263001,1478.219139594752,1579.018958205026,14154.571800475442,0.0001521539400601347,0.9965753424657534,-0.4162190151994675,0.7867569549961139,-0.45582367769964355,0.569294382253665,0.6163771166777468,0.544043340525776,0.7089891661519262,-0.03305667559314526,-0.7044441911733862,763
3527.442528407657,1791.9652355248866,1329.8515495641152,16391.111113108396,0.00011919866567363985,0.9965753424657534,-0.4609942902094452,0.7756984892247324,-0.43101753816841104,0.5483465434341764,0.6308827457585083,0.548910766343671,0.6977107801217355,0.016697751904766828,-0.7161849288998242,764
2479.939865463541,925.5476308863553,580.1326106557028,29309.488245013898,57.16706600067591,0.6575342465753424,-0.43387437581372956,0.7906104294327742,-0.4320742701022257,0.559214886846997,0.6123188782483497,0.5588777162039859,0.7064217835974107,0.0008603562094920691,-0.7077905929342704,765
2563.4674833104373,1421.3066352503872,996.1880599314142,14886.725615150895,5.48034551760153e-05,0.9965753424657534,-0.4676825630697918,0.7567795436907834,-0.45668122629646163,0.5341443814543423,0.6536346988207765,0.5361449992849239,0.7042462637183307,0.006811956300690869,-0.709923092517865,766
2875.9536911875725,1022.1591251732079,974.5278242728152,12252.594367679509,0.0004270652126144663,0.9965753424657534,-0.42627286474177667,0.7988516578598696,-0.42441427110710694,0.5618998150231818,0.6015174387917595,0.5678427323707825,0.7089146935010963,0.0035776478222095676,-0.7052851606083224,767
4240.631570512259,1950.4684917003888,1547.772910146816,29687.38423398042,0.00016415560531345466,0.9965753424657534,-0.4366485509564888,0.7910544153005582,-0.4284518117374354,0.5600106220747014,0.6117325289588437,0.5587230227734699,0.7040782244261674,0.004028032659950831,-0.7101109975502322,768
2783.601048291513,1757.8953470245672,1135.3735656295316,24904.44847601351,0.0027337640228758233,0.9897260273972602,-0.4595055969590582,0.7582213710590839,-0.4625526552000136,0.5332409288532791,0.6519963798349895,0.5390313835740553,0.7102877713708662,0.001035930186457562,-0.7039106539111744,769
4774.124875104254,1619.7546151765152,1598.4676575967842,17931.968431504316,0.0003091725455002088,0.9965753424657534,-0.41973029315743865,0.7868195502817169,-0.45248367517563276,0.5595985465585781,0.616829635806422,0.5535076034531448,0.7146159441934512,-0.0208852983075081,-0.6992051606067484,770
3533.2399333367507,1369.8407047788044,1225.7697853791617,15384.714886192118,0.0008966568036987436,0.9965753424657534,-0.4377638283217166,0.7826800205468958,-0.4424644799866148,0.559324756090809,0.6223755762382371,0.5475440250117605,0.7039308544431561,-0.007786368783529951,-0.710225826497527,771
,,,,,,,,,,,,,,,772
5315.28522131019,1901.9784878548053,1804.3154581654408,14728.13562322783,0.0007848300233246145,0.9965753424657534,-0.4270617319447721,0.776942509757844,-0.4625782243464497,0.5663215429797607,0.6286343045324828,0.5330092129803994,0.7049100560109459,-0.03434017612279,-0.7084649357861694,773
,,,,,,,,,,,,,,,774
4012.089485257479,1690.3179544457564,1425.6013893805637,19178.04678184623,0.00024758226030034393,0.9965753424657534,-0.46841306128638444,0.7823898953343033,-0.4104330099968762,0.5528756928270174,0.6219221422644122,0.5545640785718904,0.6891427082233139,0.0328466229622211,-0.7238808099836702,775
4412.960890254983,1712.9526513532383,1531.4780253570434,12896.027167068542,0.00022142026241936852,0.9965753424657534,-0.42681603088830444,0.7833504096303414,-0.4518741102439155,0.5548930264392204,0.62140746340267,0.5531243021569221,0.7140880932951317,-0.01465947336829554,-0.6999023466560801,776
4299.8572982518635,1172.9914494272032,1368.2118451818253,14405.232393319286,0.0007053850044714823,0.9931506849315068,-0.4357429446815244,0.7974519348791256,-0.41737093540136794,0.5629445240359398,0.6032783583813596,0.5649324607124653,0.7022973366162107,0.01120865140107119,-0.7117954882657982,777
,,,,,,,,,,,,,,,778
4134.407486062288,1388.7821858882062,1380.7970457142123,19657.953755165174,0.0005357503989374535,0.9965753424657534,-0.448980566973071,0.786787806335847,-0.42353441215769644,0.549527464630066,0.6168919798841794,0.5634393053132065,0.7045821570958146,0.020229507057832385,-0.7093340193071285,779
4087.422748197749,1768.1306479151872,1463.886252755573,26904.578809514784,9.241168994281145e-05,0.9965753424657534,-0.4525088198783055,0.7641728375135804,-0.4596473021119414,0.5400775300028156,0.6450014742491684,0.5406379193161144,0.7096140003680884,-0.003601752745877762,-0.704581434511836,780
5625.263715948835,1849.790792555308,1868.7632832248585,19862.960855429315,0.0002943201317436847,0.9965753424657534,-0.45310892449029505,0.7718477243005972,-0.4460307086280468,0.5448254861680153,0.6357898466807008,0.5467508211969295,0.705590172953843,0.004728778882586382,-0.708604365271091,781
3899.312490142812,1339.2758753224703,1309.6383441131063,14886.906978208064,0.0005155573540786771,0.9965753424657534,-0.43115158339743853,0.7896346981069209,-0.4365608270097922,0.5666373475027677,0.6134921496454879,0.5500449970124135,0.7021612553743688,-0.010218897638701874,-0.7119446225530048,782
,,,,,,,,,,,,,,,783
4200.133863909966,1445.4667930747075,1411.399809184781,16643.34622812196,0.0,1.0,-0.42541154264849723,0.779825504423365,-0.45923545380585573,0.5500021175128372,0.625758308420972,0.5531041585212669,0.7186951301579976,-0.017283578708358283,-0.695110486033847,784
3390.4000721958687,1550.3766184672297,1235.193780878799,30979.192960897344,7.971462211628313e-05,0.9965753424657534,-0.4550411307235552,0.7570777168855065,-0.4687972908894177,0.5350787970570411,0.6532861789743355,0.5356377967443134,0.7117782311154356,-0.007106261783903167,-0.7023683155963404,785
4022.265876160157,1565.310151860351,1396.890413637654,17431.856593259898,0.00036362566294639235,0.9965753424657534,-0.4064615673733039,0.7870922746262595,-0.46397709584859687,0.5655457243623747,0.6155807432804509,0.5488336561816562,0.7175980963630506,-0.039320474640428676,-0.6953465843521326,786
4241.665648236557,1600.6136014709125,1460.5602516496913,14393.979429019806,0.0002959626444962019,0.9965753424657534,-0.43840052320548906,0.7930375505937628,-0.42296149304800623,0.5615564824664622,0.6091202466207551,0.5600239656984016,0.7017544429877502,0.007998031314990772,-0.712374012188848,787
3934.2436745962873,1562.0277782647638,1374.0674788486901,9444.56871383937,0.00020107043441505473,0.9965753424657534,-0.44604281703892856,0.786762524945922,-0.4266738036353937,0.5539098712243968,0.6171200392354772,0.5588798723645138,0.703014693963184,0.012945521029320034,-0.7110574896287434,788
3702.4572030600184,1291.1069487863144,1248.3906243247584,10049.095547636758,0.00021236008050593363,0.9965753424657534,-0.45439054115792893,0.7741233775379163,-0.44075189444345353,0.5500716943437773,0.6330144644983695,0.5447144378641054,0.7006785048707933,0.005067946835867726,-0.71345914299762,789
3630.318906920486,1295.7836711968382,1231.525265647772,10248.358849068087,2.4186180721450844e-05,0.9965753424657534,-0.43574292845244544,0.782216444839227,-0.44527018059462237,0.5566744519336234,0.6229502501382215,0.5495876094101173,0.7072776363409827,-0.008391619379353649,-0.706886076999756,790
3550.621505385582,1099.0473602285203,1162.4118039649802,7935.724298862246,0.0003334590900134095,0.9965753424657534,-0.4175063438702419,0.8010709920543644,-0.42892157618513416,0.5645521964419014,0.5985496201566529,0.5683477541989158,0.7120177457906005,-0.004859825034187554,-0.7021446516067105,791
3041.204396733435,1527.5157563526789,1142.1796347813106,19815.783427868595,4.576581832212756e-05,0.9965753424657534,-0.46019906590198084,0.7608831600989231,-0.4574643553554974,0.5382185560966288,0.6488876171209269,0.5378342181568456,0.7060719549849039,0.0012950000007916074,-0.7081389110610952,792
,,,,,,,,,,,,,,,793
3265.1294672074696,1369.8991832282202,1158.7522253942027,17113.72168151416,0.0003830160114613532,0.9965753424657534,-0.46447467437214546,0.7615678899955798,-0.4519708240523606,0.5386879895351067,0.6480516459416666,0.5383719105998395,0.7029071964331524,0.006588863329678674,-0.7112510527813007,794
4457.61533391371,1825.0325777612666,1570.6616021934922,35508.95887661961,1.403960509181907e-05,0.9965753424657534,-0.4342103194942002,0.7892525037015881,-0.4342140990865213,0.5491317824027493,0.614020073540008,0.5669511750098971,0.7140838074063327,0.007735288662874179,-0.7000174864311447,795
4607.609358313881,2285.4457547388333,1723.2633905291711,48228.081803125846,0.0001237524945133361,0.9931506849315068,-0.42139600343688577,0.8033666857685403,-0.42074621386851685,0.5626083682717654,0.5954640561487735,0.5734931401380768,0.7112645304231062,0.0049523764115659286,-0.702906993655545,796
2531.070907357803,1125.5769649449787,914.1615750241053,13594.822850880286,0.00025199855609020245,0.9931506849315068,-0.42855240934491906,0.7980393208746694,-0.4236461669631407,0.5637480060394721,0.6025966580831533,0.5648587906313706,0.7060672900872722,0.0032419137729952086,-0.7081373255689211,797
2898.387739547077,1520.8256463986854,1104.8029026752877,23237.99114436026,0.0,1.0,-0.474924502670836,0.750264114304601,-0.4599461659255261,0.5278356844039676,0.6610549178142584,0.5332878077580427,0.7041563796719122,0.010495447599627977,-0.7099673503387527,798
4887.382503967605,1616.904945253258,1626.0715117098453,10139.740921522012,0.0009353006732338855,0.9965753424657534,-0.4468388010330377,0.7910264684068106,-0.41786626110659697,0.5672805588881618,0.6117108775678948,0.5513642804649671,0.6917570768693966,0.009323547874352578,-0.7220700922044498,799
2650.8492733923135,952.3426053426637,900.7976003175286,11507.91861238445,0.00023324005815841074,0.9965753424657534,-0.4355027070438569,0.7865986216443136,-0.4377213732327204,0.5536626093224426,0.6174638759630671,0.5587450911810594,0.7097852542816996,0.0009850420965872575,-0.7044174348327354,800
3432.6683770920768,1536.7077279580938,1242.3436530944691,11850.049210451403,0.0,1.0,-0.4220199346460887,0.7923199104079971,-0.44059997087196284,0.5623053582754385,0.6099853433651485,0.5583283665858583,0.7111342059105592,-0.012126023699685462,-0.7029517058327641,801
,,,,,,,,,,,,,,,802
3062.570092662379,974.6189175207389,1009.2968958038996,13070.564640790946,0.000652920028488508,0.9965753424657534,-0.4203886557639125,0.8013025725527927,-0.4256613270257084,0.5714860504421149,0.5982169901745007,0.5617295851356183,0.704753199535187,-0.007114765409888729,-0.7094168787518937,803
4232.09668237299,1729.3911780663964,1490.371575077304,12953.418012188342,1.2083735613545125e-05,0.9965753424657534,-0.4175326201872435,0.7733978236858994,-0.4769929951241313,0.5621765707446741,0.6322806281496709,0.5330841496165649,0.7138795517349783,-0.04557426449842225,-0.6987839237061013,804
3691.092682381172,1631.7212016156195,1330.68967283672,12330.445199348498,0.0010820434271097347,0.9965753424657534,-0.45116152004843846,0.7645781681970931,-0.46029719480348813,0.5385147985637393,0.6445240132216954,0.5427620179309299,0.7116565847060209,-0.003003514104778504,-0.7025210917457103,805
3794.787860844742,1642.3199606540231,1359.2752461367688,7752.917794865281,0.00015792239700940865,0.9965753424657534,-0.45244161295398483,0.7807186174263775,-0.4310162726295174,0.5516379349091284,0.6247625682455195,0.552600508585049,0.7007083384952608,0.012254538877835064,-0.7133425899524736,806
4850.259931784974,1800.9152346730375,1662.7934309936406,23816.421451206257,0.0011017591466390096,0.9965753424657534,-0.39845056673051676,0.798576225698153,-0.4511243261250966,0.5603399826533718,0.6013388787405798,0.5695705897911526,0.7261241283087548,-0.02583727278013126,-0.6870780054863757,807
3216.9256470987702,1443.0365316391944,1164.9820907561061,8527.193447780168,0.0008799019675459419,0.9965753424657534,-0.44784783159723046,0.7707192800781913,-0.45323736722540114,0.5422792435236192,0.63717464838386,0.5476693249583692,0.7108906679490947,-0.0005086970207027475,-0.7033023527973095,808
2728.137633224144,1022.9316743276268,937.7598511641736,12000.813027540938,0.0009580274341625406,0.9965753424657534,-0.4294089291441432,0.7936197526400635,-0.43101700638235224,0.5564977250800085,0.6084061369668976,0.5658199841661584,0.7112793076928748,0.0031081699665715945,-0.7029026146824349,809
4822.887330282671,1558.568958146183,1595.3637243027924,15453.775929820762,0.00036291189751984154,0.9965753424657534,-0.4183970939149781,0.7977530170345591,-0.43420501565016456,0.5642558753155086,0.6029168368559688,0.5640093926589544,0.7117297092123038,-0.009022840342809368,-0.7023954793253713,810
4052.793262106675,2218.7845846980695,1567.89406937983,21119.338690123026,0.0008777706833686974,0.9965753424657534,-0.4430231148574235,0.7803924879366413,-0.4412687213865102,0.5516863653408532,0.6252890389130594,0.5519563135902887,0.7066630554932279,0.0010874682716611184,-0.7075493929145396,811
4031.6024443867586,1671.7844774344694,1425.8463505806983,12586.550020740728,0.00015838963115543666,0.9965753424657534,-0.449645223844186,0.7693792127014099,-0.4537342831846306,0.5416409630982811,0.6387923155609715,0.5464150845961507,0.7102423809996685,-6.814110975553178e-05,-0.7039572114757477,812
3663.024647005513,1550.889928153968,1303.4782693803763,14477.582010124468,0.0004163582934613114,0.9965753424657534,-0.4494956713171559,0.7797859427433986,-0.4357608575433646,0.5547381457406007,0.6260292536612388,0.5480446726505354,0.700156576150949,0.004610537944903237,-0.7139744475906957,813
,,,,,,,,,,,,,,,814
3758.9323652236867,1214.049229389255,1243.2450244386903,14520.245217605194,8.07595658534561e-05,0.9965753424657534,-0.42642703167692314,0.7941336782486357,-0.4330261975059947,0.5592420132221397,0.6077406420407115,0.563825932943131,0.7109207813128384,-0.0017358235037691072,-0.7032699550061181,815
4607.9609693669745,1450.2978327138385,1514.5614287250296,22295.78163304647,8.817466813476851e-05,0.9965753424657534,-0.4345989899276641,0.7905913582438934,-0.43138036838030774,0.5524446922068483,0.6122982667624707,0.5655932235910848,0.7112865667270363,0.007492448848680944,-0.7028622078358711,816
,,,,,,,,,,,,,,,817
3334.5251573515416,1451.9157734815972,1196.609611893171,14703.829816358088,9.894825889222217e-05,0.9965753424657534,-0.4541057409973193,0.7778822984346102,-0.43438129077500987,0.5498117643608113,0.6283118157265588,0.5503919385209476,0.7010670437010482,0.011108195194671155,-0.7130088416252562,818
4642.214142467992,1725.4071859175303,1591.84417923262,17260.484203004173,9.143338109839576e-05,0.9965753424657534,-0.43780767013784494,0.7880436339162971,-0.43279518829634567,0.5563994358162052,0.6156093167297876,0.5580724298681065,0.7062181757728135,0.003521391696666515,-0.7079855139821989,819
,,,,,,,,,,,,,,,820
3328.5691288196167,1401.019097506142,1182.3961805107422,14439.664336434113,0.00033709031485827857,0.9965753424657534,-0.4314677803362274,0.7943922855046841,-0.4275236265545725,0.5603842280671063,0.6073957247522921,0.5630630075633377,0.7069689324612238,0.003366048615559808,-0.7072365928395923,821
4573.855673970764,1777.6115805835766,1587.8494614400047,27124.0542995801,0.0005813631733980817,0.9965753424657534,-0.47179745251864835,0.7779753172354497,-0.41492357075648906,0.5493878789308356,0.6274600757122671,0.5517851138541466,0.6896231741181493,0.03237683059778271,-0.7234442746747335,822
2654.935348611914,1532.4468201115812,1046.8450746852207,11843.417788495606,0.00011250850445437943,0.9965753424657534,-0.47157688054383934,0.7496557646773283,-0.46436136814187245,0.5319266528105654,0.6618246122526479,0.5282444686377515,0.7033272934888064,0.0021016904344879073,-0.7108630677781959,823
3513.083180059402,1761.8318221738746,1318.7249357855937,23530.003601990175,0.0006345873218175309,0.9965753424657534,-0.4487263323480539,0.7651439672665975,-0.46173519252163997,0.5414602193032474,0.6438167083585795,0.540667066641203,0.7109609761228411,-0.007399688767506463,-0.7031925305608707,824
5090.670689715611,1751.7971337023112,1710.6078392991308,18324.06566300837,0.0020984332199617127,0.9965753424657534,-0.41755924420960194,0.7964620036032001,-0.43737004286014175,0.5804940239237284,0.6041324348589071,0.5459401884275292,0.6990500452499405,-0.025928323660130453,-0.7146025162761684,825
3488.8969748189193,1877.0573105142278,1341.4881688734417,13981.667913583851,0.00013852387731177028,0.9965753424657534,-0.4353504216256786,0.7745250942005875,-0.45889093349500293,0.5488270718029986,0.6323915344884189,0.5466898502474044,0.7136237493571038,-0.01385011050332044,-0.7003922606600932,826
3328.0945751918957,1008.4120660694425,1084.1263137613278,11170.811491445345,0.0,1.0,-0.40565051003725344,0.7973624210483201,-0.44683423459542315,0.5623021018912587,0.6031084213894234,0.5657531071570266,0.7205997570879334,-0.02175779283656948,-0.6930098040689556,827
3288.994800388164,1571.5628828828462,1215.1390359455406,15361.58491249982,4.6860315516089365e-05,0.9965753424657534,-0.4396446031248807,0.7703807935971139,-0.46176406941191,0.5507462704906196,0.6373474465520255,0.5389496988720621,0.7095006472751378,-0.01736851261029934,-0.7044907141232357,828
,,,,,,,,,,,,,,,829
3480.107471784473,1387.7727076671645,1216.969681105932,15247.452699899948,0.00027916286498550993,0.9965753424657534,-0.4601437073581385,0.7758168584467149,-0.4317128336389572,0.5480452210839895,0.6307504659725766,0.5493635274773695,0.6985085570168119,0.01618801486432353,-0.7154185795386108,830
5847.598158305806,2002.9808331420845,1962.6364508775634,42638.08704158845,9.236369216761098e-05,0.9965753424657534,-0.4415079685977631,0.7917427943206573,-0.42215407294729995,0.5717109173329558,0.6108544195075034,0.5477257572640356,0.6915326027505768,0.00047519413777144526,-0.7223450930985443,831
4459.500084795177,1655.5593066677227,1528.7644723321305,22516.828235469384,0.0010372389353844997,0.9965753424657534,-0.4441988984590427,0.7840322711907524,-0.4335674530442105,0.5542677902194162,0.6206908732326483,0.5545539257916924,0.7038995349714747,0.006019768862932401,-0.7102740365871321,832
3466.6063046564,1353.4030585481464,1205.0019626935102,14598.805958403409,0.0009999681620920463,0.9965753424657534,-0.4233067826434039,0.7898027047998936,-0.4438727917532929,0.5511770952898583,0.6133390443710469,0.5657022417118792,0.7190376745316788,-0.005186920163563369,-0.6949517382259665,833
4081.258893972517,1680.8418827174355,1440.5194196382126,19060.50317969996,0.0010927878890757403,0.9965753424657534,-0.4270703230103072,0.7661421495955794,-0.4802469633604537,0.551359079748841,0.6416019781797201,0.5332448469271702,0.7166687549924184,-0.03705547474982676,-0.6964285946230826,834
3303.2399603599783,1381.4633575960017,1171.1754509871553,11636.17686458333,0.001154367384558796,0.9965753424657534,-0.4291895398318422,0.7900069191696438,-0.43781891983218296,0.5548158669723849,0.6130960097915257,0.5623990011845597,0.712724135030246,-0.0015331150633168533,-0.7014427680884523,835
2252.631308493836,1203.3778810887216,864.0018678278076,7838.940230038282,2.057826630759397e-05,0.9965753424657534,-0.45912148102636463,0.7693474774375462,-0.44419806913205057,0.5437461055924651,0.6387754796387879,0.5443400217375756,0.7025294572565519,0.008387226759834138,-0.7116052389591394,836
4667.792752366991,1395.5407064353035,1515.8330196256534,12273.850994157332,0.0,1.0,-0.4313644765324495,0.7986219418279797,-0.4196756871880868,0.5623380765502904,0.6017709438894359,0.5671398581938474,0.7054789692454381,0.008644369342206526,-0.7086781348617086,837
3890.097573906919,1672.9425315825297,1390.7596043220078,25124.937635341954,0.0,1.0,-0.4475424481837617,0.7634909522901907,-0.4656042556127497,0.5445942972828224,0.6456667165741884,0.5352864116296392,0.7093115031075654,-0.014002031257087516,-0.7047560816906525,838
3909.6247853503696,1449.3197019595962,1307.8361550813777,16715.685380885334,0.0022326776200400095,0.9931506849315068,-0.42859673949582344,0.7946703634945482,-0.4298881811320149,0.562390048423026,0.6070401409926094,0.561444298803024,0.7071225270971756,-0.0011316391278254623,-0.70709012937856,839
3426.7442523544314,1593.0218919979366,1254.9401864778044,19347.90520745658,0.0004775158528338786,0.9965753424657534,-0.45743534977013234,0.7728514343700104,-0.4398335607623573,0.5453677757883933,0.6344972690868632,0.5477108768802511,0.7023723299734248,0.010671265788567613,-0.7117297479901851,840
2706.7969339322644,1072.5469926431072,944.8356076287586,11307.22676949303,0.0003151660156086884,0.9965753424657534,-0.4278951130013081,0.788858977809998,-0.4411431574876379,0.5587957477164118,0.6145192335690054,0.5568782846437977,0.7103893894222058,-0.00822342400265097,-0.703760819237629,841
4376.646298177354,1995.466659438438,1593.0278623751249,20023.39543347305,0.0,1.0,-0.4124261044278671,0.793259611180906,-0.4479329164680486,0.5580187339810675,0.6086372440027373,0.5640707382402663,0.7200831902722218,-0.017317461761763575,-0.6936716115032452,842
3452.308729092188,1608.7488938231297,1135.1086748784996,16412.83180053363,0.002222173379292581,0.9931506849315068,-0.4627934751195899,0.7575108170547288,-0.4604341010739874,0.5261999584912711,0.652746836080409,0.5450093317281827,0.7133973668794399,0.00994635772999311,-0.7006891371338569,843
3257.570624902816,1501.111241555485,1186.2415626170884,11420.983911020854,5.723611323769133e-05,0.9965753424657534,-0.43802297216432257,0.7673112004819754,-0.46836886902445063,0.551941775607314,0.6407960281128829,0.5336110256490199,0.7095746276437587,-0.02477845777410853,-0.704194487222499,844
3757.993508227223,1934.9837259765923,1423.2439276069615,43136.30872338671,0.0,1.0,-0.42276334913843894,0.7634608175040543,-0.4882609248765373,0.5566544052679703,0.6439241070580607,0.5248786692610413,0.7151272779869419,-0.04989313064461315,-0.6972113394039622,845
3013.4109280123703,1564.5375583985897,1144.4864499144035,13318.418143466697,0.0006266142175157889,0.9965753424657534,-0.43468805769740493,0.7893300488083281,-0.4335947030851506,0.5581554027053884,0.6139688241051109,0.5581261770046025,0.7067593925276431,0.0005975577207931737,-0.7074537468970865,846
3384.440630984485,1580.8766704777602,1241.3289295119323,11262.764503998753,9.76959980092135e-05,0.9965753424657534,-0.4604827054830532,0.7831991126784862,-0.41779759196366806,0.5542511053252468,0.6213276005502845,0.5538571341421615,0.693369591341263,0.023476854432783384,-0.7201995883844923,847
3211.475796832013,1666.3389937487475,1219.453277006272,16120.243350964594,0.00021115031611343522,0.9965753424657534,-0.4585261752402408,0.7624149735747897,-0.45659298580739144,0.5455821520022763,0.6470697995513783,0.5325793742956105,0.7014940213830201,-0.0049074002783345005,-0.7126584423034552,848
2918.6326110194223,1472.60184474392,1097.7918997452834,15854.11048356047,0.00042459320544321026,0.9965753424657534,-0.45687550937852034,0.7549857469253602,-0.4703841949616009,0.5341832015166106,0.6556984049346266,0.5335802741702984,0.7112756681818814,-0.007491575651515842,-0.7028732461451893,849
4944.474723251422,1808.2386767709554,1688.1768644873641,19257.40057327817,0.0007187376264768228,0.9965753424657534,-0.4276870005209731,0.7950555622028646,-0.4300819486977572,0.5594672776680812,0.6065358081050366,0.5648988216530781,0.7099860525419068,0.0009831056185195253,-0.7042150514575101,850
3156.8936818769753,1008.8399815603498,1041.4330678267565,11410.241405542563,9.421674176662197e-05,0.9965753424657534,-0.4272524790419673,0.7928438199133865,-0.434573349824449,0.5599737054304522,0.6094146023604469,0.56128717396387,0.7098484122536182,-0.003538312451997483,-0.7043455912874088,851
3727.9687548815123,1815.3588832424755,1385.831525342019,25888.052579337123,0.00014200498666764986,0.9965753424657534,-0.44848898034592743,0.7714804814258673,-0.45130422254526087,0.5486056822722821,0.6362383693106096,0.5424320628387855,0.7056128115948819,-0.004313258152299715,-0.7085844733814575,852
,,,,,,,,,,,,,,,853
3435.6155279591844,1894.399551304804,1332.5033671669914,20343.712852725264,5.5886034527978756e-05,0.9965753424657534,-0.44740165802527676,0.7719813151977187,-0.45152697082437265,0.5459633515298365,0.6356409496219829,0.5457880558879719,0.7083472137183442,-0.0023306971627181927,-0.7058603209333942,854
4023.6213469018044,1371.4841666020236,1348.775980134706,21740.68449105241,2.9897289477796394e-05,0.9965753424657534,-0.4488326014453498,0.8001026127850711,-0.39797626172210615,0.5670023393869119,0.5992079380597969,0.5652063287825922,0.6906935956048592,0.028029555483974483,-0.7226041108447985,855
4285.171272194067,1515.670763840938,1450.208481574382,12383.593753925574,0.00022799534594616526,0.9965753424657534,-0.4374758323581597,0.7978030069075124,-0.41487981183936534,0.5553450101103371,0.6025751611989876,0.5731449161002511,0.7072530069558455,0.020335615932297824,-0.7066679891409892,856
2833.9748627058243,1213.76291672419,1011.9340668648524,6771.638885513162,0.00044562375738752674,0.9965753424657534,-0.4363093541549986,0.7986978068124699,-0.41438624599496354,0.5691630235671666,0.601670113248049,0.5603985433849387,0.6969129070986769,0.00865379783854342,-0.7171035571674713,857
3451.339554997639,1183.731996148308,1158.7674790863778,17023.149873392635,0.00038887312314043305,0.9965753424657534,-0.4345831118242232,0.7822819209594064,-0.44628748028287313,0.554680809776935,0.6228757816871614,0.5516837498538556,0.709553886736151,-0.007794660202267073,-0.704608064877172,858
3700.525041997388,1638.7459158834931,1334.8164112578797,12838.107570441542,0.0006726919260410469,0.9965753424657534,-0.4475186273122003,0.7610457952331906,-0.4696130063855605,0.537447985482865,0.6486014125265267,0.5389488570996365,0.7147564208239154,-0.011202911517762815,-0.6992837433149086,859
3307.1922117230497,1613.875552345905,1230.2576072107854,9006.88490042615,0.0006527156611404923,0.9965753424657534,-0.4438622878756625,0.7696866054053153,-0.4588777602602083,0.5448898886186124,0.6383623703320654,0.5436805067548617,0.711393898401567,-0.008718578076130745,-0.7027394308798617,860
3055.6047391122106,1456.013372650702,1127.9041322433209,19937.483844170452,0.0005840354387391907,0.9965753424657534,-0.4493751351914296,0.7783388999117149,-0.43846384657792026,0.5517571568348503,0.6278261747368319,0.5489975721229006,0.7025852458977536,0.004780292829789784,-0.7115835306183348,861
,,,,,,,,,,,,,,,862
2641.2778402128547,1166.0418809582281,951.8202232044276,17916.563008622048,9.448577132877756e-05,0.9965753424657534,-0.4428692789569649,0.7906379058495557,-0.4227984195689089,0.5561764976319681,0.6121286910194907,0.562108680872838,0.7032314734409826,0.013790121993437349,-0.7108272133911522,863
4496.293603906033,2282.962554563357,1694.813649223683,25566.75499295014,0.0,1.0,-0.4548464965434222,0.7894176848432725,-0.4122309831136695,0.5557029324468127,0.613295802499063,0.5613042931485945,0.6959230671936287,0.026229325071721543,-0.7176371695042657,864
3020.0395565869894,1429.4327888295413,1097.4239993481765,15928.850391079455,0.0002015930912017573,0.9965753424657534,-0.44510306842287295,0.7804960300275302,-0.43898656652773327,0.5538796757509467,0.6251586430987363,0.5499036058701318,0.7036338275485123,0.001618045182195521,-0.7105609183308768,865
4321.8135974234365,2265.6698689904674,1646.8704835670248,16474.82765055412,0.0016530726108666344,0.9965753424657534,-0.4422325182773201,0.7912772012303568,-0.4222686237351209,0.5610778930954623,0.6113781282777118,0.5580397675284432,0.6997299462347291,0.009857741967371547,-0.7143394342087297,866
2621.4902456428317,1272.3446443261578,973.4583235850474,11356.847887662307,9.838375349940771e-05,0.9965753424657534,-0.45409065022153694,0.7721527168938329,-0.44450181459118265,0.5433150338088464,0.635390811682477,0.5487142156594589,0.7061235411871452,0.007661476551902385,-0.7080472063064516,867
4163.293201443902,1355.6807377383045,1379.7423438598423,14122.27036579091,0.002760681524518338,0.9965753424657534,-0.4631735971354342,0.7852622643456275,-0.4108934108882745,0.5402430635258151,0.617688044511426,0.5714883305719312,0.7025721679862253,0.04271599071107257,-0.7103292848452096,868
3670.837336419951,1285.4603554084608,1239.0740583012982,25582.930480476432,0.00036598551526292785,0.9965753424657534,-0.41245400686280526,0.8011915435505359,-0.4335594570135989,0.5641363762269775,0.598326047193433,0.5689956856316012,0.7152844477830558,-0.009902110532184705,-0.6987632696176134,869
3390.388350390344,2122.2086657663685,1378.1487794495356,33231.44064822269,0.00019345129164926705,0.9965753424657534,-0.4295073304328798,0.784353441896866,-0.4475635500004002,0.5514102475326876,0.6202725548016288,0.55786082195813,0.7151714423971087,-0.0071858155000006085,-0.6989121347030961,870
4027.974266776139,1705.1148419237852,1433.2718782514642,17976.890805280582,0.00012745011705010518,0.9965753424657534,-0.45228023077294094,0.7835430870982019,-0.4260314818327339,0.5534254404162408,0.6211518926114559,0.5548789131020356,0.6994017977901297,0.015184102404362854,-0.7145673993977816,871
,,,,,,,,,,,,,,,872
3884.182969145684,1459.6303574398935,1335.9394417196788,19872.76181060885,0.00039393794916843083,0.9965753424657534,-0.43846581296454507,0.7940700201022308,-0.42095193791712554,0.5614868581727687,0.6077460445737345,0.5615845914946861,0.7017693630820698,0.009876663395254281,-0.712335744266398,873
3489.380492728285,1963.8851635706997,1363.3159938666297,26993.37481927961,0.0013118704888041368,0.9931506849315068,-0.45732487336184513,0.7668071891364913,-0.4504005937975279,0.5479506636985711,0.6418758025033632,0.5364191684801717,0.7004313173729939,-0.0014794760075251545,-0.7137182783100595,874
3244.5399533212544,1227.7919018560865,1118.075465271793,11255.019251674552,0.0006818694751097855,0.9965753424657534,-0.42987171857999534,0.7937823861180286,-0.4302555392483055,0.5631977853803773,0.60819903683701,0.559376604921203,0.7057043007575621,-0.001858784361365079,-0.7085040471394487,875
3630.666268196559,1675.813316363234,1326.6195089567166,13846.792475954411,0.0004909672247935313,0.9931506849315068,-0.4244776114539412,0.7858648591566395,-0.449705659867732,0.5540718265953474,0.6182709904133155,0.5574454174057162,0.7161167281579535,-0.012546137096856591,-0.6978677712119213,876
4347.63086427313,1546.2404751400093,1473.467468964486,15562.163299485866,0.0006721252050962357,0.9965753424657534,-0.45147021100335194,0.7962892715632232,-0.40261401437344463,0.5615394597467577,0.6042134313039486,0.5653313759019821,0.6934321046244603,0.029146619447545735,-0.7199322126776044,877
,,,,,,,,,,,,,,,878
2994.7413823677803,1216.4283614373342,1052.7920623196542,14094.909500264363,3.5799790079508016e-05,0.9965753424657534,-0.4148934885465948,0.7922307898853513,-0.4474748805455664,0.5602718517633383,0.6099501606046923,0.5604072213132073,0.7169092308537508,-0.018198272883502897,-0.6969289616458345,879
4313.660802286074,1916.7303164642929,1557.5965249973024,18287.563979970197,0.0,1.0,-0.4456660373259638,0.7871512942087798,-0.4263503526439443,0.5592401613624013,0.6167017618816885,0.5540120746079247,0.6990223351893186,0.008472125911733908,-0.7150496472196932,880
2404.236136101798,1050.171548130253,863.6014060405843,16251.08017682019,2.4088351596453504e-05,0.9965753424657534,-0.45072451793795915,0.7753434479055733,-0.44236856434368393,0.542905592842872,0.6314703422191842,0.553623269161906,0.7085908030658628,0.009367213432179167,-0.7055574598308716,881
3061.6612528685037,1396.9080662353463,1114.6419287710523,16879.57618769143,4.90624279376417e-05,0.9965753424657534,-0.4410636747911392,0.7815715956762728,-0.44114473317923786,0.5528223946916644,0.6238155205173802,0.5524867385639258,0.7070008732010944,-0.00019285661738507875,-0.7072126470158855,882
3939.286710781157,1933.9669290751176,1468.3130188997432,12360.91937582674,0.0,1.0,-0.45409155127584233,0.7722679449003002,-0.4443006688486594,0.5464745657571123,0.635277289507246,0.5456998391211989,0.7036806179229855,0.004998671402857147,-0.7104988397201868,883
4101.713265422292,1911.3113966014332,1503.2510201944945,11912.259775608229,0.0012170144808418145,0.9965753424657534,-0.4676774269357884,0.7601462125234012,-0.45106048366161344,0.535106301754127,0.6496557924569147,0.5400079602655866,0.7035190616875577,0.011184226102259193,-0.7105883779859843,884
4434.580816785851,1363.604818014096,1449.546063015154,21830.306584475653,0.0002800679167196851,0.9965753424657534,-0.45188913365807926,0.7939529789892237,-0.4067368658431247,0.561459565235921,0.6074412691931311,0.5619415103781963,0.6932238941978567,0.025568958429613764,-0.7202686032849019,885
5510.576639311837,2204.381856448169,1928.739268499387,18963.251227750072,0.0005576862123835586,0.9965753424657534,-0.4239706873044802,0.78229207453365,-0.4563638531132862,0.5669620138434875,0.6221954720513873,0.539839670103345,0.7062598184557181,-0.029864773238543252,-0.70732253191476,886
3641.941721143398,1390.4823302763978,1258.1055511055606,18758.688396167647,0.00021722481172415072,0.9965753424657534,-0.4185391141776874,0.7986628569585698,-0.43239177931377476,0.5681936784027065,0.6016830975730342,0.5613674321851245,0.7085061423350956,-0.010728047804419966,-0.7056230971728092,887
4163.2724642336025,1731.3206177167135,1408.4000337412792,33690.53152131517,0.025681659570986025,0.9965753424657534,-0.4511350690414401,0.7732203702084929,-0.44565391120870507,0.5472255665168815,0.6341321962293154,0.546278808902252,0.7049973963294143,0.002572314138345466,-0.7092052272570475,888
3077.2142154622697,1614.8720821400702,1173.0211719275628,10931.349991228735,0.0016193334311826533,0.9965753424657534,-0.4301132986427756,0.7826710666301986,-0.44992060609687323,0.5523543589780646,0.6223555915366865,0.5545973131930522,0.7140778756190125,-0.009975928175776527,-0.6999951917038216,889
3351.546632096759,1773.9695453419247,1281.3746083744356,25182.805567730076,5.126028168048187e-05,0.9965753424657534,-0.4617003829744633,0.7545360129236799,-0.46637770268578493,0.5338288523534944,0.6562528269586257,0.5332532076825823,0.7084204350215946,-0.0027626635786025255,-0.7057852753733012,890
4945.06006522292,2243.215299641449,1797.0684549635064,18766.606410220964,0.00028655292404708264,0.9965753424657534,-0.4100741426525601,0.7891086805163153,-0.457325581901524,0.5804124433946941,0.6125723614864453,0.5365412355965948,0.7035343581378017,-0.045415771233344976,-0.7092085833116458,891
3680.325690886232,1557.0929429531632,1309.348381684202,15559.170089067751,0.0,1.0,-0.4367562193202148,0.7863302749611105,-0.4369538918063286,0.5540012001848444,0.6178041532047406,0.5580328829708205,0.7087500794207112,0.0016513517365507602,-0.7054577223041631,892
3050.2826948304064,1075.9581124141328,1031.5598327548837,8604.681767939883,0.0003148915965997175,0.9965753424657534,-0.42913415823831247,0.7954542573754962,-0.4278976497438293,0.5625992921510878,0.6060133507737557,0.5623431827230234,0.7066299673125884,0.0005857534999057223,-0.7075830313034983,893
4135.004156566788,1915.757059249079,1512.6874020894525,20591.682329051815,0.000441290781471088,0.9965753424657534,-0.4389565775917861,0.782126448171912,-0.44226162173412215,0.5523368033263099,0.623118587820119,0.5537574209022702,0.708689761941133,-0.001201908087219955,-0.7055192249235809,894
4732.311683120665,2003.029425936858,1683.8316660190615,18995.459038323766,0.0015902500522945826,0.9965753424657534,-0.48224582500959173,0.7799922254570425,-0.3988121017313649,0.5404721538579665,0.6231829901404974,0.5652723341042611,0.6894409439284477,0.05705338750783373,-0.7220914732974848,895
3803.206522398125,1929.082056455986,1433.0716426982149,14597.611171116594,0.000542008789786509,0.9965753424657534,-0.43547825114198385,0.7896207862838631,-0.43227040917783516,0.5599233794797916,0.6135950105261733,0.5567647368227576,0.704871975534741,0.00042062553313557127,-0.7093344212569361,896
3268.5976189465073,1387.398074627071,1162.1263779062836,12552.503684103762,0.0,1.0,-0.43303271458561154,0.7970099621597406,-0.42101993814633676,0.5584670018331687,0.6038631017474003,0.5687389227154059,0.707528993018723,0.011156817025377769,-0.7065962421862817,897
3973.185608583673,1671.6762714136853,1411.2148538694328,19857.57204773969,0.00016720228720909895,0.9965753424657534,-0.42990290561062683,0.7885131394091728,-0.4398073677493715,0.5510039126257352,0.6150178913432948,0.5640458151593525,0.7152469363923705,0.0001493544029908811,-0.6988718034622592,898
3165.862379769352,1181.2883557487776,1012.89478235002,11979.211280207854,0.0026854251929766043,0.9931506849315068,-0.4084287401809279,0.8009613362105017,-0.4377749445663923,0.569645308119656,0.5984059029392109,0.5633955965968936,0.7132252008527757,-0.01926948944303633,-0.7006700362118552,899
2734.742979985206,1335.8621606746967,1017.647022743781,15847.924441005795,0.0,1.0,-0.47276939681557784,0.7572234692922611,-0.45066807629077404,0.5364332471497685,0.65306381172709,0.5345531116407793,0.6990911734437723,0.010967012604901988,-0.7149484288027591,900
7323.898181955731,3004.9957788896245,2582.2187039284554,28831.086460711784,0.001695881621505077,0.9965753424657534,-0.4460289028681661,0.8048510174972864,-0.3915010312116724,0.5615547949949117,0.5922670977434458,0.5778199521899346,0.6969321559696057,0.03787511800824553,-0.7161361919435567,901
3857.8194131961804,1501.0754669188752,1339.7233279461987,21212.39333899724,0.00018441047464347953,0.9965753424657534,-0.43118052561780096,0.7861355273327558,-0.4428027630821728,0.5557959401079792,0.6180213245621765,0.5560040605480328,0.7107560954979173,-0.00636985491693462,-0.7034096940339198,902
4345.203102395474,1981.1167815591734,1581.5631718372795,18666.284360574056,0.00023665379496066156,0.9965753424657534,-0.456583656162607,0.7820413309149317,-0.42419656017698776,0.5545813760068703,0.6230049937085274,0.551637811612442,0.6956801436806377,0.016617296863213143,-0.7181594552280484,903
4762.127852642485,1676.0626368204576,1609.5472743026507,27771.660600418327,0.0,1.0,-0.43805263297080854,0.8000524260224279,-0.4099097539251413,0.5618265425799989,0.5996177284356886,0.5699206223661587,0.7017555320764826,0.01935704939427746,-0.7121548131121496,904
4391.943431727225,1683.0553079606407,1518.7486202423765,16325.170460632778,0.0007292461492854959,0.9965753424657534,-0.40784252509957625,0.792645258007853,-0.45318646237290183,0.5648430664640304,0.6089989315947977,0.5568416395923584,0.717367956482524,-0.02887553071476015,-0.6960958401958947,905
4408.2990874218,1650.1359008527677,1514.608382842063,17326.065268548864,0.001237928365100466,0.9965753424657534,-0.4123202945104523,0.8020777382859875,-0.4320454564983284,0.5680171810043032,0.59710177296438,0.5664150022789992,0.7122839720355489,-0.011864841711082319,-0.7017911147289003,906
5007.199599809726,1884.529731467288,1722.9319764349343,16106.65126349788,0.0006700324553460299,0.9931506849315068,-0.4381206470699128,0.7873924252813825,-0.4336628497122429,0.5691251347694646,0.6163950773467385,0.544200045568123,0.6958066395089082,-0.008383151687208212,-0.7181802302925844,907
3067.0898816789927,1458.4013402692467,1131.3724171078231,17586.114028144588,0.00017247370790627025,0.9965753424657534,-0.4508651649769357,0.7714331420416104,-0.4490117040458179,0.5413719888088045,0.6362929687995457,0.5495885984893247,0.7096738495559213,0.004707994909617486,-0.704514628691563,908
4705.0786460902955,1332.2633747769303,1509.3351494282033,19233.115577512614,0.000157594424052978,0.9965753424657534,-0.43655795655319385,0.8011129127744216,-0.40943284132587815,0.5647157760768722,0.5982729030146321,0.5684765833069474,0.7003665060666421,0.016959790816120257,-0.7135818962638261,909
3301.610797094732,1575.6991065680577,1219.324876310997,11396.601182513205,0.00015189931767114432,0.9965753424657534,-0.4632703018137722,0.7673065568373645,-0.4434199761983721,0.5434723710231686,0.6412026284566655,0.5417536074588879,0.7000131494420887,0.009991851412612635,-0.7140600489549296,910
4478.838907417748,1213.5888571922264,1423.0582686479124,17689.9929822213,0.0004745993101191432,0.9965753424657534,-0.4101125486173473,0.8047148620475337,-0.42923383867817644,0.5711624698401089,0.5935272554558745,0.5670086684321182,0.7110422846165554,-0.012624889339553691,-0.7030359035329798,911
,,,,,,,,,,,,,,,912
4254.956662468734,1645.2440359760185,1475.049799080777,16530.011917255066,0.0008502040323050931,0.9965753424657534,-0.43757118457039507,0.7938938700638715,-0.422213194380126,0.5541026347872551,0.6078734489747945,0.5687355625888977,0.7081678674971656,0.014912850381362724,-0.7058865902806344,913
4287.209332708986,1566.7243583011286,1463.4829021746325,17800.311540262042,0.0002173177790112272,0.9965753424657534,-0.4125895151611401,0.792236843915974,-0.44958945174587006,0.5602038049690058,0.609866647906034,0.5605661144504775,0.7182907411886523,-0.020578020165078897,-0.6954386789708653,914
3669.6152394792653,1559.8031893741822,1307.3542490494417,13308.774525560288,2.5739710039672785e-05,0.9965753424657534,-0.415341326695468,0.7966547988884924,-0.4391272181803177,0.5613515427490747,0.6043218885199911,0.5654020697776629,0.7158044619811212,-0.011669895610812775,-0.6982032553235129,915
4134.422712359447,2165.0380685624395,1574.8648076314157,24151.783099998393,0.0,1.0,-0.4473974113064645,0.7744160021321013,-0.44734261142664217,0.5472938805150643,0.632676667902598,0.5478956490449876,0.7073223909272468,0.00029922132137305546,-0.7068910423534621,916
2478.2950383218476,1204.779263307447,920.7670657653877,10084.95571481114,0.0002518473304224994,0.9965753424657534,-0.4116519907066476,0.8039513702088372,-0.42919090494392736,0.5654918282225458,0.5946484411841809,0.5714999769122887,0.7146758921082877,-0.007444846308483577,-0.6994161447254891,917
3352.2505308778964,1620.126255103194,1243.0938121130434,11923.348897225886,1.646204366466024e-06,0.9965753424657534,-0.4463123211100813,0.7855721914039671,-0.4285809656507165,0.5538356142183645,0.6186660860034497,0.5572417666081204,0.7029021442908668,0.011340463920888083,-0.7111961539753715,918
5356.983967374785,1892.8295512734837,1812.4212803958387,19780.114437989254,0.0004999270553206927,0.9965753424657534,-0.43994475296912694,0.7910864826684914,-0.42500681320906936,0.5750497178938815,0.6116806426538084,0.5432905423001501,0.6897582448112536,-0.0053822246161503995,-0.7240197479165055,919
3638.8127719810373,1136.0653495786444,1193.717090708654,8104.70635935345,0.0,1.0,-0.44145912942867926,0.7876824744196497,-0.4297326570511143,0.5624314695925666,0.6160789211641612,0.5514685892316527,0.6991313746757606,0.0017556734722906642,-0.7149910758566433,920
3751.7334418936844,1414.4764011293453,1291.5519633131007,13346.14889199933,0.00023635765881370975,0.9965753424657534,-0.41967849768314397,0.7960782153139531,-0.4360383396961451,0.5668973890681882,0.6050631567363358,0.5590401833749802,0.7088704457445596,-0.012571852004051365,-0.7052266583780691,921
2770.013379769861,1266.581742578882,1009.1304633047928,10517.893058552347,0.0,1.0,-0.45653768866965483,0.7733985662308993,-0.43980449813088385,0.5400506777741227,0.6337347640463562,0.5538280547921169,0.707049223364173,0.015326662751512288,-0.7069982242898645,922
3394.49425226507,1389.1982988516584,1195.9225118754973,17793.01051362217,0.004001925196851145,0.9965753424657534,-0.4231397855902192,0.7794742185775048,-0.4619227905436705,0.5618209242479798,0.6256901180456886,0.5411738401448448,0.7108515815047536,-0.030525706428525756,-0.7026793083044571,923
,,,,,,,,,,,,,,,924
2890.4962740231645,1716.1223789793319,1151.6542122839453,18259.01662829249,0.0002766339404942347,0.9965753424657534,-0.4452608062947342,0.7657605675620629,-0.4640620298460009,0.5428956429072492,0.6430243569964825,0.5401703409310666,0.7120443351997738,-0.011420572502619575,-0.702041619303033,925
3510.965545443737,1418.9099671956435,1232.4427600169931,12143.021510312636,0.00042021472923901767,0.9965753424657534,-0.4596587257307587,0.7703399034336555,-0.44191660869150573,0.5402150486015439,0.6374845068147718,0.5493461612094498,0.704898260122698,0.013781754204508445,-0.7091745244487,926
3669.7740099702146,1455.308555707636,1281.2582714348391,11387.12796562988,0.00028720428016554256,0.9965753424657534,-0.44036669457051186,0.7809012581485844,-0.443024152089928,0.563408445190315,0.6245498032322937,0.5408405191650631,0.6990336888886497,-0.011435396996225533,-0.7149972961447235,927
3865.302113466521,1568.2255749517562,1358.38150844657,24728.673833240482,6.352259879680379e-05,0.9965753424657534,-0.4509159100324552,0.7842145734657803,-0.4262421199781728,0.5550085095215473,0.6203465528576523,0.5541982575904569,0.6990281800029761,0.013328807955411665,-0.7149698919816235,928
4584.47339102777,1386.1949966283528,1492.6667633330756,14615.458048028282,0.0007216139167272428,0.9965753424657534,-0.39610248916538277,0.8058320779819681,-0.4401561997430585,0.5749881895467881,0.5914259968514687,0.5653351856464917,0.7158850466092266,-0.02915394216070652,-0.6976092371075626,929
4145.642905379163,1352.6414610513177,1374.5697731279324,12541.969301577377,0.0007298068983169424,0.9965753424657534,-0.43796224953028734,0.7907586610934944,-0.42765617953210333,0.5620372297569224,0.6121193518938631,0.5562589787178283,0.701643228680741,0.003261739208027886,-0.7125209756237385,930
3300.199371415788,1794.3468046744676,1273.6361351236192,22816.399036316674,0.000510436421386176,0.9965753424657534,-0.4594169338341395,0.766273428253206,-0.44917826534630634,0.5449572450453046,0.6425089120442234,0.5387057629322152,0.7013969503633942,0.002707599827747209,-0.7127657307447539,931
4453.939179961854,1647.1803046432935,1525.279503138535,18273.173971298973,0.0011695702743063088,0.9965753424657534,-0.42016023272645936,0.7859890279038261,-0.4535268755543005,0.5577380340391496,0.6179134096929327,0.5541762386712357,0.7158167811817434,-0.020106370543993307,-0.6979986172208048,932
4342.54826636843,1451.0672628928228,1448.4016244603276,15419.504817848068,0.0010944305746344281,0.9965753424657534,-0.4199576728924052,0.795282251970618,-0.4372204165856601,0.5628051173736817,0.6061558579185511,0.561983519125803,0.7119592353757286,-0.010060596978705677,-0.7021487246671037,933
,,,,,,,,,,,,,,,934
3328.640073552555,1306.3061484946727,1158.7361625585402,16363.34483378221,0.0010482467163713562,0.9965753424657534,-0.43600997016960324,0.7941272983623124,-0.4233876945643043,0.5555664117384358,0.607628076977678,0.5675685704974227,0.7079839461885986,0.012245573248486269,-0.7061223533319388,935
,,,,,,,,,,,,,,,936
3451.0720945594917,1601.5874707318576,1263.164498620052,19581.00018984207,0.00024404115453026398,0.9965753424657534,-0.46046294254332676,0.756990188285913,-0.463615933055799,0.5337771916657393,0.6534261705189702,0.5367645194481006,0.7092642583704453,-0.000307440680088672,-0.7049426340337566,937
5129.977198833431,1967.311346512141,1774.3217403072415,33646.02187364469,0.0015328051469805728,0.9931506849315068,-0.4179861182372209,0.7933463371000701,-0.44259371252976704,0.5623928234786835,0.6085872563570148,0.5597641141583796,0.7134437027969722,-0.014937898437970776,-0.7005533114114889,938
,,,,,,,,,,,,,,,939
4513.482432092289,1816.9935087601395,1582.6186045154004,30068.30864799528,0.00022677618517381648,0.9965753424657534,-0.4504138332310371,0.7773658161686345,-0.43912386257933683,0.5523816446970083,0.6290372991078751,0.5469795196649484,0.701428469222594,0.0038031807138836915,-0.712729709202939,940
2870.2839475552014,1386.5371478009577,1064.204886552723,18271.94708190134,0.00023431097188312747,0.9965753424657534,-0.437577220959541,0.7795682648642855,-0.4481065678092794,0.5567401997075718,0.6262266101813163,0.5457843738422627,0.7060924342654424,-0.010656130503372246,-0.7080394912402818,941
3747.7620222693904,1468.8124199622794,1304.1410502146423,9319.77279467214,0.0012579781253599838,0.9965753424657534,-0.4115048884571797,0.7932740947972459,-0.44875376020647945,0.5695527970781099,0.6082171085332846,0.5528847621592695,0.7115288737053089,-0.02807417694289524,-0.7020957929461147,942
,,,,,,,,,,,,,,,943
3171.089251997831,1506.2611897035738,1169.3372053103376,14282.434844884472,4.1209201657547036e-05,0.9965753424657534,-0.4452438751214105,0.7714923645964568,-0.4544858887096911,0.5500524495441862,0.636173559107787,0.541041131008144,0.7065410068901241,-0.009095826597895207,-0.7076136456578481,944
2481.6048780026786,1419.0465981586342,975.1620535309181,20400.337203461502,0.000793106754433135,0.9965753424657534,-0.44847595096969994,0.7848507292590708,-0.42764313882409943,0.5572055120280013,0.6196098860793352,0.5528160692656882,0.698850011638718,0.009639598241517056,-0.7152032853520081,945
2981.1739851124134,1556.3733944900328,1134.3864424134674,15226.03661258685,0.0,1.0,-0.4561389870286614,0.7770708133877907,-0.43370286544281,0.5548790402505599,0.6293683051178004,0.544063219859388,0.6957344861389898,0.007515816255388996,-0.7182597283037182,946
3079.570727431951,1290.803531275589,1092.5182587301997,13982.81337555471,0.00023081855395785914,0.9965753424657534,-0.44661244094343605,0.7885798952936371,-0.42270447872387423,0.5575979222022222,0.6147859890801312,0.5577837796014952,0.6997298655554944,0.013414036284473602,-0.7142815823470801,947
4306.644608327688,2107.0340052265756,1603.4192313072258,22623.06657707533,0.0002969212360818843,0.9965753424657534,-0.4480649042570766,0.7719437965031097,-0.45093305114336246,0.5486687512749354,0.6356775494059764,0.5430254640029465,0.7058331551772697,-0.004102221541790463,-0.708366239194756,948
4385.751047626642,1695.1239327275507,1520.2112641687888,16347.602961491968,0.00046212276372437555,0.9965753424657534,-0.46782990419402665,0.7678745177643288,-0.4376115922939057,0.5475671371877447,0.640482346960355,0.5384724630881073,0.6937617826126095,0.012291794025086233,-0.7200996464280618,949
4592.441510697695,1982.3793492562024,1643.7032908811555,17908.988750648194,5.0757712195177685e-05,0.9965753424657534,-0.44431431584887027,0.7793220248996582,-0.4418619357197982,0.5538212243931894,0.6266226747196428,0.5482937852454917,0.7041781309749537,-0.0010977401775453532,-0.7100225030399556,950
4622.658031835944,1734.0524894667979,1589.1772736277471,20202.14957004403,0.0,1.0,-0.4346979366734576,0.792684380446144,-0.4274215446705415,0.563824846292159,0.6096310335324707,0.5571817886989443,0.7022387390022442,0.001214887173632273,-0.7119405013719149,951
3809.762815309155,1874.8830861936692,1421.16107218006,20124.67387931882,0.0004547256083933092,0.9965753424657534,-0.4434472493826615,0.7814633774234393,-0.43894137052789056,0.5526904414440109,0.6239465229093986,0.5524708250086116,0.7056116587411068,0.002392967869139506,-0.7085947083865369,952
4330.78044168673,1613.8384500354719,1486.1543289457838,15564.960545753971,0.0004070898775053747,0.9965753424657534,-0.4168780300361792,0.8079421629957348,-0.4164638871822237,0.5718088569530811,0.5892617639732545,0.5707934868489122,0.7065743691807432,-0.00018647493684803562,-0.7076387680476054,953
,,,,,,,,,,,,,,,954
3395.6342045604842,2003.2969261352346,1349.7323565267109,10920.387188526716,1.7627045672789744e-05,0.9965753424657534,-0.46323408054320664,0.7560975416433438,-0.46231017092876286,0.5372580330291724,0.6544560911578282,0.5320160060487289,0.7048177016568998,-0.001931907686315626,-0.7093858436448932,955
3766.4660884586824,1807.6842749060363,1393.5371997604266,17156.95432259633,0.0007605764512766974,0.9965753424657534,-0.44868479579467524,0.7806457491072559,-0.4350565117584862,0.5462222375045561,0.6248454012877419,0.5578615345630822,0.7073352962196972,0.012666447423493155,-0.7067646990558181,956
4388.598108949386,1704.6068543131894,1523.2503705194424,14772.515821778778,7.350573162979857e-05,0.9965753424657534,-0.44271567134361955,0.785916931414803,-0.4316681726306771,0.5533558033871179,0.6182772486057397,0.5581492620386717,0.7055495653776321,0.008235336790698933,-0.7086127221715528,957
,,,,,,,,,,,,,,,958
3368.918681638754,1954.279817178557,1330.7978799998332,29630.697154905632,0.000565982151900344,0.9965753424657534,-0.4480188833470202,0.7911577232286225,-0.4163514586742688,0.5546779430956504,0.6112163719689411,0.5645767672162072,0.7011500977734136,0.02200008210955859,-0.7126742150376322,959
4488.978700959598,1705.3364537318985,1548.5783807033017,26478.206861034152,0.0,1.0,-0.4437997509727627,0.7852882654981997,-0.43169910945859363,0.5518866815137753,0.6190539926000819,0.5587425570095862,0.706019030766329,0.00972081872718375,-0.7081261426321208,960
3620.6088406948456,1509.8732342925096,1052.6147471622642,15509.828952328002,0.0007445935317096771,0.9931506849315068,-0.4465225826173311,0.7747585228387041,-0.4476235187091247,0.5461318235734305,0.6322565822158246,0.5495376652469999,0.7087719058294483,0.0009195289846188615,-0.7054371268747757,961
3183.3886423053823,1627.3474326274359,1202.6817742356009,12032.109154891006,0.00030250719642390306,0.9965753424657534,-0.44553106730963776,0.7770940359415386,-0.44455250237292093,0.5509964093290668,0.629383992130395,0.5479769587824678,0.7056238551582639,-0.000806073258288631,-0.7085861452762761,962
,,,,,,,,,,,,,,,963
5582.934747511364,1681.8668709869921,1816.2000425514282,16740.511588994606,0.0002181321666373916,0.9965753424657534,-0.41972157135744653,0.8046053562908735,-0.4200524052606681,0.5641333623768071,0.593797514142734,0.5737229833738123,0.7110466595032101,0.003838336351372762,-0.7031343507348933,964
3888.7150077359306,976.2315871292454,1216.2363314015217,9501.646034479205,0.00023679287849947216,0.9965753424657534,-0.42515164253657595,0.803772371700749,-0.4161683016989696,0.5713501636053797,0.5949313566814683,0.5653456211781015,0.7020007631025464,0.002579792181651386,-0.7121715195623468,965
4384.759180245685,1819.9350708798402,1551.1731638555716,17882.62268424068,0.0,1.0,-0.4372160257640412,0.7783505239971299,-0.4505692051266827,0.5511564564786591,0.6277787838443176,0.5496547634987233,0.7106818608188796,-0.008016255256842714,-0.7034678616359613,966
3628.0548745988176,1264.8047537126615,1223.2023523275284,11938.422372095662,0.000298299482623408,0.9965753424657534,-0.4468444448174177,0.7804903412172687,-0.4372240494327425,0.5467647491928562,0.6250901049790132,0.5570553560440823,0.7080807518750152,0.009858393574908475,-0.7060626465833152,967
3420.179733491213,1594.2694977589636,1253.611426551949,16608.694185908957,0.0014202325177753786,0.9965753424657534,-0.4645237300186795,0.7846702322463643,-0.4105000985090863,0.5424624593418998,0.6185304111729285,0.5684668949543021,0.6999658452055146,0.041385469438978195,-0.7129761976847788,968
3707.921284238776,1766.7538710090519,1368.6684174493735,30711.819480029386,0.0023390873558723443,0.9965753424657534,-0.44802582265262414,0.7809614811191045,-0.43516896401822386,0.5373156754513414,0.6242507513299924,0.5671004006154544,0.7145381215517534,0.020252517675459242,-0.6993033021351301,969
2725.6656727103527,1524.6981336108813,1062.5905187760313,23126.43946719563,0.0005414338875324863,0.9965753424657534,-0.44972736266113145,0.7780355740723278,-0.4386410203706517,0.5471537917620475,0.6281587402539174,0.5532082114385375,0.7059518591478298,0.008788772414559415,-0.7082052880663685,970
3528.397966587056,1167.9283230585886,1174.0811750476746,13016.261247896404,0.0012248596222185373,0.9965753424657534,-0.4310376422044865,0.7914543310615496,-0.43336658021438645,0.5543085095424608,0.6112194515687964,0.5649361541561625,0.7120032494670322,0.003289964719392746,-0.7021684618953863,971
4355.081511626677,1514.9725466264003,1467.513150352165,15751.558883101976,0.001580561844545252,0.9965753424657534,-0.44832228986918843,0.7833742545890915,-0.4305019182923961,0.5521418028103958,0.6214440388788554,0.5558297726203784,0.7029555846536346,0.011492771159341053,-0.7111408877397964,972
3655.4010797295377,2241.7736776370543,1474.2932639288044,17043.58711643766,0.0,1.0,-0.4520153974393413,0.7670104711433551,-0.45538666826577473,0.5422744416760419,0.6416321928651845,0.5424449824488672,0.708251728118394,-0.0017510669499346543,-0.7059578056667731,973
3654.4900304925195,2118.539354507022,1443.2569338275312,11043.229502210148,0.0013597345722311572,0.9965753424657534,-0.4671698493373309,0.7817379075729051,-0.41308373937214204,0.549827254647152,0.6227366518780899,0.5566767935300002,0.6924177365704257,0.032937915404634144,-0.7207445954091406,974
3836.4386238177635,1322.114722871811,1289.637984354201,23412.90190496764,0.0006916326392744222,0.9965753424657534,-0.42931576459329185,0.7931254217240883,-0.4320185640532873,0.5600533639723185,0.6090577474333807,0.5615949517175753,0.7085394863908199,-0.0008518840081704615,-0.7056706530093693,975
4612.360151593381,1744.4793896944807,1589.2095149915845,36866.96708545584,0.0,1.0,-0.44934176888588634,0.7806294544616942,-0.4344072162859874,0.543102856646013,0.6247857563737105,0.560965280329782,0.7093174619572278,0.01613733123438918,-0.7047044236438343,976
2930.3167747990988,1029.3212731347694,989.8920253339251,11762.614132815132,0.00011823071662410732,0.9965753424657534,-0.42167823992244324,0.7947423046379584,-0.43654568053602016,0.5642403145697834,0.6068601190522687,0.5597800133249295,0.7098030215419644,-0.010269621347106073,-0.7043253548519213,977
2895.2504101858335,1526.2717563679487,1105.3801513994288,15373.579824644665,6.654283665246809e-05,0.9965753424657534,-0.4625867497425271,0.7623174400789337,-0.45264292716681864,0.5362774922612352,0.6471549865150784,0.5418458034558075,0.7059886332347323,0.007908475211443694,-0.708179006864214,978
2768.1561785226368,1578.4264255122391,1086.6452331888709,6870.990714236309,7.329378465109456e-05,0.9965753424657534,-0.4400490710698427,0.7716826762583384,-0.4591978464815978,0.5457173112761126,0.6359218136274236,0.5457069388658887,0.7131265183851594,-0.010454382601416873,-0.7009573986058526,979
5288.1087840321725,1359.0927884225562,1661.8000597367961,10468.115543050853,0.0007423814263877791,0.9965753424657534,-0.408805785842329,0.8015821180600546,-0.43628423930757887,0.5677967149556135,0.5976619638225672,0.5660451108218906,0.7144821340995519,-0.016318241514000825,-0.6994633621902159,980
,,,,,,,,,,,,,,,981
4233.778013798359,1846.2335494963295,1519.9578925631977,27580.8565780878,0.0003017083275467642,0.9965753424657534,-0.4451936833831324,0.7718041056975579,-0.4540055139578729,0.5608529599855182,0.6355929350510947,0.530533296022613,0.6980304732253757,-0.01844026413931868,-0.715830577097144,982
4001.2317949065514,1651.763808967979,1413.2254006323826,17107.96954138704,0.001346946185332455,0.9965753424657534,-0.4389534975417977,0.7805388095520209,-0.4450606630325098,0.5622831377486202,0.6249813070805236,0.5415127318941693,0.70082629802212,-0.012551198470041547,-0.713221541610723,983
5260.208618058677,1674.5312353893776,1733.6209862566843,20267.89309988007,0.00020812394556879232,0.9965753424657534,-0.43543286276348975,0.7912200794978814,-0.429382123317865,0.5571283167873587,0.6115074571273158,0.5618422096206092,0.7071112081273189,0.005423622133802292,-0.707081553757184,984
3244.956035673209,1430.2301194958247,1168.7698090588285,17458.558869402696,0.00023813511929905728,0.9965753424657534,-0.449181899152994,0.7653143659967397,-0.4610092652781699,0.5389318467870372,0.643641847597623,0.543394549604458,0.7125925104798837,-0.004369578941582991,-0.7015645521175157,985
4767.6893355265465,1553.0032056163886,1580.1687483113126,22565.702479355037,0.0,1.0,-0.4294341317174985,0.7949109831310734,-0.42860571089712324,0.5676214034097778,0.6067108388454745,0.556514061294533,0.7024188699822582,-0.004299642428274131,-0.7117508301139077,986
,,,,,,,,,,,,,,,987
3122.31755212649,1221.4003770352222,1085.9140763156227,21648.7064986706,0.0002558970006711697,0.9965753424657534,-0.45014681689733155,0.7724149170528902,-0.4480435683629183,0.5451666168553451,0.6351149136351659,0.5471950350146584,0.7072207598082072,0.0020597068656636464,-0.7069897838752197,988
3308.358397132664,777.7477850219288,1021.5253579568456,6049.671774852493,7.845857236658597e-05,0.9965753424657534,-0.43723087124945537,0.7998918493531144,-0.41109876497612674,0.566792937141047,0.599984354150699,0.5645923672716395,0.6982656597839159,0.013849336187095607,-0.7157047325913874,989
3389.1127650346307,1484.8197861431963,1218.4827555330007,16745.680646733246,0.0007930598950129172,0.9931506849315068,-0.45319231187912856,0.7822561152805222,-0.42742496249035,0.5560556671567158,0.6228464404302522,0.5503311790788017,0.6967200467020813,0.011733786668883028,-0.7172471643540035,990
3167.11763856755,1521.99258577698,1172.2729612671988,13629.999369160963,0.0003094718259227558,0.9965753424657534,-0.43847507460014085,0.7751936523722537,-0.45476852384060884,0.5488086532428387,0.6316524112950345,0.547562136593602,0.7117223272317531,-0.009488552415106183,-0.7023968225247629,991
3058.7702897434037,1806.9878973401294,1216.4377366392043,16714.472823271073,0.00015757852669599185,0.9965753424657534,-0.4844220623087274,0.7428603498120083,-0.46205385641258323,0.5212447412446535,0.669263043363298,0.5295194977646155,0.7025946094821349,0.015667784312945382,-0.7114178345117371,992
,,,,,,,,,,,,,,,993
2801.523809301539,1360.9919018256012,1040.6285332074508,12504.931227303961,5.264378714801401e-06,0.9965753424657534,-0.46196715717009534,0.7596405478587079,-0.4577472924497779,0.5341670507688636,0.6503238676125548,0.5401337140804513,0.7079914600961474,0.005010515180140812,-0.7062032194549632,994
2651.5317602496934,1442.6980527306014,1023.5532871771347,19804.87692158275,0.00015748649331364853,0.9965753424657534,-0.4441180358884606,0.7828246645981549,-0.4358264731465521,0.5511909169315885,0.6222065945469551,0.5559204320713494,0.7063623314494416,0.006670697045083718,-0.7078190153635617,995
4763.760938041012,1822.6207468378366,1646.595071158185,20280.627038125196,7.225094947147723e-06,0.9965753424657534,-0.43057712995806413,0.7969241253447154,-0.42369242806620566,0.5623591162816551,0.6040597734961677,0.5646804533350472,0.7059430285030034,0.00487118951788304,-0.7082518704674832,996
3093.482500603282,1239.0131884590382,1083.1235471962495,7980.579469813605,0.0,1.0,-0.4544606133853617,0.7702641275673983,-0.44739101987437746,0.5475365129982613,0.6377237752098418,0.5417676194327342,0.7026160529158906,0.0012491256709751264,-0.7115680725481944,997
4502.414850793131,1492.5372349248607,1466.6772965142056,21031.99957822271,0.0027637498780108925,0.9931506849315068,-0.41453229379526174,0.799025396452068,-0.43557019322430024,0.5635453380328993,0.601203605653179,0.5665429167600652,0.7145485493528232,-0.010613216959635685,-0.6995053468298463,998
2780.677664389787,1164.8869834873847,986.3907415425032,8270.482091423932,3.035613821191884e-05,0.9965753424657534,-0.4408490606810745,0.7873288841313321,-0.4310050277074802,0.5562128109904279,0.6165046064331959,0.5572695749247187,0.7044710175633493,0.005941250639519113,-0.709707888468275,999
,,,,,,,,,,,,,,,1000
3069.7450213484512,1531.5575780482418,1150.3252615381266,20245.8754891137,3.978954286973691e-05,0.9965753424657534,-0.4381596562937554,0.788103376583834,-0.4323299473939989,0.5551177609732493,0.6155215130906068,0.5594439546323621,0.7070080530295144,0.005131738478295761,-0.707186876441868,1001
4977.411270709998,1644.1612098177013,1655.3927784017612,16056.311316886125,0.0002441808117864613,0.9965753424657534,-0.4262294885744827,0.7859565371505378,-0.44788474497338077,0.5559008987248776,0.6181632162436793,0.5557413327080717,0.7136544078658861,-0.012106188236002152,-0.7003933368757773,1002
3313.0542123857595,1558.8027490952381,1217.949200049808,15415.886992238035,0.00020492876474265055,0.9965753424657534,-0.4433269186358429,0.7858831633967756,-0.4311019562729053,0.5556745414913925,0.6183372101142481,0.5557741434489905,0.7033399229044088,0.006837256584726864,-0.7108207965241418,1003
3661.0947227523693,1621.990952009316,1320.771032480305,9737.820407952295,0.0001985287909794193,0.9965753424657534,-0.43871351450702134,0.7822220448785182,-0.44233372547768396,0.5568500714378547,0.6229772474435312,0.5493790559416489,0.7053002553016365,-0.005293550202910419,-0.7088889392547295,1004
3697.2469551137624,1974.2762626271876,1417.8804059514612,23529.639240509587,0.0018722219325520433,0.9965753424657534,-0.42988114974976555,0.7846423413442752,-0.44669742920638533,0.5552120106050663,0.6198738641030733,0.5545232329504368,0.7119984693590988,-0.009632692858100617,-0.7021149413440808,1005
3630.3307507424165,1715.0062812903193,1336.3274120369276,12031.957232126535,0.0012717843392410836,0.9965753424657534,-0.45460935295533283,0.7788103006608845,-0.43218613095521274,0.5430022634349302,0.6269631648550469,0.5586284380690675,0.7060303662804287,0.01927966543916132,-0.7079190747468793,1006
4616.495904323469,2092.402319493897,1677.219345986405,21637.95219124872,0.00039652024616419274,0.9965753424657534,-0.41877962490315623,0.7873094784580472,-0.45251233231381605,0.5644758394291,0.6160368574001436,0.5494229855269691,0.711330199321514,-0.025345126842704763,-0.7024008628116444,1007
4597.6370589257895,1597.1527221673316,1548.6970907573107,14255.861227077761,0.0011072489703139448,0.9965753424657534,-0.4290300271642188,0.7883879322346001,-0.44088286891001033,0.5595258483954408,0.6151214825108289,0.5554785204947551,0.7091290861111479,-0.008368396532884625,-0.7050290129992074,1008
3435.9837516000625,1475.0174801971443,1227.7499259575432,7297.488970309764,0.00040570872192599133,0.9965753424657534,-0.43984098535032135,0.7711330412822588,-0.4603191721499689,0.5481963800269478,0.6365260229995148,0.5425083879257272,0.7113512750613502,-0.01372787992354818,-0.702702574907333,1009
4662.088261881537,1788.7237225049346,1612.6912440958179,15884.642345096632,0.0017216623236988758,0.9965753424657534,-0.43055924411622065,0.7940944587333066,-0.42899035876710034,0.5618146379842105,0.6077940503906588,0.5612046906935008,0.7063873228284461,0.0006188043100160412,-0.7078252377730584,1010
5293.845890873606,1795.6065223265844,1772.3555342904635,15344.332950399525,0.0002149971328717694,0.9965753424657534,-0.448097626103036,0.8002275194821724,-0.3985529256500739,0.5594668688142593,0.5987402917337706,0.5731552021518496,0.6972842606713507,0.033852328102640356,-0.7159948880418345,1011
3284.4510713712584,1245.9821584429174,1132.6078967988094,8238.576230162531,0.00019744785263592484,0.9965753424657534,-0.45076386299291754,0.7735293683682662,-0.4454932727791673,0.5463912868311082,0.6337513143036284,0.5475544112629074,0.7058813650286767,0.003404099031269703,-0.7083218975967335,1012
3157.0257931314245,1747.2214892778038,1226.0610071205708,32083.79007113624,0.0020082859334686516,0.9965753424657534,-0.43323330922455233,0.7928586237793431,-0.42858383366276137,0.559511305398549,0.609395100687702,0.5617692679286019,0.7065804971194402,0.003579658719996187,-0.7076236196834398,1013
5130.290222288784,1642.0467823136623,1693.0838381765232,21353.876733650017,0.0003098463064594728,0.9965753424657534,-0.4137222304753182,0.7961207677840438,-0.4416170729415614,0.5593710298067684,0.605006584951828,0.5666313468012883,0.7182882200227448,-0.01259981221570941,-0.6956315675044411,1014
4552.905699748207,1704.5730923276806,1564.3586535228676,14195.129008036192,0.000693167966141749,0.9965753424657534,-0.42645007635235965,0.7894436064941605,-0.44149646039867607,0.5599343583506549,0.6137440356461038,0.5565894115479331,0.7103617717174164,-0.00985144021588702,-0.7037677901184209,1015
4721.28534037318,1727.2039606223657,1612.1218190598786,17992.849712713945,0.0007078520692903828,0.9965753424657534,-0.4510558195158664,0.774505951987537,-0.44349653664572103,0.5549754403303075,0.632561885371511,0.5402478336887807,0.6989641681166865,-0.0024477563437609595,-0.7151525013434759,1016
3610.0844658725955,1496.609986311252,1276.443525164426,18984.908574079072,0.0008326579600074379,0.9965753424657534,-0.4302275538202204,0.78476437265594,-0.4461492254210449,0.5650231420406173,0.6195427531199075,0.5448996476555602,0.7040263495725269,-0.017653794678034823,-0.7099543947614156,1017
4215.92439074234,2348.9716098077884,1641.2201389299478,23003.96499135581,0.0007118608989054482,0.9965753424657534,-0.4447747331780353,0.7857604127038933,-0.42983253780259,0.5501992225493887,0.6183925643479075,0.5611340765496847,0.7067221888638109,0.013084731049073511,-0.7073701559868905,1018
2995.994223673171,1041.0218609646997,1009.242518628589,14576.67422565398,0.0,1.0,-0.4179058528119926,0.7891176387139649,-0.45016447045049846,0.5574077657538645,0.6139961211842894,0.5588428632880018,0.7173919994415647,-0.01738146832531573,-0.6964528725592924,1019
4106.640426967386,1601.956477354223,1427.148826675508,25549.49620564567,4.723489134663844e-05,0.9965753424657534,-0.43163445033288694,0.793007981007419,-0.429918647355943,0.5620073931420161,0.6092112319920812,0.5594723986653909,0.7055773461071025,-0.00012989698929743998,-0.7086329034043157,1020
,,,,,,,,,,,,,,,1021
3436.4461319750794,1515.0451581879893,1237.8724346359165,15689.64293948746,0.0005997672298484741,0.9965753424657534,-0.4500579160712661,0.7843648893638264,-0.4268718689663933,0.5546995312376646,0.6201662650219815,0.5547091434016574,0.6998259085131848,0.012865615490822935,-0.7141975733028907,1022
3697.533750857424,1440.8736165292494,1284.6014704123268,15217.350262938617,0.0016000517621368054,0.9931506849315068,-0.44349179096765257,0.7871234099170187,-0.42866276827467664,0.5696125346310466,0.616786993420781,0.5432452163969308,0.6919946471870276,-0.003246891984414718,-0.7218953289480012,1023
2796.879199238452,1608.2508983563807,1101.2808006886387,15858.476246577668,0.0003126041191006083,0.9965753424657534,-0.4571171980717047,0.7680833602102966,-0.44843262481127955,0.5349582207733011,0.6402353378586222,0.5512879594042663,0.7105375213555847,0.01211048822780253,-0.7035550915321034,1024
2619.503712790363,1280.5411898770985,975.0105262028986,14792.050669636488,0.0017036934768496239,0.9965753424657534,-0.4205611917652169,0.7880561079542028,-0.4495507253882418,0.5605041927073395,0.6153142192641987,0.5542774228928897,0.7134166622237766,-0.01886749287434858,-0.7004860339607939,1025
4103.345421723133,2052.3704944697693,1538.9285868693446,19363.293366851027,0.0029735316716778554,0.9931506849315068,-0.4534576103247384,0.7728404457402855,-0.4439525211850186,0.5471322833550227,0.6345835786259761,0.545847914944235,0.7035783255255217,0.0046181344941755575,-0.7106027108620518,1026
2228.0558073870116,1298.9630365086603,881.7542747194253,9252.646277346015,0.0006019372935279537,0.9965753424657534,-0.46052437433211424,0.7671446241736211,-0.44654946674195967,0.5388570462073833,0.6413818785742977,0.5461340216367762,0.7053725146322818,0.010881701981703129,-0.7087532745344551,1027
4114.818163476593,2176.131490434973,1572.7370307910946,16425.368685912927,0.0009647340570361232,0.9965753424657534,-0.4344943285454722,0.7745546759990247,-0.45965175116588564,0.549270064113598,0.6323266888886336,0.5463198286606308,0.7138046477366642,-0.015100079707835445,-0.7001820566555201,1028
3384.0787614145884,1300.8319583803905,1171.2268108977753,19118.806961022427,0.0,1.0,-0.4353163559461087,0.7852308115604357,-0.440354678437666,0.5585818658759013,0.6191767737771987,0.5519116069892499,0.7060353881785227,-0.005717988369972837,-0.7081534687118347,1029
4217.050836029727,1764.2570690883733,1495.326600409259,15709.315585958013,0.0,1.0,-0.41814147206209085,0.7919601545751366,-0.44492338993030434,0.557235257205051,0.6104436075580948,0.5628920590300412,0.7173887213145802,-0.01255848544947355,-0.6965599091060632,1030
7939.3075336368165,2706.0793895261177,2661.3459660131934,29267.135502171044,0.0019783263128731634,0.9965753424657534,-0.39360176827159193,0.7941950812104487,-0.46295984814517643,0.5790456568468973,0.6053373513045045,0.5461435877151649,0.7139914392345479,-0.053111807508083336,-0.6981370643383741,1031
3407.8426092319514,1662.543681526977,1267.5908341530212,25207.826074007266,0.00023162829143616207,0.9965753424657534,-0.4574961557626752,0.756638319414268,-0.4671142483978908,0.5412370247460543,0.653743250527879,0.5288499271374459,0.7055209072071593,-0.01087271737861134,-0.7086056967809332,1032
4933.4615738697485,1584.8795132334458,1629.581588827678,20488.806884525256,0.00044598180611877186,0.9965753424657534,-0.41076287160614633,0.7979428094584151,-0.4410908479479982,0.5630130822089131,0.6025212168587831,0.5656716826009863,0.7171402460966003,-0.015982993105883775,-0.6967455858201652,1033
3808.4725107356394,1658.0129502180728,1366.6208145230562,11630.724633924663,0.0007295230976478405,0.9965753424657534,-0.4471070818825482,0.7857892488751088,-0.4273529146768098,0.5531060059254888,0.618352305353839,0.5583136866249526,0.7029715524398021,0.013254539444463614,-0.7110944477666027,1034
3974.9416241948006,1486.920025454457,1365.4650574593031,24282.266052259492,0.0006256280619433391,0.9965753424657534,-0.4616928581057003,0.772753595585638,-0.4355359747295944,0.5482626116665,0.6345789797657457,0.5447179335106326,0.6973147161955054,0.012704288603992642,-0.7166524873523068,1035
4270.201492562753,1700.2049900717022,1492.601232467825,22635.691899144982,9.656814793883118e-05,0.9965753424657534,-0.4434522473109075,0.7795635435496667,-0.44230169106978645,0.5551131310252756,0.6263168405543782,0.5473359361500912,0.7037041396199266,-0.002810125667745994,-0.7104875699655206,1036
3465.7341021597476,1640.6784049018954,1276.6026845858748,18074.1198069055,0.0002855094881097123,0.9965753424657534,-0.4343920793320209,0.7659644179240203,-0.47392196814235166,0.5462541546864318,0.6423818843465247,0.5375424756716628,0.7161772964157795,-0.025377650358634513,-0.697456848099479,1037
4149.200128155345,1575.3336912066293,1431.133085637669,24499.882596816078,7.917263979451075e-05,0.9965753424657534,-0.4421353238525846,0.7818688563515963,-0.43954231522029497,0.5541825974242347,0.6234428750043594,0.5515438607385885,0.7052644923104374,0.0002703215599158537,-0.7089442311016823,1038
2752.8501602359734,1567.3645541846295,1080.053194716806,13579.521114017964,3.4195434126131664e-05,0.9965753424657534,-0.4613393840308006,0.7598763042893759,-0.4579890554605003,0.538033453285442,0.6500666933448793,0.5365941644757205,0.705468621476408,0.0011385882374002065,-0.7087402399532583,1039
3776.1412768676546,1670.3222214319956,1361.6133802815793,22329.089552312373,0.00024176266090343833,0.9965753424657534,-0.4413870278982193,0.7891377869914201,-0.42712883857854966,0.5575317775522026,0.6141588434853391,0.5585402689047874,0.7030901852697548,0.008394528636849696,-0.7110511396983394,1040
4024.2580971933658,1841.7817767559222,1466.5084189917031,22372.3725807512,0.0005201253633273966,0.9965753424657534,-0.43089272160497283,0.7945774623570203,-0.42775941694150627,0.5661931874859006,0.6071595607423363,0.5574787370328387,0.7026782598831525,-0.0019809375182389954,-0.7115049816931247,1041
,,,,,,,,,,,,,,,1042
3087.806058673599,1848.8638861101592,1234.1666842926145,29120.773213968605,0.0010622518774959563,0.9965753424657534,-0.42692114572554357,0.8014534958345424,-0.4188205216402133,0.5686980264650626,0.5980500083344714,0.5647289103861087,0.7030795758853561,0.0029123093465180383,-0.7111052161439531,1043
,,,,,,,,,,,,,,,1044
5635.432705047034,2485.715020376619,2030.2865493047702,23935.12734707449,0.0,1.0,-0.4445805727289332,0.7923796076019949,-0.41771123016807,0.5483267025696453,0.6094943598222582,0.5725857600342111,0.708297918676254,0.025518283668073127,-0.7054522489846653,1045
6775.283866351976,1923.1878320571798,2174.6176019267355,13261.880133927294,0.000341424191878167,0.9931506849315068,-0.41102632506162284,0.8095851905737611,-0.4190813516609685,0.5709607689007555,0.5869927757214247,0.5739714989676015,0.7106765512401514,-0.0033616148655502276,-0.703510866343158,1046
3670.5755591624575,1478.503713237461,1287.2694327512831,34286.451124804065,0.0,1.0,-0.4404157296615951,0.7901138207311353,-0.42632632496280604,0.55951083614274,0.6129180504779856,0.5579239084652292,0.7021264909583578,0.007184266692761815,-0.712015994909237,1047
3379.8674068711844,1709.3928034473413,1272.3146213817297,33814.80408419274,0.00041946802789766474,0.9965753424657534,-0.4490866657161127,0.7835755938285107,-0.429337228099639,0.5510355302861029,0.621145887706573,0.5572590336167973,0.7033356318560136,0.013677534189700635,-0.7107263284979611,1048
3015.002526936873,1093.310027392885,1027.0657208596394,15052.011604547504,0.0005244426844485007,0.9965753424657534,-0.44265706262566973,0.7919970080349733,-0.42047052711369004,0.5596572518911604,0.6103905997909468,0.5605417701585516,0.7005986620835414,0.012808393751702285,-0.7134405789806557,1049
4104.2254827820525,1636.4002569325148,1435.1493674952123,26379.40946418795,0.0003519811916544308,0.9965753424657534,-0.43604494879145705,0.7820668008110632,-0.4452373768032112,0.5487851965903571,0.6231930841066574,0.5571940307692786,0.713231807084302,-0.0013780387446294673,-0.7009268794763686,1050
3355.3276683777644,1482.6025329092924,1209.4746896247348,10619.540590629078,0.0002410764969010923,0.9965753424657534,-0.44326898643755064,0.7732050714628382,-0.45350471125091274,0.5486953173685537,0.6341136767372842,0.5448240942474415,0.7088342925962658,-0.007332287424133915,-0.7053369288508019,1051
4193.936809371206,1674.491418517721,1467.1066775097715,17078.117830920546,0.0004390059773401466,0.9965753424657534,-0.4147532398648597,0.7848492507671837,-0.4604252421314373,0.5641612747149096,0.6188053932875723,0.5466277905030636,0.7139340348615204,-0.03303844440047715,-0.6994330954837255,1052
4707.362277922297,2127.157045318468,1708.6275516632,17346.26118968991,0.0,1.0,-0.4317919236511113,0.7769926715402388,-0.4580809132046822,0.5665365373567447,0.6288151674352479,0.5325672136390025,0.7018490482358031,-0.029561352745498926,-0.7117120484538346,1053
5161.964070073291,1898.7773426567296,1765.1849956975445,15065.020652244215,0.0002877991338107222,0.9965753424657534,-0.4341173210875978,0.7947670642486632,-0.4241314243454366,0.5596021322398498,0.6068660485207436,0.564410358467518,0.7059657251767546,0.007675463398378823,-0.708204407030399,1054
3541.7556909857362,1640.2764019595654,1295.50726090407,20698.551596603313,0.0016234708372529236,0.9965753424657534,-0.41561785636360266,0.7871738506813779,-0.4556524182698646,0.5674793317414062,0.6159281409632532,0.5464427995827907,0.7107946296350662,-0.03146194483821321,-0.702695624370144,1055
3410.7117289161706,1444.3847773265695,1213.76640724311,20480.611360685707,0.0007508043741831917,0.9965753424657534,-0.444196008067161,0.7706252397505046,-0.4569755423178314,0.5513092366823604,0.6371621488125333,0.5385930947100124,0.7062209512368718,-0.01269393477502545,-0.7078776956890334,1056
3449.4282424408743,1846.7170808911112,1324.0359399984695,19693.589358348454,3.878204407397771e-06,0.9965753424657534,-0.44942257002489405,0.7719015838896678,-0.44965241947624546,0.5486460614476767,0.635736424089369,0.5429794640168393,0.7049871295351223,-0.002672802776873262,-0.7092150613989698,1057
3646.224379870435,1401.9293003462628,1262.038057850541,15597.099502975663,0.00053454307344189,0.9965753424657534,-0.4523509928185383,0.7808634059712778,-0.43084906929343403,0.5493498028876002,0.6245351830524338,0.555131154950808,0.7025620067748026,0.01442727779584585,-0.7114762682563376,1058
4118.725714496927,1754.1583428334363,1468.2201178453215,24821.114881870635,0.0,1.0,-0.45692056746050225,0.7807646136366257,-0.42618096288363616,0.5478951946465429,0.6244778406490904,0.5566311904856538,0.7007385038049497,0.020833737809138914,-0.7131139492774634,1059
2929.959705981532,1126.0106669321842,647.076384244407,77631.29250418497,94.843043586614,0.6746575342465754,-0.4329423782149366,0.785743191711156,-0.44177882908211036,0.5588523735838589,0.6185044854389904,0.5523913703449184,0.7072799457677857,-0.007735513649098524,-0.7068912505776987,1060
3083.679820425799,1241.8563912363497,1081.3836863952952,20316.199186990878,0.0006376127031827156,0.9965753424657534,-0.4235890056094107,0.7968425715438519,-0.4308297465382493,0.5643036338767727,0.6041679310561227,0.5626211157402763,0.7086139732748007,-0.004798672602462223,-0.7055800518870659,1061
2748.6861776846085,1928.2648963210659,1169.2373382328917,21383.516246560874,0.0013496492908579925,0.9931506849315068,-0.47497840660214674,0.7510444420970045,-0.4586150447345629,0.5212484429590011,0.6600085776178377,0.5410071516936681,0.7090102777636602,0.01791433688636085,-0.7049705685767451,1062
4775.791791514698,2046.7223991235435,1705.6010361977078,25515.58008989556,0.0,1.0,-0.4439586798347706,0.7754761644557334,-0.4489291803396078,0.5520903810220933,0.6313476964425263,0.5446065528246934,0.7057598045951949,-0.006066676004213956,-0.7084252209372648,1063
5473.7117697514,1648.1467783453481,1780.4642994445326,17875.066241825734,0.00028859008123848894,0.9965753424657534,-0.4225515448163667,0.795463035666197,-0.4343831843683878,0.5669079904246224,0.6059124250084268,0.5581088277505776,0.7071531109781095,-0.010425550782872883,-0.7069835822173351,1064
3617.728427807797,1711.3128564661918,1332.259917041303,23082.29956347595,0.016352978702432044,0.9897260273972602,-0.43847586705010055,0.7787027724826364,-0.448732555251475,0.5532608560916851,0.6273424456279159,0.5480363865933366,0.7082664323059213,-0.007965427888123017,-0.705900285328743,1065
5138.607878221974,1869.1577554510382,1751.9410539964672,23384.594866225852,0.0004191509317898499,0.9965753424657534,-0.4268700494211546,0.7936829273780937,-0.4334159338276811,0.568499686156964,0.6082504430556981,0.5539309572157711,0.703270977466449,-0.00994028727386051,-0.7108523918102116,1066
4612.412524898087,1749.2774918580628,1590.4221412463392,22178.91207390192,0.0003323289267771084,0.9931506849315068,-0.4140921121287061,0.7980559971794798,-0.43776060585513316,0.5669358295086789,0.6023836798715344,0.5618875932459576,0.7121176081884881,-0.015508951940567894,-0.7018888690651903,1067
5450.176715341604,1661.6045207303337,1777.9449381373925,33430.40544756199,0.001854107242253466,0.9965753424657534,-0.43287688235990474,0.7954472409215204,-0.4241241464815581,0.5582406657891772,0.6059624045593704,0.5667247332875831,0.7078029130892481,0.008558689792645985,-0.7063581138851652,1068
4319.490216729624,1501.7889976771328,1455.3194000293656,16636.520336321297,0.00019107993717871815,0.9965753424657534,-0.426044785046824,0.7929845873075732,-0.43550118877799104,0.5632579749886362,0.6091959172195993,0.5582300494013843,0.7079733714950771,-0.007468516292344268,-0.70619963644729,1069
4145.896800326967,1475.099552558415,1405.2487321778372,22253.437457538414,0.00018158188752882162,0.9965753424657534,-0.4470741493404148,0.7914858999244243,-0.4167430565856722,0.5591891616887205,0.6109365959382853,0.5604140943920008,0.6981634382015508,0.01750845407694568,-0.715724295797219,1070
4616.143225394971,1666.1775779697384,1570.5778486403176,15247.049457063446,7.765175676905517e-05,0.9965753424657534,-0.4340420923176785,0.7934950542664215,-0.4265830059334534,0.5658100063709011,0.6085766906978437,0.5563213533829363,0.7010467165510819,0.00010195091840689563,-0.7131153418760232,1071
3947.569395871468,1655.3832403011118,1400.7377904967575,12146.00477310377,0.0,1.0,-0.4414692658368659,0.7849154591668336,-0.43475580419630694,0.5537939602562952,0.6195842231945371,0.5562622043174164,0.705986640741245,0.0048075284025232146,-0.7082088327361863,1072
3011.8066362219247,1486.8448534574,1124.6624507205017,21420.404206690913,8.539185050392514e-05,0.9965753424657534,-0.45702183096817534,0.7659961963023038,-0.4520850288042054,0.5364853622491789,0.6428029520690767,0.5467977879469227,0.7094466168154332,0.007361525771396066,-0.7047207289610922,1073
4357.228125121353,1892.1014071966326,1562.2154021753463,18622.959896856617,0.0003180712540991544,0.9965753424657534,-0.47297927141455987,0.7377915807045476,-0.48161622922575725,0.51993459739349,0.6750226796829115,0.5234619339999527,0.7113076853552347,-0.002822296084110859,-0.7028751036986529,1074
4591.765401950189,1505.6430822767466,1524.3517178835386,17859.755601841618,0.0018497237981664294,0.9931506849315068,-0.44597770654686736,0.7877121716134313,-0.42498637619957724,0.5567275143986264,0.6159268798072645,0.5573944325541966,0.7008269115657044,0.011983881797642926,-0.7132306966209017,1075
3355.492085165705,1890.4344096296365,1311.4812045749168,22266.423132174696,0.0003250288265100657,0.9965753424657534,-0.4400419914139653,0.7793304536731224,-0.4461021068881842,0.5508342098480262,0.6266053515597039,0.5513142539947979,0.7091859552004202,-0.003126879336517091,-0.7050145413905181,1076
3894.973822797032,1805.7722307510155,1425.1860896907085,14508.018578983492,0.00020436421072191505,0.9965753424657534,-0.440833832256148,0.776145620532894,-0.4508475441498681,0.5498993498070683,0.630520774186579,0.5477720861826756,0.7094196483183434,-0.006444303435272164,-0.704756861288425,1077
3496.0492631770403,1853.7172013053075,1337.4412137886545,18836.510501308283,0.00030400389883055627,0.9965753424657534,-0.43851294320530165,0.7807838188312878,-0.44506519398022437,0.5557696982240554,0.6247636746762742,0.5484436099918942,0.7062764622846824,-0.006854126948733857,-0.707902945160143,1078
3063.205936791062,2000.2304012004038,1265.858657031408,24832.276068015166,0.00023582668619432563,0.9965753424657534,-0.4324741189558072,0.7762791779040124,-0.4586466770686007,0.5502060099136004,0.6302004882274135,0.5478327219990468,0.7143104948748504,-0.01542668436834696,-0.6996588699652467,1079
3815.120018700973,1473.2119555385232,1322.0826208033072,14441.377671587577,0.00024279690861882738,0.9965753424657534,-0.43236751530788886,0.7947480880058156,-0.42595047636736244,0.5625138345575501,0.6069312882826069,0.5614379727405124,0.704724426735617,0.003144505480293436,-0.7094741675687994,1080
4609.302038465904,2271.782524747141,1720.2707118968513,17241.290616036018,0.0012960280476969918,0.9965753424657534,-0.45786662251533694,0.7803822689625135,-0.42586578904076966,0.5503606551632172,0.6250112220390338,0.5535920172596314,0.6981842917415948,0.019091532526041094,-0.7156634740931627,1081
4020.763289567035,1580.6293509040522,1400.3432767756708,10278.869765486521,0.0004213878309390674,0.9965753424657534,-0.4498988660783702,0.7740013182750727,-0.4455479431103308,0.5479887327662923,0.6331815202070005,0.5466164205634012,0.7051945540505755,0.0017668550596334487,-0.7090116495239049,1082
6057.229129008052,2077.268397039644,2033.5782770613494,41381.418826181405,0.0009792700161278883,0.9965753424657534,-0.42364921871044986,0.7860324373887533,-0.4501936770532448,0.5766794195483936,0.6173087641481162,0.5351361852605871,0.6985429024443335,-0.03290740157808389,-0.714811105374018,1083
,,,,,,,,,,,,,,,1084
3670.2165449052563,1780.8506737490604,1326.909054027921,24360.788754826564,0.0001358086286456167,0.9965753424657534,-0.4421588127753386,0.7921926421129901,-0.4206262023069214,0.5559495582019858,0.610066994101478,0.564569173302089,0.7038577079354322,0.015782284056094026,-0.7101656472189097,1085
3130.59240946156,1267.8315462767575,1099.6026478823098,14000.105656949727,0.0005116448815233813,0.9965753424657534,-0.46378789224037026,0.7699244596636219,-0.4383116669938353,0.544377617883129,0.6379816608578694,0.5446397061883428,0.698966236780522,0.01399024019501871,-0.7150178130789198,1086
4442.679151694146,2253.5636651303043,1674.0596993803158,19389.78498840783,0.00043014620575629667,0.9965753424657534,-0.4383334165197535,0.7872129034442541,-0.4337737435726,0.5620631753172456,0.6166773561357968,0.5511751313164075,0.7013906207773352,-0.0022097692710195405,-0.7127736765659582,1087
3199.509328980837,1495.2022500695914,1173.677515056372,12449.687209019894,9.659966533289936e-05,0.9965753424657534,-0.43409450474039135,0.7857851035922905,-0.4405720507779038,0.555255724870094,0.6184909988179462,0.5560215502839487,0.7094032992263153,-0.0032642539166934936,-0.7047952211055255,1088
3867.3089444071798,1546.981247234445,1353.5721409546134,10617.17824269533,0.0012643093939478408,0.9965753424657534,-0.41954300208848366,0.781326115959492,-0.46207485315502417,0.5668843762948758,0.6230921041042038,0.5388861973698768,0.7089610520411911,-0.03585708190372697,-0.7043354998621021,1089
2920.7026951560206,1436.343765865911,1089.2585115019438,16462.79273261197,0.0002798184549686702,0.9965753424657534,-0.4446389656910105,0.7704182108231005,-0.4568938286094059,0.5372064535913506,0.6375388391594623,0.552225909192071,0.7167324580406783,9.484375590707028e-05,-0.697348244850182,1090
3463.808893470686,1513.578399239695,1244.346391686105,24264.8383660956,0.00013821276062362482,0.9965753424657534,-0.43701499297752905,0.7874087797673786,-0.4347474087997515,0.5601356491944409,0.6164289325237772,0.5534107205766063,0.7037513413233203,-0.0016687398971748924,-0.7104444136544273,1091
2951.7079795144314,1172.3043970231784,1031.002678067688,8976.818359527575,0.00011163629019300358,0.9965753424657534,-0.45151645091673376,0.777206475220796,-0.4382727340668399,0.5517342270561604,0.629222836783938,0.5474193679112157,0.7012290904164615,0.005358781992195805,-0.7129158759694316,1092
3591.269073842626,1376.7349620328469,1242.0006512488503,14166.493850874336,0.00031790289951001065,0.9965753424657534,-0.4326958825389021,0.777087742669957,-0.4570655460937649,0.5487251355948192,0.629265080023715,0.5503873042042258,0.7153146152570407,-0.012653033425166521,-0.6986879861174182,1093
4400.544610011354,1890.4010981488352,1572.7300590810314,18183.43061744927,0.0010747256626111206,0.9965753424657534,-0.45798781479249245,0.76879120124511,-0.4463263944577987,0.5446379676064139,0.6394768370089216,0.5426222066692626,0.7025785690890041,0.005428058323741741,-0.7115854765519611,1094
2945.69215710136,1360.6462469152034,1076.5841010442964,18380.809605279195,0.0,1.0,-0.4558904248804214,0.7744433877014594,-0.43863579396560404,0.5390094279014752,0.632409178555362,0.5563519277510024,0.7082603738284905,0.0172066883629364,-0.7057415764569263,1095
4164.067210672023,1968.1214532995448,1533.046788192749,14944.293160437064,0.0,1.0,-0.44835198471997567,0.7703493618344228,-0.4533677960761619,0.5516416288305296,0.6375587893850818,0.5377827660115461,0.7033292338150456,-0.00898057899728641,-0.7108075253273664,1096
2851.75523191952,1298.5276750038283,1037.5703228844102,10291.250254935901,4.928013899772022e-05,0.9965753424657534,-0.4143382013488249,0.7855423504372074,-0.4596162209633252,0.554489124887342,0.6183390255355491,0.556954809550485,0.7217102363723893,-0.024084542124256147,-0.6917761701200574,1097
3339.009725961198,1423.3394880010471,1190.5869416811786,12522.97958547523,0.000126448847996467,0.9965753424657534,-0.45091907771920425,0.7723578621488486,-0.4473648601820693,0.5456751678255929,0.6351832505191588,0.5466084974444017,0.7063360365770481,0.0023603043819860614,-0.7078727515562744,1098
,,,,,,,,,,,,,,,1099
3506.047016814085,1747.1581250229854,1313.295776236853,15829.091218983493,3.93763742061688e-05,0.9965753424657534,-0.45180842952527184,0.7772017874684387,-0.43798005041984645,0.5548732074878445,0.6292449636715629,0.5442118147432349,0.6985591360951906,0.0028560899560910735,-0.7155466275010343,1100
,,,,,,,,,,,,,,,1101
,,,,,,,,,,,,,,,1102
4919.794082734184,2557.9693521076797,1869.4404630357315,30564.130498302853,0.0014388132736072488,0.9965753424657534,-0.410429230925469,0.7906526917972785,-0.45433046051926346,0.5761462161731808,0.6110245802549613,0.5428669265239641,0.7068262756797138,-0.0389523205722887,-0.7063139052367434,1103
3733.9049368372616,2268.189718015972,1500.5232610022565,35132.88345531425,0.0010177460864266028,0.9965753424657534,-0.44615383197576436,0.7638307474154868,-0.46637897413588475,0.5446297831101087,0.6452429219686855,0.5357611137426354,0.7101585439623871,-0.01497200561086176,-0.703882576489297,1104
3648.562916378607,1535.4115294068147,1295.9723777410302,13325.03650678423,0.0005933048364059573,0.9965753424657534,-0.44822734722277136,0.7630348894288471,-0.46569303485874075,0.5451481530607768,0.6461950672397886,0.5340837259170036,0.7084530587244727,-0.014480766183878252,-0.7056093614704009,1105
3142.9839619619706,1357.950342452299,1125.2194269722565,19556.86692811019,0.0005203330198213779,0.9965753424657534,-0.456316150353178,0.7813910415943727,-0.425680174594633,0.5506480578703989,0.6237606819715523,0.5547155379020329,0.6989723079567699,0.018725697382081047,-0.7149035326302011,1106
3134.5843374475044,1300.675387951504,1108.8145446267806,15017.251672088058,0.00018994237522308166,0.9965753424657534,-0.439522975516002,0.78787397831569,-0.43136312810272476,0.5570368478227506,0.6158191776169215,0.5572043526812333,0.7046484968842648,0.004618957915620253,-0.7095415146885489,1107
3683.9054939543857,1622.9124743921311,1326.7036212585124,15839.930208286563,0.00013867792913160976,0.9965753424657534,-0.4382201315201246,0.7935350298948928,-0.4222147234052791,0.5585472786097649,0.6084208820698571,0.5637809573043087,0.7042641932457665,0.01123328051144265,-0.7098491103895539,1108
2995.9680048039227,1179.095913602651,1043.7656173321843,10467.921306787433,0.000746081983634617,0.9965753424657534,-0.41790315560066604,0.8051783392765947,-0.42076691231463353,0.5681343697312813,0.5930324312559234,0.5705575110440034,0.708928974206193,-0.0006143602147007377,-0.7052796127015734,1109
3831.8563432265455,1550.7254281950595,1345.6120127685213,22525.378260210782,0.0001344994859517636,0.9965753424657534,-0.4476949519377335,0.7644241430319235,-0.46392344148510095,0.5496496946001619,0.6444886137272172,0.531525766075285,0.705304503909779,-0.017033975633400117,-0.7086997957095102,1110
,,,,,,,,,,,,,,,1111
5971.3469795234105,1753.2103073033045,1931.120312593337,18842.341266327672,0.0012139823621525212,0.9965753424657534,-0.4326697548621497,0.800890276735507,-0.4139705881557896,0.5608065304269174,0.5986151438344379,0.5719754758751445,0.7058986603316726,0.015319079691621496,-0.7081471648883102,1112
3223.8826401338183,1447.892627733603,1167.9434275285587,12777.607119691918,0.00021336428210080345,0.9965753424657534,-0.4288610923172207,0.8004851557619109,-0.418690433257448,0.5621767386648866,0.599284385978971,0.5699259067860658,0.7071318674763513,0.009041024645294188,-0.7070238905954813,1113
,,,,,,,,,,,,,,,1114
2472.3674116782645,1268.6101431477546,935.2439277655826,16946.79528433004,0.021767386720422967,0.9897260273972602,-0.43308665449936573,0.7808976502245056,-0.4501497634881003,0.557485266854677,0.6245008871851946,0.5469998346845037,0.7082698122428461,-0.014053532607515518,-0.7058019348845205,1115
3745.109211420564,1721.145442145195,1366.5632791682629,27731.363998699628,4.525362482191015e-05,0.9965753424657534,-0.4340567441408098,0.786155569698193,-0.43994790952837715,0.5579719784163799,0.6180077567405853,0.5538354303496487,0.7072920289159143,-0.005082601792306379,-0.7069032133121411,1116
4817.306473108697,1304.5293706073155,1530.453208738072,13224.817840312055,0.0,1.0,-0.41732656178929817,0.8001575644325826,-0.43079741515756664,0.5685600518542916,0.5997075785864442,0.5631077051696497,0.7089273645872112,-0.009934398185169169,-0.7052115281758589,1117
3419.774407452548,1455.8044477220474,1218.8942493086643,11228.601784657869,0.0014534233678345737,0.9965753424657534,-0.4237843310439402,0.7931258584933376,-0.43744509752750266,0.564477435731054,0.6089624875954937,0.5572521092396171,0.7083587123146958,-0.01077317458850971,-0.7057704112508201,1118
,,,,,,,,,,,,,,,1119
3980.012907751653,1717.2688183228329,1424.3185529196608,17473.625310502608,8.280841629537297e-05,0.9965753424657534,-0.46185664238270685,0.7848733989608565,-0.41311280480106727,0.5441193255844842,0.6185489758934622,0.5668609388083069,0.7004445741187939,0.037025829157242285,-0.7127457376671994,1120
4027.449716446269,1278.0682254969813,1326.3791325012185,13650.247169433154,0.0004856888560637127,0.9965753424657534,-0.4156195410230669,0.8037972723103666,-0.4256410954621153,0.5705649314702114,0.5948557156762174,0.5662175699355577,0.7083191767107313,-0.007524795927434713,-0.7058521951160046,1121
,,,,,,,,,,,,,,,1122
4208.854087242737,1846.3606790608067,1513.8026160356394,19912.979298926475,0.0,1.0,-0.45735563533852513,0.7662444321467959,-0.45132614928466996,0.5509101599736625,0.6425293023046196,0.5325918618583394,0.6980858245673576,-0.0050562717463658036,-0.7159962399720682,1123
2911.8919201917397,1494.6366014481202,1101.631723441157,21075.180723597852,7.354427370701056e-05,0.9965753424657534,-0.454030987818293,0.7682710860931913,-0.4512376318237801,0.5444833457406835,0.6401245024805073,0.5420133831697465,0.7052614751365458,0.0003994962717804307,-0.7089471715797675,1124
5272.919096737369,1887.1350190599337,1790.0131760889697,24331.33183783971,0.0,1.0,-0.43090456739764543,0.7863418222088555,-0.4427050851764692,0.5546510904625644,0.6177685036505077,0.5574264469381596,0.7118169860606982,-0.005349256272556946,-0.7023446189818745,1125
3718.2050930547202,1938.5089268240788,1414.1780949008564,14189.445006863163,0.0023326064655604297,0.9965753424657534,-0.4486037958169853,0.7705953107341506,-0.4527002335465828,0.5457331196464311,0.6373177782081416,0.5440601177267197,0.7077640825158951,-0.002986076753202227,-0.7064425573576788,1126
2606.7295170531197,1136.4441069528996,935.7925350150939,12876.335721458572,7.988856457169528e-05,0.9965753424657534,-0.4240816016721639,0.7901036637691295,-0.4425957474058811,0.5568760713857429,0.612910832577377,0.5605616401675085,0.7141735337025259,-0.008747102829211456,-0.6999140318288684,1127
3519.5991524327396,1428.8694719127539,1237.1156959096033,20759.660221064136,0.0010002589280781935,0.9965753424657534,-0.4591321557740606,0.7825627297363293,-0.4204678793461976,0.5482123548653987,0.622021098924601,0.5590643670147167,0.6990428295227682,0.026178741762288182,-0.7146004449848499,1128
5869.431921203184,1747.9954234240906,1841.0767603557526,31433.090286960825,0.003402727537487018,0.9897260273972602,-0.41835589018842206,0.7914782175744527,-0.4455789270710861,0.5560376527662041,0.6110783371688743,0.5633874284621319,0.718192507515153,-0.012062211575449233,-0.6957399120368228,1129
2408.9454769921613,1187.536003704071,508.38346270685963,55816.014217149605,92.88668771946118,0.708904109589041,-0.4649077992705896,0.7576715596073483,-0.4580333458816569,0.5362262186587484,0.6526279420402453,0.5352926411704669,0.7045013701905181,0.003252234690567707,-0.7096951756699492,1130
3465.8742760220202,1650.297919281214,1279.042486827186,14094.113861070971,7.420049976202515e-06,0.9965753424657534,-0.44609322677239976,0.7805168783926306,-0.43794318760772133,0.5526512433991023,0.6251228688617255,0.5511787387005344,0.7039726104027162,0.0038472549056892125,-0.7102167010374201,1131
3475.3326332974852,1482.31757395536,1239.4121749888095,15340.86744840833,6.992027546282927e-05,0.9965753424657534,-0.4372920250916924,0.7775917766597722,-0.4518038442314384,0.5487918456733237,0.6287301755693341,0.5509318255928052,0.7124627673876534,-0.007028171857133059,-0.7016747180044847,1132
4125.159503895206,1444.9352836509934,1358.503477905142,26539.28862557251,0.09246341014194097,0.9828767123287672,-0.46393590838380716,0.7767325719182514,-0.42596946443771105,0.5441607770517574,0.6293092823366011,0.5548503184494173,0.699036852841479,0.025619111738129335,-0.7146265734516385,1133
3679.3117869889,1575.0579142351685,1313.5919724760952,18834.83063412553,0.0014765889047732694,0.9965753424657534,-0.46857397700497466,0.7575511299675532,-0.4544829078839212,0.5371267418291622,0.652746213948763,0.5342445539147256,0.7013795629227657,0.006218171792337718,-0.7127608596533841,1134
3239.1837205137485,1561.2450568546103,1200.0966397732186,10832.875680046676,0.00017253176264055722,0.9965753424657534,-0.4651289725809179,0.7609254814586687,-0.45237976361980753,0.5371929935186059,0.6487938739776877,0.5389714248487977,0.7036183102935416,0.007675985664230889,-0.7105366652494041,1135
4218.784018357059,2154.8941734515165,1588.8162363266442,17785.506127502587,0.0014354488833587169,0.9965753424657534,-0.43349906124364584,0.7753860864348212,-0.4591894825278231,0.5524412368209263,0.6312396732404107,0.5443759314913773,0.7119601419747057,-0.01768875039768436,-0.7019970543732541,1136
2605.134889984477,1108.0995578208992,756.7601374359513,68391.36432210464,86.38497630143561,0.6952054794520548,-0.4446198819638025,0.7779175917267138,-0.4440240771001097,0.550780199446744,0.6283662376766563,0.5493605767121343,0.7063669955907477,-0.0003030349710392011,-0.7078457287502038,1137
3575.2362319466624,1829.941499446948,1351.294039232812,22493.1881003605,0.0005974837537449796,0.9965753424657534,-0.44834238396040504,0.7645116985493781,-0.46315328944729056,0.5223043124048875,0.6445548327190761,0.5583433288414411,0.7253876977092724,0.00842201873833115,-0.6882890073307961,1138
3223.8767321032083,1682.8438465090906,1226.6782998288584,18582.567895457432,0.0006867305801481321,0.9965753424657534,-0.4379429620862506,0.7680811078707565,-0.4671802368370822,0.5440258281425647,0.6401375559702667,0.5424571943943691,0.7157107378493894,-0.0165928047190661,-0.6981996981943185,1139
4159.860627352981,1437.941026846972,1399.4472475084287,14787.612908611769,0.0002491271838141007,0.9965753424657534,-0.426974046470268,0.7895707517255236,-0.4407620578729492,0.5679963844686657,0.6134489577797284,0.5486897879763106,0.7036144333875828,-0.01607495625364519,-0.7104001160684832,1140
3672.516358346645,1485.8872628284946,1289.5991205305977,11796.85875905373,0.0006862046496372067,0.9965753424657534,-0.4331640755388636,0.7870365285149464,-0.4392520761996507,0.5549135246350531,0.6169031938070446,0.5581231312602717,0.7102393004049159,-0.001988027618001653,-0.7039575156971662,1141
3339.9553949917895,1647.2722743220982,1246.8064863997913,8376.7616487641,0.0013202015679002483,0.9965753424657534,-0.4264021540091443,0.7816501428166165,-0.45519694341144806,0.5545094225078425,0.6234747365976047,0.551179238700594,0.7146331250413607,-0.01738697959136351,-0.6992833399519172,1142
3307.2633584683595,1666.9042023972722,1243.5414450686374,29477.35621923629,0.0005622371692924155,0.9965753424657534,-0.4449742262194278,0.7582334323110274,-0.47652911781575347,0.5375803145813979,0.6517318911319062,0.5350261184803922,0.7162439133249141,-0.018099839984592386,-0.6976152610268395,1143
4097.401221521143,1222.0262573723294,1329.8565130786226,13101.618324974781,0.00042263247162370584,0.9965753424657534,-0.4335330500751888,0.7930864741887521,-0.42785855016740953,0.5612897653394012,0.6091028030874995,0.5603102485196846,0.7049843216822228,0.0027603858072041687,-0.7092175170231285,1144
4733.316183031341,1980.738714045569,1678.513359966532,32020.76316444896,0.00028421478889852097,0.9965753424657534,-0.41518018094918346,0.8041753907445288,-0.4253555668706919,0.5681430892660756,0.5943679097169362,0.5691574632893079,0.7105201246032398,-0.005359927201404574,-0.7036564671160156,1145
4851.238019049501,1781.861203320917,1658.274447959015,39983.223368865205,0.0005813511920725823,0.9965753424657534,-0.43756940697182295,0.7893064102682202,-0.43073008345345837,0.5582437157686289,0.6139882432836339,0.5580164790705661,0.7049091912347019,0.0037185775470220395,-0.7092878148494202,1146
4086.1684866936644,1452.3580689227433,1384.6250619615382,12547.205477465714,0.0003402994201769504,0.9965753424657534,-0.442087543261184,0.7845002837116686,-0.43487688941768615,0.562312698984438,0.6201225919360956,0.5470396690655033,0.698829759422227,-0.002697374050836643,-0.715282945077752,1147
5300.803242253153,1467.9094842216346,1692.1716919089922,14238.687829285318,0.00020584403657121072,0.9965753424657534,-0.4093534686720291,0.7978316243587085,-0.44259963495163746,0.5626871746685785,0.6026291937803203,0.5658809046673813,0.7182011425427216,-0.017399826919422767,-0.6956179733686468,1148
4298.702691399792,2286.381814609931,1646.2684738967203,23393.790688725407,0.0013637271396703622,0.9931506849315068,-0.4323087476018972,0.7862619613642935,-0.4414762449537386,0.5594035387952321,0.6178404701390896,0.5525765415231452,0.7072318060793439,-0.008079701101093462,-0.706935563470863,1149
3882.4867159022315,1885.245965078364,1441.9327772876345,22129.550827644038,0.09453909719221763,0.9897260273972602,-0.44830788332279775,0.7703199153628562,-0.45346143137646777,0.5372662428209091,0.6376459502668677,0.5520440439252718,0.714398366512506,0.0038561773332698723,-0.6997285929706158,1150
3306.352817268578,1338.0737709088282,1161.1038153250247,22042.735731781868,0.0,1.0,-0.4633179977508503,0.7720374229022691,-0.4350800507936053,0.5355693332520738,0.6350900485147541,0.5566202651336514,0.7060466855952744,0.02487665403446121,-0.7077282174987638,1151
3880.4075574110707,1503.052627615514,1342.0347846469042,19912.917957578447,0.0007493944487458212,0.9965753424657534,-0.4499262467332909,0.7833564692607315,-0.4288578022700001,0.5542127595922731,0.6214670024698767,0.5537390919433297,0.7002960728189265,0.011463285238828863,-0.7137604664633102,1152
2950.6472447614,1396.3160788169557,1086.7404246848876,16087.143862298575,0.00027464250618968426,0.9965753424657534,-0.44725531537670665,0.7704281087439032,-0.4543162027977596,0.5403427335454186,0.6375268711755604,0.5491713929492004,0.7127358649401243,0.0001333656356437285,-0.701432512107658,1153
3765.3469834047532,1874.6050159275026,1409.987617142484,20385.503658552283,0.0003180369152826164,0.9965753424657534,-0.4222212118697622,0.7786618443452744,-0.4641281939378873,0.5556236577251646,0.6268513007438383,0.546204904529305,0.7162482804330763,-0.027261308049572608,-0.6973128579483443,1154
3213.9779752537975,1704.131057652106,1229.5268724609757,20424.096844655254,0.00032919397782064523,0.9965753424657534,-0.42953819378944363,0.7865362850641665,-0.4436863896420112,0.559089592172748,0.6174567016979797,0.5533227353474304,0.7091655434383517,-0.010387194313781434,-0.7049654872361306,1155
4148.541020257318,1730.6815918072248,1469.8012355789044,15406.589147082383,0.0011072027487720995,0.9965753424657534,-0.43077536282801676,0.7743622736336904,-0.4634605225402183,0.5615067008930176,0.6320232237042107,0.5340944387940925,0.7065003974752101,-0.03016146334976083,-0.7070696390709839,1156
3809.980964896818,1458.667634183482,1316.2302174154458,13319.83609690603,0.001711209887516262,0.9965753424657534,-0.4233868239271611,0.806020420803336,-0.4136117485914591,0.5683700362324242,0.5918474693835423,0.5715523378461941,0.7054779225730767,0.0069032044957599015,-0.7086982760876916,1157
4978.301614202212,2272.622565727422,1812.7306692297323,25247.57952578866,0.00013713704611457766,0.9965753424657534,-0.44672132606188875,0.7802189256417352,-0.43783385537434655,0.5572804034807965,0.6255065343002189,0.5460587216078595,0.6999132865846943,-6.0151356245846666e-05,-0.7142278261479499,1158
3384.279101555032,1818.2493164910618,1300.6316808968447,17693.948029253632,0.000254054368495267,0.9965753424657534,-0.4449245470604313,0.7647095399813383,-0.4661131481567539,0.5437354461477487,0.6442204333054977,0.5378957128609462,0.7116135974147618,-0.01411923415794003,-0.7024291673907159,1159
3200.420093310083,1717.6226225874439,1229.5102875696657,14646.314105490756,0.0,1.0,-0.4576022178027285,0.7673952864638359,-0.44911544682309845,0.542454079447549,0.6411565152675658,0.5428276840956656,0.7045167009750275,0.004774645854796977,-0.7096713470362352,1160
3557.3943324074517,1989.242163051636,1386.6587289190716,24629.134258555674,0.00012767410168877913,0.9965753424657534,-0.4824156848389784,0.7435423541820277,-0.4630549368690366,0.526434616509271,0.6686201171900128,0.525179715363751,0.7001012080849998,0.009586783937367671,-0.7139792658135544,1161
,,,,,,,,,,,,,,,1162
3992.421028096195,1977.303746317403,1492.428470168031,41014.53762345086,0.0003342694076009681,0.9965753424657534,-0.4277526588794484,0.7863766651952858,-0.4456898060960154,0.5596531102135704,0.6176091773050892,0.5525823923514103,0.7098000134191598,-0.013063098593835809,-0.7042821142165179,1163
3821.8723772030194,1364.552527280832,1296.5965652120858,16396.33435992062,0.00025956340451251835,0.9965753424657534,-0.4270725877747447,0.7829874026974335,-0.45226069029765364,0.5509956177912554,0.6219301249791692,0.5564231742282376,0.7169468836296143,-0.011560573537764185,-0.697031935561967,1164
4452.157148237404,1516.4077522922182,1477.056184843516,19102.71022063615,7.58769526085779e-05,0.9965753424657534,-0.4373435452703833,0.788057309399853,-0.4332393109031043,0.5563279661774403,0.615594153404247,0.5581604001927952,0.7065619700063153,0.003084703547013262,-0.7076444496672196,1165
3378.1724672431346,1586.330713302817,1241.1254041210698,8699.41228707023,0.00010974475086244142,0.9965753424657534,-0.45149441493949,0.7772847420783213,-0.43815661927064997,0.5513356181315893,0.6291220625870075,0.5479365533943941,0.7015567186321474,0.005818943074731353,-0.7125898613112505,1166
2843.954362430716,1538.8356733569237,1095.6970982755095,11316.296388808494,0.00047727945104809085,0.9965753424657534,-0.44867097170575093,0.7811004132024888,-0.4342539621506274,0.5528253685448956,0.6243598973000087,0.5518684902553533,0.7021954649823778,0.007540765108653397,-0.7119442856149338,1167
4582.096207720725,1682.3253798130224,1566.105035881899,20717.92454303194,7.658477089214795e-05,0.9965753424657534,-0.4468935131806162,0.7955263064263889,-0.4091748815123843,0.5561357268427971,0.6053199695142335,0.5694741327192316,0.7007133802105681,0.02693752570067673,-0.7129341684216048,1168
3763.474220363191,1336.9874184129696,1275.1150265423482,12386.631056076978,0.0002093386484905545,0.9965753424657534,-0.4331448017798429,0.7934041871472066,-0.42766269010562646,0.5589124012196871,0.6086754605198775,0.5631439527543187,0.707108554929117,0.00489689475027999,-0.7070880510713362,1169
3009.9873370718265,1706.9683517830874,1179.238487073284,15451.37899471623,0.00022818337373402343,0.9965753424657534,-0.4565999341848043,0.7680359851285214,-0.44904033855556236,0.5417331540501947,0.6403844335768979,0.5444565795683103,0.7057206883075346,0.005338799495902102,-0.7084700468719072,1170
5906.545882624458,1901.7458066696847,1952.063366574572,17781.831162891136,1.983777577907322e-05,0.9965753424657534,-0.4290586377813946,0.7892009932018537,-0.4393978580675852,0.5621118973711047,0.6140649173131962,0.5540347391265227,0.7070635757688488,-0.009277373245973525,-0.707089124627599,1171
3768.7857215158333,1428.7030178180223,1299.3717550824283,14027.358215534212,0.0,1.0,-0.44767702595993814,0.7828253474186355,-0.43216866599344933,0.5512328692148071,0.6221502286147056,0.5559419186676616,0.7040792599735318,0.01065685101529587,-0.7100414263981796,1172
5172.469950164853,2097.6844160302935,1817.5382198136099,42506.4674314911,0.0,1.0,-0.423871258417369,0.784934017800693,-0.451897935364765,0.5528710420524339,0.6194301639971136,0.5573507717679819,0.7174027928211125,-0.013596309417274771,-0.6965259314790067,1173
3982.730356663316,1763.9939361871725,1436.6806813392514,16140.805152981335,0.0012568474048620221,0.9965753424657534,-0.42594509477872433,0.7701663633160752,-0.4747784210033505,0.5550199481093695,0.636850412826149,0.5351396162534001,0.7145093655331722,-0.03557140002382328,-0.6987210044543737,1174
3740.835976244264,1781.0139809634215,1380.447182222809,10672.031953344256,0.0004408008021586619,0.9965753424657534,-0.4355846103652669,0.7661087087138181,-0.47259231230076626,0.5491427205038043,0.642162555512108,0.5348546763522213,0.7132379124321837,-0.026546162265103035,-0.7004191470386683,1175
4092.0736474608466,1703.9135028482326,1448.9912069336374,13929.152573403351,0.0009642735413576692,0.9965753424657534,-0.4759524524353427,0.7697021874942336,-0.42547362501966524,0.5425854192747538,0.6377277404334902,0.546721493881514,0.6921490632885539,0.029357650590376344,-0.7211572661636232,1176
4424.318110806746,1985.8945172896729,1602.5527390208065,13761.704454624989,0.00140980168836828,0.9965753424657534,-0.43903283261165343,0.7800481109857358,-0.44584203080976237,0.5710221675340977,0.6253640003372255,0.5318397796958059,0.6936741714044488,-0.021090557835387103,-0.7199800915973604,1177
4069.0610724025655,2214.6289570695285,1570.5777067123086,13561.238353674853,0.00042765272914580655,0.9965753424657534,-0.47056650914026865,0.7337440350514397,-0.49008861596855435,0.5171774906804265,0.6793727555983108,0.5205574916224482,0.7149088078972303,-0.008505878978070008,-0.6991659648565365,1178
3434.1163848118763,1806.815347362793,1310.2324950438453,18556.78196313325,4.153998537908926e-05,0.9965753424657534,-0.4650653825943914,0.7781121501934791,-0.4222033534135098,0.5449672399318201,0.6274761336398252,0.5561334454189123,0.6976567188190956,0.028551417367564308,-0.715863059008409,1179
4167.472079190919,2034.4773814846171,1550.4869244047559,14215.703069571926,0.00016552380025152677,0.9965753424657534,-0.44141615245491134,0.787543756258258,-0.4300309434570217,0.5563362668746926,0.6162208872447493,0.5574601118315325,0.7040182799557363,0.006830087988278222,-0.7101490064671211,1180
3912.1201843734157,1751.5119350827435,1415.9068646719309,22462.316279347146,0.001121841146958765,0.9965753424657534,-0.42517153858358625,0.7713161492999121,-0.47360380130191293,0.5536533453631534,0.6355729932718327,0.538065928480583,0.7160287256435003,-0.033442010296014874,-0.6972693138240822,1181
3378.646893935236,1515.661590903204,1223.5766834978247,13825.733371479217,0.00021901841505368258,0.9965753424657534,-0.456071849341494,0.7739599516252507,-0.43929996758305073,0.5456220324806316,0.6331441118055762,0.5490219771171576,0.7030612106423839,0.010701727251605758,-0.7110488078352273,1182
3301.0745131719596,1402.928638593047,1175.988129341404,9807.063918125978,7.238239891948397e-05,0.9965753424657534,-0.4432454593568653,0.7796182716018166,-0.4424124923011527,0.5517731171686051,0.6262550201923925,0.550773162793783,0.7064558655213802,1.6383592625374144e-05,-0.7077570980230545,1183
3504.1354920962167,1341.8589197256665,1211.4981737110475,8005.845264174675,6.462480072123836e-05,0.9965753424657534,-0.43774424016694496,0.7750317022351148,-0.45574756250714554,0.5467352258459335,0.6318627277953447,0.5493906497586414,0.7137650685063399,-0.008680653982657272,-0.7003314024278601,1184
5119.2069072599725,1893.392768555795,1753.1495529857903,25068.33332141041,0.00014920669931979427,0.9965753424657534,-0.4410868696222188,0.8000555904248382,-0.4066367244566522,0.5638993133875557,0.59955086104104,0.5679404276735286,0.698183312467374,0.02120889565515005,-0.71560481058834,1185
4813.036603644896,1914.8528240895869,1681.910350462522,18958.88520035239,0.0013366528779089563,0.9965753424657534,-0.4506368001220957,0.7574034754092325,-0.4725107933304111,0.5365643620895532,0.6528261099644344,0.5347118434111361,0.7134599916681729,-0.01257161830157924,-0.7005831818578935,1186
2975.8848460725744,1382.3611175495544,1089.550081677342,9688.363447984828,0.00044911026250885446,0.9965753424657534,-0.43034263442190246,0.805700883998874,-0.40700282864158316,0.5717420186014832,0.5922080523861116,0.5678033874983046,0.6985100437104095,0.011649386785648391,-0.715505423196219,1187
