R1,R2,band_half_width,mse,mean_error,frac_inside,normal_x,normal_y,normal_z,u_x,u_y,u_z,v_x,v_y,v_z,window_index
2189.581246495683,2070.137859825092,1064.9086869938074,506975.7504681065,0.0,1.0,0.8088257883203052,-0.06528364951918343,0.5844132863423738,0.4688624610369345,0.6714207833538867,-0.5739007965762395,-0.3549208880559525,0.738195215905596,0.5736714969698812,0
2829.305015277855,2357.1302890797815,1296.6082913643256,655164.8280312391,0.00037479055111528563,0.99609375,0.751758102188242,0.17643153500116213,-0.6353988269201214,0.6442754480726558,0.008935242822072191,0.7647413343389314,0.1406019303036457,-0.9842723580863401,-0.10695336508050808,1
2510.7070071981916,2344.7042757000013,1213.8507745645582,588302.2498193019,0.0,1.0,-0.013016583711243986,0.8211557126189052,0.5705557502837265,0.6575735529434962,-0.4228301084139895,0.6235476901471779,0.7532778976033714,0.3832988325731658,-0.534466475964857,2
2665.1478688393363,2170.2783135956684,1208.8555266762964,247265.32569758056,0.0027733118669437938,0.99609375,-0.5729595091322681,0.6486201102051129,-0.501008336789337,0.23143873704394002,0.7144623072022283,0.6602876059587782,0.7862273919741136,0.26236532588125294,-0.559473791955269,3
3690.94634691703,2188.939776171502,1469.971069201885,472138.7913808524,1.8078480471202445,0.98046875,0.8912155543743926,-0.15464502651384446,-0.4264032732234553,0.4462495256365431,0.4672723902677836,0.7632285857871104,0.08121697181195905,-0.8704834456024795,0.485450692060204,4
2788.044443602528,1647.5617127429425,1108.9010989370072,228674.52481958378,0.0011569866332399397,0.99609375,-0.4987259719927569,0.6941960095812851,-0.519003184134067,0.5162550341022902,0.718895566454048,0.4654781458852357,0.6962421594703405,-0.03579196577632951,-0.7169140747411389,5
2565.714333659476,1760.3758660462906,1081.5220420446274,409453.09678076906,0.03758936298044874,0.9921875,-0.5967399752235681,-0.24613696002768443,0.7637525770028573,0.7736610809984855,-0.4290723208558595,0.466203255269224,0.21295523876728217,0.8690877633379132,0.44647119268534385,6
3033.474619214473,1819.5813200567338,1213.26308910521,419354.768981207,0.003631141007848929,0.99609375,0.5367291662745748,0.5953498290705037,0.5978966324507289,-0.40721524254791264,0.8034005138138378,-0.4344230203848618,-0.7389841326488984,-0.010305116660354274,0.6736440130096697,7
2897.566600240462,1608.6264801521206,1126.5478445707715,260514.21733323045,0.000480323356317328,0.99609375,0.4193949133480948,0.728286533370194,0.5419470748785064,-0.5314992437129793,0.6809602355928196,-0.5037873673226659,-0.7359459630912281,-0.0767586011662332,0.6726750006925544,8
3405.375781483613,2405.3940961742,1313.986375486646,572096.677887188,0.9122622003838327,0.9609375,0.09211630053529934,-0.6764248762012363,0.730728385949138,0.46480743621660725,0.6782013664068753,0.5692073030466069,-0.8806069693191366,0.2872147166493899,0.376880713391619,9
2508.396374711858,1493.8176684700577,1000.5530653064717,270339.2833390443,0.005402170968218441,0.99609375,0.5527529533666146,0.718864675029602,0.4215421112286053,-0.5025538281349988,0.6910590479959808,-0.51949691241599,-0.6647584691986581,0.07530585088473096,0.7432531240776479,10
2149.39999323064,1574.8396493167882,931.0574988442073,240266.78315141,4.432666887744606,0.9296875,0.8780305978733913,-0.31699244004887744,0.35857783276431593,-0.11192454423224305,0.5924432088920372,0.7977994363473258,-0.46533339187780143,-0.7406259765830285,0.4847040305319686,11
4184.467336907625,2634.9825029149497,1704.850325151902,547806.3022493325,0.0074614516147822945,0.98828125,-0.07072346297132134,0.7491359024456623,-0.6586300869625279,0.4596050083594564,0.6104913181134822,0.6450299115536945,0.8853030148351737,-0.2570909375590397,-0.38748267283681953,12
3120.908013387069,2569.7965777252575,1422.6754938323704,444181.7534249434,0.0017713299684852005,0.99609375,0.39608358928176646,-0.617792415887635,0.6793013478371673,0.9104442899754328,0.16819675998794772,-0.3778902549427368,0.11920144777981025,0.7681421618432853,0.6290855538366152,13
3467.585443217905,2689.985599318828,1539.392300843856,567536.7184431611,0.0005708234745248398,0.99609375,0.762333874623047,0.2992980619198766,-0.5738185547132632,0.5144521298160837,0.2577042340264903,0.81787990187589,0.3926653406272419,-0.9186997321735899,0.04248214182767218,14
2402.7325634650283,2241.1680832926468,1160.9746033649378,635279.6561751729,3.814422781443788,0.9453125,0.9624570560436552,0.1276909194983384,-0.2395233691092572,0.24712621424282302,-0.04722350416098831,0.9678318939199966,0.11227221163667774,-0.9906891387980521,-0.07700636831965955,15
2768.5611128351284,2646.5578279858046,1353.7792034969814,865203.1356211009,1.7554436059341485,0.9609375,-0.4458030555800674,0.12006292003534523,0.8870425755667322,0.785979030647703,-0.4217221677887812,0.4520922213195314,0.42836503010583454,0.8987409573554093,0.0936380934999752,16
2880.150976006825,2231.816164983153,1277.9913148718597,204895.9238221714,0.0,1.0,-0.45385448049126664,0.6985942685988,-0.5531565406093559,0.45145907080812686,0.7154761374799115,0.5331778353250344,0.7682452849989156,-0.007742388374036124,-0.6401087700533405,17
2353.4440123034897,2351.159397827182,1176.1502822656432,425502.35136319767,0.0016963453927346386,0.99609375,0.06308398380007371,0.6461225978225827,0.7606221135168955,0.7714474913981016,-0.5150880808249763,0.3735679817752303,0.633158099532406,0.5632138648639963,-0.5309434653722298,18
3079.751133971737,2346.369722549134,1356.5297352207886,692392.550261708,0.0028941693994792186,0.99609375,0.7629157322438389,-0.5322315279319553,0.36700025363760097,0.3714396250362688,0.8254812879904546,0.4249861740463283,-0.5291428828282236,-0.18791020156669608,0.8274645404483509,19
2444.271344456453,2187.213598643121,1157.870495191748,487931.5153239254,1.3653717909276475,0.9453125,0.9111825694892757,0.40056068876847556,-0.09642333572453289,-0.3689720135077161,0.6892201597546623,-0.6235665358530872,-0.18331933424214492,0.6037604707175539,0.7758010799760042,20
3762.5124415819564,3115.4131941930686,1719.480904983402,535493.4411817365,0.00028861060727047475,0.99609375,-0.41338514443588603,0.7857321110714696,-0.4601497277961745,0.493015847783525,0.61800821178889,0.6123734350833572,0.7655377823425921,0.02628497275384406,-0.6428537967635533,21
4073.7041428716207,2851.270225855465,1731.243142804675,736306.826827683,0.0,1.0,-0.6810070231991148,-0.17915757041183872,0.7100225343731053,0.5153865466252756,0.5715303011518225,0.6385372521810921,-0.5201981756130571,0.8007844153262688,-0.29688074753916405,22
2716.579702412031,1759.4286416997659,1119.0016735463919,315882.38034183835,0.0006152769663954243,0.99609375,-0.593552365964113,0.7395898508145407,-0.3173364798294219,0.5279297870421761,0.6554265893363272,0.5400982558243935,0.607441955096951,0.15304521738059904,-0.7794815152554413,23
2719.7250463897185,2563.554801016017,1320.8194286656758,682841.5367247326,15.348476089824084,0.90234375,0.8953355003280581,-0.2708069439449699,-0.35360704314746316,0.4450586790553153,0.574698402317913,0.6867638011505673,0.01723699654359226,-0.772259895038208,0.6350728623281994,24
2474.7203375613713,2083.644375304976,1139.5906690171503,641326.0536388343,0.0006664269601372567,0.99609375,-0.10475578775830804,0.8528550092127242,0.5115315808353388,0.46406683156899753,-0.41300686698143096,0.7836244659680389,0.8795841067053498,0.31947403820490156,-0.3525168622128666,25
3037.730096229926,2398.8570574885725,1359.1457293334593,462710.72377578483,0.00026608168070867475,0.99609375,0.7575451180130401,-0.4963473725947933,0.42398665060689633,0.040855878343516616,0.6842836064144106,0.7280705619631026,-0.6515030248428543,-0.5342239527676886,0.5386544132464502,26
2528.451624927914,1972.050131876822,1125.1249013062686,506019.09952005465,0.0,1.0,-0.5889545116916811,-0.3992009980106832,0.702688513030694,0.47504432327422413,0.5324116936257928,0.7006216378441715,-0.6538084383693346,0.7464424637423768,-0.12392810108793978,27
3312.4851663326062,2803.0064144337166,1528.8724125872204,595947.5408851601,0.0,1.0,0.7078848039905788,0.22264229925307297,-0.6703204538595886,0.6403739000233316,0.19813167600448098,0.7420681283632679,0.2980274692845071,-0.9545544748975621,-0.0023199148500951117,28
2293.5528678543455,1507.4597691738586,950.2526981551998,282139.9583966715,0.0013344204816911804,0.99609375,-0.48566620803556465,0.7121608646329352,-0.5069075233784027,0.3895078753354934,0.6954452512678185,0.6038538875760183,0.7825675366535373,0.09582695536388039,-0.6151465233598443,29
2772.8475025769603,1842.101415732224,1153.7367005392664,300162.061579566,0.0030275472752759056,0.99609375,0.000636514783661123,0.6646204333974375,0.7471808846320499,0.7016120988576483,-0.5327073482660079,0.47324765592653906,0.712558809913607,0.5239299195636767,-0.4666448133221922,30
1943.429194107608,1938.5135365100082,970.4850531860407,396972.062289065,0.0,1.0,0.3428200662575901,0.3137177992282385,0.8854691099177499,-0.047466049554949166,0.9471697304807516,-0.31720100220627834,-0.9382011385149714,0.06671314794259767,0.3395997343650322,31
2393.6226337424364,1911.1057359804636,1060.1475663390595,647381.7743435517,3.2518287371037826,0.95703125,0.8300334513406447,-0.3418659072363311,0.4406497147678844,-0.19237301701718293,0.566111823891973,0.8015672306010335,-0.5234855222250604,-0.7500967299749973,0.40412597503943215,32
2868.456197168326,1768.2624511059996,1159.179209862519,743862.1795126931,0.0007486426903949143,0.99609375,-0.36602915365227606,0.4112671347543441,0.8347945870377639,0.8866473056573709,0.4265585604811065,0.1786178878242904,-0.2826291104028796,0.8055477256818732,-0.5207817658113988,33
3678.617754662415,2092.615308641648,1442.807822527276,318543.43092315504,0.0,1.0,-0.34767061143321387,0.7522559435523106,-0.559675031903227,0.47373653741482963,0.6560524587169162,0.5875107356718656,0.8091346235725321,-0.060878294996754234,-0.5844612854025707,34
,,,,,,,,,,,,,,,35
2767.8257419539027,1896.407063896131,1166.0577357464554,301512.56383892527,0.0017693110398781622,0.99609375,0.7437611030815531,0.6636176719054246,0.08019356007645242,-0.5058651918675335,0.6372182280819015,-0.5814235439479426,-0.43694373688123156,0.39187308574969243,0.8096392131469914,36
3480.6225499241204,2945.8971100046574,1606.6294245362988,939402.725096833,0.0,1.0,0.04044911897974217,0.8027845786929818,-0.5948956118400054,0.42797230618606924,0.5240834489470344,0.7363261802201241,0.9028862463851911,-0.2843825922107627,-0.3223708537320752,37
2802.4997703083836,2345.344326769833,1286.9604918838036,742877.2873174499,0.0,1.0,0.8877865368746115,0.062170472647151157,-0.45603716655006754,0.45792125069539413,-0.2189752145974592,0.8616019867395633,-0.046294633660395164,-0.9737477536419925,-0.22287242801976043,38
,,,,,,,,,,,,,,,39
2897.4204142645103,1462.086235018884,1089.8762478466806,211341.54607010185,0.0028657141308311754,0.99609375,-0.39913534618216995,0.3988384222300468,0.8256021368559351,0.5908671426524021,-0.5766499360387021,0.5642259042266198,0.7011183888344572,0.7130236771802236,-0.005499147076326538,40
2538.300858620644,1561.1552184399925,1024.8635363834212,479832.37420254963,0.0031157997462017005,0.99609375,0.21160552453308046,-0.6063851955442761,0.7664985953097435,0.9550983847378576,-0.038117178517052215,-0.2938267451629185,0.20738895211224578,0.7942569328162199,0.5710917152394661,41
3642.5615862451737,2375.5626513139996,1504.5305950787817,702381.2471957346,0.0,1.0,-0.27775708467697563,0.7371226163927774,-0.616036728056058,0.5992990085251121,0.634141158564377,0.48857516248316124,0.7507940465217908,-0.23348498756214717,-0.6178940526421491,42
3484.996129266568,2951.0238961513796,1609.0045182323786,970662.0386674226,11.888636350958706,0.9296875,0.8857763102775702,0.16477035713460297,-0.43387908172760437,0.2920020348411255,0.5287875624418248,0.7969432385405346,0.36074248405156817,-0.8326070160745518,0.42027421641558677,43
2429.3538857673084,2159.2403851989766,1054.186747015355,553719.8075975265,0.10651965352092913,0.9921875,-0.4558214833100101,0.34519643640406306,0.8204061162905831,-0.5058007552802587,0.6579795127385624,-0.5578786219010761,-0.7323881288708753,-0.6692550941982135,-0.1253205792308603,44
2496.11533823031,2288.6282716243554,1196.1853866969336,682843.6194576023,0.0029910398043577376,0.99609375,0.020872185260478505,0.6801354040387204,0.7327893176456237,0.7966604122301422,-0.45416077702138435,0.3988360267085113,0.6040666680654978,0.575459660435394,-0.5513162792298345,45
2897.5891143742238,2400.06314004854,1324.4125489224202,589512.7454547503,9.8453397116111e-05,0.99609375,0.762664742326861,0.4876306494896705,-0.42492215815344925,0.30997753574159576,0.30104044240980304,0.9018251379116009,0.5676763322061882,-0.8195065598956438,0.0784383843595548,46
2680.6267342288647,2257.521613049478,1207.4981994450059,683617.8321103733,0.00348897482504522,0.99609375,-0.5240424471067147,-0.23107441955731958,0.8197463792275352,0.6344349641920646,0.5362285533075165,0.5567326241817895,-0.5682180829936864,0.8118272915121638,-0.13440483218621418,47
2553.5010354394462,1905.1158536545342,1114.652319039298,465814.6030378379,0.0001093643361255834,0.99609375,-0.4887355037788563,0.321493157458093,0.8110362242549055,0.6575320866047607,-0.47525505581529726,0.5846231153548312,0.5734013973049047,0.8190084136500825,0.020881952474764987,48
2693.738767514421,2269.830540526769,1240.2338596587138,634669.1321651842,0.0,1.0,0.7685305010814332,0.38225230724027387,-0.5130731356415072,0.6384797770920425,-0.4064522900160144,0.6535595689646303,0.041284902228501036,-0.8298672842992576,-0.5564313500313925,49
2831.1423493427687,2726.5643354179615,1389.4261044259042,667004.2114655987,0.002363394427082987,0.99609375,0.24668091947023166,0.7289632327708478,0.6385617661883585,0.711881875641873,-0.5833988578586502,0.3909858920496128,0.6575505449027703,0.3581317884766686,-0.6628490800933293,50
2866.416178196514,1914.1034098522603,1195.1294394171189,736214.3481306316,16.876678098496814,0.90625,-0.2681580812926288,0.9235995695437452,-0.2739618195589754,0.7962953124387704,0.3725573510610214,0.47656562565761695,0.5422222965034701,-0.09035958891564061,-0.8353622722301383,51
2631.8546516600004,1764.229986120207,1099.0206900819478,449222.70529032196,1.7287194741472958,0.953125,-0.3406541554495657,0.27827834638313753,0.8980623075874022,0.654051855473233,-0.6160419080643111,0.43898580598978826,0.6754042617032886,0.7369216576019119,0.02784876712327275,52
2500.5878032287687,2112.393007187175,1153.2438760054874,530506.9564072319,0.0023567445965340596,0.99609375,-0.21728297449518771,0.7962481906671894,-0.5646033367362883,0.6254452673641431,0.5576528547487193,0.5457485786719005,0.7494039808583347,-0.2345466103993636,-0.61917813351559,53
2969.3397498366753,2118.5406504718826,1271.969604594723,535857.703970785,0.001417470524161052,0.99609375,0.39588298418406,0.7747118450542563,0.49304991630275463,-0.5960454591700071,0.6252235776377378,-0.5038107666264021,-0.6985746011961348,-0.09443005400028986,0.7092788531072696,54
2650.8079904672104,2128.5923041985934,1194.8495793072539,444460.2730748448,0.7653828075096167,0.96875,-0.13471898928390638,0.4919744870128537,0.8601231877206673,-0.5918814714887608,0.6562093249295308,-0.4680444910303174,-0.7946868047442478,-0.572145458781217,0.20278672629491515,55
2903.1326955983127,2441.377203838771,1336.1269635155406,864095.5294292434,0.0,1.0,0.44486236008749996,0.2078569287225647,0.8711446365325348,0.8580113079303854,0.1799245500423003,-0.4810860128455877,-0.25673736783134776,0.9614690080673939,-0.09830193530614141,56
2412.360945380928,2333.306480587656,1186.4136849295007,640764.0781863325,0.0003119436218007409,0.99609375,-0.5383038052081442,0.7984716142796134,-0.26957762238016075,-0.6547750209504111,-0.19487698084987398,0.730268878067679,0.5305644967747287,0.5696192092306457,0.6277222883072042,57
4631.4204898287235,3081.859365820287,1928.3195247405986,1049392.3538269363,0.0068365037713892145,0.99609375,0.8404529189780937,-0.17730404179743184,-0.5120568012862406,0.5413413955047346,0.31701912146051764,0.7787479503288519,0.02425663814687573,-0.9316985313880752,0.3624216634186144,58
2607.5437832972425,2223.1801244152202,1207.680139752353,180076.6626915666,0.0012651668924618747,0.99609375,0.7307599873797813,-0.6280998040741759,0.26735833064762327,0.19747033340759565,0.5694156836842895,0.7979794775545586,-0.6534487801416382,-0.5303361342548093,0.540137275546754,59
3244.1697147179084,2582.3261616900645,1456.6234109106304,833450.267968531,0.0023914890294022798,0.99609375,0.7281756883870418,0.5337796091111308,-0.4299296404520469,0.6607705979294396,-0.38011510616328426,0.647220768346046,0.18205049781318572,-0.7553752941178602,-0.6294964505716674,60
2868.5538367786226,2728.3401906753043,1399.2230116530422,1146091.0828583864,0.0,1.0,0.8037859283456319,0.1625110985469778,-0.5722921668541386,0.32751855990964013,0.6821899318966831,0.6537189684669663,0.49664854203779385,-0.7128864142820044,0.4951092667521791,61
3140.155652936214,2218.265728749918,1339.6029053624638,628514.2138479997,0.0018506080746920265,0.99609375,0.6453853923546777,0.39733345416875493,0.6523831861211051,0.7484269823254005,-0.1581300102972335,-0.6440900185305555,-0.1527571519192906,0.903947468629523,-0.3994298768191783,62
3160.404936937107,2055.293602000497,1303.924222050676,576487.3129117822,0.003732771770303182,0.99609375,-0.5711467538190402,0.7409267774989969,-0.35329717800588833,0.49180523964675626,0.6534811179735384,0.5754042359142407,0.657205441135395,0.15488685818043516,-0.7376252905812168,63
1881.0039140023084,1666.1988186726442,886.8000114170181,368756.01758959773,0.0016554949644618955,0.9921875,0.20711111668229085,0.7553721921214834,0.6217055868465388,0.6120601192803365,-0.595802357136636,0.5200018861667414,0.7632086187492608,0.27282302432165284,-0.5857304855194342,64
2655.892729263705,1762.3113675614422,1103.0017563093452,543968.0855778089,0.00017078983744128073,0.99609375,-0.680574621709433,0.20201178381008847,0.7042793646607349,0.7136127937679716,-0.03509603587459706,0.6996606669211579,0.16605711323437083,0.9787540587235157,-0.12027272207991416,65
3803.279331755535,2416.2019467005166,1554.869717676721,467193.9525898064,0.0029687349507481423,0.99609375,-0.6713606715776511,0.6789466519655013,-0.297163746852879,0.4841144674903893,0.7053418125078876,0.5178089511534006,0.5611666695602139,0.20377529613013584,-0.8022266498077544,66
3021.8770883139928,2276.090696415118,1324.491468604962,276856.893045321,0.0004306658724142684,0.99609375,0.42848700439204734,0.7152740366741736,0.5520705928837024,-0.5756806803519608,0.6870499626215271,-0.4433442264553152,-0.6964126946980742,-0.12784913500525272,0.7061614244220478,67
2903.091397095329,2600.47435041543,1375.8909120762642,466266.34567454824,0.0,1.0,0.7059470966271046,0.6990670815152433,-0.11377131582926107,0.5641676974193451,-0.4579044284072981,0.6870504665841803,0.4281979751847452,-0.549207383405163,-0.7176473674869426,68
2711.3132080479545,2334.7366487256677,1261.5119517324672,497998.2539584953,0.0018166005352961941,0.99609375,0.8220653777228671,-0.5054388606259915,0.26218328115739825,0.22959183559171473,0.7156123930730739,0.6596866619159852,-0.5210528800217756,-0.4821104241243161,0.7043248080052876,69
,,,,,,,,,,,,,,,70
2680.3466227177532,1906.8820503609688,1146.8066605004021,518462.2786727893,0.0010854322568336894,0.99609375,0.7173575107576852,0.03777232197795161,-0.6956805685456017,0.5918137860591262,0.49386211623037335,0.6370687975272531,0.36763384554458606,-0.86871943793428,0.33192151747852733,71
3860.7584998223183,2260.607614279355,1530.3375289014004,548848.4792848227,0.0,1.0,0.7633446515032309,0.10822296210912408,-0.6368616282158456,0.5948153533937109,-0.5023236913179765,0.6275871290169971,-0.2519913458603799,-0.8578803527374952,-0.44781878254319013,72
2756.353124869367,2061.6609023205724,1204.3458930814431,701456.0329329862,0.0,1.0,0.8559709243185225,0.4994468295527526,0.13366615566776016,-0.45380487760270394,0.8496435068826075,-0.2686392455994088,-0.24773960076114024,0.1692890299515247,0.953921545281782,73
3186.3923150357805,1941.1332276314567,1281.880949565836,445901.3104538133,0.0009188003612993524,0.99609375,0.6863144705264156,0.7272083235856152,-0.011853339354169365,0.6094672069102983,-0.5661480134827972,0.555001036512944,0.3968906288223563,-0.38812946414473853,-0.8317651999306732,74
2388.0188440104307,2326.9926833654704,1178.752369016006,603243.4325149875,0.0,1.0,0.8257879275927202,-0.3171270371485782,-0.4663740354602564,0.5634675660752089,0.49918815279529405,0.6582670355487219,0.02405411863694837,-0.8063756137298463,0.5909143499344157,75
2845.058805158439,1827.6628249813834,1168.1761270426687,293900.9538034929,0.00047454646432134814,0.99609375,0.14198950677676456,0.7339488924769427,0.6641972622626204,-0.5436787541506474,0.6185500006479918,-0.5672823891004984,-0.8271954982049232,-0.2805617934256878,0.4868600289808874,76
3093.847734907185,2247.455940792759,1335.3253833564702,692147.3813724522,0.00432965481535923,0.99609375,0.7274547870570398,-0.16316837718008811,-0.6664725151693905,0.5804964726381938,0.6642193842775841,0.47099517492700677,0.365832445311254,-0.7295126388475552,0.5779082381479476,77
2809.1210034877927,2243.194136301318,1263.0780899380736,855387.2827249862,0.0057574353953327665,0.9921875,0.7732538571768798,-0.23811659554365733,-0.5876895092544837,0.513456344465615,-0.3087099594475766,0.8006626900673487,-0.3720766785073814,-0.9208684204947923,-0.1164486901873131,78
3347.6818384377366,2612.998753714265,1490.1696955780512,553274.3946713961,0.0,1.0,0.8071841060315456,0.4692038152769361,-0.3581921254014686,0.5879883760935175,-0.5854380290640379,0.5581505027360659,0.05218705346120764,-0.6611430207263642,-0.7484426615284938,79
2683.9166461720915,2588.528394347532,1318.110756222317,269877.9449596583,0.0,1.0,0.579789573787577,0.7289006853354361,0.36407120326215237,0.38323498892842184,-0.638296449420069,0.6676140995506054,0.7190097310803604,-0.2475508706816943,-0.6494178724338304,80
2714.079358136117,2148.1694088267996,1215.5617368052076,683431.5386400914,0.001083656302808926,0.99609375,0.844825699990224,-0.08530576259052224,-0.5281973717322698,0.49609184647870075,0.49466081577211846,0.7135850034838285,0.200405629894425,-0.8648893595186102,0.4602216632212211,81
2217.3041160155963,1367.673402683499,896.2439112377359,305183.95452204335,0.0005111072341055978,0.99609375,0.7569665065186637,0.03448986152659654,-0.6525428395598301,0.585217410325146,-0.48006974190514645,0.6534934013128638,-0.29072717564971373,-0.8765520477182186,-0.383580782860323,82
2063.181568841188,1657.7327024397098,930.2280822607303,323617.9643597198,6.714244740374493,0.9296875,-0.25928909650625004,0.2135378132079885,0.9418974290034573,0.8581606826826648,0.4983662770626383,0.12325297799383465,-0.44309074367514795,0.8402574939963798,-0.31247069726988574,83
2718.746486871955,2658.031806123242,1344.1940684941305,532422.2874129097,0.0002894685062786193,0.99609375,-0.5443283934463196,0.17156568711801531,0.8211405574515681,0.8043475979998019,-0.1711877329750159,0.5689637085709631,0.23818384009016627,0.9701855364220795,-0.044816104664553214,84
2171.421313802189,1997.150316665376,1042.1423851806426,637242.4258815637,15.608660434904639,0.88671875,0.9612775911355999,0.2714709065543512,-0.04742298677959025,-0.2687391790539838,0.8853158644059347,-0.3794668284218843,-0.061029881385509216,0.37751737327668994,0.9239891700947254,85
3175.060376280467,2329.161292082784,1376.0549561468818,260920.02188623915,0.002557665765385469,0.99609375,0.39768558753495536,0.6669311612699151,0.6301182425498726,-0.43297256993112804,0.7418974473884171,-0.5119794246312885,-0.8089381479162743,-0.06921707654700185,0.5838048211175331,86
2346.3904920382724,2100.4381798054906,1111.7064776435561,544813.3947519094,0.0021544997178263607,0.99609375,-0.5032915387014423,0.8401082246347078,0.20227653836432485,0.7548092225923703,0.313456069320689,0.5762016401360943,0.4206669282948642,0.4426776067378414,-0.7918812233736957,87
3143.1158867495537,2167.3878364134553,1327.625481079419,718082.9371936949,0.0,1.0,-0.02837856691307088,0.8405469049253443,-0.5409949699954562,0.5422981109689137,0.4675894116018929,0.6980493542704151,0.8397067439168917,-0.2735709099634311,-0.4690965161267691,88
2991.464219673998,1522.2761949669743,1128.4262183070116,583020.3040575696,0.002046112819608248,0.99609375,-0.5591586309576883,0.601178905234416,-0.570898895888469,0.3211004103229406,0.7919029070515348,0.5194076552129044,0.764353420817859,0.10711540367508948,-0.6358381385066169,89
,,,,,,,,,,,,,,,90
3414.6088422798475,1975.6970543376792,1347.5664151699198,202078.45569527394,0.0021271577069112988,0.99609375,0.49549478948844183,0.6818545637702838,0.5381071152246929,-0.46355167964895,0.7314858630359556,-0.5000482701431734,-0.7345779426884815,-0.0016691447448062557,0.6785222620307891,91
2777.0070893770176,2525.402559266955,1325.6018637781235,543164.6360563462,0.0012551511259472333,0.99609375,0.7638111403122921,0.4761818222672729,0.4357102409595802,-0.32812063918750184,-0.29484970686706685,0.8974410824670275,0.5558141668525743,-0.828441019326436,-0.06896440693107245,92
2590.986158321367,1720.975236582813,1077.989891036608,601337.8433000597,0.00020505794183158624,0.99609375,0.03734093076677537,0.8429568152472665,0.5366837639780587,0.4160315899735176,-0.5014163211084721,0.7586167603409198,0.9085831668227065,0.19494994371435811,-0.36942001625817567,93
3488.3812917096907,2997.863483560813,1621.5607104016033,426970.7882050829,0.0,1.0,0.4001526019639477,0.5797585520634647,0.7097590552087076,-0.4672156286308207,0.7953180860526068,-0.3862365834054634,-0.7884081756961869,-0.17705694933239224,0.5891208578793636,94
2651.1299144878176,1751.049941557938,1100.544526004486,175250.41708407883,0.002482614536263703,0.99609375,-0.5552305798905607,0.7077957627500715,-0.436742671818814,0.4154881136724056,0.6909541614675173,0.5915673876640481,0.720478056953394,0.14699491482280805,-0.6777196060797546,95
3000.110649641433,2230.9860279139466,1305.2707396113396,782781.964803525,0.0011079091018848667,0.99609375,-0.5831443228556582,0.166787768779492,0.7950626006213439,0.6234014465407575,-0.5356485244911369,0.5696062628354424,0.5208774665620572,0.8278058337533185,0.20838465978057577,96
2504.43054389737,2182.0280860824173,1171.6133315206196,535617.2888138231,0.00023028321229696009,0.99609375,0.5190164743392837,0.63385808970716,0.5734508012700041,-0.6320942128047751,0.7362338075149591,-0.24169544226306333,-0.5753944781653119,-0.23703101650378175,0.7827755053091867,97
,,,,,,,,,,,,,,,98
2973.3545987496823,2348.9222861510852,1330.5687372294235,532231.4766188625,2.402285132569947,0.95703125,0.8568532192176623,-0.2794643083592864,-0.4332461899077643,0.515421128906632,0.48387339983143063,0.7072535562386276,0.011984180945809858,-0.8293167267629651,0.5586502896430109,99
2851.551702590179,2168.675304700675,1255.0563056932565,677288.0501834848,1.8571135666366994,0.94921875,-0.20409194383263626,0.27554406065239245,0.9393731681828084,0.8996225509155011,-0.3256053805981836,0.2909646061118065,0.386038527024056,0.9044648178700501,-0.18143221568507223,100
2703.2295945019778,1899.7595041729173,1150.7447371624176,270289.96772759024,4.4538908822086814e-05,0.99609375,-0.428584272808114,0.7247871593653742,-0.5394433192844377,0.5151500415316237,0.6865291619573509,0.5131258563862319,0.7422506017589386,-0.057976576315001055,-0.6676097368877152,101
2691.888552357732,2248.852542945007,1229.2826275456982,675671.7744363423,0.0,1.0,0.8307114674652887,0.4723521757391567,-0.2946215876275046,-0.5470826307197982,0.5946998594023855,-0.5890947906674169,-0.10304878934937287,0.6505501512575858,0.7524396638351548,102
2461.3724280558954,2461.3724280558954,1230.685677781547,804285.7763920489,5.222880267280482,0.9609375,0.7907932605174611,-0.2509362669168219,-0.5582804036199125,0.5086327900927555,-0.23798671646621256,0.8274388241000596,-0.3404977297466486,-0.9382927649361259,-0.060563877896797236,103
2583.56371844727,2321.3688808614274,1226.2326481452253,743108.6984459611,15.283815583985215,0.90625,0.9105450920505501,0.11785276411129086,-0.3962554243590664,0.31434689030510216,0.42515936933057086,0.8487788541345405,0.26850264039328814,-0.8974130802822967,0.35008012717101344,104
4685.5619478017425,2196.1383783456527,1720.4246904427287,862768.7650890353,0.0005691443002284033,0.99609375,-0.49039724603527224,0.7271885408621558,-0.4803200673715283,0.6784976330593433,0.6644670464132034,0.3132483139041337,0.5469474408148278,-0.1722799183587066,-0.8192485134050767,105
2973.235496734233,2317.182258159274,1322.6039676167252,350253.78624460695,0.0019633915653296968,0.99609375,-0.5563054178003071,0.657142766678904,-0.5086134743866123,-0.4191676397205126,0.30657870078291366,0.8545805930615293,0.7175115134526834,0.688602123455814,0.10490159024048959,106
2789.007399263464,1745.4592007332492,1133.6162434069104,367090.51302372036,0.005474691897965655,0.99609375,-0.5504484164391401,0.7108618051706725,-0.4378150691663501,0.49822680257000074,0.7004931560831207,0.5109592855419913,0.6699078996701835,0.0631255275637492,-0.7397557527517322,107
2888.8307092881673,1974.9558309707443,1215.9461685243884,467211.93321997195,5.198685461584537,0.94921875,0.08494722959497297,0.8359996212790909,0.5421149337597662,0.788644117366814,-0.3889356181840602,0.4762032560267746,0.608953548578919,0.3870836061227595,-0.6923451866981835,108
2924.2628373031685,1991.8949916569059,1229.0387943661647,721984.9456847553,0.0017771521402344043,0.99609375,0.884601674007354,0.2142128377505153,-0.4142375387217561,0.25723059392367764,0.5167851167317196,0.8165571410956217,0.388988817182524,-0.8288823820467258,0.40204688388232357,109
2519.534993655583,2305.080944933779,1206.1534682779686,262953.6044441623,0.0,1.0,0.507954539859011,0.5186932200818258,0.6877059901424207,0.7996012882290542,0.012977589967593508,-0.6003910076117647,-0.32034351140464445,0.8548619336476387,-0.4081557412326364,110
3132.312411801221,1946.5095232674685,1269.7050072520474,468119.32531552104,0.0,1.0,-0.3839501810465964,0.7627175684324914,-0.5204269106019728,0.517077460290841,0.6445670030571958,0.5631734001433649,0.7649922604402346,-0.05287049625540441,-0.6418656807247508,111
3226.7030456390576,1438.923619605467,1166.4042281298807,145023.85902012925,0.0,1.0,0.41212389798668486,0.8136837583591033,0.4099666255817233,0.5823702248863487,-0.5812899870904992,0.5682841473014629,0.7007130752840881,0.004548877986007421,-0.7134286886823267,112
2463.6695446043386,2196.263365345574,1164.9827223784932,629061.5416294328,0.0029222737063621775,0.99609375,0.6958528374143693,-0.1454187222322364,0.7033080576011588,0.608694780932498,0.6391444296205793,-0.47009048251429514,-0.38115547002228584,0.7552137401486603,0.5332660821417037,113
2337.367197455228,1558.3823423914969,760.4589958824279,532816.8231048846,0.07825021490845507,0.9921875,0.8820982166878286,-0.32151086587903105,0.3442869431707634,-0.009686244282454872,0.7183343748473128,0.6956305791038955,-0.4709659359102879,-0.6169493407358794,0.6305272382520128,114
2374.067974309229,2162.732793735327,1134.1813962168185,464340.28778137267,0.0034910284186430575,0.99609375,0.5910761646527419,0.6167513616661898,0.5198525997456447,-0.2103236414385287,0.740035450965825,-0.6388360487369551,-0.7787123560284902,0.26826346973956156,0.5671347083117462,115
3552.8796842152165,2584.790260479533,1534.4169286790411,710047.6096817352,8.459508304499532e-05,0.99609375,0.3968681695627556,0.652229099372919,-0.6458272663174719,0.6071611179769544,0.34113415382544976,0.7176230667354341,0.6883683845186985,-0.6769229579686195,-0.2606228619483178,116
2049.6505745169798,1704.1691482039103,938.4535999259951,379777.098190918,0.00040000356959490283,0.99609375,-0.6530700480130045,-0.17650561738088977,0.7364409544704064,-0.4896065760488054,0.8402962738444762,-0.23278224342259124,-0.5777412163573391,-0.5125894450689364,-0.6351906388839988,117
2395.7882119142837,2095.1387763728867,1122.7312209379993,459193.78451161477,9.790419973310734e-05,0.99609375,0.7084027970305845,0.7045639404649638,0.04189428309122509,0.5144855518131919,-0.5561009221991297,0.652729945157071,0.4831874316812473,-0.440841715500882,-0.7564314164149447,118
2097.180811805433,1814.3060370614014,977.8711930651856,521139.42294068664,0.08080430188570215,0.98828125,-0.3904373351571429,0.9170315334414492,-0.08131330757885322,0.6711002706362341,0.3439627760610472,0.6567450307663936,0.6302246536492857,0.2018483969676308,-0.7497160199530456,119
1925.444725347092,1920.4842860483523,961.4816413386741,586605.9208747931,6.931503420124216,0.92578125,0.40434616022135483,0.9145847866755502,-0.0062330326394904965,0.7143928153905528,-0.3115694432975533,0.6265519829364617,0.5710928891455452,-0.25779672221518096,-0.7793547087061852,120
2460.331788160639,1868.1330020646265,1082.1133460148305,460026.24363325234,0.0017937240608910197,0.9921875,0.7877437118663011,0.5283567744381219,-0.31670011575691837,0.5751091855574705,-0.44660789510634197,0.6854128775534536,0.220701765064362,-0.722066829963838,-0.6556753952707459,121
3519.8689255498753,3015.3818335478168,1633.8122038424979,643384.4984760935,0.003262181678456052,0.99609375,-0.43416031913029146,0.8193631794609287,-0.3743645248101926,0.4289911907863345,0.5534814752381397,0.7138801123409556,0.792130908070381,0.1493393341082328,-0.5917992799655162,122
2119.0347670315164,2019.2602166430022,1034.568306468852,665395.9639759411,0.0010317596845207412,0.99609375,-0.2103921037560339,0.8468752261561494,0.48840302415124437,0.3338038909094849,-0.4073303255568555,0.8500923292769056,0.9188634964404664,0.34188354333707976,-0.19699116148823564,123
2527.5238843504485,1805.6272821993923,1083.2873232841057,340128.5302163631,0.0,1.0,0.80661910483734,0.24876649651328087,-0.5361724069027761,0.5757908684084618,-0.5356384475147947,0.617702460251997,-0.13353087870915037,-0.806973781331493,-0.5752936821091588,124
2919.186876368147,1933.8557820867945,1213.2602120479175,388062.6852978546,0.0,1.0,-0.5454331036858848,-0.30932463946043576,0.7789871608866569,0.5594642371287545,0.5576866995102056,0.6131764122692216,-0.6241013513665257,0.770262171349525,-0.1311247139573291,125
3024.772234904107,2030.4645002424422,1109.9581773043963,239409.7980814221,0.003539272032344941,0.9921875,0.575227184053125,0.6739887337505278,0.4635222470428709,-0.5484990803316308,0.738197449702707,-0.3926999925232678,-0.6068463113521144,-0.028349815339423073,0.7943134408837313,126
3338.5449781977873,3071.242232384635,1602.446296746792,808101.5170486851,0.0011228605580467696,0.99609375,0.14895933765393188,-0.6143822355797003,0.774819710855236,0.6650038937467729,0.6421477215174748,0.38133466279836997,-0.7318339545466122,0.45845476587555006,0.5042204781825723,127
3512.2322320735425,1956.6186687432912,1364.965554253826,271882.3201076966,0.0011519036445965902,0.99609375,0.5101815424271063,0.7029473609392245,0.49556008870295265,-0.592939973138956,0.7048441273619817,-0.3893802054256238,-0.6230064060831743,-0.0951827918896391,0.7764040533816274,128
2332.396635258818,2292.948005045218,1156.3356363466278,354697.6531804313,0.0011709806827589265,0.99609375,0.680016287733464,-0.45661776444454216,0.5736532625296115,0.7138586213845132,0.23381884604765543,-0.6601019738706627,0.1672833437381051,0.8583874209391767,0.4849611515175082,129
2315.0118932987825,2061.1745956698355,1094.0460154839952,581598.1764647418,0.001309659450336158,0.9921875,0.8341933215923065,0.14237471955563602,-0.5327766337239732,0.5214240993232078,-0.5181773434741377,0.6779447981621123,-0.17955058021564912,-0.8433395994150515,-0.5064976892372602,130
3032.479344743735,1768.2223450108252,1200.1750006787602,322941.80511182,0.0008882072151645701,0.99609375,0.6351057120702652,-0.49155893032994585,0.5958276197933433,0.14976719898136642,0.8350996890823192,0.5293187087227218,-0.7577667982994487,-0.24693790172327393,0.6039959868140761,131
2975.1134352068216,2974.376809275931,1487.3720134210355,693258.5302944633,0.0009647260708225018,0.99609375,0.0062696573879010235,0.8097321728408009,0.586766137113206,0.8735583637100593,-0.2900130050265879,0.3908813657718314,0.4866790283014487,0.5101237743743804,-0.7091665941297534,132
4543.274094453545,3531.475709683049,2018.6869868664899,1032268.858291819,0.0006016286230283598,0.99609375,0.7037628500070402,0.22152067307161183,-0.6750158830367388,0.47821023677434144,0.554950431058576,0.6806944898499833,0.5253882568103292,-0.8018469994143526,0.284620043454432,133
2954.5440394565408,2750.417224566571,1426.2398082845486,865069.7021988119,0.0,1.0,-0.5541150238244335,-0.18786785293814595,0.8109637539400011,0.6791908465225444,0.46123875761441285,0.5709278434918923,-0.48130690247703417,0.8671588541361521,-0.12798119909283023,134
2019.4836423405288,1807.4384367286468,956.729904573591,376453.80900467985,0.001196628017720199,0.99609375,-0.36044938445675695,0.7381770271828799,-0.5702375976592485,0.6545367595068788,0.6357154787809116,0.4092034463351824,0.6645734509435202,-0.2257443389717718,-0.7123072523309155,135
3152.262604637023,2524.848428723249,1419.277130578383,412972.239646822,0.0,1.0,0.7821458750870396,0.5464173221839249,-0.29945941311249136,0.5997192400285339,-0.529757605052622,0.5997447065447996,0.1690699950432561,-0.6486794199805161,-0.7420447067864674,136
2282.1242103690406,1862.0969728792945,1036.0547850951314,515661.4418445311,0.00029755004208799807,0.99609375,0.015457686790265554,-0.6887148431969421,0.7248675221578806,0.5468132694375705,0.612762971949863,0.5705407860742003,-0.837111885165949,0.38754793892805434,0.3860703132157769,137
3203.6479420420087,2287.782082530182,1372.227010846481,350395.1116081829,0.001059752642414576,0.99609375,0.6861015588800712,0.6979343032157711,0.20531039744019863,-0.5482653899987359,0.6815441343631113,-0.4846675716867917,-0.47819422103562725,0.2199665913495805,0.8502617159781901,138
2442.48437004362,2265.709622402442,1177.0479622675177,574093.9728184714,2.7131347333447175e-05,0.99609375,-0.5665586961057741,0.29659830196395526,0.7687917085524685,-0.3769138303158722,0.7363770879461051,-0.5618582996313501,-0.7327668171959911,-0.6080939332209397,-0.30540884073049424,139
3732.5333446663067,2999.114863832385,1682.9110645024195,434429.2415667173,0.004751848609043098,0.99609375,0.5022009522970305,0.5724653375923472,0.6481339682251159,-0.6085175518066624,0.7664739884026388,-0.2054848272875092,-0.6144107686679828,-0.2912062196407067,0.733279172612578,140
2508.754568460631,2213.4473906182384,1179.2067666236521,456724.06985698844,0.0,1.0,0.7195513250261798,-0.10374281059599098,-0.6866464300516774,0.5416321896466684,-0.5349703174087441,0.6484144744144312,-0.43460379863920223,-0.8384773036530159,-0.32874815507793165,141
2590.1607364132346,2328.014370143353,1229.543105447254,370530.5109138428,0.0013506716487517308,0.99609375,0.8624387040700836,0.1972711939738203,-0.4661368444459826,0.4965873777672273,-0.15149744217283376,0.8546633847646441,0.09798192672214548,-0.9685724552366913,-0.22861964262194062,142
2672.04831951558,1867.7947816943029,1134.96031976097,228604.73131379747,0.0021307764770016374,0.99609375,-0.5148060061827364,0.7575580845403763,-0.4013483830111894,0.5322387220544755,0.6494242634674496,0.5431114699263673,0.6720838628802206,0.06598389627232287,-0.7375292581916492,143
2215.6339820717794,2083.6571481223873,1074.8222333925444,631385.6226051718,0.0,1.0,-0.46775215017484084,0.09865561502110541,0.87833649339625,0.8663430968638929,0.2480379093192791,0.43350528723050247,-0.17509301677420647,0.9637137879917089,-0.20148987644936145,144
2601.7111262929193,2327.1248073721044,1195.9448414272742,547016.4318214885,0.009964886687547504,0.9921875,0.3254276803758179,0.8362506695845345,0.44134073284100156,0.9448434167448829,-0.26932960557124325,-0.18636652434569345,-0.03698300527363822,0.47764671168370487,-0.8777732487030314,145
2431.566942580752,2320.5428349073554,1188.026848843828,726993.4074521144,0.0,1.0,0.8370097950565609,0.3607864644743812,-0.41139728977163925,0.2773157953664959,0.3684389129905912,0.8873267250762592,0.47171024222463287,-0.856788126928932,0.2083351936999378,146
2088.6327882968053,2032.6789199198288,1030.3273978827597,599414.9186661767,8.67546241957418,0.921875,-0.4342196469910491,-0.10977776640385731,0.8940929147299786,0.6919878301881371,0.5948043661585146,0.4090973097812813,-0.5767201583423998,0.7963395054888008,-0.1823108635253795,147
3123.097883480912,2531.4104031747825,1413.6266187359242,622887.653768204,9.125421210871024e-05,0.99609375,0.7833530454526852,0.37795926786220774,-0.4934620532696178,0.30638101685310304,0.4559587649931891,0.8356029422745856,0.5408222246654273,-0.8057595152791865,0.24137714234158236,148
,,,,,,,,,,,,,,,149
3572.765283883275,1890.8235967265264,1365.8967743075125,312648.2283176036,0.002935835761957409,0.99609375,0.6151463675298346,-0.6025939933800135,0.5084047852422102,0.0859791306024061,0.6922729057402145,0.7164955080660692,-0.7837107474162289,-0.3970374077090576,0.4776596709624622,150
2535.374284724636,2315.024982913745,1212.5993300623022,591941.4655654731,0.0011068306479885765,0.9921875,0.2815012186727709,0.785238083128716,0.5515054094839728,0.9321198140424863,-0.3602407643845977,0.03713817368963387,0.2278370385936963,0.503614678578713,-0.833344190214892,151
3134.999178575112,2351.995926426087,1371.7482416134396,783546.7622648389,0.0013412241284112218,0.99609375,0.6933719941937404,-0.5347783181856341,0.48295696295460977,0.10487654325223064,0.7379922015740549,0.6666096467133841,-0.712906858112095,-0.41155760327616875,0.5677888259223821,152
2311.0731330623034,1931.0130138415423,1060.5210292849285,305097.71885659057,0.0037080552124868433,0.99609375,0.06993471371432877,0.6543567636749932,0.752945125258464,-0.49148660470522526,0.6794255511717864,-0.544813580787267,-0.8680726082609821,-0.3319610613425972,0.3691230154559208,153
2918.1858674110217,1825.5632185765649,1185.9365416289834,223554.6238104446,0.0027678323688133336,0.99609375,-0.1357937278299775,0.620143265626396,0.7726463573849729,0.6697793821787773,-0.5171951622071339,0.532827123369064,0.7300381104368822,0.5898571812631984,-0.3451273142218403,154
2714.3322944533115,1952.1362183033705,1166.616683459978,244850.0165544342,0.0008752053792193697,0.9921875,-0.5468185526525047,0.6995884262359617,-0.45996250320184845,0.5167610210358482,0.7142543036446185,0.4720157167543563,0.6587469298698914,0.020416258272059895,-0.7520875339913307,155
2897.506981196409,2118.012349249166,1253.8793723963129,541370.0414631151,0.0008875598439445896,0.99609375,0.4739893646559247,-0.6047797177987472,0.6399809177876638,-0.3062847695120813,0.5681852561281389,0.7637769011193862,-0.8255445004104891,-0.5580385359971738,0.08407895208746954,156
4844.104266560092,2717.2810240633526,1873.6859883820725,1332407.2338717785,0.4224053191331739,0.9765625,-0.20462618196387758,-0.5650472852092466,0.7992807336177612,0.6053528211003922,0.5686270992795708,0.5569660527812245,-0.7692048411448558,0.5978166838108163,0.22569697586976206,157
2752.0032014408544,2083.1451772576756,1208.7864196789517,533111.5939037254,0.0,1.0,0.15621886755997877,0.6820421917070268,0.7144327219198133,-0.5214837161639604,0.6712379185296441,-0.5267773633175755,-0.8388387206096914,-0.2902724676221744,0.4605339242080109,158
2392.6628047709414,2337.751905162957,1182.6031536291443,826683.5361289374,0.00037177047629445407,0.99609375,-0.15291010165955932,0.8564199679614785,-0.4931159491309559,0.5289296129674236,0.49242131945859474,0.6911980242078157,0.8347765960642373,-0.15513246797339658,-0.5282820762091861,159
2805.3746931973265,1625.9824518914386,1107.838855973312,339996.59430425277,0.0003060682371561835,0.99609375,-0.6145512776798682,0.09558079862556854,0.7830651556774443,0.6453927694826006,-0.5099003780652793,0.5687440351761626,0.4536462280253417,0.8549069629983042,0.2516727724951508,160
2707.144080935422,1732.198790539288,1040.2462056231752,406643.52659012785,0.004430798905987079,0.9921875,-0.4624872049213957,0.6496987156693681,-0.6033217749605666,0.30191812868761203,0.7552052302555102,0.5818165550794274,0.833637228567538,0.08692893104309679,-0.5454285765285305,161
2402.460392780093,2238.422289818695,1160.220168773815,838306.2808629374,0.0012175126440761215,0.99609375,-0.18024945816696403,0.7730352442977572,-0.6082159517013861,0.1440169396717324,0.6324211852522755,0.7611192846930733,0.9730206852467755,0.049597938642789885,-0.22532374611718486,162
,,,,,,,,,,,,,,,163
2715.0348916006938,1748.008647347169,1115.7604257546104,470517.97586578125,0.0009562887816093159,0.99609375,0.1329827708492864,0.8496188002323544,0.510356225541514,0.5235931614131848,-0.4974327701092957,0.6916724951469005,0.8415258664940684,0.1752385046533073,-0.5110045816901058,164
2396.2317151552184,2292.9065141856895,1172.2840256154786,526655.5833140957,0.0019979947586415444,0.99609375,0.722619967092631,-0.44203639246382664,0.5314359894630873,-0.08718991837404268,0.7043822140113959,0.7044456080623486,-0.6857246541382136,-0.555382322658878,0.47045953533227214,165
1961.6065837944213,1902.9670658270375,966.1428459422847,489307.9475441262,0.004739201861210183,0.99609375,0.7098414593105514,0.6949216491856842,0.11493043172683055,0.6389946040501501,-0.5666891180665317,-0.5201435758132255,-0.2963292065231823,0.4426594006208673,-0.8463106146110397,166
3697.463537704735,2183.930238416049,1470.3479811628451,296378.4062501823,0.00478726523521816,0.99609375,-0.5787601604373844,0.5827313813716493,-0.5704917298744853,0.4669177179191965,0.8103366966944892,0.35403712048794145,0.6685989241567943,-0.06147011595037877,-0.7410782033371541,167
2651.3382369724086,2103.4525154422627,1188.697108227449,690338.0830977604,3.927112620020118,0.9296875,0.9539171815729238,-0.22623674412521008,-0.19712672651772442,0.30006715705223497,0.7163312292734546,0.6299438635514841,-0.0013084183424497409,-0.6600655312733773,0.7512068839316074,168
3656.8034193336925,3138.4217617334675,1698.7964277941476,1127227.4114968993,0.002158742373934683,0.99609375,0.8037905863123701,-0.40146224874476677,-0.43903161183269185,0.5898431867937892,0.6339297125152483,0.5002180870213329,0.07749650539581471,-0.6610303944775382,0.7463465074804778,169
2783.834177754909,2783.834177754909,1391.9165454624917,1221692.4691311815,6.955460832109192,0.9375,-0.465592375649843,-0.24146311845854893,0.8514219295748778,0.5785367089971398,0.6449874873750537,0.4992859075443384,-0.6697156232905831,0.7250425529263007,-0.160605978614179,170
3650.3021738010953,2523.139205323241,1543.3598814562597,368348.43806878716,0.0008051574619088745,0.99609375,0.6582959066380831,-0.5962194661405295,0.4595311170080285,-0.11597166218723372,0.522846049274359,0.844501380891544,-0.7437721915163772,-0.6092243896572894,0.2750428515225017,171
3562.7588139663267,2404.5005144650495,1464.5074164383961,450457.1721894099,0.005872417501148391,0.99609375,0.7843989780993902,0.29098938431558125,-0.5477621941794372,0.37725008914977715,0.4771760039466848,0.7937162159701404,0.4923419679380559,-0.8292335252949633,0.26452059869463834,172
2733.0367069763643,1829.4214682382344,1140.6141124740473,282793.810013458,0.004507984304953849,0.99609375,-0.3828936109216994,0.7641649824400718,-0.5190803043149559,0.5997109227140516,0.6330167699238207,0.4895268921853768,0.7026658465393087,-0.12386140887127656,-0.7006561635350248,173
3572.398362966869,1963.4555733034704,1383.9630682235554,528977.6015849259,0.004623266859452256,0.99609375,0.6979797248652926,-0.5883350718788843,0.4082721480510746,0.2334568799687117,0.7259139444518768,0.6469519537381365,-0.6769949696063073,-0.3562454048090802,0.6440240854814123,174
2427.9573979426314,1865.2749921315442,1073.3076237066364,285364.6368411717,0.0010037327627366588,0.99609375,0.6829120528783315,0.6416536163918636,0.34915865248443484,-0.4570865159175456,0.7481801283411238,-0.480934935850806,-0.5698272062650769,0.16884055237620715,0.8042324433106607,175
3336.3106034082352,3101.3303216278327,1609.4097423530416,562140.7690242385,0.0003125080486915143,0.99609375,-0.2068095612492436,0.7740600437452583,-0.5983818630715543,0.5355808059948948,0.6013958496876458,0.5928543094456962,0.8187692016836944,-0.19787390089540208,-0.538946113928547,176
2074.7809802447136,1770.129623097916,961.2271388550213,660954.9156918472,2.2962876765457043,0.953125,0.42444109450543654,0.9054242457566388,0.007529441616010158,-0.4958147661573313,0.2254518505683646,0.8386531945540127,0.7576394095843867,-0.3596920881411233,0.5446137408965187,177
1805.116930156091,1804.8058697182146,902.4801054589886,259304.70374957615,0.0009580949638746467,0.99609375,0.7536815458435663,0.6300834219873342,0.1869732836305315,-0.4325192365911917,0.6896920311592517,-0.5807340287377678,-0.49486486785123973,0.3568189786042171,0.7923313568668213,178
1921.9667027720316,1724.5474323653086,794.6298146396597,237097.79846520766,0.3360456172410482,0.984375,-0.2395488618828135,0.8833247219407528,-0.4029314809976262,0.9705915964369262,0.20768912723971433,-0.1217258368318938,-0.02383895334673551,-0.4202411950709942,-0.9070992460963877,179
3263.9026713120793,2220.8421662995547,1371.1857619827074,668497.2867178349,0.0014321699742765232,0.99609375,-0.5607501030914559,0.2003728792860522,0.8033741538844393,0.7922532193394991,-0.15211613280108338,0.5909276762750605,0.24061204942629338,0.9678385151399278,-0.0734469215326186,180
2918.16432862096,2918.1219539406225,1459.0710012528773,731100.2643256891,0.0,1.0,-0.37941404042388116,0.7435313123903712,-0.5506416016105918,0.5732610585963879,0.6560584100158142,0.49087587162588353,0.7262346346919668,-0.12941618964632748,-0.675155319338633,181
2552.7807701834536,1911.8540584839072,1116.1582356214367,292515.5312671448,0.003352593509790068,0.99609375,0.5156204803094901,0.8034138628337755,0.2977611211893218,0.594462482109084,-0.5857138368456373,0.5509570388807725,0.6170493316179165,-0.10707691783981033,-0.7796054489392752,182
2280.518353496693,1678.785388488523,989.8254683931887,425450.31791939854,0.003668405375633344,0.99609375,-0.6051305394195895,0.7246272604532683,-0.329745907737682,-0.5639598855783171,-0.09781794042167954,0.8199883523502954,0.5619308478098066,0.6821634583731762,0.46785332994443884,183
2854.361903811368,1872.3873722500007,1181.6868750936271,504852.2018391705,0.0018903957873231225,0.99609375,-0.18749036762646526,0.8488349234611179,0.49429407720510987,0.8855321206043274,-0.07169641819486951,0.4590125128970118,0.42506496612317507,0.5237737071778085,-0.7382282020106788,184
2282.8710191170635,1860.9890015673284,1035.964483255671,451413.951840636,0.010118445492796769,0.9921875,0.7550843232039391,-0.11281568104256175,-0.6458485015563263,0.5843638508966567,0.562449201960819,0.5849528057705748,0.29726512512718184,-0.81909921091681,0.49062198081474107,185
2017.1912692430935,1761.7977135711112,944.734019468844,401017.43815383886,2.2842673825479425,0.953125,0.8585771660737515,0.4940892290529661,-0.13682501098341396,-0.4631903787545703,0.6331533577896148,-0.6201382898587491,-0.21977243440878466,0.5958126041412531,0.7724683927646845,186
3027.6090096205994,2483.4933459517747,1377.7751051020691,887027.0872562507,1.6875416662978948,0.96875,-0.48540751058514453,0.847547230558718,-0.21457688747807924,0.5508234992878787,0.4870603133690617,0.6777652423760663,0.6789499402016244,0.21079834703592643,-0.7032716655654001,187
3160.7065052809357,1731.7121197468587,1223.104242310055,202998.75224037602,0.0,1.0,0.49455501597294327,0.7011162911115791,0.5136645622523955,-0.5115864847490568,0.7125960758108212,-0.48008968054012735,-0.7026340475653773,-0.025353088114898142,0.7110995824249464,188
2793.5370168293766,2206.301186533381,1249.9590593690689,567105.2806368141,0.003933121604691342,0.99609375,-0.3338710053545778,-0.6008146069888544,0.7263277220458765,0.3895746767697613,0.6137051878368542,0.6867295782488676,-0.8583482527524942,0.512237982241614,0.029163788261823587,189
2866.2063426151635,2296.84540052031,1290.7624647035962,565462.0479375753,0.00042512549052595313,0.99609375,0.7665924358510746,0.11867275825927795,-0.6310727483761686,0.6240416570713361,-0.36932681344513685,0.6885998221827552,-0.15135404697455912,-0.9216910986429216,-0.35717988625736874,190
2640.2379183680364,1759.9977367056965,1100.0584748598371,344233.1336399714,0.0017716558667680744,0.99609375,0.3389790724239048,-0.6400918892991201,0.6894748448726118,0.17270645098023638,0.7627487884373845,0.6232068416883061,-0.9248057473050437,-0.09217732362563548,0.36910387529904715,191
2680.3384844499146,2563.819487497168,1311.0389010102583,756815.9747622241,0.0014988548692997314,0.99609375,-0.33207157983313706,-0.6098310968526504,0.7196071839403898,0.6890268540206027,0.3641839682528549,0.6265876089630842,-0.6441820086789105,0.7039006112933113,0.2992548564606886,192
2954.130834135218,2550.0134691175817,1376.0355479523257,492944.63206843694,0.0015136646068864268,0.99609375,0.7552138298998571,0.362652931208307,-0.5460173281261436,0.6549182934123953,-0.4519082201087718,0.6056905064072886,-0.027094281348385707,-0.8150225837878021,-0.5787953764795204,193
2845.840090347743,1802.0123441452752,1161.9626969413223,490220.45528643957,0.0028274823086058797,0.99609375,-0.18311685297830405,0.6865140412162204,0.7036808149781374,0.45173584663657207,-0.576982241877674,0.6804602981962671,0.8731568833943082,0.44248159709844065,-0.2044678292796976,194
3290.9416680178065,3015.0573292313634,1576.4991937014588,363205.0537922163,0.0,1.0,-0.07288210788927599,0.6063229826806044,0.7918716051374184,0.8399909518171058,-0.3907323993159604,0.37648823751903004,0.5376833633422264,0.6926042396622247,-0.48082841844768587,195
3144.3585077164485,2322.6685096252295,1366.7562951640361,379764.2109645859,0.0,1.0,0.6386392240712669,0.7691670652391113,-0.022846602134736077,0.6105834276609389,-0.4884509646373513,0.6233807287770934,0.4683244808286977,-0.41206514156901675,-0.7815846081904614,196
2428.2356632547426,1900.967284652315,1082.3002910198713,505595.81411382294,0.00018361653289926554,0.99609375,0.2829706641376106,-0.5797002740160051,0.7641172655707291,0.9581268218352719,0.20725165013348432,-0.19758478381896988,-0.043824610863769514,0.7880319446714812,0.6140725182418789,197
2282.214038467772,2039.7502650660165,1080.4905497358525,639768.5156579616,0.0006938929030953586,0.99609375,0.5534051046024671,0.6925083775253276,0.46279038155213537,-0.43069989387104,0.7135039562735701,-0.5526388565794467,-0.7129098060900885,0.10650939601369366,0.6931200162608139,198
2584.4411314034433,2404.646559765904,1247.2713553779045,612628.2696494678,0.0,1.0,0.8887805713216707,0.41972569299881607,0.18411800204702516,-0.4190970786686099,0.5816162436713608,0.6971945092648487,0.18554442781329142,-0.6968162510549535,0.6928350291181576,199
2669.084720991147,2300.8706877585655,1209.6376141219564,595062.8560190554,10.592240022132238,0.921875,0.22882728381506032,0.9063171920533735,0.3552847049484549,0.7625897283433716,-0.3937382473554529,0.51325149663166,0.6050578322830014,0.1534905207429598,-0.78124623495736,200
2795.132225680909,2402.6710165836366,1299.45029528978,758734.2885798819,0.0031383569394127977,0.99609375,-0.6271319673855079,0.7779448307915304,-0.03882442179761841,0.6756745615037621,0.5681326833498767,0.4697756284082516,0.38751694468743053,0.2683786398996872,-0.8819316998644018,201
4162.5431717572965,2166.0449883979227,1582.146121995979,674268.6751420208,0.0067834130921961755,0.99609375,0.7147106224264572,0.44517530899909186,-0.5394512679087421,0.3255558013517254,0.4708932697167267,0.8199225260606797,0.6190332352927606,-0.7616288287565364,0.19162301743246998,202
2337.6934737090314,1802.622187985201,1035.0784469607659,137745.92172339826,0.0009082229146975181,0.99609375,-0.5218913273160335,0.6704823257631857,-0.527335655262849,0.4149677148403583,0.739681259026049,0.5297862122458551,0.7452725931580203,0.05766355768445572,-0.6642617526266974,203
2178.185355526151,2022.8341630548734,1050.2525334435227,472330.27686748304,0.0,1.0,-0.2183964470716533,0.4597224801324514,0.860789308232477,0.6949090066499622,-0.546027204485129,0.4679270930806613,0.6851309833770776,0.700363857736122,-0.20021489053947955,204
2446.210035904261,2400.492734292767,1211.6735394339319,466786.31063017267,0.0005525022912285883,0.99609375,0.452539337266897,0.6942528130784967,0.5596616654360307,0.7228103557190428,-0.6531345510172842,0.22574420907912898,0.5222579227655131,0.3023711127076204,-0.7973821996436885,205
2711.9272134572434,1988.1454433389565,1175.0176492525159,649508.4177887993,0.12044642830179798,0.984375,-0.01551349909419569,0.9020455567303571,0.43136196509297686,0.7886820795762792,-0.25414187134442084,0.559814689504296,0.6146054902952706,0.34889213635818167,-0.7074845358637417,206
2731.8242430034024,2292.834808108068,1003.9708438770289,429956.4491592616,0.010910348350868525,0.99609375,-0.41762000405764876,0.7284884555763596,-0.5430452120246159,-0.049219440232469686,0.5786432771533174,0.8140942233602149,0.9072877045976606,0.36671041421977574,-0.2057972137534148,207
2570.645206051924,1782.4664273107392,1088.2774131824126,380379.7636669109,0.0010529922186654447,0.99609375,-0.6248471948119594,0.01945500500423073,0.7805046354224365,0.6409950202011578,-0.5579646357688424,0.5270681638162757,0.4457480983839892,0.8296366481849922,0.3361720761387373,208
2201.1009183454407,2089.3343402141645,1072.6082466298128,486623.7526841102,0.004079005794610404,0.99609375,0.7502130579765892,-0.5292795075121242,0.39628723240742714,0.44778399261641577,0.8476852686380233,0.2844629699813038,-0.4864872697182493,-0.035956755440469446,0.8729474486704671,209
2030.2445981686344,1974.3766320791983,1001.1547677052929,626846.2995492212,0.0004273399036233237,0.99609375,0.41557771069270494,-0.06045411312033455,0.9075463991346362,0.9031164920202697,-0.09111029113625906,-0.4196182988026957,0.10805446874800077,0.9940041323132919,0.016733700358480715,210
2451.9631960587462,2341.7398931624584,1198.4252314671282,336715.01957281714,0.0007691141355887904,0.99609375,0.07217916387455339,0.7092237346584975,0.7012787338137549,0.7015923648541866,-0.5358529897551237,0.46971238747642713,0.7089134798271791,0.45810835788877324,-0.5362633779699779,211
2689.0003071570454,2609.2947329946173,1324.573231768855,558857.3404955996,4.332161781358088,0.9375,-0.28466057072561457,0.14490901996087896,0.9476126505108219,0.7797870276071529,-0.5399620792758397,0.3168172099487548,0.5575845685183272,0.8291214198644791,0.040707739708090676,212
2445.139824469034,2081.2108700254994,999.6495012261715,191597.08636908955,0.009162640371713977,0.984375,-0.5296492387254937,0.7026353088095977,-0.47515819127059805,0.6531207224107173,0.695257353278455,0.30008421263028934,0.5412069898617422,-0.15139628636885083,-0.8271482083632372,213
2988.220588776759,2151.8771284704476,1284.8664810819705,375462.1896623721,8.498289534527632e-05,0.99609375,0.7527063991893873,0.23676566850200279,-0.6143086315836254,0.6298029637858896,-0.5307745463528607,0.5671213342402351,-0.19178452342630836,-0.8137692542500699,-0.5486331173119512,214
2602.345592894758,1892.8705340102738,1118.7570633923772,257170.86913092475,0.002397489454779096,0.99609375,-0.551000339072753,0.7043956555395947,-0.44746551464739254,0.43840284460546947,0.7005849791940364,0.5630129952048393,0.7100715261039157,0.11405019677596548,-0.6948316202014844,215
,,,,,,,,,,,,,,,216
2821.395959718016,2816.0339159198275,1409.356926164405,690390.9567645395,0.0,1.0,0.644932500701788,0.6190163508048093,0.4481973080852178,-0.6696596117016507,0.1751342612823115,0.7217229350524297,0.3682635930880662,-0.7656022126152696,0.5274800262042829,217
2477.8891046688695,2206.736463429497,1171.1526114145563,458262.18356779404,0.0,1.0,0.4663153739774218,0.7195705470764255,0.5145563135094455,0.7884671007077588,-0.6018129557116864,0.12704643812033742,0.401085530895591,0.3464670173590806,-0.8479923365151978,218
1909.9742229295434,1909.9742229295434,954.9865658165527,560787.5699924688,3.4908846655908397,0.953125,0.45988663899969046,-0.22029865559361414,0.8602167061928142,0.32858654979668306,0.942191256336147,0.06562404876586671,-0.82494554884688,0.2524760163408776,0.5056883453376798,219
3046.2102303680467,2159.2941520209374,1301.37563779235,466066.5474574346,0.0008885030106433284,0.99609375,0.7456537877927419,0.19072977089068383,-0.6384532741292221,0.6090404086982061,-0.5837837755272434,0.5369043527518467,-0.27031501867831675,-0.7891886073221942,-0.5514627210880141,220
2382.749260849204,2209.7221172079435,1148.1173617743793,304821.62307383155,0.002507859500607653,0.99609375,-0.529586524177015,0.7273145728466983,-0.43652219363387773,0.6702492750721348,0.674203597755592,0.31018610226554894,0.5199077059203735,-0.12830830408917643,-0.8445312051229212,221
3255.3595884174847,2003.0336906719028,1314.597859668865,713112.8262288324,0.0016452623123290426,0.99609375,0.7867000082757617,-0.6048546360905633,0.12350694789633788,0.4353152674473932,0.685384617843533,0.5837367073867112,-0.4377256160040456,-0.405461212476886,0.8024945422061465,222
2893.7207588321107,2266.5291985102735,1290.0620148280059,552253.3495959309,0.001327476962302479,0.99609375,0.7974178425977384,0.3512079218024914,-0.49069112481269067,0.6011158842161329,-0.5334464035588262,0.5950585082773042,-0.05276815374660232,-0.7694725012587058,-0.6364963407254168,223
2646.8504658385523,1730.5383928579863,1094.3448129890326,425528.4414822365,0.000569313069594764,0.99609375,0.34239575081430845,0.7569546806348125,0.5565831126519695,-0.498592915453857,0.6484830505373276,-0.5752172092566642,-0.7963480736986366,-0.08055646858478127,0.5994500820632358,224
2378.007479731323,1920.820389818275,1074.7064560366348,629935.5718187063,0.002505215015544004,0.9921875,0.7521282331854846,-0.005185690262434332,0.6589963804618227,-0.6589880895017899,-0.015249441895830234,0.7519987715526182,0.006149694306412008,-0.9998702731546567,-0.014886843908965136,225
2461.7956631084435,2005.0531074503483,1116.7116856733687,406558.37286975526,0.238454957871444,0.98046875,0.8173740125918669,0.240129852365864,-0.5236767872860311,0.5623982170752906,-0.5297055645305142,0.6349175224672443,-0.12493185730631357,-0.8134799744973183,-0.5680161636096612,226
1913.443933263686,1618.0797002338745,882.8796220764023,480943.05012413167,0.001988360214050441,0.99609375,0.7926114817061369,0.4918777059043878,0.3603100907577236,-0.17217535333136053,0.7474453349553957,-0.6416238142078562,-0.5849125462603992,0.4465218848921664,0.677122972243243,227
2476.6241029174125,1752.7743258853511,1057.3491458117387,596392.211292978,0.000814600219756488,0.99609375,0.005165333799117135,0.7513391768110146,0.6598960226548503,0.5543516151115105,-0.5513754885423261,0.6234415429356395,0.8322665475375082,0.362594142290879,-0.41935412460871113,228
2669.7191248915133,2580.161088270541,1312.0966867035115,986578.0886132431,0.002551048872482346,0.99609375,0.32856689604179223,0.7450322712462457,-0.5804917825664052,0.30639878499744994,0.4972929667488931,0.8116769614656872,0.8934000108448334,-0.44455215669676473,-0.06488297618564223,229
2401.2640235785525,1931.4230677104413,1083.1712719801797,527081.4923817227,0.0051061817678642405,0.99609375,0.72078604003532,0.6863625977846364,0.09681874225855111,-0.5892797367055779,0.6803094621540827,-0.4358077874612011,-0.3649888716089943,0.25707084639442934,0.8948171341316866,230
,,,,,,,,,,,,,,,231
,,,,,,,,,,,,,,,232
2917.139010787327,2519.7462751100584,1358.864175085864,472480.36672187503,1.3379438849061787,0.9609375,0.7878623023055619,0.25942417387801026,-0.5585446182835275,0.3348124354972351,0.5807762544695281,0.7420239721739156,0.5168884073397171,-0.7716203990642406,0.37071327748780847,233
3480.5338813478925,2401.327062150439,1470.4647942713552,302474.4621293335,0.003135883636441215,0.99609375,0.5659725372671449,-0.582660838804186,0.5832507470920141,-0.0328757389148583,0.6909508283324596,0.722153819222394,-0.8237683368825195,-0.42789402864575055,0.37190378782571887,234
2066.015060790046,1816.5971168159692,970.6524050144733,328409.7645109875,0.3444130866782926,0.9765625,-0.4370346021504542,0.25789159737546913,0.8616801497808355,0.751563200479552,-0.4215887543439055,0.5073614864134711,0.4941189251669348,0.869341616520159,-0.009572960774497291,235
2224.6788693350377,1945.6718787497541,1042.5870749078902,433723.0516627694,0.0012569294706157171,0.99609375,0.7546031709599216,0.12240037471963318,-0.6446644108726065,0.6556645248347027,-0.10166079846506941,0.748177193536884,0.026040070094275364,-0.9872604673154588,-0.15696714441419676,236
2741.325597819095,2159.998739874151,1225.3305626997305,542934.0010747444,0.001166099204711013,0.99609375,0.8765011939014475,0.3306204005087711,-0.3499082849215734,0.44739923431340256,-0.2911402837329308,0.8456188623272838,0.17770644958784787,-0.8977346411692758,-0.4031041203207347,237
2075.825198495881,2028.3329119068894,1026.0293995130378,496124.35670813743,0.0004182632051521339,0.99609375,0.5059653865307017,0.6645122031031689,0.5499295950935997,-0.18566506495413956,-0.5387108696966199,0.8217780007558529,0.8423345601887726,-0.5178939377881192,-0.1491923520623725,238
1868.539952088637,1317.290282611758,796.4571016907186,96172.48558022839,0.000477178960678258,0.99609375,-0.5100487965541498,0.6963977721778799,-0.5048567797300035,0.3626425628384714,0.7063302002649191,0.6079375130814552,0.7799619200650816,0.12699524045965277,-0.612806341472562,239
2597.057519403128,1519.3000732392416,1029.0889229684255,212605.32402359624,0.0012584777110770426,0.99609375,0.2622220497848336,0.8056699967557378,0.5311642428987947,0.5508744670209981,-0.5769022593331806,0.6030929486908323,0.7923237458204642,0.13446054999099596,-0.5950995230254745,240
2545.0281235947264,2242.658610402756,1196.9211889881565,235747.60354732804,0.00024581407287731216,0.99609375,0.4706271461540967,0.6735715773580098,0.5699222924910843,-0.3224937773936166,0.7325519530978405,-0.5994709330359027,-0.8212842704236134,0.09833090149074111,0.5619814774232075,241
2759.513265822072,1940.64332831367,1175.0386823194751,485583.2795479277,0.001620209814816267,0.9921875,0.8535895634926786,-0.11161992727473002,-0.5088475694464526,0.4649184984882214,0.6038915654450524,0.6474301251469395,0.23502265180155751,-0.7892122458626121,0.5673697067350846,242
2451.0778560842327,1691.1344786313564,1035.5503334901491,349465.06946230616,0.0,1.0,0.5262720041383084,0.7716833680765375,0.35713100830689487,0.42012762500527145,-0.601129083766615,0.6798062984095837,0.7392770498045222,-0.20772242075414296,-0.640562908345746,243
2495.913705565576,2046.9743784167415,1135.7215396853298,676483.8242328782,4.667862588887936,0.94140625,0.8664168070055548,0.11542737387258316,-0.485796704290157,0.44522647800015586,-0.6190274178587515,0.6469763822789077,-0.22604269469698857,-0.7768407670172862,-0.5877270819641702,244
2216.462165468598,1903.3633315731888,1029.9558764667681,537180.5030677621,0.0015364070793401038,0.99609375,-0.4366625170877306,0.7263177982340839,-0.5308373594039894,0.5672390565806996,0.680276213908254,0.46418113434314556,0.698259048534314,-0.09842118043919273,-0.7090469465281624,245
2672.171114993476,2003.711804059835,1168.9702856284362,615622.8764698422,0.0006517768711677489,0.99609375,0.8477617964738273,-0.052530097117789845,-0.5277693865091688,0.4895686955722989,0.46027467858273224,0.740587410486568,0.20401575614424156,-0.8862210836762788,0.41592037951095306,246
2777.6917459926854,1665.4009555724222,1110.7727753791005,357172.9272072221,0.0011713125416642454,0.99609375,0.5774722333052005,0.7228098456584655,0.37956784213192973,-0.5007833661151162,0.6807931529459105,-0.5345434529805596,-0.6447804587484935,0.11860273993947837,0.7551102900205579,247
2680.0572230265648,2043.1808472438101,1180.8090552176075,536487.2900206074,0.0014147958065112859,0.99609375,0.7961277230640488,0.509923013380438,-0.32582076206691746,0.5790227768948928,-0.48548702042467834,0.6550076158611404,0.1758217062986833,-0.7101273642271375,-0.6817667153580014,248
2240.1736893396464,2021.9174040140454,1065.5222550715766,427647.6599894523,0.0007827721625036458,0.99609375,-0.5026844320414827,0.3757680794073311,0.7785285558549909,0.5250032250195156,-0.5827795318296927,0.620273835494834,0.686789615167731,0.720532003299569,0.09567474441497201,249
2489.622997742625,1637.2096741963385,1031.7077186185015,434990.895254505,0.0018360319292928438,0.99609375,0.208637241731735,0.8343241826142365,0.510268223258768,0.6008180536088937,-0.5210283284644318,0.6062566679181193,0.7716787983482467,0.18009064174089254,-0.6099829447920323,250
2632.449744788892,1951.2151404704537,1145.9157457682222,292854.32297943725,0.0012019147932230462,0.99609375,-0.6156780882855412,0.7072521796961261,-0.34746920139796544,0.6406955449926666,0.7060017138942881,0.30177938730946774,0.4587479811744257,-0.03682301309516109,-0.8878031062544117,251
3775.773419760392,2962.345034903077,1684.5290703594505,917545.7829656228,0.0016041655649980857,0.99609375,0.7096519989646694,0.1242162358005484,-0.6935159458361367,0.5752883442407444,0.4660990268971082,0.6721569891820747,0.4067399185550782,-0.8759691911757579,0.2593079535315046,252
2498.137287942136,2227.039483013033,1181.293715349554,618413.2010374686,0.09131190298767522,0.9921875,0.9062882746558746,0.4216326596651397,-0.029452733743724178,-0.35633368139822386,0.724734561015583,-0.5897339430376544,-0.2273056768373094,0.5449639587837446,0.807060352702499,253
2791.0820032896413,2295.9781557216006,1271.7645429884951,542730.8024252122,0.0038781153963859394,0.99609375,0.7758247615977749,-0.2045991693137308,0.5968543534296178,-0.5990104303923567,0.05830893456155727,0.7986154095880317,-0.1981979908397643,-0.9771075928813711,-0.0773195212132961,254
2833.6446564561993,2525.0813866205567,1339.681031728364,706551.5822148778,1.2165168742520742,0.97265625,0.8506129070749278,-0.21422237195156152,-0.4801733621026756,0.5017264849742933,0.6038284643095206,0.6194043267244314,0.15725207977283032,-0.7677890081559209,0.6211053230830232,255
3100.938217216325,1832.315867068117,1233.3130237084433,221332.28370837745,0.0032488238912534943,0.99609375,0.43837635958557863,0.7721785263536026,0.4599635755088376,-0.5546523678779498,0.6351077341002509,-0.5375861948501176,-0.707238939937472,-0.01945480723172685,0.7067068644860452,256
2373.9937347824966,2225.2388272657786,1149.807484794372,674677.3589431555,0.0029884652135171584,0.99609375,0.6892429491535238,0.440274819249988,0.575414842158719,0.7212123587843252,-0.49283230655393717,-0.48679467042427227,0.06925958835354723,0.7505160898682429,-0.6572128333119954,257
2543.3962143402923,2142.1388548089785,1171.3832650064433,717772.330621958,0.0738775218980191,0.98828125,0.15326462408073824,0.48545299506820766,0.860723733020472,-0.6110336140597364,0.7310964761528959,-0.30353890203055583,-0.7766259572628815,-0.47940935758089354,0.4086793246169763,258
2201.158552989767,2044.0887097909383,1061.311293380665,432119.66201694024,0.0004694241095791395,0.99609375,0.579884910779245,0.8100424693633865,0.08697521530996112,0.7214163725273859,-0.5601577411720613,0.4071630170514532,0.3785391759117873,-0.17336234548678964,-0.9092049216031246,259
1841.1756470801322,1831.9845134720954,918.2894852161519,460879.28333308455,0.0,1.0,-0.5885112587715408,-0.007362280731645793,0.8084554997781667,0.7409111576689482,-0.40512482081063805,0.535653372998628,0.32358175897413577,0.9142317410731138,0.24387531419483097,260
2608.6348793588345,1918.6170723547702,1131.812553689102,550562.5209302756,0.001489713341226885,0.99609375,0.6937187883403966,0.4865696178486574,-0.5310407231937523,0.322951088277473,0.44889347529010315,0.8331849989182292,0.6437832222758899,-0.7494962673880271,0.1542676501651821,261
2927.654568886321,1864.5087506700506,1198.0403936538573,551565.8270857967,0.0,1.0,-0.3021904654053652,0.4407357040360182,0.8452413630472447,-0.5827548323386802,0.6162910301492227,-0.5297000769714182,-0.7543724067090506,-0.6526388015935652,0.07060358808523437,262
1630.7351892845304,1288.7489709314534,724.7335718490438,150519.73939477897,0.0014171444935907305,0.99609375,-0.5047348078557784,0.6465672003510482,-0.5720084170438386,0.7464131792547458,-0.006040167622854746,-0.6654553946057621,-0.4337166581693782,-0.7628331218590967,-0.4795575967713278,263
2897.8359115838807,1765.7674114041777,1165.8883337897234,396294.25472388836,0.0,1.0,0.2947878108221304,0.7624047572681152,0.5760548000716966,-0.546841370678571,0.6289682111123578,-0.552597054574581,-0.7836227803637907,-0.15211172047237873,0.6023266245068828,264
3118.405011418768,2474.3605919591446,1398.1909263598975,263468.05481662904,0.0016639597916685983,0.99609375,0.5325633819776607,0.7483466616942531,0.3954156270401856,-0.4874885638666151,0.6531125772599025,-0.5794815454561025,-0.6919039993205569,0.11585005548550631,0.7126342823413869,265
3289.940635444049,1917.3790037331491,1301.8294778720597,453914.6609295787,0.004577425177503211,0.99609375,0.42928096255138315,0.6831424256276796,0.5907912334306327,-0.4995534389127678,0.7245560834556923,-0.4748313843858422,-0.7524388459279503,-0.09129571860102817,0.652304280917837,266
,,,,,,,,,,,,,,,267
3034.6420208079894,1725.6996826186867,1190.0849911478715,362884.6973369012,0.0,1.0,0.8037687076805792,0.4156509403486572,-0.4256643752309663,0.5949418176276646,-0.5611690417721248,0.5754420389530522,0.0003133550420932607,-0.7157678410936277,-0.6983382414452078,268
3053.6328495572534,2230.0688109544003,1320.9248909094142,484434.91674323037,0.0,1.0,-0.6947166026407953,0.7032408011053678,0.15106693111304,0.7063930604684533,0.6274657043798935,0.3275601226478222,0.1355643247216745,0.3342740873710146,-0.9326752641595208,269
2857.981282617675,2024.0636022088952,1220.510756052392,587889.0826791043,0.5102949226273036,0.9765625,0.8426823914031858,-0.11557124319041284,-0.5258608893675497,0.49808363950681195,0.5382095268946204,0.6798846911171901,0.20444822150034977,-0.8348495630395282,0.5111038366301437,270
2560.6046919025325,2215.122693064058,1193.9313259740134,576481.9878154979,0.0022640132959129314,0.99609375,0.3303386528079282,-0.4859022097401593,0.8091819430947983,0.9102111667802176,-0.06288253663442844,-0.4093426663017365,0.24978391927751906,0.871748145484721,0.4215010848317141,271
2317.970773812997,1625.7536693265406,985.9306225244311,298893.70115687,0.0,1.0,0.005288617321260285,0.7070914243330457,0.7071023604553262,0.7327419640327415,-0.48392693214415605,0.4784390645536649,0.6804860356188581,0.5155932912482571,-0.5206748633720665,272
2413.160539469083,2255.653328085561,1167.0851544416303,689304.7550068486,0.007532392809192896,0.99609375,-0.3203965015494042,-0.5318826642442965,0.7838666425300235,0.5198083911490363,0.5930614406395752,0.6148799591119897,-0.7919250711310719,0.6044658461012504,0.0864622611961213,273
2350.017324928543,1743.0051481428354,1023.2551536692844,359048.7484631481,0.0010833550506368869,0.99609375,0.6890580978728306,0.6788591783191267,-0.25367134991511564,0.6840496707812874,-0.493662714314615,0.5370038849017194,0.2393219289156116,-0.5435506788767788,-0.8045356883524211,274
3219.770266761326,2008.9952984785657,1307.190959872182,241888.94282774098,0.00219078850531057,0.99609375,-0.37574349815508307,0.697167575570841,-0.6105523688979159,0.7529054208801571,0.6137798445256218,0.237503115060365,0.5403242089740701,-0.3704479369989515,-0.755525032788303,275
2743.566160809143,2278.7131142574826,1255.5692924419711,666583.0000019197,0.0017985261766698382,0.99609375,0.6774465847150272,0.616282735307203,0.4015740467463224,-0.39555553442563557,0.7654982937328081,-0.5074920506544012,-0.6201628367156446,0.1849539198136429,0.7623582514162047,276
2677.8825906699053,2650.5268091506327,1332.1017594133107,467900.05477088375,0.001603153925702593,0.99609375,0.5259747241987006,0.7799008561161914,0.3392716376789144,0.7880829294034227,-0.5969154471200028,0.15039031010157183,0.3198060129000402,0.18827268420766421,-0.9285889890011729,277
2520.822769906532,2117.8229514709124,1159.660723022905,692710.2606786147,0.0009089228123058219,0.9921875,0.4283640412239456,0.782157975522257,0.45247447388025586,0.4725746739818466,-0.6207220765462926,0.6256015354832578,0.770180125488344,-0.05415722495644443,-0.6355230674710209,278
3083.6160769470025,2954.9229052787923,1509.6342387357581,612849.5616184566,0.06628440080645709,0.984375,0.12651491792154673,-0.5542197190152593,0.8226995068662382,-0.10370635602812713,0.8174289152716039,0.5666171195765765,-0.9865287462931183,-0.1570046863394085,0.04594084462428087,279
2363.62225336796,1954.946346604667,1079.6416404595577,467901.4364734286,0.0,1.0,0.7465510587431534,0.5260782933526699,-0.40731209895192055,0.6608569533731835,-0.5154800423355901,0.5454799841717496,0.07700392111958135,-0.6764036924920211,-0.7324946695474096,280
2039.2788001259314,1427.77101387101,866.7619794862002,366277.8873875029,0.00025887570879321774,0.99609375,-0.6792341004017095,0.7332246083500712,0.03197984617482276,0.6079706663671364,0.5377255549233069,0.584142873293445,0.41111154896035296,0.41621256743676843,-0.8110205872967178,281
2848.0680330660907,1846.8157269724895,1173.720503997998,337583.3236261607,0.001154339492928124,0.99609375,-0.6328581457198549,0.6831348663796903,-0.364441108730107,0.4993218369383816,0.7198255610955631,0.48221246847208143,0.5917501757942344,0.12319868477325793,-0.796651626194055,282
3071.8763685961258,2613.280504076606,1420.4288227476773,594069.0775062675,0.0035232868740409386,0.99609375,-0.5953458157605221,0.29026272135520953,0.7492068554464157,0.7084662698584584,-0.2501994706868863,0.6599058791531138,0.3789972349889646,0.9236599901800825,-0.056686139498555194,283
3134.98404011011,2155.471597489409,1322.6134598428048,344297.10695349396,0.0001593063080087312,0.99609375,0.372125132508094,0.8041850931859907,0.4634751575362728,0.6989663916211034,-0.5713378798685215,0.43013836193894317,0.6107117725572415,0.16388826353580732,-0.7747075370326598,284
2142.1259471496687,2142.1259471496687,1071.0623039734082,675742.8335556127,0.0022516764492044785,0.99609375,-0.18119954413876377,0.8151888470911738,0.5501216854315663,0.9810225990418664,0.11057941224240514,0.15926975154518788,0.06900279250179553,0.5685414120064494,-0.8197556205727822,285
2842.0126234673544,1581.8493247920753,1105.9650657773368,303712.840539227,0.0014492899529154999,0.99609375,0.7684395516944499,-0.0197441537753093,-0.6396177169085686,0.5548441102484288,-0.47742830782834944,0.6813297470438145,-0.31882388353801583,-0.8784488484117079,-0.355919867399787,286
2166.7455332622617,1539.832052161789,926.643918184273,326717.2379057251,0.0,1.0,-0.5027401571166704,0.6979795659948718,-0.5099773130992358,0.5897652749447209,0.7082718681599154,0.3879792278494318,0.6320041573373416,-0.10571417230851296,-0.767720820924796,287
4003.2615278018784,2124.3619159509662,1531.9027740998374,570824.5877557945,0.0022584474936870116,0.99609375,0.7382311878889557,0.138626318691903,-0.6601495716835636,0.4458273027828112,0.6341593501871778,0.6317277377665002,0.5062141141073262,-0.7606738212506773,0.40635281264244705,288
2584.121822068427,2584.121822068427,1292.007597041063,691922.1784311269,0.873126990884889,0.96875,0.8570449313276345,0.3899370004812343,-0.33678349327321305,0.08159227848536034,0.5426811261384225,0.8359664439585486,0.5087402930544994,-0.7439397361270815,0.43328626014909666,289
2745.6111836727346,2611.8916000175946,1336.6369772105354,715945.5706030426,0.0,1.0,-0.2583691547484262,-0.6091545648416777,0.7497840329102307,0.5572655033107221,0.5400066346127378,0.6307519269840345,-0.7891137679032292,0.5807956187048687,0.19993976742708616,290
2935.3447533796625,2335.7113705079955,1317.763443772084,645173.0726933412,0.0018937701747212645,0.99609375,0.024174114286016547,0.8376475390808817,-0.545675922567809,0.4608322794702593,0.47504677124201294,0.7496426984442545,0.8871579467021257,-0.2695870275148294,-0.37453118988808826,291
2678.9781932694827,1456.703335365751,1033.919905888122,223565.55561270044,0.17263669524327058,0.9765625,0.0217305848269311,0.7875692431713758,0.6158428930283648,0.6718791637615417,-0.467653918391268,0.5743502432456913,0.740341928426434,0.4012910412951673,-0.5393137576495424,292
2410.293024927555,2217.748158549432,1157.0092659782188,497340.2244992523,1.327031901119137,0.96484375,0.7812259431953545,-0.29173634938613674,-0.5518839806747236,0.608838124799703,0.5513100067099709,0.5704151245293493,0.13784833502407634,-0.7816311015743307,0.6083178918812007,293
,,,,,,,,,,,,,,,294
2370.6634346355827,2289.721532031917,1164.4751000050576,578780.1431645816,0.005162951010380389,0.9921875,0.8348358076760699,0.06286970221043707,-0.5468972250485598,0.5172910422264062,-0.4294171309670078,0.7402775866284094,-0.18830600588978139,-0.9009152724735189,-0.39101473114168345,295
2466.123024964877,1848.9014033208252,1078.7517799469497,497454.92910010356,0.0012846779123301649,0.99609375,0.7326591078276822,0.032486933431851175,-0.6798199988771582,0.657008594753705,-0.2944458904736049,0.6940038357264086,-0.1776241485184567,-0.9551158132600468,-0.2370726578998365,296
2219.3851479239643,1790.2516872842266,1002.4000734565992,538969.9040782311,0.0,1.0,-0.07631929268131357,0.8854118367231645,-0.45849890398466214,0.605781350921682,0.40641615454747787,0.6839991697351266,0.7919623226139777,-0.22554775262314858,-0.5673833720215292,297
3019.5764839236385,1967.7627596045304,1246.8340809052954,433691.43015719415,0.0009869757275454331,0.99609375,0.7703553875325505,0.23888577421602505,-0.5911735479339246,0.6111657839912188,-0.5409142773102786,0.5778305366457348,-0.18173871733335462,-0.8064399118837741,-0.5626950392023354,298
3461.856499172683,1991.4835892543115,1363.3300727395244,576620.5223166181,0.25168592353292973,0.98046875,-0.07314076712102556,-0.5470256523096155,0.8339144823662601,0.5031560870563538,0.7017020783423238,0.5044285334001262,-0.8610948729629545,0.4564834377776513,0.2239162584351801,299
2048.08314427241,1812.3362799035851,965.1043085656731,513738.4556420843,0.0013227039319614418,0.99609375,0.5468044239354359,0.34847625502663654,0.7612944382085336,-0.18299077240525924,0.9370266072445927,-0.2974819566464736,-0.8170185427388799,0.023354592659653867,0.5761382332587719,300
2470.1028848978167,2028.3167072327008,1124.6044199607154,662379.5303308063,0.002350832033174286,0.99609375,-0.6042200722684359,-0.3854266887201133,0.6973982878457438,0.5746989493441726,0.3954613651211308,0.7164715111707064,-0.5519413210574382,0.8337005315572135,-0.017441381556211333,301
3153.2916121577173,2455.4408547954695,1402.1826230869362,688412.9969970349,0.0,1.0,0.8366505577497708,0.3968707655813618,-0.37750422467021666,-0.02734370929124657,0.718610347418484,0.6948751615544204,0.5470540793917851,-0.571045325705368,0.6120776668126825,302
,,,,,,,,,,,,,,,303
3118.1043712754426,2899.496041648571,1504.399588716892,456640.5921147356,0.00113004587410579,0.99609375,-0.6551466203583615,0.052335137574756295,0.7536868973307472,0.6242626507868883,-0.5243938896048175,0.5790571572631308,0.4255338396244705,0.8498659199662979,0.31088401279945804,304
2738.8488363299743,1826.0803006976735,1141.228745674255,424587.7894098125,0.0037071771619742056,0.99609375,-0.6627317813191059,0.7312294010561475,-0.16152445344489644,0.5564739211846093,0.6252213097296958,0.5472066235904944,0.5011221019582255,0.27276707442605946,-0.8212641244070134,305
2491.9665842394324,2308.084058513576,1199.8590460107084,514340.92002534954,0.0,1.0,0.4045653564958419,0.35406471585871374,0.8431874342678979,0.85845886971044,0.17079136636790274,-0.4836100476516785,-0.31523838811107097,0.919493603108838,-0.23485372575937702,306
2321.456571426298,1791.901908182415,1028.3391113231137,533750.4154589165,2.360413892783597,0.94921875,-0.06837523130496252,0.4113781328750942,0.9088965065045603,-0.6232966827520755,0.6937328552649793,-0.3608822118034606,-0.7789904190773154,-0.5911875821751508,0.2089764811351937,307
2546.9366742129732,2220.5720136442333,1191.8765398561723,791277.6019601694,0.00015606787703505569,0.99609375,0.7856307921348967,-0.10512417979636511,-0.6096992416525021,0.6162798269119238,0.2199674470325767,0.7561835076139786,0.054620814630541026,-0.96982639120005,0.23759911098525605,308
2312.639787898972,2020.904395629865,1083.3810582512017,367140.12590527034,0.003565842959587108,0.99609375,0.37682569235773217,0.7549113548260443,0.536759950009147,-0.39766036650328446,0.6552031737555836,-0.6423200401770787,-0.8365815145528792,0.02859453541005197,0.5470957156230472,309
2421.58259867581,1503.461974578169,981.1745609748905,329849.64721442753,0.004559427963944813,0.99609375,0.7449143151549429,0.31758980795281416,-0.586719163622373,0.6426449157356877,-0.577779446674394,0.5031683846186107,-0.17919312307204557,-0.7518694201024043,-0.6344936562004075,310
1895.3444643419477,1895.3444643419477,947.6667775420693,346743.43164840667,11.87957708137916,0.9140625,0.9096174224127307,0.2836333735924909,-0.3035593092424649,0.08888734334750212,0.5808917789679311,0.8091129595551511,0.40582654550416386,-0.7629658252582581,0.5031778656222291,311
2678.0170783731287,1775.8633816681765,1113.4696103494223,244187.06378981617,0.000782861958018782,0.99609375,-0.5332761665503636,0.7041559176124382,-0.46880803521349135,0.46907457275274245,0.7073239583701554,0.5288306563659172,0.7039783912778723,0.062106856360307855,-0.7075006452342352,312
1870.6744481571477,1423.513753532734,823.5465328241868,244050.61976239108,0.0008667861620107932,0.99609375,0.4305276369871891,0.7213002238552243,0.5425605411902257,-0.5171265357169719,0.6898039742951021,-0.506705657264694,-0.7397473216224514,-0.062421663812217615,0.6699831610117706,313
3135.349347098095,3053.9165002197483,1547.3159252140395,748994.7774946576,0.0,1.0,-0.5701998365114838,0.493266989394122,0.6569321301446112,0.795315735225681,0.5317658960172309,0.2910290589192533,-0.20577907508955268,0.6884131818951834,-0.6955158253039521,314
1939.263146183147,1627.4352886086162,891.6741170947344,296465.6775874633,0.0004504959167594772,0.99609375,0.381599660023101,-0.47079632703019014,0.7954448553640511,0.7776216660916145,0.6287318103782122,-0.000924685588313355,-0.4996861453904394,0.6189080134183254,0.6060252693010637,315
3179.1298593797483,2905.163110250342,1521.0727265222488,583991.3829898713,0.0005543420957162111,0.99609375,0.6906811925668349,0.4769781831273142,-0.543554323922661,0.649167696684697,-0.07774138965858844,0.7566621292988283,0.31865465917751784,-0.8754702103181569,-0.36333334423080704,316
2654.798813191987,2103.073651180853,1109.2060164764428,334896.1796218279,0.014738140249009386,0.9921875,-0.3843770406684795,0.8158101135567466,-0.4320973839604566,0.728069275339722,0.5556620266453078,0.40144095761484205,0.5675997012976964,-0.16029214192516575,-0.80755000360585,317
2736.2032810743567,1895.5177479698089,1157.9297837308827,513245.8852778122,0.0008741454481243987,0.99609375,-0.4633804283294248,0.8016223058543803,-0.3777304030627469,0.5321459834508376,0.5925600359170474,0.6047257693625504,0.708589606851794,0.07921036921195282,-0.7011608135591482,318
2849.3713375988755,2187.979838359301,1259.3373519486204,348604.7153514437,0.002836109377401491,0.99609375,0.6746785899581083,0.58616707069541,0.4485721407806118,-0.2987156748406578,0.7725735839023414,-0.5602669034137056,-0.6749649960232229,0.24400455464735546,0.696336148318265,319
2720.5819040213864,1996.1996287990396,1179.1949278986383,553871.2922283474,0.001854946484742944,0.99609375,0.6559508148362967,0.049775063457239276,0.7531606545574631,0.6947466418763631,0.35023350525962804,-0.6282225683585958,-0.2950519142746151,0.935338941160573,0.19515489497192556,320
2608.9071640506695,2141.7968884435536,1187.6754679157107,411343.0897724939,0.0005337517932351278,0.99609375,-0.6150376879097971,0.2949270221993662,0.7312637650172377,0.7243960104101735,-0.15493437376448538,0.6717482861370251,0.3114146151875261,0.9428750666990943,-0.11835347922551213,321
2727.9293569701717,2277.6460475893905,1251.39334049097,519168.4223065523,0.0019136302585267052,0.99609375,0.7468754350517031,0.02031842246224045,-0.6646534783065345,0.603616736538368,-0.4400455495375659,0.6648358817805731,-0.27896938879937977,-0.8977455519471135,-0.34092375111170076,322
2386.739470136573,2067.361148521657,1113.5246310876253,597272.262027171,0.2961062132484527,0.97265625,0.9242500796326403,-0.23852288324354454,-0.2981084105962875,0.38091791630849203,0.6287863786824186,0.6778858539744335,0.025755219553616898,-0.7400908891160847,0.6720135002461697,323
2356.8020943382594,1646.724875796117,1000.8812414072593,394126.37687772844,0.0012493569810419962,0.9921875,-0.5278708605718314,0.5306530560852178,0.6631437918178628,0.44205639110171285,-0.49503603647785266,0.7480143512489769,0.7252161758022801,0.6880019307063876,0.026736523689506353,324
3965.4433373492425,2421.7481837143278,1596.7974769662874,938760.6833055166,0.00010756545352156984,0.99609375,-0.17708824987419866,0.746273076060864,-0.6416511884997558,0.41015637445136127,0.6486029069361479,0.6411599001894094,0.8946571970612028,-0.14963544052340844,-0.4209486128804291,325
2719.0862313784055,1639.120325422324,1089.5509412632819,429017.707345221,0.0010548321972170841,0.99609375,0.6813636281566554,0.7117694991344041,0.17066864482721672,-0.5983488734872688,0.6759437311843483,-0.43020773803954054,-0.4215711468088339,0.1910085138797254,0.8864499510991828,326
,,,,,,,,,,,,,,,327
,,,,,,,,,,,,,,,328
2854.1641469389697,1817.0248929514876,1167.7967971702442,204743.22024222277,0.0,1.0,-0.5176001503131055,0.7596413570475298,-0.3937449594075307,0.4024501632986405,0.6222496769351732,0.6714456088284221,0.7550655272602163,0.1890776248450886,-0.6277943145061062,329
2531.7768458921887,2122.9192079389964,1163.6735308033722,642137.6630511284,2.8943316825358427,0.97265625,-0.44552962481823655,0.13984092910701915,0.8842781620936973,0.8448829561054402,0.3923566052790712,0.3636331733717593,-0.2961015769830587,0.9091208989129932,-0.29295570871341114,330
4177.714557054759,3527.611724986704,1926.3310881245527,785405.7230190156,0.007482475807110582,0.99609375,-0.6213449172417821,0.7312615749288139,-0.2814018529619763,0.48815197919750086,0.642204286087771,0.5910002539221613,0.6128932525516705,0.22984813238990465,-0.755997154104106,331
2805.028852788468,1969.522359245115,1193.6373498762941,391606.2427253893,0.003121661757022448,0.99609375,0.7299617333629979,0.35214531986140085,-0.5857896734540472,0.6772838496596815,-0.48789196457963996,0.5506795963977432,-0.09188283199733041,-0.7987209178419775,-0.5946448020338018,332
2609.2613638938406,1609.412197405212,1054.667939122125,358371.13975218905,0.0,1.0,0.7461940920641907,0.6528717825217842,0.13020296676852683,-0.49383478799165104,0.6739948492654583,-0.5494161859036129,-0.4464544535982804,0.3456723575156976,0.8253417729109563,333
3468.5865269200895,2044.0415676452537,1378.1565883232734,460290.2486804032,0.0015670268108042681,0.99609375,0.6926726578234373,0.3316784574559397,-0.6404638865412035,0.7210913928654945,-0.33720913390597235,0.6052414420259778,-0.015224724599027267,-0.8810671942990684,-0.47274602789537146,334
2490.1865234126644,2008.2664251629592,1124.612722290266,494953.2491742128,0.00011959636426181992,0.99609375,0.7252321205335182,-0.6440213698820344,0.24346426120012835,0.4062657597934219,0.6857797265124151,0.6038661268228502,-0.5558655446831815,-0.33903191861508386,0.75899331643582,335
2595.058816718697,1515.3786776710535,1027.6030778107993,362714.95552188007,0.0029150665533751265,0.99609375,0.20624925454678286,0.6310839086629959,0.7477929828672718,0.9050181356396426,-0.4135897925830247,0.09942664448967446,0.37202610010890613,0.6562595398908622,-0.6564449688587705,336
3241.8447112258045,2606.8807099923206,1462.1809005674047,569461.2487481314,0.0,1.0,0.00589477940747087,0.867307369771678,0.4977380615499192,0.9974133307627472,-0.040757375783287204,0.059207127408973464,0.0716372751610484,0.4961015648624722,-0.8653041882185167,337
2990.7164036427866,1866.5093258622467,1214.3059878874453,514267.1845949839,0.0013645513863013068,0.99609375,0.7914054962894608,0.3465998201827342,-0.5035334200349849,-0.5761168489504664,0.6982925050563661,-0.42482579222251865,0.20436907006251645,0.6263035542222328,0.7523145227698194,338
3254.8948045786615,2198.2852857556013,1236.2007699950748,655352.3441277556,0.09283781852961331,0.98046875,0.8563228492584024,-0.2090750379750447,-0.4722274942585462,0.4938228220940856,0.5991318836256488,0.6302221881227407,0.1511628202204653,-0.7728703736843041,0.6162963469501339,339
2230.8034464471702,1751.946721993363,995.6769166308558,455326.6854894309,0.0,1.0,0.1286847345644421,0.6097891805211979,0.7820469259637589,-0.5562198548937463,0.6972628268571578,-0.45215486650609565,-0.8210113958478646,-0.37680459870130467,0.42890393130104304,340
1770.1623481903791,1743.8266150251568,805.1959608311851,413639.6810419684,3.6182421660756274,0.94140625,-0.2960566905188753,0.9494775489233133,0.1041288629035595,0.9456194224673301,0.2759715066889844,0.1721732712948358,0.13473805643382336,0.1494393240964013,-0.979547622406408,341
2578.815807695048,2548.1013569367283,1281.7287433466938,581419.1341737101,7.221797223757796,0.9375,0.8771469792205855,0.3838003296041117,-0.28863555539811286,-0.4801226082480678,0.6886549107640074,-0.543356876214601,-0.009770255537817268,0.6151842983012425,0.7883227899980652,342
,,,,,,,,,,,,,,,343
2916.6056070290147,2499.4579293647025,1354.0153362992949,632575.9109948305,0.0,1.0,0.7870089327653639,0.14409142231694821,-0.5998788225651926,0.6159076740601584,-0.12723408647354473,0.7774761888785072,0.035702615889156464,-0.9813506759838306,-0.18888137537817204,344
2920.531244973511,2704.899618604765,1406.3571407298537,412546.2653501374,0.0,1.0,0.3838445489805736,-0.5148551586306658,0.7665425805845961,0.15740020369074748,0.8544647563464127,0.4950910583316739,-0.9098838047223455,-0.06938404566798957,0.40901994585928336,345
2679.432022737001,1666.8905585311218,1086.5801695870719,385130.3507650525,0.0004957164313463589,0.99609375,-0.603972601534525,0.31320058741315565,0.7328864090973936,0.5242715199245424,-0.5364715542449912,0.6613150874446867,0.6002969848263674,0.7836476654275298,0.15981197226226276,346
1828.9927837345354,1828.9927837345354,914.495888209736,439085.81976731383,4.516780337954941,0.9375,-0.24054655358938304,0.18929858628341406,0.9519996852874327,0.8134288368707155,-0.49582442070319305,0.30412443371340286,0.5295950178234544,0.8475400810967255,-0.034712073276182864,347
3471.1360526009844,2557.0090496363005,1507.0358172781362,1053657.6071375299,8.47206036123939,0.9453125,0.09680836514884592,-0.5125694847231969,0.8531709463922247,0.42521592152066745,0.796331069667299,0.430172346354185,-0.8998997502625153,0.321137588602038,0.29504421476167075,348
2132.3509568934974,2115.804072279784,1062.0382495018869,454552.8318393739,0.0,1.0,0.6216975274243451,-0.16208702753962426,0.7663027990930379,0.417682398116704,0.8962440683508761,-0.14929160810088954,-0.6625961052541247,0.41288541443025023,0.6248936196288339,349
1839.3535832691116,1828.3832203840548,916.9336555379867,384725.39250756195,0.5696386497347651,0.97265625,0.4184198698900161,0.8468372560270184,0.3283161194426068,0.5612114737810578,-0.5252756898782972,0.6396304646585964,0.7141193837011532,-0.08337932254167729,-0.6950405703228956,350
3644.5519885714352,2035.9339490678851,1420.121069411305,579084.9928709589,0.0018002333853055195,0.99609375,0.026242998608569726,0.7329141928600038,-0.6798147475072895,0.5010507427125355,0.5788147809470257,0.6433673931623075,0.8650199178349867,-0.35750557374901976,-0.352037365186051,351
2334.5245559971586,1744.0028818809365,1019.6313458229579,426700.05221088557,0.0011481548624170436,0.99609375,-0.6153420784496755,0.20491671747191267,0.7611591590395335,0.6213021626138235,-0.46818431527242793,0.6283208333839281,0.48511622238451213,0.8595420791522799,0.1607783099362487,352
2313.671294269577,1165.1450720554478,869.7036697999943,252634.996596599,0.0020492528875004803,0.99609375,0.40974569070414624,0.7082929924227541,0.5748299799368526,-0.5886744018454864,0.6866934003642929,-0.42651450445205696,-0.696829188224231,-0.16362521438013486,0.6983236152800605,353
2306.4133653842005,1833.1192849746685,1034.882645355059,260130.73313306418,1.9196585965096498,0.9609375,-0.2622848810077705,0.4310435284650201,0.86337020898521,-0.6062760124106421,0.6224589899956694,-0.4949486867838141,-0.7507569766377071,-0.6532582049557407,0.09806976948995436,354
2264.8637204684333,2235.728743752167,1124.9963804126776,392561.91194581613,0.004145673596347408,0.99609375,0.7385062501057712,0.19356447798255522,-0.6458647779667608,0.6654298871498439,-0.36364377274654064,0.6518943716817996,-0.10868111078958631,-0.9112057942122642,-0.3973567877255131,355
3229.9602080135405,2100.4984169651398,1332.614219550059,612556.4990979356,0.00020973056441886357,0.99609375,0.6196862222779204,0.7167686636840201,0.31973687413175217,-0.5261644874885442,0.6816817178642285,-0.508390566037168,-0.5823572082706949,0.14680844080058372,0.7995669851143581,356
3213.402741557257,2839.5640200372363,1513.239744907634,475636.59782969585,0.0012398223955568059,0.99609375,-0.616927590042447,0.7013089340377262,-0.35716400670180465,0.6086098638888324,0.7128534665473129,0.34847377061795637,0.49899336891549523,-0.0023904540044350497,-0.8666025060591606,357
2684.633745867109,1512.6738202250128,1049.3264574471566,294704.6910708141,0.0,1.0,0.5516813331320313,0.7901334254760305,0.2670896415422713,0.5513708709164792,-0.585771925213092,0.5940213921543156,0.6258097709196208,-0.1804450652627056,-0.758815991557815,358
2411.8046830093285,1713.7578473157564,1031.3901900469962,219421.87703558063,0.0,1.0,-0.5403980521162794,0.7689682843475033,-0.3415519330008077,0.6324298894746374,0.6389536028040949,0.43791634859041845,0.5549796213988663,0.02064149053058617,-0.8316078094274049,359
2761.052118546766,2400.7011182115507,1290.437796292067,375936.40700052725,0.0005227543599954343,0.99609375,0.721741268685428,0.6889848646289719,0.066252527412515,-0.5444497472779493,0.6242125110077194,-0.5602974333248505,-0.4273921077480563,0.3683186085627974,0.825637565049604,360
2957.1544513122067,1982.7630901490083,1234.97885647624,552123.9790296663,0.0015632591133348946,0.99609375,-0.11404022157527594,0.6019178469323808,0.7903731608596973,0.9892381594774124,0.1422040108995226,0.03443665369675219,-0.09166619713287742,0.7857944545670805,-0.6116570799678698,361
2288.4672998010496,2156.1561991714857,1111.155320387673,422642.2090875569,0.0,1.0,0.8064120864560639,0.5301078231457125,0.26207869554256397,-0.5552325936461558,0.5262179296962092,0.6440585822882869,0.2035099844492664,-0.664891259008531,0.718681640174222,362
2166.9771366671375,2137.474466223122,1076.1123481751774,450752.829121624,0.0003603731237177648,0.99609375,-0.036621884043016854,0.7676312189443091,0.6398446290399052,0.5732081192243345,-0.5083387598980106,0.6426695552464375,0.8185910393257678,0.3902999063379683,-0.4213961241493948,363
5408.792175967832,2686.691579664947,2023.8705510875009,922046.1732583999,0.008743711557836665,0.99609375,0.787136407970706,0.19597296819297133,-0.5848169551104098,0.43137195088312846,0.5027776222849487,0.749088047241963,0.4408338862182196,-0.8419081055953377,0.3112173300036676,364
2240.220711906849,1583.7632978763936,955.9954734032201,147932.68619213515,0.00037311116545475637,0.99609375,-0.5040400068801423,0.7885348519909972,-0.35235842356867586,0.3944595058897809,0.5731129838753908,0.718291866810864,0.7683393584071143,0.22305670783229614,-0.5999169404288911,365
3839.4336072630126,2658.8416837972104,1624.5683587975095,910432.7957536895,0.0003319631547248358,0.99609375,-0.1865092560045891,0.718903496977157,0.6696208326050117,0.8155915978112572,0.49329747788602313,-0.30243667748963415,-0.5477450529254417,0.4897298850849344,-0.6783361973611624,366
2122.828129110162,2055.23981923369,1044.5164500847982,622199.5314397214,0.0013220477720377922,0.99609375,-0.5353984772041169,0.7423518640175059,-0.40281780074525914,0.5418806418274755,0.6677514608907958,0.5103659045144484,0.6478532554677454,0.05496995968656426,-0.7597792198473854,367
2183.8112272172825,1678.4964293174494,965.5762686281225,548150.4897919984,0.0032758067009558615,0.99609375,0.7184024679497056,0.1377253930923299,-0.6818574705474272,0.6655363596697158,-0.42125964623800993,0.6161182227535634,-0.20238391240747128,-0.8964217905366816,-0.39429522625775615,368
2622.548479678286,1759.460438521039,1095.5017762412895,555891.9952727001,0.0017280606664006912,0.99609375,0.6602268425954565,-0.646834609286867,-0.38171390405006295,0.746371964577536,0.508314213866022,0.42958765167825474,-0.0838415577688287,-0.5685258553579374,0.8183819065573372,369
3364.9376744177553,3023.805860659116,1597.1852046889153,757321.3111373701,0.004416773046170105,0.9921875,0.7973577060517766,-0.08243225524751692,-0.5978508274600419,0.5644044758290835,0.4526341337237538,0.6903404440218206,0.21370137169411457,-0.8878779557365726,0.4074364483610894,370
,,,,,,,,,,,,,,,371
3574.16375192494,3469.0857384491756,1760.8117754229909,544657.2374500779,0.0,1.0,0.18120181912453548,0.7989878989571768,-0.5733971032940046,0.5757891668262521,0.3864779082011729,0.7204871003966526,0.7972657876213488,-0.46070941361387663,-0.3900180766273128,372
2942.819758222821,1958.3617083157164,1225.294883358763,179963.39130805648,0.004356663870976145,0.99609375,0.49209594875792045,0.6965125693521923,0.5222181708351882,-0.4856817636794164,0.7175008179288921,-0.4993053181177049,-0.7224643947249538,-0.007925717997665671,0.6913626988411566,373
2943.5970418291013,2679.7544414853896,1405.8373603458679,995496.0578635903,0.00795157115816424,0.9921875,-0.5815647199970002,0.8134784186717203,-0.005944645503974882,0.8134388448702341,0.58159507742096,0.008025682269251842,0.009986095883277086,-0.0001681519102140214,-0.9999501235631432,374
2409.1003315525572,1864.671850566921,1068.44210218707,522028.6892800515,0.002728393857250387,0.99609375,0.4430052113887227,-0.5034622232115837,0.7418033246631365,0.41739520517231343,0.848105436187611,0.3263409441185465,-0.79342776947974,0.16505441196124204,0.5858578459921255,375
2052.664361051767,1852.1066380467669,976.1922149473847,374751.6232015836,0.002209463580535339,0.99609375,0.88210237813095,0.18253885383574647,-0.4342521863342249,0.45676213135686056,-0.5568345175946169,0.6937605317207864,-0.1151683543950354,-0.8103177690606952,-0.574561888129066,376
2208.6151318726224,1878.5917324040392,1021.8012176937489,150804.14994614123,0.002705900915083581,0.99609375,-0.5481925472845541,0.612854926127944,-0.5691166581838772,0.37660385123849344,0.7884656516633245,0.48630387144198606,0.7467626599757158,0.052256632764093286,-0.6630345194619599,377
2195.1764077658336,1789.44484479301,996.1541548885356,442146.6603265017,0.0,1.0,0.5291434993205508,0.6944502657237135,-0.48759202778866895,0.7833705333359888,-0.1789692803891719,0.5952315550925291,0.3260947172643109,-0.6969281348268599,-0.6387123063313118,378
2040.007064565616,2040.007064565616,1020.0029904584976,345010.7556219506,5.872535267175454,0.9296875,0.9226149429335825,0.24198549462552366,-0.300374245677793,0.2556348801920691,0.19954906007430404,0.9459550627025832,0.28884680213713454,-0.949538410499703,0.1222470117460897,379
2467.6809567374676,2252.9887224720865,1180.16685729629,204306.45180001933,0.00037312246193325546,0.99609375,0.3387935175713182,0.7062114918726157,0.621678599598464,-0.6066921470553126,0.6690129376227063,-0.4293557126612522,-0.7191269645570717,-0.23170459218688633,0.6551102127172502,380
2768.984846487126,1818.557868190359,1146.885243149163,351349.5837266232,0.003991108976198381,0.99609375,0.14375076554440697,-0.6539309612595878,0.7427718460681639,0.5464551632247999,0.6782139204008378,0.4913375955078985,-0.8250590718187116,0.33526135488695585,0.4548377204333523,381
1890.851790333848,1890.851790333848,945.4253241123461,284030.9436758787,0.7526039169796099,0.96484375,0.008264124917527746,0.5447783884822442,0.838539332221236,0.711884967975257,-0.5921075446839428,0.3776618168404372,0.702247461092039,0.5938225012333581,-0.3927127963521733,382
2123.5729980996966,1663.2819747133265,946.7132601397515,292856.12744179316,0.001584133179763536,0.99609375,-0.47295350007338993,0.8309893576534271,-0.2928680150427402,0.6520307524154919,0.5536584012525773,0.5179944716181127,0.5925967302245412,0.05402834616370317,-0.8036852948374742,383
2522.6012116332245,1978.1685772709457,1125.19196426938,503350.9297733664,0.00035263152635459446,0.99609375,0.708907423771723,0.592374462603465,0.3828090393088894,-0.49301492360548826,0.8043265438460211,-0.3316550858452035,-0.5043674747875931,0.046382183216950396,0.8622425084953861,384
,,,,,,,,,,,,,,,385
2208.940482437491,1975.4709332927564,1046.1023385321887,686847.3518573311,24.014109316839512,0.88671875,0.956781822030003,-0.03297840486461051,0.28893073537706865,-0.1513831263310141,0.7918333352598308,0.5916782218685598,-0.24829759180305405,-0.6098462051893726,0.7526193672241804,386
4217.195750179333,2288.716868509659,1626.4777689319951,858845.1438687436,0.006414386851563715,0.99609375,-0.5334095706519819,-0.5747833528073478,0.6205629116152626,0.8455801331494941,-0.3811208346497323,0.37381967286216405,0.021644129914416305,0.7241346606339427,0.6893188847759885,387
3006.51196352182,1407.9903030515645,1103.625148533179,317824.1476675937,0.1674573660455119,0.984375,-0.23975448860685808,0.4212637594161383,0.874674013673349,-0.6034205504765906,0.6411209135360504,-0.47418099233228284,-0.7605270701660738,-0.6414832961420601,0.10048759284272674,388
2943.515037739836,2474.045224049926,1354.3895742474506,642078.4952350312,0.0012848490778618164,0.99609375,-0.10865415822397374,0.7233277686404894,-0.6819026418882759,0.4944338608898669,0.6344197403470968,0.5941773727292736,0.8623974902016932,-0.272595913710189,-0.4265700841858554,389
2889.028516506997,2066.408801653657,1238.8588875933401,634169.6566069387,19.175311395500103,0.89453125,0.9269460906090065,-0.32814013822863414,-0.1819202978998572,0.3606945129511043,0.6458709228612,0.6728671632123147,-0.10329769325423267,-0.6893292396857362,0.7170458743223057,390
3091.441208685544,1643.4365290441115,1183.7190287594312,316810.2048092911,0.0,1.0,0.36905333435536974,0.7557997942296782,0.5408939890991207,-0.5453683615640084,0.647354420914836,-0.532452442878241,-0.7525775618540409,-0.09848311918493116,0.651097602997764,391
,,,,,,,,,,,,,,,392
2144.671337271965,2144.671337271965,1072.3351175670964,518718.04318924143,0.5254662886602433,0.97265625,0.8329408274233202,0.5528028268221623,0.024871925313114628,-0.44439138843532755,0.6950210221012169,-0.5652097599315689,-0.32973606399039307,0.45973341568218234,0.8245722009680639,393
2441.141232881611,1864.7535991374314,1076.473215280167,467600.9389128777,0.0010318905752180552,0.99609375,0.7393215803219673,0.6244277470930703,0.25197934345993817,-0.3630230272557475,0.6848017064302702,-0.6318709556169385,-0.5671136416559751,0.3756815293975241,0.7329703308574198,394
2333.239926430909,1626.6926139924792,989.9826817780479,358639.59740711446,0.003256777386069188,0.99609375,-0.4249882212322105,0.6783319341633085,-0.5993753405906408,0.6036420148170576,0.7057990249579053,0.3707614520363106,0.6745378638456739,-0.20423888822341138,-0.7094259276173799,395
2325.9917322328884,1931.4539869526106,1064.3608831369152,514427.14401451434,0.001842723141583757,0.99609375,-0.5242356239341918,0.2662004157819222,0.8088969954424731,0.726724348133978,-0.3552996186845506,0.5879063724708704,0.4439017148283767,0.8960466057076187,-0.007193606347435544,396
2399.2068780892773,2351.449702967243,1187.6636226428,670054.6206904827,0.0005804369747926443,0.99609375,-0.32436846514402523,0.8138149558054613,0.48217249665183565,0.8978494488204511,0.10443476862890888,0.42773794121428876,0.2977439605985676,0.5716630098307756,-0.7645586551196037,397
2476.7159895628074,1721.2743015851527,1049.4970514807064,134808.22383851084,0.0009239937352455271,0.99609375,0.19883829970417172,0.7602297921928323,0.618477156921092,-0.5180126775009606,0.6172446871170519,-0.5921755332450493,-0.8319412217933668,-0.2026318318730198,0.516540554257596,398
,,,,,,,,,,,,,,,399
2132.5893529398604,2123.076013809433,1063.904613230324,273135.561936809,0.001958292327184894,0.99609375,0.5672829651318844,0.6512966948482358,0.5039867585075438,-0.507619841213019,0.7584450599006978,-0.40875810440784704,-0.6484690696386735,-0.023952168836891663,0.760864087291523,400
2419.78858074031,2021.3809067018606,1110.2869241620697,355257.16542677465,0.003976205781758252,0.99609375,-0.6286708665328358,0.7773791541717257,-0.02132116863836987,0.6569209168213358,0.5455295759873233,0.5204348093332217,0.4162064999678274,0.31317588090774745,-0.8536351779315257,401
2360.8452349052673,1703.5171162263223,1016.0901121010311,621731.9846934199,0.09783146029750912,0.984375,-0.435690128902497,-0.07362032731722501,0.897080909942147,0.7661500952900713,-0.5534376221950054,0.32668154191223175,0.4724279236708393,0.8296305477408865,0.29753152974301145,402
2209.1992965843133,1683.0109713136965,973.0520344428398,367443.19636862096,0.08644646442708746,0.98828125,0.8490053446560394,0.49170422203400166,-0.19343444052034006,0.4812886233631384,-0.5685654550754834,0.6671540933817491,0.21806234376135397,-0.6595151865793127,-0.7193667582704663,403
2106.934608883424,1720.1180533213494,849.4347631948162,268511.5892600379,0.03869272146576281,0.9921875,0.4776833316893764,0.8166962209956098,0.3237683079574456,0.5635267292261589,-0.5675677550746397,0.6002536704154345,0.6739853559787516,-0.10427907753247459,-0.731347806392534,404
2080.811204703802,1803.9229101798446,971.1821051124708,442234.69263553695,0.0,1.0,0.7941217823275856,-0.007461607996333886,-0.607712859201587,0.5349769693512864,0.4830644414885434,0.6931438433926067,0.28839250527115257,-0.8755530079757997,0.38760378368632775,405
2452.358655852797,2025.1779242966966,1119.3836567664835,416949.2092711275,0.002648969876912539,0.99609375,-0.16096390204261074,0.6515140479095929,0.741363654096742,0.704527828655919,-0.4501967778831668,0.5486013122778606,0.6911809899647074,0.6106163333551367,-0.38654434745748883,406
4422.967335551927,2148.691968947588,1642.9144080979488,328550.3418307416,0.00488373704748926,0.99609375,0.0570190432784234,-0.7030037603190137,0.7088967073424307,0.776938417486969,0.4771652304355802,0.41070675462695255,-0.6269892536052412,0.5273509797475361,0.5733981339548082,407
3091.4023994132062,2759.667577200003,1462.7669868747673,769191.0768638963,0.0,1.0,-0.13841571996028892,-0.5609877574620346,0.816170217813412,0.5901336376488773,0.6151029910886111,0.5228676697493809,-0.7953511037165779,0.5540226045312245,0.24591782262629924,408
2818.0246726091796,2029.0801547676879,1211.7757088135859,547418.6977131119,0.0005551641464042379,0.99609375,0.1275579215391093,0.6182529797135428,0.7755593012323094,-0.4296972864810738,0.7392011490122268,-0.5185960887721828,-0.8939179037492337,-0.26710468804259,0.35995258990906875,409
,,,,,,,,,,,,,,,410
2566.2210904336685,2400.133678175975,1174.5565133347031,720169.7296039975,0.007814535487652445,0.9921875,0.07411438762736616,0.7372701848777189,-0.6715204628579794,0.7262440938735893,0.4215692215286176,0.5429999148927046,0.6834300064091052,-0.5279318762398513,-0.5041937726603938,411
3130.4386836351932,2572.755648068394,1425.79802085696,638785.3375932821,0.0038898382057153233,0.99609375,0.7607639259578692,0.5958347588475117,-0.2573308942010216,0.49067435818583666,-0.2684865093925508,0.8289473255238362,0.42482575625788865,-0.7568988931312632,-0.4966156888345168,412
2615.4795779018864,2159.286390852299,1193.6899194416822,443646.0829131401,0.0,1.0,0.3583247090892644,-0.522739018191031,0.773529134368429,0.700034660617341,0.6986361512328065,0.1478479019972062,-0.617701284433227,0.4885196485826217,0.6162740268405391,413
3241.62531965582,1809.8287201096025,1262.8631041273186,433041.47182842804,0.0,1.0,0.7645685596678801,0.6444713313179498,0.0095718690261063,0.5062420791435841,-0.6096396722821569,0.6099659230515141,0.39894094158379456,-0.461515084356919,-0.7923698328679996,414
2581.3110309629483,1993.8342147084973,1143.7858331770997,345716.6016560666,0.0011711850959299282,0.99609375,0.7591454901145855,0.6504664902234849,0.024320154913708224,-0.5368519793012558,0.6468018829070465,-0.5416985107864181,-0.3680870510613075,0.398171658162959,0.8402209551521255,415
2395.1957207760192,2271.0836100272713,1166.5692947323853,486858.908493009,0.00211169017773587,0.99609375,0.3955188475186476,0.6784361290283041,0.6191035939861851,0.9089367223393464,-0.1923220765523308,-0.36992736267219484,-0.13190479915653922,0.7090392356560318,-0.6927225175059516,416
5022.595422497834,3216.062258082329,2059.663985455009,492426.8860333544,0.0018192350855663056,0.99609375,-0.38721688746699995,0.7321884113840036,-0.5603242028462966,0.46082931700965146,0.6800734386224211,0.5702073821555578,0.7985608446729572,-0.03741989197265502,-0.6007498056928258,417
2412.5596324702306,1973.3005051103312,1071.3330556674962,693391.0237058733,0.007644968575642926,0.9921875,0.5656285112441976,0.7410459810643971,0.3618221126686122,-0.4912081703107575,0.6551814771030624,-0.573978889403615,-0.662403895435127,0.14692884675704293,0.7345971639633622,418
2406.8010252920244,1942.8522894986436,1087.4128518660625,442244.6133652431,0.00012659428171372605,0.99609375,-0.6404255161191117,0.68439322963976,-0.34851264758517453,0.4731075376394754,0.709011996406976,0.522944783681515,0.6049995174645031,0.17002322245579526,-0.7778609693855743,419
2765.792507812537,2606.740097393473,1343.132569070331,766137.62633312,0.12325981372621546,0.98046875,0.8874962083018335,0.05108603856545972,-0.4579745592427126,0.4009414836209523,0.4042846895472684,0.822070444979929,0.22714842495975643,-0.9132054021201129,0.338318616952932,420
3160.7543093593868,2208.769742151534,1342.380557655412,515737.65481837234,0.0038546232333902843,0.99609375,0.4549642107349688,0.5769653608793103,0.6783203810115941,-0.411545519266755,0.8117258926597799,-0.41440482714024995,-0.7897074474270607,-0.09062034832801458,0.6067537391291011,421
2353.2247752058342,2175.160768232767,1132.0958620440656,636514.8914260927,0.0019330380631829777,0.99609375,0.8427634673032048,0.4216941837161448,0.33455007636982304,-0.14942174748382858,0.7803577864344591,-0.6072189609440651,-0.5171294611197075,0.4617528999054423,0.7206673156671916,422
,,,,,,,,,,,,,,,423
2966.6682628440067,1615.8187169723362,1145.6213001261985,94910.36998919737,0.0002890769367793871,0.99609375,0.4461556875405812,0.7736123702770106,0.4499655576036646,-0.5471972258692459,0.6336551942474388,-0.5468603942545502,-0.7081809786178903,-0.0022350296700814343,0.7060274117668386,424
3096.806437590702,2233.1924554538505,1332.4992160476625,337675.22431731696,0.0,1.0,-0.4012202997996593,0.6906461624217132,-0.6016894127046213,0.9155779904409022,0.2828873459189015,-0.2858175868262116,-0.02718849846664495,-0.6655694012280915,-0.7458405712349047,425
2353.7956900355466,2020.78529765298,1093.6447548336491,587372.7209279635,0.0,1.0,0.6605762854912149,0.742245100480364,0.112743877259581,0.3588445170926472,-0.44406692789527347,0.8209964531605474,0.6594464220838369,-0.5018732652398896,-0.5596906663848145,426
,,,,,,,,,,,,,,,427
2402.1292781156308,1972.8789392882964,1093.7515888595076,881437.9104831478,14.696723468751916,0.875,0.8971935880189279,-0.44073345345256915,0.02824338197692529,0.26802212394151087,0.5942047597575122,0.7583434871873027,-0.35100969601366255,-0.672811062995615,0.651243016711202,428
2571.6266257521584,1886.5978856906088,1114.5551383874542,397389.5653872222,0.05795769766878932,0.9921875,0.8178887599446955,0.27422597985890934,0.5058241674006387,-0.5274945643977248,0.006258941165581659,0.8495353495801927,0.2297987399595195,-0.9616449124421689,0.14977183142069903,429
3067.122844610014,1785.4418642178753,1213.1407692684356,421353.0724205835,0.0,1.0,-0.05969416728532705,0.5595544759576259,0.8266410314204697,-0.5605938079251467,0.666402666714967,-0.49157102061773794,-0.8259365525923255,-0.4927537663285461,0.2739024221523741,430
3234.6914460140897,2222.1187367091056,1364.2020513944508,301831.5457594338,0.0,1.0,0.5182583581200084,0.7489394186696051,0.41291406055205615,-0.4599336905126086,0.651127017896165,-0.6037338874844604,-0.7210196076184094,0.12297704553485245,0.681914490021523,431
2110.7898355203943,2110.7898355203943,1055.3943515125602,641865.0576964191,6.246247154207131,0.93359375,-0.4438657176919105,-0.4260029426332572,0.7883557049490103,0.4920767062523896,0.6193775784085176,0.6117449881515992,-0.7488950125495861,0.6594641068569285,-0.06529434849777535,432
,,,,,,,,,,,,,,,433
2602.390774531681,1663.394001763746,1066.4456340300212,375112.6048812467,3.007370384106899e-06,0.99609375,0.796471489214164,0.584108210131349,0.15636740621409506,-0.3644995458877332,0.6701154175707297,-0.646595242931498,-0.48246579973777226,0.45799882749976395,0.7466350019201038,434
2093.753891867126,1529.9450235135293,905.9241530738478,391453.3250907167,0.0006202244339872642,0.9921875,0.7656373067951915,0.3820040433831774,-0.5175639335215597,0.13025261340476493,0.6958496272576442,0.706277249348035,0.6299474352234755,-0.6081662659867786,0.48301140956613453,435
3134.86275744008,2052.6433590171787,1296.876099540998,264949.2847010378,0.0,1.0,0.36344844739138316,0.7318336903283906,0.5764760843167063,-0.56884882004792,0.6643765761788184,-0.4847832350184975,-0.7377779110402276,-0.1517340262605587,0.6577693663100145,436
2543.4943099772768,1959.7921924029718,1125.821182401863,490293.3894749326,0.0002696626187256891,0.99609375,0.1776126327442109,-0.6752349402043497,0.7158991047744776,0.4035417336297219,0.7134639278546251,0.5728204717617633,-0.8975565842378903,0.18715501376527094,0.3992056849717106,437
2167.3249103172852,1783.4125168462624,987.6838001476408,128927.5151655086,2.539321474213458e-05,0.99609375,0.4760282185780846,0.7628927921323124,0.4374833972048993,-0.5750053379117156,0.6463980907599208,-0.5015360103072987,-0.6654066399506463,-0.012809995101225158,0.7463711593671727,438
2370.0325571962453,2105.4571280434875,1118.8718694749152,492077.5752155804,0.002536179709609453,0.99609375,0.813785400186324,-0.2579352880847659,-0.5207904661226177,0.5425096996439249,0.015794738602109736,0.839901037042311,-0.2084143666733245,-0.9660330808999865,0.15278592334059185,439
2401.1358551207736,1789.3645061144175,1047.6246171166472,370380.5879719987,0.0,1.0,0.309004883571312,0.5393721528993837,0.7833221959103188,-0.44870027133786106,0.8088828535200983,-0.37996920372908277,-0.838560700504388,-0.23406454229093984,0.49196518333284833,440
2001.5628126542542,2001.5443336934093,1000.7762784106937,475581.0172378225,2.66220508036933e-05,0.99609375,0.0006408759128978791,0.9482343355350111,-0.31757083334358716,0.47788571511512257,0.27867084137305664,0.833047300852323,0.8784217851163373,-0.1522964447415264,-0.4529690501039989,441
2708.677093676621,1941.36409790284,1162.509831014512,492449.17465933226,3.1099113158944833,0.94921875,0.8413721865607814,0.4012083065825025,-0.3621114999708382,0.5075203175567055,-0.3562105850921206,0.7845617543160449,0.18578474358534008,-0.843887382176988,-0.5033270460181924,442
1933.8348595917596,1902.4427085181335,959.0688576690669,310308.66639723105,0.0,1.0,-0.16274533584961492,0.7334986455427652,-0.6599194592115958,0.6326450326124784,0.5908268974483206,0.5006833729637401,0.7571487425664472,-0.33601088410722724,-0.5601985963848244,443
2537.724691918589,2537.4749869911425,1268.799325173475,491342.8862283063,0.002585635557005017,0.99609375,0.7859636687054041,-0.4019755185073222,0.46976248679083676,-0.04337319010709286,0.7220784409420343,0.690450209288588,-0.6167494449572497,-0.5630438771956324,0.5500924599532645,444
3351.64410915596,2254.446715940524,1401.522224995359,417428.59477474313,0.0069059926216392,0.99609375,0.03789097981899768,0.6431944310184743,0.764764798846794,0.9875505336845966,0.09282227211413854,-0.12699594174160636,-0.15267028875201938,0.7600558859099704,-0.6316698767758244,445
2937.1251447417653,2301.606162237287,1309.6823144608784,493239.5635594481,3.7385884579102022,0.94921875,0.8938258065155044,0.3510505398877633,-0.2789963190642814,-0.44755349945955747,0.6598724077465928,-0.6035430975632297,-0.027772157431720762,0.664328174879874,0.7469248846653616,446
2802.637428168349,2357.855633060691,1290.1227601617857,455259.86178227555,0.07971063895432035,0.9921875,0.7703765976804587,-0.5990103549131808,-0.21841815962292552,0.5698416474457515,0.4931908234204001,0.6573000140957093,-0.2860076827335105,-0.630832312425967,0.721283716034623,447
2478.4976603919827,2313.2767571054783,1197.8891355605292,211383.41807156464,6.239172129178264e-06,0.99609375,0.2691628887622458,0.706885937317953,0.6541128426619386,-0.49094044816466986,0.6850170647624592,-0.5382648951400214,-0.8285703444301131,-0.17624951803152283,0.5314200708710766,448
2414.9680162332893,1781.1351668339623,1049.0252728824858,403900.63792879356,0.0,1.0,-0.24276470816840548,0.858501519886137,-0.4517083537207407,0.4137499887367002,0.512793167419943,0.7522327527220567,0.8774259189745249,-0.004278761574943446,-0.4796930778227839,449
,,,,,,,,,,,,,,,450
3195.6536421831815,2129.790650388208,1331.3606359933824,284389.32251558,6.797149999653855e-05,0.99609375,0.3123864887754999,0.70297395891111,0.6389384123085382,-0.5689870745240277,0.6770627914895068,-0.46673299155408465,-0.7607025638546929,-0.21774661759319666,0.611488364461352,451
3637.9204042797614,2722.1572123146884,1590.0187648262174,690659.0721525939,0.02171633392069423,0.98828125,-0.48741384402737076,0.8324654904957838,-0.26349374145143584,0.49293042136787935,0.511413873437119,0.7039001702984078,0.7207269554696473,0.21320660681521253,-0.6596177669452186,452
2850.647776985767,1858.5911801854068,1177.3092359550496,370474.2784872972,0.09641056431321333,0.984375,0.8616082817596531,-0.4957250059375321,-0.10903158850265417,0.386570844538512,0.5016815658895519,0.7738724627478283,-0.32892879313912293,-0.708923356178114,0.6238858261807196,453
2679.145478105783,2087.8075678111554,1191.737518880034,419985.02570961183,0.0,1.0,0.3167958022838852,0.9022629639130613,0.29250976668502465,0.5194196871957579,-0.4230700974411509,0.7424384696421623,0.7936268696363364,-0.0832660591234691,-0.6026799774252306,454
3025.4376241461036,1991.5370589477404,1254.2432556658794,309700.53677503724,9.718528870189614e-05,0.99609375,-0.5872233509142832,0.6778985073788288,-0.4422921543895579,0.5400507368996537,0.735153409974234,0.40974951540837334,0.6029211703988686,0.0017542795705925984,-0.7977988372942433,455
2633.719740187683,2527.681964683992,1290.3498897016602,1071732.9931838457,0.00021525537368914088,0.99609375,0.017596806154914428,-0.487253494969745,0.8730832629554384,0.6147823822907439,0.6939126313900714,0.3748704875316603,-0.7885004596308516,0.5301596850356275,0.31176551048000856,456
2678.1177319406347,1826.0914650778116,1126.048806734622,296096.29836458026,0.002478608416072921,0.99609375,0.5399985911250422,0.6529713313418866,0.5310649320267473,-0.5209256547121103,0.7548842785358332,-0.3984798467704407,-0.661088484127298,-0.06146679156291501,0.7477859651593044,457
2416.2268018983323,1592.9369457370065,1002.2837508798227,189467.42460171325,0.00010305525408088733,0.99609375,0.41858924285683463,0.7391608788750985,0.5276592090593453,-0.5633323482632043,0.6670538726240999,-0.48754055874096774,-0.7123480267150362,-0.09316826797672623,0.6956148091274446,458
,,,,,,,,,,,,,,,459
,,,,,,,,,,,,,,,460
3456.003065848277,2000.2922612554369,1364.0734239601707,182651.884087169,0.00011552519833804636,0.99609375,-0.5183095827587638,0.7787559326947625,-0.3534039808960092,0.5298726841280623,0.616802951701027,0.5820558885432079,0.6712600949224964,0.11442602879420077,-0.7323363768781597,461
4028.422675130914,2491.439684867607,1629.9616424980034,430378.27326289413,2.945293653734292e-05,0.99609375,-0.6163710823846145,0.7259632556447436,-0.3050639937024745,0.42573150857206177,0.6331187223546791,0.6464621922532943,0.6624495236687662,0.2685852469099213,-0.6993015041692399,462
2667.2672369895386,2189.10536078374,1214.0830326493576,544734.9145287164,0.0011769345046045165,0.99609375,0.876118459010412,0.2520950004450424,-0.4109313282433395,0.48050080854347155,-0.5259006369163388,0.701817278983682,-0.03918441999431957,-0.8123279084468311,-0.5818831071513466,463
2729.966008267977,2126.362591643574,1214.0816789616456,467994.1057285558,2.906181363730758e-06,0.99609375,0.43130556587065183,0.7602391810454922,0.48581055613508056,-0.4289125332429316,0.6465078289803498,-0.6309212834373603,-0.7937314077672168,0.06374962486473376,0.6049185380309301,464
2305.860227466969,1666.2961511039787,993.0386362228843,629068.0837605875,0.0,1.0,0.4738060640418666,-0.616773905785071,0.6285680256104211,-0.03997508581951741,0.6979720758979124,0.715008373224035,-0.8797214367007757,-0.36390236384143915,0.3060478122773237,465
3031.0251245056143,2133.5217735477986,1254.976382632755,412985.784378924,0.00014620992348972684,0.99609375,0.4135308154859814,0.7234049733890171,0.5528810985370496,-0.5102322614613025,0.6870504715386543,-0.5173245489270714,-0.7540923710047625,-0.06816813063703875,0.6532210973000394,466
1910.0109800247906,1910.0109800247906,955.004969522685,505399.12921018444,22.288569497940045,0.875,-0.3233688725420337,0.012289428736391612,0.9461931844038125,-0.5260226270243047,0.8288519684493917,-0.19053768723278322,-0.7865956827553424,-0.5593329816298176,-0.2615604089531804,467
2338.9271106165465,1922.5436313364744,1064.0994056310926,513659.82285564166,0.0,1.0,0.4043693112967429,0.5646527363694571,0.7194808874403004,-0.44591763129036593,0.8085489027055611,-0.38393507008089583,-0.7985254699668553,-0.16557765321479057,0.5787409736402767,468
3051.9059494075327,2049.6910097275622,1275.398792901175,410199.61886214116,0.0022378515465589183,0.99609375,0.49179705369607823,0.7224782730532486,0.48596378768572074,-0.5374438239749975,0.6909961041626079,-0.48340306174374836,-0.685047293292214,-0.023442034853948662,0.7281213339512292,469
3213.0435961029953,1885.8073276493965,1274.7123089574543,297078.8362075865,0.0025386229814441164,0.99609375,0.3737137616838661,0.8446304613515422,0.38332415536354564,0.6034897202732296,-0.5352476166075313,0.5910246580647007,0.7043707701577584,0.010458139081038126,-0.7097552010900153,470
3648.2174072483044,2422.5172606642213,1517.6832346652923,588703.76238914,0.0,1.0,-0.4235064627839272,0.7275766382266159,-0.5396985375995585,0.7672232149260909,0.6048511231264285,0.2133627365103176,0.4816750091697921,-0.3237087492786594,-0.814372047151501,471
3440.015949303169,2776.002286453626,1554.004064546947,883982.036777653,0.0005138081628714807,0.99609375,0.20341090800847494,0.707135778978683,-0.6771875608658054,0.948906905067266,0.028039068101715116,0.3143079639074549,0.24124611503365256,-0.7065216208639327,-0.665302571190711,472
2620.201316215134,1879.760813859605,1124.987823419006,268255.20139850304,0.000565307901512565,0.99609375,-0.40120923557640054,0.7565209033709519,-0.5164370939920941,0.5701410415388333,0.6475250405087795,0.5056189421561638,0.7169172490889132,-0.09158299338251819,-0.6911166423129187,473
,,,,,,,,,,,,,,,474
,,,,,,,,,,,,,,,475
,,,,,,,,,,,,,,,476
,,,,,,,,,,,,,,,477
,,,,,,,,,,,,,,,478
,,,,,,,,,,,,,,,479
2751.472938103938,2438.6364106401656,1297.5268358852188,231657.1066120539,0.0026031698473118156,0.99609375,0.7279724817576069,-0.05218669888355527,-0.6836173010269033,0.6518031901035544,-0.2565452461747294,0.7136785957530024,-0.2126232987574515,-0.9651223161469145,-0.15274242272765903,480
2570.5199690441154,2211.2643890181066,1195.4455552365714,920456.8310888292,3.507911375191665,0.953125,-0.49345877332072485,0.040836935211707365,0.8688099813856425,-0.48143649677888506,0.8190916533174086,-0.3119419225353156,-0.724373756152223,-0.5722073122464175,-0.3845275714557422,481
3144.8478651553582,2698.014857082272,1460.7144155363765,549176.4537612847,7.76910894209212e-05,0.99609375,0.7663750524951078,0.6185655456625243,0.17333766074441043,0.36473803331615423,-0.6411118676718939,0.6752345815958481,0.5288056788327682,-0.45426010043749127,-0.7169465218443672,482
2275.582247143753,1908.145710780626,1045.931451946757,492543.403358104,0.00487062686224037,0.99609375,-0.28643145606647064,0.8178421607376579,-0.49909039371200115,0.40887437725024783,0.5754413904581911,0.7083000421966427,0.8664749070826364,-0.0011858615022485308,-0.4992192195104611,483
3423.028580394461,2321.840488353803,1436.2168475749797,449657.2186145225,0.0,1.0,-0.5945120835750074,0.6661105330637215,-0.45039109696448054,0.8037932052424003,0.47718596151660087,-0.3552605260053889,-0.021722469690435425,-0.5732279789691374,-0.8191079406509902,484
2556.1559094080962,1998.6098401962367,1138.6891966146618,263817.8614918182,0.0,1.0,-0.38035524262259435,0.7423478591602677,-0.5515882027470083,0.513635456327651,0.6655352926333176,0.5415176749309021,0.7690959026107167,-0.07734617159014198,-0.6344360190970837,485
2004.5811589327914,1587.606458222355,898.0464204721565,600485.9675818946,24.316782987994802,0.84375,-0.06855232135846769,0.3879360143925338,0.9191334114118589,-0.45423200614743564,0.808130846305386,-0.3749637580367155,-0.8882420074662319,-0.44320444942145665,0.1208137085987438,486
2574.691689827677,2312.876035206232,1182.1792455350205,398744.14953424386,0.0040082027304199795,0.99609375,0.560213348358777,0.5576088437570891,0.6125629614044011,0.8135867896267734,-0.2314061243945583,-0.5334114184543582,-0.15568410344491768,0.7971973299983967,-0.5832999888376305,487
2583.7089206083824,2251.993687419632,1207.7063276860831,663607.504571655,0.00124963846551031,0.99609375,0.07397345513122414,0.5495227954456132,0.8321974676851567,0.9627711345590707,0.17820924518280157,-0.20325650639331544,-0.25999936614497454,0.8162512861962392,-0.5158819316347458,488
2114.5647700290665,1745.5709117551032,965.0334271180496,544861.65822112,2.214044676024116,0.94921875,0.9168870885227982,0.08302024575536825,-0.3904173480967576,0.36071324158000423,0.24643521282563657,0.8995307905949794,0.17089184956876097,-0.9655968748262919,0.1960067628340066,489
3847.321309552512,2036.398352871104,1470.9064992618592,257476.07598720046,0.0,1.0,0.5113901552330216,0.7018614392226922,0.49585343526388637,-0.49806326176794813,0.7122887260138266,-0.49454803413892184,-0.7002950066991899,0.005940616622115508,0.7138288398953425,490
3497.0868352108823,2520.0254537658557,1504.2776224337852,296273.93396764743,0.0030226252395370314,0.99609375,0.6764716936840647,-0.6109158940452705,0.41130015566138667,0.22376405276033384,0.7025696836171472,0.6755186809810461,-0.7016521191705214,-0.3649350765067256,0.6119695201548415,491
2472.339010971583,2120.658676673859,1148.248886573448,631191.0413252353,0.003869604465337344,0.99609375,-0.4245981799668628,0.4586129790176414,0.7806346911618725,0.7621474855368153,-0.28436903856700646,0.5816059320488284,0.4887203657089988,0.8419075871976929,-0.2287881525783661,492
2552.670656491547,1952.3352907537503,1126.2510055305459,564811.9058470213,0.0017588362651212248,0.99609375,0.7287046505542639,0.04075560926912014,-0.683614301030699,0.587246203258433,-0.5507446692002133,0.5931460242689846,-0.35232290447704856,-0.8336781691160268,-0.42526377851894004,493
2327.5959116576446,2266.514473128317,1148.5270112630508,496083.79977779125,0.022451972699319533,0.98828125,0.8776026948809259,0.3962250622768626,-0.2698503473435468,0.3761574499121786,-0.22020027849737103,0.9000096722953854,0.29718526681735646,-0.8913571323399935,-0.342291366840182,494
2559.443045616864,1633.8103408333457,1048.3129368828481,255660.1726852122,0.002713395736371815,0.99609375,-0.5356428673485095,0.6830550790159715,-0.49651029968083416,0.6693891994828316,0.70189004283699,0.24345116015747867,0.514786186949884,-0.20195575455226128,-0.833192087653757,495
3134.45661928603,2101.204455118582,1308.9147963994512,323679.98026283307,0.0,1.0,0.3343971924832066,0.650501896316404,0.681928002466618,-0.5709146197171208,0.7155254104645036,-0.40259146038243165,-0.7498233222917281,-0.25469721213308577,0.6106507311704696,496
2217.266524207215,1647.1641184076427,966.107184582972,367893.0796875508,0.004045241499339207,0.99609375,0.7251596152587801,-0.5054341470046826,0.46763217964484344,0.20201468295969785,0.805401242388227,0.5572422333493696,-0.6582807913545944,-0.30962099702886675,0.6861495740233465,497
2165.090159313947,2158.6536989852575,1080.935381481756,453089.73920285027,0.002228986138365814,0.99609375,0.750520937596928,0.15356440359039616,-0.6427567939575233,0.6242507933382462,0.15443082438001624,0.7658081140193533,0.21686232786078466,-0.9759964623046717,0.020040866337736885,498
2725.012983711495,1479.0279701982981,1051.0097952747026,457904.3805306568,0.00315264879811659,0.99609375,-0.6253260459682649,-0.180588737882373,0.7591805081690038,0.6942682244164029,-0.572949314550298,0.43556941527389065,0.3563130208109025,0.799447803615968,0.4836571518071598,499
2523.7379942694174,1602.8135172783307,1031.6374399596493,151298.8587468839,0.00015835913539415084,0.99609375,0.3564124961604537,0.7191396562582464,0.5964966784295161,-0.5425502241853094,0.6790549178642694,-0.49449334956177193,-0.7606637804031062,-0.14738579755567147,0.6321930400294941,500
1463.6075840253009,1463.6075840253009,651.986646704925,493176.78331386857,0.24771422906462248,0.96875,0.06299153584078247,0.3792558848096744,0.9231451891493833,-0.6008139181548554,0.7529985898850734,-0.2683575215687118,-0.7969031949765479,-0.537734225680607,0.27529475179859125,501
1944.5491537319424,1826.1750633760078,942.6774229614608,379559.19581451855,0.003303757854233696,0.99609375,0.8454350448785227,0.09235848507046797,-0.5260318385105016,0.5153841842467431,-0.39939206519701226,0.7581986025349722,-0.14006686802941457,-0.9121161595395368,-0.38526015105027006,502
4730.389400268178,2074.1533169251766,1701.1322364401658,411192.89890364883,0.0,1.0,0.29709958665552316,-0.6665220162061554,0.6837252646506483,0.7067901804385579,0.6349683579622718,0.31186988508403185,-0.6420120531927328,0.3905938892240611,0.6597400527905473,503
2664.871777707937,1786.0748602275441,1112.7360781834643,437028.5647013542,0.004074717798510568,0.9921875,0.12495566520831448,0.8501743997836634,0.5114582795153828,0.8196841614000363,-0.37891037149135737,0.4295867850926059,0.559020533864604,0.3655549484397241,-0.7442214874544835,504
2139.8896943088544,1966.3564278420006,1026.5597407889902,529833.7834403372,0.0005308140368258036,0.99609375,0.4623204175426157,0.8160109004774696,0.3469669174794199,0.566529880615808,-0.5728454463018491,0.5923613669211336,0.6821317511248541,-0.07729362815384244,-0.7271327039503558,505
2586.7460054790486,2268.681086219942,1213.855871750925,438832.5245473973,0.0017582023362014418,0.99609375,0.5454043057956572,0.6153958848019325,0.569053642628183,-0.34508334222533693,0.7835769893587751,-0.5166474510399031,-0.7638400553376002,0.08541081147187826,0.6397291326378431,506
3137.2380710549432,2210.08293928362,1336.8297946031137,539540.056851648,0.00249865128080059,0.99609375,0.4971442155540135,-0.5817384772429052,0.6437608042093667,0.41483870793151445,0.8110112295552443,0.4125162202107968,-0.7620737991447392,0.061976847535163054,0.6445171797762315,507
2780.0270897544574,2173.0200969231914,1207.875147773917,331527.4634513918,0.0019692426025262814,0.99609375,0.5201552470998159,0.7067543776821681,0.4795172244472775,-0.5378617234196952,0.7071978200543756,-0.4588856173278201,-0.6634329547094604,-0.019222199078937685,0.7479887844533799,508
2326.770684477104,1796.9179533932063,1030.9216886199113,233262.61725309008,0.0014951569354956164,0.99609375,-0.31579323730140313,0.7245873707985232,-0.6125747083858287,0.46753738962130975,0.6806242395200602,0.5640562329093007,0.825641217830597,-0.10827643629628306,-0.5537082198795551,509
2303.9300898857296,1665.0858905611851,992.2527503532253,485461.3795082237,0.005867876356618117,0.99609375,0.3180438729393387,0.8049930384826851,0.5008336079778992,0.918597651182139,-0.13094324879623295,-0.37287024665068835,-0.23457717307616077,0.5786536732702058,-0.7811104123505811,510
2735.8648879724446,2595.0922344881947,1332.7360301967728,479205.8390606014,0.5902297699570653,0.96875,0.8840471137779407,0.20484689534331754,-0.4201171861386974,0.4669008287217057,-0.4284787658868158,0.7735693655536624,-0.02154801057818312,-0.8800248272931369,-0.47443860149423694,511
3183.894742366261,2658.483953329069,1460.4020203614605,638902.8741048679,0.0,1.0,0.5636617944878167,0.8129568054473485,0.1462416285180669,0.5287157555298929,-0.49111852869735184,0.6922876863158862,0.6346219593499967,-0.31289586645877954,-0.7066478227970286,512
2522.7087850146445,2307.202101832778,1207.476442612358,402164.62227733847,0.00039219231626870884,0.99609375,-0.6150901837801331,0.7045589707495319,-0.3539219158990895,0.21351634255582858,0.5809509018043898,0.7854341609290039,0.7589959402255746,0.4075447293598905,-0.5077720515074352,513
2586.908267791519,1509.4721061460812,1024.0946175302238,579142.2005851604,0.0009668656956289741,0.99609375,0.6840349157567751,0.40316288354686547,0.6079111146835514,-0.1660066143140933,0.8975543037596548,-0.4084581689799987,-0.7103084105017998,0.17848238325587718,0.6808861878740887,514
2055.66705926958,1593.7501519219925,912.3537722272675,523920.77568065823,0.00229379448433487,0.99609375,0.9267702181917916,-0.34984749726056696,-0.136761439496872,0.35721741256487366,0.708264977361696,0.6088977270472382,-0.11615800804591911,-0.6131618469077751,0.7813705053708199,515
3055.2917195289087,2539.3374562961285,1398.656716386648,316469.1559973141,0.0008686520365760175,0.99609375,0.8105708612207216,0.13706648708217342,-0.5693747948924768,0.580058459263053,-0.053987385528254404,0.8127838249136093,0.08066636707618982,-0.9890895512150435,-0.12326717689617696,516
2349.16833138317,1673.196463404419,1005.5907176688611,203558.48178157883,0.0012811092069119976,0.99609375,0.5053679948085038,0.7588923460025314,0.4107135218153966,-0.5220513765048185,0.6478700985355447,-0.5547311923021528,-0.6870702657753838,0.06592983089859988,0.7235936064428885,517
2771.4932276405702,1584.14246722869,1088.9084781965194,410206.0812924373,0.3169500096665513,0.98046875,0.8689470635284685,0.43962512439351137,-0.22729001471081292,0.45769058689810915,-0.5391235555725808,0.7070113991242594,0.18828257341059534,-0.718383979379251,-0.6696821116926417,518
3180.780667680824,2197.220310478008,1344.4994864191824,560195.4554067968,0.0,1.0,-0.38129460730629017,0.7783637150796132,-0.49876281886945484,0.5651618051311178,0.6232237635260406,0.5405407242728102,0.7315781273794879,-0.07577643184988703,-0.6775333024405672,519
2549.475229810458,1692.6384504334699,1060.5222184383479,487668.2165688313,0.0019478925129196624,0.99609375,0.8474060127782159,0.5308690031741199,-0.009008383664262761,-0.4263424550633661,0.670246269025013,-0.6074553892003851,-0.3164414013966375,0.5186020057105122,0.7943027125442579,520
2701.892311242483,1844.76947400317,1136.6620382548927,430382.8205586795,0.0011868631543330175,0.99609375,-0.4639689092601156,0.7347152253717347,-0.4949003827508519,0.1512204160411424,0.6161613326096468,0.7729667508819821,0.8728489199239022,0.28379349852254426,-0.3969836434716325,521
2966.6603716063455,2629.5397576395585,1398.363244792251,727306.0629911129,0.001351029427448652,0.99609375,0.8552111646230014,0.22801129225681466,-0.465429602096329,0.3725592371539828,0.3538326912134203,0.8579056133630965,0.36029637621743027,-0.9070905562467542,0.21765395482862732,522
3302.0936382370173,2474.272576523159,1444.091063323275,806788.2396648487,0.0,1.0,-0.46481124341916036,-0.37257663454781303,0.8032043073715177,0.5587551112801826,0.5802730858987775,0.5925165579119126,-0.6868356671063356,0.7242028701755714,-0.06153835568212476,523
2488.357481989091,1561.0677953260677,1012.3558314057246,234347.06869308985,0.0008279764776925076,0.99609375,0.5069159589274668,0.7452872785032513,0.43310862735099614,-0.49034534157561344,0.6625519046815412,-0.5662035142931886,-0.7089412222319577,0.07464479957826406,0.7013062792504992,524
2710.9641421254664,2198.5131409856385,1227.3688469494032,446371.82358683844,0.0010930694018773338,0.99609375,-0.526862563427515,0.7475033936388815,-0.4045423534772881,0.6799274070653736,0.6562691688804344,0.3271230641491693,0.5100142746825284,-0.10271053731404153,-0.8540117008242425,525
2141.2030207331227,2004.2801412417673,1036.3701785511687,585046.694833789,0.0,1.0,-0.6328447732557867,-0.14913558072306868,0.7597802784524121,0.7634007394959177,0.04372672896189404,0.6444433909284655,-0.12933214565574128,0.9878494580333007,0.08617798073403668,526
2118.744777398095,2105.24481881814,1055.993093153711,391378.7577845963,0.0,1.0,0.12919719348419534,-0.6148639776415096,0.7779783892851193,0.8282001696460974,0.49837038803055317,0.2563424181294451,-0.5453371105967233,0.611203112993657,0.5736185060411494,527
2934.2344259785573,1985.0598921570456,1229.8227933821152,211488.05974959355,0.0003637924273652255,0.99609375,-0.4539932116291097,0.751890534774387,-0.4780698563090678,0.5397757877900432,0.6589772668209611,0.5238235015048617,0.7088950999339214,-0.02023821953290189,-0.7050235114943426,528
3425.0595168284476,2981.915311805691,1601.742975759329,700152.0406996891,0.0006833860327210647,0.99609375,-0.11849158932788192,-0.6288633519335165,0.7684338799490134,0.6268555009286118,0.5528012558077394,0.5490564201727591,-0.7700726746314868,0.546755572602903,0.3287041521088223,529
2233.7620619108084,1906.837694429698,1035.149420005962,237143.21548511882,0.0014235131473662333,0.99609375,0.47393124933443287,0.77926070659141,0.41005112128484655,-0.5197176506653572,0.6234516736766255,-0.5841246221284428,-0.7108324236352652,0.06372410652548052,0.7004687742907201,530
2293.799030461196,2211.4548865455813,1126.3129577294562,696624.0863295825,0.05832945330828575,0.98828125,-0.40174729876859977,0.8115696003490549,0.42420972610420987,0.9063650326627471,0.286241048184379,0.3107547101824289,0.13077283929926287,0.5093337276517071,-0.8505748752332306,531
3231.275324712582,2586.020971553098,1454.3236236273297,518116.79340288683,0.0002242456847902666,0.99609375,0.6745729153871226,0.6991110104335689,-0.2370552191297884,0.581350828195157,-0.3051955906658696,0.7542458922625405,0.45495340023229053,-0.6466060984313904,-0.6123054442746789,532
2256.373514596077,1530.261490333855,946.6583018657888,275064.40559907147,0.005231056200405354,0.99609375,-0.5889341726074903,0.6224361948741516,-0.5154897900499272,0.2802702876037741,0.7555539793470253,0.5921036650615943,0.758027114436963,0.20423361036681037,-0.6194219290394143,533
,,,,,,,,,,,,,,,534
3175.590333936801,2139.88674642128,1325.0948066379192,709144.035287237,0.007029491478557522,0.9921875,0.5644664060721634,0.7694160585911337,-0.29895920323358643,0.7935261816789628,-0.40603582947471156,0.45326714437822274,0.22736287165230235,-0.49308603099750065,-0.8397453724964197,535
2567.298960059698,2121.420811020191,1172.1794183853794,666259.8005117162,0.0032294184764476825,0.99609375,0.3486985493486246,0.48263964598317294,0.803410414301061,0.9219133227916865,-0.022265414922337176,-0.38675583584159146,-0.1687754334651719,0.8755359635238144,-0.4527158376234144,536
4736.298495876523,2443.996826368126,1032.1534853313087,549426.9015891072,0.0033554679898567586,0.99609375,-0.3106566340368777,0.7810729821121153,-0.5416802122501474,0.5871273380927019,0.6058447693564948,0.5368739184459921,0.7475118357544953,-0.15125181670929774,-0.646798997640752,537
2751.8532587226305,1723.4601321620596,1118.8276032704691,440558.81343025126,0.0,1.0,0.6073005586328509,0.7090635962894211,0.35835017497043337,-0.5565300648639897,0.7015768733547915,-0.4450440176838672,-0.5669747070079146,0.07084283443530362,0.8206832363478991,538
2485.935448173305,1990.5038792206437,1119.1085799814866,285428.74862592673,1.955816453320156e-05,0.99609375,-0.350171588801399,0.784039336328796,-0.5125057828799643,0.5827197460884266,0.6107231484120969,0.5361482383746642,0.7333604542889831,-0.11090335920393574,-0.670733098186111,539
3966.905949159895,2503.7491905698307,1617.6632885107945,765753.1948732847,0.0033215223177039143,0.99609375,0.6820894049061214,0.4899631365354062,-0.5428537266623488,0.7138334649451838,-0.2849795496567033,0.6397096533598782,0.1587319376784841,-0.8238463334347306,-0.5441336148842344,540
3128.231060591008,2405.1228738253376,1342.3266354956008,865726.92538397,0.0003496927235538706,0.99609375,0.6303170654318836,0.7583505211926416,0.16614717581766938,-0.5599902160265021,0.5923537474703815,-0.5792477844691225,-0.5376907614790587,0.2720689707861676,0.7980395479895876,541
2949.2159422980044,2895.3810406388916,1461.1487258278332,751730.5092310637,0.0033874970015103393,0.99609375,0.6269368081956158,0.6940352743546991,0.3539283493602781,-0.5297614807472202,0.7128790474767875,-0.45951739595482216,-0.5712293865392487,0.10059076309475679,0.8146032692875766,542
3198.5604241298774,2566.005712541921,1441.1409572389205,677907.9596845221,27.30866345304839,0.88671875,0.9995196715246829,-0.003235081102454634,0.03082142899754395,-0.024327427565996148,0.5342189977240509,0.8449959992442164,-0.019199023496295663,-0.8453399296856687,0.5338836959261986,543
2996.6057674976273,2742.32735403339,1434.7327561945153,764732.9904672921,0.00045760247488322973,0.99609375,0.6009979835700922,0.7713030844921293,0.20950650490524286,0.43557961644751336,-0.5358626866499434,0.7232714419854704,0.6701282127176265,-0.3434279151572158,-0.6580162958549338,544
3324.996831579773,2708.0229904117737,1508.2544766577728,934935.6220611893,0.0,1.0,0.6841541105431377,0.3599707934807402,-0.6343139450365052,0.7265530637786416,-0.260457161659283,0.6358322990020712,0.0636694474673482,-0.8958700211421501,-0.43973072064385743,545
3305.3954284479405,2792.1245634656284,1524.3795005514971,291725.62182072195,0.001086303975569462,0.99609375,0.26816584142136823,0.7393699793960975,0.6175913819529737,0.7255155955317437,-0.5767625403043111,0.3754625051079498,0.6338092789909192,0.3473859606684362,-0.6910924628408842,546
2721.53239697219,2022.403470583709,1185.9705741897221,434925.60609097884,0.00029360892800450977,0.99609375,0.4471691955365384,0.7802162157594116,0.43738126072028793,-0.5537009122594738,0.6254993914809875,-0.5496961078813828,-0.702463529534617,0.0036287632848619467,0.7117104901227682,547
2453.2761582710364,2447.257478555841,1225.1197607498461,348001.27798451704,0.0036030431600028276,0.99609375,0.5856302745830405,0.6776072971555622,0.44484326715521527,-0.3395104801242628,0.7033909303913293,-0.6244788490645723,-0.7360501446080866,0.21468476863707375,0.6419818024972834,548
3782.126580726763,2519.1295178122264,1575.3136060431843,723150.9113759901,0.0055616728225186774,0.99609375,-0.425878310034486,0.7307944008042452,-0.5334484124967798,0.557400997347229,0.6763328166052428,0.4815371733720393,0.7126933374169317,-0.0922684395445337,-0.6953810048207617,549
3921.7670469275718,2293.8298854940476,1553.8988060673755,583441.4364771087,0.0017808416132632416,0.99609375,0.6613997518597978,0.5774169094947726,-0.4786857851130567,0.4502052881925339,0.20482238734158664,0.8691162109448717,0.5998879618089327,-0.7903401180967589,-0.12448666998327959,550
2557.096905468123,2392.7893717242387,1237.4662512922307,742781.9809385159,0.018588328545359033,0.99609375,0.8640459286754564,0.5032778683845794,-0.011662775554824084,0.26257752888726293,-0.4307945040351077,0.8634055458569884,0.42950864305951614,-0.7490844294786934,-0.5043756963313694,551
3251.96739257906,2730.7054908148975,1381.5441061566823,556895.7414643904,0.07492423531227506,0.99609375,0.29725484960121723,0.750754606814392,0.5899212445195761,-0.6017140089947924,0.6270152759144061,-0.4947646866434548,-0.7413364996868645,-0.20789267451487783,0.6381228957771994,552
3288.773244293137,2222.300561180265,1377.7680139344043,371451.3870081943,0.0018912098442927907,0.99609375,0.7190422546416486,0.23255627161071146,0.6549013792735359,-0.6806256728542333,0.04519898155180013,0.731235766027895,0.1404525880558168,-0.9715321058005264,0.19078374644402496,553
3337.756661597002,2376.208022672019,1428.490670070338,697115.0675836888,0.030769012812186424,0.99609375,-0.20276280598867524,0.3641269260804846,0.9090098053435817,0.7899050740981782,0.6094543009972243,-0.06793694804696716,-0.5787376075749272,0.7042563714295825,-0.4112003707188109,554
2339.96985187942,2093.46931492682,1108.3591925202159,662448.6510507604,7.23844182976864,0.90234375,0.9041142866515233,-0.21289465896078494,-0.37047701798975086,0.4192004864091796,0.6098610357414245,0.6725626136492454,0.08275450964699355,-0.7633776138126975,0.6406296198761946,555
3210.8014219085762,2340.6203354642485,1387.8542775901176,358716.3241382691,0.0018574220932062397,0.99609375,0.4704535631959116,0.7162695265463626,0.5153944219889461,-0.5076941917282233,0.6974211746468949,-0.5058164813838824,-0.7217479148301686,-0.02369958850264689,0.6917501550004226,556
3923.5053528976764,2042.073637000604,1491.3943367289817,466423.8394463329,0.0016956808626815098,0.99609375,-0.4394362181076738,0.7782228515452051,-0.44862568311240797,0.5371509716375935,0.6279546715752781,0.5631534108176688,0.7199754467230215,0.006490283478744474,-0.6939691868781721,557
5716.2009323945085,2758.240482268529,2118.609952240394,327295.26004526496,0.002073343064934314,0.99609375,-0.5548000524536735,0.7663290000459999,-0.3239394472519502,0.447840537168759,0.6032089810506706,0.6599831652763646,0.7011674229923966,0.2210854786464043,-0.6778535653560375,558
1879.8158389276189,1875.9597209700082,938.9428074358478,568414.9132060432,0.0,1.0,0.8287940781745577,-0.47890833015734685,0.28939106290396516,0.24761632890172366,0.7776886083990603,0.57782919797079,-0.5017833493092596,-0.4072434648612973,0.7631292358989706,559
2347.7876747611267,2339.189732082602,1171.7438312010506,498507.3996770041,0.0,1.0,0.42990976150716365,-0.25533868040293045,0.8660137153942448,0.12937629797747646,0.9667001326912711,0.22079997050797406,-0.8935543466865892,0.01711758583355541,0.4486285966952329,560
2853.645384510795,1937.0309385221756,1197.6686218343843,388646.1470901915,0.0,1.0,-0.6013454023509831,0.1414960578229602,0.7863603326032511,0.7367565279368263,0.4790100143541625,0.47722031043418256,-0.3091496815683412,0.8663303479441238,-0.3922986140903466,561
2818.2865808693664,2324.6845477513098,1285.742325627139,528731.1178931303,0.001257236779564988,0.99609375,0.7508130935591326,-0.47059097196866373,0.46349092293350647,-0.242583778280583,0.4562144972254412,0.8561667145109385,-0.6143556047235854,-0.755256558808281,0.22837408198346748,562
2948.36529682103,2147.7432910735943,1274.0266435022768,440820.74781936896,1.3583532702450585,0.98046875,0.8746207633008528,-0.46711020648089024,0.12979435813783993,0.18293676852245735,0.5659129468681925,0.8039133506103249,-0.4489684388969837,-0.6793751478883655,0.5804108452691653,563
2338.760204908195,1740.8395687805032,1019.8994893156855,96148.99064149975,0.0,1.0,0.4903428131385789,0.7175315466941832,0.49468414680682665,-0.5055503042548323,0.6965258859598562,-0.509186193897364,-0.7099174708874203,-0.0004119302012739745,0.7042847540890815,564
3765.861083012406,2189.925225192696,1488.9461623686464,816082.2077431679,0.0044994436709506385,0.99609375,0.6384065226219997,0.6587201619988411,-0.3981518052827421,0.6581926043616618,-0.19904003479468121,0.7260616778983346,0.39902331690929926,-0.7255830846465156,-0.5606331954473873,565
3316.9310955765795,2717.9514294973324,1508.72013426762,536661.3779638265,0.0001974900733221743,0.99609375,0.7647995310785203,-0.22276913295189044,-0.6045292306133248,0.6330324487661573,0.08535818056044983,0.769404899789787,-0.11979814719434499,-0.971127125774619,0.20630198620839657,566
2707.0245987831886,1843.7050417695782,1137.6819490030484,445026.06968250324,0.0003958372443589214,0.99609375,-0.45483559832397974,0.6863000267957517,-0.5675533910720805,0.24759410734662335,0.7096110044750163,0.6596585331330044,0.855465800897088,0.15951330837302805,-0.4926801883041322,567
2880.658148020754,1815.6703859519853,1174.081707565691,593269.1478882609,0.0009057178702457032,0.99609375,0.24867004967994785,0.7707332236814091,0.5866289323804574,-0.5779107426476221,0.6040986964903847,-0.5487111612051389,-0.7772916955201863,-0.2025711302537481,0.5956362625487747,568
3118.451283190394,2136.948693360291,1313.8494955806652,664342.3560918473,0.0016811600861984402,0.99609375,-0.5976685908240008,0.7467682400446773,-0.29176951726153355,0.3868475910480441,0.587359362731632,0.7108853074243526,0.7022401276221535,0.31200348503192443,-0.6399317373635687,569
2357.385100332417,2025.861923769486,1095.8112294990472,734400.929661744,0.0,1.0,0.3828134261715786,-0.11301981552125644,0.9168862536009135,0.7626520539834915,0.5987715238727839,-0.24461092934255002,-0.5213594971778487,0.7929055325186005,0.315412572995839,570
3205.5832106426847,2059.307700270532,1316.1691426206432,492843.8130945974,0.0028743111576745666,0.99609375,0.005141288525939773,0.8435570132882871,0.537015020725154,0.9839407242971482,-0.10008497222123239,0.14779597222210908,0.17842146233538256,0.5276310867145905,-0.8305246643601163,571
3543.202189345839,2252.570927619337,1448.9428464070584,350045.0790859435,0.0017361947055728097,0.99609375,0.42752037664732573,0.640820456857253,0.6376327074614275,-0.6056477204235627,-0.3206084775409869,0.728286374220054,0.6711312586201531,-0.6975380607551908,0.2510447918217329,572
2600.7209852593974,2035.5838314856874,1159.0757156285354,670217.383867295,0.0015315837826487125,0.99609375,0.6405456459989556,0.4846857116589496,-0.5956349857970383,0.732899897812739,-0.15428952792687578,0.6626103540982275,0.22925753025333157,-0.8609729975357876,-0.4540555938829334,573
2314.764705220619,1700.3352891571444,1003.1687273497397,482202.2140871799,0.0030082975051344083,0.99609375,0.39161694148685594,0.7672045693249794,0.5079698022002425,0.7069416496650204,-0.6042417436707898,0.36759409567426854,0.5889564288717631,0.21514893449086972,-0.7790001674441819,574
3743.3694202873908,2477.809572247248,1555.2943314938414,159976.22995189668,0.00015033356780817168,0.99609375,-0.5333013770862073,0.7483599510474991,-0.3943945041023515,0.4430907898732685,0.6442766412999033,0.6233603784367426,0.7205971087420752,0.1576863758969072,-0.6751850218488717,575
2441.2042377956104,1776.756676142194,1054.489755177616,578593.815920925,3.6157533543491405,0.94921875,-0.5087754318102904,0.0471332280569727,0.859608061152978,0.7710987534108882,0.4689616535117704,0.4306758410030453,-0.38282407509772254,0.8819599913535963,-0.2749405411668815,576
2294.9129146390574,2146.997974485071,1110.4771930374318,688558.8677014089,0.0,1.0,0.8358391531355451,-0.5350993654212631,0.122644116089669,0.48823312037312644,0.8267147657198817,0.27959098038284685,-0.25100065788036285,-0.17381416877367245,0.9522538025532596,577
,,,,,,,,,,,,,,,578
2509.578614101402,2485.8367313510003,1248.853295931828,757285.1434495106,0.0011438930825283212,0.99609375,0.20205906256896458,0.7059303199785549,-0.6788479347900576,0.6320925697818014,0.43545311284200255,0.6409676822920549,0.7480849674070384,-0.5586080646134508,-0.35822606226854153,579
,,,,,,,,,,,,,,,580
,,,,,,,,,,,,,,,581
5530.308419785312,3908.111159014478,2359.6044296532054,943575.4691261197,0.005865273145871366,0.99609375,-0.6694659698451374,0.7043123683918404,-0.23613429007576617,0.32930359116739644,0.5663203249849886,0.7555398297595919,0.6658636948081536,0.42804833516692165,-0.6110647778241362,582
2822.981206106565,2804.0489611277694,1404.8985465902792,374785.2242650228,0.002535108395943763,0.99609375,0.410323943775011,0.5980227814894343,0.6884787679983762,-0.5661832979961514,0.7588910953302513,-0.3217464506387794,-0.7148921137032656,-0.25778490694393197,0.6499816978321664,583
3332.8398779048375,2271.3964481285907,1401.0586260519033,695225.6620019556,0.002346024281738626,0.99609375,0.6865340005658388,-0.6535587570394705,0.3186408906027084,0.2525333072123245,0.6252839488610494,0.7384083640135303,-0.681834286916895,-0.4264750102805027,0.5943240452739352,584
3756.406533493224,1864.5585270754148,1405.2408661127372,613430.1515366429,0.0025581668352458757,0.99609375,-0.5702320134249002,0.5215780122566821,0.63465882802948,0.5049889658618524,-0.38679726069323817,0.7716048363495294,0.6479364129474139,0.760489484641685,-0.042826960273441295,585
3281.799893892518,2689.935562637496,1492.9332755449211,615459.9191088234,0.0,1.0,0.7473726850641368,-0.04437165464030499,-0.6629217343582151,0.6634175714716617,0.10421724977856217,0.7409560653043037,0.0362104333399259,-0.9935642511247444,0.10732606116065425,586
3234.040372046304,2469.779241727116,1382.4540480515996,586307.7812604391,0.16535625315970354,0.9921875,-0.34867296137296755,0.7766656055941312,-0.524611954776582,0.6158052408494943,0.611804132627289,0.496467127454041,0.7065487041596648,-0.14995412760998605,-0.691594309015789,587
2765.593678621011,2189.0859928222185,1238.668880867192,590030.8211163088,1.7770308893399405,0.96484375,0.8738582407866288,-0.48388926514316666,0.047148214054239954,0.32614485965941625,0.6553666250764755,0.6812665537464833,-0.3605569379821139,-0.5799532445077589,0.7305155225304152,588
2447.8929263343043,2003.4212735796486,1112.8268411024428,340360.8570904285,1.9650598365902494,0.9765625,0.7799944448468283,0.3579867381963204,-0.5132778597247765,0.6188548470841696,-0.5630019393471387,0.5477659121666753,-0.09288349825731759,-0.7448988599581288,-0.6606802132534038,589
2555.5255758703024,2210.7819944719695,1191.5745264195277,446110.47274782864,0.001590844027804523,0.99609375,-0.5914997893647652,0.035239694106081076,0.8055347063539523,0.79261381378758,0.20873757195082981,0.5728804135674214,-0.14795722819296753,0.9773365796977938,-0.15139969818355697,590
2461.4169091404488,2092.8063908547997,1060.1055348855693,482363.51226585056,0.03716735523079165,0.98828125,-0.5902288716999579,0.7891908149725521,-0.16972842005614092,0.5887383622825767,0.5646984991196443,0.5783621234735644,0.5522834596370094,0.24144039151513197,-0.7979282659214396,591
2206.1260582155687,1372.9824629078907,894.7763999857768,198940.40272280393,0.0,1.0,0.38480521287802927,0.7658958388203744,0.5151004874968862,-0.5580455570481138,0.637575331996305,-0.5311147261078928,-0.7351939229895437,-0.08307382323835094,0.6727470813699665,592
1698.359034541845,1698.359034541845,796.1585403899609,597040.590978406,4.202372727351239,0.91796875,0.32773750936504553,-0.13286966244665127,0.935378948745646,0.6737526031893736,-0.6611840233074693,-0.32998957107534566,0.6623032195684537,0.738363961826592,-0.12717352407242555,593
,,,,,,,,,,,,,,,594
3265.9685453725565,2009.518998742796,1318.871431165029,301762.61693171825,0.0007912915260622819,0.99609375,0.2715037930678111,0.8187193030830966,0.5059490024784314,0.5500162453652924,-0.5633833183039576,0.6165073937035047,0.7897897316273856,0.11089607484464994,-0.6032696249605081,595
2890.3729856704736,2021.453064914154,1227.9554728038488,577588.2931924086,0.0032032573055632515,0.99609375,0.6591716243657773,-0.5789764808851917,0.47987394617001444,-0.1686372378301832,0.508072307596768,0.8446443110980512,-0.7328398540254132,-0.6376901793465966,0.2372698537887118,596
3041.316907236466,2007.3624050495248,1262.1693972125722,484284.5280409563,0.0030226236850580115,0.99609375,-0.6299562943158605,0.7546248072705352,-0.18356597588806217,0.5097664092751472,0.5800940352197577,0.635318123680713,0.5859123443199948,0.30664688251206185,-0.7501162671340235,597
3451.7491090869116,2403.0329453454233,1463.6950649824205,480573.6085521103,0.00021867619194075678,0.99609375,0.6674051901273681,0.6788442814264669,0.30617111843809713,-0.442775719760464,0.6923026384082855,-0.5697953306613962,-0.598765374902102,0.24471922365746102,0.7626221393264392,598
3201.500634055004,2181.9924874032868,1345.8728598298121,580943.9997082702,0.003741229924662535,0.99609375,0.5336675990024291,-0.5855521797236142,0.6101864785423442,0.42967584362484346,0.8091930036852204,0.40073102224830326,-0.7284075529401529,0.04832522744711318,0.6834377142153651,599
2354.3239710031976,2047.8950095893842,1100.55417089279,511470.7428231174,0.0005089676029997981,0.99609375,0.44677880662984876,-0.38193523845403027,0.8090205013307582,0.8826305072134026,0.3358736875530154,-0.32886509961647054,-0.14612352884672586,0.8609961321844614,0.4871689385426555,600
3489.7592137307142,2383.5433857460453,1468.325204897677,686743.4339167743,2.1806771534579084,0.9609375,0.8938261341684693,-0.44760388363524084,-0.026937060569022207,0.3140201756859347,0.5819254271042078,0.7501693985705895,-0.3201033757079486,-0.6789797939881828,0.6606968050597345,601
2693.5068255302867,2526.961108808436,1305.1163503526907,492810.00559480186,0.004266134548624307,0.99609375,-0.10382309283065447,0.5667026353358968,0.8173548118769637,0.6796833149975261,-0.5595392966786019,0.47428511128475176,0.7261207590401552,0.604784175202828,-0.32708522546147495,602
2183.0472446994336,2183.0472446994336,1091.5229883949387,560898.793872115,0.06679852932019932,0.98828125,0.8843421694821973,0.4589125862710655,-0.0856630926217495,0.28376614780350046,-0.3827102524838552,0.8792096655545285,0.3706962376883296,-0.8018304688684172,-0.46867067174933386,603
2434.173302566082,1989.307073014006,1105.869597439,565433.6647289215,0.001033786213543702,0.99609375,-0.5244665362206838,0.09675627013694041,0.8459155256725494,-0.5430240333148789,0.7272190829453721,-0.4198539086903126,-0.6557894110361339,-0.6795517858039073,-0.3288610934476761,604
2277.636006299357,1750.270480213363,1006.9761257974159,441651.3481992506,0.0003066981457544461,0.99609375,-0.2686667937976852,0.7945833817410553,-0.544477183517749,0.5603403994266022,0.5886994048933999,0.5826247913096325,0.7834773708799176,-0.14856062782280244,-0.6034011511258384,605
2218.4622111155945,1897.041901934844,1026.7734928171471,331979.23012270726,0.0,1.0,0.33492305866829497,0.7590252610954843,0.5583074402076385,-0.48653036352079126,0.6467378258701372,-0.5873826605894107,-0.8069168173638473,-0.07490552454725838,0.585896246999159,606
3052.138845529471,2648.533377354185,1425.1674221699327,705794.4457965024,0.0,1.0,0.8045782342855896,-0.5931791300853454,0.028149325836970288,0.30877768073745215,0.45836982430700096,0.8333987329263041,-0.5072575369497068,-0.6618425974474309,0.5519548599403352,607
2727.8603307391404,1830.0635985553333,1139.4805592291646,656947.8308041926,2.087746450362533,0.97265625,-0.049201842302821396,0.8706520965701077,0.4894324319577569,0.9824137826526912,0.13055576589011836,-0.1334853986279981,-0.18011756818267133,0.4742574392995018,-0.8617642037709853,608
,,,,,,,,,,,,,,,609
2796.020117608671,2363.0026671501987,1289.7551608676702,652756.1838804198,0.004556226104349111,0.99609375,0.8354763701352127,0.034550460245832526,-0.5484391494436647,0.4621065904014016,0.4959193517216074,0.7352016700848903,0.2973831435257896,-0.8676809680319271,0.3983629044751755,610
3514.156394693125,2264.3790520372486,1444.6334503362664,243223.33663336543,0.0009603585873974457,0.99609375,0.5852679882262575,-0.5844508016991905,0.5620308197516954,0.033694272932178644,0.7100780037900687,0.7033163758260454,-0.8101395422574813,-0.3926913405292823,0.4352785695898135,611
,,,,,,,,,,,,,,,612
2832.535566730472,1698.3615065012807,1132.7234757216665,238456.00144194067,0.0006912995684971443,0.99609375,0.2868694578558887,0.7569235995990294,0.5871733802885793,-0.6140049943925108,0.6157611107898353,-0.4937976521814588,-0.7353256292354573,-0.21887192329971494,0.641397926548381,613
2444.9654527298485,1965.8489047361215,1102.7031089148327,478465.14819653565,0.0004902833959706952,0.99609375,0.5641492084402792,0.7574581378692923,0.32862264071696395,-0.5926473329897175,0.648599445244823,-0.47758548797914985,-0.5748954768619957,0.07467214342505502,0.814812408889265,614
2760.6546202782183,2362.316632149212,1280.7423167874053,534424.3939088348,0.0009023953869006972,0.99609375,0.8394616692121601,0.2667794597045122,-0.4734266847182385,0.5409402631805105,-0.49334982869194705,0.6811678047293681,-0.051843394890129874,-0.8279098177998585,-0.5584600218429884,615
3078.202464274864,1799.206688390018,1219.3518583262444,422619.2956751166,0.0006073356379802575,0.99609375,-0.24161508165923312,0.5993341142534382,0.7631649702435568,0.6958944085076056,-0.44109111213283175,0.5667182748114545,0.6762788807309096,0.6680099178077137,-0.31049899385969004,616
2375.6734072922504,2251.1168228275365,1156.5323510724406,689032.8048124684,0.0,1.0,-0.6135856431023485,0.1678803020863011,0.771575571639026,0.642838553777015,0.6736459038131226,0.3646365177182299,-0.45855343457066505,0.7197342568248462,-0.5212593857152439,617
2247.5514058913345,2247.258936506876,1123.702071123734,416599.8289466243,0.0005943538447061821,0.99609375,0.5485607490529321,0.38428708949201906,0.7425661838841296,-0.25712616084501444,0.922616029732654,-0.28751660663248374,-0.7955923843323225,-0.03321286693598677,0.6049212043417742,618
3321.384402052717,2734.682693776044,1514.016230717044,674054.9557271812,0.002264596742012542,0.99609375,-0.6453524114891847,0.23933658861053306,0.7254228162508859,0.7600681213842692,0.29600262400157107,0.5785143882735955,-0.07626739696936005,0.924716412710652,-0.3729381184902678,619
2536.3300809274083,2275.3812030904314,1202.9273246678656,353941.79990440514,0.0030704399155339645,0.99609375,0.43686297938812013,0.674706351906206,0.5949135029040389,-0.5537905449754223,0.7229010146071726,-0.41319505729829975,-0.7088489045882485,-0.14894784918668497,0.6894546893645013,620
2562.442327958241,2035.8038388200384,1149.5609965615547,555365.8358574283,0.0004591232469514661,0.99609375,-0.48378689851679607,-0.09818053502395663,0.8696613245200162,0.7916453135503859,-0.4727777434436805,0.3870127941528712,0.3731593953757703,0.8756950313018289,0.3064478386219725,621
3409.040707821512,2397.995220746945,1428.573060467052,714246.2340737137,0.0003979204098129875,0.99609375,0.7185738929468126,-0.6341060779395723,-0.28558893937853375,0.6580910232211127,0.48720893418244293,0.5740589339158455,-0.22487277632263916,-0.6004472802610578,0.7673951381759252,622
3456.2122285997525,2542.1908174233854,1499.6002813888058,519146.32471592096,0.005635826263148968,0.9921875,0.9042087085521149,0.045919552135562744,-0.42461512703881144,0.3825290420768567,0.35508314501984056,0.8529873926914636,0.18994247378161372,-0.9337062465542834,0.30350370969599827,623
1908.530239959223,1387.212267204255,823.9329243244565,273488.8798647133,2.4438355405363277,0.953125,-0.4223692223016676,0.24216952240421652,0.8734747634996664,0.6305329554222279,-0.6137909870932098,0.4750671702924273,0.6511777270291079,0.7514083753736426,0.10655055719961187,624
2836.7408048874454,2101.6958364077555,1234.6086706361552,672118.2214820015,0.004797526015335719,0.99609375,-0.5772604856641186,0.32389621719804423,0.7495742606143991,0.4929376551312175,-0.5936025751190851,0.6361198400975462,0.6509860212359115,0.736700226209269,0.18300266899323905,625
3281.788983133707,1821.019418081732,1275.6845327561746,432502.46445316885,0.00010399507460195918,0.99609375,0.25609582642882217,0.80719581019688,0.5318363015875667,0.6258083256545836,-0.5577707714025862,0.5452116158982406,0.736735276220126,0.19320116606678772,-0.6479926251148915,626
4459.165815640573,2836.1090220382207,1823.8182515728936,763177.2840021019,0.0,1.0,0.8685583633512352,0.11593730705493722,-0.48183494091387047,0.37988189617621154,0.46863761071856175,0.7975390490612757,0.3182705050899154,-0.875749582159676,0.362996632128954,627
2504.0368963393003,2232.0822392608316,1184.0292665294191,773554.8624608547,0.0001477335066546149,0.99609375,-0.013748169868915415,0.8161647999361812,-0.5776556129480512,0.755399427574495,0.3869832655311403,0.5287869675199839,0.6551203650058369,-0.42909086630221854,-0.6218507343491931,628
1606.9460278238776,1527.236129099619,783.5449834078725,461842.59715024784,12.303377256704707,0.88671875,0.9806150166314059,-0.16265354324386164,-0.10926121922807222,0.1851528639396029,0.5866798447072591,0.7883686807510997,-0.06412960417740395,-0.7933161946440296,0.6054228350364446,629
2668.166580880016,1840.1399794771032,1127.07619084732,322692.149736759,3.9309469403625705,0.94921875,0.07134103816506891,0.4568584839454288,0.8866739997995964,0.8834234368505947,0.38379021005964425,-0.268827278908703,-0.46311282372291707,0.8024870094334603,-0.37621950001817805,630
2793.725433106185,2396.5594955160427,1294.4371254509506,779589.9992119927,0.0012911278645920596,0.99609375,0.8026346492756596,-0.4611878757904624,-0.3782636157576088,0.5866979678056002,0.49609600514798213,0.6400580038160544,-0.10753192249242874,-0.7356592260687651,0.6687618326018523,631
2229.965480315148,1619.4497724165008,962.3523896503073,293217.75142552983,0.00025016236157088706,0.99609375,0.12346898519170159,0.6914206044012517,0.711823684282238,-0.6014407341082871,0.6226930393266378,-0.5005221494893498,-0.7893189805465317,-0.36632079736695566,0.49273179354028074,632
2128.101921754434,2098.1135089858885,1056.5533334082938,369054.7037925664,0.0018839046488104542,0.99609375,-0.4816738796549375,0.6572716979842458,-0.579641431133996,0.7413020530131352,0.6583584895723038,0.13051959778740432,0.4673986947528542,-0.36682150187384205,-0.8043509469792072,633
2585.6555297401264,2363.745898133155,1237.3498276050107,450764.5701258811,0.0005026841420405771,0.99609375,0.7884140692620186,0.21451756902077784,-0.576528809315823,0.6096777994457455,-0.3971732618577196,0.6859638335424781,-0.08183053374320676,-0.8923203531505459,-0.4439235870063527,634
2516.2328936893177,1826.5219387001732,1085.6784322691333,266474.27554013504,0.001931042117973744,0.99609375,-0.5352330356032359,0.6439664680156111,-0.5466560030498562,0.404619823464923,0.7635346183453341,0.5032868814577424,0.7414906581057916,0.048187909891840186,-0.6692305501709379,635
,,,,,,,,,,,,,,,636
2579.909048361343,2579.909048361343,1289.9539968217882,765358.2330255291,10.088402443126855,0.93359375,0.05963798936858904,0.5526535130815523,0.8312745663754488,0.7149304276444088,0.5575248287545108,-0.42194851457308896,-0.6966475391848126,0.6194676422549219,-0.36185915263659313,637
2506.376269061573,2302.2344180641226,1202.1521208550598,639342.7596849945,0.005098887275923514,0.99609375,-0.03494760742039741,0.9188133506757442,-0.3931420752801737,0.4952055001882265,0.3576138724153866,0.7917599578403799,0.8680726797445697,-0.1670160018563598,-0.4674991741222633,638
2530.800716438153,1855.2490902089203,1081.1683930019203,501932.78071671707,0.0007256306931758692,0.99609375,0.5795807061129192,-0.16393645589196215,0.7982549990643546,0.7954509987206078,0.3266203451329064,-0.5104672945249763,-0.1770421241852843,0.930829731247796,0.3197062678289534,639
2094.9345252372227,1869.877359123807,991.2013870144243,436878.21608521155,0.002395049571214137,0.99609375,0.6677862230196258,0.7266342801067495,-0.16144405631341388,0.6638219595106558,-0.4832385946587217,0.570807206247168,0.33675208450225813,-0.48834729814549993,-0.8050558676125368,640
,,,,,,,,,,,,,,,641
,,,,,,,,,,,,,,,642
,,,,,,,,,,,,,,,643
,,,,,,,,,,,,,,,644
,,,,,,,,,,,,,,,645
,,,,,,,,,,,,,,,646
,,,,,,,,,,,,,,,647
2732.0793197777384,1929.4494058452058,1165.3814183114157,463097.55280089565,0.0,1.0,0.8027762188926862,-0.18289858674919382,-0.5675371788222421,0.5962177798849827,0.2600078238750579,0.759552691044393,0.008642993080194228,-0.9481265941259662,0.31777548706863973,648
3096.6587800243647,2466.3242795099386,1390.7452748251053,687574.7586622832,0.001748969430795289,0.99609375,0.375164618538159,0.8023788821635398,0.464154757010101,-0.5377125548626113,0.5962509251750596,-0.5961124412147499,-0.7550607375173476,-0.025941543629353525,0.6551414495922887,649
3307.758231784387,2851.7249523209025,1539.8703215437822,508348.51689978887,0.00042526549059742524,0.99609375,0.8083208786495714,0.2095368098710618,-0.5501924049350768,0.5830305378813351,-0.1550378367745909,0.7975203201587132,0.08180922342246058,-0.9654312997191017,-0.24748667941063035,650
,,,,,,,,,,,,,,,651
2478.147656204428,2097.9055932669744,1144.012729784158,555493.6022331773,0.0005120334771139183,0.99609375,-0.2264282635637088,0.5822012367097716,0.7808789672113957,0.5440659146703738,-0.5893765540758059,0.5971830188473365,0.8079124469603208,0.5600687435300609,-0.18330433864817763,652
,,,,,,,,,,,,,,,653
2775.1020243772896,1768.1089120802997,1135.8023001214694,330703.54867053975,0.001009636168080287,0.99609375,-0.20732250687578382,0.4595454910587754,0.863617577281918,0.6259459026526619,-0.6161169375901557,0.47811258733364526,0.7518039006915866,0.6397013841333137,-0.15991570918092404,654
2274.1634961211766,2123.666921925725,1099.4570809152651,548497.1333767574,0.0002799825928573161,0.99609375,0.7537277334083101,0.3603016119307362,0.5496155495719572,-0.5993785749839161,0.03390104208623954,0.7997474871456097,0.26951776887882833,-0.9322196456766937,0.24150922233529368,655
2078.6429826666454,2078.6429826666454,1039.3209405311632,851918.553448921,1.4512473342446963,0.97265625,-0.49557588706884825,0.04011697718654223,0.8676376941427445,-0.525464595882459,0.7815428938920946,-0.3362702238986589,-0.6915862192308405,-0.6225603048285239,-0.3662337617175773,656
,,,,,,,,,,,,,,,657
2333.0685950673724,1507.3915708526513,960.1145713316304,123553.99356872625,0.001189981354110887,0.99609375,0.586452527576397,0.7433572326965181,0.32170399048975146,-0.515650905803111,0.6489282564027693,-0.559460687972348,-0.6246419584399423,0.16221018044449773,0.7638784465584019,658
2076.161698931635,1715.185472011082,947.8360061981866,336598.1592056182,0.0019068713382552895,0.99609375,0.6695912176807943,-0.1921740120010272,0.7174376281713835,0.6984675661627183,-0.16554852938588377,-0.6962303810068187,0.25256812986495314,0.9672966626271385,0.023377473065323826,659
2729.2195397535415,2097.91778450497,1206.7838604793048,514677.16558768053,0.0036628654971997774,0.99609375,0.7355157166030724,0.6209765561085245,-0.27093310501573126,0.11611809993084507,0.2784378908974028,0.9534091082956238,0.6674827469667804,-0.7327076208667427,0.1326888270559296,660
2611.7603589334094,2221.7595217384005,1208.379475378027,293762.68543772376,0.0,1.0,0.4235924448917704,0.7236694879311675,0.544859534988656,0.7469353789336349,-0.61933474331132,0.2418925700073664,0.5125007125145093,0.3045109981017819,-0.8028798613162352,661
2635.3593262546033,1979.3916995474826,1153.6865781095005,324548.0740778352,0.0004584554794132272,0.99609375,0.5011101457220082,0.5753899611056225,0.6463861187505021,-0.42673944106343054,0.8141059999827873,-0.39385894712815267,-0.7528493018495395,-0.07847173663744422,0.6534983666802581,662
2380.998084983523,2237.979674128707,1154.7342904710774,429943.460663353,9.427648137356513e-05,0.99609375,-0.14652657038179312,0.6060763376155188,0.7817937305675385,-0.5710664816206116,0.5934992856071261,-0.5671346150194739,-0.807720890989954,-0.5295564851518587,0.25914646687154375,663
3583.410296639157,2351.4290451907195,1483.7093916604688,619078.7050497739,5.0270367420250554e-05,0.99609375,0.7512274727977563,-0.0554794682531854,-0.6577076194755844,0.627501032968876,0.36905562428752353,0.685594923992834,0.2046942542840173,-0.9277499527265362,0.3120581475927523,664
2193.449408874152,1823.445177564737,1004.22311831474,446712.2901904953,0.0,1.0,0.8513312660943583,-0.48829613537986544,0.19183836827721712,0.3462789738984913,0.7976999033777872,0.49372637805456276,-0.3941141301780299,-0.3538951092119771,0.8481935534238975,665
2213.264870986626,1776.5165137383503,997.4446732663947,581142.7521119636,7.107282030805798,0.90234375,-0.14048324691256564,0.310549798496752,0.9401187584505108,0.8211067994886575,0.5671034128544622,-0.06463236776039777,-0.553216125190144,0.7628581400119215,-0.33466307989850763,666
3481.0055841057665,2668.8148242468747,1537.4546138439275,576476.4135266996,0.006121110584145532,0.99609375,0.8519534614040379,0.14268166944642544,-0.5038027796724226,0.4510257907438341,0.28879691584285866,0.8444951613144696,0.26599066841823177,-0.9466986229015197,0.18168841930840968,667
2709.4972339387864,2150.6124061319833,1215.0269110784363,559902.6767097858,0.0015644391286506424,0.99609375,0.4878463749873282,0.27168756220894025,0.8295732535181486,0.8653607109170994,-0.025645476551025396,-0.5004929065766298,-0.11470289627021392,0.9620437506025565,-0.24761879475070248,668
3466.1363253894297,2444.5218982026745,1477.6641080718553,576863.1229327286,0.0,1.0,-0.242747072046106,-0.5405687426643432,0.8055180280213061,0.5771446367095916,0.5869383206755313,0.5678093659318598,-0.7797293936555143,0.6027344707056983,0.16950879178592937,669
2620.1388756883694,1726.0252150190154,1086.5169337684208,355203.9736760908,0.011547699284172444,0.9921875,0.7825422534669684,0.6022405531168088,0.15790483754590726,-0.43422746540828905,0.70969063064632,-0.55478438790031,-0.44617724036971257,0.3655756077125344,0.8168722943163631,670
2302.044982570983,1670.6989043694193,993.1855022032612,188322.3080777464,0.00016701337487924864,0.99609375,-0.56970792412816,0.7501079289222141,-0.3358139010726169,0.3949754855679141,0.6082251013763957,0.6885176772284526,0.7207130129156635,0.25961571798275185,-0.64278490336218,671
2293.1468898340822,2092.9273708735823,1096.5180607991392,751713.3309790207,33.25704159583324,0.87890625,0.9899325388953757,-0.008981043946276383,0.14125476730287906,-0.08542368427742561,0.7578233738407366,0.6468435113882752,-0.1128554943306978,-0.6523979421413575,0.7494268226378714,672
3584.3941955806054,2493.0840444659743,1519.3690923493912,491692.22035415185,0.0,1.0,-0.44127824318248277,0.8009720177209957,-0.4046199932303627,0.5376012695866912,0.5969897061164655,0.5954730604567715,0.7185112295799972,0.045245083920059076,-0.6940421423433216,673
3203.516931657093,2543.624062817708,1436.7847741099838,765913.6618204431,0.0,1.0,-0.5258345286008399,0.7480568504053,-0.4048567612042994,0.4097178261077508,0.6398727000987693,0.6501493910155184,0.7454054946810302,0.1759939664591179,-0.6429593861740535,674
2661.723932471725,2273.814453721162,1233.884086282161,402544.48382819956,0.0016043393134695892,0.99609375,-0.6204609197013079,0.6553915610199419,-0.4306856729300974,0.4734327394895697,0.7508414710032609,0.4605415579522227,0.6252117147837268,0.08184734061350443,-0.7761516118205827,675
2727.607506204467,1650.0279314074342,1094.4084143509783,175963.2404466731,0.0,1.0,0.5482862728597884,0.7482409368695628,0.3735206331463906,-0.5131659049676823,0.653684602434267,-0.5561988803647974,-0.660335457909252,0.11327815735133284,0.7423780317970524,676
1646.6611003514233,1567.335229164644,803.4985553981394,268221.3661575547,0.029070283956087392,0.98828125,0.8753296214837015,-0.30483367702016134,0.37533249673798275,-0.05540277708532508,0.7078968265810758,0.7041396276362211,-0.48034215518152645,-0.6371487363801409,0.6027544290046786,677
2499.6813660490293,2260.6791352942278,1190.089575515478,507801.9082096529,0.0012523324062733096,0.99609375,0.7710356123136133,0.4604113022582121,0.43991535242256413,-0.31174505254172985,-0.3294716077377219,0.8912146104673525,0.5552648978279877,-0.8242996375394193,-0.11050339719871241,678
2558.188071970339,2213.1902895190165,1192.8440531042954,776657.0688340832,0.001930166170601621,0.99609375,0.6640125711560331,0.5822113400374632,0.46916655984685807,-0.4719645832168583,0.8130223431900091,-0.34094589257353497,-0.579945460828595,0.0049623588754320325,0.8146401889538106,679
2681.9091065389002,2677.9427970130855,1339.9624479793993,520512.14252220705,0.0,1.0,0.25774297673117164,0.7799630898771781,0.5702860127821826,0.6169636014315051,-0.5870876328112887,0.5241030680206943,0.7435889136172095,0.21676182742651523,-0.6325265509971071,680
3112.8539285265756,2224.2648129983922,1334.2792323360877,593287.7448843144,0.0,1.0,-0.6061084337266587,0.7757807361531085,-0.1754902161921221,0.43047365376926977,0.5054811364781945,0.7477842296245942,0.6688235940634508,0.377694413618277,-0.6403295479248123,681
3130.1135510793342,2231.1328812925863,1334.4924447830542,377310.19014433766,0.012084116494402025,0.9921875,0.21555951816707974,0.6330317303099192,0.7435085221760449,-0.505464478128208,0.7237978418949332,-0.4697045299108958,-0.835487735085414,-0.27456786499710234,0.47599656724894385,682
2403.9977096500493,1991.1908193688075,1098.796614406582,656651.5284283152,0.00309746196017521,0.99609375,0.5591485107054139,-0.584449908501814,0.5880231691252812,0.43366078198400143,0.8106726749726726,0.3933804014204013,-0.7066054550772604,0.0350445217526649,0.7067394232319187,683
3423.6117284072675,2688.529026127106,1528.0301243041577,382258.60786946036,0.004628898568037306,0.9921875,0.8447461920731575,0.1685154292706785,-0.5079433246688249,0.5065243499193097,0.05458662438961337,0.8604960100875355,0.1727337660005157,-0.9841863901393203,-0.039245325171450206,684
2438.1940354238022,2438.1940354238022,1219.096427304578,783055.0903977179,8.601291279425267,0.89453125,-0.12019247165688082,0.9588850682750053,-0.25708596927146443,0.337801616768415,0.283013092406639,0.8976601011714156,0.9335115625773763,0.021047930199182385,-0.35792896944599994,685
2281.1001833320206,1774.9244811870008,1014.0056555088568,214349.03922235064,0.001220066613684829,0.99609375,0.26385977285477785,0.7639599191936093,0.5888490996297091,-0.5303362068106835,0.6248306156390155,-0.5730010554142329,-0.8056807854322212,-0.16109606955435873,0.5700232700157567,686
2878.5039582055697,2283.0802907339694,1290.3955368832958,524501.7890772651,0.0,1.0,-0.45934147697480826,0.8123501700593899,-0.35929459881145165,0.6084681984629664,0.5824502189930922,0.5389973968899395,0.6471258447858761,0.028964523116723512,-0.7618327883537088,687
2841.829165886896,2419.606148176324,1315.358325003935,291121.30769456475,0.0007731486959435173,0.99609375,0.7218445294048726,-0.09450120404807494,-0.6855727516476441,0.6397605082218373,-0.2866455445709175,0.7131204834369707,-0.2639071190551603,-0.9533644917926756,-0.14645537989742544,688
3420.2496303295434,1908.46415020857,1332.178024226948,500937.6501458258,0.0003282663504367328,0.99609375,-0.3834016239573989,0.7685686423106943,-0.5121576288639322,0.7790944317649635,0.5669449084301611,0.26755436307028335,0.4959990535673008,-0.2964383795358022,-0.8161551482399224,689
2422.165182156271,1779.8028572620726,1050.4915739429407,443953.15309743665,0.6946194708594272,0.98828125,-0.49388204994471147,0.2384845872461705,0.8361851603493291,0.6934059873412853,-0.4722271143612354,0.5442331202539201,0.5246605163929022,0.8486027657909703,0.06785785459509286,690
2467.004610943527,1549.7090672291133,1004.1779183689454,298750.0042920115,0.0012564901859864423,0.99609375,0.814365096850004,0.5797650398966744,-0.026114891270906028,-0.4977248654951565,0.6745704422736194,-0.5451831588361857,-0.2984618020791136,0.4569761666918538,0.8379101000556723,691
,,,,,,,,,,,,,,,692
3058.4981349920226,1864.6654556561577,1230.7904947804907,333350.57635983895,0.004629591326506405,0.99609375,-0.5758244849454016,0.6319257689107993,-0.5187446241879119,-0.661895368886321,0.012125759114245346,0.749498156510571,0.47991737120488154,0.7749340543248815,0.4112864309254532,693
2013.8785967898846,1635.4457991362565,912.3306151873544,593815.1966208044,12.413843086797119,0.890625,0.1128633415324226,0.2813290396330715,0.9529511202560546,-0.5758759031754496,0.800089895853166,-0.16799732942975693,-0.8097090899082189,-0.5298208470915463,0.25231143396049316,694
2326.574063544276,1474.7514429324253,950.3309290761915,484753.4998303028,0.0030834972922091047,0.99609375,0.277898351835055,0.666617953638779,0.6916596055385964,-0.48900277688470606,0.7179169930073857,-0.4954507799471909,-0.826830569250077,-0.2005385126046372,0.5254859795616944,695
2344.2981501474533,2242.368343844287,1146.6623932366542,347484.1703362252,0.0015200740500195895,0.99609375,0.7324602142294124,-0.433670286278514,0.5248162701080398,0.548871520984759,0.8322276655587798,-0.0783400672099604,-0.4027928599452584,0.34543768682310205,0.8476029238384115,696
2874.0750789885005,1788.5595716773487,1165.6577838755552,249368.406062308,0.0032012675920538797,0.99609375,0.7088797145188678,0.6843181569871613,0.1708748382920767,-0.5244423345428609,0.6733789540282509,-0.5210767908965557,-0.47164582907398056,0.2797667676646276,0.836230092514975,697
2452.0244007503816,2190.83049717253,1160.7132026829775,386085.45426841703,0.0005328611070384538,0.99609375,0.6102770486531173,0.7423623848932392,0.27651403831064864,-0.5591966480777089,0.6509335206613185,-0.5134049673095458,-0.5611247924177791,0.15869354484377385,0.8123763451498458,698
2421.2265076928725,2167.046095983644,1125.2842521783773,611129.7505227835,0.0006377142243185384,0.99609375,-0.10978360860292294,0.6304816266234308,0.7684012478987741,0.9921656575562644,0.11588514364766415,0.046668420240089756,-0.0596227074868762,0.7675047569702961,-0.6382645069090881,699
2348.6896084859113,2348.6896084858963,1167.6988514436132,370474.1255881068,0.026910749144548652,0.99609375,0.7625241009997014,0.5820358448008564,0.2824734868293851,0.2187495611951746,-0.6428522595743185,0.7340910037843481,0.6088559968264384,-0.49797113141942945,-0.617510426957584,700
2139.120647318159,1935.6493442021322,1018.6919665131342,472658.15841862315,0.00014420031248345324,0.99609375,0.7955118673495261,0.0130420319616059,-0.6057976347827568,0.4039703765953324,0.7337508076578628,0.5462762003738212,0.45162905546421084,-0.6792934989117343,0.5784388806060311,701
2567.620224884256,2203.3792365374616,1192.7493827906537,506283.56440577086,0.026075762700209438,0.9921875,-0.05834408474797853,0.49811750907589575,0.8651444474346152,0.46245041667489056,0.7815137078185613,-0.418779102402334,-0.8847234482549566,0.37565312675886153,-0.27595135162587964,702
2370.9682591295104,2312.541517400594,1100.72560167755,269121.2059457768,0.0008311446866437281,0.99609375,0.24128034168466933,0.7083331311875466,0.6633611173249266,-0.502270387729904,0.6760301020249866,-0.5391732177748986,-0.8303663374235382,-0.20309474739178307,0.5188875304492165,703
2742.8717788745453,2579.598026067822,1330.6169363736692,591012.3141510114,0.1701538451721452,0.98828125,0.6991699258431427,0.0202515822303824,0.7146686562412404,0.7021520359026359,0.1688771302823401,-0.69171022353684,-0.1346994182403094,0.9854290376707842,0.10385412096279384,704
2415.6164350766126,1938.4059101004843,1088.5049153040718,578930.4750119548,0.00099903828028055,0.99609375,0.7832348611356039,0.31113257891937623,-0.5382747166985176,0.3729124071961279,0.45765191359584995,0.807149962857737,0.49747310365594705,-0.8329173094113455,0.24242373403172512,705
3250.949129284967,1637.4906170520317,1222.1094894003104,271698.8113806667,0.0,1.0,0.30967123443177813,0.7908892802445441,0.5278237139043355,0.5134646117138703,-0.6063081945012885,0.6072433332677373,0.8002860857737208,0.0829730056997747,-0.5938498642267438,706
1820.764913116714,1662.7782583157712,870.8853138746869,379631.21812300105,0.0,1.0,0.7678636156268278,-0.6395242944818386,-0.03733824532569988,0.5900615366906782,0.6833743764893393,0.4299149270216635,-0.24942504027208431,-0.35214789268901436,0.9020970075108086,707
2711.4418520454706,2265.5219046194807,1244.2404601204332,821300.9668049567,0.001200884867558945,0.99609375,0.781159665572556,0.36863065981559784,-0.5038859132050522,0.5955207186903893,-0.19760089527685537,0.7786584358987371,0.18746906542961872,-0.9083310645517428,-0.3738850447360032,708
1966.584257107649,1747.779918722155,928.5905325238497,475759.5396616793,0.0,1.0,0.7658851046773842,0.6428538866592577,-0.012605032344208874,-0.6241879565669899,0.7386563913771005,-0.2545115524971025,-0.1543029530178791,0.20279451640723947,0.9669875815154588,709
3758.1567106263446,3160.235210400232,1729.5975030955772,531383.6399990923,0.00017844607997209033,0.99609375,0.7280519414159563,0.25379053855174893,-0.6368129498856554,0.4416453520692965,0.5368267902929493,0.7188646466612175,0.5242992977260643,-0.8046162810715325,0.27875237512633466,710
,,,,,,,,,,,,,,,711
2716.5449005086443,2092.3576937109283,1202.2251833801563,383997.03433077194,0.0013712720713574867,0.99609375,-0.6179819302858326,0.06288704099951507,0.7836731167486363,0.6087254265311002,-0.5925533404272535,0.5275735909264542,0.49754566517529475,0.8030726983423286,0.3279063162588436,712
2098.2388479452243,1309.8315223081206,852.0171236873543,318113.61343222624,0.0,1.0,0.7723126372983408,-0.017485925795212316,-0.6350019154840132,0.5351933493555349,0.5563994037874872,0.6356003321825228,0.3422006269352614,-0.830730970810655,0.43907264212326064,713
,,,,,,,,,,,,,,,714
2425.53899587768,2418.861038515298,1211.0994721564703,430767.5178886396,0.0013265453992317273,0.99609375,-0.05484003617942072,0.6041773555329979,0.7949605609670163,-0.5256854684877665,0.6594151325899663,-0.5374257819756647,-0.8489095114631696,-0.4473716642485426,0.28144490646457265,715
3604.8759924505434,2045.383195741793,1412.5640128053462,352457.38647659856,0.0022358219574423193,0.99609375,0.601544455542392,0.7481217291672744,0.2801038135298671,-0.5070398869213152,0.6285247380893165,-0.5898026845315101,-0.6172963802558922,0.21276872880553543,0.757413128329216,716
2491.0716079130507,2327.4050867619953,1204.6186892989574,594031.7872757536,0.00020037580385768016,0.99609375,0.3915871840775739,0.5411962841617689,0.7441545936669948,-0.5720155598472746,-0.4902950002466616,0.6575781413837714,0.720734123348413,-0.683167179204783,0.11757945695815533,717
2440.912604648959,2440.912604648959,1220.4448135802058,838725.1013235382,4.089398975225219,0.953125,0.8128957658571312,-0.27793575876887805,-0.5118126491687325,0.573501186499857,0.5351057669960395,0.6202888095160484,0.10147345926302251,-0.7977553084280595,0.5943816997015028,718
2491.539306398483,1642.0235978120947,1033.3902755106624,450482.24284343765,0.0005812819729885178,0.99609375,0.7555032416423677,0.6109820112862051,0.23646529079875067,-0.3895545852674116,0.7091443188566974,-0.5876747060495336,-0.5267466914609044,0.35187400716440304,0.7737716757009504,719
2447.03810945681,2385.909307553122,1208.234483830934,471390.25000602624,0.0,1.0,0.20589495422567256,-0.6491950075947968,0.7322247673620444,0.5240350955167139,0.7050716071449906,0.47776693843836504,-0.8264348047433607,0.2853416739839657,0.4853716540928523,720
2759.4522178377947,2267.4734385120405,1256.730908096824,857019.8124020111,0.0019616164604890005,0.99609375,-0.4000398777878097,0.703089258297835,0.5879061073383357,0.9115652310570609,0.37170023388423173,0.17574915549809836,-0.09495749421399878,0.6062214372624972,-0.7896066383307518,721
2166.8849450361154,1737.7722473702386,976.1608721608784,472953.2867280061,0.7875593860795093,0.9609375,0.879944356300049,0.19937898545266453,-0.43121450575735354,0.1859352202995823,0.690734168086375,0.6987949648431714,0.43717962403094485,-0.6950786496490089,0.5707360573279667,722
2108.0834945505667,1941.8713970669282,1012.4880699789142,448122.68509726354,0.0,1.0,-0.33027114715056755,0.3634922737391111,0.8710880186822796,0.9412338592629494,0.19596577263861203,0.2750931444640637,-0.07070920404602636,0.9107528659774413,-0.4068530761553297,723
3116.6387741930284,2108.8384979046823,1306.3688586170283,368478.18273582484,0.0,1.0,-0.25722100492344313,0.5425088035472945,0.7997009145298367,0.9627254170101845,0.21549494907172595,0.16346772882480673,-0.08364882586588035,0.8119397299050326,-0.5777168414829209,724
1926.900875576207,1651.2435155002718,894.5356285611709,381657.92976845807,0.0046781408772540835,0.99609375,0.5903680286569073,-0.5644080593024104,0.576982784261579,0.03731132880602597,0.7331732232705159,0.6790175913935153,-0.8062713286992697,-0.3793422824753509,0.4539008451676483,725
2463.9784296082066,2099.0213796916787,1140.7494555508813,510274.8999587407,0.0010008247446085042,0.99609375,-0.2187491322707799,0.698052019062421,0.6818153678333001,0.687623993508431,-0.38548894558703045,0.6152816561394601,0.6923308895913125,0.6034249344475889,-0.3956719446771845,726
3401.817269933603,1839.1326390697718,1310.237067725918,348776.03563666943,0.0006682480061857665,0.99609375,0.6324001677919803,0.6135388949058368,0.4729059655094232,-0.4369696956647875,0.7866254624297794,-0.4362085131307717,-0.6396307628994231,0.06921276106947513,0.76555997861555,727
,,,,,,,,,,,,,,,728
,,,,,,,,,,,,,,,729
4936.232614871593,2860.69955621197,1949.2326163375421,879067.6419404072,0.004837351185724275,0.99609375,0.7446631143246156,0.18541396848039557,-0.6411696393753492,0.4738573472431745,0.5296535553788465,0.7035100040071988,0.47003836080476025,-0.8277008949897893,0.30655369481556727,730
2110.751925714021,2109.9760637798245,1055.1814385623777,293048.44034652336,0.0006679948925452891,0.99609375,0.694349254596793,-0.6561438252798194,0.29555776624552416,0.46659351482606903,0.7231535861434732,0.5092537508650173,-0.5478773627036738,-0.21569462532710487,0.8082736071664514,731
2307.9619342825576,2099.5234840062176,1101.8708328445412,473046.3150813617,0.0,1.0,0.7787263974645372,0.5563738093833716,0.2898851188387209,-0.35572087404014535,0.7721928339203239,-0.5264797118733201,-0.5167667342854207,0.3068654615207369,0.7992407214736036,732
2406.883556239984,2404.2620512666645,1202.7858986640629,382187.24781250407,0.0005371140416498305,0.99609375,0.6667347765651154,0.48615703325103593,0.5649035995098782,-0.4525935448853176,0.866304949259878,-0.21136418338020843,-0.5921349684377775,-0.11474787104078024,0.797627171832054,733
2039.6364323039982,2038.68358597574,1019.5794774470455,356522.899546469,0.00037449901922910554,0.99609375,0.8314665704951151,0.5519588371388048,0.06328336474516949,-0.4472516314581656,0.7325687269493031,-0.5131364715686136,-0.3295896240889586,0.39835223408468007,0.8559708974565917,734
2936.113581190305,2151.9450589015387,1272.0141945688868,363745.3999179533,0.0018477663966412579,0.99609375,-0.4107233397185798,0.7654482413402706,-0.4953739274926598,0.894940681962175,0.44233005998863795,-0.058526009598513194,0.17432014794478967,-0.467368278619265,-0.8667060506082624,735
3023.671550995579,2367.254513972736,1347.7310682509467,409067.46060642146,0.0,1.0,0.7520424440758007,0.3848850136591182,-0.5350660600048528,0.5903486458667422,-0.03231018322948378,0.8065014125114605,0.29312222473193683,-0.922398817388822,-0.2515149757925009,736
2871.8602764033103,2196.356846343034,1267.053827264359,395288.3571643828,0.0017621169575899398,0.99609375,-0.3455825500093152,0.7497662573748686,-0.5642900499132883,0.35112684496473623,0.6609738623753197,0.6631918968155159,0.8702198801878576,0.031050161975974183,-0.4916840932622251,737
2842.1070446018134,2587.901591537934,1357.5016492146253,559790.3252436154,0.0035348631935543454,0.99609375,0.29884696542479083,0.6814394758078611,0.6680798844951862,-0.5007984506334967,-0.48394087001663655,0.7176365000267405,0.8123370009420247,-0.5490368613656539,0.19663957323557404,738
2971.536735047167,1954.6559510696197,1231.5456539266552,328583.3146046697,0.0019171356254510106,0.99609375,0.754104177230464,0.5839256538345772,0.300595609877168,-0.39677514058544744,0.7697950783433076,-0.4999850249475672,-0.5233511036550544,0.2577719304972565,0.8121928675818042,739
3067.1735997417923,2344.0001592027543,1352.792973438838,884903.5969687013,0.0030887288179455,0.99609375,0.3712506509187967,0.6915626802783469,-0.6196079514003986,0.7729263145100449,0.13961638074909247,0.6189444066832204,0.5145462724870223,-0.7086948041807231,-0.482694321488204,740
2507.3096942098155,2098.388375302662,1151.423980015285,449053.66108821327,0.0,1.0,-0.30608625889516694,0.8081766987569817,-0.5031516925359864,0.5437148810234882,0.5822442025982507,0.6044549749107382,0.7814635821771702,-0.08855570070297067,-0.617634647347306,741
3086.6451779441845,2088.9761384112276,1293.9048831243833,411151.4174974958,0.00018630018494816207,0.99609375,-0.688813839925649,-0.20702275501894182,0.694749647593469,0.6705644645128764,-0.546107846167474,0.5021050878918494,0.2754610550684824,0.8117313590460145,0.5149887453934006,742
2683.0941226144373,2015.011413249036,1174.5258900044832,636652.084710324,0.0,1.0,0.7303494246529771,0.5633647863863164,0.3862768895092812,-0.28157086500265793,0.7635164612099731,-0.5811716282158434,-0.6223403939089285,0.3156940463824107,0.7162609183726136,743
3482.5375677081474,2094.665152313137,1394.3001651722377,705005.0528194177,0.002078518463187009,0.99609375,0.8263585309768907,-0.41198181386328697,-0.3839304146946829,0.5490143856525541,0.4376102994672553,0.7120958012421696,-0.12535861609105203,-0.7992297609862229,0.5878069466462957,744
2213.652548070659,2123.0607279053274,1084.177777357556,720337.5787494865,0.0006875230979766105,0.99609375,0.8330536275137355,-0.11510117507303559,0.5410853658924929,0.049466899617971745,0.9896955501252256,0.13437166332420195,-0.5509761152068137,-0.08517298608792334,0.8301631664392696,745
2856.0880828096215,2345.371921201964,1300.3644771416332,524195.64060495165,0.00033966610090043305,0.99609375,0.7989972950522412,0.5739766694157942,-0.17931565872938723,0.5394976344713018,-0.5525108086882874,0.6353535304714095,0.26560426370649926,-0.6043861259567156,-0.7511136970206054,746
3506.3522229303776,2575.2654040262432,1520.4039528095896,506556.7369276924,0.00044313082108944,0.99609375,0.7152199776096011,0.09642347432819562,-0.6922159325142708,0.5870359523057775,0.45460295267140743,0.6698693500399066,0.37927453688399726,-0.8854595806816468,0.26853706755401857,747
2555.307135800075,1693.0561935380751,1062.090389179648,354462.1774588068,0.0033633922960375033,0.99609375,0.8377103067651609,0.2706473579705178,-0.4743326359876564,0.54267064772413,-0.5099337137334546,0.6674400165533083,-0.061237325530212966,-0.8165277798223314,-0.5740491048162354,748
2800.6885506791505,1294.882688550538,996.8803462452802,160320.38629416795,0.0,1.0,-0.36423050370913657,0.7651385064356835,-0.5309418105001339,0.67493675823177,0.6096928053148151,0.4156140704246434,0.6417137310011202,-0.20697282216929472,-0.73848882071965,749
2206.51675673623,2009.8913666012338,1054.1014989294358,552118.0521099996,0.46265557519710704,0.98046875,0.9042332571800727,0.024173574175080346,-0.4263541426104811,0.35571755292591156,-0.5950439027260527,0.7206856293620327,-0.23627788544406314,-0.803329566330127,-0.5466574509781535,750
3779.847334617935,3355.594634625882,1783.859961139678,690010.5214242658,0.0,1.0,0.7492910882721174,0.30274796649501473,-0.5889877195826069,0.5140685887284548,0.29478283735869987,0.8055039198424109,0.4174881448840444,-0.9063369944903981,0.06524493313194107,751
,,,,,,,,,,,,,,,752
2404.7949621835633,2173.451668482337,1144.561144296862,430717.3121424662,0.0010973696186789416,0.99609375,0.8500433996403873,0.0034177723233632853,-0.526701564038079,0.5126290574598397,-0.23506413924805378,0.8258064542539056,-0.12098623134741095,-0.9719738521544278,-0.2015667694646951,753
2551.6287340247063,1805.4954703752167,1089.280591882374,590873.1694293016,0.0018563685458941861,0.99609375,0.8207111120530594,-0.20492383541816522,-0.5333286906122147,0.3973239847390372,-0.4660829823669105,0.7905063596828679,-0.41056902185104527,-0.8606816340700404,-0.3010983279110015,754
,,,,,,,,,,,,,,,755
4162.146332759804,3434.6575923620867,1899.200496714129,683989.8611455898,0.004148604860889613,0.99609375,-0.5690701718599598,0.7620045504427597,-0.3090440172593599,0.4635788564087025,0.6077162367872473,0.6448066527540995,0.6791566707248595,0.22367396059817543,-0.6990823813830889,756
2549.132026891874,2547.923898802071,1274.263415850863,950040.3075237226,0.0,1.0,0.8414098529213863,-0.3560644108262615,0.40650657405478513,0.12539908071073572,0.8603513677484268,0.4940350135064455,-0.5256467729984782,-0.3647103773631327,0.7685582675893402,757
2971.9162327828935,2570.337780863178,1385.5630126075698,792792.1696892094,0.03316272381865237,0.9921875,0.8526428612462179,0.12923994528777724,-0.506258024833064,0.517590146656247,-0.07648334053289464,0.8522034608620725,0.07141842374505081,-0.9886593625526143,-0.13210629654498207,758
3793.638908772456,2503.13711821892,1574.1933515238554,433728.6784542926,0.0026493210586458287,0.99609375,-0.21454623206092202,0.7615776999144234,-0.6115303110243331,0.5562795385560547,0.6099169827588989,0.5644061916086177,0.8028218913883227,-0.21909057746817293,-0.5545054820038651,759
3897.862866046042,2976.2209824066754,1718.5204927238863,328979.1439554173,0.0012206125687474682,0.99609375,0.7958248980720828,0.11141049858786746,-0.59518940885483,0.5008912059066275,0.4311950091215782,0.7504524395016959,0.3402509830315905,-0.8953538769185315,0.2873511851950353,760
,,,,,,,,,,,,,,,761
2648.159592203686,2300.606695352581,1237.1910745483574,682868.9874932882,0.0,1.0,0.35869544687549154,0.5203933992567524,0.7749376016175713,-0.45716142210045885,0.8217398674681964,-0.3402161435858639,-0.8138433574920161,-0.2322375943368199,0.5326581354328207,762
3230.6602914551304,1870.2382319486967,1275.2173013189527,403754.03373833874,0.0,1.0,0.31161447330404385,0.5525784541882219,0.7730158290710473,0.9311203298766662,-0.015330892818658907,-0.364389757012668,-0.18950290582946694,0.8333198759734092,-0.5192943606374426,763
2370.0144217027005,2096.075586171502,1116.521942097282,733013.4228353294,0.001682787524589056,0.99609375,0.8445038845856768,0.4563173466362648,0.2803349212612317,-0.41090538830036644,0.8878014819777079,-0.20728070451421796,-0.3434675396386492,0.05985823048691384,0.9372550567788624,764
2239.992282264326,2045.8853980881024,1071.4686994928752,493071.88326596416,0.0001292591820681069,0.99609375,-0.2660802700500743,0.7029573972326647,-0.6595848600187525,0.4304707610261366,0.6988848318991508,0.5711872859604583,0.8624941818885843,-0.1319503293560624,-0.48856207056132417,765
2447.1250348599383,1912.9016842460292,1090.006190706029,336776.8025958069,0.00023503282749153917,0.99609375,0.5364571284299823,0.7735768617812258,0.3373315702293041,-0.5349338382121009,0.6208527518965798,-0.5730511750255064,-0.652732363294733,0.12696731618473384,0.7468733242849945,766
2220.4594194602237,2073.8544894424103,1073.5759303486286,99994.83349848917,0.0015636482518420211,0.99609375,-0.5184545485603854,0.720836890635198,-0.45999897627758546,0.471030682545078,0.689717581763149,0.5499270438048232,0.7136770818641753,0.06843854547090866,-0.6971235100867432,767
3913.125756001333,2194.092007702833,1526.7320753745107,895569.0889840133,0.00043373002528131015,0.99609375,0.7284933042613942,-0.1845329634116319,-0.6597310748030875,0.6294904996733409,0.5602425863964949,0.5383957236167219,0.2702576853066776,-0.8075121236255759,0.5242947202961228,768
2222.3937184782044,2081.9282919748894,1076.0799878741734,536470.8049131143,7.455258431965711e-05,0.99609375,0.7607926849258173,0.4026597122525608,-0.5089790238232328,-0.625279022323805,0.6648464575244453,-0.4086628587955882,0.17384083181218613,0.6291616199720713,0.757584992689907,769
3239.2045871854166,2847.499932201471,1521.6756333150638,679758.9533491319,0.0,1.0,0.7426132115472142,0.4123754839949156,-0.5277045368721893,0.5086027529205458,0.16538042638180112,0.8449689664664708,0.43571648781882805,-0.8958770980272533,-0.08692161683431958,770
2245.451135467715,1997.928161872949,943.2800403393449,614859.4550563735,0.55163264708912,0.9765625,0.2998288326940576,0.8649453905888521,-0.40245762806091395,0.560456521728229,0.18168592430827726,0.8080091040084525,0.7720046362151034,-0.4678244288270388,-0.4302896064920009,771
2722.2410624034833,1393.4390153611382,1028.9195443850479,315149.98645312747,0.0017321241848782922,0.99609375,-0.3175921220585816,0.49605702018036796,0.808122934172828,0.5732690914681109,-0.578412206446005,0.580346334701608,0.7553130428992032,0.6475853242346046,-0.10067499720540476,772
3209.033182008816,2139.3131750507796,1337.0861619299374,315586.3672510298,0.0,1.0,-0.30393825588736834,0.42537661396874576,0.8524530913174223,0.9490051126760807,0.056541937647512086,0.310148843947103,0.08373071552784099,0.9032484406715298,-0.4208698393822564,773
2258.3625009807474,2258.3625009807474,1053.7532558512298,447223.5904757428,0.8332954145935466,0.984375,0.18438058287808257,0.7780289963393503,0.6005619714173732,0.9138678721478497,-0.3605983425776362,0.1865860326664971,0.3617309952347184,0.5144314494521549,-0.7775030359433043,774
2253.099531693758,2069.467888202717,1080.6413708314712,466661.74137686123,1.9919058504954674,0.953125,-0.4126253871625197,0.24790769475577829,0.8765170076786055,-0.17837373755373276,0.9216328900863078,-0.3446383984153126,-0.8932654138720992,-0.2985541672662358,-0.3360689060116566,775
2436.8028384363492,1729.9394355971992,1041.6851139518474,665217.0168504065,31.189906681014087,0.83984375,0.9161953520436346,0.4007174242293113,-0.0034092246430446117,-0.31338881629613025,0.7111743451748406,-0.6293000084106525,-0.2497469253347294,0.5776301556222312,0.7771549887903224,776
3342.909251959264,1897.7237735609654,1310.1578287306918,417598.1213974884,0.005604297494206293,0.99609375,0.8562713508905958,-0.5102928144887127,-0.08000385693941668,0.43059489625719494,0.6196572897692516,0.6562110015483446,-0.2852847857163959,-0.5963439332440754,0.7503242661154818,777
2228.0066789366624,1969.8207726744386,1049.4549007605062,515868.26101938647,0.004463151332541737,0.99609375,0.31045913222747035,0.6849145927395872,0.6591715466166085,-0.5068643859427998,0.7059094307394296,-0.49475283713786117,-0.8041788491867929,-0.18051004472189353,0.5663148437707646,778
2853.6586358818267,2033.7535155680414,1221.8525900773398,245364.3630379459,8.047895742680713e-05,0.99609375,0.7585121999785099,-0.5360675226195959,0.3705278041878235,0.20477857726069826,0.7358652044635441,0.6454208976744638,-0.6186477000513663,-0.41368346843004916,0.6679378797229868,779
,,,,,,,,,,,,,,,780
3005.3227673516612,2487.936874128339,1373.3144207297792,470371.17557915626,3.656019648036602,0.94921875,0.8361106974872526,0.261549310086003,-0.4821937991522868,0.548438350641567,-0.37999349086946943,0.7448626198450236,0.011587799313829389,-0.8872411765074761,-0.4611602949264953,781
2753.407558540691,1982.8931766087114,1184.0747129768017,580250.2345477191,0.0013595221503877749,0.99609375,-0.4188515544740229,0.7132677754334514,0.5619719351025549,0.9075985677459945,0.3484521963818125,0.23419202945896833,-0.02877872721497901,0.6081366189968389,-0.7933105555171818,782
2998.740510130513,2400.5994423365337,1349.8344939622332,529159.4168044578,0.030354996605924153,0.9921875,-0.505081528203119,0.7962864821562691,-0.3328971135398979,0.4553965071541031,0.5735306204676157,0.6809380652143591,0.733148464596254,0.1923290558423912,-0.6523058049250594,783
3314.636450211708,2894.5747979098282,1552.3023056941656,474566.3153335083,0.0,1.0,0.7880173266940198,0.37153479852707205,-0.49090792040204295,0.6119491120860261,-0.38535705036466267,0.6906650620607437,0.06743127647564423,-0.8446667018520944,-0.5310284227187566,784
2198.3931553992693,1963.3066981682891,1040.4244771777026,506701.70849579887,0.0014538834824001255,0.99609375,0.8234628072808778,-0.5214704089833453,-0.22355674353469754,0.564628801280536,0.7145010228939831,0.41313751348425953,-0.05570746619260991,-0.4664299527669664,0.8828022300448752,785
2960.4034558828143,1955.170314931982,1228.8929970942968,411955.6368432556,0.0027555221965944237,0.99609375,-0.4418521189665923,0.7357053187730295,-0.5133267856773183,0.7479641052999777,0.6180557764746223,0.24198502918394732,0.49529425814109374,-0.27702841207252893,-0.8233704249953582,786
2609.9046857485873,2495.240232579141,1276.285665341143,706096.7306320756,0.005013550731193738,0.9921875,0.7988872104974379,0.45133764288610645,-0.3975846539010726,0.15336644086414664,0.4863076883070542,0.8602229752280005,0.5815994839408701,-0.7481972763967151,0.31928494463762463,787
,,,,,,,,,,,,,,,788
,,,,,,,,,,,,,,,789
2098.1929343088705,1779.3146711536092,890.3527416869233,243604.50159673172,0.0039216722773712746,0.9921875,0.557677269935639,0.7887650327623932,0.25854551956758665,-0.5792286198833037,0.5929022580819955,-0.5594292790597879,-0.5945504759944404,0.16222402859198037,0.7875233939650127,790
2554.6461761603673,2079.1443288140435,1158.4471289600467,350699.4698118614,0.0010106760128833245,0.99609375,-0.6018191688691106,0.7336533017941187,-0.31554163076887465,0.6118977311182654,0.6774885011084463,0.40815499202894706,0.5132200840127088,0.05255629013180754,-0.8566463574507099,791
,,,,,,,,,,,,,,,792
3383.3155554322902,2157.9122466270305,1385.3064524088802,745960.5048203444,0.0016006075433694525,0.99609375,0.8242951601166078,-0.4145404667543239,-0.3856082084596272,0.5577957626629426,0.47798476609904056,0.6785237287910509,-0.0969606939104816,-0.7743944503935658,0.6252294451127882,793
2435.1664535490036,2055.1326577394098,1122.5742911245245,519116.26063331333,0.0010476981044760345,0.99609375,0.8004283357467642,0.5748437937759375,-0.1699090700667645,-0.567440857245521,0.6352807185979755,-0.5238599833028937,-0.19319770408090678,0.5157257229719371,0.8346865434418714,794
3392.4462226009286,2091.869363238307,1371.0259274564119,341754.50403480354,0.007477875826844624,0.99609375,-0.4313422564172619,0.7715820642356452,-0.4675521104419547,0.29956064648012964,0.6113285655162488,0.7324894566232694,0.8510036879528031,0.1758934425545942,-0.49482746483700957,795
3843.534909982231,2362.067832757129,1551.4002381308999,618877.7552452792,0.003473128469056628,0.99609375,0.7382531197001031,-0.5961039932649846,0.3156617817642873,0.30977432340945177,0.7153328632460523,0.6263695102065722,-0.5991846124603684,-0.3646353301227733,0.7127544291107384,796
2353.587685442066,1516.712252742293,967.5745732272856,237553.08343652735,0.0,1.0,-0.48552689375904917,0.6680494054873116,-0.5638915030967734,0.6064925269763553,0.7219510147630913,0.3330969033245097,0.6296272311126037,-0.18026847786174982,-0.7556936057231687,797
2654.573052902758,1893.6817447105468,1137.063235647556,494566.9708030854,0.0,1.0,0.7366972953697387,-0.22560764293399896,-0.6374780674224622,0.45398937521850585,-0.5336575824531422,0.7135147033376246,-0.5011693747463253,-0.8150526216999936,-0.2907206247866573,798
3071.797660064436,2259.1877172160375,1332.7457526004184,658605.5914580071,0.0007346911887530624,0.99609375,-0.2793158586285816,0.42778268857978036,0.8596421479139055,0.9405233463704399,-0.058421578682228976,0.3346681252770059,0.19338688179586488,0.9019916244044237,-0.38602153237033476,799
2144.435848637443,1653.4245458502767,949.464589396113,384233.08719122224,0.0,1.0,0.6276294530082536,-0.10683116826959563,0.7711474380445765,0.7584331825350654,0.30742024060372447,-0.5746928773674512,-0.17567121945922917,0.9455579819097831,0.2739703003984298,800
2728.111838662807,2068.1161984770793,1199.0565456170136,505373.44092968886,0.0,1.0,-0.6368576957764109,0.11114764725823939,0.7629275691960008,0.7681876535448302,0.0073144721444123135,0.6401829640333585,0.06557441781402554,0.9937769865549346,-0.09004052822004657,801
2990.671920389355,1982.1848513761106,1243.213756821457,149172.7145543487,0.0045088644928175155,0.99609375,0.19077150478653543,0.6727128690942025,0.714887144042,-0.5392947577449677,0.6803377343463465,-0.4962879521943654,-0.8202239921084225,-0.29085728971357505,0.4925795771143948,802
2374.2986355839694,1726.578829049327,1025.2188676949265,309681.5366342764,9.900464489681407e-05,0.99609375,-0.2748063509206198,0.7586585989007508,-0.5906933212824086,0.6186171181229092,0.6098138856322611,0.4954188995742796,0.7360667976882259,-0.22926874013705656,-0.6368999247424725,803
3098.290980678153,2282.4215648211916,1345.1776741781684,486533.22985701327,0.0032125421564572804,0.99609375,0.3862924430593782,0.743779158763613,0.5455004229366914,-0.5560877719021592,0.6596375830118019,-0.5056131416599458,-0.7358970976815368,-0.10803157902780233,0.6684195086595321,804
2960.2965024268206,2189.827520404902,1287.5305452947441,394231.64739695756,0.003093739185477586,0.99609375,0.16957331334432996,0.7513209455407895,0.6377787454855481,-0.5507408797815918,0.6089130343035751,-0.5708847519356349,-0.8172694627470329,-0.25444400847122917,0.5170385593108787,805
2892.914257888604,2307.55945156717,1300.1178458900363,440168.24232366413,0.0022784965772935173,0.99609375,0.8235899950154062,0.46887272699103594,0.31915182279678855,-0.22830816530391035,0.7891487616443921,-0.5701926110102488,-0.5192060301711505,0.3967399625436187,0.7569824967294835,806
4008.8484570233654,2150.6382800976867,1539.8712652872232,837588.3493646705,0.0,1.0,0.5646527897879852,0.6002196740494257,-0.5664835124420186,0.26246492490437234,0.520151476186312,0.8127451045783928,0.7824828369872323,-0.6076008432393767,0.1361683704654304,807
2505.4609008160946,1740.477203205501,1059.6206944443015,187548.9944334916,0.00022492244477978306,0.99609375,0.6131039785724474,0.75231555930832,0.2410908763956982,-0.5260525303834361,0.616460798302417,-0.5858709921420678,-0.5893829372622015,0.2323733706321716,0.7737120716941306,808
1848.4778551587542,1726.8583261852134,893.8322786161693,300665.69038131,0.0,1.0,0.6799170463015304,-0.6365569969036915,0.36401648292564487,0.5539114318094048,0.7711396124011862,0.31388823472153826,-0.48051528160866824,-0.011785070161102057,0.8769071651331402,809
2467.092304565145,2308.7911744816256,1193.9699023138883,926225.6684345575,7.493665268658806,0.90625,0.9022832540979194,-0.43110369081454153,0.005876830825337581,0.4155268625954469,0.8731553833372743,0.25482759468064337,-0.11498850306032332,-0.22748469028753981,0.966968644708156,810
3390.0641816196357,2335.140960077497,1431.2999072538005,619052.7512703901,0.001590198262176333,0.99609375,0.1412482188238719,0.6863004671133883,0.7134708189681122,-0.5840763662622179,0.6396692963491774,-0.49967788592459417,-0.7993145432512829,-0.3461428320044969,0.49120403174129146,811
3448.3638613756807,2397.1903494610506,1461.388107357304,472182.4364208067,0.0005218175325164606,0.99609375,0.23186754795463954,0.6761979299405373,0.6992809161915082,-0.46629450966894465,0.7081594342208752,-0.5301694502482848,-0.8537018627472366,-0.20314176150684066,0.4795065737545174,812
2913.7567557982547,2033.548924429629,1236.825959360796,415559.73285179853,0.00023503714837953216,0.99609375,0.8200201570204259,0.41458897951942475,-0.39456674991848734,0.570199896159324,-0.5323045207325372,0.6257187672010486,0.04938644044767995,-0.7380839215622745,-0.6728990297445538,813
3288.535153310838,2480.418283065264,1442.237827206494,581779.4131710596,0.00018999811335485394,0.99609375,0.42678590745709016,0.7556408023040914,0.49685084994317685,0.7756055662837935,-0.5883699677886568,0.22859743339322755,0.4650696665507483,0.28779812177567143,-0.8371872230013856,814
2595.584097072767,1926.049993290368,1130.408051112758,364631.57788208633,0.0,1.0,0.7149511204313777,-0.6524177951325514,0.2513879790051586,0.39807883307178754,0.6754222629548606,0.6207559982514378,-0.5747852973538221,-0.3437379631337152,0.7426076182255088,815
2854.3205445124427,2239.814379156229,1273.5332480284292,662469.3148631409,0.2712214662550029,0.9765625,0.8445620898109756,0.3137469238137961,-0.43390983424151347,0.22756485614559374,0.5232167153756312,0.8212542267769287,0.4846948655613683,-0.7923428150421482,0.3704912289778684,816
2899.3872661409696,2721.985718843661,1405.3427278885974,764489.2013188365,0.0010951454665807934,0.99609375,0.6233200670313069,0.7041159073041107,0.3401365653930728,0.3773514698047235,-0.6518247824936352,0.6578224085293386,0.6848926647820824,-0.2816828748937966,-0.6719946396506924,817
2311.814864005296,1989.361523403232,1017.2084723389885,525419.1776789842,0.008705784100143135,0.98828125,0.6539575902430318,0.6991251606124357,0.2890734854014858,-0.4546001343771485,0.6685699132711405,-0.588517619866133,-0.6047133105760163,0.2534527191948348,0.7550387613526466,818
3691.424948851773,2714.1903560624146,1601.4033678267651,611855.4544801409,0.0,1.0,0.6967147274175636,0.21529192715556728,-0.6842791643043882,0.6450005593241951,0.22946363318052485,0.7289174984311111,0.31394723612566733,-0.9492079999395471,0.021007279210288415,819
2763.357128757821,2375.1543944206887,1284.6274127117915,518828.883004743,0.0003835823382269352,0.99609375,0.8031756282434439,0.4592883968113711,-0.3794246680833886,0.5906436865850659,-0.5307625637002011,0.607808470220342,0.0777749682928357,-0.7122817346589974,-0.6975713474464229,820
2339.859199184627,1803.5549243158491,1035.8528414189498,522825.6752296478,0.0038268989771659723,0.99609375,0.7884632654101476,-0.613676732191854,-0.04155174442902182,0.49638677484835814,0.5949641648621539,0.6321533139085211,-0.36321598100085395,-0.519055402530604,0.7737284021214292,821
3008.7288393187055,2301.9565474258784,1327.6709013017537,624240.1517689681,6.951165124486286,0.94921875,0.8999612350730892,0.0017345475594915591,0.43596647429645763,-0.4063496968422218,0.3656409459891615,0.8373688688340315,-0.15795473795348597,-0.9307543660713684,0.3297675102206563,822
,,,,,,,,,,,,,,,823
2598.3334724175097,2019.9106628402974,1154.560508874787,422056.30337591766,0.004424653431158401,0.99609375,0.7205287237303456,0.07484539292910454,-0.6893740098355953,0.6209430148332071,0.3728750126731941,0.6894882140064562,0.30865535895131796,-0.9248580388801588,0.22219243306057881,824
3662.8727841502036,2896.480734925708,1639.8379032282696,680630.022925152,0.0006000560695668053,0.99609375,0.6432675118471886,-0.184576546039243,0.7430601636840387,0.7095709944306419,0.508277418902252,-0.4880195378227952,-0.28760374139540884,0.8411810530951633,0.45792851390700157,825
,,,,,,,,,,,,,,,826
2409.172526669749,1808.0981254405194,1054.3099739070556,184068.60771179717,0.0013667451385676063,0.99609375,-0.6003509564718654,0.6709273815543866,-0.4352415165674008,0.22942942799632995,0.6658442705762635,0.7099391135231531,0.7661206606224592,0.32635541365409926,-0.5536707300788697,827
2244.0537743158984,2050.3636122138914,1073.6037988456105,435543.66580967465,0.0,1.0,0.5757878704408217,-0.3424466732606128,0.7424275077244665,-0.3404613111365743,0.7251578864211953,0.5985249663801081,-0.743340045922718,-0.5973912585013978,0.30094727178316094,828
3091.962768250786,2070.0399993787064,1290.5002259190223,479769.6142784562,0.0,1.0,0.49332718455785707,0.8143763009511755,0.30564608524451675,0.6452982614255405,-0.5782616743113468,0.49920295454235114,0.5832824725443007,-0.04903750066753279,-0.8107878148756855,829
2315.1954699457256,1945.845263443147,1065.2596124405566,597397.7014125063,0.0019738213055852834,0.99609375,0.85241284046836,0.2938607596609657,-0.4324791363015589,0.5199392776288111,-0.5638266786996381,0.6416873257010499,-0.05527655003247198,-0.7718454057115423,-0.633402851823776,830
3515.027459986611,2738.4934817958106,1563.3789644454223,666154.6863016005,0.002468323958395417,0.99609375,0.06145235884000851,-0.6472592198086873,0.7597888588059504,0.7731263871072375,0.5123166177764182,0.37390810730531304,-0.6312679281822489,0.5644352801896609,0.5318962467678356,831
2465.068691176901,2205.53276647555,1167.6498344864624,673528.9228366313,4.256797996945448,0.9375,-0.5363145440525465,-0.11648100787201067,0.8359419146345216,0.6522654945177508,0.5713650769126394,0.498088017870464,-0.5356458106801761,0.8123879145394362,-0.23045485851038727,832
2306.8987261553466,1748.065125723309,1013.7404877017627,513497.80503259704,0.0023104651574418476,0.99609375,0.48910448534777345,-0.5656696778678098,0.6639236537084803,0.14871054762958053,0.804120377457977,0.5755654537761546,-0.8594544638527395,-0.1827791949259237,0.4774199309474116,833
2412.177866579088,1644.4893250760704,1009.5738843977384,515540.52691525104,0.0024869377043869206,0.99609375,0.03860310454958148,0.8104562155751985,0.5845258958802949,0.7666945547331401,-0.3991754190750062,0.5028304331967639,0.6408504194128971,0.4287420056885265,-0.6367817777673082,834
,,,,,,,,,,,,,,,835
2507.8656173565278,1635.0250812554712,1035.722222670185,205182.370889192,0.00367223839314225,0.99609375,0.581158446295431,0.6224138731296678,0.5242669461593076,-0.3578190506016655,0.7740515550538132,-0.5223118964232925,-0.7309038153724491,0.11595326927042277,0.6725581402521996,836
4044.3807045833964,2513.575174656532,1639.4885528443615,607217.3276494249,0.0015191813910605896,0.99609375,-0.37554562588157014,0.7202273843032923,-0.5832992351965307,0.307426753378258,0.6905384704757725,0.6547101741230882,0.8743307578877251,0.06655175198759658,-0.4807458685406022,837
2068.358411574849,2068.358411574849,1034.1769390967622,611675.8546831335,9.663988791493061,0.9296875,0.9113364872961793,0.3504957143509917,-0.21591331858930993,0.39725071108535254,-0.6111989137992668,0.6845639198152196,0.1079707342979691,-0.7096397973565072,-0.6962425428993642,838
2248.5511351393693,1696.128740005494,986.1695290281008,275956.41957282316,0.0006257988943793325,0.99609375,-0.4487224203247196,0.7412146043895905,-0.49924853503791927,0.6995815729671961,0.6389630154650402,0.31986229479663053,0.5560879537111637,-0.2057356923516329,-0.8052571096425818,839
2528.455754966828,2088.4601086746334,1154.2284659617567,472055.8712279391,0.0007255470637785995,0.99609375,0.819784712232944,-0.025495487673557728,-0.5721040165017518,0.5099660741810184,-0.42202523603441155,0.749552735525993,-0.26055254512967113,-0.906225512915183,-0.33296800291929557,840
2102.458505403966,2040.3618679294618,1035.704515337638,622511.1588981594,0.0006600178003184359,0.99609375,0.6597553904120891,0.666191493339926,-0.3477236244831681,-0.5369322426522056,0.7416283730806688,0.4021083473918358,0.5257628663405822,-0.07858912420455971,0.8469930093773474,841
2605.8923189319594,2226.818274669645,1208.177142026378,722213.4718792557,6.904633762727031,0.94140625,0.9577911914926287,-0.27647215785970813,0.07873486792728818,0.1092520630249934,0.6034343167303922,0.7898930384026103,-0.26589475403609175,-0.7479506476503123,0.6081692268238873,842
2496.7242456680106,1867.1143616635713,1090.9591772875358,360662.5845726061,0.00039533305715922515,0.99609375,0.5226983777262895,0.7886656637605015,0.3237172790067172,-0.5426534201874323,0.6006527737626851,-0.5871486276319435,-0.657505643687708,0.13123534652066973,0.7419323502465791,843
2807.5524511403787,2025.1702157208124,1208.1801878191043,199729.82581740813,0.001762356008038288,0.99609375,0.3609188783622623,0.7586270369537936,0.5424228811955059,-0.5983044519229772,0.6345089067218702,-0.48931608403951204,-0.7153805602970158,-0.14793061242800415,0.6828961764835144,844
2856.226494116335,1645.1760614663262,1125.3502015851361,322170.8896058551,0.0016986796225627696,0.99609375,-0.21827724818919655,0.7948783951060274,-0.5661478428084117,0.6598055553853024,0.5476519168540195,0.5145230869930043,0.719035236970793,-0.2612388082957514,-0.6440051343231443,845
2028.9816604204434,1761.2376653571425,945.8103878113437,467948.74964744935,0.00044464638270754137,0.99609375,0.7052239339712747,-0.375612379703451,0.601310687721073,0.12205005903935183,0.8997855957330914,0.4189148658137313,-0.6984003050132279,-0.22203878473085803,0.6803938506722953,846
2345.3599780901222,2118.681514201425,1116.0098512271543,421781.4197650986,3.870795613137382e-06,0.99609375,0.7718994450787459,0.5229008721447037,-0.36158805925726084,0.6232380894065276,-0.5101380989706369,0.5927338389964976,0.12548119620096593,-0.6828863726045007,-0.7196670560134331,847
2427.5568005289997,1984.3932610926036,1102.976138657018,331694.48513666465,0.0009634554538607924,0.99609375,0.44927740672534844,0.7202117147388983,0.5286254796725197,-0.5147677353735222,0.6922986853905981,-0.5057041712551569,-0.7301807929715498,-0.04491788240005645,0.6817759114372797,848
,,,,,,,,,,,,,,,849
3389.351411851188,2372.821412707387,1440.5427372593938,702160.3214859919,0.0007906285023357597,0.99609375,0.7708146923979607,0.30065927567108314,-0.5616482083443131,0.37394770819239675,0.5002209548462953,0.780987905073001,0.5157594609128283,-0.8120240121360947,0.2731468143568737,850
2236.040144784005,1411.5344109077128,772.6948885699275,267407.4836901161,0.0037431835156700568,0.9921875,-0.5441979854908428,0.7296238387264736,-0.41412269504309135,0.413786686786907,0.6628283792218074,0.6240505728994293,0.7298144493127157,0.16824860671113032,-0.66261849952604,851
2765.273900483964,2607.6172961800044,1343.2222734210754,487554.68352046964,0.0,1.0,0.8393600557402512,0.17946154198710967,-0.513096727504017,0.5162407829224349,0.032386612129086605,0.8558309186997344,0.17020620104847528,-0.9832317439456524,-0.0654613383779849,852
,,,,,,,,,,,,,,,853
2914.8677720692363,1897.383345424895,1203.0623041251517,571967.7797011519,0.0,1.0,0.8525882214961223,-0.09221422561486994,-0.5143829907377663,0.4017546859263756,-0.5138101309299883,0.758018681623288,-0.3341952975466268,-0.8529335765157555,-0.4010209684664425,854
3700.7694610310377,2147.7206629862026,1462.122117184695,399967.37610046694,0.000885866137690762,0.99609375,-0.4504098066456312,0.7144632871543566,-0.5354187308882989,0.5389277210488607,0.6956817130128241,0.4749566987259198,0.7118201441112262,-0.07462684160631536,-0.6983859369641827,855
2571.1724308580933,2203.8534658056556,1193.7558280085796,269348.6391071081,0.0,1.0,0.8892418179769761,0.2363440874552409,-0.3916509434253312,0.4160604765300981,-0.062053144522840706,0.9072172215761642,0.19011225376221863,-0.9696859695694152,-0.15351368469837762,856
2154.1884243285513,1596.247592651217,937.608568937505,356607.250701634,0.0008137049568696255,0.99609375,-0.28049261802780034,0.6811886388730518,-0.6762439866661953,0.04952713285056811,0.7138590367734131,0.698535853574129,0.9585775682455293,0.16244172458827716,-0.23396951034114175,857
2320.6642056827923,1934.9718014668215,1063.908466487144,564819.344778876,0.004358741897621798,0.99609375,0.8544352497846757,0.2509583716580349,-0.45492889512554213,0.3155598791793613,0.4449390283010354,0.8381236327337617,0.4127497626622041,-0.8596796826663278,0.3009791963458873,858
2697.999604078386,2058.8115902267323,1189.2023250333255,378220.8846612157,0.000961694843595854,0.99609375,0.7434484151147043,0.564515003725039,0.35861855031879425,-0.3388692535557788,0.7802505235473595,-0.525715464389836,-0.5765865789783732,0.269317528344129,0.7713727930570443,859
2585.7546364264836,1755.1200897519827,1062.1219522683643,373066.9847971173,0.0030304354869017903,0.9921875,-0.06569083244996271,0.5557011758634898,0.8287827928208727,-0.5529348626831893,0.6711241236047537,-0.4938172215964869,-0.8306309361934177,-0.4907021641074003,0.2631798510121176,860
2289.377776134529,1911.9013659326974,1050.3193265504974,432739.5513861783,0.004111422339974059,0.99609375,0.6541845489920872,-0.43579216876641524,0.6181648336017536,-0.45456540929006023,0.4266911306340865,0.7818599412395835,-0.6044938912321443,-0.7924770436296997,0.08103869929207505,861
2925.6314010442898,2404.6162828582355,1332.561377707847,788201.7155427383,0.00501378222711601,0.99609375,0.478008104922479,0.6497218719596329,-0.5910750719880602,0.2715043699775531,0.5306840980490504,0.8029070713108447,0.8353404268389698,-0.5442755526157098,0.07726897251388506,862
2214.8706757548666,1769.2712335579097,996.034959426674,258086.1480269035,0.0,1.0,-0.5253471712312264,0.7041702458997491,-0.47765533020038137,0.5238793631733807,0.7100246947887812,0.47054792065330747,0.6704929250338154,-0.003032751157795971,-0.7419097248992046,863
,,,,,,,,,,,,,,,864
2155.1396415590584,2106.8579672246747,1065.4987344792519,648363.0832225871,0.0004057063521546484,0.99609375,0.8714081300825701,0.0014969096308598947,0.4905564494403835,-0.48629393766349904,0.13421009316547897,0.8634268104965483,-0.06454515487414551,-0.9909517698425441,0.11767970440225482,865
2540.037118047944,2303.8908906651586,1210.9814730911376,793020.7916181242,0.0,1.0,0.8989699243545416,-0.416301932577243,0.13618287718521152,0.4369472509834655,0.8306929841587732,-0.34500183467249046,0.030498769876541196,0.3696510070348039,0.9286699941497911,866
2124.807392549091,1463.9866367831946,897.1980342275181,394171.0250120225,0.0,1.0,0.44182799954371077,0.8399012371732547,0.3152045853315574,0.5981896202979275,-0.5376731251595209,0.5942026494799697,0.6685485748896817,-0.07398325672765776,-0.7399792434500752,867
2519.390990379434,1921.7719887390108,1110.2901090900175,393337.3783404336,0.002560978905189689,0.99609375,0.8172085040482063,0.29098950601898455,-0.4974890634959928,0.40170524523624407,0.3313927587734251,0.8537047120534286,0.41328338565805134,-0.8974987168900943,0.15392496977310913,868
2960.305501665558,2157.562406046904,1279.466522973306,192181.84114765335,0.00010384068579047701,0.99609375,-0.5964994637435759,0.710144804076113,-0.37400901994113117,0.378957507966097,0.6599689417836409,0.6487158106883991,0.707516499390475,0.2452251070438758,-0.662785825109113,869
2640.509272201349,2217.406737278762,1214.4784848524278,716473.7709746531,0.0,1.0,0.8381590692945877,0.03796136803320456,-0.5441032154805541,0.5153340596490796,-0.3818872650976439,0.7671980993992626,-0.17866219948503237,-0.9234289638587745,-0.33964506058808086,870
,,,,,,,,,,,,,,,871
2639.4290745665635,2444.4438694149676,1270.967620586336,633316.1777416922,0.00020422188876050915,0.99609375,0.7595961145067762,0.626181074975514,-0.17581525579061194,-0.13757963024168907,0.4189007754363903,0.8975488764860391,0.6356772673053275,-0.6575860412761974,0.4043451621448323,872
2845.4349839334955,1918.1526271458838,1190.8964840966553,505924.554543944,0.0,1.0,-0.4107338741554915,0.7625835888290278,-0.4997638989261439,0.513919198944651,0.6463987006697658,0.563964339944049,0.7531166852336423,-0.025199004366815547,-0.6574041896745199,873
2598.5600477908033,2114.9996351785276,1178.3880040510091,532116.3638900386,0.001131306132300239,0.99609375,-0.10522164431466381,0.5244440819456997,0.8449182270964751,0.7085365093328203,-0.5566353400586134,0.4337431418942485,0.6977853685125397,0.6442945778989331,-0.3130176933974423,874
2059.575508260085,1622.8049146033661,920.5946584511031,369521.02609850036,0.0014828476879767758,0.99609375,0.3664013452188722,-0.5917397176745173,0.7180488567975606,0.4775952253000246,0.7819048950016326,0.40065887727979355,-0.7985316869056731,0.19613475392945665,0.5691030691435532,875
2628.69947556424,2174.8015248358593,1200.8747502668698,519797.4637443126,0.0010700096684995429,0.99609375,-0.6052557460240554,0.16467535535184466,0.7788116006099343,0.7098509143239532,-0.33110909150015694,0.6216739088617025,0.3602459733825096,0.9291118322708437,0.08351072862814589,876
3348.981079485593,2680.737913266632,1507.4292611202493,839340.9033903049,0.0013149184822783698,0.99609375,0.6702945740301153,0.3561485495034011,-0.6510479204424277,0.5037879119848515,0.42578445513373697,0.7516018477255163,0.5448879919430503,-0.8317847128031929,0.10597767587176099,877
2819.875067456216,2219.935957831194,1259.9511490178315,359557.5776712531,0.0005206461166674602,0.99609375,0.38884168996852353,0.8150067317436825,0.42961164713599626,0.5836027854833629,-0.5787142759709716,0.5696468867319948,0.7128884407244114,0.029220095822486053,-0.7006684359107682,878
2161.3931243947545,2108.5628912430484,1067.4883705602463,254192.34396117198,0.00047448467136533106,0.99609375,0.6035558187793629,-0.4321265446696409,0.670064939397257,0.2389824326682808,0.8998028774859119,0.36502353149355127,-0.7606627179594931,-0.060178327161444306,0.6463519153267256,879
2888.0245950640942,2506.0640908722708,1348.5216765348944,503240.7199804359,0.0024329735810468996,0.99609375,0.7424660720439128,0.37868828165060214,-0.552575168827009,0.5182469457186001,0.19795857167210323,0.8320051124571791,0.4244575775233912,-0.9041059612910729,-0.049276522208039686,880
2354.9525989009962,1481.0965880660067,959.0118578830867,272623.1547346109,0.0022013460291093177,0.99609375,0.6982466902075587,-0.517772993165113,0.4943305444366445,-0.638533892312894,-0.13831348585492115,0.7570626446988427,-0.32361401079362295,-0.8442632925690305,-0.4271925383694858,881
2805.5434674229837,2020.7163773942843,1206.551071879894,500664.6328043405,0.001023602126432537,0.99609375,0.20656076173089916,0.6085383628219307,0.7661682013025305,-0.5526530721605564,0.7187456685857514,-0.4218758652977439,-0.8074077244767044,-0.3362822101497869,0.4847752485349526,882
3103.1636157799912,1826.809096473866,1232.4927806154856,220194.7202061142,0.0016966622367365052,0.99609375,0.5506875459122184,0.6833460585584048,0.47935518254199755,-0.5064434374316569,0.7300270124122543,-0.458885177174907,-0.6635196089488133,0.009936065676694444,0.7480929107666257,883
4088.938814413588,1997.8145261271598,1521.687944054576,270647.87107661203,0.0007200653110970719,0.99609375,0.651390988064585,0.7106739633037247,0.2657673767609932,-0.5048810732151443,0.6674564886184281,-0.5473544899882362,-0.5663787448142521,0.2223608636503603,0.7935809749101208,884
2968.7026984922477,2503.8642436971727,1368.1412243270504,582732.1178056258,0.0,1.0,0.6148100493033446,-0.5439791618401496,0.5710475240812339,0.34554448240506286,0.8366578309232388,0.42497374581759567,-0.7089482449058156,-0.06395580848140037,0.7023546401971401,885
3514.876348024653,2576.0215949568656,1484.2161760238716,670999.6631315163,0.0017415743799474184,0.99609375,0.14364877602310805,0.7490810102602634,0.6467168385116674,0.8927901836364142,-0.38002929517529954,0.24187480813640572,0.42695516995291316,0.542637424875974,-0.7233629158136674,886
2899.219761331219,2469.921513618727,1342.2827536500647,572937.6546313248,0.002154050406721324,0.99609375,-0.44593893110400945,0.7824129154727321,-0.43470507177541995,0.4991069355149985,0.6205208417101534,0.6048521736128174,0.7429877096201798,0.052762815550179226,-0.6672221134289369,887
2681.7045512436252,2036.9192995133421,1179.6554364890244,706417.3896251462,0.005267228263276523,0.99609375,0.7299330088325633,-0.06886242413042115,-0.6800410054985825,0.5012026341128731,0.7304033375298327,0.46401172839013316,0.46475124763141684,-0.6795358202980644,0.567659534190062,888
3040.943193808097,2202.22346457132,1310.7909746038808,416242.0927174002,0.0011119784309758692,0.99609375,0.5342789732431683,0.7015006059304694,0.4716385041845187,-0.4925911252425902,0.711799738913601,-0.5006946325004573,-0.6869497522253463,0.03518567267672568,0.7258526064951627,889
2333.337390461768,2177.622519568652,1127.7394528569528,553937.1845434519,0.0021509315041627485,0.99609375,0.7482669173869305,-0.37640792512280796,0.5462725457580704,-0.07192647730730119,0.7725606527600203,0.6308538813934442,-0.6594870750867092,-0.5113385490179223,0.5510078820505413,890
3317.2001463017536,2096.416160464896,1353.4035978668924,539602.5674309777,0.003554049949171872,0.99609375,0.10874931901812773,-0.5710545807131474,0.8136769945498182,0.7888440171190937,0.5476550708078948,0.2789247928632572,-0.6048956127039646,0.611531347736918,0.510030105451202,891
2321.063387147044,2032.5858350514966,1088.4117660820023,475537.4513374879,0.0006694486168043656,0.99609375,0.8040534563822572,0.4112350358467397,-0.4293993299620717,0.5840173186124359,-0.4108942127580801,0.7000640809830613,0.11145317779447159,-0.8136655893019246,-0.5705492949303028,892
2117.67385610965,1836.8756253297486,988.6368427429145,236674.2420838356,0.0,1.0,0.667108395179017,-0.5067087020644427,0.5460885279273356,0.7092892320480562,0.20790986205727024,-0.6735594068528814,0.22776122229728935,0.8366718475671897,0.4981014405782722,893
,,,,,,,,,,,,,,,894
,,,,,,,,,,,,,,,895
3720.273623832678,2394.4664451585772,1528.6845697137644,810929.5649594378,0.0,1.0,0.7049885022603417,0.5174119294158815,-0.48505268474553864,0.702606399275259,-0.41635614025920026,0.5770544273861146,0.09662018100881115,-0.7476178567734963,-0.6570632243971875,896
2278.0723461529938,1854.4164404040189,1031.223593822407,571862.5190679815,0.000709251604930856,0.99609375,0.7537577232411194,-0.15425143289964366,-0.6387924468109896,0.6281507941623843,0.45470810993394095,0.6314009142798804,0.19306961036768594,-0.8771812983692197,0.43963290975967684,897
3421.7129842714457,2547.375151344307,1492.2715951738949,500522.88290557195,0.0004304634658706938,0.99609375,0.7546284877316541,0.47865375483936734,-0.4488055575435888,0.60012357270266,-0.2269196783788378,0.7670457333503916,0.2653065076292549,-0.8481733564210914,-0.45849145517332,898
,,,,,,,,,,,,,,,899
2806.12052748498,1836.6544457639739,1160.6933285167534,377082.91121353046,0.0014052897279202795,0.99609375,0.5571724989996235,0.6150859577468477,0.5578781864718836,0.7753856289900136,-0.14490805558009984,-0.6146371139003532,-0.29721361461796414,0.7750296252470856,-0.557667595683205,900
5332.66961391912,2085.656341704006,1854.5811286014593,820020.2668675819,0.010773675811872694,0.9921875,0.08822720471226037,0.777484169782308,-0.6226831666960141,0.39072342439390073,0.5480100178757962,0.7396081570248353,0.916270247240717,-0.3085504594805925,-0.25543188519789495,901
2908.52126602648,2043.1197035861937,1237.9097844597973,640555.936001562,0.0,1.0,0.8181888488396926,-0.5735575260229816,-0.03998464676317035,0.46917033828748883,0.6258435091036801,0.6230562541087243,-0.33233447203921246,-0.5285372895597705,0.7811543587788712,902
2730.265918381626,2720.6258906582716,1362.7224211202492,739591.017296941,0.002286934865891162,0.99609375,-0.6071445020663823,0.16983845526839178,0.7762283508881979,0.7149084306325499,-0.3096251291862107,0.6269275996372522,0.34681621850926925,0.9355678374594055,0.06656825137001869,903
3958.951253010556,2235.560077707118,1463.9155426668433,1023492.7778524291,0.009985160767366552,0.9921875,0.7101783946789694,0.3902252998293234,-0.5859785517442738,0.3398882536775741,0.5388649939760447,0.7707791468891764,0.6165408524527884,-0.746557923834656,0.25005728067080346,904
2897.349844714139,2888.7621287369884,1419.7276534261027,634158.1362266305,0.0007471515402187455,0.99609375,-0.3577704853928355,0.7826668303428914,-0.5093455727330772,0.3853441509914177,0.6205829081910811,0.6829251345190069,0.8505940071964289,0.04805711957776754,-0.523622333537646,905
3008.222826711379,2396.3554467427302,1351.1440434918247,715787.6661411949,0.001075542829541039,0.99609375,0.8469632607832455,-0.44825406705405707,-0.2858697714920364,0.5270515949034043,0.6373477442140927,0.5621427481120657,-0.06978431910673025,-0.6267823739661993,0.776063144655192,906
3541.182060603165,2244.0529455953256,1446.3083429250344,571537.5590084377,0.0005614909419451411,0.99609375,-0.4510804735975613,0.541138360097082,0.7097152115957784,0.8806398100513869,0.3989934596806801,0.2554950960090992,-0.1449135303953951,0.740252318039925,-0.656526141402504,907
2489.125676733179,1612.8237046364368,1025.4868810204528,457353.12249290117,0.0,1.0,0.6980557192795519,0.6105699982297275,0.3740621473002288,-0.41250287478184877,0.769910095243442,-0.48690843445040527,-0.5852859054153089,0.18558750632514245,0.7893020248410602,908
2994.7290161900196,2283.5345986171687,1319.5653317207239,515004.61021426343,3.223644845151169,0.9453125,0.9415697878040218,-0.3321028995898368,0.05616047345519995,0.16626301682217448,0.6032872432624788,0.7800007124060516,-0.2929213954832913,-0.7250876955243287,0.6232534716047234,909
2554.759991802344,2232.580659257094,1196.8291537935702,207237.57965260866,0.0,1.0,0.4988101205779933,0.7225289953335327,0.4786860291582405,-0.49033212561052036,0.6906706435112048,-0.5315528842797179,-0.7146767592438115,0.030428820123926642,0.6987926850666291,910
,,,,,,,,,,,,,,,911
,,,,,,,,,,,,,,,912
3767.232275129701,2190.262455233825,1489.3732672134067,828870.1244225843,0.0018044368274065456,0.99609375,-0.5207789577863603,-0.48088225537909973,0.7053662407490612,0.4906720878302859,0.5075297626936167,0.7082756823472266,-0.6985915683367647,0.7149585977115538,-0.02835532061374091,913
2797.564902102877,2076.155040015181,1218.42948873052,596559.4816846777,0.0,1.0,0.8105075177017464,-0.5700056422690506,0.13480033950402434,0.355118383392496,0.6612275731665503,0.6608093751309636,-0.46579877364120803,-0.4877208876660108,0.7383494011703573,914
2470.6024961729936,1954.346415076711,1106.234857664037,539806.5451248421,0.0,1.0,-0.006444577812099891,-0.5863354242033718,0.8100427382188398,0.5779682469626294,0.658865663754789,0.4815067420378518,-0.8160338062358501,0.4712820890392646,0.33463714622112384,915
2728.0321715791956,2727.6020913568213,1363.9080316510874,489020.4322764079,0.0,1.0,0.3894922697359741,0.5810216800496769,0.7146394749299608,-0.4317260913475193,0.8005647647000873,-0.4155822897700134,-0.8135775032937629,-0.14666241792955972,0.562656006189699,916
1907.2405872671434,1726.1777387408106,908.354072139492,199929.02291034,0.0,1.0,-0.4408026786824359,0.671047290766794,-0.5961447240569483,0.4590775993687442,0.739258811118579,0.492690742699085,0.7713240280350535,-0.056497289652610805,-0.633930043488782,917
2760.5792720460568,1879.742349890296,1160.079942545648,345628.3382155076,0.001088609781379948,0.99609375,0.7656811769083067,0.5585726514052274,-0.3189497271208187,0.6142118537699022,-0.48769707919864036,0.6203993533440018,0.19098726139942093,-0.6709308101758702,-0.7165024172603327,918
3752.248526042535,2168.7511238382817,1480.247628086337,482168.79158901016,0.0013307537596396223,0.99609375,-0.43771505030349833,0.38553043407460635,0.8122633927120264,0.840929054742113,0.4952485259065191,0.21809911159368828,-0.3181884027244585,0.7785211506373257,-0.5409814769305806,919
2778.757899796375,2242.2268020970932,1255.2456928350662,298711.54626210686,0.0,1.0,0.22061812766187974,0.6944902514314025,0.6848437284619857,-0.5346874823101911,0.6733535955248439,-0.5105920403360732,-0.8157431814043902,-0.25353150900925986,0.519889253525914,920
2850.447351425139,2210.4054879182695,1265.2110608236123,291549.325165755,0.0009777804364929075,0.99609375,0.4687186590141869,-0.5543664954127072,0.6877358558747503,0.866358150086473,0.44045852759978216,-0.23541419082837012,-0.17241338251622665,0.7061685876817694,0.6867310618436073,921
2525.8291509816563,1360.3723660967855,881.0908104421048,218814.27665250644,0.008445563503482443,0.9921875,0.6692791780891487,0.7359004731399185,0.10254694246420869,-0.5579600230593331,0.5889223129642427,-0.5846803587948505,-0.49065873521618064,0.3340972955970921,0.8047564865415918,922
3051.4507918109625,2037.8546376216748,1272.3258944827783,459851.6254707457,0.0008723878489639143,0.99609375,-0.2558549871447113,-0.6633225889550248,0.7032363532520078,0.6245492460273199,0.4418370417847585,0.643986232611847,-0.7378864850638518,0.6039728234688186,0.3012314121588539,923
,,,,,,,,,,,,,,,924
2469.26797215336,2017.0814730267398,1121.5859300246564,414414.18105386087,0.0,1.0,0.7555204869953261,0.6447597212045415,0.11607624926136748,-0.5193076929758679,0.6974297505267476,-0.493873731935887,-0.39938491927766506,0.312852433253188,0.8617511481054914,925
2516.8786919413824,2186.455705906769,1175.8331003935075,398683.9903829377,0.0005168323909555638,0.99609375,0.3128090552652152,0.584461650796318,0.7487022597084414,-0.541659222166547,0.7572874879678665,-0.3648574346361189,-0.7802280320432065,-0.2914107741929961,0.5534654268319059,926
2776.9745361656696,1991.4051439317948,1192.0944469649316,397482.48716525134,0.0,1.0,-0.6073122617354678,0.11708916528304204,0.7857874675248206,0.7234490582187099,-0.32723991871114577,0.6078943129890133,0.3283188646852513,0.9376588734583826,0.11402876881096496,927
,,,,,,,,,,,,,,,928
3216.008232275909,1836.1357975019966,1263.0354798491428,373271.1192434143,0.0,1.0,-0.40705521802129024,0.841023568747571,-0.3563501175708235,0.5553289107145987,0.5376184048744537,0.6344889689070924,0.7252005587464596,0.06038052294695556,-0.685885079326322,929
,,,,,,,,,,,,,,,930
,,,,,,,,,,,,,,,931
3674.0025674241597,2266.934718573323,1485.2338805545035,809647.4440203881,0.003036982506103048,0.99609375,-0.44030752863031564,-0.6262802233868467,0.6433524399782634,0.47496506318584636,0.4456049135101649,0.7588441538342794,-0.7619300945522028,0.6396947262953789,0.10125802765979339,932
,,,,,,,,,,,,,,,933
2570.6683709441854,2566.762227796668,1271.7858465355625,609520.4998794382,0.0007162056159573992,0.99609375,-0.613487006499019,-0.08990921787385632,0.7845699620799818,0.7862095276696496,0.023833139649777707,0.6175002510573584,-0.07421773008075003,0.9956647598442688,0.05606616221853698,934
2894.7065424444045,1840.223961556768,1183.732010737012,337544.18590463675,0.0028863241421299784,0.99609375,-0.47479739997534237,0.7638253583527163,-0.43719360804339236,0.23851598764616946,0.5898428293501903,0.7714891835284112,0.8471585168159659,0.26202339323332735,-0.46224040150625734,935
2260.3298379003,2259.0222656706633,1129.8342215897658,377302.71046556754,0.0001407379652633353,0.99609375,0.7470845510449035,0.436227241134506,0.5015680090298947,-0.04168640301223373,0.7838058150830567,-0.6196052679294187,-0.6634206187585193,0.441988957253643,0.6037539600465579,936
2359.5213566152893,2105.1115421135582,1116.1576771711477,608998.4482741735,0.0,1.0,0.8554505375152043,0.16477330120359274,-0.4909726439175795,-0.47505403218450276,0.627176295771709,-0.6172305570265645,0.20622328765247036,0.7612487459645157,0.6147945204678215,937
3479.460282764661,3472.942879880002,1738.1002845165447,988796.3640088333,0.0,1.0,0.21532648400224927,-0.6318628138837317,0.744569600318306,0.5092630360537785,0.7232251181038172,0.46647249506590155,-0.8332380604584244,0.27873789296515183,0.4775138967913192,938
,,,,,,,,,,,,,,,939
2796.813331952958,2727.918447833653,1381.182423650319,678190.0750021469,0.0,1.0,-0.2523908742160567,0.41007840452758865,0.8764328546743111,0.9669467065555863,0.07297054176358979,0.24431407392132165,0.0362341454122969,0.9091265050447246,-0.41494106151525295,940
,,,,,,,,,,,,,,,941
2480.630384783591,2140.374225762112,1155.250670675804,455365.41161650064,0.001333768903014087,0.99609375,-0.5857617913208296,-0.32908592610146103,0.7406656310850104,0.6432825428710051,0.3671299583135994,0.6718654357429532,-0.49302200140158703,0.8700103717488652,-0.0033554706637079768,942
2976.717875590346,2364.5260019847747,1335.3105053890858,425763.38404473383,0.21319807105010305,0.984375,0.8290327503800218,0.33865047340662685,-0.4449950063301879,0.5558702005262127,-0.5857840495949397,0.5898011253016574,-0.06093454655845579,-0.7363239124879898,-0.6738798683252785,943
2554.895124898295,2551.3902549402324,1276.57082081146,377767.74643677974,0.0,1.0,0.2795887168509907,0.6398886339512502,0.715802127371538,-0.549101432705346,0.7181419708851912,-0.4275040657748998,-0.7876025431717151,-0.27352266047466034,0.5521481578311302,944
2670.3742055102393,2242.3157044093077,1228.1719332205307,522082.7642812894,0.0014130648255655488,0.99609375,-0.6404001406451879,-0.25111633928505217,0.7258293490936406,0.5773719842779307,0.4658059999283695,0.6705716682068346,-0.5064871682802917,0.8485077221656893,-0.15331468876987955,945
2397.0028522692087,1742.7631350332374,1034.9409373848773,373993.9768535634,0.00825574686269513,0.9921875,-0.19278208420397688,0.6769553973831769,0.7103284155682891,0.608859161184468,-0.4851677023855344,0.627616779893342,0.7694969719574711,0.5534832341776278,-0.31863885455568125,946
,,,,,,,,,,,,,,,947
3252.4221938509736,3067.3203983108606,1579.8394268695677,694587.641703941,0.0011621072411783545,0.99609375,0.4259240168633378,0.7867798155797262,0.4467283891307237,-0.534773791404312,0.6171949965146496,-0.5771371832626444,-0.729798413184118,0.0069179529930398775,0.6836273970814288,948
,,,,,,,,,,,,,,,949
2842.539571101146,2442.9895837584486,1321.3816231098444,665658.8188654012,0.0015182199593769617,0.99609375,0.5309210437327437,0.8316829111298546,0.16256192868043998,0.6738570899992905,-0.5306599539424091,0.5141173363538021,0.5138477085474081,-0.16341220461278522,-0.8421739629103759,950
2455.312537067909,2111.736071627084,1141.7616608359615,787383.1695336039,10.764215699860266,0.88671875,-0.22950635363334634,-0.22555658281071517,0.9468109957075268,0.7495916848470581,0.579537959267256,0.31976250526991606,-0.6208374502638143,0.7831091761172878,0.036067695113890214,951
3018.0474530994084,2183.6684857638907,1300.4285271246517,906876.6070764937,0.004342467570665804,0.99609375,-0.5731096883717305,0.46627993234361415,0.6738904286218144,0.5945723811520468,-0.32931039906716864,0.7335109710409295,0.5639405719272583,0.8210588808117582,-0.08850618947000272,952
3842.012338694115,2777.188177663167,1654.7996482136068,625045.2409521464,0.0,1.0,0.7078371296474611,-0.0235310483999118,-0.7059836312929956,0.5915048134560604,0.5660631250395983,0.5741903814317296,0.3861199989002828,-0.8240259875948118,0.41459922602151655,953
,,,,,,,,,,,,,,,954
2880.945131465219,1913.4107840449597,1198.5883360624575,201405.5506668418,0.0,1.0,0.41718525248644633,0.8246250983941257,0.38203391499485834,0.6153612217859807,-0.5656471245681439,0.5489753156471204,0.6687952091858052,0.006064451027847001,-0.7434219465443873,955
2458.8797393848367,2354.360247952735,1203.3094962297432,802877.6053372698,0.0007226196257924264,0.99609375,0.6742231766933243,0.2530667341792765,0.6938157796284241,-0.6813830674081403,-0.1491948956754071,0.7165598359899041,0.284851230397617,-0.9558755730513465,0.07184473108533378,956
3111.3110347871425,2566.0501770939136,1419.3387374324268,527169.2373266086,0.01510229006403109,0.9921875,-0.6544242291615048,0.6900933367349779,-0.3090309286792422,0.4598160656172513,0.6876590891205548,0.5618666772021281,0.6002483769962581,0.22560178134020417,-0.7673367723297801,957
2186.4192173948404,2186.4192173948404,1093.2090610869127,913802.2245629199,19.939929345451425,0.92578125,0.8927481142402695,-0.40478014433893444,0.1978732909449739,-0.25600349031279845,-0.09432291284244683,0.962063096195141,-0.37076005376538046,-0.9095362680299602,-0.18783173232982925,958
2492.3660555503047,2110.945695204445,1150.825158573734,362491.9363715137,0.002957517555910132,0.99609375,-0.5625872320496275,0.6273382163333764,-0.5384629687010952,0.4186654343795866,0.7778053140263713,0.4687623572004154,0.7128918995124651,0.03828388433787472,-0.7002281655357157,959
2711.232171159103,2328.793655857559,1259.9478301945855,960792.5215924985,0.0,1.0,0.8844956081352774,-0.40252327210689676,0.23588669865374579,0.11306827305147231,0.6754682122765737,0.7286688272686347,-0.45264012727393454,-0.6178330758515983,0.6429612784337714,960
2653.8483490569593,2199.736352621808,1213.3951698426763,643346.0977619607,0.0,1.0,0.7707560357154749,0.6061050969364414,-0.19639690648233865,0.5951303639469967,-0.5748230031760481,0.5616033875681166,0.22749721606314383,-0.5497409630792814,-0.8037598460959487,961
2673.141333797532,2395.260607400927,1267.0999860770883,321039.0157948716,0.0001162429855970946,0.99609375,0.4972541357592895,0.5965611672619188,0.6299627752378542,-0.295420920961929,0.7991263117537948,-0.5235681591930343,-0.8157602613073819,0.07424224927811485,0.5736055129562811,962
3627.5639359557667,2714.9179568913223,1585.6199517716445,658204.6182686987,0.0,1.0,-0.01675289178506104,0.7667571683940525,-0.6417186185028237,0.5427231880139731,0.5460044396710821,0.6382246415263336,0.8397445336581759,-0.33758346608772505,-0.42528404815535953,963
4186.819401793929,2411.2837330137063,1649.5253675139659,894459.0712090649,0.0,1.0,-0.5541672545541658,0.7525053305482496,-0.3558572487337697,0.39074835222016013,0.6126436595033592,0.6870105324575174,0.734992774942127,0.2416681070534579,-0.6335472727556092,964
2848.6469758681887,2005.8242771430837,1213.6173529208113,208109.08584354722,0.002933831219856035,0.99609375,-0.36766766866897876,0.7815133390397675,-0.5040410561833544,0.5533979102738799,0.6194581598216932,0.5567964988528794,0.7473762361220893,-0.07421919652781972,-0.6602425861353871,965
3775.152200531895,2979.056921074478,1688.52618358107,572862.3990589954,0.000824674730130421,0.99609375,0.5126802179299609,0.5756751015522076,0.6369907154709112,-0.5485306567537774,0.7903727646170755,-0.272809478487883,-0.6605097370550699,-0.20954491261879069,0.7209839227410179,966
2425.6809205784366,2422.756649243613,1212.1087806604617,562301.5386292436,0.0005270398168461879,0.99609375,0.6460052020796362,0.7554628692758211,-0.10933038018589399,0.6575710375825161,-0.4780239421206554,0.5823173029303538,0.3876565611707115,-0.44807249849212116,-0.8055764561333247,967
,,,,,,,,,,,,,,,968
2987.2256036886965,1989.9869711267727,1244.3026334354488,596529.1460505945,0.00037304905888601084,0.99609375,0.8336487651072279,0.4984234147682715,-0.23791560698266465,0.0017987382657564223,0.4283238229913578,0.903623520720172,0.5522920431944004,-0.7537325800765173,0.3561750928340596,969
2080.5263689598755,2067.428380668535,1036.9881269813409,580074.2213045323,0.0,1.0,-0.5781475138683977,0.07015003245215677,0.812911080718397,0.7811156535005714,0.3355154654440507,0.5265811507301009,-0.2358045547994486,0.9394191531977742,-0.24877272065282893,970
2418.8321146047874,1713.97424925502,1033.2011284043156,449640.17959793087,2.780096474428063,0.94140625,0.8434961387165485,0.041690928722491104,0.5355148274628156,-0.5011619813507464,0.4198045873190255,0.7567038898502484,-0.19326389321046797,-0.9066564812144446,0.37499745686200847,971
2889.3659805007087,2627.9023734975094,1379.316571904477,303627.3551989768,0.0006636240962267735,0.99609375,0.84591167787142,0.2546239809513359,-0.4686150462429187,0.5329955709657869,-0.3728296089879601,0.759548421098181,0.018685678248698295,-0.8922806234511532,-0.45109437420788967,972
3314.1505171969384,2276.120140363289,1397.5672119016622,384748.98657042556,0.003673423720901788,0.99609375,0.5513685039800834,0.5896101247817742,0.5902140913038126,-0.4359460705506408,0.8068193620372571,-0.39873994108096217,-0.711297263027365,-0.03744886909659756,0.7018930016841352,973
2849.6902150996534,1565.8913842594127,1103.894976415091,427619.57013303286,0.004746391030063772,0.99609375,0.4931290629230448,0.7549483772853884,0.4322923489200317,-0.45973794898253956,0.6480062416177689,-0.6072305403137606,-0.73855585135179,0.10070182946983922,0.6666291292581354,974
2482.1038856328823,1871.8676772825756,1060.5470367999499,528480.4347753116,0.001746370977343337,0.99609375,0.5673226546752439,0.7254309529445395,-0.38973701133227184,-0.05019893130726319,0.5028561622531058,0.8629112048059677,0.8219641554154553,-0.46998469399976794,0.3216975514642626,975
3790.6764336549195,2141.493442046512,1483.0420374481591,799094.0587910358,0.005281783649714988,0.99609375,-0.5870482978522705,-0.4544447629274369,0.6699658599037548,0.5136073852670124,0.43062481677865805,0.7421386130457908,-0.6257649317339018,0.7797706230823094,-0.01939137926740883,976
3001.990604414498,1670.000376868047,1167.9973311764797,189372.59012715763,0.0,1.0,-0.574297590990857,0.616872835756947,-0.5381915843705484,0.4356203396075393,0.7868884223807706,0.4370829788991033,0.6931213434185319,0.016568501087444676,-0.7206304795589795,977
2405.3169298058237,1923.2677769709296,1082.1452179974515,443696.168660378,0.0024561989715978557,0.99609375,0.7684119697373272,0.342502006618046,-0.5405880318939856,-0.5755365204910922,0.7392142113337647,-0.3497428531695921,0.27982272664207875,0.5798747496009911,0.7651434613389703,978
2601.361337759278,1891.9881314229428,1123.3369015263036,260874.50148818723,0.0,1.0,0.5917591774570579,0.7465797557161564,0.30403905053487873,-0.49058109451089554,0.6328124341076421,-0.5990647819286766,-0.6396493301832169,0.20534627241215112,0.740730479191046,979
4266.858809310338,2698.010243454141,1741.2157401485056,465548.2131513078,0.008003850357135234,0.99609375,0.671919305084609,-0.6653042813456442,0.32541459813255463,0.2805537630733852,0.63527713374852,0.7195224453494331,-0.6854298165968409,-0.39216473140686803,0.6135085899648024,980
2091.115214722696,1962.9329326614863,1013.5089868993384,592622.4201044897,0.006013163963484313,0.9921875,0.17659130985404964,0.8632457531210956,-0.47288717364972316,0.6657641360918378,0.24910442446105588,0.7033527570201278,0.7249645676706689,-0.4390373052854603,-0.5307283864555971,981
2505.930309811581,1959.2231374807245,1116.2878727091693,482543.89726563485,0.004011703350303003,0.99609375,0.025895635491404702,0.7314429921560169,0.6814107170336765,0.9814480231594166,-0.14813778100680547,0.12171678468828016,0.18997156076363036,0.6656172677028689,-0.7217094006847893,982
2758.430647902639,1873.7740349770684,1158.0507508769451,272448.8537404792,0.0006921933336579609,0.99609375,-0.46316250573850226,0.6837624998708288,-0.5638699646624447,0.8335770813645973,0.5521969508911443,-0.015092277833472887,0.3010477415655387,-0.4770192566311322,-0.8257256724247893,983
3616.1049495333896,2439.905054973066,1513.9943964581073,492085.27618292934,0.0,1.0,0.8139431090408679,0.01072131411489308,-0.5808456496079967,0.4743974689053083,0.5648439252940632,0.6752024744879359,0.33532619453469914,-0.825128107315491,0.4546646563972535,984
2412.436081848799,1987.2941262623376,1099.9320453129399,385264.9676814283,0.00015240612512923776,0.99609375,0.4296034662779796,0.7369395025969804,0.521882200572179,-0.5324626611505016,0.6734987486881833,-0.5127211230249613,-0.7293314584209782,-0.057616013638280505,0.6817301656300405,985
,,,,,,,,,,,,,,,986
2379.6783791937837,2161.438182249987,1135.2785934234728,553562.8035743935,0.0018881853290983802,0.99609375,0.8145817913555444,0.031502272544492005,-0.5791926380890254,0.5267420524162205,-0.4583100809220739,0.7158873374641779,-0.24289774681610346,-0.8882339086916996,-0.3899246184096684,987
2453.836937896113,2095.6640440769584,1137.3747292764385,409918.4369583811,0.0004135291021521662,0.99609375,0.7543259045039712,0.05312489608343757,-0.6543471366258048,0.6564363589504433,-0.07492815498830395,0.7506511028686587,-0.00915076183443591,-0.995772823994596,-0.09139336163899853,988
2341.7554234850113,1650.267106638545,997.9985630771653,178215.82437290883,0.0011504970470833107,0.99609375,-0.46138656420447427,0.7444452271226967,-0.48262173820273285,0.5917752045878244,0.6635250438375079,0.45775170500553236,0.6610026819965478,-0.07440309143221102,-0.7466857668247742,989
1938.3399731448667,1854.000848940119,948.0846410734018,566438.33606129,3.775313475279085,0.94140625,-0.4372363925667106,-0.13796432793791807,0.888701401614675,0.6732182812481596,0.6050050306085197,0.42514239818166555,-0.5963233039287691,0.7841777586459735,-0.17165010934005887,990
2357.0508277033578,1836.8692419933736,1048.4761279368145,406577.7424860442,0.0012507031871055252,0.99609375,-0.0065101805680305835,0.5841147644692382,0.8116449713255285,-0.49920030584926167,0.7013910751955593,-0.5087726548037156,-0.8664621585441428,-0.4084856197775675,0.2870240865257849,991
,,,,,,,,,,,,,,,992
1820.1207184998784,1576.6495515978647,849.1920265091062,430131.20771138393,0.00045353471856061185,0.99609375,0.6621879167131116,0.27878838795498123,0.6955459709470051,-0.5887345371060679,-0.38067017976153705,0.7130791394079782,0.46357179355268485,-0.8816843250176232,-0.08794284075787515,993
2161.5069189398505,1530.574327158461,923.0198159104262,248172.107153663,8.23263137981939e-05,0.99609375,0.37976526167949887,0.8138166732636419,0.43986448860939037,0.5352670462012027,-0.5811156910651833,0.6130201814368544,0.7544982009736945,0.002641195928570067,-0.6562967993305511,994
2022.2509264672817,1411.2108760152266,858.3649737899636,258752.16651495502,0.0023724182602411687,0.99609375,-0.05681075906748258,0.7459454226433203,-0.6635796591907069,0.5027300652752306,0.595613867440488,0.6265034735585647,0.8625746455365697,-0.2980093074889828,-0.408846466937649,995
3247.9512446648564,2235.721588115678,1370.9177536362567,600945.5967051659,0.002390848501107377,0.9921875,0.8170367252335621,0.2730590887267172,-0.5078284392226883,0.33947844817236594,0.48409405618911483,0.8064783493615018,0.4660529721459773,-0.8313192400192029,0.30282494667348003,996
2427.1339359694975,1500.020760055603,981.7882014661352,335051.15391386684,0.0024187303419298755,0.99609375,0.06147892257358277,0.7223620185784444,0.6887767825605524,-0.5382786594147482,0.6051238459422822,-0.5865843638307133,-0.8405215207820993,-0.33469126846587494,0.42603442104465067,997
3301.063662114713,2458.35672801229,1439.8545565931743,773957.7385400855,0.000580096042956288,0.99609375,-0.5818396689994768,0.7454797846511297,-0.32514995041531924,0.5276797811772935,0.6502421390179689,0.5465704064272233,0.6188833881396906,0.1464412896755616,-0.7717112805725308,998
,,,,,,,,,,,,,,,999
2821.2375538359474,2552.455453564857,1343.4225743086529,439531.0747480815,0.0012366292924692176,0.99609375,0.8011286420297262,0.3255246123915049,-0.5022216897416591,0.5972042590271436,-0.3797806686650648,0.7064798062989179,0.039242475959694656,-0.8659101399312037,-0.4986578562951516,1000
2503.4130067505407,1923.1001748571014,1106.627814993864,318119.4005322784,0.0006779132080731063,0.99609375,-0.4914932809176748,0.6942946770898227,-0.525727359167771,0.4721740735033535,0.7196882099864539,0.5090191791256431,0.7317690886639237,0.0019446776680768774,-0.6815498654572077,1001
2606.522902858848,2327.6568307801826,1233.5391434387677,825898.9728111012,0.0,1.0,0.6992526466409721,0.37076674342442373,-0.611210076926128,0.5000771080219285,0.3572819197793509,0.7888425164956602,0.5108508805884749,-0.8572523851055937,0.0644183672002844,1002
2456.2376727717265,1991.705328043767,1111.9852265109269,748754.1635139643,0.0016214175295294034,0.9921875,0.7549631635017305,-0.6554631945925073,-0.01996552754235052,0.5801772335426962,0.6534382779872985,0.4862229884936929,-0.3056550333860104,-0.3786639900962054,0.8736066524301529,1003
2781.5686597568156,2633.35365144141,1353.729469786369,428827.15667018143,0.00165678291251448,0.99609375,0.24727934611103758,0.578378813403469,0.7773872093062073,-0.31398263704380636,0.8068429633744552,-0.5004191603927102,-0.916661239838314,-0.12034276321874461,0.3811165054402159,1004
2886.1722088342717,2270.205284926527,1289.0938927758327,859252.6045356974,0.0059069315981494066,0.99609375,0.8224162662102097,-0.5555638908712843,-0.12239382432466635,0.5121354442255953,0.629363341954615,0.5844818821585238,-0.24768684228418297,-0.5433696227833114,0.8021226098269593,1005
2178.6431125545955,1799.568782811584,994.5525067132443,500419.8514808562,0.0024817936855815784,0.99609375,0.6153556702736088,0.7578264558512845,0.21687891062525813,0.5097868714634309,-0.5924644870642365,0.6237813537219901,0.6012110650558962,-0.2732853716897269,-0.7509063595913692,1006
2876.8166773375774,2666.202324903243,1385.5016651152725,546560.7915611576,0.0,1.0,0.6665885938715984,-0.5719029948761309,0.47810732160467645,0.6588701442118646,0.752015036109032,-0.019066161967425752,-0.3486398995905692,0.327719926030816,0.8780944541994526,1007
2432.789259254442,2272.566316073612,1176.3384062695452,741106.9351766594,5.908620045290215,0.9375,0.9324918117434646,0.050677354076875,0.3576182696887255,-0.2882471158303656,0.7010476301362916,0.6522620796089291,-0.2176525240994617,-0.7113114831521112,0.6683287758948263,1008
2881.7309527950233,1526.7688545796302,1102.1245311067785,250990.91652073982,0.003146241666606282,0.99609375,0.36405323548819013,0.8255131449757173,0.4312693928426648,0.5967228520917617,-0.5622588949763938,0.5725266568566029,0.7151133333409845,0.04891812028507425,-0.6972947282073206,1009
3516.310739151673,2581.5252884329275,1524.4585291173119,816854.1796854789,0.0013798236141435824,0.99609375,-0.6933538395709908,-0.08159632506944262,0.7159626337228268,0.6233293473571907,0.43060068004257496,0.6527201383978671,-0.3615535615582061,0.8988465353340547,-0.24769725077711824,1010
3663.2438456308087,2379.370077528873,1510.652966761911,702693.8769458237,0.33368202645419726,0.984375,0.8583168767022832,-0.4907547977988988,0.14983947278804663,0.20639969701277747,0.5975552608702646,0.7748076375974258,-0.46977793077269125,-0.6341036497636898,0.614183406740443,1011
,,,,,,,,,,,,,,,1012
,,,,,,,,,,,,,,,1013
2909.747184600879,2123.7256999162605,1258.36773968434,535489.5299613401,11.556022252201315,0.890625,0.9066081244727254,-0.08061737791721323,-0.4142010949017405,0.390208027209639,0.5338006034903684,0.7501963817657881,0.16062192920398194,-0.8417587267685864,0.5154055119687015,1014
3373.674046080665,2493.9861045035377,1466.9145851093087,726895.4934933626,0.0,1.0,0.49747211197268654,0.7217071351815169,-0.4813110312859271,0.12491439387010267,0.489458912696172,0.8630332363161606,0.8584392185900523,-0.48945764250889867,0.15334054967989205,1015
3163.344987392027,2660.204463633006,1455.8868857686284,624495.2058719178,0.002225417484871254,0.99609375,0.18525956141865144,0.7541149636801608,0.6300710408014629,0.9781236030217044,-0.07977065834273028,-0.1921219906189989,-0.09462088625038459,0.6518797923093163,-0.752395922546072,1016
2248.8184486435725,1951.4789566088987,1050.0738460359553,357423.34004018194,0.0,1.0,0.7205238368206597,-0.14846903122549643,0.6773495016165569,-0.6923978627813274,-0.10076006535454078,0.7144456654257192,-0.037823275758261776,-0.9837704793277298,-0.17539966879730204,1017
2810.989216087181,2545.555784505521,1261.172524659409,639908.04492015,0.055233445947310965,0.98828125,0.7668786196058518,-0.5750832777130448,-0.2849147354670239,0.6416097720133983,0.6763897014055734,0.3617096519162772,-0.015299779355868959,-0.46019147702592267,0.8876878512317049,1018
,,,,,,,,,,,,,,,1019
3674.3901348915674,1981.1327482875267,1413.880302454337,565531.5698937909,0.005304279275922754,0.99609375,0.742187276430455,0.25296769797652163,-0.6206169434403179,0.41995264083119593,0.5461389163774703,0.724825540028045,0.5223005132714766,-0.7985860177829949,0.29910290208864604,1020
2819.0827687153183,2347.4364531464475,1291.6292765891278,481424.0354629684,0.001108836437207373,0.99609375,-0.5773316023569407,0.38365679660515933,0.7207604895793295,0.6628002100034354,-0.2953177687992219,0.6881012258751262,0.47684809168053655,0.8749827871736202,-0.0837915246938136,1021
2143.3813498973077,1942.9652990728441,1021.5861391782109,688308.5603494844,5.255128388443115,0.9296875,0.975345542939661,0.11635518368101272,0.1875167808445305,-0.2143954854306886,0.7009858901887309,0.6801862668293532,-0.05230341953139664,-0.7036193949763399,0.708649489746837,1022
2468.870362670097,1715.654125744654,1046.1306359361402,363699.49656826025,0.001224059520926749,0.99609375,0.4151165976310558,-0.6100956630790749,0.6748788722899244,0.7559403011438333,0.6440543828566084,0.11725277408131499,-0.5061941045466519,0.4614945653150177,0.7285535633753473,1023
2197.6651623828184,1438.721946847128,909.0963438661657,345876.59537737124,0.0006221463791132712,0.99609375,0.5638836013867728,0.7175936779366087,0.4087720605331212,-0.5019384299814558,0.6908481287345835,-0.5203716705698683,-0.6558148340765357,0.08825064537630922,0.7497457749102896,1024
1714.9234437597577,1259.6387701039196,739.7385196592459,289134.8828533529,0.0005776698614079009,0.99609375,-0.5157213480765626,0.765486672210616,-0.3847877932133634,0.5107303479679284,0.6352790494700428,0.5792883918817964,0.6878851668720964,0.10222858686471173,-0.7185842422604272,1025
3477.8368895851236,2312.352161139452,1447.5467266046546,496630.01393359265,0.0011829532635477165,0.99609375,0.6993982208330131,0.7130400421306259,0.04915309770473419,-0.5858853198372548,0.6113473722985672,-0.5319706593251501,-0.4093659984595859,0.34326125429764487,0.8453349576370268,1026
2769.2158812786993,1920.2271818265135,1172.3558204425442,190435.14231936677,0.004433488482861795,0.99609375,0.35207594884160737,0.7758694059059994,0.5235161804818963,-0.48408023645006537,0.6296560317211517,-0.6076179773472975,-0.8010673198462978,-0.03949616052534338,0.5972697902774137,1027
3625.274363116455,2239.94901188194,1466.3054293613325,444323.29394733004,0.010142952271225544,0.99609375,0.44697350406932046,0.7329026353676624,0.5129019533313636,-0.4569678433290645,0.6799802403376364,-0.5734171805182976,-0.7690221562628586,0.021922587016715872,0.6388460873757604,1028
2757.7463166842836,1858.0976490550966,1153.9605360439675,466115.9504783402,1.839655035093564e-05,0.99609375,0.5077911882957528,-0.5944509236787883,0.6235192125561352,0.019949641583207608,0.7316967207793649,0.6813383304947886,-0.8612491630706465,-0.3335386156626543,0.3834082301828578,1029
2926.1244392440394,2629.1396661584763,1388.8155145986905,416795.7449549521,0.0,1.0,0.8092645439940666,0.21111906087009408,-0.5481967164909007,0.5857583730915702,-0.21935221047851516,0.780238255990634,0.04447500632031974,-0.952529973226837,-0.30117872421087255,1030
5781.668390400427,3298.9788166289422,2270.161408939518,613953.8329399638,0.0,1.0,-0.3682055141251785,0.7083769776854502,-0.6021849855758944,0.8514999322681033,0.5169991227504196,0.08752012581522149,0.37332635148784843,-0.4805350815086489,-0.793544876314029,1031
2347.29113035419,2323.898458147645,1167.7968604443727,611953.3920866733,0.0003421214413701713,0.99609375,0.7259788292170292,0.6483290811735181,-0.22939952491967747,0.6407102086668389,-0.5164138907511793,0.5681611760313482,0.2498903120146267,-0.5594516028611689,-0.7902966126824167,1032
3576.6313845082536,2373.2866084568586,1487.4789965030152,852206.4716599192,0.0009396741857039236,0.99609375,-0.6201511275296155,-0.07041060934376915,0.7813161492735099,0.6230251594995694,0.5610163718627648,0.545069060883551,-0.4767097960544577,0.8248048112091607,-0.30404735445640396,1033
3472.267921603046,2160.1735555755176,1408.1099622313927,368099.3976038201,0.0003270512105500465,0.99609375,0.5805404874062385,0.6828727400882372,0.44346089266868843,-0.48919448837431956,0.7279024334801807,-0.48046519111983443,-0.6508928445038514,0.06199087173136217,0.7566344142290061,1034
2275.213776672954,2272.795609415313,1137.0015023397225,669358.6812095734,0.0019121936477985958,0.99609375,-0.44883470735015857,0.8372892298473418,-0.312240533979083,0.48843692363975605,0.522462849151501,0.6989005243107399,0.7483159607433406,0.16118100644350528,-0.6434624356235802,1035
3072.3454422244527,2835.525227444162,1476.967129263821,543109.4402343684,0.0007211685903442334,0.99609375,-0.6052709724784878,-0.3816304106932296,0.6985737466503179,0.7682711717698859,-0.050375752717780824,0.6381392404212762,-0.20834216208504713,0.9229412295331886,0.3236866236431374,1036
2028.3917980831088,2025.0260345904062,1013.1186124108553,569054.824283562,0.0025075433200149075,0.99609375,0.4449626234313771,0.7968797901400809,0.40864515635862764,-0.5750905946114412,0.6040468522878881,-0.551722945173167,-0.6864976851661816,0.010488103136169685,0.7270563444149838,1037
3227.481184988716,2175.0955656880606,1350.643727202317,681690.9886906362,0.004509516218806379,0.99609375,0.7251439824848914,-0.017096228833580574,-0.6883850111860522,0.5633183307101682,-0.5602182813759469,0.6073120577578629,-0.39602861380443327,-0.8281685795608584,-0.39660829652982393,1038
2696.8351949280773,1547.599265099813,1061.1067029703288,269053.1367394441,0.001222266863043766,0.99609375,0.4746945701022013,0.7842268798848581,0.399566347408721,-0.5488339510122122,0.6186477746723577,-0.5621887806682596,-0.6880743850281095,0.04757238441575368,0.7240790764199645,1039
2736.039097040898,2728.584596767188,1327.2177324948468,896870.378050212,0.009507621365260479,0.9921875,0.33880365301464044,0.48040341260454344,0.8089651697457956,0.9399137555093311,-0.13432697152181367,-0.3138764039014772,-0.04212145425172903,0.8666999630089334,-0.4970482443506192,1040
3145.9718389414106,2041.5810987337431,1296.8842733626077,667181.0595583906,0.0,1.0,-0.5550482927181528,0.6180369548008395,-0.5567330736099383,0.6879106472729947,0.7173352488616311,0.11049471529929178,0.4676540752726459,-0.3216527059440462,-0.8233099068028757,1041
2808.739279271633,2428.2979191802065,1309.2587599041472,400042.2677259014,0.0,1.0,0.8827501077500557,0.36943422840317447,-0.29029398573070075,0.4509364898560951,-0.4926643510480024,0.7442701924185292,0.13194138616646775,-0.7879087435043489,-0.6014908831610577,1042
2946.699583335485,1818.853042410616,1191.3877510812868,261348.14289120707,0.0020206333177902537,0.99609375,-0.5299586726510848,0.6457618851951737,-0.5496684390712966,0.6840984884338778,0.7085986681898847,0.17290802630880223,0.5011517369064824,-0.2843932401951514,-0.8172927391864674,1043
3190.2549590163812,1744.066893863032,1233.5800469860167,415364.2594126015,0.0,1.0,-0.6952491658759408,0.13912702371727992,0.7051753460100403,0.677466046465484,-0.20094236482387093,0.707574675850837,0.24014236035159497,0.9696730569065853,0.04545117681867998,1044
4199.326305428071,2698.618125834478,1724.485678742295,1083823.0788158197,0.0,1.0,-0.44703120567752247,-0.5328561500826324,0.7184896829249643,0.4945259121601209,0.5220907769679781,0.6948851292171774,-0.7453906515061085,0.6659471029474398,0.030120304168634343,1045
4400.297371459293,3427.1578069997026,1956.8633498865863,884563.7035458918,0.0002817684309429114,0.99609375,-0.5292313646788209,0.756405370706617,-0.3844022343930617,0.33643265406573064,0.6029882551647247,0.7233382565658264,0.7789269747020457,0.25348782870107656,-0.5735997635825283,1046
2541.9197663990144,1674.2244395568714,1054.0356293606933,404365.3377825862,0.0,1.0,-0.5763461564300436,0.7055145630693539,-0.4124006659371131,0.42862383794825265,0.6906396565356557,0.5824933221615692,0.6957777759535194,0.1589530311676069,-0.7004478712736617,1047
2692.3895017052587,2359.5298024384465,1258.501645270122,721138.5328788804,0.0,1.0,0.8247797119643524,-0.5245864179362426,0.21106282678108385,0.2573732593770887,0.680632176381062,0.6859291842693331,-0.5034852848789265,-0.5114185473676144,0.6963861265984451,1048
2363.3512865726925,1959.0652665670711,1080.6036443144517,268989.6892015343,0.00025749097848898626,0.99609375,0.7291653265771131,-0.6641652842984127,0.1649315059365583,0.44925148146266297,0.646374033744468,0.616744448620746,-0.5162276948414284,-0.37561294391130096,0.7696907713133836,1049
2587.3345260365195,2173.7765782842353,1190.276301514657,708137.9559157186,2.4386745544874415,0.9296875,0.9747932257850335,-0.16081981219460337,-0.154645255243416,0.21575331329163872,0.5029440572766586,0.836957455940129,-0.056821428768456486,-0.8492256845243116,0.5249638673060514,1050
2702.92567503164,1726.7568590263136,1094.1445095110944,281845.74676876166,0.0,1.0,0.36143584552544694,0.7565443431789767,0.5449814550727355,-0.5527542918683782,0.6445679374743372,-0.5281996467257117,-0.7508840272574674,-0.11033055235957834,0.651153090160553,1051
2237.3698712248024,2196.990955619391,1108.5896682738198,704858.0617234823,4.886047495781771,0.9453125,-0.34667288216565695,0.28566993413160513,0.8934263268474917,0.8836026520320436,-0.2201529803605757,0.4132541815400001,0.31474476340821933,0.9326978899791725,-0.17609764318554544,1052
3566.5931301333844,3004.8225767318368,1642.8211474865607,524530.6318142291,0.00619540937849469,0.99609375,0.42569718458218625,0.6116105773530621,0.6668691091276114,0.8658332866602969,-0.4894426197453688,-0.10382023737122979,0.26289660847912855,0.6215934552797707,-0.7379071415859366,1053
3885.330066464087,3234.809060506234,1780.0340372830794,693606.3655228405,0.0,1.0,-0.637446699203118,-0.1901180984396091,0.7466704857705014,0.7559968156320773,0.03277590092402348,0.6537542008069834,-0.1487633033688365,0.9812139669635394,0.12283578715694311,1054
2400.566121512793,2040.5108601256543,1110.2681271763367,354906.9744021164,0.0,1.0,-0.5649977202038828,0.6007535307587184,-0.5655729585520763,0.4053675686068887,0.799144147628524,0.44389837309098035,0.718647834816299,0.02153663372055664,-0.6950406196200567,1055
2222.325066287235,1854.5979466512017,1019.2302567911601,479400.647027979,0.0009661677237333823,0.99609375,0.040206444334488625,0.9160881503507533,0.3989560660284708,0.7254779087338006,-0.30131913374597824,0.6187799152992964,0.6870700442991304,0.26455487223921825,-0.6767166865101539,1056
,,,,,,,,,,,,,,,1057
2266.2552233324714,1910.09382572605,1044.0867634310853,646495.69580393,2.2692907698666792e-05,0.99609375,0.8589546586975043,0.342856133917929,0.3803242902270443,-0.10485429713495434,0.8447784762508362,-0.5247427011742518,-0.5012010282054383,0.4108515516560288,0.761576346683407,1058
2600.4700845446523,2115.5619410455324,1179.0075196525163,711478.2432926481,0.0013283116843216208,0.99609375,-0.3663681270889631,0.7246316065850636,-0.583680931837999,0.3797688179317031,0.6891221128764755,0.6171599132084156,0.8494410164220245,0.004443903983162412,-0.5276648664989039,1059
3039.5674841365053,2439.648288272693,1369.8032824625418,436826.6236580488,0.0011821100182752846,0.99609375,-0.5728853874122473,0.6593005321669745,-0.486954968322394,0.4590279618089125,0.7502780682448368,0.4757900278361788,0.6790402515072838,0.04904720782206115,-0.7324607212934935,1060
2943.966452012673,1824.9674823749808,1192.2330270013208,258577.5779717975,0.0,1.0,-0.4909656765093544,0.6688764752488671,-0.5581728812369549,0.6323805206120295,0.7143149616885415,0.29974824879948175,0.5992057923953761,-0.20581155547381022,-0.7736885820491861,1061
2441.03987212419,2090.586706643235,1132.906108626426,399134.59483566537,0.0007370232440397428,0.99609375,0.7761353759650581,0.5122341153691832,-0.3677364398961958,0.6243269894402177,-0.5424105677288736,0.5621446310982212,0.08848552668144277,-0.6658881190320123,-0.7407856130486852,1062
3323.648473728632,3117.2333371898962,1610.2199326929256,769767.9163605444,0.0006587886110934203,0.99609375,-0.3098860416477676,0.5905638139481046,0.7451208109071618,0.7655865636232643,-0.3097181546065413,0.5638722180659731,0.5637799701935142,0.7451906107582053,-0.3561503879633059,1063
,,,,,,,,,,,,,,,1064
2206.0713354402137,2044.6153636913452,1062.6711306965701,674878.8620664004,0.0,1.0,0.9053038764359312,-0.4247584634499378,0.0022669445789769154,0.415461736002376,0.8865750193417962,0.20341160487294155,-0.08841061716766976,-0.183207485673325,0.9790906903680018,1065
2933.0204727588057,2924.717200453153,1464.433733489346,986804.4143482172,0.0,1.0,-0.19660167094418268,0.7125370205297877,0.6735271170164481,0.7773171388604858,-0.30541354103708235,0.5500005768950963,0.597600074142987,0.6316752039820175,-0.49382242563351975,1066
3357.5755031815793,2646.896148967498,1501.1118972643042,968969.880745384,0.0,1.0,0.4748330703771147,-0.47935655182862785,0.738072389061676,0.5154843074558235,0.8312166316519329,0.20821825095799076,-0.7133088279581516,0.28159582291678786,0.6417899254996023,1067
4833.120874555644,3059.5167689949903,1973.1589868747344,522783.8093360503,0.001904170939099238,0.99609375,-0.5780657177533397,0.7048142595038323,-0.4111895980668539,0.3785095314400477,0.678031883105186,0.6300819788740757,0.7228904208573745,0.20858960926398076,-0.6587259022839076,1068
2914.0471827953966,2600.634312670189,1378.668685211145,734763.4631080797,0.0,1.0,0.29123042440259167,-0.6038201360425417,0.7420148807213052,0.9165686359195652,0.3982867441324666,-0.03563151830762651,-0.2740196627084158,0.6904845492535843,0.6694358159609034,1069
2945.4950996718344,2459.0837917315644,1351.1442180065358,996043.8719039977,0.00030292558361146087,0.99609375,-0.6908146619030958,0.7005019765968725,0.1790868048840728,0.6068324281074232,0.42706145273909446,0.6703528323067065,0.3931024129879649,0.5717652458555423,-0.720107628438132,1070
3162.159333744041,2362.1656758484783,1381.0807714646642,675242.0028880488,0.0,1.0,0.30115880965007324,0.7416131366071994,-0.599427499353994,0.6781235132251157,0.2753853824499924,0.6814039858586812,0.6704117184099465,-0.6116966950576919,-0.4199705716763018,1071
3170.8902881695562,2037.2135337102686,1302.0255112326906,672143.9206790236,0.0,1.0,0.48629746186013756,0.6360134254307369,0.5991675068461644,-0.3051706393513649,0.7661510149446054,-0.5655824459592343,-0.8187708223100449,0.0921929767998168,0.5666699176438795,1072
2370.127540739103,2077.416535304952,1111.8855074204823,670590.869691585,0.0012050101981252374,0.99609375,0.6886137491281619,-0.422947477590602,-0.5890046992269282,0.1740034656747719,-0.6921628186169505,0.7004523013435012,-0.7039416868213059,-0.5848299442778095,-0.4030385066357665,1073
2658.2036806741658,2264.9169879992724,1230.7793918266939,408782.86616167985,0.001340271997587016,0.99609375,0.8263117995488022,0.4506773276746294,0.33778507404335495,-0.2426177544525906,0.8260779702434463,-0.508656870889257,-0.5082769276199762,0.3383565181853639,0.7919402953825969,1074
,,,,,,,,,,,,,,,1075
2208.0265315345655,2175.3719160822516,1095.8490080004499,646121.8852310526,0.0001806676953874289,0.99609375,0.8794696351747219,0.275838016126698,0.38787439934201534,-0.35461250809244865,-0.16381769018581033,0.920550777245106,0.3174635883215975,-0.9471415697990841,-0.04625707349694655,1076
2748.6027794626857,1935.3291736106237,1170.9791707941924,712041.0805652201,0.0005260342878773892,0.99609375,0.7123104747777117,-0.5238260835947813,-0.4671402590953856,0.2565698676322534,-0.42516918335806875,0.8679879426269704,-0.6532883670670394,-0.7381310179557461,-0.16845447392840315,1077
2863.6674106001633,1828.667442207711,1173.083250704673,352239.9797565839,0.0011468660142082766,0.99609375,0.7890160354759435,0.5435650374202025,-0.2863402623736291,0.5829663484112086,-0.51528746932312,0.6281950816256651,0.19391733388721627,-0.6625827299688309,-0.7234502011646173,1078
2504.3440429371403,1728.1064403794196,1058.1120359614101,388741.41969497246,0.4436298496032361,0.984375,-0.40057195415179975,0.2805947281594633,0.8722434912775935,0.7824559253841054,0.6000913015548146,0.16629237694359875,-0.47676496765000653,0.7491041505207172,-0.45993275301322334,1079
2338.6491050153627,2337.4045856780403,1169.0123186819917,806238.7291196096,0.0,1.0,-0.25540281109969293,0.4287515446825741,0.8665688183951008,0.8699484067006185,0.4929846734037664,0.012485250019006335,-0.42185207568699945,0.7570589308113923,-0.4989013945834203,1080
2842.2981005046445,2401.1791340279315,1310.8174480401983,722180.0379882737,0.0,1.0,0.7880861501430247,0.5887288843236337,-0.1797735261816806,0.39365515834500836,-0.25748915628027924,0.8824596028750757,0.47323972388326857,-0.7662229670018509,-0.4346798000572011,1081
3331.662770541083,1967.8966469217305,1324.88942618234,340577.1580605244,0.0,1.0,0.7140790063189014,0.5997097405572936,0.3611639514338523,-0.35582605588412575,0.7552103445779391,-0.5504953709127965,-0.6028921882795941,0.2645856430783312,0.7526722040757641,1082
4084.9949870481278,2351.95450226456,1609.236933276779,689831.8355305878,0.002740624406273276,0.99609375,-0.2605560015495477,0.7186497315507009,0.6447116668702509,0.9516030688878658,0.30389177969571046,0.04584087168204122,-0.1629790457074395,0.6254537149745608,-0.7630501170203783,1083
2612.81812289984,2134.131782265114,1186.736923230149,479324.52015386074,0.0022561930911392503,0.99609375,-0.19333685037106382,0.5553486902989897,0.8088316848836931,0.6324319560188788,-0.5597231603684567,0.5354809097935068,0.7501004488031798,0.6150591970943478,-0.24300514557293734,1084
2862.9111531834296,1992.1461626795738,1213.7638286992033,345332.0023293537,0.0,1.0,0.762124216617936,-0.5393273845178682,0.35817963475554127,0.08685816682611655,0.6334040588382198,0.7689310483410561,-0.6415780056237153,-0.5549101463808213,0.5295775600830454,1085
2439.946582323882,2143.8687923834227,1145.9533369992917,480565.2569295388,0.0,1.0,0.0425162606226735,0.7473960797997613,0.6630169435863716,0.6016062856916203,-0.5489716878630141,0.5802585311231244,0.7976604820341782,0.37420473784384717,-0.47297840286446513,1086
2849.0399700911235,2356.357741431087,1301.3489194326178,657011.9267445584,0.005887414763938894,0.99609375,-0.1716066074546887,0.6509067513118884,0.7395076560621235,0.7576344405481541,-0.39261352511739733,0.521387259520384,0.6297151949676758,0.6497499680580942,-0.4257742972929762,1087
2159.9976679152546,2157.3353768578163,1079.3327327675886,330886.9519719484,0.0009188676558560282,0.99609375,0.7790504162789874,0.3536398407370783,0.5177058160181226,-0.15290532056988515,0.9079733016197321,-0.3901338827725474,-0.608029943207534,0.22477399001934573,0.761430391811245,1088
2751.9965623622006,1719.5078448042443,1117.8756423652985,497760.98755404376,0.0007265804822029948,0.99609375,0.6108540057073087,0.6449059602847621,0.45929694762813755,-0.617573061595879,0.7511165457495811,-0.23329691016451568,-0.4954401046568878,-0.14113907003521842,0.8570990990586596,1089
2459.482163710157,1983.0003750422254,1110.6201016971884,479609.4224297104,0.0012508398039455127,0.99609375,0.7279176312168063,0.5814152600545864,0.3634449305457033,-0.3137353941232086,0.753747681735646,-0.5774379055383309,-0.6096769838513412,0.30630169384741734,0.7310767727866442,1090
3738.693897783381,3183.982133118618,1720.4025785842007,284863.63351811725,0.003883816784132274,0.99609375,-0.5611722080842032,0.6052256170416976,-0.5646128809639364,0.36447143461253406,0.793141416837391,0.487941867693947,0.7431327783279251,0.06803414858490056,-0.6656763691171159,1091
2330.8145956031644,1534.3913024295878,966.3010229638088,285876.5220458546,0.00016229113758538108,0.99609375,-0.6074978971575041,-0.09697624031732638,0.7883792956205323,0.7171843701004974,-0.4936220597085285,0.4919185313165817,0.341457002026263,0.8642527818775165,0.3694242070901832,1092
2189.1399688155225,2182.3697305869814,1092.8769223870543,479233.65520140156,0.001247849040734867,0.99609375,0.5510059772184029,0.23737221765496455,0.8000292765612749,-0.5655692081806392,0.8111562854046294,0.14885211253619707,-0.6136154201350531,-0.5344903281951208,0.5812023788994283,1093
2363.775031098483,2363.775031098483,1181.87748315909,474023.0547588196,4.844972672777661,0.9453125,0.8627441945056888,0.35659721376248277,0.3584841446752762,-0.45053627171923666,0.22028693838915941,0.8651535890467431,0.22954198463910758,-0.9079163463182965,0.35071125641469625,1094
2276.4625272154767,1692.9763235226385,992.3592432658843,418928.442360985,0.00389333435654189,0.99609375,0.7636656199307679,0.17830002575037562,-0.6205029586981607,0.6160716231857738,-0.4886511646175974,0.6177991537895724,-0.19305588838728016,-0.8540662387281687,-0.48301168083568835,1095
3393.7186149130885,2058.281089002108,1362.9994836593603,439946.09570866346,0.0,1.0,0.524535800866759,0.7920165794367474,0.312365061276677,0.6781588543319723,-0.6104932629480831,0.40914367181486444,0.5147453369387767,-0.002777371476248708,-0.8573386287269859,1096
,,,,,,,,,,,,,,,1097
2246.4009991041335,1938.291525334935,1046.1724764444996,433793.781828332,0.0036611385913204,0.99609375,-0.697547361681756,-0.017707090603171476,0.7163198567352385,0.6856172445872788,-0.30700028596351286,0.6600604656717965,0.20822265038983873,0.9515446827977615,0.22628752617839676,1098
2419.6952672238667,2408.6865780768476,1207.0949586914337,527980.6416559841,0.0,1.0,0.5980054918649768,0.06272034978003786,0.7990341603603671,0.6429336566498834,0.5577244157948431,-0.524956940303784,-0.47856634320242053,0.8276530878029578,0.2931972397620625,1099
2935.9817609964957,1920.849146853111,1214.2048005069341,587365.9419077104,0.0,1.0,0.1774843016312287,0.8201782596062038,0.5438813704695294,0.732001209122162,-0.4794122060693306,0.4840848753219113,0.6577792582000194,0.3122043547759643,-0.6854596183151536,1100
1954.866281121086,1781.6528026719207,934.1290169180502,548051.9181288575,0.0,1.0,0.7920120499513496,0.1436488908920995,-0.593364903644739,-0.5144734693781416,0.6803092410833527,-0.52201186366079,0.32868520203665874,0.7187101868222423,0.6127166599008537,1101
2758.764217551438,2097.7157584939555,1214.119544874072,395458.2883554443,0.0,1.0,0.7136593406509425,0.12933599947550223,-0.6884493770360569,0.6993481077677179,-0.07538571037818013,0.7107947796885467,0.04003210790570887,-0.9887311029346908,-0.144250602862434,1102
3468.36464692798,1805.717568482487,1318.5200998208688,375499.7654017471,1.6432495228612292,0.96484375,-0.47035269468928975,0.7726673162380073,-0.42632565137002865,0.7162423420171682,0.6164636958029209,0.327061797308652,0.5155242478296107,-0.1515180853052173,-0.8433724086814528,1103
2503.6912019970514,2421.769172249886,1231.3645697185143,558724.0734910598,0.00015704812059088934,0.99609375,0.5287423811949141,-0.33055693192002983,0.7817695370682776,0.7621952374301256,0.5901936365042038,-0.26595091928545445,-0.3734834860702233,0.7364805402653628,0.5640093079402793,1104
2759.836897293915,2060.325586322733,1205.0401330517977,310001.69473356166,0.0008106017176363031,0.99609375,0.17189478987306134,0.7195995306986668,0.6727768550067359,-0.5048230134641833,0.6507994354164808,-0.567110059810731,-0.8459349302939542,-0.24214997476739147,0.475139435775136,1105
2397.5857020891403,1793.711443223491,1047.8237255950787,457050.3986116852,0.0,1.0,0.8088332034905856,0.12262876473476765,0.5751095852016223,-0.5718263562427067,0.3920878822865762,0.7206120390822075,-0.13712573513876214,-0.9117177625908433,0.3872560575885174,1106
2428.6124266827387,2049.37030078375,1119.4950292548083,461404.10545190575,0.002087209524101964,0.99609375,0.6999123537219099,-0.3866133747461573,0.6005437499257181,-0.1818103169096917,0.7166884540530476,0.6732775568012423,-0.6907008801012589,-0.5804203289810238,0.43132880257746115,1107
1767.4691995485357,1767.4691995485357,883.7340517566787,618489.9739126029,9.020461114604185,0.8828125,0.9483676012827773,-0.21707045279079895,0.23125594340978287,0.09073631140702809,0.8843231273794246,0.4579732832536422,-0.30391744706317536,-0.41334371279489845,0.8583595752733993,1108
2571.249464514824,1764.372431013936,1083.9050521873064,174432.1406984694,0.0011993560305859118,0.99609375,-0.5381927622825775,0.6961100005753628,-0.4751625171724065,0.4335476303956736,0.7121212781804072,0.5521953796809601,0.7227620651396596,0.09118197333723219,-0.6850553590282926,1109
2362.564831085554,2356.0015720306315,1179.64107415901,729337.0372820534,0.0,1.0,-0.42872916429217584,0.43368629939274417,0.7925323320876945,0.8699681606373516,0.43473490343799726,0.23272508074983797,-0.2436117878153598,0.7892539245716694,-0.5636768040159377,1110
2779.314972791414,2366.5625722613445,1286.4688441657233,640454.40842266,0.0,1.0,-0.5806065423509156,-0.053744381989725365,0.8124085083157715,0.8020511589506057,-0.20937464702798333,0.5593533727509806,0.14003564333877516,0.976357413341267,0.1646700337288041,1111
4978.301106548845,3285.9638918364712,2066.065790991188,780405.3817746075,0.0,1.0,-0.6214224445543689,0.7436794705168227,-0.24652584151745743,0.4322511732656629,0.587865248467263,0.6837933699992864,0.6534470664212444,0.3183634633188008,-0.6867689834355716,1112
2598.0964535863814,1976.9171580818513,1143.7529486180258,424221.3288766108,0.0003089778274249882,0.99609375,-0.2539686416997077,0.8075012852919293,-0.5323923396190893,0.591809519995681,0.5651107987132191,0.574814124061152,0.7650238042542776,-0.16909009264173278,-0.6214073700035453,1113
3096.8345047805074,1995.0842539888206,1272.9787455995133,335487.2282020101,0.0012907764943062812,0.99609375,-0.6137008883095718,0.6344159493714013,-0.46998683265728397,0.19636808356735053,0.6992092753393514,0.687419788073856,0.7647292301488993,0.32957972095170307,-0.5536843975526753,1114
,,,,,,,,,,,,,,,1115
3499.521918249867,2434.5481297431447,1483.5170878217289,558608.8238923389,0.006286405216430914,0.99609375,-0.38866604602979454,0.6912337092382198,-0.6092082270261441,0.2914271137381857,0.7194734505245903,0.6304190601246686,0.8740760504909149,0.06748268817268774,-0.48107914604064017,1116
2505.998604316482,2229.372000680352,1183.8421529291402,739407.3230112013,3.9362439895760364,0.93359375,0.9315636803418372,0.20623200019104312,-0.2994285750645269,0.11060323436776975,0.623782089361053,0.7737330479821497,0.34634669626742454,-0.7538993746446279,0.5582828126452394,1117
2690.3437244630572,2008.0173265604424,1174.589795695707,669435.5529845346,0.0021017117414917647,0.99609375,0.7859010718131744,0.3511080214939285,-0.50900163316587,0.563270379710679,-0.06687529316009992,0.823561882620449,0.25511954974774365,-0.933943709442582,-0.25032611315869313,1118
2392.229811005166,1912.8200869321774,1076.2619890756534,772539.2448534118,0.0010588734043099441,0.99609375,0.7847518603638733,0.4256809437688737,-0.45051110060405936,0.05108355704592082,0.6799604125141884,0.7314672293500721,0.6177013743346991,-0.5970339785352051,0.5118549019199174,1119
3188.6971308825696,2343.9423032902223,1383.159394163441,691647.9813542481,0.002238057017857564,0.99609375,0.725465650677746,0.4348920991999116,-0.5334495775049493,0.6509520189130275,-0.18184183076509566,0.7370176508449793,0.2235197055289938,-0.8819310690963851,-0.41501389205993977,1120
3398.873587459699,1943.6056222369925,1335.619372277125,309321.33876384073,0.0018053933966633536,0.99609375,-0.31181011320034707,0.7555432507129378,-0.5761326666733224,0.4862614951997752,0.6478317231270466,0.5863990252347975,0.8162868439415558,-0.09730598549096808,-0.569392073702792,1121
3198.2035272527874,2657.516044017055,1463.9293386203217,641375.0235756711,0.0,1.0,-0.5409641679179448,-0.33623823737144143,0.7709096034932966,0.6909375555406707,0.34495836081639375,0.6353023088627566,-0.47954464168868405,0.8763261818707764,0.04570951318334893,1122
2432.197998143927,1957.1312473057853,1097.3318402182297,478169.55612404994,0.0,1.0,0.047411939491563984,0.779086156491861,0.6251214831985764,0.09022854371393978,-0.6266071919433371,0.7740944625200127,0.9947918967768636,0.01970248125555204,-0.10000447159734753,1123
2795.3650516159323,2092.209392129259,1221.8930910233842,600254.1616667404,0.0013908818193787108,0.99609375,0.4681010249377095,0.7635069241185496,0.44490291893321765,0.3792116523247497,-0.6283144338350075,0.6792786578244066,0.7981728842759563,-0.14925866493314674,-0.5836453527177061,1124
3198.160650000787,1980.313765608553,1294.6093377800491,600915.286621837,0.6432716919084182,0.98046875,0.8834374499802734,-0.13011753791987068,-0.450119648869079,0.4480421167449095,0.5156930649253417,0.7302868781586097,0.1371004507472271,-0.8468353376622744,0.5138807033654104,1125
3196.0677281186076,1602.2523062243686,1199.5796091684995,337582.22522510646,0.001061224120510866,0.99609375,0.6931638609540501,0.5553992737620147,-0.45940778026922974,0.7111156603929325,-0.4229334940848319,0.5616420364655044,0.11763664144813807,-0.716002029526329,-0.6881153350296592,1126
2313.8558277647103,1494.9227432816451,952.1941880718186,316058.6586442741,0.0032136497885937245,0.99609375,-0.5601262849214168,0.630268604388142,-0.537605832616012,0.44714074559595013,0.7763310439475655,0.4442693595457391,0.6973691264803954,0.008461473034116845,-0.7166621972073477,1127
3007.6789446084263,1781.4984854199479,1197.293916739361,606838.1676809955,0.0018121270509742393,0.99609375,0.6903656280288021,0.4231222265996113,-0.586824403883977,0.32975071462089,0.5379433412651664,0.775810175104375,0.6439408092700836,-0.729098445304786,0.23185273604323484,1128
3895.868859977406,2519.6985362436976,1603.8913927333772,772098.8979829929,0.5925358909537205,0.98046875,0.8298250643230205,-0.17292364557190937,-0.5305542153478904,0.5317171149808482,0.5335097688425106,0.6577569734986126,0.1693141230309467,-0.8279279795681094,0.5346662401821625,1129
3327.251211208477,2096.1767198813022,1355.85654751821,189476.9211461299,0.0005142596306170306,0.99609375,0.5174561227827628,0.6376912975008605,0.5706040396687527,-0.590812681243787,0.7486177014658998,-0.3008519781112302,-0.6190149729014296,-0.18144240448027021,0.7641329185294012,1130
2317.8963340095493,2107.5071862402788,1106.3503144581891,458050.84137822664,0.0003036174236420374,0.99609375,0.739956349982229,0.24197684199588204,-0.6276239384047401,0.6539375513041219,-0.4773581375424268,0.5869368684248711,-0.15757626444152667,-0.8447345242499122,-0.5114619286173006,1131
2823.5355289432077,1636.3441654278727,1114.9470941173356,359211.74138045934,7.831711761644497e-05,0.99609375,-0.6601779209594097,0.2134656414345154,0.7201371623549658,0.5437682308708939,-0.5255724128327324,0.6542856791682959,0.5181517381744943,0.8235326701449865,0.23089546862296684,1132
2846.7147544940967,2517.8999930385116,1341.1531790789372,414733.03042747796,0.0004064503818659436,0.99609375,-0.39411333305931884,0.7331542980894679,-0.5542196819834297,0.4900600124521976,0.6777876337601328,0.5481287327965867,0.7775061831909932,-0.05557606242600904,-0.6264147478987017,1133
2294.354655153554,1944.071531031872,1059.6058726402705,429588.3463714205,0.46704094796198325,0.98046875,0.8165638182108305,-0.5760151613923444,-0.03781619540753997,0.5427696774875652,0.7438290741968082,0.3900248525152772,-0.19653144274897666,-0.33900566695214795,0.9200274722992434,1134
2914.966647262147,1831.529724826584,1186.6236480728317,265532.3362103983,0.0015936191630485119,0.99609375,0.32552439208814926,0.7122666972116162,0.621860130735921,-0.4167847966600338,0.6984304078563356,-0.5817949799153367,-0.8487192135380789,-0.06979339098287587,0.5242180644983692,1135
2293.4338602118655,2293.4338602118655,1146.7152115702959,538756.7438413032,1.292769756168079,0.96875,0.8039191016793423,0.5487868940142235,-0.2292313741905776,0.48326715723681496,-0.37811512474525966,0.7896086417809296,0.34665102436214845,-0.7455614645333395,-0.5691846536156566,1136
2326.673660734121,1926.6884267756052,1063.3389618295057,516866.30795089854,0.0006658443386179733,0.99609375,0.39468195439615766,-0.25106898919512416,0.8838498274812119,0.8372827146012891,-0.2978789620425253,-0.4585038492775868,0.3783963671917657,0.9209953781843894,0.09264827391305253,1137
2806.3099246095894,2120.8398852643813,1231.7869859193206,344806.02524449734,0.002129467314547408,0.99609375,-0.6491064364314033,0.027976414160156,0.7601829743121481,0.6596120486761146,-0.4770714870002537,0.5807880349427542,0.3789099885521938,0.8784191007384268,0.29121659299097324,1138
1974.9706521737764,1652.0688619384762,906.759307143376,482285.05574997433,0.008414775510974089,0.98828125,0.9575944335334922,0.04013733554691265,-0.28531017360210775,-0.03482137678553237,0.9991129024352575,0.023682903245920726,0.28600764427621567,-0.012743723262461315,0.95814259112774,1139
2673.1092455385974,2545.0674871926603,1304.5420781982584,809060.9616443968,0.003590135889106702,0.99609375,-0.38972452395202667,0.8073851832822414,0.44299431288298446,0.5085631383805522,-0.21234927538582146,0.8344287384334506,0.7677749212568026,0.5504879209023736,-0.327848622430677,1140
2955.811539007663,2278.262859527004,1308.5180933583206,693902.7622782575,0.004765686725344965,0.99609375,0.7229639770005373,0.6300527043096298,0.2834725343868237,-0.514536518147529,0.7648314021143219,-0.3876662196174155,-0.46105884597541813,0.13441174104951845,0.8771306769323789,1141
2403.2108840660303,2389.681331705876,1198.2225208725124,256281.06621578886,0.00023759606812030195,0.99609375,0.6436725442065538,0.6983639455062836,0.31300711725383934,-0.48212394358926064,0.6876665839956089,-0.5428362296989302,-0.5943417862245608,0.19850055131587652,0.7793300791543284,1142
2301.5424500303316,1941.9868569840464,1060.8818554853551,681708.5038671193,3.122497300784967,0.95703125,0.9985229384711886,0.016335243437538984,0.0518179618346699,-0.032811412176613416,-0.5788745747756333,0.8147561831059069,0.04330534121605961,-0.8152529585963894,-0.5774835590057907,1143
3101.2986947118925,2557.436016543159,1344.0883635660596,672923.2869981492,0.006405726469549515,0.9921875,0.7021426376910109,0.23753457235072048,-0.6712473785978385,0.6604702901110242,0.13495201776476415,0.7386250393683376,0.26603517101497903,-0.9619590842854902,-0.062128962196802764,1144
,,,,,,,,,,,,,,,1145
3230.99896380887,2188.327320206071,1354.8310985129108,533068.6307801756,7.115029121099409,0.9375,0.8571536241369984,-0.478951573599741,0.18945462458103615,0.2399428072100467,0.6967921025793635,0.6759498613441621,-0.4557577359705174,-0.5339345989251507,0.7121788610831318,1146
2944.128122969518,1937.3601902176451,1220.3716396545426,618433.0516580385,0.0005475048215686163,0.99609375,-0.1828656856864192,0.7546513828832719,0.6301281070630012,0.709003910162117,-0.34278974304173904,0.6162861733320062,0.6810826648603419,0.5594608854761376,-0.4723662998658896,1147
2596.755698557529,2195.1140075989774,1197.9669188262887,756392.357126515,17.87799522761522,0.875,0.9695725324777856,0.17280449428254074,-0.17340043546764453,0.062101233213687906,0.5115337154778739,0.8570161578189415,0.2367964127641138,-0.8417077073932239,0.48523766776383975,1148
2894.891843293765,2557.491479554988,1363.0953157748606,807422.7730255674,0.0,1.0,0.08744401560054735,0.7936092734693688,-0.6021111734547631,0.41690224367514206,0.5197943437992916,0.7456583395717481,0.9047353554240509,-0.31622485863335353,-0.2854045820025177,1149
2734.6013063643495,2180.2430385122184,1228.710486817553,407491.34418305795,0.0,1.0,0.8563411242074467,0.5155408679539099,0.0299581785236639,-0.4121881932887239,0.7173103601900661,-0.5617532736685877,-0.31109608211050166,0.4687040224206818,0.8267622191792324,1150
2223.5060250783063,1868.0133165574941,1022.879373856905,278956.6693085146,0.0001444388340669968,0.99609375,0.5747488242297264,-0.5498779277525055,0.6060511971914234,0.7860850798924958,0.1651404854317214,-0.5956499536151949,0.22745117325913183,0.8187569142559872,0.5271651346030565,1151
2360.3025805172397,1764.133331917176,1031.1084749561,610768.2683095916,5.60927333596003,0.94140625,0.9032023779433566,-0.39121840887412557,-0.17656053079741185,0.42442125698343225,0.7527436897943606,0.5032330812808063,-0.06396921992700594,-0.5294573580872863,0.8459212994535374,1152
2854.933259928391,2122.695288282563,1244.4066799224427,576243.2176661183,0.0,1.0,0.4013184029920324,0.5726519677084613,0.7148519170426503,-0.4186000229760303,0.8088537349367387,-0.41295236558634085,-0.8146886277495173,-0.13351164502962043,0.5643200159989835,1153
2767.336840800939,2044.762199279229,1203.0243011687726,644183.6014307586,0.003433259425479395,0.99609375,0.8483541064212518,-0.28398626159911805,-0.4468188820329295,0.32610962969002694,-0.38455283026847215,0.8635807027463855,-0.4170705210652429,-0.878334175559317,-0.23362631808702944,1154
2262.4427726822773,1925.013171821196,1046.8634289365764,547174.3144015619,0.0023512267178881266,0.99609375,0.4692237264166095,-0.6238395780508829,0.6250226199306769,0.3114027692331678,0.7791996164869808,0.5439451010722098,-0.8263518680814036,-0.060598172611379036,0.5598843198327099,1155
2448.7611870858755,2032.792330255377,1120.3837987320694,291553.23657976056,0.0,1.0,0.16042647189417142,0.7354411761108648,0.6583233427399157,0.6273865909950843,-0.5908735587468078,0.5072026252036257,0.7620035515371011,0.33165451007720476,-0.5561976927229147,1156
2641.4874560992216,1606.9203500484712,1062.1015139202484,279059.9073789792,0.0,1.0,-0.5221222438835472,0.7127372297484031,-0.46839513636734265,0.45404919391470056,0.6971943500217267,0.5547606400991266,0.7219610044506699,0.07697843612567079,-0.6876384430965343,1157
2990.628387518391,2558.302017674384,1387.2318677662854,929476.989185248,0.4921341862279943,0.98046875,0.12651844915903193,0.8294223383801053,0.5441063008443033,0.8120602972818074,-0.40161807220212453,0.4233922503533003,0.5696939139581676,0.3882801935158774,-0.7243530463263731,1158
3429.0466809569043,2441.866812002425,1467.7278667582668,476971.73455181404,0.000616065964514485,0.99609375,0.16043006185593184,0.7125729278015069,0.6830095298144019,-0.4899592296258783,0.6581924371832721,-0.5715965963327284,-0.8568559672181304,-0.24294554574869798,0.4547255361683018,1159
3287.878567908195,2172.5914823610638,1365.114049905103,324144.7097903944,0.00283355513926971,0.99609375,0.4872686867914628,0.6701749443320267,0.5598524545468101,-0.4538099980970415,0.7420770750183926,-0.4933336602739675,-0.7460735302231856,-0.013680596540790096,0.6657230120542639,1160
3543.984838248403,2269.5806544177312,1453.3909629565214,387693.2028079702,0.0010016872752103296,0.99609375,0.6020217832276598,0.7173881126819023,0.3506052884685095,-0.43334850378180506,0.6623453068086541,-0.6111528195293063,-0.6706555351217639,0.21599303306182838,0.7096253679789727,1161
4465.306016425134,2621.427765486615,1771.6830485537234,728103.1262076636,0.0010115190720594177,0.99609375,-0.6650371323805638,-0.3295003931852839,0.6701903486665409,0.5086896964634112,0.45716499546137723,0.7295443506989562,-0.5467727181078067,0.8260930079691646,-0.1364182426124111,1162
2959.80591100691,2203.229616088827,1290.7583641777971,452866.177898966,0.000863102307997925,0.99609375,-0.6124217540486784,0.7286376405498828,-0.3066378710170027,0.5187004672776877,0.6630894794726212,0.5396871014380802,0.5965646825063051,0.17146291431860144,-0.7840351067391839,1163
2917.0117206192363,2170.836061719113,1271.9614774095644,715420.8143778169,0.002498245078818783,0.99609375,0.785186063936049,0.3818280154669283,-0.4875348311712734,0.44254375510590505,0.20472646114447646,0.8730647747584506,0.43317187099046456,-0.9012737889852597,-0.008227239559782107,1164
3217.039541804889,2232.2679605373078,1362.3264195150878,724868.6022888515,0.004157356249937813,0.99609375,-0.6814923237235874,-0.24319906151869233,0.690233604790619,0.6113503824133482,0.3292469296312044,0.7196159873512246,-0.4022672278832545,0.9123873496519184,-0.07569941589120599,1165
2430.730208101569,1733.5403446447763,1041.0498484021327,185017.7645741881,0.0016365308111940984,0.9921875,0.5690320984001795,0.7386513772194452,0.36138153511504334,-0.4597856992360747,0.6501479991419283,-0.6049005620676352,-0.6817621152339591,0.17804977434291822,0.7095764201889418,1166
2323.621908761063,2001.5973628542304,1081.3043024431763,265198.05916001607,0.0008041792425440932,0.99609375,0.42655005316526134,0.6861588087190826,0.5892717041924906,-0.45409207100879073,0.725916292408602,-0.5165713188541311,-0.7822118914921072,-0.0472400850227688,0.6212189076125916,1167
3423.2543974203663,2630.2355576421432,1513.371895349391,680002.1579406104,0.0,1.0,0.7784953569003475,0.15588332128627588,-0.6079846786139929,0.5637000931211388,0.25234127742591966,0.7864897232146613,0.27602026066906743,-0.9549996177233867,0.10857507010527484,1168
3037.1167123005666,2138.893885216508,1294.0009736765219,306778.0199403175,0.002156245803078645,0.99609375,-0.5645825786548125,0.7025876767180304,-0.43314785974704184,0.37955367871617124,0.6870110659325639,0.6196408639358962,0.7329294078234984,0.18543557320579818,-0.6545442164875748,1169
2652.5688642276705,2078.3132510847176,1182.7200266699836,601755.4864310658,0.0,1.0,0.8370128875585792,0.5287310528203454,0.14090031882269977,-0.3918472459281962,0.7589170285382455,-0.5200967983492761,-0.38192297904071837,0.38011632111522,0.8424051403585414,1170
3275.2152428251616,3014.7947705502106,1572.5019187232592,481416.0661129757,0.0036838371427043754,0.99609375,0.8319239988007379,0.40658948596535777,-0.37760753451409823,0.5422813466924356,-0.4514904327546171,0.7085812092911349,0.11761548048121992,-0.794255235446059,-0.596091620237776,1171
3085.786866906799,2187.71207035577,1318.3717667544536,551705.3109784992,0.0,1.0,0.8325959648432512,0.43825595678539103,-0.33869702636553695,0.5434589312617586,-0.5283270101572826,0.6523212095050213,0.10694086851416015,-0.7271879307857001,-0.6780570506683409,1172
,,,,,,,,,,,,,,,1173
2572.2774098297423,1558.190341757249,982.9051337085574,356188.8998920449,0.0073073399854051485,0.9921875,0.57720027347014,0.8165522390459587,0.009071119833140375,0.65475741938041,-0.46941264273090627,0.5924056824598264,0.48798828476952366,-0.33599733890823924,-0.8055887425816479,1174
,,,,,,,,,,,,,,,1175
2565.2713266006776,2248.688436710772,1200.9142682760962,413959.35437239974,0.0009263652327953038,0.99609375,0.6247627904291139,0.7189154255983582,0.3046835514627571,-0.49798605255044637,0.6674213869855772,-0.5536773281067887,-0.6013994904890186,0.19418883343534418,0.7749899030365291,1176
2504.1169088797983,2230.256699672113,1183.5901233045756,546916.2953760347,0.0007469267091608346,0.99609375,0.48824074272801044,0.7712719689753368,0.40836322926202323,-0.5780668358481096,0.6363664953205639,-0.5107606258571402,-0.6538040306031735,0.013312907508499644,0.7565467970064473,1177
3030.03018053592,2325.5001074382876,1338.8821117177458,274530.770322395,0.0007995237396362184,0.99609375,0.5075509009606628,0.6887073713253,0.5177588624217021,-0.4848895018311497,0.7250339397168772,-0.48908890528467625,-0.7122318821479133,-0.002818322341220203,0.7019386035197253,1178
2577.4638926998005,2236.0254306567585,1203.3718306341245,752628.1705090794,0.00014090122118720004,0.99609375,-0.5954387499937953,-0.4203173485240126,0.6846795027862089,0.738558041679793,0.04904590153491656,0.672403538518899,-0.3162035959250554,0.9060506752231747,0.2812249275076683,1179
2002.4854603595063,2002.4854603595063,1001.2421812838633,521861.8632876717,12.034542109406061,0.93359375,0.9686480256088195,0.21382972205306516,-0.1264826171884686,0.19268091174166566,-0.32522383547139344,0.9257988567133125,0.15682815032555936,-0.9211440206655988,-0.35622833191294434,1180
2824.658673536181,2498.022272523156,1330.669728845499,379648.0268242509,0.0,1.0,0.2135357839780654,-0.6424585464666874,0.7359683994797497,0.5912734104455674,0.6846892949137375,0.42614120139995454,-0.7776877413595644,0.34416215001426337,0.526074321210054,1181
2634.2008475254606,1891.92213534702,1131.1930641326865,417090.9516799103,0.0009149062936405366,0.99609375,0.0763958782302513,0.7975912527606474,0.5983409256511957,0.49376473677914606,-0.551608589127464,0.6722531882514423,0.8662332564054841,0.24408227694879783,-0.43596305758245285,1182
2754.7435579723465,1748.8623658394597,1122.5743410149446,561895.2646826538,0.0,1.0,0.7406312927447031,0.6649861462128207,-0.0962222092467797,0.606258331660241,-0.5996343591418399,0.522388237452851,0.2896827980737745,-0.44523259166594725,-0.8472613621655203,1183
,,,,,,,,,,,,,,,1184
3829.396641807098,3573.2028756245313,1850.6493549635643,671721.3264622202,0.0046228342083132375,0.99609375,-0.4216720227464475,0.7984478435832587,-0.42973683378337896,0.4010945048129955,0.589289423682552,0.7013281495453492,0.8132133197640932,0.12336537688156146,-0.5687399057083413,1185
2303.9208674636943,2026.508881090617,1082.6069627776708,555860.1450633735,20.289798128530865,0.89453125,0.3786585139213561,0.9053403402218991,0.19229300091726248,0.5833919657350852,-0.39476401856467463,0.7097993969865165,0.7185203853410309,-0.15658939304296868,-0.677649037360647,1186
2107.32709587704,2043.746182466686,1037.628881713324,168144.8966946217,0.0,1.0,-0.3722894808672835,0.7069405563189177,-0.6013614489365506,0.5452705772752402,0.6909238339930578,0.47466225168877707,0.7510529541873162,-0.1511929411441972,-0.6426975607194043,1187
