R1,R2,band_half_width,mse,mean_error,frac_inside,normal_x,normal_y,normal_z,u_x,u_y,u_z,v_x,v_y,v_z,window_index
1951.5552076006068,1792.9557505172102,919.2745968153796,433573.11625759496,0.9904677635581397,0.9748201438848921,0.08878100134997267,-0.5923298226402689,0.800789182625642,0.49011912760068127,0.7258778227939437,0.48258121299515083,-0.8671223527041864,0.34963805225814837,0.3547563358896992,0
3355.38118018391,2363.478905535235,1429.7145813099587,382046.90480077895,0.0007249661019840297,0.9964028776978417,-0.5581597262689336,0.657733939906782,-0.5058100278425597,0.46540223196905517,0.7528560311626034,0.4654122461005028,0.6869195603923439,0.024369255975408982,-0.7263247599480511,1
,,,,,,,,,,,,,,,2
2743.7874299424448,1637.3931045745608,1095.2947285754258,291272.4430504919,0.0001482819531959814,0.9964028776978417,-0.5425975583747551,0.7969380198518611,-0.2654763306970113,0.570527289660092,0.5816067943866989,0.5798552823561561,0.6165115582037888,0.16316656899568235,-0.770253315061554,3
4716.475471026142,3007.5973540258565,1931.0177160028993,344911.4639758144,0.0,1.0,-0.6296001884536677,0.7206718583641514,-0.29023382859526664,0.45495097294365894,0.644811902555835,0.6141964038806662,0.6297802909878366,0.25465600893025275,-0.7338440585022071,4
2111.364521885802,1030.7225283029202,415.1207481921216,233473.2002951271,75.97206287750855,0.658273381294964,-0.4083432689196038,0.7932697728694478,-0.4516401689173661,0.5657025117838317,0.6082206130152112,0.556819857821957,0.716405222544836,-0.02812033703666106,-0.697117496377353,5
2072.06861643137,2072.06861643137,1036.0338023884992,329761.4341748469,1.9667637439944061,0.9640287769784173,-0.4082449306645142,0.6651858556865866,-0.625191053983684,0.4308456042751933,0.7441843147839824,0.5104525158192859,0.8048031696405462,-0.060971165512874126,-0.5904018759392049,6
2690.4391805223922,1528.998586094246,1054.8590148947847,419905.1901236332,0.0008136763854566729,0.9964028776978417,0.5785700304201399,-0.5639121934689587,0.5892875002548977,0.7225866537275659,0.01926237615798998,-0.6910119309531108,0.3783189762018779,0.8256100768048896,0.41862005843459904,7
2533.80409384043,1902.6644103129677,1109.1166409796474,258445.38667969627,0.0,1.0,0.7344997488070051,-0.19219713347725875,0.6508228490807396,-0.6632783192495841,-0.0006233170906527149,0.7483725560770192,-0.14342939104623287,-0.9813561399201257,-0.1279380179038957,8
2781.3015042665247,2181.5884721120988,1240.722011525596,536149.7066539123,0.0006403462736857741,0.9964028776978417,-0.5866759511994305,-0.17068349491606463,0.7916302627157966,0.5774536375492483,0.59717965339468,0.5567079647827496,-0.567766346982088,0.7837369495785225,-0.25178913618336995,9
2418.5435062285287,1885.9777262157452,1034.4059336744708,331604.4705283045,0.003971177802132888,0.9928057553956835,0.7485342704682909,-0.23454212833594362,0.6202309537342918,-0.6456074321947072,-0.044376817411897196,0.7623790012660028,-0.15128611776848583,-0.9710925229410621,-0.18463970986356903,10
3392.2904557012407,1929.7273342732265,1330.5040178044844,348596.31895939447,0.06921184483926207,0.9856115107913669,-0.12135353110835449,0.7046579017221474,-0.6990926705581127,0.44481189935908283,0.6682278487799193,0.5963337289668652,0.8873644655247914,-0.23859753488982616,-0.394532028697797,11
3906.6050092143378,2504.0580082263764,1602.665206937274,403986.66846989945,0.0030079321282597046,0.9928057553956835,-0.3222875249013737,0.7767477600481633,-0.5411041198818463,0.5444152653503317,0.6197024199919308,0.565314894116255,0.7744306102850496,-0.11239140499302303,-0.6225956970114875,12
2765.8096531305873,2334.413575550321,1275.0553191494712,306281.52936078276,0.0,1.0,-0.5227266377831866,0.7884053715201733,-0.32430515307349456,0.6372245089016693,0.6140554751984804,0.46570462595275464,0.5663053835228055,0.03678102142282175,-0.8233743796452392,13
3428.490825146182,2491.799882462473,1480.0722252849719,475876.5814803196,4.8288532910948737e-05,0.9964028776978417,-0.6622418152555661,0.7041123661240253,-0.25624510531567046,0.51976397598223,0.6780095440521302,0.5197580855026369,0.539704722416023,0.2110185632721659,-0.8149785141685604,14
3552.6322178816204,1969.7490349945126,1380.5949099572274,298776.0088037886,0.0004353037590922326,0.9964028776978417,-0.48094396965099684,0.6844760822252254,-0.5478917693467822,0.4085123534407857,0.7278785366687263,0.5507363188888712,0.775764497217172,0.041052755310700906,-0.6296857280729714,15
3556.322514927598,2762.5921004431157,1579.7127915288,403718.12537085364,0.0027550230099045304,0.9964028776978417,-0.49336915344259846,0.6179988767704827,-0.6120982492555875,0.5050654175711158,0.7764620464247347,0.37684959126371315,0.7081636833423811,-0.12322369403785483,-0.6952122832794434,16
2469.129014693507,1680.7121011973707,1037.454192167864,190851.77525721976,0.0011396423308556761,0.9964028776978417,-0.3674616004033694,0.7862691633630454,-0.49674216146142774,0.5615899779700964,0.6133293911113255,0.5553771283034237,0.7413424774505648,-0.07488565111813777,-0.6669358817638105,17
2709.184264145076,2614.7318767114784,1330.9784934837623,475010.1569807359,0.0006559326194642512,0.9964028776978417,-0.561524907397848,0.6530448213848941,-0.5081557238034519,0.7908291573282599,0.6042443138974537,-0.0973552928302816,0.24347283686545543,-0.4565317846382301,-0.8557451182003436,18
2912.1870882977933,2131.7762896790177,1170.5171454497172,312444.9288066903,0.0030967908953299823,0.9928057553956835,-0.4368291106182478,0.7157612837698081,-0.5448542124024248,0.494855439341685,0.6970233048506517,0.5189186898243532,0.7511979913913629,-0.042945280896411114,-0.6586784348817789,19
,,,,,,,,,,,,,,,20
3446.1343796048814,2498.9148104927485,1486.2618600878357,671254.236328976,0.0005835790899826949,0.9964028776978417,-0.3020283197832069,0.8050457862633025,-0.5105684832308337,0.5705351881732788,0.5817203246371013,0.579733613791875,0.7637201667528588,-0.11620131636004263,-0.6350029613877237,21
3438.950424549381,2548.1791830477473,1496.781957701,387680.3669558792,0.0012620366800954626,0.9964028776978417,-0.42446353296701306,0.770263013318646,-0.47594705534800913,0.5466777358053668,0.6370426576162087,0.5434336257097047,0.7217853991013388,-0.02952190187906656,-0.6914870171981278,22
2707.417025008134,1541.4026216969069,1054.3858976891622,153958.7409512549,2.0550609238141785e-06,0.9964028776978417,-0.5116596600957303,0.7724324178582997,-0.37623470343962545,0.5320870174720289,0.628689611149385,0.5671267747784052,0.6746019552806253,0.08998629159164301,-0.7326763741633419,23
4068.5867063037385,2828.6693997111024,1724.3136023473794,444194.5934796751,0.0034130124511824083,0.9964028776978417,-0.5171755910425737,0.7284659865233526,-0.44929579845389506,0.4929365298773655,0.6826642580257318,0.5394284830509399,0.6996734849501056,0.057504932768725564,-0.712144786658611,24
3800.0112035761895,2442.9616095968854,1560.7422791275235,244764.90221869003,0.0,1.0,-0.5405509370074828,0.6015016176434672,-0.5882180620081509,0.47810603490947656,0.7949231902183244,0.37351270532106406,0.6922566748565672,-0.07932796244335263,-0.717278028724647,25
2929.4398176143013,1857.5172668398027,1196.7388098916415,477933.56985674205,0.002305059282175173,0.9964028776978417,-0.39686356531405703,0.7343771199612918,-0.5506265124415763,0.5207750143517768,0.6741413432071846,0.5237621920353931,0.7558390668344168,-0.07889039901135883,-0.6499873921782688,26
2676.5780781595126,2095.018721759567,1192.898754131835,518503.0138581642,0.0038851476874648414,0.9964028776978417,-0.3583110012208617,0.7571667654179417,-0.5461791974715215,0.36809842367473006,0.6522070120869584,0.6626685173393867,0.8579724802651205,0.036393718292223404,-0.5124048403133832,27
,,,,,,,,,,,,,,,28
2419.1948787895353,1599.4845719932234,1004.6693608965811,124348.12831837336,0.0,1.0,-0.48127439777373165,0.7806467332961312,-0.398704943337314,0.5147650307289146,0.6198556662313621,0.5922802682679323,0.7095011749012059,0.07980996701511078,-0.7001703021257437,29
2456.114221500771,2440.268005048382,1224.0948468585375,372359.99703421746,0.0,1.0,0.5094786781410114,-0.241190902803885,0.8259893612658304,0.8456900055427193,0.3175786738459498,-0.4288964915261062,-0.1588706739610652,0.9170445650691655,0.36577229888588086,30
2793.0018531267497,1861.4657922027507,1163.6164944928664,496763.6008252493,0.0008487267280894157,0.9964028776978417,-0.5459570989823516,0.6266536028545432,-0.5560900179828759,0.3288567584147103,0.7707580856301118,0.5456969909031697,0.7705738631148501,0.11505318537626671,-0.6268801209314511,31
2435.082665465018,1894.3089787346041,1082.3474664276766,321884.2388625312,0.0012882359291308636,0.9964028776978417,-0.5739321844926066,0.6728088933480667,-0.46682977693726274,0.44903702479383745,0.7352870144071539,0.5076600799831639,0.6848120895310211,0.08173860456334942,-0.7241209861315947,32
3751.31478509442,1841.1997446039056,1398.1264489296557,333997.76222354214,0.004547941979042579,0.9928057553956835,-0.5286020433166718,0.7103722694259743,-0.46470541059044096,0.5908478704949564,0.7009624127738451,0.39943771705967496,0.6094905033985474,-0.06342660883935555,-0.7902521063294452,33
3073.3267261499486,2312.7173699097575,1346.510534308574,447194.7093321134,0.001878048536136289,0.9928057553956835,-0.5765540066658698,-0.2476660717932782,0.7786186449604319,0.6200571591962085,0.4879550009225544,0.6143525343027386,-0.5320851404869901,0.8369954802489419,-0.1277652899491226,34
2207.9204752728538,1334.3832111239037,885.5754600466051,215917.98016079262,0.000311714670404818,0.9964028776978417,-0.3728949247825082,0.7912387608902629,-0.48465513340548555,0.5905472308331267,0.605262258587352,0.5337710806001608,0.7156838290940865,-0.087171219990194,-0.6929630835612008,35
2459.025313173665,2181.0841569838685,1160.0268293887984,389158.4442093503,0.001960950904413413,0.9964028776978417,0.7316349466737759,-0.295457958355284,0.6143410287862827,-0.6504435101371956,-0.03282190228524268,0.758845150772397,-0.20404299773838125,-0.9547917666040617,-0.2161923622587757,36
3513.1641833833933,2837.1612186358243,1587.5808427153806,479461.60805948946,0.0,1.0,-0.43659850810979617,0.7695420226682742,-0.4660330654190984,0.5156892850146735,0.6385315547411999,0.5712635249347195,0.7371881062777363,0.0090845444248705,-0.6756264996395844,37
3006.664889782384,2659.569645688695,1416.5581404114578,777784.1622186804,0.00023390002424469828,0.9964028776978417,0.8537466106615229,-0.44961692108652723,0.2626049296122097,0.18356903569113275,0.7318642373795932,0.6562599692044414,-0.48725674332880176,-0.5120735907244761,0.7073623567614779,38
2666.936818016923,2361.1212335648584,1257.0140092827496,482519.96172991727,0.0,1.0,-0.30270025160017655,0.78117567471483,-0.5460193429861436,0.6299703585015233,0.5938936545305497,0.5004274917685982,0.7151992065785953,-0.1924964735837471,-0.6718892785029165,39
2965.9671786427534,1826.1194017397704,1198.0208693798465,289082.7291591101,0.00046058293571766786,0.9964028776978417,0.7043591619645472,-0.15499824356060252,0.692714743202228,0.7094884210744634,0.12284947636050773,-0.6939266434712058,0.022457767428344044,0.9802466784698007,0.19649961331019766,40
2842.5286155067433,2268.069427324534,1277.6490263566984,561633.6670211854,0.0033293164547737223,0.9964028776978417,-0.34479955778267707,0.8112035373034653,-0.47229449077796337,0.8805071733092656,0.45387782747947575,0.13675538553723593,0.3253004498979323,-0.36870549058680513,-0.870767407811837,41
4267.7818136318265,2429.600600607716,1674.3451968630895,652875.6285133106,0.0001642179115931105,0.9964028776978417,-0.48301586141793335,0.762529291379148,-0.43040069401373676,0.5991766467476348,0.6462748017651185,0.47256346303509006,0.6385006058031206,-0.02963039642446988,-0.7690507239426909,42
4640.4834383260295,3181.7322219908497,1949.4139751317848,649070.7528342516,0.0,1.0,-0.35660124321339753,0.7778945429097063,-0.517412440370309,0.5059708851927094,0.6263759180571697,0.5929980376150866,0.7853846297680935,-0.05033179302724025,-0.6169584215607221,43
2827.7629083882653,1889.6311666517915,1179.3481015935897,344375.90583877853,0.0030786794968216172,0.9964028776978417,-0.6138054522769502,0.617824951220567,-0.49146230415403463,0.6274492704170673,0.7595923658852358,0.17125084158029735,0.4791140572016008,-0.20325296390993708,-0.8538957505771108,44
3923.388656832676,2097.907086808701,1505.3235359367459,432362.82748501614,0.0014595826539770458,0.9964028776978417,0.4434829830066881,-0.6254155979497579,0.6420110385535723,0.653593938095914,0.7158111305492174,0.2458238992981069,-0.6133007483019765,0.3105958068342169,0.7262178990559498,45
,,,,,,,,,,,,,,,46
3398.968731325505,2248.7716719616405,1411.9346536218666,265375.40300201514,0.003274553961317479,0.9964028776978417,-0.4708874544712944,0.741553632594361,-0.4778736393730585,0.5155222960527472,0.6708774065377133,0.5330668510325279,0.7158922876341443,0.004659976753054129,-0.6981951855481479,47
2584.5208215700595,2272.910422725473,1214.3573409258793,499395.8951072401,0.0022044647929415,0.9964028776978417,0.4256690128402549,-0.48416388625706863,0.7644548533118586,0.9046116191447231,0.20715735695577978,-0.37250993002530564,0.021993408466297715,0.8501006768045465,0.5261607447163715,48
3536.7626776141674,2145.9527708451487,1420.6777575560386,534795.5476888225,8.963192746593223e-05,0.9964028776978417,0.6254938623189641,-0.5676854067677509,0.5352482668297375,0.23394503825826957,0.79090849351933,0.5654497979072242,-0.7443299989088452,-0.22846670177931194,0.6275155925572219,49
3589.3124360393304,2613.7620367607155,1550.7681564479287,387075.9042011478,0.0031354189998801796,0.9964028776978417,-0.5796645859309532,0.6089223524429067,-0.5414817970282041,0.636545726903713,0.7532443498053124,0.16562755521650313,0.5087224246857223,-0.2486694958811166,-0.8242359955984154,50
3223.130347999728,2236.0678056423408,1345.598352917953,487135.98996877164,0.07365083775143157,0.9892086330935251,-0.3191789112752148,0.7831679213655841,-0.5336411055579198,0.6316873346385672,0.5955778647151632,0.49624401086416103,0.7064672206510302,-0.17870370450899187,-0.6848131512612557,51
3059.6692712091813,2371.3830455483335,1357.7626125933498,452396.82450823043,0.004227961956979018,0.9964028776978417,0.6961121905328895,-0.4090955452287819,0.5899734342031578,-0.6423415953197646,0.012143763588742236,0.7663222585361595,-0.3206635200854033,-0.912410742966054,-0.25432566328739176,52
2162.7377038893646,2162.192366358417,1081.2319379443454,331743.0594710595,0.0019779542910436203,0.9964028776978417,-0.36135180244230813,0.7701053481077584,-0.5257020331780384,0.5570061074982523,0.6304288054913392,0.5406511975538468,0.7477760835178808,-0.09745395847574131,-0.6567599674889358,53
,,,,,,,,,,,,,,,54
3355.997653642905,2863.4447495620375,1457.627556574372,415427.18128107017,0.0036864683553307046,0.9928057553956835,0.5417449198144608,-0.5074828807781318,0.6700548989242239,0.8395410207080634,0.28778079313414373,-0.4608178486685887,0.04102823910048489,0.812184302249318,0.5819564784209398,55
,,,,,,,,,,,,,,,56
3209.3158778134334,2206.452472912457,1353.941665567038,347738.27608170075,0.0005067135376559466,0.9964028776978417,-0.35294448151474944,0.7119580054157506,-0.6070798888883658,0.5162851362367709,0.6893090935854561,0.5082348193516221,0.780307536212014,-0.13404764833753308,-0.6108611764598512,57
4355.339419407388,2981.7377332585747,1834.2684604688104,843538.7005190195,0.0024713578991283655,0.9964028776978417,-0.5941418094064882,0.7469012746217714,-0.298553171618654,0.4527778774200232,0.6173330069839804,0.6433445050726209,0.6648215580396013,0.24705959697305854,-0.7049637235413658,58
3032.668668421503,2174.212139464478,1301.71966862764,224413.10402633072,0.002143773089791012,0.9964028776978417,-0.39995817319921995,0.7727357707014922,-0.4928619364178101,0.5015037994449387,0.634614547570486,0.5880121726241712,0.7671553941891001,-0.011991859333653737,-0.6413492001057524,59
,,,,,,,,,,,,,,,60
4416.144788778234,2979.9376094426275,1849.0201672236901,327695.4488794244,0.0,1.0,-0.5064899864130592,0.7094049831240518,-0.49011474532201443,0.5186618578429429,0.7047432920261796,0.48407310353190436,0.688808950930667,-0.009025644734135196,-0.7248867269131966,61
3094.5852503351575,2307.7768460463153,1350.5900419717711,662277.4535845729,0.003297069129205482,0.9964028776978417,-0.49917399856967803,0.6281389705703193,-0.5968808531045527,0.4261790545166193,0.7777391414771001,0.4620532883832597,0.7544512791713456,-0.023733130120631107,-0.6559268296779739,62
2884.889728842676,2180.9342130304826,1266.4554951292287,393218.95674016536,0.0003978341410908388,0.9964028776978417,-0.4956946087118808,0.7648771504744913,-0.411399805026689,0.5243864720229269,0.6411866842242437,0.5602664222786049,0.6923190614545605,0.06198855261693301,-0.7189240130160727,63
2152.8103831584776,2139.171879798694,1072.9949745216268,455279.7558825301,0.007983836103707183,0.9964028776978417,0.651850550117016,0.04175621161506141,0.7571969883086579,0.7468878278657513,0.13757592376260636,-0.6505624011475344,-0.13133709642794597,0.9896106729378091,0.05849173539443574,64
2075.6016949937857,2059.4000715575066,1033.7498054433993,281668.0690828191,0.0019294014907957745,0.9964028776978417,-0.5617903722102138,0.7462322592885678,-0.35711201728447767,0.4748754666584166,0.6443556628501861,0.5994156078372069,0.6774104138982958,0.1671621815781811,-0.7163602000335882,65
2571.8326357323604,2313.890444224562,1221.4302666069427,562079.4352473201,2.299320894602732,0.9748201438848921,0.8609310664031931,-0.3311412370390044,-0.38619060065483035,0.5080516704327134,0.5986136375804116,0.6193102720553545,0.026099790657979655,-0.7293882327231674,0.6836019359924196,66
3302.745346546097,2080.052196801762,1345.6989759366713,405079.4640583662,0.0037031455829096816,0.9964028776978417,0.7322107661214861,-0.14620059779209943,0.6652013072604558,-0.6686656565978033,0.03130303350506746,0.7429040044178046,-0.12943582835681622,-0.9887595791185102,-0.07483890057297352,67
3369.0085040249573,3115.8863474083605,1611.80525824107,443221.65333391563,0.0007245848937239904,0.9964028776978417,0.5944486277190378,-0.49034102490723863,0.6373354754725893,0.01215405064704702,0.797962284795637,0.6025848248143956,-0.8040417327824606,-0.3504595145471806,0.480307214819362,68
3077.2843469086515,2095.9487326272797,1293.3078090962501,397518.2586821976,0.00019032837136599695,0.9964028776978417,-0.4484500847671712,0.7984432646073135,-0.4017223850814547,0.5245956682162989,0.5990172736966503,0.604960900142916,0.7236656039642977,0.06055294391066382,-0.6874892250957394,69
2927.0021212949678,2240.374495122399,1214.5263004035376,409531.3055765485,0.01960656666367554,0.9964028776978417,-0.44634088374608233,0.760715077874462,-0.47126678833885327,0.5748621464421881,0.6473434757466058,0.5004797068774957,0.6857939399591153,-0.04752888282670792,-0.7262421615498502,70
2814.6636519993863,1984.389954723636,1199.7629340704648,320138.61310820887,0.0005238469083112332,0.9964028776978417,-0.554364003798094,0.7572086867677215,-0.34542083894352626,0.5125502531014483,0.6376001950434684,0.5751158399193786,0.6557231041671386,0.14177798123839144,-0.7415701010001537,71
4237.343335411163,2833.835524327211,1767.7942973227937,439236.9631708019,0.0,1.0,0.6157367883202172,-0.4688912043315861,0.6332529084098855,-0.3306322084728323,0.5757453251197145,0.7477965387210427,-0.7152276212713555,-0.6698196466984744,0.19947704295795388,72
2768.81828618862,2486.485356507764,1313.8253917766908,493531.7056668831,0.0010259480306451995,0.9964028776978417,-0.4451141854327252,0.6649077514519142,-0.5998091729756398,0.5582585789626241,0.7297699867527014,0.394693710932406,0.7001576400648594,-0.15916484691703012,-0.6960214296734586,73
2949.9528680921476,2288.4477724469407,1309.5997160224915,411166.20219783194,0.00016152449192459694,0.9964028776978417,0.6531101135978192,-0.2800845973536508,0.7035622203057004,0.7098085329403889,-0.09729812439419308,-0.6976424023483556,0.26385417578893156,0.955031776075862,0.13526004807084824,74
3094.853473589943,2549.115306287157,1410.9916615771008,441958.6046072783,0.0020480765807968427,0.9964028776978417,-0.5940914982960135,0.6917841271140577,-0.4104753502044174,0.49614145902338014,0.7167929901676008,0.4899504688075534,0.6331658110562741,0.08742156896116104,-0.7690634076523337,75
2788.350932667655,2193.9352491495965,1245.5668780832336,335949.53765933175,0.0005555290967247273,0.9964028776978417,0.6846444683252612,0.2782301634129105,0.6736838488184541,-0.699623671861324,-0.008368539392933225,0.714462514985711,0.2044227721240935,-0.960477976694757,0.18892693434618288,76
2793.07914187217,1797.392202836983,1147.6173591943173,338164.2874020364,0.0026376681524372,0.9964028776978417,-0.44155508425990914,0.7764942920163748,-0.44953945547661717,0.5641368001218892,0.6298708219707541,0.5338655433516217,0.6976953334460968,-0.017870704963027784,-0.716171669079184,77
3652.1373263679493,2308.580154455486,1490.1789448459738,378956.6448002079,0.003128553329028151,0.9964028776978417,-0.603729734864684,0.6059940122817499,-0.5179591338309278,0.42386013574184306,0.7942936942091137,0.43524718571008064,0.6751688622627121,0.043229439255042273,-0.7363954257140451,78
3268.2871968536792,2934.748011547193,1550.7583275620232,544910.2691123376,0.00231937509072605,0.9964028776978417,0.7234750407886641,-0.49446619673594405,0.4817541340158188,0.16278457803603444,0.8003514862233182,0.5770083878538994,-0.6708837801806443,-0.33902902351512093,0.6595257953294265,79
,,,,,,,,,,,,,,,80
3102.8086859742293,1983.1821117770846,1271.4970608024487,419356.62764677714,0.0018621152282914854,0.9964028776978417,-0.534750235096728,0.6895906641418046,-0.4883716842656412,0.4558009960282624,0.7220526833971703,0.5204664969223182,0.7115389223954217,0.05571928146890079,-0.7004339537664857,81
,,,,,,,,,,,,,,,82
2964.8759952930595,2159.225601646742,1281.0249525139404,342343.7907593048,0.00028082209119763697,0.9964028776978417,0.36757376119427476,-0.5472462133170212,0.7519382368862989,0.5574987259379628,0.7768182750504867,0.29282851316962727,-0.7443686591058509,0.31156853107746263,0.59062708182337,83
3608.119184405331,2406.229909500707,1503.5868567035607,414868.51374859764,0.0,1.0,0.3740714981825975,-0.6359607756683634,0.6749995600433533,0.4677302329620561,0.7578657111903536,0.45482743208298276,-0.8008114281281753,0.14557972253453805,0.5809540437642888,84
,,,,,,,,,,,,,,,85
,,,,,,,,,,,,,,,86
2455.963042780447,1999.0705454262488,1113.7579126372088,273264.0788497637,0.0018836508668515096,0.9964028776978417,-0.5039786526295433,0.7249005673398119,-0.4696005591607924,0.47209086726671357,0.6864886313514429,0.5530493396330792,0.7232812252070921,0.057030925782785846,-0.6881945529915839,87
2932.9274595072156,2200.8571907190285,1283.445692743696,532992.7959537692,0.00027859061318143775,0.9964028776978417,-0.18604305928937306,0.7812580005166303,-0.5958388345173615,0.5285315258230119,0.5907886574285195,0.6096090455898817,0.8282767691426881,-0.20150607654004968,-0.5228316122959532,88
2903.2774099191115,2122.4718585018486,1256.4368556055927,154832.31018105472,0.0,1.0,-0.505107341685608,0.7445059980334509,-0.4365517062932107,0.48519816374825625,0.6632776192525724,0.5697767472387405,0.7137571822900408,0.07598433187739892,-0.696259338205619,89
2537.704212295818,2531.163701712125,1267.2155492628506,561906.5521714545,0.00075868116022825,0.9928057553956835,0.7310602010984911,-0.2059775050424462,-0.6504800149015516,0.6385234724559655,0.5425582768461399,0.5458189180932843,0.24049689705401522,-0.8143732459027843,0.5281642347463087,90
3641.8283253622217,2393.709318400951,1508.8839779933517,170161.12793858084,0.0008982470848772384,0.9964028776978417,0.626157899058434,-0.47178259250197263,0.620763619148904,0.7168954751343377,0.03531489186550085,-0.6962856713622938,0.30657325907299904,0.8810074028205697,0.3603315043077891,91
2731.818754186246,2706.618536413985,1359.6088247359353,666107.0023954532,0.001185934658191373,0.9964028776978417,0.832611648236108,-0.29104854992696344,0.47122031451006363,-0.4296481056368958,0.19748966838886106,0.8811358216542353,-0.34951444683185595,-0.9361028642542812,0.03938374018236668,92
2252.2367695357143,2251.7655715998317,1126.0000288863496,280699.1488062006,0.0,1.0,-0.5398795151460906,0.6991876496015214,-0.46868618474446466,0.551787561331424,0.714452492192991,0.430218692712374,0.6356576093193114,-0.026348947681536034,-0.7715213131667418,93
3523.5244575599063,2808.2589626236645,1582.9451143925896,555365.7892770935,0.0,1.0,0.6170648053481547,-0.4167235684753463,0.6675121672882207,0.7822270440853262,0.4172605513768584,-0.4626169946794143,-0.08574309011329889,0.8076107352814558,0.583449246083984,94
3207.794460869712,2057.944977053901,1316.4328775881556,236047.76284519729,0.0037749573337498682,0.9964028776978417,-0.6273980431835247,0.7606268147301111,-0.1667889208640955,0.562216480031724,0.5906627542062602,0.5788178818715028,0.5387804051654276,0.2693777264493119,-0.7982175865657042,95
,,,,,,,,,,,,,,,96
2466.6266576969674,2218.335001185772,1171.2299070017177,471164.96931096516,0.0018059741122554943,0.9964028776978417,0.547052144832921,-0.5173156638875354,0.6581173563509015,0.434222571806725,0.8475110702048418,0.3052470213020878,-0.715670810475916,0.11878337331816394,0.6882628867343519,97
3378.946900351542,2315.2225025699795,1423.5419047848618,527343.7606659157,0.0,1.0,0.7019438355212995,-0.3906233235865301,0.595557109640931,-0.657853425913937,-0.035130898183503706,0.7523261859101519,-0.27295369898014393,-0.9198800134055709,-0.2816328090795241,98
3708.9405881977955,2428.4327671083906,1534.342908255844,368596.6385574415,0.0006332919192582772,0.9964028776978417,-0.4600628010945744,0.7661805502684291,-0.448675365313699,0.5273723850997668,0.6423374067050795,0.5561304014182075,0.7142972675876602,0.01923591270931596,-0.699578010788677,99
4211.019683222406,3494.6436199261434,1926.415358615044,480892.31561169896,0.0019582371212334953,0.9964028776978417,0.4691884001899772,-0.5633026080341602,0.680112062022931,0.7410396876761639,0.6700353262616346,0.043736058924853397,-0.48033574342951324,0.483469578508698,0.7318023915242684,100
2376.7115782996607,1697.9478226625495,1018.6643610569361,366361.2495028906,0.005593724384375928,0.9964028776978417,0.8482892860882435,-0.4035815790948777,-0.34282239734764,0.5290707633396426,0.6189087756337969,0.5805480641796011,-0.022122714279806943,-0.6738500103574678,0.7385368975576877,101
3400.816638161463,2360.1045862145047,1440.2297270031693,318145.44081736234,0.0,1.0,-0.5795553072953579,0.6340482908998893,-0.5119554771586224,0.4915112462550422,0.7730543565528569,0.4010033124794154,0.6500248769013373,-0.019228276614865314,-0.7596696208140903,102
2854.686892441944,2633.783787472201,1372.1171471807606,482046.11005912605,0.0,1.0,-0.4057090505925907,0.8226580332224909,-0.39828874782218193,0.6059621298353521,0.5683244901127011,0.5566122269080531,0.6842587693794375,-0.015525279792690944,-0.7290740032498046,103
,,,,,,,,,,,,,,,104
4716.725976531465,2047.4098105154267,1691.0321038171453,763833.2031939407,0.0024004558825625505,0.9964028776978417,-0.4863282087596193,0.7221830389458652,-0.49187044190881707,0.5651314674646294,0.6893064408740627,0.4533023880929891,0.666416759877732,-0.05751772621068438,-0.7433575272542938,105
2566.4929291284698,1804.400520777429,1092.7229065830966,230359.72568140953,0.0007447432824480992,0.9964028776978417,-0.520637710968802,0.7413502076063668,-0.423481101820569,0.4910998581392484,0.6657780178746341,0.5617477728042485,0.6983962365683083,0.08449556554589255,-0.7107061250265847,106
2054.9897227421798,1745.5059142583,950.1233090341444,248731.53702151947,6.6623607336756465e-06,0.9964028776978417,-0.5061172783453093,0.6962382492937478,-0.5090163069889941,0.45936038726194406,0.7171212224704564,0.5241423345781514,0.7299543377327746,0.03145556394114152,-0.6827717131825624,107
3538.654062648534,3061.608162092465,1649.9027189160452,448978.5579422607,0.0,1.0,0.511785950777334,-0.48399208961504075,0.7098075779935056,0.8192710999776007,0.5236384895956313,-0.23366128681383672,-0.2585923535768843,0.7011093990270507,0.6645115539006792,108
4233.07256447864,2563.671952976137,1699.18572780392,350215.6627342456,0.000399308038437234,0.9964028776978417,-0.5676668872093136,0.7050028155380167,-0.4251180250819267,0.43573879817945177,0.6954225200702182,0.5714186016750891,0.698488371361482,0.13913500157277572,-0.7019654168191822,109
2924.5191976712563,2148.8603980775733,1268.3444317495737,391617.8595059398,0.00020711669301780918,0.9964028776978417,0.41436628983921386,-0.6050006055606136,0.6799079681222858,0.8338156992495913,0.5517755332156156,-0.01717965743367227,-0.3647628784975244,0.574036608776752,0.7330961834945577,110
3052.649980763572,1977.3014420734542,1257.4874015605133,545615.541310269,0.0005671247310384115,0.9964028776978417,-0.24476326316504515,-0.552749611892639,0.7965919981755628,0.5844024237476868,0.5714698440095634,0.5761041785176656,-0.7736696660220226,0.6065394331288134,0.18315338909545142,111
2668.699131881499,1977.703109545828,1161.6000981362267,201279.09396414945,0.0011546687997864833,0.9964028776978417,0.7052712670502131,0.09585951412742788,0.7024267886581778,-0.7025135114858846,-0.03858313990247326,0.710623745377987,0.09522187801739035,-0.9946468191607107,0.040131023913197165,112
,,,,,,,,,,,,,,,113
2764.214637630334,1765.2402594972675,1132.3605670912277,337787.3654656496,0.0025244181328073585,0.9964028776978417,-0.4456542507754851,0.7535280300302635,-0.48330921440052366,0.48243067326382816,0.6569385760708075,0.5793896381229728,0.7540907997449315,0.025044265386916398,-0.6562925037750158,114
2278.574710568715,1848.343403782699,1031.7290343687007,509356.42014497455,0.0002540567961335478,0.9964028776978417,0.7626449913641842,0.049325928645724826,0.6449337717241672,-0.6436632154141657,-0.04047239922164748,0.7642379537970755,0.06379876385809265,-0.9979623929109154,0.0008832132805157919,115
3614.9274515058605,2714.4596116961084,1582.3463087124119,467316.9870303045,0.0017317673706265788,0.9964028776978417,-0.5094225087811485,0.7325018996287066,-0.4515857333745796,0.5498636516398833,0.6807626773809062,0.4839546897080688,0.6619204424644805,-0.0017731682143343475,-0.7495720003589448,116
2108.6903282670883,1703.9501212553769,953.1555240513088,466338.26112173765,9.338776065323814e-05,0.9964028776978417,0.7608114880109395,-0.1838575853190678,0.6223843410877411,-0.6435408662416653,-0.08991358193900834,0.760112295164224,-0.08379160571028041,-0.9788319243381567,-0.18672715578874421,117
2347.6094407977475,2347.5113960256563,1173.7796106486742,411972.0907815042,0.0,1.0,0.68042572488582,0.4807377714246949,0.5530931458978896,-0.5031213746681079,-0.24230165233462614,0.8295533687641702,0.5328130209235504,-0.8427224361564889,0.07700117098325523,118
2701.094383052269,2341.103185656738,1260.5483211315598,441799.8985118686,5.0114749251877665e-05,0.9964028776978417,-0.6494593990442628,0.6908059460591436,-0.317788662293665,0.4728624985625955,0.6942008294303094,0.5426658878825992,0.5954859750205748,0.20216912055900685,-0.7775114791732616,119
2356.7533822319565,1940.9790378076739,1067.9912515924586,551885.7612621454,0.0015399112466316304,0.9928057553956835,0.5008278389734766,-0.4052416295968317,0.7648206962098121,0.32022854188312166,0.9076796603019867,0.27124032745423365,-0.8041300620375831,0.10907270930794008,0.5843611789053568,120
,,,,,,,,,,,,,,,121
4547.807650427192,2027.8793565128638,1643.9213749935593,230651.18144641415,0.0006018633080418957,0.9964028776978417,-0.5056936390950767,0.7704575772498814,-0.3881611328263322,0.5464447487526991,0.6342215502919174,0.5469562703780956,0.6675867583613219,0.06448369409052171,-0.7417343009845656,122
2089.1939851819347,2006.9929396940959,1024.0461007231497,680538.7764526216,0.5398781801410547,0.9820143884892086,0.9381954459418579,-0.26192495496358814,-0.22624018913818306,0.18783727545979859,-0.16369976873731865,0.9684624637347532,-0.29069995383865865,-0.951103413768803,-0.10438310761579682,123
3102.9197102870603,2008.0191069916268,1277.7342740165732,361331.6506086496,0.0013027943554779263,0.9964028776978417,0.6132971872367932,-0.5341768776903334,0.5818261110232545,-0.6257872027129766,0.12083686015823009,0.770576946286202,-0.481930427601439,-0.8366920081894573,-0.2601721475942173,124
2515.495865228826,2050.5346265942935,1141.5071383172262,381278.0293663181,8.360983645805869e-05,0.9964028776978417,-0.4499193564510169,0.7827948400202025,-0.42988930101649253,0.525251019271623,0.621247120407456,0.5815181700854799,0.7222769132713742,0.03583648731655384,-0.6906748922119484,125
2913.9726373144213,1949.6608239176924,1215.9079213223113,390760.31241679407,0.0010553362704591453,0.9928057553956835,0.7553114356765128,0.0674624366826807,0.6518845409833863,-0.6452130099861114,-0.0978628361614351,0.7577090715064076,0.11491217029082326,-0.9929107134759276,-0.030389277447439023,126
3935.6565507458677,2763.104154028331,1674.6896974374333,674858.2065940115,0.0013642356252380426,0.9964028776978417,-0.47342267801485716,0.7263817810297425,-0.49823736926218215,0.5974968109536003,0.6804353642320154,0.42427028649520365,0.6472005321702992,-0.09683606399737521,-0.7561443300508031,127
3185.003377951375,2143.820507963382,1332.2055529920253,419748.64483728434,0.0026226896988976933,0.9964028776978417,0.6369846425234066,-0.31988728917532033,0.7013720035853962,0.7651104902719214,0.15127628359614936,-0.6258765243218487,0.09410899460300373,0.9353008116351673,0.34110979008144793,128
2484.899372067195,1889.1237484787273,1093.505339542956,285978.10225909593,0.0,1.0,-0.4212953221915844,0.7550942454081663,-0.5023374682929407,0.540688294744875,0.6538120464439071,0.5293259637035665,0.7281252772877539,-0.048605436694902804,-0.6837185766807345,129
3649.0892732559773,2239.5755832492296,1472.1657926905539,328460.4818838989,0.0,1.0,-0.5822785256631763,0.645393657462847,-0.4943872424104885,0.26807723427598285,0.7265205599440177,0.6326946123064197,0.7675195860787252,0.2358705214420833,-0.596052667220089,130
2858.842015901105,2001.4700194561456,1215.0775560378843,269909.6590320334,0.0,1.0,-0.46327691348372624,0.7805977079031988,-0.4195732592161522,0.558962606749371,0.6247733038809111,0.5451780654187022,0.6877029196454965,0.018042648752415347,-0.7257679774811348,131
4815.212290301194,2764.0917829459763,1894.8256243387766,554520.2464751502,0.0021612992363107884,0.9964028776978417,0.5997710546447986,-0.5448299425975013,0.5860332888663148,0.5748617919852005,0.8028401583666747,0.15805568711481738,-0.55660452937955,0.24209092044720804,0.7947222056235712,132
,,,,,,,,,,,,,,,133
4109.023505250678,2780.448975435955,1722.3676883362314,391511.71828912164,0.0,1.0,-0.46047597268689566,0.7340703462941719,-0.49910179850368397,0.5193959057276261,0.6787733693174971,0.5191286990898806,0.7198539933149197,-0.020185138021012516,-0.6938319598516896,134
2422.9088030317307,1986.2412295718011,1102.2870135819298,372765.8474993587,0.0008909762441450047,0.9964028776978417,-0.354047822631522,0.7674621745962444,-0.5344641707859209,0.6319851227780318,0.6175851100895006,0.4681703070283029,0.6893801156670494,-0.17201872677049734,-0.7036793401565393,135
2789.3218707883216,2642.606631489954,1357.9811476622137,585734.6444319682,0.00028108361505054365,0.9964028776978417,0.7349612340784427,0.0368839138277925,0.6771052808113643,-0.6618533164974304,-0.17830605222869503,0.7281189045615902,0.1475878444969127,-0.9832835443753556,-0.10663629549732706,136
2064.969489058009,1907.071459227521,993.0086277300219,285762.359561987,0.0012379788101467702,0.9964028776978417,-0.45951439526119475,0.7226931311821971,-0.5162956117282134,0.5061877522266962,0.6907500378779702,0.5163703561081597,0.7298085228629653,-0.0240629032673626,-0.6832279975549321,137
2536.910706481244,1837.3151007522476,1093.5558720246806,363696.15291552537,0.005777200479110954,0.9928057553956835,0.6946136782135609,-0.06368908221496139,0.7165581196562101,0.7193829509645739,0.061619253797194844,-0.6918751602875899,-8.888266949081541e-05,0.9960656446078706,0.08861841643686873,138
,,,,,,,,,,,,,,,139
,,,,,,,,,,,,,,,140
2304.359608302713,2304.016240463677,1152.0934159319681,503598.18472880445,0.00011183186570000491,0.9964028776978417,0.8674474137236586,0.25893169047630843,0.42484039837475096,-0.44813537175064655,0.03570090735925915,0.893252558798258,0.2161242073670733,-0.965235631791951,0.14700510912600112,141
,,,,,,,,,,,,,,,142
2923.845741821634,1516.1021103692724,1109.9865305299732,212935.32719986787,0.0006789477347430689,0.9964028776978417,-0.42243215380305416,0.8074273278838853,-0.41184000002379756,0.5691371538455364,0.5899184986806076,0.5727818651345555,0.7054317653366022,0.007568031494830985,-0.7087374332948544,143
2774.1154632370635,2250.3648705450473,1254.9711577763555,375888.67519192764,0.00112572409454712,0.9964028776978417,-0.46897670857149687,0.7016222946983254,-0.5364578290972196,0.5486068007455732,0.7074230439918462,0.44562676648179167,0.6921643049111621,-0.08531583915995145,-0.7166796931651414,144
3881.668457077305,2432.4873087884716,1578.5385345671157,340041.8755005035,0.0,1.0,0.5537833428449854,-0.5739476617117231,0.6032479513459443,0.5916664029605215,0.7810020518648948,0.19991663910385743,-0.5858795753354021,0.24621104077288986,0.7720914755431116,145
3056.6208366878614,2410.9921229446054,1366.8981875138059,402232.1823956724,0.0,1.0,-0.311531831157484,0.7634411648366927,-0.5657786722813601,0.5483948987340909,0.6306954722215335,0.5490776414694766,0.7760225210766059,-0.13921497459702634,-0.6151489556439629,146
2316.869519810963,2294.4803129561737,1152.836924835872,515150.265357191,0.00035520187928687647,0.9964028776978417,-0.1428349968900905,0.7617998783568813,-0.6318695347924671,0.5548769839361155,0.590287023565712,0.5862360979229209,0.8195789750605904,-0.26687483048308136,-0.5070188640408353,147
3254.7233262658615,2882.248826135455,1534.242559631152,642419.4877813895,0.0,1.0,-0.04330699292095079,-0.6431472390380916,0.7645169280544576,0.49976367972802616,0.648663900647717,0.5739960003529571,-0.8650784755089262,0.40693583390280197,0.2933299478351701,148
2156.6834799046437,1892.3036457333408,1012.0846178432071,412852.90145477117,0.002458959428098281,0.9964028776978417,-0.5227503858083687,-0.3630672659296304,0.7713068096079436,0.5469574732245613,0.5511512766388565,0.63013474173637,-0.6538880306451592,0.7512752030180029,-0.08953218811831673,149
2555.274266552294,2053.0095422542977,1152.0704997350285,404226.9720243604,0.0009872670960813046,0.9964028776978417,-0.6467481601234489,-0.15220190834033162,0.7473629616688902,0.5582657580980319,0.5731791558128901,0.5998374768859082,-0.5196692801312806,0.8051709349195262,-0.28573345069951595,150
3660.710313098264,2302.140540474631,1490.7123059711603,434193.587061116,0.0015323984235288922,0.9964028776978417,0.6199708587760517,-0.5608000808920979,0.5487617001394152,0.6017204037835246,0.7886773017327934,0.12617713502085998,-0.5035560444866857,0.251974965032038,0.8264017951686856,151
,,,,,,,,,,,,,,,152
2118.885999316683,1868.9905245191617,972.1420505406868,351044.3493932005,0.007241101046546469,0.9928057553956835,0.5936695033049816,-0.020047863716272922,0.8044591997149577,0.8025488008240601,0.08795075891423455,-0.5900678658444919,-0.058923196972665924,0.9959230628752525,0.06830307234448882,153
2773.3518821467533,2404.641727635051,1294.4978975425697,281900.22626916016,9.59051144011283e-05,0.9964028776978417,0.6385584595964837,-0.28112877961346194,0.716386559722341,0.7691940146095766,0.2039302445183191,-0.6056013732311883,0.024159088694906267,0.9377521339051935,0.3464639574179218,154
3176.880194273388,1422.5824300596387,1149.865136682798,185351.7271970346,0.0020632114656200487,0.9964028776978417,-0.508065319317134,0.7868143729353684,-0.3504179987522069,0.5717071014680848,0.61235596862367,0.5460505084897622,0.644220941477487,0.07709286759026321,-0.7609441952788459,155
2607.663789292607,2140.0068545728486,1186.9171765599494,637935.0289115479,0.0008147644591058036,0.9964028776978417,-0.5878924610515786,0.31811929917076737,0.7437624390447651,0.7592384920346836,0.5342953890373141,0.37159837118368105,-0.2791762283068131,0.783152953610318,-0.555636648179201,156
5015.215160177725,3278.6049992740327,2073.454617560425,631364.158697404,0.0011068140982122706,0.9964028776978417,-0.2514837173277704,0.7234201316174703,-0.6429768682383278,0.536414458706321,0.6571410707641734,0.5295518308963915,0.8056149628760694,-0.21172842578519666,-0.5533132976033666,157
3009.6019762334213,2114.273531532187,1280.9683982320612,506844.48816209903,0.0016993992216981094,0.9964028776978417,0.6790262630450944,-0.43773056596024656,0.589334612693957,-0.6872274565445408,-0.09672597142853448,0.7199739644060248,-0.25815064800680954,-0.8938881574757149,-0.3664999384151869,158
3236.8846742501046,2771.6502917856515,1502.1199564124724,559254.415807269,0.0,1.0,-0.4876029400108577,0.7538301883576438,-0.44043548904856333,0.5010921134354267,0.6547444666060364,0.565876644951525,0.7149475972024699,0.05522436572253353,-0.6969936891285017,159
2754.227304919432,2179.387550481415,1233.3264879173976,302640.37870093295,0.0004352764753345647,0.9964028776978417,-0.5499549529479697,0.606889429405639,-0.5737898310389391,0.8207393714456676,0.2654408518193896,-0.5058933072737448,-0.15471403907521494,-0.7491504352672398,-0.6440785600002054,160
2782.9597774146328,1590.1261617937469,1093.2710743637604,253133.68723443506,0.000687233501838952,0.9964028776978417,-0.5262436088050827,0.7668365402843802,-0.36746344672155523,0.5415307036464918,0.6354040081343111,0.550460028934879,0.6556006110429875,0.09068333326215203,-0.7496428295318558,161
2728.4780111306154,2366.364648269402,1273.7101297533864,533478.8694289796,0.005790405416611451,0.9964028776978417,-0.599162329471731,0.677232689351686,-0.4270367518323122,0.45271647009142824,0.72650090842379,0.5169566981550436,0.6603425631064274,0.11641440861375682,-0.7418863692083468,162
,,,,,,,,,,,,,,,163
2863.3135411453018,2364.4009894711703,1306.9168096999606,341500.7550399758,0.0008450760683416241,0.9964028776978417,0.6582319078004413,-0.49012908755384094,0.5714054891992469,-0.3324729789070536,0.4917270682068681,0.804777117399189,-0.6754202201963317,-0.7197068624977238,0.16071576843490293,164
3035.031655478417,1705.31233990978,1185.0855847140624,249513.98411366998,0.0005199420731657213,0.9964028776978417,-0.5031961958274191,0.6494947750117042,-0.5700439682492128,0.5095645889203454,0.7557658915118889,0.4112928967848572,0.697952375326034,-0.08351319931445303,-0.7112580595796517,165
2024.5065248714532,1867.0496123285477,972.8884583087778,462252.24212524097,0.0011168903849535475,0.9964028776978417,0.6878428997487332,-0.39213798205234207,0.6108190798404803,0.2995562246915553,0.9198642671482039,0.2532109758135303,-0.6611642863266258,0.008805285674798935,0.7501894783522285,166
2237.5175683625744,2072.653693520164,1077.5422966243068,336662.09005600685,0.0005592255280603001,0.9964028776978417,0.7371460800431641,0.04547730488877108,-0.674201358213591,0.6200637152755337,0.3510438983847418,0.7016332164354429,0.2685826607875105,-0.9352539741411938,0.23057180698733365,167
3497.091950773654,2198.3403486586235,1423.8576365257225,214872.4834506614,0.0,1.0,-0.4629747299798296,0.7435222471942379,-0.4825236443194618,0.5151484501473752,0.6687111068558991,0.5361413338647893,0.7213019296458738,-0.0003514182535575838,-0.6926206774233281,168
4042.777517100543,3274.0368343415544,1829.2031054509976,805174.0313559225,0.0018854364227627834,0.9964028776978417,-0.5038750814851112,0.773496899940354,-0.38446384490746943,0.5570225880895782,0.6311563618122208,0.5397846638261866,0.6601785657050379,0.05782899555260432,-0.7488792083220205,169
,,,,,,,,,,,,,,,170
4272.392892014094,2574.1199000319325,1711.6224119663007,281349.5249885311,0.0,1.0,-0.6426544238732811,0.7224229021184969,-0.25514788255204046,0.4645881589832078,0.6322633332676579,0.6200007418849304,0.6092233859666705,0.27990753455375056,-0.7419559542798657,171
3289.6758737354503,2102.008373280474,1347.92061419094,458949.08773336076,0.0,1.0,-0.5033424037398676,0.7746134096673986,-0.3829105511223464,0.45855981158622666,0.6150483486655274,0.641434663860484,0.7323723942062373,0.1472738753725686,-0.6647864934227896,172
2821.5389940424975,2358.3588373741486,1294.9419418534483,398935.9069915816,0.000725924710909777,0.9964028776978417,-0.4698724285630124,-0.3640294976738155,0.8041781057077134,0.591012523706221,0.5469536070001031,0.592913103761403,-0.6556859749138304,0.7538728517548078,-0.04185242750872831,173
3053.4172455003118,2056.3008613781153,1277.4290665876963,446945.6118240699,0.007167649790719199,0.9964028776978417,-0.313686053889718,0.7697584761961686,-0.5559432955969966,0.5252424021979119,0.6284284034230035,0.5737579286638066,0.7910255865194653,-0.1120251315347025,-0.6014390171714574,174
3329.5178655524423,2242.2576639180793,1392.9434485611223,286994.7664640311,0.00431584690606688,0.9964028776978417,0.6188487489395165,-0.5481096447942801,0.5626740115017604,-0.05845761306392732,0.6821944742072098,0.7288301632314738,-0.7833319433106654,-0.4839282143506788,0.39013401536459236,175
3920.485468692209,2464.1132283618267,1596.1491211273628,455955.8419336811,0.0,1.0,-0.2228841931907342,0.696313969123486,-0.6822532468440239,0.5986884192367212,0.6500995981994981,0.46791312130852586,0.7693470043469017,-0.3041666793459603,-0.5617720339053025,176
3094.0699300922374,2004.9395994995036,1274.7517837231424,346065.7075418677,0.004127998201093772,0.9964028776978417,-0.4959436165812986,0.7275852694726679,-0.4739827051893847,0.6365396026627447,0.6758840579059547,0.3714809207893928,0.5906414000171483,-0.11747517148302139,-0.7983372224009211,177
1636.4178852241403,1636.2089636572525,818.1561520894732,262735.6346217813,0.0,1.0,0.789911512878828,-0.08775296508128316,0.6069095640545833,-0.6130273018703186,-0.1378657183785767,0.7779399532467504,0.015405485486616799,-0.9865558579296978,-0.16269668159344727,178
2423.8315939753184,1360.7294932421137,946.1397911879025,164531.13100509555,0.005313659712265994,0.9964028776978417,-0.39195125297463507,0.794386837967998,-0.46402992032283785,0.6755785377045281,0.590901037709202,0.44094172293762335,0.6244740624594629,-0.14066099422865566,-0.7682751004802778,179
3370.9890008366256,2257.6518767047064,1407.1597134342924,393125.30713503936,0.002365923828282923,0.9964028776978417,-0.3779139353225589,0.6717486008207109,-0.6371301866843495,0.6990816783507756,0.6582249469374584,0.27932906440870575,0.6070138915076653,-0.33984369425457556,-0.7183595193161452,180
2634.1651868097942,2614.410828443963,1312.1434888506199,736506.6073015184,0.0018386168528788866,0.9964028776978417,-0.5437176651500323,0.781486612892675,-0.306022506481683,0.5743445732701498,0.6123452158473729,0.5432878130272794,0.6119635706142377,0.11963281530737574,-0.7817855062245043,181
2422.734320928304,1917.887688180462,1085.1549982233744,335833.73090463266,0.0016465737325776963,0.9964028776978417,0.6337578351553896,-0.3598313032725127,0.6847426082582849,0.7262704385244335,-0.02787822828264356,-0.6868435444213973,0.26623721848134063,0.9326007921790684,0.2436667928181703,182
,,,,,,,,,,,,,,,183
2735.1347227190627,1808.7176897533757,1135.9626754187896,607933.9750950338,0.7500032612275406,0.9640287769784173,-0.016572592011882572,0.4440719198183773,0.8958378643609727,0.8179484222856505,0.5213168843836998,-0.2432880690393336,-0.5750528042488126,0.7287172538682566,-0.3718674982305984,184
2006.8054949538368,1868.0352304614491,968.7096641855096,343729.14554615883,0.0020239686180081114,0.9964028776978417,-0.524857632459935,0.752384459942043,-0.3980478489908875,0.5405034172941312,0.6558520977306732,0.5269858459158479,0.6575564778343517,0.06144632080113502,-0.7508953509764766,185
2071.31458869991,2070.573235935941,1035.4641659395827,432824.94570575346,0.0,1.0,0.9035550907458513,-0.010619084361351889,0.42834032384843607,-0.4236729509215085,0.1270597476694837,0.8968595493050336,-0.06394864067920139,-0.9918382204621345,0.1103064630281869,186
3770.159311290656,2595.391268473148,1591.387196196722,420627.4587300248,0.0,1.0,-0.472294589614947,0.7988026746307153,-0.37262864573629373,0.5624438313258816,0.5986137472964578,0.5703670030350247,0.6786713175196901,0.05979856645863857,-0.7320036709099073,187
3157.8380505448645,1840.6228909027518,1249.6148393164863,262207.3893211996,0.004669838287354864,0.9928057553956835,0.6725566824564179,-0.36176437780706105,0.6455958827572301,0.717770147091034,0.10645053448184887,-0.6880946879997288,0.18020411989777751,0.9261721323050046,0.3312576889876954,188
2788.897936493757,1832.1724431529033,1155.2671536926791,535529.2400900525,0.0009157736143039276,0.9964028776978417,-0.5648810301281686,0.7432351172914666,-0.3584842844896815,0.4538202774215005,0.6426531590855085,0.617287674361386,0.6891709349663633,0.1860066599403258,-0.7003177456379587,189
,,,,,,,,,,,,,,,190
2658.3393186051617,1629.845305463186,1072.0452367407154,206424.97971165806,0.0,1.0,-0.5038213241479705,0.7850435993892436,-0.36037566564873164,0.5027427272773528,0.6057459401552412,0.6167022021650095,0.7024342129363539,0.12953147510710974,-0.6998626818548488,191
2936.782043383631,2390.0267739145406,1331.701750607667,629147.312078472,0.0007062983343242839,0.9964028776978417,-0.4463810332435664,0.698632752631788,-0.5591567312574687,0.5302480440916283,0.7098553800237372,0.4636187562948231,0.7208196618415794,-0.08954114362396068,-0.6873146286098563,192
2320.7901073229436,2110.8438002554803,1107.9079235263223,630328.4460212277,0.0044318265677558534,0.9964028776978417,0.8451865523863921,-0.12038690125096756,0.5207366759432204,-0.5043662883749787,0.14272572758583243,0.8516125960998596,-0.17684552246537788,-0.9824135385326714,0.05991077108219351,193
2814.3343846102703,1894.70014530677,1177.2581630770715,234326.36457497487,0.0005371845725024043,0.9964028776978417,0.6228750914835827,-0.525936736614672,0.5791521125649355,-0.327511196347273,0.4970012455857625,0.8035708918031927,-0.7104667738019115,-0.6902030939986503,0.1373195265000345,194
3721.7728832724433,2650.1368032173596,1532.2469314838863,488911.4567935928,0.0011964329052679993,0.9964028776978417,0.5421716650376296,-0.5242435136045247,0.6566723871717972,0.6713795413198603,0.7402084694884191,0.03661875468589897,-0.5052716072841005,0.42102275489716057,0.7532864280812094,195
2810.665317857424,2471.3049000969268,1320.4912756891044,327705.33510010556,0.0013489009811678474,0.9964028776978417,0.6959911020586864,-0.39116070882486176,0.6021542042755883,-0.6533355836467283,0.002946958484332746,0.7570626992374413,-0.29790770549974727,-0.9203176708655133,-0.2535081531165271,196
2347.133032860811,1735.2164236979975,1010.086582446596,260134.35994760902,0.0,1.0,-0.5165548503037949,0.7382095107439791,-0.43384075981258285,0.5946053671687007,0.6738405310119929,0.4386153167636191,0.616129486359644,-0.03139517498932609,-0.7870189318088803,197
3071.4314600123735,1985.8174037433407,1264.3117837201978,345291.6165861386,0.0015378869186323794,0.9964028776978417,-0.5894294013487617,0.6183321373106493,-0.5198445429111331,0.41355393277957514,0.7837646229280334,0.4633423793794654,0.6939352459042467,0.0581238661422494,-0.7176875996396279,198
3199.9224017462807,2330.377157268404,1382.5744308753444,372984.31588409224,0.0009279478215190042,0.9964028776978417,-0.548780548233006,0.6593581897331793,-0.5138936538943307,0.4328587787724621,0.7500287711807196,0.5000901119205943,0.715173536647361,0.05199634634207079,-0.6970101810206084,199
3056.4195781207927,2779.677648056285,1459.0233096089025,374179.64477721165,0.0,1.0,-0.5160987285543319,0.6577360944269972,-0.5486577553197642,0.8042122961473673,0.5925488777488573,-0.04613469631360688,0.2947620822120461,-0.4650473713144608,-0.8347731771706186,200
2233.1327632563343,2233.1327632563343,1116.5657463707057,627178.7953392005,0.20426417973856728,0.9748201438848921,-0.48838272232674973,0.8377917301938719,-0.24410516862916198,0.6029999425572184,0.5262104967023442,0.5995778368454453,0.6307720553486055,0.14562805354405758,-0.7621804800782195,201
4853.209051015973,3074.897564699252,1982.0262245734166,361649.7904565507,0.00039208588026451874,0.9964028776978417,-0.6019493400672155,0.6933336056796391,-0.39616348043189753,0.40588227640048974,0.6929008098264579,0.5959429884190226,0.6876892973549902,0.19793175333207544,-0.6985030073852869,202
1786.0397051628886,1422.8305703629028,802.2169403847889,255530.2757091786,2.7099231642908452,0.9460431654676259,-0.46139777226566064,-0.17059308430009593,0.8706377520744583,0.6617310213688695,0.5874885547233525,0.4657995850440178,-0.5909519025321758,0.7910468997841069,-0.15817917446855934,203
2395.8444061329797,2324.56165904629,1180.100652555921,545534.272824606,0.0007825425374071661,0.9964028776978417,0.5516482307847334,-0.23464188452565485,0.8003920386275233,0.8313661876349648,0.2319876803721477,-0.5049871069768561,-0.06718996598732559,0.9439941219000252,0.32304892243872685,204
,,,,,,,,,,,,,,,205
4342.8056002807125,2260.0823110125325,1650.7215976253053,436669.23186414654,0.0,1.0,-0.5463347807231297,0.6212596085924019,-0.5617426511346858,0.6432827796951992,0.7407488819420149,0.19359328306858295,0.5363819280324678,-0.2555926302405262,-0.804342485914366,206
3271.341209843439,2211.1640138865314,1370.6258729692743,348127.5908845804,0.0008248856719965831,0.9964028776978417,-0.5252599281674315,0.74828800560606,-0.40517535528169757,0.5021461351387388,0.6569745917116466,0.5623465522349567,0.6869870936391544,0.09192087092396628,-0.7208323568360451,207
2628.3035637436046,2036.6316181005116,1166.2333291112782,346376.33796749474,0.0,1.0,0.5337228820568446,-0.44112915705838956,0.7214880123480156,0.845448955131912,0.2593074125174359,-0.46687871024482425,0.018866622254495674,0.8591651369826798,0.5113504844607455,208
2405.7527310901373,1805.420794376008,1052.7928905541883,328357.1257339023,0.0,1.0,-0.5209054643619808,0.7480676499757646,-0.41115968705305495,0.5688345981445514,0.6633390837760762,0.48621853100107426,0.6364626439560738,0.019392034314450718,-0.7710637145227308,209
3453.9731646006853,1970.299697086682,1356.0677886644876,629168.8441941922,0.002085162370774362,0.9964028776978417,0.3843229909332232,0.6617229264398856,0.6437535299040894,-0.5017617312612013,0.7350448273266952,-0.45600906445160805,-0.7749393548413344,-0.14775611812748243,0.6145218676938956,210
2966.936023598539,2415.0105036669624,1345.4861500766679,349813.4023326842,0.0012461726527453504,0.9928057553956835,0.5104366759814074,-0.5664825561393156,0.6469558821147845,0.7708275466869353,0.6348979281611402,-0.05224475174878645,-0.381155208650823,0.5253590528453458,0.7607355470278676,211
3710.7951249027647,2831.351602360142,1635.536240873757,612436.6266098819,0.0,1.0,0.6681035066835468,-0.4420721954773832,0.5985063728507443,0.6919050239667447,0.6649803107794088,-0.28119143672114116,-0.27368803804099007,0.6019745511743227,0.750147650514048,212
2859.723601072631,1518.920898218881,1094.6607140566307,214235.4100262945,0.002711250237400615,0.9964028776978417,-0.3959464991173575,0.814546897961232,-0.42395721583485607,0.6104637098472897,0.5783839255511659,0.5411156009795943,0.6859740729766634,-0.04455766696941901,-0.7262604116417539,213
2737.724797196396,2572.817017868948,1327.6348627096136,506278.49588695704,0.0026076365621030173,0.9964028776978417,0.7864741483829377,-0.17316047361362913,0.5928523123875259,-0.6098085679009471,-0.06549742553365133,0.789837703432205,-0.09793837062116681,-0.9827133547613809,-0.1571067723992302,214
2243.5757767626465,1648.7995171687837,973.0932761624379,250054.3225878975,0.0,1.0,-0.45903590759363516,0.8099076333151368,-0.3651515589964822,0.5744620149756081,0.584116975199972,0.5734115037504911,0.6777015780488133,0.05345076969613402,-0.7333918368301076,215
2948.244800914968,2016.3732250807532,1241.1540464879442,599402.4827720773,0.00044392741227572825,0.9964028776978417,-0.45677681381315105,0.7253449003580097,-0.5150045804527713,0.7053842611451254,0.648068623715859,0.2871238462471862,0.5420221273079646,-0.2321246098104666,-0.8076695976876234,216
,,,,,,,,,,,,,,,217
1916.5204056757984,1909.1170936433227,956.4086713939539,454003.0421217457,0.0,1.0,0.6797050261482146,-0.3473278917829961,0.6460374702897923,0.6941293054594038,0.5892253738394019,-0.4135190033435743,-0.23703498630223496,0.7295044855334315,0.6415899164227122,218
2130.583926714847,1877.1568407949605,1001.9346726989478,371191.6715608477,0.0,1.0,-0.32786693675169737,0.7640884382961798,-0.555582694337363,0.5439369944622852,0.6335114661268535,0.5502688146180378,0.7724220464489568,-0.12178703029432,-0.6233234324262934,219
2316.4565660561957,1918.0927885562887,1058.6368362345672,496809.2336951442,0.0005416054327487401,0.9964028776978417,0.7801569330306081,-0.1347474080366455,0.6108995792040465,-0.6147497238516353,0.015821293984895464,0.7885635444788085,-0.11592211552854562,-0.9907536639771005,-0.0704928396884198,220
2541.9851616800825,1700.5309158899802,1060.6251473382526,224308.51247207457,0.0039843978400055284,0.9964028776978417,-0.4168773247426894,0.7866428607943775,-0.45541882446448767,0.5939040791482039,0.6150203201678646,0.5186790438717774,0.6881069981380091,-0.05424956536097644,-0.7235784295925651,221
3657.4670869958904,1838.7717862420916,1374.0592941085122,354129.4787983661,0.0005196387877434935,0.9964028776978417,-0.40973625975354616,0.7793270605205921,-0.47409443171535764,0.5496608281307944,0.6257050795449308,0.5535035026539952,0.7280035518194564,-0.03380068301092687,-0.6847396164720214,222
3222.1090508490265,2125.135316993146,1336.810657327648,355865.59031418303,0.0012767734829489351,0.9964028776978417,0.6677971238994292,-0.5590777213497753,0.4914052327783997,0.4781072126701453,0.8281680920489835,0.2924912041493401,-0.5704914499836389,0.039619601238394475,0.8203473609961063,223
3368.5877777786814,2431.9914225031266,1450.1442330753932,263786.47483886656,0.0004742913626480829,0.9964028776978417,-0.5883419614554594,0.5999759327337043,-0.5421094138004472,0.41363897358524854,0.7993716914575204,0.43578400432747055,0.6948068335315112,0.03215243438162069,-0.7184773378759074,224
2238.0799407297436,2089.0239991109675,1081.7754178595844,656195.0337768719,0.0002052796164643349,0.9964028776978417,-0.009202682756849191,-0.4862864583243818,0.8737509891727769,0.630852567707015,0.6751321095397481,0.3823894251752727,-0.7758481478018381,0.5547270636256526,0.30056203425202993,225
2396.1031934239154,2396.1031934239154,1198.0509036025244,573188.1058924968,0.23210807670646935,0.9892086330935251,0.8290691449623154,0.08750407414749448,0.5522566340742725,-0.5543807243637429,-3.328785828460599e-05,0.8322631863454314,0.07284480300877244,-0.9961641611197967,0.048482974074461005,226
1842.4871698563397,1529.2386245112598,842.930902514067,421080.84445764415,0.0,1.0,0.7003510959007736,-0.5660472406101669,0.4348549917710517,0.33308758963747404,0.7979806732448878,0.5022743301793686,-0.6313168777247155,-0.2069235765331046,0.747409950010478,227
2733.403667603151,2115.804020345501,1212.2996151275888,297128.37229157105,0.0025670180828937955,0.9964028776978417,-0.6037578239062117,0.6244977329211824,-0.49545844593501437,0.5985337514126475,0.765643001889765,0.235686533508244,0.5265299977132729,-0.15425101371962868,-0.836045923543993,228
3668.911008558819,2515.5974243970068,1546.1255035430224,510337.92242977064,0.00044012038583262367,0.9964028776978417,-0.25032343769573834,0.7501888163755734,-0.6120089185013597,0.543869869562729,0.6319282851879371,0.5521523407188034,0.8009642573311296,-0.1946365386160819,-0.5661915544350186,229
2665.9306545409736,2447.5858383908117,1278.3782807952011,414686.6609702224,7.865573659203984e-05,0.9964028776978417,0.7392999579212701,-0.4611920638980551,0.4906500304851315,-0.5490458725400289,0.00899438669367685,0.8357438189150805,-0.38985151284093605,-0.8872547442563814,-0.2465660494272815,230
2756.519494472457,1692.8305602446835,1083.2890320956242,295491.41458118835,0.004237386377993629,0.9928057553956835,-0.40954184052442366,0.7537318770977235,-0.5139686160716527,0.5397109836749667,0.6543914937983556,0.5296072383804402,0.735518548345633,-0.0604981841967103,-0.674798069609297,231
3134.3610632902087,2384.660316754643,1379.7548390219956,585928.8366893711,0.0006291909650404325,0.9964028776978417,0.606971588135786,-0.5455934641504966,0.5778522848204224,0.5998675441622434,0.7914704190535421,0.11719003892809957,-0.5212911093205799,0.2755038069418848,0.8076838686663539,232
3254.052322741931,2249.1545689649065,1375.8011809821382,290630.66159829916,0.0,1.0,-0.4551628938814104,0.7942843754173017,-0.40241653917482917,0.5172474364391673,0.6037341370456882,0.6065972150140552,0.7247632920689413,0.06795162053729936,-0.6856389339409958,233
2574.1006333001847,2056.2941663520282,1157.5981772188761,533048.720523061,0.0007047407154480745,0.9964028776978417,-0.6812974872364193,0.1609972316500114,0.714082365897922,0.6701156064056415,0.5297521922621453,0.5199112316973451,-0.29458242978314336,0.8327319533886541,-0.46880559496296104,234
2676.1658137632644,2130.3782139746872,1201.6355254541934,249683.22019223697,0.0019830941649902007,0.9964028776978417,0.5058810239269224,-0.5955175606128248,0.6240538635665989,0.6555118307928816,0.7356551003348992,0.17063356364389157,-0.5607036911963513,0.3227544087274408,0.7625227618411052,235
2796.3286206168295,1757.4946457563685,1138.4553727944951,396777.8182239579,0.0018235420261034931,0.9964028776978417,-0.5906975549163167,0.6698774122912698,-0.4498229108414077,0.4202730694567883,0.7313096353382099,0.5371747986929991,0.688801092990752,0.12825938469931358,-0.7135142497044462,236
3842.0834397365907,2829.3165324400443,1667.849498222163,305048.13058214233,0.0006670107285516183,0.9964028776978417,-0.5302835175553747,0.6105015031514799,-0.5882918541496917,0.31674784050602656,0.7863017606357547,0.5304718152323278,0.7864287612644054,0.0949602857561824,-0.6103378962388267,237
2655.057885849916,2028.6357695370295,1170.9229417634135,433002.0656000634,8.919800723138697e-05,0.9964028776978417,0.7763708146910925,0.5973807455379624,0.2009592071948871,-0.4515424209856999,0.7496245496260736,-0.48391370785324866,-0.43972468676009346,0.2849548726700678,0.851729370396092,238
2147.1193047441043,1086.1495918822463,808.316756661058,133701.87710450022,0.0002985149753241121,0.9964028776978417,-0.5348565739513096,0.7802600015227709,-0.3242264260123672,0.5271671488131896,0.6080365107941557,0.5936214271347027,0.6603205604198917,0.14658080217052386,-0.7365397653364046,239
,,,,,,,,,,,,,,,240
2692.500393239665,2244.1523779896534,1234.1626894409944,289685.17387632,0.0003680114459995644,0.9964028776978417,0.6901263821348546,-0.3970988324253729,0.6050108213642648,-0.6322526919809816,0.07592353913609846,0.7710331702902616,-0.3521109344571095,-0.9146300528035666,-0.19866996840057702,241
3569.995706814488,2122.3010946107283,1423.073761310003,362755.4650288848,0.0011615591088787126,0.9964028776978417,-0.48688110335126,0.7525988751533789,-0.44333026551018206,0.5153436120383316,0.6573079257972354,0.5498793069532819,0.705243045148795,0.0392584233255103,-0.7078778308912137,242
2607.5937738203597,1912.0878211843522,1129.9199651667032,261545.69997328438,0.00045625078242907124,0.9964028776978417,0.6934563192751404,-0.5514321809664577,0.4637250080079254,0.16614014786903808,0.7486543760413406,0.6418053260142091,-0.7010818672048429,-0.3680206176679874,0.6107741321043684,243
2911.6903386611975,2165.9168971993736,1269.4007568894478,617157.0497853234,0.0016704068714758994,0.9964028776978417,0.6063599984274853,-0.39057642698645034,0.6926598061021861,0.7540106654066541,0.005727888083280782,-0.6568372003404802,0.2525776489716277,0.9205526850651209,0.2979719538133778,244
2847.793451082098,1811.7309475141417,1161.5996691456492,275971.0392552983,0.003716720514303869,0.9964028776978417,-0.4284331262183862,0.7109303389957814,-0.5576944588698042,0.5054123788718607,0.7001764808252937,0.5042927948941903,0.7490015912144827,-0.06580994449511743,-0.6592917924286048,245
2917.621759739968,2102.069060871343,1254.9222745764096,488151.9849534009,0.0,1.0,-0.28889378380216746,0.7053486956567355,-0.6473203219549102,0.6637025735797906,0.6348501262079265,0.39555557267891284,0.6899559953388545,-0.3153546175167281,-0.6515459996860152,246
2039.6332069679909,1861.260305328256,975.2210129223142,377592.85325410793,0.0,1.0,0.7412725259358156,-0.5077637803492484,0.43896581376933663,-0.21297900287071794,0.4422629869845206,0.8712309651749784,-0.6365178604162891,-0.7393100795396815,0.21969437785728518,247
3005.216213401098,2079.2896361485073,1271.1249565640421,375998.5365537747,0.00302501704953187,0.9964028776978417,-0.5138114628433218,0.6450291097711248,-0.5656281713269559,0.42204117050062007,0.7640638986137261,0.48794221915884695,0.7469130009936047,0.011991929914070165,-0.6648136299472687,248
2254.4169564856393,2145.342491519375,1099.9393565124408,371538.31362937874,0.005912010838227052,0.9964028776978417,0.4144303551890287,-0.5413018403098533,0.7316008463466002,0.8107508215299675,-0.1456013590247134,-0.5669950172961306,0.41343752380060805,0.8281259336159704,0.3785192887902796,249
2532.110034252175,2194.9741608386894,1181.7705272370938,419044.39767350856,0.00025432340141470024,0.9964028776978417,0.7911783901382036,-0.19598879480047574,0.579331638434306,-0.5814631624373553,0.05256664433361328,0.8118727354899,-0.18957147914881653,-0.9791961704460247,-0.07237067138813486,250
2475.0547926535974,1651.368023990583,1031.6052045938181,314328.31179532537,0.00070460675958103,0.9964028776978417,0.7121874677219713,-0.7008844035434838,0.03937084821617495,0.5853923296582255,0.6239154223504947,0.5177309785308576,-0.38743364747667636,-0.3456741220032227,0.8546370985279188,251
4176.668121970459,3200.340647808469,1844.250033033484,472498.1200936356,1.1631562179021452e-05,0.9964028776978417,-0.4589478350448362,0.7706122252176213,-0.44218060004120946,0.5228692260804855,0.6366469165605986,0.5668231435393906,0.7183137595268883,0.02893962644935985,-0.6951171418511557,252
3813.5602484479227,2475.295463154944,1572.213515275639,420580.5120074957,0.0020097404231011204,0.9964028776978417,-0.5804108398270119,0.6118542623593075,-0.5373617204863503,0.479051106201794,0.7901715138990394,0.3822813313115588,0.6585083861714598,-0.03554349807275531,-0.7517335732070318,253
2615.801523405765,1909.6579648550482,1131.3643782130384,306197.89327888534,0.001022675783610762,0.9964028776978417,-0.5488401556268675,0.7165549329964649,-0.430492173645361,0.44362830091280453,0.6861585261450962,0.5765244206688971,0.708497293008727,0.12544124121205558,-0.6944753997100868,254
2392.8852671673444,2392.8852671673444,1196.4421161065738,711411.8373923394,5.598308686213358,0.9424460431654677,0.2686287294119121,-0.4593981638114686,0.8466356552975978,0.6872161940310813,0.707293063991401,0.16574204141101678,-0.674961116210391,0.5372986587702476,0.5057050947812529,255
2560.620506579058,2158.9213370838706,1179.8816147657365,301128.6199824191,0.001192250372979195,0.9964028776978417,0.664568321141757,-0.17403911571675984,0.7266769108313231,0.7356122259815381,-0.01842321419696574,-0.6771523005684461,0.13123871197673678,0.984566387492068,0.11578181679135167,256
3224.66244889642,2322.3890494873526,1386.746183855935,566676.8232305406,0.0019279177013424493,0.9964028776978417,0.547416801701346,-0.5705906046630101,0.6121774310486869,0.47795023714373985,0.8136431145894799,0.33098104612707574,-0.686948626921484,0.11140576264911589,0.7181158263255705,257
2582.1416898516763,2378.77912763142,1240.2296871330839,576299.2322622301,0.0007233162671081528,0.9964028776978417,0.2580449869708517,-0.6215430612020859,0.7396600623061604,0.9463034305689547,0.3169158072428217,-0.06382936951794295,-0.19473726400625124,0.7164137032407817,0.6699468664126946,258
2871.6963240328905,1981.3936083464862,1213.2720371690352,437252.5206041688,0.0017388198122335102,0.9928057553956835,0.6487589005153513,0.3417190261653677,0.6799558780970316,-0.6143977518421971,-0.29202000361967884,0.7329663839612406,0.4490292769223032,-0.8932818282281105,0.0205008249609151,259
2588.258393697266,1505.6186894182154,1023.4688433402316,348002.5339364943,0.002166480338399344,0.9964028776978417,-0.6464726277984766,0.6735795667920075,-0.3582788142042786,0.4862979868834224,0.7256460140475006,0.4867772901955321,0.5878668296990937,0.14045792785480685,-0.796670672889539,260
1943.80265228516,1827.25136789834,942.7629109038304,459743.8540225686,0.0,1.0,-0.5522617697381941,0.7067227305094111,-0.4422102665779709,0.4994396504630329,0.7051845803636525,0.5032640888864444,0.6675080323344442,0.05707617540324117,-0.742411837843617,261
2498.137482447054,2475.2382101544354,1243.3431578399095,313082.14337364683,0.001520549113135782,0.9964028776978417,0.4681063787583353,-0.6009677025724856,0.6478535626439871,0.8134188554547278,0.5795112845035584,-0.050164097956173236,-0.34529144755768093,0.5504584376660824,0.7601113896303205,262
1657.5163344908851,1320.894693738075,744.587040119555,156320.27051947094,0.0011390840520816962,0.9964028776978417,-0.5514245067555644,0.7740414833572263,-0.31111219100435,0.5887032334253952,0.6252940018739672,0.5122849931189902,0.5910664229203577,0.09933374684659693,-0.8004831606183538,263
2791.528886554958,1881.4020688430403,1168.2323032504303,382217.260076088,0.0020690548965686087,0.9964028776978417,0.6469475066158968,0.2576500372807295,0.7176875239076632,0.7404677692985602,0.012515186375393771,-0.6719753364075229,-0.1821164635981283,0.9661572482775399,-0.1826848797445584,264
2826.249086959283,2465.867838169495,1323.028639679111,411595.85351938364,0.00015491149786076716,0.9964028776978417,0.7738132363890867,-0.02850726385428031,0.6327720056201837,-0.6333997229939667,-0.028158935200117884,0.7733122689312266,-0.004226830989467269,-0.9991968826392214,-0.039846249809090864,265
3218.992704981574,1848.9137773732787,1266.9761955009405,618923.6711582534,0.0,1.0,0.6089562938988987,0.5830010201862555,0.5378494608928258,-0.6792390158603797,0.03308973945893907,0.7331708044347937,0.4096420284271879,-0.811797314361365,0.41614724430390526,266
3699.205042696397,3183.772825885187,1720.7439490816369,437126.30950173363,0.00563094336380205,0.9964028776978417,-0.548185895038847,0.6021258819863359,-0.5804624421292348,0.35871514018826217,0.796229822514534,0.4871770909414656,0.755523442839581,0.05884294333775958,-0.6524736280794616,267
2430.787897621456,2188.0755825171063,1154.7153183641071,431640.3723691955,0.0,1.0,0.7322418496089024,-0.017932873675040154,0.6808085529156406,-0.6800881918140467,0.033708403278473256,0.7323549650978795,-0.036082198331502925,-0.99927081193747,0.012486767932304268,268
2549.3973203714895,2292.5131872242014,1210.4771174271866,425534.47357878723,0.0008059173560765727,0.9964028776978417,-0.5448105448023514,0.7719583330485162,-0.32750847669811717,0.5753712569218252,0.6282482774851932,0.52369076614457,0.6100240872132542,0.09687328772083598,-0.7864389227052486,269
3194.349437347885,2022.144336957894,1304.1213307110838,589117.7138892132,0.003136847093983071,0.9964028776978417,-0.43666665297233226,0.6832194309020689,-0.5852635674803224,0.5359313300837037,0.7200841671787631,0.4407452797401002,0.7225647677659441,-0.12120231605179885,-0.6805954414826967,270
2783.933220010514,2783.2325590882456,1391.7870905843602,491308.9625463814,0.0,1.0,0.2790494150429095,0.6406875523115386,0.7152977591725418,-0.5607344849839883,0.7134178841069636,-0.42025201960976283,-0.7795564516530868,-0.2838210403571104,0.5583344479222611,271
,,,,,,,,,,,,,,,272
2492.6882904115,2266.0500035340024,1189.6840516383768,427544.155171409,0.0027407762236696235,0.9964028776978417,-0.5259814190969798,0.784209036319546,-0.32918039753225947,0.5485131424942521,0.6085791014179694,0.5733801616976097,0.6499822145842205,0.12102753683383771,-0.7502502622806115,273
2033.6186300575962,1775.6291299818513,952.3114377661752,325866.60616057616,0.001616443614642659,0.9964028776978417,0.636744385906484,-0.3635939798793786,0.6799676498275847,0.7669244320047252,0.20726092283116943,-0.6073465447842789,0.0798968247854985,0.9082083063166988,0.410821335529874,274
3000.8352962417493,1652.0657942845585,1163.2248574382454,217915.74591031752,0.0,1.0,-0.3676262628918676,0.7832930862988228,-0.5013011787225564,0.6286750813110918,0.6065415310832637,0.48669807191898995,0.6852872193253362,-0.13623256595849367,-0.7154174410801802,275
2601.42130056595,2344.7462145667087,1236.5413562377737,665160.835757952,0.0013899744214682741,0.9964028776978417,0.6954221687254044,0.27199452645798555,0.6651368166190706,-0.6968695523095565,0.029351559762055064,0.7165970366973429,0.17538766863475175,-0.9618510609841997,0.20995642922862784,276
2742.107694805758,2343.8294553247792,1271.4837870533631,635856.8679717461,0.009570665519182304,0.9928057553956835,0.4037438645304888,0.2216677850427277,0.8876115619617837,0.761012868635966,0.45712751842455945,-0.46031928665814364,-0.5077896273304964,0.8613349087162643,0.015870393892416984,277
2497.241632899938,2340.3572275621,1209.397886230394,510931.0416551747,0.00396662608414011,0.9964028776978417,0.5908504860172816,-0.4982433361966399,0.6345465161111392,0.4252416297180956,0.8607202575599742,0.2798753197060968,-0.6856130537904309,0.10447112597045125,0.7204307907846708,278
3494.0717981005,3491.856109187898,1743.5293876454268,463554.29724112066,0.003149107991743078,0.9964028776978417,-0.45208485599203074,0.6965145147714358,-0.5572134363916363,0.5257988687016708,0.7127166721424049,0.464295697721074,0.7205239986667397,-0.08308114083814161,-0.6884349579897326,279
2827.4058784729136,1946.452243116326,1193.4640716107851,467233.4727023916,0.0,1.0,0.645375491385257,-0.44968174437299524,0.6174761565412048,0.7584480916430754,0.2811308707801701,-0.587981229102903,0.09081281518714965,0.847792287221371,0.5224952347397449,280
,,,,,,,,,,,,,,,281
3056.6047545765814,1881.9881604747277,1234.646514691256,271329.9670582834,0.0009678619625329321,0.9964028776978417,-0.3995175860991969,0.7828026158000079,-0.4770804576736884,0.5627049968305693,0.6202482349882151,0.5464935622090281,0.7237049018345666,-0.05012176863069717,-0.688287021067484,282
3301.904179566615,2033.3606134992738,1333.815760046006,620168.0060653829,0.002993826972337546,0.9964028776978417,-0.6165576240747644,0.6617388122932567,-0.4265658688877853,0.5886465633036638,0.747252693306637,0.30839688042644464,0.5228306797674244,-0.060952084875638135,-0.8502546228296826,283
3194.3099112163422,2646.3448143256683,1460.1632015453104,470633.7361006984,0.00102773600884606,0.9964028776978417,0.7228837481565628,0.16437876420953262,0.6711324075978347,-0.6604601651949406,-0.12105558758212967,0.7410384031248428,0.20305530488463236,-0.9789408391685843,0.021056508877703148,284
,,,,,,,,,,,,,,,285
2718.583619863159,2272.702235758318,1247.8209721741139,459081.52813656384,0.00034306440693370296,0.9964028776978417,0.6175066076876218,-0.5159937487982917,0.5936632384300135,-0.6169924029122539,0.15036987539630897,0.7724695950792247,-0.487858549387718,-0.8432907871988071,-0.2255098313043748,286
2325.755341983959,1329.8442740677156,913.8995056253974,180490.82913335293,0.00032194381983192516,0.9964028776978417,-0.4467646844080265,0.7382551434081328,-0.5053520159227959,0.5388531886847293,0.6729563329426201,0.5067218319716655,0.714169838210839,-0.045925125844776454,-0.698464261795867,287
3971.318678641977,2088.4173265053123,1514.9335280691466,507888.36517492944,0.004001111963320512,0.9964028776978417,-0.37627430455664,0.7373037112289252,-0.5610711943581408,0.5143480144267121,0.6699193310650831,0.5354009805002325,0.7706255691227197,-0.08712822317346541,-0.6313041303056073,288
,,,,,,,,,,,,,,,289
2505.2186093049954,2488.218594654289,1248.3588023600896,455351.04679668864,0.0005570110635321874,0.9964028776978417,-0.35080508253706455,0.752609207542113,-0.5572388848501116,0.5348875253905395,0.6494719745405578,0.540445639697439,0.7686554034466604,-0.1084690509280033,-0.6303993462425465,290
3489.3553112494064,2128.9679346171324,1404.5803386028565,498386.94387820194,0.0,1.0,-0.4817404877226912,0.7448502235571389,-0.4616538172219351,0.5093502636869764,0.6666854855040221,0.5441440731095709,0.7130837337723469,0.026992737637124564,-0.7005590487204788,291
2737.72713160644,2438.3980447516765,1294.0307490064677,259285.37443639166,0.004926753627646454,0.9928057553956835,0.6105498456578049,-0.23961793968614364,0.7548590126293772,0.7882892434625481,0.2757483899064252,-0.5500571734876817,-0.07634759071820266,0.9308845623623703,0.3572463812930008,292
3046.664220918877,2330.8241135013245,1344.3716356342463,406355.6438563828,0.0,1.0,-0.2320869606632777,0.7098186030868705,-0.665051271258003,0.5412821598651183,0.6623251617512784,0.5180144819625176,0.8081765067742533,-0.2397559818293315,-0.5379291803529703,293
2717.961461061279,1676.3445068201822,1098.5760640530054,456692.6384949921,0.0,1.0,-0.5471411376907236,0.6894220891010876,-0.4746933310106564,0.6088610729947274,0.7169604018360849,0.3394937053772118,0.5743907809481363,-0.10327131866366257,-0.8120408028561485,294
2694.558927304705,2104.5026233813082,1199.7613595252678,453282.5360718659,0.001557532220809747,0.9964028776978417,0.6733132994504637,-0.5716992160578073,0.46883814599712215,0.2393446652678912,0.7685093234701099,0.5933865105875893,-0.6995450893194315,-0.2873211201746273,0.6542807057453751,295
,,,,,,,,,,,,,,,296
2637.0794977101286,1782.3784979192942,1074.0431179746076,320276.2404431149,0.0038266850858691623,0.9928057553956835,-0.37923527245811145,0.7301390991050553,-0.5683990711477988,0.5138964307282177,0.6770343818035788,0.5268158163349351,0.7694745392853621,-0.09231111424906652,-0.6319711952119935,297
3348.8061805400357,2448.6076613540645,1449.3530023751625,331102.7592428559,0.0021106171754165836,0.9964028776978417,0.5903462890652071,-0.4843049193632497,0.6457089158959283,0.8004648550911037,0.4540337721272964,-0.39129189811678533,-0.10366906361551284,0.7478650137881933,0.6557062195836396,298
3401.774666239317,2169.714880322223,1392.8719392885712,521593.80422857846,0.0009128260257873571,0.9964028776978417,-0.5597227762618213,0.7724450422245112,-0.3000651103952813,0.5482214222903927,0.6166980741645378,0.5649219038625155,0.6214206995873715,0.15169753480041612,-0.7686508778761776,299
2129.3335448679763,1785.5096506855016,978.7102376481006,258367.90712940585,0.0023244981537696484,0.9964028776978417,-0.409410958062995,0.728427121717341,-0.5493419661417928,0.5302855460619663,0.6799572518455773,0.5064142329164656,0.7424149157012557,-0.08397656821518792,-0.6646563239262056,300
2374.8489003588907,2119.2920220922792,1123.534529206288,643885.6839130925,0.002435345197996476,0.9964028776978417,-0.5820814049587764,0.714476182997492,-0.3882074470312895,0.40954421724438295,0.6700494250009431,0.6191181649552783,0.7024633599860585,0.2013890562697981,-0.6826328998018316,301
3243.2709994722095,2582.0445220147885,1456.3261364087614,644302.7978607584,0.00013066806009194592,0.9964028776978417,-0.561281203588752,0.7182666747741195,-0.41116468039812354,0.441403961559759,0.6800422930588985,0.5854101317628062,0.700089960803119,0.14708998456769384,-0.6987407124410048,302
,,,,,,,,,,,,,,,303
3513.214504512269,3240.5064087451133,1688.4296951796293,681338.8080737214,0.0012182347363962655,0.9964028776978417,0.5925586326974528,-0.31657559096861326,0.7407119291726024,-0.3512825160606142,0.7259380195896612,0.591282153987726,-0.7248964482778554,-0.6105684948612349,0.318953370192316,304
2832.704322409415,1933.7074347497437,1191.6003810174918,248876.62957232975,0.0,1.0,-0.41089746815359035,0.7877714807611254,-0.4588892728800632,0.5875538160620764,0.6136910101778085,0.5274124166701356,0.6970966818855624,-0.05290971674810746,-0.7150222220167526,305
2418.049954123845,1978.5411279282168,1096.8592843974948,579021.7019358436,0.0,1.0,-0.5317894053137746,0.6403266274548975,-0.554239874574411,0.6153931105375905,0.7417872065400357,0.26653903976040594,0.5818000927284996,-0.19933276295122,-0.788527172464806,306
2909.182621303814,2241.8040062523173,1287.746214109103,314228.8218085739,0.0035406501645098656,0.9964028776978417,0.47006245452729156,-0.5805836735679512,0.664803645319519,0.5447872028042696,0.7834566145314388,0.29900273712398734,-0.6944409208165067,0.22162655782482252,0.6845680947592014,307
2829.9348162938572,2185.766533761862,1253.9239765632499,383946.75331004447,0.0,1.0,-0.5484972151150606,0.7253232643067629,-0.4160011625781891,0.5835961340184973,0.6883776680590853,0.43075716880418835,0.5988041060060354,-0.006507562747886192,-0.8008690868409114,308
2187.151792526607,1941.088495558891,1032.0595362564316,381582.8947102619,0.004969357658467017,0.9928057553956835,0.6631432620763928,-0.0774674705598417,0.7444728369576291,0.7484313144443724,0.08134518769126492,-0.6582047766451881,-0.009569823496258519,0.9936708466310828,0.11192259393758491,309
3119.907796324854,2673.889237728455,1448.448363912824,359513.6787383472,0.0016182641329960262,0.9964028776978417,0.627994690141758,-0.5416197625578386,0.5588118663383482,0.7395557457665795,0.19183892710547895,-0.6451783667720556,0.24223948492637587,0.8184411150802537,0.5210318350051125,310
2858.3171992017215,2201.0622230937547,1264.8443694073346,238322.06401764377,0.0,1.0,-0.44022942587517694,0.6799062444068625,-0.5864516616142951,0.5094362441017464,0.7269782272068812,0.4604100024572077,0.7393732249609244,-0.09607370079108946,-0.6664060910789953,311
,,,,,,,,,,,,,,,312
2397.4776205278295,1467.6191954567564,966.2737395524224,230506.6375330851,0.000508624949324527,0.9964028776978417,0.6100816888994505,-0.5139645909291549,0.6030263113170277,0.7304731833630005,0.07001813450675651,-0.6793426154950961,0.30693527209677035,0.8549490394820152,0.418154132625353,313
3803.6676353051653,2928.185190486587,1682.962736198125,353874.225701738,0.002091871360591016,0.9964028776978417,-0.5739425449807763,0.6997187554930057,-0.4254216946422797,0.6374996767260791,0.7078553096251868,0.3041956982101747,0.513988440760232,-0.09661533960376217,-0.8523387583104006,314
2103.3856069987182,1646.1446558586565,937.3820419584097,328297.4529716158,0.00261552345583992,0.9964028776978417,-0.6476582047957112,0.73678852356082,-0.19411728750903084,0.5755405613705249,0.6400289049105596,0.5090344419548551,0.4992914098781369,0.21795796023099698,-0.8385716520332926,315
2769.5343666593676,2313.407588023732,1270.7349932783093,656092.1987759351,0.0,1.0,0.2030174667639078,-0.5778571152883716,0.7904840684665106,0.3790652334063379,0.7907298529860498,0.4806826899517589,-0.9028252638309167,0.20205804588598245,0.37957751393012473,316
3099.68421980971,1741.8887441100478,1210.3928452456173,439722.3381576181,0.0,1.0,-0.05882238788992235,-0.6280311790526554,0.7759618320643477,0.6344734024259039,0.5765924192906117,0.5147666302614189,-0.7707032037671988,0.5226069461405299,0.3645525360611892,317
3097.7140758653545,1898.989378939775,1249.1754560671448,411260.6949603773,0.003251534539546267,0.9964028776978417,-0.5290789188907331,0.760180234270367,-0.37709615353390075,0.5005498309160747,0.6384224116231008,0.5846936728811363,0.6852192089800915,0.12059368043970733,-0.718283927066939,318
2670.958609706646,1825.6434050680825,1124.1500826718648,407608.9522065084,0.0006561230362088898,0.9964028776978417,0.6489727875881831,-0.35811995720325845,0.6712558507921993,-0.5822914905230105,0.33404976945682496,0.7411797161217601,-0.4896641104211271,-0.8718720363554382,0.008259006411663494,319
2518.8464672403993,1969.0962566666676,1121.9852274634231,368500.5647809638,0.0037404194820238657,0.9964028776978417,-0.45940418737648414,0.7737800218515241,-0.4361333172372952,0.5654981743665379,0.6334418394374172,0.528169717835332,0.6849522665186714,-0.003989214659104984,-0.7285770232153487,320
2797.919663864122,1652.3844764121473,1112.5756138610113,288588.8459412687,0.0027922555844577843,0.9964028776978417,-0.5384554394610209,0.6700683248158865,-0.5109541856108731,0.46831754758481803,0.7420571945097386,0.47961421444790153,0.7005315227304054,0.01896207147881515,-0.7133694873669968,321
3522.810538386774,2088.772810829114,1402.8954054623248,368189.1947364493,0.001943195195646717,0.9964028776978417,0.4728423565306558,-0.5862813981415675,0.6577949741855019,0.5510091852129683,0.7792909268312228,0.298487067005381,-0.6876110700690307,0.2213137446063908,0.6915281937613393,322
2731.7488218926314,1922.1227233876255,1163.467395467924,301133.74127947725,0.0,1.0,-0.5549940019008547,0.7208270600784908,-0.41519875639586645,0.48404903548079925,0.685763852754996,0.5435296399505111,0.67651917127616,0.1006791324616183,-0.7295104681788973,323
2353.3926348414734,2062.557839889269,1103.9870753649936,418238.78204556275,0.002923789582759737,0.9964028776978417,0.7211453529504716,-0.4202295837155398,0.5507780650027777,-0.6115785402227064,-0.012674741489190133,0.7910821955190533,-0.32545517211592045,-0.9073292940815073,-0.26614372629192345,324
3705.7431207847458,2538.1750973161625,1560.9791259139624,386528.50117541186,0.005146112208779765,0.9964028776978417,-0.5441927654525809,0.7555832834071721,-0.3646205368115042,0.5058524250665007,0.6422349680191473,0.5758885047539889,0.6693037860967265,0.1289501752192763,-0.7317132595679168,325
3263.6662457230464,1859.4862200516804,1280.7877075616595,449026.11433243717,0.00161990541043209,0.9964028776978417,0.6347502996504942,-0.49415467354207304,0.5940565761862544,-0.6909553688781173,-0.01879436399063217,0.7226530634410211,-0.3459374731250036,-0.8691708292957805,-0.3533685529149029,326
2390.7916917989833,1776.1669573062438,1038.850172235763,308266.6438761851,0.007382012713088246,0.9928057553956835,-0.5692524242795245,0.5945558284202522,-0.5678512519519455,0.4906967402688542,0.7998701469739321,0.34557843837459096,0.659672939070116,-0.0819213944669393,-0.7470746271873964,327
2850.73601598042,1860.7884127832763,1177.880693908733,413897.909825846,0.0030278006379696435,0.9964028776978417,0.6343052760970637,-0.48259949724889023,0.6039491220049468,-0.5567341589792383,0.2568724067905189,0.7899769888138048,-0.5363803621881658,-0.837325678505541,-0.10574410231368675,328
2951.370200280506,1371.4182112639373,1080.6965489960821,244487.0634467976,0.003098431043856959,0.9964028776978417,0.7475788993535781,-0.6618935139580532,0.05497968189752522,0.4972621542545759,0.6126622884462554,0.6143087743650549,-0.440290971049136,-0.4319049623424786,0.7871479939100088,329
2498.989546084995,2202.352415393717,1175.3349375809378,753993.3472654234,0.0006360584703846119,0.9964028776978417,0.7976610259999342,-0.5795498763186123,0.1669096416023156,0.45692163250443846,0.7613512318272591,0.45996404592597706,-0.39364896716517783,-0.29063076687473494,0.8721090803308909,330
4029.3653913106195,2907.3052095952225,1718.4866671128364,815114.3932049307,0.01166741346857115,0.9964028776978417,-0.4017590884665947,0.7840853098290124,-0.4730749007766453,0.5788158541108536,0.6177498169050483,0.532313226158906,0.7096209141960335,-0.05996157623112694,-0.702027611644631,331
2846.344608039138,1996.5879036633314,1210.7327025370328,254972.69245995607,0.0013682549223380416,0.9964028776978417,0.5270097474689974,-0.5834038960805483,0.6179810839424622,0.5326735628056847,0.793352930745281,0.29470324525829644,-0.6622081255621695,0.1738707028682814,0.7288685595658027,332
,,,,,,,,,,,,,,,333
3070.916463746972,2372.927395413369,1360.9604915890504,510314.8150578095,0.0009007660489289764,0.9964028776978417,0.704970996238303,-0.571056322121269,0.4206073839438677,0.2647026043917313,0.7620398646816442,0.5909549694047898,-0.6579881653122717,-0.3052702435569358,0.6883760982977836,334
2431.0795691990097,1763.6461684840374,1048.680961785554,265490.20794575237,0.0013993907125071626,0.9964028776978417,-0.49539611009908907,0.7796337582115751,-0.38308471276675404,0.5405951227251361,0.6218977933014722,0.56656866130466,0.6799555922150258,0.07358218360210991,-0.7295519548818021,335
,,,,,,,,,,,,,,,336
3425.958049285255,2949.397843307411,1593.838506976247,418431.88458283345,0.007203787756485299,0.9964028776978417,0.3593971607066235,-0.5296833470206829,0.7682898104003361,0.7462286090199917,0.6574821334268705,0.1042118386007047,-0.5603360991013392,0.5358663976341657,0.6315620792372484,337
2554.9881049121186,2042.28315471449,1149.3171761126425,593870.6543754393,0.003132098981309836,0.9964028776978417,0.5379716172550402,-0.33735915370230546,0.772512356173842,0.8114911432853227,-0.040809870240219495,-0.5829379717092174,0.22818558981118076,0.94049101851333,0.2518094134425536,338
3764.286289832297,2200.881572467189,1491.2915430138107,338428.9145174374,0.0017579838971853502,0.9964028776978417,-0.48324861873814345,0.7795024020689626,-0.3985558651637106,0.525431543983412,0.6223687246013481,0.5801541719450953,0.7002802760858572,0.0709448786510257,-0.7103339771672948,339
2053.804219217459,1989.755812303385,1010.8888634498242,472197.72930330277,0.0010334252584564092,0.9964028776978417,0.5132599305346061,0.15174998414632063,0.8447107114386574,0.8360843074873832,0.13375173753148936,-0.5320465237934089,-0.19371957691713576,0.9793275320437482,-0.05822637289190276,340
2304.5924593790596,1563.0740938408098,966.9137709445573,247987.22829349013,0.0025122910509474427,0.9964028776978417,-0.2986204790842407,0.7331242169004575,-0.6110275706263912,0.5476763587720244,0.6559662994201316,0.5193831149231509,0.7815858337468223,-0.17954692038336129,-0.5973997722355906,341
3159.9577434340763,2617.992488127249,1444.486834177307,479155.7357389542,0.0,1.0,-0.5815549544922777,0.600710519329932,-0.5485806293261257,0.528327511695852,0.7916668645518158,0.3068120205532474,0.6185983149756829,-0.11140218820588901,-0.7777696813145814,342
,,,,,,,,,,,,,,,343
3074.7514277639184,2534.4805726944273,1402.3074514222096,579096.2406522508,0.002705870571144551,0.9964028776978417,-0.5240519963802328,0.6863748633288156,-0.5042410654441407,0.45274784966829207,0.7259761883358856,0.5176658754351462,0.7213798511953533,0.04298977738542606,-0.6912040142604219,344
3149.9199592672303,2064.3352456181765,1303.5633759990471,271243.65402742225,0.0037549576074192943,0.9964028776978417,-0.30896262234458155,0.7341676801682556,-0.6045989707155657,0.5308312688133571,0.6605871699112746,0.5308886465150806,0.789151609035907,-0.15691529034792853,-0.5938159054884471,345
2655.5567483676086,1985.7398902153282,1160.323695054898,356637.17456199153,0.0005848682931671824,0.9964028776978417,0.6951682012617207,-0.4570106476160003,0.5548715526319111,-0.6448497239538022,-0.05535833111529601,0.7623019668693204,-0.3176633524208432,-0.8877368546713228,-0.3331865414253973,346
2394.0185057414487,1809.8601286756734,1050.9686107279463,437064.5919198608,0.0,1.0,0.640566808124695,-0.5630881600583286,0.5221167382215076,0.3298161078758928,0.8157616563269351,0.4751360384693345,-0.6934662928466946,-0.13215386513023983,0.708265385725295,347
4015.741783364902,2821.8802172588494,1709.405047879207,601444.5460899551,0.438421646551644,0.9820143884892086,-0.549591828796545,0.7961218543613983,-0.2532564209022898,0.5809779717870472,0.5820532501988076,0.5689275966511145,0.6003444161631539,0.16554155653845004,-0.7824209704759638,348
1795.1251957316524,1646.6416109479123,860.4411629873947,480937.8686177156,0.0,1.0,0.36996246781729875,0.8419417456912047,-0.3927618480313242,0.5298154554633048,0.15607446319360221,0.8336284214750838,0.7631666630289515,-0.5165025254548865,-0.38833205590059033,349
2616.60321690408,1941.5541413464246,1139.5387702844712,299333.4852182863,0.00443429307878693,0.9964028776978417,0.5601759580999066,-0.5398021181498548,0.6283443078502279,-0.2642146405496108,0.6024798202797826,0.7531325845260454,-0.7851073300422635,-0.5879045325531783,0.19487108794620434,350
3358.774540709267,1988.7254105696268,1336.8745595000314,342757.9978247915,0.004442739973736984,0.9964028776978417,-0.43646479406735644,0.8091484566516991,-0.3934174101865773,0.5477371234991254,0.585862906868018,0.5972844363425686,0.7137804473930649,0.04520430791782487,-0.6989091811280107,351
2128.219804914495,2126.8411911818407,1063.764698245101,369921.592298236,0.0003838508672751055,0.9964028776978417,0.6673462667113993,-0.4806704309592531,0.568862810445369,0.711227017321223,0.6379085593204102,-0.2953452213564925,-0.2209187410309837,0.6016881308013351,0.7675716924913794,352
2256.188771630856,2099.605339205825,1088.9479779767034,311209.1951979397,0.001311050998206287,0.9964028776978417,0.611029089980421,-0.24004520539749308,0.7543353038028737,0.7785871638152111,0.3543635950405891,-0.5179077821891607,-0.14298769016906412,0.9037725055983861,0.4034225806577155,353
2362.2935913962865,2296.42580846527,1164.6791216947236,371680.0931628264,0.0035284734970475995,0.9964028776978417,0.5987033710216505,0.23041826167979423,0.767112572059521,0.7860689724190173,0.0148553531506176,-0.6179602649708804,-0.15378505820599808,0.9729782850440356,-0.17223069617622025,354
2349.7031076943695,2017.481439836898,1091.7955918301566,377571.586374998,0.007172792486854171,0.9964028776978417,0.5946051460959358,-0.4576024234668494,0.6610935956984435,0.6232497495311476,0.78178154345461,-0.019425962603936586,-0.5079414040473493,0.42357719526786863,0.7500519246714946,355
,,,,,,,,,,,,,,,356
2618.802324032581,2319.4850580377006,1234.5688946120706,408508.52509282983,0.0024498357827903426,0.9964028776978417,-0.4372692219164855,0.7965363537191014,-0.417523011064576,0.5822258182992319,0.6045666220802807,0.5436104266588612,0.6854259435346326,-0.005388568485023115,-0.7281224067829125,357
2221.1736368204333,1802.0403709460243,1005.803029884606,307199.53248991526,0.0009840685174218277,0.9964028776978417,0.7755803798348428,-0.010098924149727748,0.6311680332100627,-0.6308376488296549,0.02368290990989115,0.7755533383315896,-0.022780150006395966,-0.999668510812068,0.011997218697184469,358
2484.7998230739818,1651.9825989219323,1034.186765739269,215358.82113654574,0.0,1.0,-0.42492456290868175,0.8163904742127556,-0.39108273990491804,0.5935953432200377,0.5774688083999334,0.5605125724126503,0.6834352085928492,0.006030666615973679,-0.729986264744629,359
2760.2305354877603,2190.1158354168015,1237.5861143707157,576719.9938924307,0.0054908601230727406,0.9964028776978417,0.6208334660099761,-0.4912135723712212,0.6109623832940475,-0.4588340237248148,0.40422808120694553,0.7912464831114556,-0.6356391634839185,-0.7715626252495995,0.025572820794942164,360
3180.587896922577,2554.5493573268923,1433.5823733852542,604955.748934085,0.006304903819047041,0.9964028776978417,0.47002869129947367,-0.5255474593153614,0.7091353166797382,0.6584378646199912,0.743823679474963,0.1148299276625813,-0.5878202172348023,0.4129481830199717,0.6956588174892443,361
2190.6851297303842,2145.4358152200466,1008.1829267404812,511843.17907869624,0.004184153504669525,0.9928057553956835,-0.6051310205884293,0.67773668132528,-0.41771933006242595,0.7947630499981031,0.4835744178521147,-0.3667526097476352,-0.04656331473723482,-0.5539212698436344,-0.8312659529509777,362
2161.464443326916,1795.5452467713815,989.2518963236488,517107.5401930833,0.0023269023783550843,0.9964028776978417,0.775382600155057,0.11823389999267428,0.6203245668755231,-0.6313796858136916,0.1266438884206166,0.7650627542022357,0.011896037936516016,-0.9848766777715008,0.17284795012722676,363
4389.067131418456,2300.911628411781,1672.4941651152435,694708.512047406,0.002368415573872875,0.9928057553956835,-0.36865494164224516,0.8160578696132021,-0.4451326627479889,0.4963863041187563,0.5776922788453348,0.6479755150048537,0.785935220667756,0.017921618365703107,-0.6180490631892258,364
2579.5354857161487,1140.897038819279,930.1077134670121,124202.60883422509,0.0006744334608788185,0.9964028776978417,-0.46102272545498263,0.7762577194885587,-0.42997906873298136,0.4985171331961886,0.6274158971719437,0.5981888998349757,0.7341244543835285,0.06142674425970532,-0.6762307598488401,365
4497.4271044506395,2609.2406514680733,1776.6665439023434,381574.5806518363,0.0009105775742666715,0.9964028776978417,-0.42707995404062066,0.7210160859659934,-0.5456542097656176,0.644679709780517,0.6659431650475789,0.37537684095282375,0.6340274320989352,-0.1914562736101704,-0.7492354173698264,366
2545.7259807142427,1727.1186987536269,1068.2106319108402,444291.6416064404,0.003206452880452969,0.9964028776978417,-0.4647253071709548,0.7841503698514006,-0.4112646183867187,0.5948493996160464,0.6205293662284309,0.5109770028333674,0.6558845787570333,-0.0071765667316315285,-0.7548270770439118,367
2108.940663637711,1845.860222290672,988.6996735506934,309205.02522382495,0.0008802259866599361,0.9964028776978417,-0.6511014914703095,0.6577362509129733,-0.3787477683631744,0.49481508411195685,0.7462389442335756,0.44529256747046164,0.5755213986815917,0.10252054596082089,-0.8113351079026963,368
2619.130703827407,1931.0664137135836,1137.548749323616,531202.2627149393,0.0,1.0,-0.45420518705043345,0.7856493440449728,-0.420062800374164,0.5391960579229096,0.6177650683496337,0.5723931616008063,0.7092004365317855,0.03348773698947585,-0.7042111276417382,369
3397.23254619033,2743.579549141715,1535.202489619408,564521.8111800809,0.0034806083898788905,0.9928057553956835,-0.48395138103036567,0.7559250687832634,-0.44087226175369715,0.5091764628818386,0.6529790182884997,0.5606761376428703,0.7117094845833808,0.04685821230057485,-0.7009093504113444,370
2547.7557233160496,2464.5614610107464,1252.706816196286,528139.3594789375,0.007389847311689676,0.9928057553956835,-0.48577300896776215,0.6925285720754768,-0.5333186295428913,0.5172235737331525,0.7196008113452981,0.4633081556436222,0.7046306539834275,-0.050782370664334886,-0.7077547543440437,371
3467.709244602017,3427.7774932461334,1723.8711230977694,753160.5298670642,0.0,1.0,-0.19878235275989709,0.7557766793266684,-0.6239288318527957,0.6128050227280819,0.5926798826667367,0.5226859102763133,0.764823888454378,-0.27844598698508405,-0.580958046662087,372
2750.468444408507,2242.344606148405,1248.2027607938323,289372.54109787353,0.0018441623624253904,0.9964028776978417,0.7573468392047685,-0.004526915522325402,0.6529971456158137,-0.6530114910471081,-0.003219974271662578,0.7573411545176469,-0.0013257854197297543,-0.9999845692817182,-0.00539476519204234,373
3298.6031337570917,2772.4691356791773,1517.76759157658,401569.502780246,0.0007202337609839799,0.9928057553956835,-0.4305019849513189,0.7927478780748112,-0.43153081322294795,0.5991430351534606,0.6085682973327381,0.5202617138600831,0.6750523419558467,-0.034574980685697254,-0.736959229761396,374
2869.7135727441464,2031.1301653474313,1225.2101779519294,289226.55435897835,0.00026133491758192955,0.9964028776978417,-0.6493580291497568,0.7011184209753615,-0.29456257356928334,0.4889720322179389,0.6815847440224956,0.5443790852195262,0.5824435609459535,0.2094640696749804,-0.7854198252067441,375
2109.1344564249735,2049.523917786764,1039.6621109553253,419922.8917050434,0.0006660713127911298,0.9964028776978417,0.7097742280827247,-0.5524894486836656,0.4370079567270962,-0.317633793833608,0.30271200079795885,0.8985956919481451,-0.6287521913794347,-0.7766085588416574,0.039367857059317224,376
1952.4668749504847,1483.3884124528965,858.9633782277243,237222.9544390381,0.007717506559665698,0.9964028776978417,-0.09149091063834368,-0.6528131120314399,0.751973705677528,0.5677913667135682,0.5861632584857415,0.5779494772788676,-0.8180723544748992,0.4798413020585084,0.3170330387872696,377
2059.234729756233,2056.8539177335288,1029.021614565936,422178.33172376436,0.0,1.0,-0.4816940557983818,0.7441508800359025,-0.46282859067941917,0.29332390173228157,0.6345851072552258,0.7150264542815353,0.8257916960596396,0.20866530471466868,-0.5239531136726627,378
3401.082504627055,2443.402037891309,1439.5732914102693,313480.98489410384,0.005022377483378937,0.9928057553956835,-0.4587054687134219,0.7283087619992976,-0.5090733151201803,0.3978979087886565,0.6806067432296287,0.6151842937299133,0.7945228424369017,0.07962919229408683,-0.6019905685146383,379
3085.5959159212957,2609.612533875572,1423.8015265389872,268162.7518019063,0.003935559883850327,0.9928057553956835,0.48934625487326167,-0.5609898596858016,0.6677054890977139,0.7811664089146116,0.6223480886137623,-0.04961751890458158,-0.38771030992864075,0.5458692461830958,0.7427701405189469,380
3077.143778215857,2190.171970212899,1316.8284972675294,263760.84614046616,0.0014026662304893424,0.9964028776978417,-0.3899248110210497,0.7581347786023116,-0.5226760939853886,0.5665277034284915,0.6449744882962573,0.5128881658753889,0.7259511023465961,-0.09612266600862279,-0.6809959104731518,381
2810.845539391725,1817.3189236749938,1157.0406719238479,274961.7720902621,0.0,1.0,-0.5585878254157631,0.6385406336323064,-0.5293821875523783,0.5923774065047902,0.7538543492548829,0.284240441127148,0.5805761358856799,-0.15482079740767946,-0.7993509061295314,382
2590.6886745307315,1555.9528929399085,1036.6599614907445,216539.32037443304,0.0022351225378437326,0.9964028776978417,-0.39893014057604836,0.7772341318083147,-0.48658179917887345,0.5918372196500985,0.623551558441708,0.5107956141175828,0.7004166248575311,-0.0842054530128108,-0.7087495984521558,383
2935.4597100820206,2117.3467384642536,1263.201165464484,370246.15597917186,0.0038094153718732423,0.9964028776978417,0.6070864153916499,-0.5899249382048083,0.5323858107904175,0.2700219770303822,0.7832557085612143,0.5599987740405097,-0.747351467629201,-0.19621177918342003,0.6347965985590628,384
2899.3366954509547,2632.649157881245,1382.9959862391254,619870.356640544,0.0009317670527696049,0.9964028776978417,-0.5484836519005171,0.7177129733025948,-0.4290148849993686,0.5233870269823532,0.6948181764966994,0.49324813390055,0.6520979248429226,0.045997712583893235,-0.7567380701752777,385
2968.5138233159682,2237.335330849997,1301.4618472465515,362235.79676461907,0.0025664031558009087,0.9964028776978417,-0.45903346433960895,0.7091981439375709,-0.5350946376594343,0.6106788660800404,0.6893282070061008,0.3897408697441808,0.6452593285955446,-0.14786688493796982,-0.7495170332948866,386
3193.51296862227,3050.9275236205513,1561.1096016301067,560694.924320264,0.00010747356384458291,0.9964028776978417,-0.47459359525609446,0.6465221676344717,-0.5973022736430179,0.644360860901188,0.7174793123882116,0.26461768125659857,0.5996332214617317,-0.25929235054695166,-0.7571046669168422,387
3186.439710987839,1997.1214638106385,1295.8898866194018,295153.7295619923,0.0012362254709296725,0.9964028776978417,0.6674495219001064,-0.4517399078269258,0.5919815802808731,-0.6751753797718255,-0.03181551494400237,0.7369708132340244,-0.31408492842747243,-0.8915822052314462,-0.3262389140635142,388
3056.226780315424,2134.455266604533,1297.670046342235,393042.27219821676,0.0016892912569839854,0.9964028776978417,-0.21407407327484382,0.7598902995726141,-0.6137907002936421,0.5707230670897971,0.6072506383835763,0.5527403032838787,0.7927467892354607,-0.23197714283562942,-0.5636835400813884,389
3845.542778625432,2247.044229235152,1523.1463557658406,628537.6684321375,0.005325033044028056,0.9964028776978417,-0.17640746337769286,0.7154608649438936,-0.6760149093018464,0.5224115701545364,0.6501295101489969,0.55174067405086,0.8342461017189832,-0.2558268374646434,-0.4884527315918288,390
2844.4840065840285,2239.040273409329,1270.8800748836468,354770.16365471797,0.0011255596142671213,0.9964028776978417,0.6887487766108834,-0.23019662095172794,0.6874842823071796,0.7137494350762931,0.04888712667619142,-0.6986929173632852,0.12722761746289152,0.971915410181232,0.1979736568510155,391
2295.32138441094,1925.2274640347796,1055.1366778881961,503659.44743973325,0.00125141910824138,0.9964028776978417,0.5651736435497877,-0.21540989261536447,0.7963525166658887,0.789458519338635,-0.13895665407598637,-0.5978681246994664,0.23944518972054446,0.9665865850773244,0.09152253639540733,392
3083.733678977995,2088.7700391842204,1293.1182747014793,293542.0108652844,0.0027039698680775136,0.9964028776978417,-0.5466016728959286,0.6590443393232133,-0.516611236805203,0.47882599626820405,0.7521040713908597,0.45284117645710453,0.6869878284839799,0.00015685446101332268,-0.7266689059754408,393
2236.8954144453023,2013.0759687826871,1062.438590938906,452587.7776744699,0.003491613760613164,0.9964028776978417,0.8971247480564122,0.03644357937315243,0.440271566135257,-0.43962948111562955,0.17179927761188823,0.8815956712382587,-0.04350983519529276,-0.984457654617255,0.1701470555336541,394
2013.7688939762545,1420.717348918482,858.6209967699047,347362.5456810177,0.0010163077535559895,0.9964028776978417,0.7589163537982441,-0.5929171652321908,-0.26924933260938866,0.6231089232266411,0.5411020291644536,0.5647511521275955,-0.18915929195499262,-0.5963705468977601,0.7801031553967411,395
1879.230940811597,1879.228513404017,859.9505287108383,561590.7715525775,0.007357237778291292,0.9928057553956835,0.2859303950129438,0.5179194659388505,0.8062277817151663,0.8484704774125184,0.2541906885703111,-0.46420355750847525,-0.4453556535703965,0.8167903774199149,-0.3667585325348518,396
3249.2677026477986,2432.272190973969,1420.384446262662,271103.04905228136,0.0011599895442105416,0.9964028776978417,-0.44034875242882593,0.7392758047375999,-0.5094744947138674,0.6374809922654513,0.6570316053189963,0.40240210500468115,0.6322269851363767,-0.14758304151059087,-0.760597321270494,397
2118.5079638395605,1422.69095518136,885.2978344025689,215341.70513731538,0.0024302767157694566,0.9928057553956835,0.6988736428488096,0.03873491459551871,0.7141955178538385,0.7100021395426405,0.08311126828208121,-0.6992778267108266,-0.08644416218639409,0.9957871878447835,0.03058240258826308,398
3709.007438062661,2219.27431197477,1482.0699252087193,282421.8361846485,0.0015671768318921415,0.9964028776978417,-0.45793233028540437,0.6494826790967452,-0.6070174877486592,0.7670887337218754,0.6337880405893589,0.09943638269200489,0.4493026323941904,-0.4201011415828519,-0.7884428802167189,399
1797.0246836320612,1794.4726040470175,890.7493561373427,248484.59025598268,0.0002625373853312853,0.9964028776978417,0.680074677445537,0.3829526939367612,0.6251765089188223,0.726413691556851,-0.4672423200327361,-0.5039918283952374,0.09910389405112704,0.7968888558494238,-0.595941750179411,400
2502.7116097810263,1526.117191553527,1007.2052092289891,384131.4871582304,0.0001937984547660032,0.9964028776978417,0.7163642598066208,-0.20492936737488943,-0.6669529231205454,0.6626022413892542,0.4992793891241266,0.5582816146908078,0.21858754991455748,-0.841857497432414,0.4934525681756904,401
2403.7248909458654,2215.6257197844902,1154.8368721206512,357129.10477970674,0.0008612643894263507,0.9964028776978417,-0.5757632765515049,0.6853422691438489,-0.44587287818327265,0.5696527357525908,0.7274387623155102,0.38252922467501427,0.5865086615083055,-0.033746425079389936,-0.8092396238260315,402
1938.551067208017,1768.5095162210448,907.0459219224098,340903.464592892,0.005024311763348294,0.9928057553956835,0.6827825757813296,-0.4936549339825343,0.538621165908018,-0.15653866382728324,0.6212477269769717,0.7678195806653506,-0.7136550994258934,-0.608568868642363,0.3469010394662614,403
2600.769399594626,1775.775403322118,1094.1357799812445,199054.27889120573,0.0,1.0,-0.5965699719221196,0.6013842970834222,-0.5314519694406256,0.15068136813648964,0.734348983155605,0.6618358529385097,0.7882889025587999,0.3147514863504335,-0.5287079609225076,404
2586.4731246587444,2025.708448252683,1153.0449434822485,344157.74487897713,0.0,1.0,-0.4044288547129323,0.7439650624935003,-0.5319335365105571,0.5252439662467845,0.6650780563042962,0.530838916191952,0.7487029300042392,-0.06470830558391838,-0.6597399167789726,405
2947.6313576802672,2431.7477972111474,1344.838963325289,431215.09946711553,0.0023584767165969077,0.9964028776978417,0.6631116923740364,-0.5448765444835605,0.5132177264168648,0.6957362158256456,0.7015764010686698,-0.1540833263274901,-0.27610505505233357,0.4592386141595539,0.8443138597934778,406
3814.4751185585246,1752.072739691202,1391.6365591382398,377937.86507947743,2.2203329593225782,0.9820143884892086,-0.26841089239351373,-0.3626847404125998,0.8924210732139637,0.6805149802441073,0.5843038035773287,0.4421407318811838,-0.6818027240396447,0.7259812974153753,0.08997889360960437,407
2718.209188498983,2640.4342127599793,1339.6603458835211,436140.9230434125,0.000624080377910411,0.9964028776978417,-0.4435467091925902,0.7989712695802588,-0.40609263370533255,0.5927180255973026,0.6013614147825936,0.5357702781441994,0.6722735000700677,-0.0030592803053749174,-0.7402965499768008,408
3256.4399494978848,2314.5118721688045,1392.7374863404289,593975.3019068576,0.0005346795383838545,0.9964028776978417,0.7233061394059296,-0.3576289873576765,0.5907027476651966,-0.6654680514043456,-0.13264974183362216,0.7345449738113907,-0.18433800817463908,-0.9243946956754979,-0.3339370380014928,409
3270.7363804984593,2407.7206770848748,1419.6131083851897,469527.16866170627,7.3029307978522225e-06,0.9964028776978417,-0.4907553962954133,0.7705460672658258,-0.4067159933271637,0.5819430179815368,0.6372852710850739,0.5051829441702922,0.6484608429423264,0.011235723349807186,-0.7611650896430643,410
2511.0451636226485,2462.469804304867,1243.378174528943,553153.2843759018,0.0032971375322102155,0.9964028776978417,-0.4662851858598965,0.6861360652142329,-0.5583864481342037,0.63606940925237,0.6987208137962566,0.32742164097878157,0.6148120298603005,-0.20250067748090864,-0.7622333261927283,411
4456.395665341983,2063.979335324501,1629.4966945980486,374519.17437408864,0.0,1.0,-0.5155139839959864,0.6637746424103877,-0.541893491746808,0.3334377384333281,0.737952299060186,0.5867245340875507,0.7893444158876741,0.12177696171586713,-0.6017522452822248,412
2918.5229751492684,1761.4793076687583,1170.0001357230144,361902.50977514504,0.0,1.0,-0.40067950828006366,0.792943395566865,-0.45901710542346524,0.5760209096331116,0.6076086838335065,0.5468195305542375,0.7124997146033738,-0.0453040699827752,-0.7002083246670998,413
2907.53829021699,1881.5410665538145,1197.2694272339118,304733.79555250006,0.003706629071617514,0.9964028776978417,0.6623655461446837,-0.41897324351639853,0.6210743147947785,0.7081971023928826,0.0797242358866887,-0.7014990451701332,0.24439465510272476,0.9044918282823965,0.3495222240825152,414
2310.9948680033103,2194.5041155260265,976.1810252823522,475048.4043231603,0.005337038371085735,0.9928057553956835,0.6830258402681125,0.16978095673338886,0.710387308625889,0.7215389269673957,-0.005852805247148029,-0.6923491326935264,-0.11338993957480593,0.985464444514075,-0.12650118656276613,415
,,,,,,,,,,,,,,,416
4398.284135537706,2352.4461372488518,1687.681739518348,503626.0861710548,0.004431260687529532,0.9928057553956835,-0.5490508650692705,0.7840122080786944,-0.2895997326487989,0.5479978067829785,0.5993165444615713,0.5835392731390809,0.6310638250824803,0.161692724382427,-0.7586922377051564,417
2378.8316742990637,2107.0146071792774,1094.0987593661855,692261.1806567634,0.006978078917119795,0.9928057553956835,0.714708243802887,-0.40424732712156436,0.5707681006812345,-0.6638709144556418,-0.13521945815811467,0.7355209766385019,-0.2201534355399042,-0.9045992464348489,-0.365010504190606,418
2510.5992811659935,1454.3518010135672,991.236878659901,237460.85774564726,0.0,1.0,-0.4955473442612175,0.7604241354441512,-0.41974750008745676,0.5339157337759137,0.6478560879575002,0.5433382726469133,0.6851035095678477,0.04514004353585527,-0.7270457741073797,419
4628.25947610728,2558.0055053075857,1796.5658388511545,504636.31077351124,0.0002354172045545689,0.9964028776978417,-0.4453829884782539,0.6360847914013934,-0.630103270680311,0.4665203804674025,0.7655452510113868,0.4430566592011262,0.7641941691630012,-0.09662611863134454,-0.6377073506048929,420
3137.1947836907666,2543.3961563225353,1420.1471835687034,470861.37156855606,0.0019061496725360282,0.9964028776978417,-0.5097116927764187,0.6598833794362264,-0.5520397773628484,0.28785730163923395,0.7354731206261124,0.6133656843429267,0.8107602383812227,0.15373098054820666,-0.5648314983069818,421
2914.477998588841,1848.5475017933907,1190.7559359090872,321916.4716061043,0.0,1.0,-0.6000409119845205,0.6434280275178991,-0.47534332576487354,0.2881760657549857,0.7281653897431127,0.6218759685871764,0.7462609858961964,0.23616845383049453,-0.62234958210362,422
3938.9982367221023,2383.256050701206,1580.563125280276,394230.4969419887,0.0002968758399802751,0.9964028776978417,-0.6200213680820821,0.7391857211942742,-0.2630170578196862,0.49261316805345484,0.6276813875477038,0.6027838272436712,0.6106601098663331,0.2441731871207201,-0.753308492524376,423
2482.5767699734633,1891.2491872991118,1093.4560236476216,148209.0034829363,0.0,1.0,0.6879058559904582,-0.17708827532877594,0.7038645296043228,0.7136066363366951,-0.011991162335438966,-0.7004439881975382,0.13248057167095434,0.9841219206820488,0.11812257770135366,424
3328.088486397413,2178.1028533882863,1376.5474014874687,241235.71611930264,0.0008866624004956907,0.9964028776978417,-0.3164338782654502,0.6997764089399522,-0.6404549774785039,0.5991734344366468,0.6708617353699469,0.4369619290988823,0.7354323872058393,-0.24547405057872843,-0.631570814985297,425
2496.0358926374906,2348.4891063228465,1211.1305488168607,464549.01335732435,0.0,1.0,0.6950698514155383,-0.49383763600658054,0.5224962113897225,-0.08711089768564931,0.6635532243865649,0.7430402478403126,-0.7136452852486184,-0.5619799886736404,0.4181972012971789,426
3065.770189708875,2062.8565047465704,1282.1562551826416,552519.2265727451,0.0012794254529653272,0.9964028776978417,-0.6169840209898051,0.6532110273563005,-0.43891465182126027,0.4620194329171637,0.7521448768031015,0.4699107658968347,0.6370783008784355,0.08714033531593501,-0.7658575588912551,427
3137.7131375873128,2468.8266847566038,1401.6345010877192,433710.249285984,0.005794875656475395,0.9964028776978417,-0.49134228232907157,0.7078432244092566,-0.5074847103643279,0.4722368704153772,0.7060974329815233,0.5276540091359048,0.7318299664648539,0.019605733722815905,-0.6812051933075972,428
2407.9342582368768,2404.6193881156987,1203.1377546556796,332978.409530698,0.0051113714422476265,0.9964028776978417,-0.6281263193768895,0.6461022569547713,-0.43360027728772566,0.28313998925012124,0.7088319840287042,0.6460564719166368,0.7247682894508307,0.2830354959645196,-0.6281734112732211,429
2601.2415924507295,2163.12087782369,1191.089903344302,504014.88336928433,0.0,1.0,0.4949224393144609,0.11674491267048023,0.861058885575537,0.864882958835031,0.029427170637565125,-0.501110276431276,-0.08384060221507252,0.9927258770646757,-0.08640651842531562,430
3270.5197657975914,2014.567562569082,1321.2711247846714,371153.74469687924,0.0014361981962846488,0.9964028776978417,0.6873812385863483,-0.34401588611502626,0.6396562380998024,-0.7010773729615033,-0.08421063958826681,0.7080953927978435,-0.18973020308030866,-0.9351800031441158,-0.2990665674368777,431
2478.039135656082,2314.4078598199058,1196.6894920897835,418090.62816743157,0.0016488791758637667,0.9928057553956835,-0.527704128073651,0.7099045923383772,-0.46643737306406996,0.5027240467440096,0.7036370508799864,0.5021587731527174,0.6846874367471296,0.030501973801674492,-0.7281982858774438,432
,,,,,,,,,,,,,,,433
2406.0277257847397,2397.711977191288,1200.9344243876174,251726.19847210337,0.0,1.0,0.7489461949184312,-0.5134421435832515,0.4188755928791256,-0.008777353708909042,0.624397665660146,0.7810573046710653,-0.6625726791674043,-0.5886465155853692,0.46313359250882646,434
3061.3815416326975,1984.7306878730014,1261.5276450778783,313701.2644923458,0.0,1.0,-0.48397706056099665,0.7060409417075945,-0.5169839392895978,0.5114692716441678,0.7075989334507293,0.48754787820600226,0.7100460471085814,-0.028459409903291516,-0.7035798980737259,435
2476.304281719568,2138.2491123955633,1153.6378394275137,314370.690276519,0.0012687222133820617,0.9928057553956835,0.6152489613634565,-0.25588162842831397,0.7456495877917872,0.7803493416063393,0.06340820625882089,-0.6221208117669683,0.11190898353457003,0.9646263481845772,0.23868889331585214,436
2725.0697885474533,1927.3876157963612,1163.1139239162492,331805.3979784909,0.003339914321281694,0.9964028776978417,-0.49041085577105076,0.7279707381960261,-0.4791198147355611,0.535801946445907,0.6854457267798525,0.49303187505882146,0.6873234076667861,-0.014925145546113544,-0.7261981639358118,437
2005.348115761818,1611.039313057738,904.0963809120442,230083.52081350697,0.0005827692125605842,0.9964028776978417,0.7071157860485782,-0.1907895271428073,0.6808719567242622,-0.6970560281356968,-0.026381687838565197,0.716531157861593,-0.118744089371169,-0.9812763947427924,-0.15164589793330824,438
2197.9825861160316,2112.064720557663,1037.9451886912445,365293.0574334785,0.024578232727360094,0.9928057553956835,-0.6562824742710774,0.7116793966355264,-0.25061075469565514,0.5312954213520708,0.6717288706613725,0.516241706539023,0.535741065455093,0.2056520379779649,-0.8189558901800216,439
3242.1700734366445,2865.1334976640833,1526.8036523806022,282547.2274126132,0.0031663595659209816,0.9964028776978417,0.6261238808411728,-0.529791738709914,0.5720922997516356,0.7075899818934152,0.07785397117028585,-0.7023212774059268,0.32754435327824744,0.8445469038293507,0.42362155736906515,440
2456.7472242977524,1898.0962437273913,1088.7103730897823,275631.55734719796,0.0,1.0,-0.3384560816079312,0.8028900018897683,-0.4907291775389489,0.5295347452654383,0.5936070188072933,0.6059898190393838,0.7778434510743616,-0.05475721037603623,-0.6260680582273478,441
3125.8140486865805,2713.6917224412596,1459.8759427436576,478576.84919761383,0.0,1.0,0.7993633145174311,-0.4237134250304928,0.426010827154235,-0.03556867932593778,0.6744026845325101,0.7375065343075629,-0.5997942651065573,-0.6046883102427835,0.5240218382863563,442
2071.4895245458592,1481.915194746339,888.3506339721239,196203.71998194497,0.0,1.0,-0.42982114371507985,0.7764624800851023,-0.46082513108070916,0.6084525490477718,0.6261697030186304,0.4875417916228609,0.6671126441409498,-0.07083445518709383,-0.7415815531589349,443
2489.8038406111195,1961.4298282752861,1112.807824089736,517149.0944101264,0.0007351854546916929,0.9928057553956835,-0.5207116850812535,0.7452270896014513,-0.4165284215320627,0.5060763064692544,0.662367361791113,0.5524094949078249,0.687565351839575,0.07685091383992271,-0.7220441980874094,444
3414.9558841042194,2525.3721644863513,1485.0745520578073,641746.1449380864,0.004732459231681523,0.9964028776978417,0.47015640304537937,-0.61362549649545,0.6343632293301238,0.8003922967106722,0.5993251043474903,-0.01347555806210665,-0.3719208626060739,0.5140750619798459,0.7729176557750325,445
,,,,,,,,,,,,,,,446
3152.542510484312,2615.9014189084282,1432.9143031425654,354142.98934609717,0.0024176034083046942,0.9964028776978417,-0.5378433849939325,0.721034879300286,-0.4368445902728916,0.4601247180735479,0.6852554959585611,0.564544195857441,0.7064062124840117,0.10263336733737485,-0.7003261060912872,447
2850.122759018367,1905.934725473177,1189.0139538867966,202250.36049205114,0.001090533833023355,0.9964028776978417,0.5698864439327046,-0.5549074995119873,0.6060586671330509,0.7211170748919064,0.6913449007963541,-0.045082063420167816,-0.3939791940205435,0.46273091006354133,0.7941413599295088,448
2646.1315926573584,1819.7365619641837,1116.4666082766262,387361.4429637182,0.0016663742012311346,0.9964028776978417,-0.42456310835626815,0.7464838142580816,-0.5123554255334568,0.43621399615071005,0.6645293670514546,0.6067273439432422,0.7933873685565531,0.03409743944783877,-0.6077613413487312,449
2639.052752294665,2067.015390574292,1176.5165727472413,304394.38568149606,0.002452149676759267,0.9964028776978417,0.6508662114680112,-0.5188090788365061,0.5542655631428804,-0.6592310375415565,-0.024114627962304572,0.7515536733062533,-0.37654696109670194,-0.8545499543239446,-0.3577104438701548,450
2961.3535232910594,2426.8672616130893,1347.054740890015,359630.2012611639,0.0013007633591470868,0.9964028776978417,0.7745292495746364,-0.2769482804845707,0.5686862856531623,-0.5972457377703126,-0.024085504106989716,0.8016965867503161,-0.20833139530216152,-0.9605829159570514,-0.18406110752384047,451
4325.868163989459,2397.8077528890167,1680.9185001070148,342344.6518497589,0.0015016872615622305,0.9964028776978417,-0.5032629908393836,0.7910096625046744,-0.347893770964126,0.5245583504245629,0.5995770084502116,0.6044385394213017,0.6867058315255958,0.12170096450783036,-0.7166756422445261,452
3188.7963834993548,2039.4724691864817,1307.0667493702351,433886.17280732136,0.003070250704248725,0.9964028776978417,-0.5295706081103587,-0.2741000664066439,0.8027603157988681,0.5395518393093065,0.6213977278999891,0.5681097398026856,-0.6545523536918717,0.7339850252945249,-0.18118277765788468,453
2827.078681906602,2494.1579424407328,1330.3086853351251,356084.65733646037,0.0025395722812788907,0.9964028776978417,0.7904563537984216,-0.3674676104385264,0.4900472508016996,-0.3970380705744161,0.30182169531807373,0.8667551180984562,-0.46641132410593267,-0.8796995052368297,0.09267824573127903,454
2430.7809097237828,1426.121822618989,964.2252396066348,215716.69708757885,0.002779871488489044,0.9964028776978417,-0.4878434884374009,0.7509246217417017,-0.4451077883516642,0.5268792877398335,0.6598425157598451,0.5357294751518573,0.6959934963345515,0.02683406152264256,-0.7175465045571652,455
4046.406373316537,2839.238065279497,1721.4106245345772,446828.40908532875,0.0,1.0,-0.47511977479858314,0.7404485582068028,-0.4753915567664309,0.5961194314061228,0.6682526829617128,0.4450617656174404,0.6472270259309205,-0.07193249866325827,-0.7588958377410406,456
2318.999603211329,1908.490264787676,1056.8719883753379,453340.2235314581,0.00010282799459090331,0.9964028776978417,0.7560047258790974,0.02757702697954966,0.6539849860902313,-0.654228015132434,0.06394463305274127,0.7535892701728348,-0.021037078322486538,-0.9975723489986675,0.06638410840656149,457
2135.4662457196478,1886.4911649115934,1005.4888013978414,243647.773377366,0.0,1.0,0.6422873171384064,-0.22796791832673516,0.7317770360273156,0.7543422821696287,0.018885815095143588,-0.6562096062382112,0.13577453212684748,0.9734854668673625,0.18409595928148073,458
2505.5927310154493,1907.7889287098467,1103.3449459054493,284408.7124356253,0.00043279037464556133,0.9964028776978417,-0.47589668060712986,0.7153567765819494,-0.5116512792766167,-0.16890873592285713,0.49658372590433125,0.8513955849638373,0.8631292998827338,0.4915987035837818,-0.11549253793508527,459
2951.9851401482565,2005.4085919449406,1239.3479768949353,405467.7135331888,0.0016107819661544574,0.9964028776978417,-0.48301854312576625,0.7371282576076136,-0.4725833459116243,0.5724511671553583,0.6742419182579903,0.4665806434971919,0.6625652784587571,-0.04516378527259757,-0.7476412804819705,460
3421.7345498554623,1376.216141593181,1199.4873098311198,254407.61623647553,0.0027940989170438697,0.9964028776978417,-0.07763604419959559,0.7415033615692268,-0.6664423526626853,0.5598585986671766,0.5855357996256219,0.58626459628329,0.8249430247838112,-0.3275982175444797,-0.4605957161353284,461
3946.1928212682537,2188.0947411875404,1533.5714936867798,412977.3490838439,0.0012951538759735013,0.9964028776978417,0.7331277941894803,-0.6797959143565451,-0.020028784561625525,0.5594925517010233,0.5861201299751301,0.5860300997636678,-0.3866415936987961,-0.44084091015023275,0.8100417087779923,462
3160.62862811785,2426.2618290356627,1396.7221722516335,512327.67249200476,0.0015351948652382948,0.9964028776978417,-0.5332921502813576,0.6218037476647734,-0.5735499819879074,0.41869106333639067,0.7831569003033233,0.4597423876363078,0.7350491656552837,0.00503675464296735,-0.6779950996667587,463
2641.7927080662903,1898.3565026635883,1135.0347349089018,364387.26355082495,0.0008666935566492774,0.9964028776978417,-0.5995875307795988,0.6009375264811582,-0.5285535755250655,-0.5387589490137003,0.18529127965500763,0.8218308442383159,0.5918053630977647,0.7775224954626827,0.21266212934654327,464
2760.4207822697936,2515.6372123141664,1319.0139955234818,314162.6757428596,0.0,1.0,-0.4121364253031436,0.7745553381496656,-0.4797995363505508,0.5559729494578537,0.6309902015234452,0.5410595577684003,0.7218293748591014,-0.04376521135855818,-0.6906858619265777,465
3178.504479369256,2324.181381653955,1375.671012924695,333139.6506453574,0.0009632603998775397,0.9964028776978417,0.602647214693137,-0.5708937654068235,0.5575810642787494,0.5236284999726849,0.8101571777836053,0.2635498838968812,-0.6021872870120724,0.13313773283829966,0.7871752126786752,466
2198.2950191805826,2048.1760249564736,1061.6172745373249,613278.4540749694,6.7015951212930265,0.9100719424460432,0.9458111121237085,-0.2714787245034124,0.17815903660862736,0.16922786819367727,0.8803583459399674,0.44309266678705933,-0.2771340267991957,-0.3889324939830111,0.8785944720485201,467
2354.5240845555013,1923.5362324940097,1069.5145856322881,395768.3765706152,0.001001833933413003,0.9964028776978417,0.630783602449289,-0.5714683426529393,0.5249152124168247,-0.6128514179170773,0.048023152403931006,0.7887375459493587,-0.4759466214168616,-0.819217742836843,-0.3199329670152532,468
2330.8651607453394,1982.833925904994,1078.4243017664617,525849.5667674376,0.0003847857780249066,0.9964028776978417,0.6250772428332032,-0.08014661765228719,0.7764373510921141,0.7758572844625126,0.17285393120194137,-0.6067676594994912,-0.08557987285861499,0.981681230413892,0.1702293958591485,469
3588.2199114517375,1792.2804557261818,1345.1247167945469,387512.68529923697,0.00215836475617771,0.9964028776978417,0.6295121003786162,-0.6003785153110521,0.49321410546516176,-0.6735214506422792,-0.10514961494377342,0.7316504725631606,-0.38740595116960064,-0.7927731055163721,-0.47056076352401516,470
3280.748383868784,1974.3498814287173,1313.774149696894,328157.691134299,0.003457719992868438,0.9964028776978417,-0.425189989870735,0.7498892110081314,-0.506832954460665,0.6259703318705613,0.6480901668918787,0.433751402529048,0.6537389510588946,-0.13283563825893654,-0.7449698497769943,471
4645.97972068821,3251.242678811303,1974.305073781648,563462.3314547159,0.0014952427527284455,0.9964028776978417,-0.5016963686616942,0.6308584759867895,-0.5918769609870744,0.6674735086706836,0.7175428455959963,0.19902607858481108,0.5502543674470168,-0.2952115309564072,-0.7810699604362326,472
,,,,,,,,,,,,,,,473
,,,,,,,,,,,,,,,474
,,,,,,,,,,,,,,,475
,,,,,,,,,,,,,,,476
,,,,,,,,,,,,,,,477
,,,,,,,,,,,,,,,478
,,,,,,,,,,,,,,,479
3440.314836717873,3039.687022837108,1619.9994200077958,425468.0299477232,0.004861319410594426,0.9964028776978417,-0.5358734546794196,0.6231765607518825,-0.5696407768931219,0.49679820786469187,0.778262494318664,0.3840560253391708,0.6826647648973649,-0.07719108799820554,-0.7266432100427822,480
2430.532518725893,2272.4263562061324,1175.7392348438443,774387.5748192539,0.0,1.0,-0.4587432521462792,0.7646046052500698,-0.45269683701196795,0.5849647703539971,0.6433632698234042,0.493862248493275,0.6688578668558447,-0.03825572731660781,-0.7424053160319682,481
2873.827729814007,2727.6337615894295,1400.364292068055,616697.3280014526,0.0,1.0,0.7722391353356249,-0.33834491954494694,0.5377447659198644,-0.3459671479351618,0.48595508368045803,0.8025922932565007,-0.5328728276105812,-0.8058352015537932,0.25821730680003113,482
2896.4824128599166,2035.0815208279969,1232.890521982453,311017.0914089308,0.0005386943934468544,0.9964028776978417,-0.574721436395157,0.7515253451704135,-0.323890299506451,0.5168149971045011,0.6401893966471669,0.5683834930646833,0.6345057362355064,0.1592708133558291,-0.7563301386942151,483
3486.355183830717,2309.426046123614,1419.2850135396095,473327.4511657906,0.004816193149913189,0.9964028776978417,-0.08182869590051688,0.7130952956399328,-0.6962752069860146,0.6827961115805887,0.5490227144308114,0.48204100349394746,0.7260120760274231,-0.43596921723353416,-0.5318245077909917,484
2634.311385316939,1838.145321390745,1118.113718490961,243968.5373044072,0.00015047473841853703,0.9964028776978417,-0.4378594989899214,0.8114522323162313,-0.38707148411281866,0.5688983810397639,0.5834532580040533,0.5796006623312219,0.6961563697867245,0.033579314964134216,-0.7171044124894985,485
2808.8530372356927,2423.964342177458,1308.203858160559,436856.75302067905,0.0013666441497204571,0.9964028776978417,0.6974871566034779,-0.49237292241409897,0.5206539845680577,-0.24407671551216992,0.5198879883991783,0.8186226459505302,-0.6737493772301292,-0.6980582961269465,0.242438429070883,486
2168.736455118091,2168.144251686311,1084.2196621357634,496038.9806013864,0.0016903321767364728,0.9964028776978417,0.5801976104611376,-0.39377947465766217,0.7129575430230902,0.5312990526296517,0.8464549730073418,0.03514676864200741,-0.6173265339267546,0.3584015959918089,0.7003258145324244,487
2429.391498133393,2044.4022109518446,1118.4478662745241,794232.6173900712,0.0030164238382551977,0.9928057553956835,0.48206501757236364,0.01503678158556104,0.8760064006801006,0.6340440410548497,0.6840438405484351,-0.36065520682583135,-0.6046498762389627,0.7292858968931837,0.32021962425328027,488
2712.8741976368933,2120.955141143364,1208.4562005920236,286520.69070952747,0.0009784774778867722,0.9964028776978417,-0.5427004175245235,0.6573649419665832,-0.5228265390088559,0.3396881395314041,0.7410670520619153,0.5791645640143706,0.768172002015435,0.13671487637244617,-0.6254764726974672,489
,,,,,,,,,,,,,,,490
3503.6473813432663,1689.9338985102133,1298.3939090334447,201002.64912041224,0.0004983997572323265,0.9928057553956835,-0.486396670216636,0.7830358046550702,-0.3876508839540494,0.5356788534158963,0.6177529491869986,0.5756991052397044,0.6902654889281368,0.07236174679312504,-0.7199286995222847,491
3513.42970117323,2058.5303797876604,1392.988924205191,435987.23467229743,0.0024135912423644606,0.9964028776978417,-0.556466849183961,0.6653411512113985,-0.4976603241810278,0.6023502235345009,0.735605994201571,0.3099322982566597,0.5722926296635416,-0.12729875804346713,-0.8101087409930714,492
2391.4452744096193,2150.960840379645,1105.8544367788502,605076.2546085465,0.006069850136591622,0.9892086330935251,0.7814161675491058,-0.17877420625042859,0.5978532899235371,-0.6008472750685027,0.04305351647204203,0.7982035747615684,-0.16843789696984154,-0.9829476984554777,-0.0737732808370091,493
2836.106978759931,2190.537766580082,1256.6605677583793,500543.29615552013,0.0007404010184477965,0.9964028776978417,0.7719321906869202,-0.5365787967097776,0.34088691365727064,0.22321323769655793,0.7308731255867378,0.6449808716637203,-0.5952281440744484,-0.42179102552870856,0.6839559834412796,494
2171.8490065624983,1565.9908421957482,934.4594927568012,220017.9609456304,0.0006652869313068996,0.9964028776978417,-0.3726096612059512,0.7469270843253594,-0.5506922653144893,0.6043698183956596,0.6456411050934863,0.46678119716421657,0.7042010813598512,-0.15889460064734529,-0.6919922997380368,495
2561.403681876238,2304.322714941644,1216.4156630053656,340972.74911510985,0.002665410920160783,0.9964028776978417,0.42347105175740246,-0.4987550579665779,0.7562510565124752,0.8071423476222797,0.5867689100889183,-0.06498828223501579,-0.4113313737101444,0.6379229093752775,0.6510459758695288,496
2104.3699016893324,1374.7561283718233,869.7810629914745,218228.63902515572,0.0006434863372327689,0.9964028776978417,-0.40253876298508384,0.732293189591036,-0.5492806466397897,0.505574098900295,0.6780735571373745,0.5334895328234871,0.7631234335385024,-0.06295185136002629,-0.6431793603612852,497
3089.217019710799,1981.2337376526068,1267.6122346085097,451483.97001035337,0.00047121933638344225,0.9964028776978417,0.6454422218164706,-0.4887183313614855,0.5869912528205709,0.2736737226297043,0.8654530525801466,0.4196352074382055,-0.7130967899511382,-0.11020619933085135,0.6923493061962516,498
2616.7415891069695,2319.5110220456195,1234.0626162997214,433295.24537596677,0.0,1.0,-0.5012027555902299,0.7190130939209213,-0.4814727080105631,-0.08743846281547597,0.5114745026459095,0.8548382001078252,0.860900872928601,0.47054649495388245,-0.19348303046362741,499
,,,,,,,,,,,,,,,500
2265.849465150141,1605.7087428705652,967.8890929124743,237360.7653375149,0.003186076035122194,0.9964028776978417,-0.6014041456425088,0.6177640135044903,-0.5066366323340902,0.4118088906115671,0.7830943334289711,0.4660222125228645,0.6846360282787303,0.07163022106806288,-0.7253568916143736,501
,,,,,,,,,,,,,,,502
4191.713229885053,1750.0739544391133,1485.4463683497443,570372.719262774,5.77151910533419,0.9460431654676259,-0.3488375786167251,-0.2910266815391351,0.8908511740897798,0.6648260168807304,0.5931293087550601,0.4540968953585209,-0.6605442536449189,0.7506670991378692,-0.01342368237904712,503
2646.796985966668,2447.8622819656025,1273.618830064212,480128.25430454355,0.0,1.0,0.39097833234900503,-0.3195614288973149,0.863143346608602,0.8558862152595288,0.47114719367943253,-0.21325831382789023,-0.338518434006644,0.8221318720552693,0.45771656599754806,504
3377.89371111802,1891.6212146877833,1317.3783019343418,406517.33227902727,0.001059025703331235,0.9964028776978417,-0.5838731674684331,0.5922011018556771,-0.5553287128100806,0.3414782628347897,0.7997249721911182,0.4937940510630415,0.7365356205382827,0.09868041251858106,-0.6691617561273577,505
2638.6177851224857,2271.181115198548,902.8956855131376,451441.51834578626,0.009089809506000513,0.9892086330935251,0.6780487646880069,-0.47586135059676504,0.5601837624505825,-0.6425676056586477,-0.013726714340849405,0.7661060301756654,-0.35687076773417675,-0.8794131863473663,-0.3150804703804917,506
2812.0174576640234,1926.5343591120336,1184.6374861509785,440735.2005593338,0.0002795934463956121,0.9964028776978417,-0.464562514566876,0.8041686258760768,-0.37080249623739536,0.5736060462957259,0.5922796584152834,0.5658453056096345,0.6746538176815475,0.050175964206556095,-0.7364269134840575,507
2342.3476867064564,2172.619263581047,1128.7410746567805,396905.30336954416,0.0007453951452171141,0.9964028776978417,0.581484003513243,-0.35513946788190315,0.731951031156299,0.8030946711875253,0.10674003503939014,-0.5862128572711369,0.1300588434840605,0.928699371848796,0.3472782370941781,508
2431.9421697487473,1700.7035138651522,1033.1560270891746,141652.2936285299,0.019880030197362352,0.9892086330935251,-0.4688392366380202,0.7795817453973629,-0.4152614506932709,0.5512475023473515,0.6255856447331345,0.5520586855214172,0.6901564759853269,0.029914935183446623,-0.7230415861542716,509
2147.98346713425,2095.8293078978077,1060.952487327043,485465.17207121546,0.00185993505315867,0.9964028776978417,0.5113817609410548,-0.29367661734670253,0.8076154648102178,0.7546077514767037,0.6031101826160081,-0.2585058007785488,-0.41116400132805797,0.7416280415738632,0.5300301991049349,510
3725.937921218701,2360.105877162261,1521.5105198544352,445048.32618030946,0.0020766933003844796,0.9964028776978417,-0.5238333605949569,0.6776152567890755,-0.5161745577752443,0.3967637959933655,0.7303126902352306,0.5560772110690341,0.7537752320929156,0.08649241728646057,-0.6514153523177173,511
2986.923663441122,2594.9932051600904,1395.4787065413927,460751.8954475936,0.0018080639671584548,0.9964028776978417,0.6350972706636948,-0.4339694210669104,0.6390007812001299,0.009588135677625268,0.8316234540814496,0.5552571460826657,-0.772372659051156,-0.34651547180535813,0.5323227435961732,512
3522.8612618135526,2933.33278122554,1614.0480224253408,174880.54253654226,0.0,1.0,-0.5343483982508718,0.7636355923452537,-0.36239822211241796,0.4474087653708605,0.6192772721345078,0.6452294606471136,0.7171451637960409,0.18263718767314727,-0.6725670760026792,513
3072.220047541423,2097.2849982953594,1292.3757985664502,508846.2056793377,0.00019576318733810635,0.9964028776978417,-0.5981808266584034,0.6262120673168553,-0.5000381439100616,0.7825093924511533,0.5909929620852753,-0.19597543083611133,0.1727968441378378,-0.5085132894157465,-0.8435374829511616,514
2460.514364020421,2014.0617244059958,1118.6435169592323,319164.1059388256,0.0,1.0,-0.48396222924057947,0.6811838552174838,-0.5493351582226781,0.49502689275273226,0.7307614660414488,0.4700383550312969,0.7216155043512187,-0.044454866325281506,-0.6908652753901716,515
,,,,,,,,,,,,,,,516
2217.0038487610614,1685.6813946200061,975.670827614362,268753.6828110248,0.0014005307051330649,0.9928057553956835,0.646722439016764,-0.1314716492651586,0.7513090524622389,0.7590994768136109,0.015011439878740623,-0.650801537316922,0.07428372078396592,0.9912062661788745,0.1095082951845371,517
3330.1393977137022,3034.6388515386825,1591.1939864256315,348151.6006411134,0.000687207364424825,0.9964028776978417,0.7349736294129438,-0.46495313468720784,0.49359127485410836,-0.15264697573789632,0.5957793548539271,0.7885086309787056,-0.6606910509955761,-0.6548782656909432,0.3669084248964358,518
3070.8821197670545,2111.9948390238624,1294.091680985883,596750.8229181353,0.0,1.0,-0.22756152847786765,0.7755239597637997,-0.5888788827841368,0.5592037395936231,0.5991616060094951,0.5729716812449197,0.7971868842256025,-0.19891696186197666,-0.5700220293131459,519
2452.9288753356864,2450.7533399337867,1225.9200382573838,455714.1887934053,0.001701083592150255,0.9964028776978417,-0.5977264994523179,0.6646883445145695,-0.4482325696766791,0.021140162994488527,0.5719760194364553,0.8199978821303102,0.8014213157640895,0.48065875406166125,-0.3559368438119981,520
3388.8761516354657,1864.1319197465707,1313.1788667314188,181600.0572239329,0.002330564799029389,0.9964028776978417,-0.48029290473361164,0.7663597814274817,-0.4266279539282118,0.48324915601772717,0.6371279155648144,0.6004483928000717,0.7319760780727089,0.08222350405119691,-0.6763507348342563,521
3892.5772253723985,2406.4698731844696,1574.7613678747714,481135.3196289791,0.0026261299479343014,0.9964028776978417,-0.39947781341591126,0.7569372829987039,-0.5171686631989437,0.503681660094648,0.6525838721106784,0.5660733831804259,0.7659779774071458,-0.03435461348311006,-0.641948205589582,522
3197.8096905035686,2372.4092417449,1392.5542809888598,498486.50260694145,0.000915739502468775,0.9964028776978417,-0.5043486249667997,0.742806434229584,-0.4403079215290467,0.5455652667457499,0.6693571800541942,0.5043010065729947,0.6693213011810824,0.014126810575201793,-0.7428387638029097,523
2432.0862662556465,2154.3436619103572,1146.577619563705,345552.42931473104,0.0004369805815314463,0.9964028776978417,0.7511096561643257,-0.001187767996107148,0.6601763958396998,-0.6592002808874925,0.05303964984121304,0.7500945175260065,-0.035906463130744554,-0.998591700722527,0.03905561615864675,524
3581.9242880873967,2196.891274094557,1444.7033846597674,459622.8153213896,0.004854435876313116,0.9928057553956835,-0.4051940660705944,0.712585630072468,-0.5727473165676138,0.5741403223069083,0.6858715461603856,0.44714998878327344,0.7114637440674669,-0.14765480683603135,-0.6870352239119301,525
2848.1418813956084,2121.528605104865,1242.417159491103,377322.7377182407,0.0,1.0,-0.5010418579865746,0.6696914856650491,-0.5481517769496881,0.5256192409944527,0.7386705257058852,0.42200742641546796,0.6875183416038999,-0.07667573593471685,-0.7221075830353071,526
2620.4838752660953,2301.5656268326657,1230.5109462078537,282877.0459505782,0.0,1.0,-0.5338246143709834,0.749850999001325,-0.39083853493275944,0.6255814826472657,0.6611911140599547,0.4140943361807849,0.5689280179957038,-0.023447600834004934,-0.8220529912083585,527
2678.147675997385,2215.2512158601276,1223.349221500834,344251.48759391124,0.000744640488872659,0.9964028776978417,-0.6735359071019849,-0.0045842682023332516,0.7391402886660662,0.6738808616410888,0.4070591601335732,0.6165934028719522,-0.3037004546558501,0.9133902915163917,-0.27107971005855613,528
4104.830930038469,3040.5666454630727,1786.3489095504692,501768.40220059507,0.0022420100716550417,0.9964028776978417,-0.4927880957902903,0.7590213890520604,-0.4254955036294279,0.5723328281040458,0.6510621220935399,0.49855114787700694,0.6554349903093398,0.0021550258785879295,-0.755248521575288,529
2732.943944527108,1953.758841468139,1171.6733789360085,214297.1816733629,0.004554662157843647,0.9964028776978417,0.6568282895389878,-0.45203742105672634,0.6035219697953602,-0.6481529378410678,0.07054038832887467,0.7582359941221496,-0.3853237174497317,-0.8892053888606364,-0.24665645986254622,530
2726.5612300423236,2242.380737174917,1242.2350358521064,414561.91393350216,0.00020278941328528134,0.9964028776978417,-0.584235280419068,0.7268854614531733,-0.3609801421708128,0.5194656955756422,0.6766593722256018,0.5218117333860639,0.62355795900122,0.11734402373901154,-0.7729203399180093,531
3048.000620807899,2641.2622938097566,1422.3152484283748,457033.6018499871,0.0006824285290847405,0.9928057553956835,0.7529606036851031,-0.48340702290312487,0.446506415974175,0.22964943778139862,0.8288807943905252,0.5101154422453994,-0.6166939800458999,-0.28155688394793266,0.73512873435656,532
2967.520006744507,1672.9808038307426,1160.1247960261205,285365.772591624,0.0024662889091531396,0.9964028776978417,-0.4909976132296991,0.8068299849978587,-0.32855246021159834,0.5968823457927355,0.5862776563396711,0.5477316632784927,0.6345492960233273,0.07282777619299993,-0.7694435040541198,533
2953.576782665754,2557.0447330659385,1377.6548969432056,491493.22814374603,0.0015789523929995782,0.9964028776978417,0.7239755010696107,-0.649278406213304,0.23301722055701743,0.3862539657643647,0.6614216401721751,0.6429069044918173,-0.57154820250116,-0.3754450227890382,0.7296394226469891,534
4103.427466379055,2507.775317381356,1652.8002930115385,362529.76637267024,0.0014655835746427716,0.9964028776978417,-0.5897661900725191,0.6184517156048063,-0.5193200520996829,0.6349218713118404,0.7524793456868695,0.17506870549738904,0.49904915426961316,-0.2264780558467701,-0.8364553974018287,535
3434.518270715281,2074.1171149757597,1377.1584209194657,167450.7771465864,0.0011414015777259394,0.9964028776978417,-0.45933584229515695,0.696687297701746,-0.5510330236964366,0.5927716587433293,0.7024292474352544,0.39397323886048946,0.6615378632955795,-0.145670729965155,-0.7356274151074973,536
5082.7069221584925,2293.1075166209657,1843.953230134304,319026.73570407275,0.0,1.0,-0.36160271836611013,0.8024451444909123,-0.4746843837258591,0.604683098869888,0.5893838020669083,0.5357098877212036,0.7096490851197857,-0.09331947248090464,-0.6983478016322073,537
2955.096425801982,2042.3292086656197,1249.3559434366828,229366.18300734455,0.0028582311751369906,0.9964028776978417,0.5568316095852401,-0.5462382802777811,0.6257493905117951,0.29524962069282445,0.8343110639617881,0.46556708435164573,-0.7763802032815199,-0.07449019875206056,0.6258474177005323,538
2875.1861808470867,1653.0922714430744,1132.0691866048894,239706.1700233801,0.004218226474144447,0.9964028776978417,-0.577742486943525,0.7699571491426708,-0.27088670558815126,0.5904347157541793,0.6233859909831897,0.5126175501074737,0.5635605248884918,0.13622002323446278,-0.8147660032533329,539
5510.074601234329,2467.0016136224153,1994.268691733404,557930.7713228614,0.0012862563859751986,0.9928057553956835,-0.49408408203989096,0.6774797009639102,-0.5448873045471413,0.5892000643014804,0.7217789456022524,0.3631507096405461,0.6393154183201979,-0.1416206498613518,-0.7557905711444929,540
3810.062258607354,2381.06566157382,1547.781573765993,263082.386485226,0.0024039321833411566,0.9964028776978417,-0.5248088312600847,0.6056442835240995,-0.5981393587334012,0.47946907791158877,0.7909353018968374,0.38017200257247974,0.703338534390115,-0.08727170244666388,-0.7054775375545463,541
3663.051277275424,2606.290220580795,1567.3349465063595,428974.60586281837,0.0031743959250236453,0.9964028776978417,0.44167415963204415,-0.6082232938613253,0.6595364747440488,0.40042077029345674,0.7914838676813152,0.4617537156513429,-0.8028618457934854,0.06014741893636222,0.5931232119588403,542
5698.544572473353,3285.408162032375,2245.987405526949,315541.5549934613,0.0009791989608851782,0.9964028776978417,-0.6318245529057624,0.698046249589984,-0.3369408965661358,0.45618914106722847,0.6863252514776437,0.5664354480048839,0.6266491856834874,0.20417904549073365,-0.7520782641884521,543
3832.203822656553,2689.6707302463574,1630.4661898476477,379742.43268681935,0.0026587027205720593,0.9964028776978417,0.6629864165071205,-0.5321222656527783,0.52658798497839,-0.010819930271450784,0.6965164867415584,0.7174592063707298,-0.7485532316649017,-0.4813633535010227,0.4560234437726657,544
2837.536824744647,2802.422909629806,1409.9538472400698,979691.4075168862,0.0024093715802258634,0.9964028776978417,-0.47357092817288443,0.7381929825878463,-0.4804182515761995,0.5239431437818868,0.6745676927686404,0.5200403926203678,0.7079648000242851,-0.0054358376404125,-0.7062268003946899,545
2925.75199267554,2780.6367819151187,1426.5966738749823,618003.0083925892,0.0032530038894050127,0.9964028776978417,0.6539773921826185,0.002272652145696313,0.7565106777608934,0.6765609544581269,0.4456813982772034,-0.5862024958428488,-0.3384949710360996,0.8951887657259231,0.2899279708847848,546
2690.2863210320165,2688.5508555682536,1344.6919334484658,433564.23111407476,0.0006187364838971726,0.9964028776978417,0.611243389476764,-0.31265788567613334,0.7270670982416182,0.7652437717077595,-0.000933692981716399,-0.6437399304687401,0.20194922303252247,0.9498653455842812,0.23868878602610274,547
2630.8323798797264,2534.6719566496295,1291.3755651693587,376215.91674649366,0.00020836572695586144,0.9964028776978417,0.7541658170100752,-0.4287455397548989,0.49740444569163844,-0.30959402502613187,0.43585037768286916,0.8450952537683661,-0.5791247362370602,-0.7913353969171231,0.1959663988146303,548
4170.885120768801,2759.3273567994906,1732.552630338288,427700.9858418563,0.0008533027001439273,0.9964028776978417,-0.42965332114822125,0.7786026677339669,-0.45735752909933985,0.5637902069829237,0.6269427971530526,0.5376647018431269,0.7053641797939952,-0.02684427118504773,-0.7083366141659544,549
4336.260732289273,3073.787609495192,1852.5116360335958,468061.3922623098,0.0,1.0,-0.5712599370874398,0.6792861633317168,-0.46068687042820156,0.33836445283655026,0.7062789873074852,0.6218355804748834,0.7477777619958195,0.19934969373939238,-0.6333151808306305,550
,,,,,,,,,,,,,,,551
,,,,,,,,,,,,,,,552
3092.1936908504645,2145.35436869974,1309.3865680292631,568559.6009651555,0.0003596384268487841,0.9964028776978417,0.6746186063948088,-0.6180843895533075,0.40356092885268446,-0.058544923931223014,0.5001841276651002,0.8639376889068968,-0.7358411702180121,-0.6064548835836167,0.3012478155767582,553
4101.317855838885,2684.017140389777,1696.333307234214,502785.6297462324,0.00038045737284619154,0.9964028776978417,-0.4270899710238298,0.7345479031302627,-0.5272888531514758,0.5983604030310165,0.6667974277898272,0.44423644422472797,0.6779077995829699,-0.12577984059381125,-0.7243068734761335,554
3497.2086685489126,2255.747428048356,1438.23859824609,292237.82511455275,0.0004425538041039057,0.9964028776978417,-0.4052632983468437,0.7348281742563038,-0.5438650690494697,0.5339579100653933,0.6731484840481162,0.5116249297115225,0.7420583597613024,-0.08305824909586199,-0.6651696911055819,555
,,,,,,,,,,,,,,,556
3905.350889822848,2194.75699653933,1525.0264886228751,175941.41467484424,0.0011962920406812364,0.9964028776978417,-0.44078786097219746,0.8135916530978285,-0.37917632261139084,0.5827363133121124,0.5806806070236108,0.5685318124556431,0.6827330743174542,0.0296421091731634,-0.7300663631457103,557
5790.575010414656,2525.858881283545,2079.108033715424,201662.31034370823,0.0047133830404603215,0.9964028776978417,-0.4190561381219867,0.7969402065455121,-0.4350612144210088,0.5218866116549449,0.6035169239932878,0.6028280741878241,0.7429847358308294,0.025566181663998377,-0.668819895545517,558
1816.0390947245096,1724.1173085003343,885.0385621381186,405927.20716696396,0.0022242869668184476,0.9964028776978417,-0.5821940109481292,0.7844222100131087,-0.2138502514711642,0.5812157152226543,0.5854557200449424,0.5651812914851981,0.5685406106817246,0.20475203614325405,-0.7967673297147941,559
3056.557277275589,2440.7874759191227,1374.3356881648447,469636.8113114987,0.00035013212184411196,0.9964028776978417,-0.20485248682272328,0.7018593649543017,-0.6822234901177842,0.5423206994221808,0.6616243828718507,0.517823748941355,0.8148151432200943,-0.26390643761641586,-0.5161682618718727,560
2147.6890191914495,2062.207801719528,1052.4733080656804,503435.04895542667,0.0005414324843990851,0.9964028776978417,-0.2949884756171586,0.1418618849353607,0.9449111094995399,0.9554890885462702,0.048694479030548146,0.29098015289871815,-0.0047329612382657135,0.988688046511401,-0.14991179327653675,561
3095.6528964919694,2297.128574801896,1348.1948901195615,447292.35991343245,0.0,1.0,-0.29358069684674865,0.7462937417405369,-0.5973742758755908,0.5489180228056795,0.6432249317829345,0.5338077288424578,0.7826233951768125,-0.17119386137285478,-0.5984925088505042,562
3915.9755702041557,2164.9700949523517,1520.2356872570133,271821.1102179668,0.000805255086572038,0.9928057553956835,-0.5423699720066436,0.7303744204413252,-0.4151963624967237,0.4596831498122557,0.6716478550177658,0.5810168333436798,0.7032255792021473,0.12426731193291524,-0.7000224424550769,563
2570.3750001906997,1674.931933871677,1061.3263205041671,102827.51500154115,0.003065042241571645,0.9964028776978417,0.6590121290764863,-0.44134551244272774,0.6090296810310173,0.7119101459974616,0.10477142741672059,-0.6944111836822155,0.24266635068741885,0.8911998017525189,0.38324398964670237,564
,,,,,,,,,,,,,,,565
3849.054149480563,2635.447927002213,1621.1250736946067,508222.56073132285,0.00264750483472646,0.9964028776978417,0.3749333826233354,-0.6501647896318196,0.660840907418446,0.5413927053526875,0.7322160741457538,0.4132233770655746,-0.7525416248856416,0.20284320813276346,0.6265267238744782,566
2803.1169195260254,1721.9059560801031,1131.2552951313894,233597.01820223746,0.0014166638641828402,0.9964028776978417,-0.4054237799693504,0.7861171160104862,-0.4665312835713373,0.5027158718869787,0.617987890802023,0.6044565484590118,0.7634843225556622,0.010528377720363247,-0.6457405380447311,567
2701.8266338328795,2525.1936095586348,1306.6035205140677,371555.0371620951,0.0007317857259006846,0.9964028776978417,0.5528967135810895,-0.5708142383640926,0.6070225114376333,0.48729549888928736,0.8124395000503603,0.32013302784961345,-0.6759055561788728,0.11879883854121501,0.7273503386180467,568
3414.838430137449,2048.382015562401,1365.7982391291064,520041.7753405838,0.0025863930784005684,0.9964028776978417,-0.44023107457524485,0.7660163706441412,-0.4684181047776687,0.5017933970212354,0.6425130371381652,0.5791203534787736,0.7445804104891655,0.019897663497720763,-0.66723616156734,569
2818.1197037652287,1976.9822991085782,1198.7750308350123,675877.0646743408,0.004742453309947585,0.9964028776978417,-0.5473963229817789,0.4128339933475854,0.7279597238327914,0.6930203797790699,-0.2639996598249176,0.6708404674907452,0.46912686855146324,0.8717065294862795,-0.14158992779885338,570
4144.232239037343,3133.5945534066973,1819.456253740592,578094.107006965,2.1644315074911445e-05,0.9964028776978417,0.5554724131137473,-0.4467496878342536,0.7013309594546553,0.7662597577269649,0.602570056337264,-0.22305898523466758,-0.32294950372744596,0.6613048038731485,0.677037350828219,571
2196.7658752839816,2160.916856293966,1089.4196241840036,400550.45927233907,0.0,1.0,0.6447153475917619,-0.4763442573130893,0.5978614129582835,0.3897944995695622,0.8776467842620997,0.27892000677561624,-0.6575730899945256,0.05321908115738749,0.7515087229805221,572
,,,,,,,,,,,,,,,573
2277.5413248783093,2093.838626185905,1092.8442099971483,388439.784418745,0.0,1.0,0.4682147614974973,-0.368261913019964,0.8032173432731132,0.8209541090982792,0.5175096462242801,-0.2412843070310859,-0.3268169026695109,0.772377452728714,0.544631786297688,574
3324.7844395056504,2118.699308755071,1360.870516027909,345496.07333446166,0.5888638035463101,0.9712230215827338,-0.5774052967092724,-0.08735055560368377,0.811771521899977,0.6420096644103006,0.5656778799771612,0.5175250012398606,-0.5044072899313117,0.8199868392482115,-0.2705455032409107,575
2320.0664784591877,1795.2580531525978,1028.8306248327528,349971.83082862844,0.0017239242790316118,0.9964028776978417,-0.4276056767213087,0.6904862944271047,-0.5834227133425962,0.5638238675983446,0.7081992624929556,0.4249193463833793,0.7065805202255127,-0.1472497260193018,-0.6921426779393716,576
,,,,,,,,,,,,,,,577
,,,,,,,,,,,,,,,578
2830.58632060957,2425.2564924968606,1313.9601986517912,611447.7523384391,0.0006634426478273726,0.9964028776978417,0.2930389239234434,-0.6670606806821072,0.6849512664078476,0.594388189267605,0.6882389015279627,0.41596862247381233,-0.7488864196425038,0.2852319454610704,0.5981737772282607,579
2891.698485037206,2513.895238689058,1351.3978495432727,677710.3867517714,0.003121205141607356,0.9964028776978417,0.7644084513629001,-0.19215696528427587,0.6154310848321771,-0.5281672166605121,0.3608028493864962,0.7686746354080334,-0.36975547423947686,-0.9126319107763672,0.17430973783072665,580
2277.0244214552527,1753.705303686473,1007.6819242831976,180060.98459615602,0.004560442163039458,0.9964028776978417,-0.33510478185038084,0.7812919445480715,-0.526581126290434,0.5554551961551604,0.6152642264388163,0.5593920420678841,0.7610350256362983,-0.10503727456926093,-0.6401506546945186,581
5509.909659851045,2968.8132554663234,2119.677472023378,950996.2075051112,0.004104555663502725,0.9964028776978417,-0.32478453223395337,0.7587600580782111,-0.5646221585155172,0.44276416232747645,0.6495070880718316,0.6181427336003379,0.8357481104854623,-0.049231258460451593,-0.5469016173045935,582
2914.119326397221,1904.2887292400787,1204.6008245574794,429154.9324562448,0.0017924081240938308,0.9964028776978417,0.5446911138836766,-0.4849368732468463,0.6842132850374448,0.7661332689186433,-0.04410604664695415,-0.6411664923443913,0.3411032170944644,0.8734362516032574,0.34750210024265726,583
4386.471327390344,2573.0106011285416,1739.8678949278815,123186.60308442592,0.0018684380324966215,0.9964028776978417,-0.54114894715183,0.7398997801160274,-0.3996324966525122,0.4938788498283766,0.6642709106755482,0.561095213776127,0.680618467784019,0.10626604638609685,-0.7248903563276325,584
3118.867145047108,2081.7142118270413,1300.1449222198157,622105.7866085828,0.0027174509598970275,0.9964028776978417,0.6942697695160835,-0.33281966799233764,0.6381383515614418,-0.5943066136312997,0.23499108119911363,0.769141625938272,-0.4059422817719057,-0.91324162211013,-0.03464972605197572,585
3733.689789064257,2701.7724149670657,1608.865100412034,370527.92898148467,0.003422991576272545,0.9964028776978417,-0.533275231400676,0.6843197358854365,-0.4973168272361612,0.49765389240572344,0.7291758961380252,0.4697266395093433,0.6840746530518348,0.0030019275464666095,-0.7294058249582448,586
3784.491377723769,2311.0919606150387,1523.89539074147,348292.2685212659,2.109513768204931,0.9568345323741008,-0.25875374686291497,0.7929609911853068,-0.5515971038201871,0.5775013040167252,0.5847443545046394,0.5697071912254,0.7742988714594543,-0.17113417640368755,-0.6092407991289217,587
3270.172594024251,2557.9015940293657,1456.9841273936638,403433.7903887147,0.0,1.0,-0.6818090110060782,0.7069235215934475,-0.18813720293666583,0.5080645040141206,0.6426393081599753,0.5734851169547069,0.5263144803934233,0.2954214857209727,-0.7973200195044734,588
2180.5086132581446,2179.9561149682277,1090.1156376534086,450556.1826323644,0.0,1.0,0.4650478310405053,0.11264463686286054,0.8780898021447214,0.8709342541752942,0.11965795506555689,-0.4766083283930877,-0.15875780216621116,0.9864041563048909,-0.04245940032302283,589
2579.0059592256275,1770.2173513372854,1087.3053328269707,519266.87867197406,0.0027447529423516403,0.9964028776978417,-0.39443584186403724,0.7129817343611503,-0.5797218411620995,0.7100604346608114,0.6369300754858462,0.30022368006353856,0.5832962761601586,-0.293218562524545,-0.7574881707384822,590
2297.609114143463,1740.0933369265006,1009.4081034496005,351715.1336032048,0.003206970057736759,0.9964028776978417,-0.4397989449513705,0.71097167968947,-0.5487222965209225,0.5052240787639497,0.7009985279457767,0.5033385481512147,0.7425129751437209,-0.05585995432676308,-0.6674984249013868,591
2044.7981709329715,1648.79539826192,923.3978945076467,257592.55091755855,0.0024766341849423532,0.9964028776978417,0.7050183555369683,-0.0918244588515859,0.7032193022895222,-0.7061013940661822,0.0015411799750806691,0.7081090636773961,-0.0661055190868589,-0.9957740172955398,-0.06375081823285972,592
2807.0925810996137,1846.7613566246864,1163.4630321845448,285685.5701324794,0.0,1.0,-0.507367888676632,0.643863567261962,-0.5727281486818313,0.44129521419066886,0.7649982117488524,0.46908023828921813,0.740159685116819,-0.014745940924841966,-0.67226943836085,593
2734.273732523437,2577.8286030955146,1328.0250981035392,685304.6250933656,0.0015893800587621328,0.9964028776978417,0.4791767966925021,-0.59949984224006,0.6410846563954371,0.5368606209873871,0.7780238437985676,0.3262814308445076,-0.6943848148862053,0.18782661588562274,0.6946588308086245,594
3168.3450313210897,2654.699726369501,1455.7492829308076,303311.41348754824,0.0025021543954432193,0.9964028776978417,0.7157957634402619,-0.28496883281910135,0.6375179914031383,-0.6574264228789005,0.032788505175526374,0.7528050294923697,-0.23542923255540274,-0.9579758234162665,-0.16387616729805635,595
2952.62421642327,1588.019847856346,1135.1606052194788,374383.82732524624,0.005576043769064321,0.9964028776978417,-0.47544543809569156,0.7583626873295061,-0.4459121772954464,0.46101281150818046,0.6464685454421671,0.6079026298505473,0.7492788686592721,0.08345330562810854,-0.6569754354315105,596
2795.8108676164557,2170.787875486641,1241.6492127530423,526501.1383747718,0.0,1.0,0.7096642103627673,-0.6994910977577624,0.08419568093335085,0.49999639478208013,0.5842177351612086,0.6392912036998712,-0.49636711588814225,-0.41158455034263436,0.7643414447641441,597
,,,,,,,,,,,,,,,598
2807.361607973254,1752.2175061584946,1139.892096877353,344033.07109425147,0.0005023039488513759,0.9964028776978417,-0.5142188065380772,0.7600095739409523,-0.3974474386892535,0.5442164281393926,0.6473065593685771,0.5336878277997504,0.6628781926913547,0.058134892418470696,-0.7464669021046654,599
2421.808673567512,1890.757091628973,1078.1409930948262,580551.8461237882,1.7267492454570095,0.9568345323741008,-0.26233523503573714,0.3229159990494467,0.90934343458159,0.8193316730372553,0.5723625487868889,0.03311679791508325,-0.5097801820556747,0.7537415805858624,-0.41472616951334196,600
4297.078154806497,2707.394854649314,1751.1172690107855,311093.4177824903,0.0018057737817329135,0.9964028776978417,-0.5199227813683358,0.774906542937728,-0.35944422533477005,0.503418919164459,0.617912718641855,0.603948063965702,0.6901084648383192,0.13305533380113319,-0.7113695136183217,601
3176.827479416615,2588.04322789862,1441.2172008401956,408486.98187859927,0.0,1.0,0.5095187171327344,-0.5171928879484856,0.6876788447719748,0.6091844480767111,0.7812447036509858,0.13620213375258178,-0.6076882301911773,0.3495257210460892,0.713124663165092,602
2388.381635650662,2281.3077056543893,1167.4218165557106,476691.0525346829,0.0010664945613506475,0.9964028776978417,0.7136214449696254,-0.5965167563369617,0.36730395136547844,0.22543268885346127,0.6919788785826049,0.6858172747837861,-0.6632680725587222,-0.4066115972335153,0.6282853435497657,603
2724.071927229705,2336.6559013439205,1265.1814923620327,543848.352486954,0.0036461441381019062,0.9964028776978417,0.48440636556880795,0.44802429624908047,0.7514151335759313,0.8186367210986781,0.07076633598252362,-0.5699351231152663,-0.3085196782463374,0.8912162227328029,-0.3324894772359746,604
2133.217150519796,1921.6991074159814,1013.7285838103953,238608.97271793179,0.0,1.0,-0.3726801404541546,0.8117035100484324,-0.4497187172957402,0.5830525344078662,0.581847969562699,0.5670120655121269,0.721913606348873,-0.05089550167567625,-0.6901089717410908,605
2154.0634839297923,2070.9276949558684,1055.7367968730257,393448.42508760915,0.0017378872192732805,0.9964028776978417,0.6732513487292598,-0.07938778927830073,0.7351395788200611,0.7343298676956163,-0.04459896419041837,-0.6773260498484319,0.08655788146882629,0.9958456262426651,0.028270512004254907,606
3990.9981138662124,3071.55147921307,1765.6369089867603,241153.91730766444,0.0020470551209968834,0.9964028776978417,-0.593290551200154,0.6835100286617734,-0.4252297762097563,0.4240881150836749,0.7143857891213828,0.5565987917218244,0.6842189653184083,0.1498899096677324,-0.7137068182933423,607
2310.052635914215,1881.9687522995541,1048.0048593160489,640063.0363948686,10.72061354848595,0.9100719424460432,0.11649052890628908,-0.3295057865675794,0.9369396422895201,0.7158666400484519,0.6817667696493273,0.15076148535903083,-0.6884510950974464,0.6531615484858259,0.3153015718938377,608
2639.7527311906906,1898.2745580678745,1134.5063653785592,291588.01761252683,0.0,1.0,-0.47600050078920064,0.7124542256542725,-0.5155894680807601,0.5391697888548885,0.6995768710785897,0.4689223179142416,0.6947801537426102,-0.054783006482495955,-0.717132735388738,609
3621.5993905248374,2389.3611623390375,1502.739685114767,441274.4160230015,0.0011792817376210785,0.9964028776978417,-0.4259668594735457,0.7135336296345555,-0.5562571294022053,0.4824047361734541,0.6992618907312689,0.5275589812412932,0.7654004867699424,-0.04361843132745688,-0.6420743938990771,610
2837.573632833083,1658.6953698126129,1124.0667683025902,314544.0979510806,0.0009889591740438934,0.9964028776978417,-0.5713813671965177,0.7817688624440707,-0.24972140263409898,0.5396907858193151,0.5871639407249236,0.6033012202988726,0.6182695115581622,0.20994273606219885,-0.7574079869214145,611
4246.434509333666,3129.5166593550225,1843.9872442499154,787358.478079787,0.0011255718471431461,0.9964028776978417,0.8187319014416876,-0.5388252971267731,-0.19835668059816758,0.5237345722403141,0.5592366361037414,0.6426169019560775,-0.23532992032874633,-0.6300172093011558,0.7400663109360199,612
2722.4216491814595,1947.9085726622593,1167.5820970563811,297365.3449047203,9.759912595804583e-05,0.9964028776978417,0.7084812716214407,0.08797011258605607,0.7002253544775873,-0.7039597335728229,0.017866139753643574,0.710015136851591,0.049949787484497285,-0.9959628810060642,0.07458524243007904,613
2677.695768853113,1843.9741956330856,1130.4170685613767,487639.631560305,0.0009925808050537082,0.9964028776978417,0.6953211140818191,-0.2293570027321713,0.6811196030138412,0.7095147521698957,0.06803450732085659,-0.7013986899523692,0.1145310646301228,0.9709617248436331,0.21003800637829229,614
,,,,,,,,,,,,,,,615
3126.7330866008015,2850.4716069871715,1494.3006516721464,433972.99771262193,0.0025014792922044664,0.9964028776978417,0.5022192635093026,-0.36200253775151037,0.785321573638239,0.8337808707315438,0.4435434805329737,-0.3287531604089065,-0.229314785747283,0.8198922755692737,0.5245868712611056,616
3050.893566553044,1917.3585569055574,1242.0626231788635,374956.17195892055,0.0,1.0,-0.4720612617546501,0.7152333768827395,-0.5153633492435418,0.5086585314363358,0.6984560699153377,0.5034139616612268,0.720017127259927,-0.024501734455625646,-0.693523612763854,617
2240.235613564107,2065.636468550425,1076.4645329479997,460384.16513135587,0.0011561911526704305,0.9964028776978417,0.5679784100986847,0.40302225381238044,0.7176166027857491,0.7780345469023768,0.021467909461961095,-0.6278545792536249,-0.26844509585422427,0.9149383540956857,-0.3013719275521429,618
2675.3533791624445,2594.9793484193274,1317.5825374867547,854202.0957662037,0.0017449968555265265,0.9964028776978417,0.7386859193998239,-0.6443205049457605,0.1979752494300157,0.6401153125447252,0.7625754565127826,0.09344014003676428,-0.21117646442301677,0.05770407291310893,0.9757431736082158,619
2671.1568564383565,2128.5471687446857,1092.9309200867647,326536.7773985283,0.003077167257995891,0.9928057553956835,0.6436135001167138,-0.3917007252376539,0.6575197368260581,0.7516833743509658,0.16188247371931944,-0.6393482379946469,0.14399224698524118,0.9057398117289588,0.39862466840040334,620
3049.099496526744,2304.541831533396,1338.4098523837345,579415.4924413176,0.0013400921618801265,0.9964028776978417,0.2798267596804883,0.5385118264820374,0.7947968276897551,0.8355012604829132,0.27119314291920116,-0.47790367540443635,-0.4729002308079172,0.7977839882904304,-0.3740402113800505,621
3264.9747306461695,2506.436366288025,1442.8522902329664,478812.0277425196,0.0007734437684140555,0.9964028776978417,-0.6432192849480938,0.7515611957123759,-0.14637185716607812,0.5665623927375919,0.5957599895197794,0.5692776914853129,0.5150495185963362,0.28324160002862625,-0.8090106237911256,622
4132.927582148438,2642.99440051817,1693.9799782030082,387804.5591549929,0.0025340362552406922,0.9964028776978417,-0.5630950542800998,0.7310526355744865,-0.38533881697136163,0.3849031568051514,0.6446363133185496,0.6605252330021144,0.7312821068005975,0.2236203648388616,-0.644375987062378,623
1864.071402696993,1859.7611192703619,930.9576275913079,303161.73076163867,6.58171103912513e-05,0.9964028776978417,0.7672285700449974,-0.364706412639947,0.5275884322898003,-0.5876536255389956,-0.0701796910070416,0.8060632899227146,-0.2569504576714791,-0.9284740403207066,-0.2681649096227181,624
3121.3264799947638,2385.946301842437,1376.8177296399133,524228.33867197693,0.00046763629241793937,0.9964028776978417,0.6001215862057108,-0.537526467582294,0.5923844852951863,0.4645701775533233,0.837077533119596,0.2889217085552508,-0.6511748090167611,0.10181601148597758,0.7520670634372123,625
,,,,,,,,,,,,,,,626
5394.941386396739,3629.975001489269,2256.228636509145,657560.8111883993,0.0,1.0,-0.6325434095167667,0.7360245999963683,-0.24115684372849572,0.45188817221585115,0.6035796876586852,0.6568779494375352,0.6290357023955963,0.3065278924437872,-0.7143911647449517,627
3501.438330944631,2108.424892062356,1402.4653828149112,335904.5567910995,0.0010773162245778006,0.9964028776978417,-0.5228586045529887,0.7230503320497924,-0.4514610691605492,0.5686104761489602,0.690416608472328,0.4472214587418865,0.6350598444702311,-0.02287190565416372,-0.7721242580525449,628
2029.8684456353485,1836.562114786688,966.6071577991362,303107.0759606621,0.003498679782613942,0.9964028776978417,-0.5517132853036317,0.7886876817886633,-0.27126406215032883,0.5742931990722451,0.5950959519494702,0.5621815805171141,0.6048138327773597,0.15437794067864052,-0.7812603145642187,629
2752.133353434649,1833.7373311843105,1146.4672528367087,499895.24906521285,0.0010138081104607679,0.9964028776978417,0.36742854255753216,-0.5508309555815049,0.7493874328324528,0.7206691380962731,0.6779515488647563,0.14497479362790244,-0.5879049748978339,0.48679251818926333,0.6460656195196686,630
2706.881726275068,2484.6648404996304,1286.2797931936118,625652.9712356451,0.0022118581263334846,0.9964028776978417,-0.5332919762004326,0.6927245359881979,-0.4855227959222649,0.467362443451842,0.719675149544681,0.5134588840195141,0.7051042579441436,0.046908382702635615,-0.7075504145015123,631
2533.984830279431,1893.689321048005,1106.91060704052,355877.64681044756,0.0026934425207132432,0.9964028776978417,-0.5609921535449258,0.5904446330664073,-0.58022662722776,0.8069894509109773,0.2338093360671258,-0.5423109997835643,-0.18454221679449284,-0.7724689829701419,-0.6076477931907996,632
2111.7840015788297,1586.4247964016183,924.5517610538708,295760.0470457859,0.0017851128825903198,0.9964028776978417,-0.5171517142030553,0.8138261054285835,-0.26503051639346314,0.6179454050409665,0.569276712758971,0.5422799099165448,0.592197248292828,0.11666659519024447,-0.7973025302111605,633
2690.6663532043176,2202.2501399354146,1217.4134424440936,383888.89984905004,3.840478982537282e-05,0.9964028776978417,-0.5679041194286769,0.6063022517674638,-0.5566708997582344,0.48761034860868785,0.7926839073566568,0.3659075989201332,0.6631146650962058,-0.06363805873442485,-0.7458077087392305,634
2324.903855905136,1529.4907125301263,963.5878425808964,280837.1880841076,0.005723133504177129,0.9964028776978417,-0.3777775871013376,0.7851602654723475,-0.4907213590290156,0.5553734206838931,0.6162237384840101,0.5584162137032392,0.7408403730101126,-0.061576469955518603,-0.6688526594595062,635
1700.40248618097,1579.5154574950263,819.97900353392,324397.14431428345,0.0010319997543470443,0.9964028776978417,0.23517469015744108,-0.6358272742947765,0.7351302893856482,0.5241062645868171,0.7199190630339187,0.4550045781101746,-0.8185386298338064,0.27828082927726044,0.50254780024049,636
3123.4206096120115,2757.624340731536,1470.2607584705422,429334.26779695146,0.0,1.0,-0.38560141209196547,0.8185441967157251,-0.4257897944005829,0.6776097871088936,0.5644408244082314,0.47143560764498466,0.62622402333903,-0.10673309591857871,-0.77230273780993,637
2822.2120890368055,2441.730918886967,1315.9852610253145,351901.69875612686,0.0015364627073009244,0.9964028776978417,-0.5787837599784528,0.7307632162223576,-0.36193159713067413,0.4791561696944361,0.6638795390627149,0.5741718581205751,0.6598626555799029,0.1588995891443176,-0.7343923994301721,638
2315.606214281201,1980.7063377711088,1074.0776706533109,402631.8995903955,0.0019188189300017762,0.9964028776978417,-0.2710596335115778,0.7921593601939714,-0.5468182724979543,0.7046294269225141,0.5503160349444621,0.44793931776285856,0.6557621869210046,-0.2638859786727661,-0.707347258752374,639
2558.2452110454183,1724.4311203027003,1070.6686362929943,399723.2637647951,0.0,1.0,0.4661344331765344,-0.5906075937403343,0.6587118948549838,-0.4808779687570708,0.45582345328174617,0.7489868881378215,-0.742613674376701,-0.6658886165527657,-0.071535172986296,640
2481.597676200385,2090.311120089281,1142.9352078385373,304805.46244422987,0.002251133423615417,0.9964028776978417,0.6146468490332369,-0.5553868985259419,0.5601380579100553,0.699490322829001,0.7119806637890267,-0.06161836300257326,-0.36458543476405264,0.42968468361843215,0.8261044325154264,641
,,,,,,,,,,,,,,,642
,,,,,,,,,,,,,,,643
,,,,,,,,,,,,,,,644
,,,,,,,,,,,,,,,645
,,,,,,,,,,,,,,,646
,,,,,,,,,,,,,,,647
2702.4607164761724,1867.9767575767733,1142.6089111223941,308892.37486174185,0.0007901950192244282,0.9964028776978417,-0.4518571178106158,0.7174354764651996,-0.5301994739652572,0.5564025146173883,0.6912160189912204,0.46112542417153246,0.697310108066225,-0.08664151544773929,-0.7115137813068619,648
3457.617329170474,2721.433609448455,1544.7622615201963,400709.95515433286,0.0035970024823696266,0.9964028776978417,-0.5781480550993595,0.5926205887443431,-0.5608437074454311,0.5446567418215187,0.792107597331246,0.27552602025668665,0.6075309539218521,-0.1461724736276594,-0.7807302658283306,649
3492.330299295145,2451.7029210705427,1486.0078441426542,530971.9202400012,0.0040399820508445336,0.9964028776978417,0.44383159442290965,-0.6168274731177514,0.6500287564401959,0.3825695963667175,0.786388603740788,0.48500872965589076,-0.8103419153220601,0.033419041185881126,0.58500354525284,650
4272.016930269333,2023.2317820017126,1573.8117695156036,373007.65822011477,0.0047018805917870155,0.9928057553956835,-0.2628062984519966,0.7162905010703665,-0.646421509210765,0.6293110397341266,0.6351023664804681,0.44789797874031706,0.7313688978639387,-0.289089782191056,-0.6176784220531061,651
3161.222024977734,2083.849869635715,1311.2675372973836,707858.5378806292,0.004583927406165972,0.9964028776978417,-0.49861210995617644,0.6384038087568322,-0.5863672405326033,0.7812071687400943,0.624087304164537,0.01517881055045055,0.37563456086219693,-0.45050595306323166,-0.8099031194781594,652
4816.762313916321,2383.3742518590375,1800.0302664386531,224665.04554169363,0.39034991462110374,0.9820143884892086,-0.4086723296405957,0.7793692887060102,-0.4749425636937757,0.517739345429029,0.6265162515127076,0.5826005121738104,0.7516201814619194,-0.0078037434833250485,-0.6595500014455292,653
2945.747884720202,2189.89615127896,1283.9105726266691,432614.7801071212,0.0006116004819235422,0.9964028776978417,0.5127221223620684,-0.3917798953981326,0.7639532307689814,0.8539126538656754,0.14029847798126932,-0.501148198284917,0.08915831317726591,0.9092990985577669,0.40647994360536044,654
2449.889678606075,2054.90085078046,1126.1971357431041,334365.05861706147,7.23626505008373e-05,0.9964028776978417,-0.4230139531672856,0.7226819574539554,-0.5466168528286564,0.5201659668641644,0.6876219001644429,0.5065604498285571,0.7419478164548061,-0.07004934535568835,-0.6667882174072852,655
,,,,,,,,,,,,,,,656
1994.7788545366795,1339.755861063536,819.0313160378489,231577.97760693927,0.0005392803943826184,0.9964028776978417,-0.6995795998238789,0.7127324102605036,-0.05099896934757226,0.5769739052946506,0.6055453766882098,0.5481020975881897,0.42153231918715434,0.35401597158290343,-0.8348551944768097,657
,,,,,,,,,,,,,,,658
2343.6155385385077,1542.887231878913,971.6251904831768,442283.21982972196,0.0,1.0,-0.5571361040436975,0.713164448379707,-0.42543604823554676,0.505184272883308,0.6976828632394824,0.5079640467329565,0.6590813394432995,0.06808150930484738,-0.7489837755842248,659
2827.1726383893188,1895.2185740103107,1180.5973543265595,378024.1047243234,0.0031032354856824628,0.9964028776978417,-0.414883518318394,0.7279152299508382,-0.54590391483609,0.4799161122547428,0.6848000956713575,0.5483879595384938,0.7730150007768567,-0.03447095841600514,-0.6334505202459291,660
2507.2414122845566,1857.673833032849,1091.2277873858923,387268.4963141793,0.0013963615833371729,0.9964028776978417,0.679151035579306,-0.08935147489410661,0.7285397619936773,0.7286237746908797,0.20196657182284702,-0.654459241527951,-0.08866377967789513,0.9753080630243833,0.20226941531743017,661
2478.4643171399416,1670.7490888765124,1037.3028928481237,370048.62667006685,0.0019115333085462493,0.9964028776978417,0.7207351162944223,-0.33077349517349475,0.6092042244032584,-0.6351261261291983,0.03704995689243953,0.7715193481711176,-0.27776914164136973,-0.9429826061942916,-0.18337968362618104,662
2422.0648175750257,2097.153225669005,1129.8039690489688,408595.2684560921,0.0029807934183493424,0.9964028776978417,0.5394961040439822,-0.4147791858575703,0.7327360921236895,0.7636036297757386,-0.12563938879701797,-0.6333436986155532,0.3547582984437173,0.9012063975372362,0.248944931105808,663
3547.450482451594,2199.1347252739974,1436.6458769038356,311697.10572254146,0.001207766841481167,0.9964028776978417,-0.5652711549001246,0.7263553727075185,-0.3909941099003939,0.4335582214496698,0.6648444356270067,0.608283770151075,0.7017804429102299,0.1743265583745886,-0.6907347254872833,664
1950.5072237920735,1948.6291522351705,974.7834919687406,482564.4982600008,0.0007325632665225654,0.9964028776978417,-0.32621916227637104,-0.6091631828550154,0.7228424965493174,0.550016199436949,0.4995924071094516,0.669245550687876,-0.7688063725806629,0.615895805646159,0.17207300214394977,665
2660.0233314142483,1975.4428106152661,1158.8660729385767,324735.446764494,0.0026790677063585873,0.9964028776978417,-0.3550316955220838,0.7049359920808816,-0.6140177051548737,0.5690591096473819,0.6840648618475581,0.45631896137768607,0.74170359639282,-0.18740467404636493,-0.644014955760759,666
3982.991439045879,3384.8200593685415,1841.9523765110805,535836.7270169384,0.0,1.0,0.7138819161273323,-0.6302573711504755,0.3052019920263632,0.36831810757120304,0.7086224281115321,0.60182723934073,-0.5955790304078344,-0.31722216266807146,0.7380079390160079,667
2803.4247217957914,2099.737466754433,1225.790109769123,536869.172594892,0.005216262603404891,0.9964028776978417,-0.48655041068449195,0.6781993927679076,-0.5507397584267851,0.6041918830586545,0.7165406622305515,0.348599552231841,0.6310474358626217,-0.16314123641631553,-0.7583957216860908,668
2571.252784021058,2255.314374318458,1206.6412917823232,376365.3651177528,0.0014503918159060798,0.9964028776978417,-0.3550785232932966,0.8461528208659392,-0.39742250318328176,0.6076633016464331,0.5319722645997279,0.5897040117964206,0.7103974620788054,-0.032107840744137306,-0.7030679429719017,669
2395.799742317772,2190.193822555695,1146.4979102112673,423176.153807755,0.0,1.0,0.8315104255185516,0.21859527772730633,0.5106921938010008,-0.5284772437214148,0.0279935598026246,0.8484858062915333,0.17117889800607328,-0.9754139968059197,0.13879956668710342,670
2138.9186350456694,1328.042647246306,866.7397294669754,127044.11120328693,0.0005297882173758445,0.9964028776978417,-0.32073758889365667,0.7539967972326014,-0.5732505811891193,0.5066746956787426,0.647932956597614,0.5687386363818869,0.8002550542355464,-0.10803570482786679,-0.5898475520444318,671
3226.0981073829184,2633.4089897424315,1464.876230201589,635383.1312992646,0.0025663107141151668,0.9964028776978417,0.31668374415731637,-0.5749884105862679,0.7543869921187539,0.46157931685034076,0.7882186364527651,0.40700849549427903,-0.8286470542049108,0.2193164582059933,0.515018786761709,672
3990.0102549432563,2251.181268094086,1560.2974466627663,323118.2819064142,0.00113626933905034,0.9964028776978417,-0.4610253876702763,0.7904991034150886,-0.40319568378569315,0.5337860751676562,0.6100094057494453,0.5856286800134689,0.7088921059516609,0.05476944766153716,-0.7031872366036442,673
2767.326742997595,1865.0500731445184,1158.0937545574523,398397.0277610726,0.00543409297112307,0.9964028776978417,-0.5520290122130125,0.7536300999016003,-0.3567991622711993,0.5215219577419236,0.6459411941938619,0.5574718120554966,0.650598814376538,0.12166201611723979,-0.7496129244924553,674
2428.54563657681,1702.5553493513064,1032.774730648568,305509.5928030879,0.000697974520375482,0.9964028776978417,-0.4184477760950092,0.7277956662859894,-0.54333684470729,0.5136596424687029,0.6830042155619936,0.5192870239313419,0.7490362009810108,-0.06179570907335391,-0.6596408568001653,675
2627.436321619347,2068.4368488555597,1173.9677932904815,220604.54351663849,0.0,1.0,0.63054387983715,-0.26710233997493604,0.728746015824325,0.755152676285161,-0.005814258256786458,-0.6555231726646147,0.17932889086611942,0.9636506287969915,0.19803690191449258,676
1646.096823212943,1537.6817302584536,795.9440635142927,274025.22071003786,0.0014326288942450745,0.9964028776978417,-0.6033096026427475,0.7946760092700187,0.06713839177197742,0.6707907460005079,0.4601151428212659,0.5816647061896124,0.43134359672902567,0.3959597146645646,-0.8106531970723514,677
2054.703084994106,2054.703084994106,1027.3509697501495,656542.289669328,4.422427613472769,0.9676258992805755,0.519760779757199,-0.13527043353627052,0.8435346119971,0.8395077292350994,0.2638904648201635,-0.4749616775399096,-0.15835246881787307,0.9550202785218268,0.25072048825609977,678
,,,,,,,,,,,,,,,679
2873.63476581028,2493.8911708548603,1341.881012607978,538360.7041748413,0.0,1.0,0.6491338301652809,-0.3656772383029937,0.6670123146704622,0.7457402187679818,0.47883091094294405,-0.4632412814478359,-0.1499893217760346,0.798123496780195,0.5835255669124697,680
3604.4566937122486,3108.000485052026,1676.9352661658372,578239.8117035336,0.0059179858698324575,0.9964028776978417,-0.4985732103257902,0.7817835424593118,-0.3744853090378911,0.4130199120150335,0.5940597199244223,0.6902953001740711,0.7621281429159596,0.18949285449083922,-0.6190744316093052,681
2869.9984923360835,2638.8158981352194,1377.2030878922649,539497.0867983868,0.00013105142871131322,0.9964028776978417,0.6354303180566253,-0.04840207469607404,0.770639701844884,0.7718010099912339,0.009458957379630244,-0.6357937787536156,0.023484289875729963,0.9987831432750585,0.0433672784323236,682
2714.648320568756,2045.380548666469,1190.006687020231,197057.13580489368,9.924821090694674e-05,0.9964028776978417,-0.4832974222383868,0.7570987620226852,-0.4395737323833716,0.5546858973412278,0.6532795451076364,0.5153148467051155,0.6773087604250276,0.005224986859048569,-0.7356803263400724,683
3618.280310678095,3403.750101221837,1755.507085612388,564653.1231899554,0.00033791302531925517,0.9964028776978417,-0.48663394551025063,0.695246474507582,-0.5289799077109681,0.3362355013035093,0.7079252491063611,0.6211179673305822,0.8063083099784498,0.12439526262070671,-0.5782670039845099,684
3617.9109056507887,2547.5221073447037,1541.3578216867797,525675.2990420437,0.0010088547719119057,0.9964028776978417,-0.391621158841357,0.670589348733901,-0.6300339620309331,0.47426210790237305,0.7338735879358106,0.4863178075479223,0.7884848260783149,-0.10834889152576865,-0.6054355430179061,685
2151.1695466006363,2001.4031175781547,1038.1426035532613,269503.15787670563,0.0,1.0,0.7146482217197071,-0.21515392578896192,0.6655724659347457,-0.6793671579784161,0.013061271475775613,0.7336822662759173,-0.16654784253538124,-0.9764928015121432,-0.1368342966575847,686
2814.550037688161,2226.4823871020308,1260.2576008318538,572407.9374966152,0.0,1.0,0.8253839535626714,-0.3870832489466371,-0.4109840478487818,0.5623546877145863,0.6281305677704998,0.5377817355003233,0.049985341918247383,-0.6749952208847299,0.7361269709609142,687
2856.010416721123,2357.1618227045506,1303.292583737952,437486.4828168956,0.0006220129106519273,0.9964028776978417,0.46325276430984996,-0.5755223835728628,0.6739220002091438,0.36029642667390943,0.8170663093579351,0.450099023591715,-0.8096810244073248,0.034302071640261805,0.585866884706664,688
3763.751346443833,1912.1771782365595,1418.9817053479092,375711.2662803415,0.001535374606627653,0.9964028776978417,-0.25628861725944474,0.7679467525681543,-0.5870041992041182,0.6691863473640789,0.5791849159464583,0.4655474902108444,0.6974996610499278,-0.27350067341803774,-0.6623379835666348,689
2769.9572012496237,2208.210002642249,1244.5411227066145,407874.39525516995,0.002209747016580241,0.9964028776978417,0.5703202026294866,-0.4125374473849529,0.7103152264859375,0.7614041666439367,0.5899712666691795,-0.2686961099867584,-0.30821836656810986,0.6940797929704272,0.6505802636878983,690
2434.012606069461,2092.41889220762,1131.607378148947,252588.30867595386,0.0024827108122268795,0.9964028776978417,0.6962972156267185,-0.3161486143861748,0.6443758539332313,-0.6840959308759011,-0.020621125148574802,0.7291004913978875,-0.21721635497704436,-0.9484855417028288,-0.2306344126776793,691
2564.51251773247,2044.5832308801666,1152.273415898596,441002.6438734287,0.0,1.0,0.8074088281201134,-0.288075878965872,0.5148818041373627,-0.5502676259018838,-0.052880745912677725,0.8333121663554561,-0.212829800916154,-0.9561463876780372,-0.2012152110856214,692
2267.2932784148074,1992.6997902659775,1064.997647389357,211951.26902889163,8.67503010222553e-05,0.9964028776978417,-0.5046331971429634,0.7651872192710892,-0.3997922658149466,0.539643191272075,0.6410371674889179,0.5457623805388894,0.6738921000093128,0.059664640801422864,-0.7364167082454576,693
3196.769236895468,2140.6956181073024,1334.3654362700238,423216.62599981966,0.00043220187546340593,0.9964028776978417,0.6037223756039598,-0.5464168535397511,0.5804721486538604,0.3740339069602935,0.8371752447080597,0.39904416559075123,-0.7040013704810025,-0.023795625978708546,0.7097998580903997,694
1737.0900351375362,1706.8120594182678,860.9750172732347,240200.875606931,0.0,1.0,-0.5684223529795911,0.7254623285294608,-0.3880727232333625,0.53380153339195,0.6841231927484408,0.49702251467321135,0.6260606612633859,0.07536489254482137,-0.7761238183370998,695
2079.7621019259086,1659.9616929377971,934.9304609079429,384232.8854615506,0.0010393204626785307,0.9964028776978417,-0.5631047529884571,0.7045558146763117,-0.43187282985574316,0.4961274544226407,0.7061686449593004,0.5051568012453718,0.6608862126946813,0.0701922280750821,-0.7471964032220286,696
2449.295503833314,2412.789087803374,1215.5189851210464,296483.07837695314,5.4937209024483526e-05,0.9964028776978417,0.6958732638215174,-0.507977112593769,0.5076609634187823,-0.3108226226470229,0.4242216530292282,0.8505441119377498,-0.647417715195696,-0.7496634192636362,0.13731372789615104,697
2595.7522618565285,2071.4405067500247,1166.7976839285056,437845.72819077113,0.00358685246999934,0.9964028776978417,0.5844599267751845,-0.20190970274856873,0.7859001628259982,0.8048469503563853,0.02120025498166953,-0.5931036466678808,0.10309209715575719,0.9791746632366959,0.17489710797875163,698
2050.8836893511557,1947.015623723926,999.4740863624393,617539.0854128541,6.011895823174308,0.9460431654676259,-0.4272782444161486,0.04748491170318718,0.9028723525555507,0.7181254842491112,0.6245364285442951,0.3070016910264764,-0.549298726305308,0.7795507889686707,-0.3009509539737154,699
3237.3663072921167,1929.8001511337968,1291.7912154803323,330518.4012764204,0.0004066495910083562,0.9964028776978417,0.6779702497795997,-0.4650721734879625,0.5692663821630165,0.10931763562155819,0.8295949777080102,0.5475598848562213,-0.7269153973853486,-0.3089984569683619,0.6132813046516843,700
2683.135821011836,1908.5232341080457,1147.9143041529453,240991.1658581694,0.0,1.0,-0.4904880242221209,0.7085108504732581,-0.5073794170601924,0.5086525645234389,0.705517689040568,0.4934747805659224,0.7075973902569236,-0.016036371550850387,-0.7064338384371703,701
2819.2922702850065,2432.030596954379,1312.8239782831558,539846.1032348324,0.0024679593152161705,0.9964028776978417,0.5607889539581233,-0.5104271199301952,0.6519048276844712,0.5315644165079993,0.8256221146339376,0.1891755664188568,-0.6347873819012663,0.2404418413403776,0.7343246562058126,702
2271.93220370825,2143.7306020861834,1103.899528956595,401322.6291626387,0.0006562710784738905,0.9964028776978417,0.5549211083817169,0.25104530854544677,0.793119673523314,0.7613596155950629,0.2309472136595693,-0.6058010566545912,-0.3352522918838062,0.9400210835721732,-0.06297827582946794,703
2456.389291162179,2220.8669637589596,1169.3132616937817,654973.2786274992,0.0,1.0,-0.4731585365175102,0.370196005736231,0.7994222392813126,0.8196091376777441,-0.14777355718782584,0.5535375662330436,0.32305086403808403,0.9171247969240592,-0.23349570897823924,704
2599.1253220116014,1898.4282367758276,1124.3878294247622,433427.945412763,0.005506633731093571,0.9964028776978417,-0.4678183425935662,0.7414613344286298,-0.4810208809192426,0.47403183035782526,0.6698415730542279,0.5714946113620385,0.7459489407061441,0.03933645326606103,-0.664840448005255,705
2864.577573292542,2363.1804640976256,1306.9388365583309,323574.5805068895,0.003026863614504166,0.9928057553956835,0.7225440594599744,-0.009401251137527707,0.6912609482794106,-0.6911102258770851,0.015092438146988804,0.7225917754852347,-0.017226079856584562,-0.9998419048968834,0.004407650728689885,706
1975.878629252047,1568.0803659764144,844.1748636825415,280717.9629225556,0.004378114327311192,0.9964028776978417,-0.5846339587201012,0.7522484591662544,-0.3038509338364112,0.528336130518196,0.6372385806305864,0.5610596443739075,0.6156817907818315,0.16747909433093985,-0.769991354147412,707
3799.15238379704,2210.721581477606,1502.4680668585622,642026.3396205779,0.0,1.0,-0.5041686733591295,0.6224444138204649,-0.5986458890754978,0.4745232866296322,0.7788395345872569,0.41016658787633714,0.7215549869895621,-0.07727827034556975,-0.688030863902841,708
2227.040459728142,1727.1946677030112,988.5583364672282,376688.38741206157,0.0007430243808559436,0.9964028776978417,-0.45770223844402197,0.7014914499711021,-0.5462768588735682,0.354736590845489,0.7074707137378792,0.6112668323396386,0.8152733357829457,0.08599380687384739,-0.5726556147814248,709
4111.103296787001,2694.8726966053255,1701.4935554479416,557905.6051306637,0.00039649621288542796,0.9964028776978417,-0.3936393879204256,0.7499452323141873,-0.5316297403333005,0.5083603457114466,0.6594328702088478,0.5538213146821449,0.7659097800562226,-0.052253595257558294,-0.6408211689675116,710
2882.738528776697,1793.6229791264486,1169.0899386174679,237959.11887311953,0.001783413115202797,0.9964028776978417,-0.5064088448419997,0.7453166506734357,-0.43365097958464655,0.46560299426096813,0.6596357776349325,0.5899953326927075,0.7257850464159568,0.0968696603322719,-0.6810670563946679,711
3248.353488159274,2421.3672084853324,1417.4297157397066,379903.89070981776,0.001748814726949999,0.9964028776978417,0.6108563901976196,-0.5999396695437561,0.516649652532993,0.7739013146517755,0.5901893007612379,-0.22968096230905796,-0.1671263765387955,0.5401379288428929,0.8248150047679316,712
2045.5722382260926,1297.3598408470232,835.7325604263089,204418.75606206362,0.0,1.0,-0.42488254991124874,0.7185731882604907,-0.5505700608406424,0.515553510689424,0.6920046849163621,0.505305940663294,0.7440963623058006,-0.06915265119256042,-0.6644836449727826,713
4405.470009531844,2708.069594502494,1778.38446585295,338848.8748274765,0.006497347169845883,0.9964028776978417,-0.4887152354397163,0.7554801665739841,-0.43635666210388946,0.49469016236572877,0.6519398894326837,0.5746790615857421,0.7186369472186019,0.06499306485961065,-0.6923415628232086,714
2902.7551515939313,2073.2909764345545,1244.0110730295653,458911.88771464047,0.00164617297049514,0.9964028776978417,-0.6109127220993129,0.6912395572176265,-0.38597088039745603,0.690714165304473,0.7036149531491065,0.16685304777775536,0.38691030979408253,-0.16466290487708618,-0.9072962801271076,715
3162.1557612927286,2842.079183309185,1501.058210360755,355758.08872284356,9.764191353536585e-05,0.9964028776978417,0.7986550301580502,-0.2503741840282245,0.5472320447264075,-0.5541205066273125,0.04874010793185199,0.8310083429267614,-0.23473518470466798,-0.966921491048261,-0.09981093732989985,716
2782.6990259152153,2248.635417525566,1257.832662969637,239253.21700277238,0.00012280585708444416,0.9964028776978417,-0.4269740661041831,0.7340102466217125,-0.5281307648005307,0.5868694393779734,0.6692672556820686,0.45570341407101145,0.6879516029479427,-0.11537026621328983,-0.7165279434015333,717
2446.0440990106267,2446.0440990106267,1223.0214983903309,636232.9236812702,2.3724444500552178,0.9424460431654677,0.14638275675918103,-0.4614839866447139,0.8749883534048233,0.6242012864590213,0.7292839405182455,0.28021007848591556,-0.7674274183963492,0.5051509320714767,0.39481349181712755,718
2941.767253838991,2153.8149805546273,1273.8950986964455,240851.29617287472,0.0013868869161398284,0.9964028776978417,0.6057867322889294,-0.584176412960568,0.5401484550780691,0.4167315475929779,0.8112920465081227,0.41004881723207504,-0.6777589927278446,-0.023305231455319347,0.7349146984265259,719
2502.50423757281,2303.8582980794345,1201.5900793058568,393115.1467834975,0.000738472781198682,0.9964028776978417,-0.6297106528531307,0.727882998711225,-0.27138687121973804,0.5464291765007719,0.6633491198909546,0.511256393807045,0.5521590792081319,0.17364989296584907,-0.8154545149307697,720
3160.183130752977,2371.1316944968635,1382.8281976184635,568107.8415183474,0.0013857142775453876,0.9964028776978417,-0.49492052843350876,0.7565203651994111,-0.42747000780598193,0.6057386768990041,0.6530857307617011,0.45448837563143335,0.6230042743382589,-0.03399948990800644,-0.781479180044008,721
2701.041034971949,1500.4047514068823,1050.3610249748126,337958.6991437691,0.0008054516413179501,0.9964028776978417,0.7215569573896347,-0.6529404288757821,0.23027017519019446,0.4710574513223086,0.7067226273692802,0.5278712016372862,-0.5074055920034227,-0.272418656306376,0.8175130830145073,722
2080.7185186638185,1890.859944054294,992.893331671515,535192.3811188254,0.0,1.0,-0.46628727601715525,0.7424707166085681,-0.4809505288522517,0.6595370082444494,0.6541043317031003,0.37034910287889405,0.5895651880669875,-0.1445155985560031,-0.7946874422019878,723
4151.136800073186,3054.4799036163763,1801.403698941367,466426.65278287843,0.004676335391610258,0.9964028776978417,0.3196323500985889,-0.6175631298498759,0.7186452124800375,0.7756759177559109,0.606130618741284,0.17587650109617703,-0.5442077097799869,0.5012199653588566,0.6727678016535037,724
2201.481560084263,1333.007523655177,883.6218379482871,286955.59364141664,0.003408998149873474,0.9964028776978417,-0.501174368917445,0.7484275920406855,-0.4343735620550381,0.5701642683510267,0.6632000648942902,0.4848488228509456,0.6509508115333593,-0.004670481387451325,-0.7591055444190027,725
3245.336798483666,1769.4153361718384,1253.6876206552702,432116.87052072847,0.0,1.0,0.5744813201640228,0.6080358321067041,0.5479631736320514,-0.47520137866910256,0.7928401525507499,-0.3815601423292111,-0.666449444814523,-0.041193681282590044,0.7444113232137208,726
2396.597502522667,2042.3274928091616,1109.7307253854722,498791.52468390175,0.001114819150079683,0.9964028776978417,0.7510640621272863,-0.323777886802976,0.5753873952375557,-0.6121636163683767,-0.015072157409472233,0.7905874631347345,-0.24730240875424336,-0.9460130602102824,-0.20952519785440077,727
4156.548013232698,2523.0984038839647,1669.9111556038736,429232.728794247,0.0036920404658417087,0.9964028776978417,-0.6090077678530148,0.7368951109069587,-0.29341972363171076,0.48551590620558555,0.6388730241029528,0.5967541905130764,0.6272031915703695,0.22096799450365892,-0.7468529319009021,728
2884.5213735146767,2640.6051268984843,1381.2777214563187,493609.16902137705,0.005157345454338296,0.9964028776978417,-0.6647811516562387,0.66825288192385,-0.33392230563871284,0.47185611037796205,0.7221551743075271,0.5058099596882664,0.5791526841011664,0.17868964721363736,-0.7953943540641211,729
4839.604325305958,2379.020151244784,1804.655726344558,568978.7279270176,0.0014102368466977929,0.9964028776978417,-0.40371304463409496,0.7517545337807031,-0.5214219965943392,0.49008711088557183,0.6589619860840702,0.5705994432524194,0.7725479929014782,-0.02518376136115244,-0.6344567572558448,730
2226.5372110671906,1949.5328356466844,1020.1791353981704,182721.69993932825,0.010800716591224934,0.9928057553956835,-0.43780866283407355,0.7281009919634601,-0.5274395891941237,0.5198866088485226,0.6836464586571332,0.5121966746334302,0.733513114189122,-0.049964638169269715,-0.677836297527058,731
,,,,,,,,,,,,,,,732
2895.5396118567605,2184.0576881993775,1269.898865595441,381901.3403004436,0.0003360148596777801,0.9964028776978417,0.5774878232736373,-0.4869401777386379,0.6552839668987331,0.7924705907933556,0.14144077136795175,-0.5932831288031616,0.19620952244553852,0.8619070550231636,0.4675660935129826,733
2914.6997965006485,1627.5975277275318,1135.5737580952928,244335.56316671398,0.0022884482527695807,0.9964028776978417,-0.5719382466336937,0.6217004795752966,-0.5351403140611092,0.28546360309239066,0.762444922212904,0.5806791471210834,0.7690235193718632,0.17934953104930337,-0.6135442709090428,734
3826.4287447930064,2002.922305593717,1457.3373178146196,408393.30778932496,0.0034680171655811776,0.9964028776978417,0.21082094455615658,-0.6571536357645458,0.7236737029475983,0.6972428707880328,0.6199644248314641,0.35985620889273884,-0.6851327670398727,0.42871110429382464,0.5888971731834487,735
3773.971846594639,2570.888108577939,1586.2145683591345,298549.919225301,0.0030997835763460226,0.9964028776978417,-0.5381711040674718,0.7220841536396392,-0.43470258546427387,0.4578190368554507,0.6834864307744674,0.5685490554384263,0.7076535820862817,0.10696155388598802,-0.6984165188129137,736
2904.2647767541566,1541.7345831087466,1111.4993899817546,366143.3351659304,0.0032629045259863773,0.9964028776978417,-0.4075046248343429,0.7825426994247626,-0.4707089380026973,0.512088826753312,0.622596913116122,0.5917246972137402,0.756111773650588,8.576293920162237e-05,-0.6544424943352016,737
3172.826780268145,2121.2963629899277,1323.530346887997,466125.7659575469,0.002306623973858035,0.9964028776978417,-0.48949893825976065,0.6844858754798158,-0.5402498271274107,0.5834608769724031,0.7175238511572629,0.380437811032295,0.6480464446975704,-0.12899073334577232,-0.7505978925002111,738
2912.2700212855266,2097.8647663376755,1252.5332394398818,391583.3372313326,0.0008748348175524046,0.9964028776978417,0.6004573098103189,-0.29654893965896145,0.7426370213519525,0.7706523952693946,-0.03325286390084566,-0.6363875648596039,0.21341486537000998,0.9544385645129483,0.20856922546138734,739
2773.277748073222,2408.063066655547,1295.228007417871,495112.7907318357,0.0032825013957477993,0.9964028776978417,-0.5790707516508015,0.6116368191447449,-0.5390523778345426,0.5411307476655364,0.7828940505113916,0.3070088265910354,0.6097988016661836,-0.11391798427098984,-0.7843265355361383,740
2407.959388504536,1870.6470992138468,1069.6510875809138,418920.5802628071,0.0005055273728621474,0.9964028776978417,-0.4273056768037724,0.7955104799830696,-0.42961952330914405,0.5605991672239051,0.6059397369028573,0.5644161664498636,0.7093225164050088,0.0003338850136123672,-0.704884001975973,741
2356.5369329970135,2286.537972134865,1147.5322359293252,365243.5968617181,0.005167536024067261,0.9928057553956835,0.6387667128505908,-0.31508731931550654,0.7019238333043115,0.7523907588161689,0.0650361466747343,-0.6554986237008681,0.16088888277963953,0.9468317067104748,0.27861171290103537,742
2508.4333620791604,2228.9447887087513,1184.3440468300314,270505.4299107627,0.0010901052273892418,0.9964028776978417,-0.48335166886171665,0.70939896570395,-0.5129564032807851,0.4857924233937361,0.7048068084865712,0.5169652639048536,0.7282697890080534,0.0006856888068416112,-0.6852901898094163,743
2961.534553139335,2261.5042385793295,1301.8631225790282,661170.0478826411,0.000745985105982625,0.9964028776978417,-0.5992563053244361,0.7682082367978611,-0.22527313520441714,0.5593394777269853,0.6030922374257336,0.5686994828667647,0.5727401061432744,0.21479259315149565,-0.7910960199256767,744
3277.5819034380365,1877.2130802928054,1288.6983526638594,437574.3271760885,3.824101187005725e-05,0.9964028776978417,-0.4920740645164681,0.677654047656166,-0.5464870599798841,0.5139555301960312,0.7328091793162893,0.4459152606613761,0.7026470152296664,-0.06144671191366796,-0.7088804367337552,745
2976.600171696181,2277.499085458848,1313.5235626194212,353537.7431617833,0.00044661739331610284,0.9964028776978417,0.6817031450254588,-0.40170138448550446,0.6114873831607871,0.029456594829181136,0.85018085476622,0.5256660757648804,-0.7310356565062116,-0.34033588099318657,0.5914037174596756,746
,,,,,,,,,,,,,,,747
,,,,,,,,,,,,,,,748
2736.5024217345267,1701.537445569612,1109.4996557591192,195507.174992168,0.0020774803884280432,0.9964028776978417,-0.6149586947359165,-0.06656534546780671,0.785744779525419,0.6488314759359604,0.5235809017919832,0.552160081057529,-0.4481556867913885,0.8493715877408693,-0.278790936608588,749
2163.253773886585,2162.6669220490703,1081.4751602111182,472282.0453374139,0.0,1.0,-0.4545914554585618,0.7817720708398345,-0.4268243642048371,0.38472892553904847,0.6045353796117939,0.6975103072006847,0.8033245063345422,0.15287054671329336,-0.575586946924566,750
3744.124276076432,2716.054081133542,1615.0441477228985,481154.5069497707,0.0037213336405660514,0.9964028776978417,-0.47495937878804295,0.716262568169278,-0.5112548502858693,0.5300999690284726,0.6966023525873419,0.48346580562206565,0.7024297910377155,-0.041389561598678626,-0.7105485858499616,751
,,,,,,,,,,,,,,,752
3102.2670439143017,1946.6193905931018,1262.2211782175257,504213.3598330739,9.397766769697663e-05,0.9964028776978417,-0.5744385407511177,0.6516520627690453,-0.4953483138041098,0.45359387429294323,0.7571620367340565,0.47006196116326304,0.6813757847940035,0.04533474625035058,-0.7305284393360549,753
3480.601536175439,1866.6025042384626,1336.8006074125658,305475.2178747388,0.0,1.0,-0.5001286039920796,0.6312437409551236,-0.5927923067769304,0.5001318533812754,0.7694004919231681,0.39735502043109694,0.706922562026665,-0.09774570340105901,-0.700504296035569,754
2549.7361105664468,1685.3994833351715,1058.7834618298705,212337.57961554234,0.0007943360798733941,0.9964028776978417,-0.49387823283571636,0.767344561045461,-0.40898241498262344,0.5068728095977381,0.6362312479080828,0.5816268168472108,0.7065155667227476,0.07995075871605295,-0.7031668579783623,755
4074.1552306002936,2849.7700189636525,1730.9808024562183,475712.24149842473,0.000763640496307855,0.9964028776978417,-0.45798159758177365,0.776706870964837,-0.43241102307001683,0.5272080832459602,0.6289597629797801,0.5713678793146667,0.7157544922922714,0.03370538752827282,-0.6975381377494725,756
,,,,,,,,,,,,,,,757
3998.391675238854,2398.0370582700407,1599.1067705804376,688894.9601884647,0.005136401242525722,0.9964028776978417,-0.46921781581102034,0.6783605524492864,-0.5653862416138498,0.46337738372244364,0.7341518930120949,0.49628862392896006,0.751742004666547,-0.02911973329988754,-0.658814085727123,758
3514.7806284330745,2190.201130086558,1426.244838930021,413245.8182909276,0.0,1.0,-0.5397068084346223,0.7988492088179011,-0.2656247400004892,0.5971982223343808,0.5856905115992139,0.548015426665442,0.5933555798759875,0.13713703436221927,-0.7931724841649299,759
5024.100769809104,3462.146442179252,2121.5613095120734,437543.67466143996,0.0014934487824918537,0.9964028776978417,-0.5856661786523926,0.7224952421845043,-0.3674176808530835,0.4789374789345537,0.6741611825966514,0.5622504701213673,0.6539220278095226,0.15332098649773615,-0.7408634534412151,760
3339.3966252294645,1752.8889800830693,1273.0702967594507,331835.91281008517,0.0016146608762621006,0.9964028776978417,-0.5757748914031392,0.7745732791047812,-0.26176231532932703,0.5645925566913691,0.6082355485321592,0.5579289940758472,0.5913700358983423,0.17345245111744648,-0.7875250648982186,761
2841.838832361957,2604.136615458708,1361.4933102316895,621944.9964527793,0.002712685235232301,0.9964028776978417,0.768818742343683,-0.4388575043021794,0.4651041091398142,-0.46099878807983813,0.12368598455355304,0.8787388090974125,-0.44316798035282085,-0.8900032967032656,-0.10722067453304421,762
,,,,,,,,,,,,,,,763
,,,,,,,,,,,,,,,764
2340.5541783501353,1561.8598632191067,975.6030226630824,294354.10548123065,0.002233059023536719,0.9964028776978417,-0.46472612358940885,0.7645199472459036,-0.44669775051670285,0.5368865771441081,0.644465094996643,0.5444424162512062,0.704118195572338,0.01319058732918904,-0.7099602630217172,765
2116.2343972211684,1817.2878784572083,761.8385575485529,391720.569439026,0.0024091955193998975,0.9964028776978417,0.742063180559631,-0.11732739766264327,0.6599822102264853,-0.6642354151316116,0.0037611943516167616,0.7475139909740721,-0.09018619263867589,-0.9930861670443112,-0.07514196884949387,766
2348.116844153514,1220.9888954901107,892.2759695879292,117359.3239443783,0.001087009949755119,0.9964028776978417,-0.5086169396565781,0.8171578243320237,-0.27122296884174557,0.5887500775687968,0.5599405839252745,0.5829578789553825,0.6282373395915851,0.1368197083989595,-0.7658969986470185,767
2924.914963357737,2129.3771011486747,1263.5725759171435,555348.776175042,0.23764309906053738,0.9820143884892086,-0.39041804889890686,0.7949556907093147,-0.4643481419181594,0.5467751124820837,0.6060056470392025,0.577749194830077,0.7406826064274599,-0.028330294129675027,-0.6712575295446231,768
2647.5646411897187,2435.1066155964013,1270.6672934348046,554686.1713463104,0.004721147603369999,0.9964028776978417,-0.42566266448735673,0.6404556407142306,-0.6392400709740031,0.7517548727076621,-0.14291363324745554,-0.6437703820402881,-0.5036624935627139,-0.7545808543220112,-0.4206326507403497,769
,,,,,,,,,,,,,,,770
2891.6201986988895,1739.339969086407,1157.739641355116,305095.5078524084,0.0012452659604171039,0.9964028776978417,-0.47951182579558677,0.6782173743382692,-0.556856895501786,0.470940585503659,0.7343338041125158,0.48884438123303836,0.7404615951199993,-0.02783985063439287,-0.6715218305230299,771
2451.3026118794264,1819.7951397456134,1067.7739312420142,329032.7217483163,0.0018088163316133928,0.9964028776978417,0.7218336153418954,-0.2988814690028128,0.6242003678701008,-0.6571276374638518,-0.013041678735981542,0.7536664930172523,-0.2171163279065512,-0.954201122459237,-0.20581719571966492,772
3259.7833118472877,2485.1486833090385,1436.2325502885221,350380.27481162123,0.6305666420501437,0.9712230215827338,0.19346379171242375,-0.46268298327562835,0.865156759369894,0.743469097300562,0.644525870642025,0.17843795401266824,-0.6401761184668946,0.6086960317435167,0.4686829187034197,773
,,,,,,,,,,,,,,,774
2852.4848878931716,2327.4751968149735,1294.9894796202957,352916.3863123219,0.004147270777351855,0.9964028776978417,-0.6777081827906112,0.6848665387895223,-0.26771149214239465,0.5034248351266823,0.6975022289380141,0.5099549744871353,0.5359804607971455,0.21082804527140586,-0.8174817924398792,775
,,,,,,,,,,,,,,,776
3371.8266724642376,1791.0026913666347,1212.558908968153,275090.30317844613,0.0024056322748026854,0.9928057553956835,-0.41907996434913275,0.8046653411189938,-0.42057778386760153,0.555527129281454,0.5936383185961364,0.5822225994640357,0.7181654350589677,0.010355457315122968,-0.6957953523776645,777
2555.7912251896923,1873.5958710772902,1107.346302923484,487361.1889238485,0.0018921110184239008,0.9964028776978417,0.6207757393121497,-0.5567550780191212,0.5519612890243087,0.5174847686771235,0.8198713003616279,0.24499094887468267,-0.5889371746363428,0.1335471225570051,0.7970684853813419,778
2744.379082801752,1467.446012451322,1052.9556919627012,298140.11973252846,4.550818108989297,0.9388489208633094,0.8260372048422376,-0.5601854172804333,-0.06208731338019078,0.47320903644036827,0.6294764144075011,0.616305647820831,-0.3061629370900426,-0.5384716723942149,0.7850557394105057,779
,,,,,,,,,,,,,,,780
3747.291073122346,2706.376622661985,1613.4159747397964,518650.2208896962,0.0008369744648287124,0.9964028776978417,0.7161944552943029,-0.541612141704826,0.44013837615414575,0.19162368337222319,0.7590313673908047,0.6222151937133223,-0.6710781371618053,-0.36128613490522554,0.6473997702723445,781
3330.868939045177,2251.28715114116,1395.5385564859923,361071.9533932341,0.003368904935085614,0.9964028776978417,-0.5270219913013261,0.6815599132821889,-0.5076651507554563,0.6216887400828444,0.7164720263247809,0.3164979398799746,0.5794401877148241,-0.14880833343881525,-0.8013146378047589,782
3197.031426054605,2141.6285685875205,1321.742210704408,568565.233594775,0.0010524575396553635,0.9964028776978417,0.7177513349479031,-0.6854204476766232,0.12260436814110853,0.5145657401593613,0.6407572076322541,0.5697826778005498,-0.46910033067005164,-0.34587427018223527,0.8125982211346234,783
3342.8155650808453,2506.2415189349517,1462.2637591317498,486766.7126363797,0.0013789323214392427,0.9964028776978417,-0.5409996307445595,0.6246419909589572,-0.5631534272869876,0.36472194819634335,0.7776148923055246,0.5121454673903999,0.7578240561226031,0.07167609361214827,-0.6485100134665528,784
2190.0648240103656,2007.3351509320478,1049.3484151061577,477324.82585190126,0.00614797408053025,0.9964028776978417,-0.47160130935471073,0.8158118514762664,-0.33472858856958787,0.6478760484768685,0.5780648230813406,0.49608233805078844,0.5982046730216344,0.01709044489779396,-0.8011610860921009,785
2649.9318562588787,2025.6319762381675,1168.8904663914204,298412.66362597264,0.0,1.0,-0.37038818811240354,0.7891618536490798,-0.4899348516404596,0.6220626060283861,0.602440309443632,0.5001037769689745,0.6898193272792403,-0.11953761877588703,-0.714044853919841,786
3342.119087194245,2663.5720012166767,1501.4222783140103,490935.6841839893,0.002243708720512241,0.9964028776978417,-0.6463618674914062,0.7151041825824811,-0.2661622518428626,0.4568935495804533,0.6420980218967496,0.6155959832780387,0.6111175178349871,0.2762899533629895,-0.7417541648456593,787
3030.2953015655944,2762.496803939355,1448.1952276090185,168479.67681757783,0.0005731858380046375,0.9964028776978417,0.6291448636445043,-0.5908201539122072,0.5050824549327505,0.12357459746989606,0.7175639631463342,0.6854423955766666,-0.7674021497297824,-0.36882720144382275,0.5244620444467135,788
2690.0972584846254,1985.2285638488615,1168.8309957334268,274860.027723279,0.00131968498984073,0.9964028776978417,0.6301713563669176,-0.5672744423076379,0.5301733383707992,0.5148538532474288,0.8163992755329743,0.26156783576256026,-0.581213877510641,0.10812922830480715,0.8065348712704569,789
2439.8280450115662,2390.1741839279744,1207.500062056929,215678.9761560753,0.00010161284736391523,0.9964028776978417,0.5935865749559276,-0.46826328106544995,0.6545108689990644,0.7441144737691712,0.009597388668534665,-0.6679831884546005,0.30651040432474763,0.8835368638243479,0.3541383660437191,790
2986.065563079232,1865.3209185638314,1212.8461928590084,115608.45606887544,0.001916802309920853,0.9964028776978417,-0.463017345679021,0.7742730643710238,-0.43141182110584136,0.5421395043797925,0.6324594672676174,0.5532447740868364,0.7012130171290227,0.02227653593057205,-0.71260371915655,791
2567.0791886193037,2376.0243561183315,1235.7750192564158,422674.94748733443,0.004614646697760304,0.9964028776978417,0.5474684026695003,-0.461915149517602,0.6977913317924187,0.758110759855269,-0.07929859019914925,-0.6472864971433392,0.354325307973016,0.8833720214261707,0.3067693724791779,792
3578.084336175262,2034.2770331602048,1403.0899183882805,481246.61426283995,0.0014680237806121447,0.9964028776978417,-0.5221499752282606,0.7520211754959455,-0.4022729856388859,0.48653858722211396,0.6500539708495413,0.5837037246126268,0.7004567128046075,0.1090595552367612,-0.7053129850630311,793
2052.9085832391875,1734.498349792973,946.8511660926257,532032.3326512335,0.0016569516044224273,0.9964028776978417,0.8373358843766041,-0.07609671328444956,0.5413667028572727,-0.5425466073736952,0.006000251789492673,0.8400042713020905,-0.06716990071857927,-0.9970823873711576,-0.03626178748612976,794
3590.2840016069845,2322.7856865293948,1478.266976230232,416757.50031089206,0.000959942310958099,0.9928057553956835,-0.022369129774901887,0.7389036265273434,-0.6734397172263111,0.5328834494614602,0.5787553268742823,0.6173147502730661,0.8458929313590279,-0.3450560857590876,-0.40669576633823984,795
4268.749539293306,2239.5484698830023,1627.0740996681207,656698.8000501309,0.0,1.0,-0.5036259969950843,0.7911060554489333,-0.3471484757027413,0.543945869233369,0.602549262472828,0.5840010938666174,0.6711808597499351,0.10528815377562825,-0.7337783440384825,796
2134.4416814302904,1439.5372051317513,893.4942421981368,220354.8922393241,0.0006517546098131212,0.9964028776978417,-0.4168548186210963,0.7538121035681521,-0.5079363864762304,0.5458489054272464,0.6544230846811641,0.5232393321227554,0.7268294384766278,-0.059141683697266384,-0.6842669278967108,797
2346.16311117638,1986.8761088665083,1083.2592643380965,472791.6045037335,0.0009768532258073637,0.9964028776978417,0.6254753322937889,-0.41166916157074546,0.6628039756244782,0.7241187569328611,-0.010086318007377994,-0.689601545856056,0.2905729418751555,0.9112775469639827,0.2917886184369158,798
3286.070084110808,2328.0111330493028,1403.5179020197095,308071.26622195286,0.0033988086806388666,0.9964028776978417,-0.43968594229242913,0.7332894834942575,-0.5186162411139319,0.6672472952421789,0.6532122911563498,0.35790326859958793,0.6012132060612237,-0.18868024824818658,-0.7764936862451539,799
,,,,,,,,,,,,,,,800
2731.5383168841463,1914.9624029667043,1161.623748360489,357441.5786060931,0.004582581391729598,0.9964028776978417,-0.44107030273796677,0.7303735649541431,-0.5215471634078883,0.6103085191087873,0.6701699571931116,0.42236919866276007,0.658012537529398,-0.13201016662348097,-0.7413452747284246,801
,,,,,,,,,,,,,,,802
2511.8971528640286,1570.7817242448239,1020.669267685002,203739.390497149,9.51465295803482e-05,0.9964028776978417,-0.43414193468338463,0.7950785532669171,-0.42352198843077055,0.6039817449548797,0.605717842504682,0.5179883657310579,0.6683762655201235,-0.030919078357211083,-0.7431804479955821,803
3224.495576366495,2848.2506996952625,1518.1850199760738,398947.38835675415,0.2270434280068011,0.9820143884892086,0.46118520705916827,-0.5355235369591298,0.7074763219730931,0.8725298975907924,0.41860377802900367,-0.25191755562097284,-0.16124448083575887,0.7334748928099912,0.6603141669064646,804
2931.5864197556157,2456.0930003722815,1346.9180986167642,433782.071904093,0.01803852501698289,0.9928057553956835,0.6912757933013535,-0.19185675293816767,0.6966554126306688,0.7137896569722827,0.03128886176888509,-0.6996608697995043,0.11243710773128038,0.9809240508220964,0.15857459860833312,805
3013.327451817246,2107.7481099137162,1280.2684654445945,377718.5105366872,0.004336756391520163,0.9964028776978417,0.7240414056927502,-0.4603204156868925,0.5136819616691954,-0.6053628024116748,-0.06712566135613748,0.7931141298979516,-0.33060538455801036,-0.885211421350486,-0.32726261505387766,806
3711.8037606085936,2541.547932320596,1563.3332970161896,440475.13100351737,0.0016551758640995185,0.9928057553956835,-0.4459061844972012,0.7644771363022133,-0.4655559930860254,0.4906478819833579,0.6437843417142671,0.5872021604769287,0.7486202846118939,0.03341301295446336,-0.662156507204235,807
2453.182181403271,1896.337938519197,1087.3795863485607,190716.4069685834,0.0,1.0,0.7043786401335765,-0.2794003396783238,0.6525229356208183,-0.6749624735563508,0.02091204527218336,0.7375556559699252,-0.21971888998050657,-0.9599469446538029,-0.17385474637053372,808
2249.06632750253,1586.0325443891072,958.7717324112607,177439.20503291476,0.0025124848300778655,0.9964028776978417,-0.36054260681253375,0.748048847767376,-0.5571642038274928,0.5343389823823678,0.6552532910678224,0.5339709509433668,0.7645200328175832,-0.10519527507777557,-0.635958389772407,809
3570.277447059637,2608.258080545769,1544.6334481809822,352730.25288598146,0.0003063017665363552,0.9964028776978417,-0.4613866821899924,0.7051240515271924,-0.538444427453371,0.5105273207127384,0.7073658524388811,0.48887156351058886,0.7255922989555386,-0.04933176219528915,-0.6863542765475594,810
2937.740296641886,2030.7876999681437,1241.5944473438558,560781.6954165798,0.0,1.0,0.563921135267151,-0.5284996242096041,0.6345715880886214,0.7381650011526085,-0.021951360525496847,-0.6742629819621192,0.3702774422947974,0.8486496833095427,0.37774108956563884,811
2583.7344625363885,2314.9146337100747,1224.6617475155035,408264.5529327905,0.00012657176177595524,0.9964028776978417,0.7369078624231897,-0.31900249789165763,0.5959901078354978,-0.6381854030014967,-0.03758071773128645,0.7689649413663919,-0.22290400107378627,-0.9470084983745839,-0.2312762640471632,812
2371.050540416367,2343.8214662540013,1178.58727148606,327819.2505382023,0.0023486410945193254,0.9964028776978417,0.6288846911724724,-0.5064534789185399,0.5899228075775781,0.7547430503766267,0.2154357432385493,-0.619637287809117,0.18672700157472863,0.83492054366063,0.5177264844069205,813
,,,,,,,,,,,,,,,814
2918.3940638407757,1868.8839794080338,1196.8190165252647,321779.1004447284,0.0,1.0,-0.324252358960144,0.8023461640445756,-0.5010998311232373,0.566620042783333,0.5889132210642258,0.5763010889907914,0.7574972837079983,-0.09706622017320571,-0.6455819189508725,815
,,,,,,,,,,,,,,,816
,,,,,,,,,,,,,,,817
,,,,,,,,,,,,,,,818
3062.2135323703537,2644.6820458278794,1426.723428342419,480017.53976051684,0.001352129159434588,0.9964028776978417,-0.47664460088302524,0.7500213967879247,-0.4585606053831403,0.49676468071508967,0.6601574427873659,0.5633977304946133,0.7252825493854769,0.04074377366833323,-0.6872446205421816,819
2477.6950288711646,2300.7905033592533,1194.6208803435143,356571.7686369545,0.0027086722427298515,0.9964028776978417,-0.407229385739648,0.6895547577563427,-0.5988977069965292,0.2833331493352718,0.7187609598980419,0.6349055118788952,0.8682664072033799,0.08886460815215982,-0.4880743053471444,820
2330.6681478231303,1938.595142369373,1067.3141707420286,259688.52901210502,0.0003338947651028486,0.9964028776978417,-0.39790356472801197,0.7805114271979946,-0.4821562663598704,0.5316353631561881,0.6244841478784926,0.5721742651415397,0.7476874974336061,-0.028661142018812175,-0.6634319446029477,821
3773.137768857455,2609.782262143442,1595.7295846469808,654684.9821786237,0.0016148292399040265,0.9964028776978417,-0.5084650353183702,0.7252421143284392,-0.4642059709472765,0.4594396175458663,0.6844449075113574,0.5660833917463729,0.7282709287675821,0.074558998022938,-0.6812212637064545,822
2615.1900115787707,1755.9373771923683,1092.781397460637,333662.9451855156,0.0008900090899752872,0.9964028776978417,0.7028002308367002,0.07481332526647573,0.7074424371625253,0.7075951852092721,0.02902670375733922,-0.7060216033080288,-0.07335454590232894,0.9967750081294957,-0.032537574646966896,823
2272.861572971944,1995.7162899137406,1067.143932027334,525131.0482206445,0.0010159877128874818,0.9964028776978417,-0.20343769427582484,0.8104875302441886,-0.549293243965745,0.6224338879603654,0.5401228910064456,0.5664303291044563,0.7557705734323608,-0.22666544935105293,-0.6143562601652286,824
4243.925933063207,2915.3848227327726,1789.8272572305364,331846.49971411313,0.0,1.0,-0.45025775064484774,0.7653091000696325,-0.4599673242034169,0.688041928292867,0.6257040742414153,0.3675496107857096,0.569092490633355,-0.15098474369386644,-0.8082928579892452,825
3222.1823096648254,1908.1326341600252,1282.5783149909746,327343.3652831198,0.0018973441589341979,0.9964028776978417,0.6052253848905379,-0.5625046695906673,0.5632856559267195,-0.6770558169704206,0.008428722620766632,0.7358833992838121,-0.4186856269214607,-0.826751143527287,-0.37574578172709666,826
2757.944839843265,1476.9603789224138,1058.7258067807886,217839.5311396915,0.0,1.0,-0.3443512002656661,0.8116741648795017,-0.47181278166531126,0.5621529438152604,0.5807600857970439,0.5888138844362004,0.7519350494792965,-0.0624721763041266,-0.6562704538164083,827
1872.5779385033804,1791.0557154846065,915.9068247759124,388481.46487550857,0.004518267323284394,0.9964028776978417,0.3827950510302104,-0.6132423732096695,0.6909426463947287,0.574268726701423,0.7438061701721053,0.3420055712216272,-0.7236597117703216,0.2658687136804134,0.6368912376900921,828
3429.8905548181942,2078.5565618144174,1377.1113499401777,378464.69690790365,0.00281840172642052,0.9964028776978417,0.6237453705611984,-0.4040716653123862,0.669079817357502,0.7697768632317401,0.4660592158726035,-0.4361563803652503,-0.13559238008301291,0.7870926861506775,0.6017472973529128,829
,,,,,,,,,,,,,,,830
3920.72348010982,2538.878412231539,1577.8706237679148,810641.1911701878,0.41196010356572255,0.9820143884892086,-0.34902277251799185,-0.28984713969253995,0.891163138755137,0.6527645889987483,0.6071121391073909,0.4531150426743115,-0.6723700585341003,0.739867208464128,-0.022694013006726688,831
2813.746426943817,2179.957129778866,1248.4254124013662,341471.8286779797,0.0,1.0,-0.49786095646482403,0.7428679832053326,-0.4475283539133273,0.5350498650168142,0.6692153703711112,0.5156281896915115,0.6825365264756309,0.01726115834751879,-0.7306476185132491,832
2335.186022037481,1809.9560584391095,1036.2850329694134,311046.78624011815,0.00361908467924808,0.9964028776978417,-0.4196147710183323,0.7929172467005217,-0.44182087301088047,0.5187675514711546,0.6089099036112608,0.6000907904848631,0.7448514425600956,0.02260462715881348,-0.666847328364713,833
2389.790205419334,2064.7388377924144,1113.6311257086522,529244.9798017091,0.001076382512260597,0.9964028776978417,0.3768012532427578,-0.5317752812031467,0.7584430537990321,0.8891599186648358,0.43715723756196173,-0.13523382966971362,-0.25964486244605284,0.7253334405282228,0.6375546607600493,834
2590.67232611089,1961.0183629113476,1137.9213472714,238982.91605599408,0.003254486970649243,0.9964028776978417,-0.4999439385582639,0.6853155755743242,-0.529526788910706,0.3586962133954363,0.7203651463353582,0.5936422175359612,0.7882849007780286,0.1068485742556754,-0.6059622903984231,835
2156.0702871605645,1542.9762477394656,924.7611654193026,293149.75130878756,0.0,1.0,0.6291504793051305,-0.34197616580181794,0.6980128769683352,0.7190394169243071,-0.08500830541519663,-0.6897506106699647,0.2952151610254413,0.9358556993649846,0.19241132676326145,836
3692.918598183845,2324.1812091039965,1504.2744499574014,321375.8036000257,0.011156001776249895,0.9892086330935251,-0.42161483485202167,0.7821221553594472,-0.4588309766445542,0.5369599897192564,0.6230902157457456,0.5687113085587592,0.7306948066555548,-0.006596752065457789,-0.6826723829105645,837
3243.401598424214,2039.155422076508,1320.6388477458897,470970.0760813611,0.001543774043750932,0.9964028776978417,0.6527685563761747,-0.5635712808954978,0.506241664777182,0.4833360597535032,0.8244021862786494,0.2945289265945557,-0.5833347796493218,0.05242562931230452,0.8105381473087409,838
2837.7348961754296,1903.0518733067504,1185.1948080769776,263053.913382792,0.00240495331289123,0.9964028776978417,-0.3473969226711436,0.7707780012812202,-0.5340567861749786,0.598850113104444,0.6206218564958662,0.5061689967534747,0.7215912417382948,-0.14397841498138467,-0.677182616334792,839
2517.416813351325,2113.546007767139,1157.7402213447297,489382.4422196912,0.004521467136631896,0.9964028776978417,0.6372483055699572,-0.6006699678358387,0.482814857671459,0.35960806651761584,0.7858744664890409,0.5030739124781043,-0.6816132595128125,-0.14695888084990963,0.7168029379094798,840
2710.928092036858,1550.837142713739,1064.5263964569097,208672.53507389914,0.0012183472268444432,0.9964028776978417,-0.5041536444412421,0.6856291262984601,-0.525111230091134,0.4594258897755958,0.7277870536933972,0.5091697715695486,0.7312707806281581,0.015450101860325804,-0.6819122669024145,841
3415.875218545431,2774.3830562215207,1547.5637152168501,546474.7947803875,0.004824684570961472,0.9964028776978417,-0.35153844986715405,0.7586209745970915,-0.5485571393814481,0.4792412075985099,0.6491854261859753,0.5906658508558419,0.804206803754184,-0.05524942831462307,-0.5917760703732342,842
2695.9505008762817,2427.1957844045796,1280.0550467543399,379771.8042110797,0.0,1.0,0.7043818535396349,-0.18527396348060418,0.6852151215933986,-0.6946976051345333,0.018270939467373896,0.7190698228901862,-0.14574444011492307,-0.9825170386447084,-0.11583966051581941,843
2434.8340001679244,1830.9253750920068,1066.4375284380947,210070.42452118476,0.004216582095052937,0.9964028776978417,0.6225155555946921,-0.24916386950291314,0.7418839189367614,0.7755473886976196,0.06936164284930846,-0.6274672982598759,0.10488389260003225,0.9659742898419089,0.2364170899860766,844
2427.366521622889,2047.7961919231939,1118.7901301283273,404738.4870451205,0.0033293887248368862,0.9964028776978417,-0.3523709303031014,-0.36384746114107713,0.8622353231563408,0.6986374618129506,0.5107491536822192,0.5010399175359732,-0.6226880635028144,0.7789417995165553,0.07422431230416304,845
1959.7969741591578,1453.6287798619526,853.3559968594797,283961.602238287,0.00035037964568593224,0.9928057553956835,-0.5650070913924773,0.6846579596469565,-0.46044594141796846,0.4900808094854327,0.7274301299368355,0.48027721810864776,0.6637678712097445,0.045704314371237426,-0.7465409089912884,846
2925.4988938440542,2172.33385218151,1274.4570613793767,343110.68579715735,0.001484357193394762,0.9964028776978417,-0.5737206466871198,0.6703660822082566,-0.47058892399807517,0.41533990733119724,0.7333200772970899,0.5382698446050109,0.7059301530201311,0.11336216325451395,-0.6991506554378901,847
2266.039273597089,2078.201187536548,1077.5135061265914,437897.94400188886,0.007302446686104701,0.9928057553956835,0.46381343060536395,-0.23399574348204863,0.8544724065892161,0.8781494492541732,0.24899581673185897,-0.4084784303052329,-0.11717784075786576,0.9398122553373721,0.32097083723136977,848
2244.585043225765,1739.209265306512,995.9481089892313,292534.78676889907,0.00015671144632478193,0.9964028776978417,0.65835460538195,0.04528242635300752,0.7513446049822686,0.7525273713630284,-0.0177348821520779,-0.6583221318659298,-0.016485415427813815,0.9988167879138978,-0.045752106613095304,849
3845.3256997268873,2538.269269634451,1595.8982867293487,522846.1347762717,0.00605127137583083,0.9964028776978417,-0.3946192099995339,0.770255277830552,-0.5009815226867385,0.5348258474600384,0.6358989112443966,0.556411617030812,0.7471525894942717,-0.048367154685493075,-0.6628903577211198,850
2615.5601244350833,1549.0937406252874,1041.1472510432832,158474.58257172638,0.0006338286421614891,0.9964028776978417,-0.4952988861448141,0.7565696379611268,-0.4269442543225944,0.5082837421143154,0.6509421335697387,0.5638457025161623,0.7045045428426808,0.06226332515250113,-0.7069629604547747,851
2768.8295073222575,2693.195652857626,1365.505625880286,656600.6645700068,0.00040969952427949023,0.9964028776978417,-0.5949066214941793,0.7470427916582687,-0.2966701520776935,0.5227905633255562,0.6399643617689609,0.5631479757252035,0.6105539604327606,0.1799241037133911,-0.7712659582159735,852
3102.9340542763143,2089.9613429999185,1298.22335334377,743396.759999787,0.0023270004191079056,0.9964028776978417,-0.4836318340687798,0.6673606070277358,-0.5663303534712231,0.48922570129174414,0.742635061872184,0.45733070974263107,0.7257812771564651,-0.05588367441095504,-0.6856519180046542,853
2747.718784606369,2342.8413692654613,1272.6395751596192,697604.4301243672,0.004880397587569022,0.9964028776978417,0.5126996131495206,-0.59696049890861,0.6170715269878488,-0.23728066498389264,0.592209563613206,0.7700556595401776,-0.8251284704221118,-0.5412263810161508,0.16197843001778586,854
3446.795726670536,1906.7156208536771,1338.3773931789704,364945.7126983609,0.0005218092567837559,0.9964028776978417,-0.5835104629483123,0.7494031745499455,-0.3129064102959705,0.539152895198548,0.645618667314163,0.5408240860155062,0.6073135065424363,0.14687211576724868,-0.7807681386821457,855
3823.458214003501,2875.846382189329,1674.8257107062666,312321.22934332973,0.001031316177260576,0.9964028776978417,-0.5612985479520225,0.6897382724807405,-0.45738939159345937,0.2840984346862797,0.6796585878153065,0.6762782588681296,0.7773236259600995,0.2496503945203915,-0.5774449419988508,856
2034.1618937090568,1975.6651074030392,1002.4562386256846,137806.03949790588,0.0,1.0,-0.4790609327276275,0.7366345645551373,-0.47735745624929626,0.574101310598588,0.6743226450262096,0.46443154024445854,0.664009267934657,-0.05156053439909017,-0.7459445042289414,857
2738.549232333205,1994.8629406845207,1182.998098110146,365789.43155713327,0.003930870862443248,0.9964028776978417,-0.45292202597686876,0.6879423866211979,-0.5670951516940864,0.45436934657409694,0.7253854876875712,0.5170729069929043,0.7670789628707313,-0.023476944907605185,-0.6411229973873722,858
2543.341038211978,2140.160951366254,1170.8749685114449,468393.54639279755,0.0032067431366276126,0.9964028776978417,0.7246542802765346,0.16228562888532053,0.6697309524982353,-0.6823658730805716,0.03332200159854653,0.7302509564967756,0.09619245984944379,-0.9861810274319631,0.13488510592852965,859
2398.4333231342307,1848.9179613191845,1061.8372365600142,368755.88410624245,0.0,1.0,0.5815568990608524,-0.3765795105330903,0.7210960029020987,0.7966047994106195,0.08387103020179512,-0.5986538597961734,0.16496171286299255,0.9225798190614987,0.3487608216955567,860
1950.3640018889766,1699.039669969806,912.350392625534,302028.4711446929,0.0001791508203884788,0.9964028776978417,-0.489191383333785,0.7157277450489844,-0.49842309882174785,0.5507255124353412,0.6966186924668948,0.45980844626707845,0.6763085097977171,-0.04955998661026731,-0.734949390980346,861
,,,,,,,,,,,,,,,862
2143.6342571499245,1367.1251675598128,877.6893882603567,268874.0888719039,0.006771911810816478,0.9928057553956835,-0.3224413532857826,0.7891641564804287,-0.5227346437895298,0.5649123395242618,0.6035351793635335,0.5626893778310131,0.7595430352155554,-0.11386492610615798,-0.6404132698956049,863
3196.7770641694538,3196.3478973675783,1598.2807061484352,564481.9442114279,0.000826481617390603,0.9964028776978417,-0.5142434015324813,0.756335968977944,-0.404363235235967,0.5325083975986555,0.6511665874822855,0.5407558430877907,0.6723009225541905,0.06275330570471718,-0.73761337579786,864
2883.452910613293,2161.3252552556414,1261.1940694721723,416848.6478840683,0.0,1.0,-0.5155271266510221,0.678815689688524,-0.5229159025308321,0.4906156621342841,0.7341638860080676,0.46936090649954143,0.7025155185157687,-0.01458245227068336,-0.7115190077083635,865
3085.4843278617695,3084.1756950858,1542.035458868185,479453.205557717,0.0,1.0,-0.6682696424496039,0.713627586347174,-0.21012223343707695,0.5561575743072841,0.6668478617694079,0.49598657420761566,0.4940692638901114,0.21459169894913363,-0.8425235695345312,866
2552.4007610287713,1768.9711818474798,1080.3425357790218,313133.29233794083,0.0019436535728329688,0.9964028776978417,0.6727149513377984,-0.460254579553459,0.5793274689212071,-0.6482888294400365,0.0107317693797665,0.7613188706115506,-0.3566177054912597,-0.8877221136853852,-0.29115848090705,867
3861.4900234178813,2363.1314809869427,1556.1549201721343,277826.53962572984,0.0035606391114132046,0.9964028776978417,-0.6428409270188705,0.6705370299553347,-0.3703182874341984,0.32869254552864974,0.6781415780300601,0.6573318877559466,0.6918935995248227,0.30083897953154,-0.656337683918123,868
3044.023737232404,1622.6811492380127,1166.6758136369808,285186.05971043376,0.000643881460686803,0.9964028776978417,-0.28803443351928015,0.7942207584489481,-0.5350229452612336,0.5274218030035329,0.5978960960018788,0.6036112160175742,0.7992886880368881,-0.1083219517664345,-0.591104007719268,869
2445.9471346470928,2341.848648393252,1196.9483027989827,750013.8759406938,9.796558724362462e-05,0.9964028776978417,-0.46750601196405933,0.7711274254781516,-0.43220437579101223,0.4141155274741541,0.623003922205417,0.6636071449445597,0.7809906905221495,0.13125778678655406,-0.6105939196598927,870
2871.3699651060383,2857.2227737856065,1432.1474923150217,471693.418670414,0.0027947709806997226,0.9964028776978417,0.619138894921557,-0.5962258293794575,0.5110594771414491,0.37417427869178777,0.7961569877030358,0.47552882152095527,-0.6904061398631921,-0.10319307783183068,0.7160241271960046,871
3340.477710435879,2291.8077920566325,1408.0708851999539,537878.4012591222,0.0,1.0,-0.539085013918792,0.6930234689478569,-0.4786499966109418,0.40626181776074805,0.7117740500230461,0.5730000324114504,0.7377931168003051,0.1144385127536579,-0.6652556979093245,872
2994.289076129665,1757.636399822438,1187.9808754937671,377155.70212021255,0.0016970230621739493,0.9964028776978417,-0.5190189469187644,0.7849404310207413,-0.33836053624545187,0.5632655846082225,0.6118287400090389,0.5553354608656907,0.6429239565728548,0.09764278082851141,-0.7596806390956539,873
2415.0543685985817,2018.8961478885058,1108.4871360170418,580334.1365023126,0.0008920996025692902,0.9964028776978417,0.4478946493195968,-0.338479268735359,0.827539828496038,0.8111894518452205,0.5430618602980479,-0.21692277221323317,-0.37598145742300393,0.7684501288476697,0.5178053139434491,874
2549.0049842610497,1788.4515509477305,1084.3636722134054,190983.41718215725,0.00025037906109904055,0.9964028776978417,-0.40248961856542403,0.771020842201952,-0.49348654271140174,0.5678123743027828,0.6331182750571022,0.5260706771692907,0.7180468052541533,-0.0684697793111105,-0.6926187080821538,875
2766.959489759471,2359.8165289810945,1281.693504933674,472626.7242348361,0.002881261009990461,0.9964028776978417,-0.5207863272735752,0.6869485787822311,-0.5068365135169065,0.5487398760404258,0.7241748875860516,0.41767844166639423,0.6539618870913186,-0.060600183983237216,-0.7540964579768022,876
4241.166054541533,2334.330974517274,1643.873848794588,449264.8280758651,0.0010026909521955903,0.9964028776978417,-0.5911770974772638,0.7129924599465753,-0.377029695750466,0.514024288079408,0.6932959234555339,0.5050938465121073,0.6215212552140237,0.10479749319172504,-0.776356113351286,877
3336.7924674648502,1893.24377675651,1307.508621668333,401212.18563379155,0.002488803646632309,0.9964028776978417,0.6667301857125086,-0.5379772343936745,0.5158016622054423,-0.68185972458221,-0.16089204805970617,0.7135692432159797,-0.30089562218888566,-0.8274625333785735,-0.4740965939576837,878
2437.8063964306507,1469.4486437998416,976.8113515758222,272731.5896560611,0.0,1.0,-0.26777089171749446,0.7270427429779084,-0.6322243268270978,0.54604743203492,0.6551443162898712,0.5221284581414296,0.7938078807349341,-0.20541366730633168,-0.5724284005592983,879
,,,,,,,,,,,,,,,880
1951.2815679386038,1529.2751129248481,870.1387239707476,222667.6684230177,0.0,1.0,-0.5280565049715423,0.7235183947700943,-0.4446093341199054,0.49420523347606327,0.6875888807210571,0.5319612000077015,0.6905921479151855,0.06117731228216963,-0.7206523584224371,881
3117.532422556026,2387.305062705982,1376.2088896025505,314093.14178592205,0.0021453076176695513,0.9964028776978417,-0.5923459451615833,0.6126206085224629,-0.5232802989452189,0.2820408858975565,0.7660605718882911,0.5775847460592305,0.7547047236719483,0.19454354322812029,-0.6265569326529685,882
3079.0843629825463,2562.5591631842053,1410.4103922121005,380004.6950676131,0.0008391395072943638,0.9964028776978417,0.7544514506507808,-0.1913431467094665,0.6278461665234982,-0.6294657851785564,0.06006509370856265,0.7747031752918823,-0.18594578215295993,-0.9796836146047873,-0.07512776700010987,883
3714.510481633943,2433.484470736346,1536.9981928139002,368694.3224051552,0.000882861325935313,0.9964028776978417,0.7175064533075003,0.04045037615467953,0.695376341653235,-0.6963742352950324,0.019112941341485657,0.7174242955814473,0.01572939539050036,-0.9989987300003047,0.04188225851631504,884
3647.3629992093465,2101.1495209165814,1437.127675778953,338669.28136939724,0.002355054957777159,0.9964028776978417,-0.5012090320339264,0.7628713872320418,-0.4084320662610549,0.5485250737547553,0.645148538765363,0.5318868360763002,0.6692605992212262,0.04255125699173784,-0.741808358579538,885
3954.2649642431156,3162.675526602013,1779.2346395395123,550037.9157456195,0.0,1.0,0.42908215765538693,-0.497452523479791,0.7539426296910036,0.8008977893061393,0.5954881842351597,-0.06290114085492819,-0.4176735963241353,0.6308207426202,0.6539219812896359,886
3435.922397104606,1608.5476029804347,1261.1171178420288,326718.79312895454,0.001060312496051215,0.9964028776978417,-0.5573341056014014,0.727730625738327,-0.3997334500588973,0.5030744374512436,0.6789822640286737,0.534695423131348,0.6605261577837782,0.09690831490124818,-0.7445226480009858,887
2988.009235839607,2301.7513648818313,1322.4396430802713,525558.5844916609,0.0042414994828265315,0.9964028776978417,-0.6196311335781246,0.6905026418717322,-0.3731800636004647,0.48898020701972766,0.7115148028283933,0.5046236642281225,0.6139671126726844,0.13020286834102815,-0.7785188486042816,888
2517.7328509815943,2343.5131014660974,1181.740293634093,352004.61125851393,0.0032261304329513673,0.9928057553956835,0.5204787246297676,-0.5919921260720801,0.6153431724464236,-0.248377214012531,0.5845219366629778,0.7724266082412847,-0.816952052918128,-0.5548688387613961,0.15719387712133023,889
2676.7283941627934,1731.9854817814273,1102.1780270519264,480344.6208334207,0.001061433691133858,0.9964028776978417,0.47038045672414786,-0.605518316674325,0.6419422046445257,0.44807708044771555,0.7905761808488808,0.41739218039135473,-0.760242826937179,0.09130646442771564,0.6431904645159758,890
3711.8880473578297,2487.475422279338,1549.8404191696357,425553.7893376255,0.0009358470485441799,0.9964028776978417,0.26920473330921707,-0.6803181259280598,0.6816861881376546,0.6690699742503096,0.6412316918812466,0.37572235345239186,-0.6927295151215973,0.3549495243845897,0.6278030375990149,891
3063.074219070233,2218.9493578294027,1320.5054347938299,438893.19910324196,0.0026566814439181003,0.9964028776978417,-0.4830225473822353,0.7206983084025678,-0.49727574542305353,0.3028839357076187,0.6703847276548615,0.6773814570959115,0.8215537354370919,0.17657368205028323,-0.54209887898479,892
,,,,,,,,,,,,,,,893
2635.144614278281,2007.0660614067635,1120.749576681089,405682.5307135741,0.11577010401068179,0.9856115107913669,0.7540570802399778,-0.64727171542242,0.11152240202792178,0.4931850830079723,0.6701238661031569,0.5547093635205537,-0.43378150449088904,-0.36328133793669604,0.8245364005721911,894
3692.5949403333047,2633.966615962244,1581.6399245150533,480932.7685027925,0.008826691130587776,0.9964028776978417,-0.6546017801229934,0.6917967098217419,-0.30481768606762455,0.34307208877644313,0.6311493957413085,0.6956665739835065,0.6736453453875983,0.3508101374464454,-0.6504876602230281,895
3051.9291355764085,2653.94019721511,1426.4666814244326,530757.8983654573,0.0006232563772110924,0.9964028776978417,0.6097810131206048,-0.5872758933473975,0.5322350431253329,0.4870127709651164,0.8074355017353373,0.3329661716365243,-0.6252884749893347,0.0561688136817976,0.7783696984178481,896
2459.5972970192893,1811.5216304756416,1067.7792461544648,278680.15222847345,0.002599355446770802,0.9964028776978417,-0.515377388717144,0.7462278956491506,-0.4213431795509908,0.4708588735110779,0.6573862367948852,0.5883326073816901,0.716015410752434,0.10482014800456882,-0.6901700284258392,897
,,,,,,,,,,,,,,,898
2805.0396236754614,1371.5246677366147,1044.1405853666058,169835.44692467834,0.003070372961763343,0.9928057553956835,-0.4141781526620644,0.8025319183177051,-0.42941702101656853,0.5752251272421623,0.596416935747856,0.5598239828217221,0.7053881986868491,-0.01514459753318581,-0.7086593894946147,899
,,,,,,,,,,,,,,,900
6099.782697996557,3732.1762178914546,2457.98928334018,525289.2350404352,0.0027733414026784417,0.9964028776978417,-0.5826845146013234,0.7510426098996819,-0.3105056433607843,0.46943915522362345,0.6229227612085619,0.6257748102242785,0.663404579413461,0.21886578463381473,-0.7155362550771791,901
3250.665536567835,1783.6770151539586,1258.5806767255344,335474.77464772126,0.001550042498057937,0.9964028776978417,-0.45437380947294354,0.7205450067534254,-0.5237932173174366,0.5091313936001783,0.6925504930179793,0.5110372184795291,0.7309785669332483,-0.03447764294814698,-0.6815288892049658,902
3208.3943345833886,2137.4003657046496,1336.4482581704578,500703.829816312,0.0024432571442301694,0.9964028776978417,-0.566970035200457,0.6644345289974962,-0.4869001292469206,0.5582789066741665,0.7445726081322932,0.3659730776734432,0.6056976486230488,-0.06433030308454951,-0.7930901402473494,903
3942.997675787194,2306.1866654909436,1562.2827516807756,424641.7000456425,0.005884668201194694,0.9964028776978417,-0.47259016292296285,0.7417633588294904,-0.4758630658145681,0.5064414336268871,0.6704886746238894,0.5421826366705629,0.7212320099762564,0.015233407336927296,-0.6925260508360076,904
3193.2242063982885,2137.9687332553217,1332.7977703411823,364187.4405314827,0.001652504067931431,0.9964028776978417,-0.40739716836243245,0.7023939700634053,-0.5836696480277521,0.5205911579293767,0.7037183087666111,0.4834929039731724,0.7503415179076942,-0.10687961791299933,-0.6523529365142374,905
3124.135616041603,2180.7209399931494,1326.2049978994507,411342.4674912358,0.0005611942765594724,0.9964028776978417,-0.3812751647248293,0.7699436683002261,-0.5116795837322863,0.5685217191955434,0.6317357017508543,0.5269658982669557,0.7289803176814845,-0.08998194695463821,-0.6785948317333803,906
3780.1708236663453,2011.377748632015,1447.8866644756786,355921.1418502537,0.005111084081362181,0.9964028776978417,-0.4897710399946401,0.6930961762762305,-0.5289064367294436,0.6665816822840331,0.688700864143296,0.2852367097196043,0.5619547928667902,-0.21285866240194617,-0.7993109536435099,907
2474.620164944186,2130.5344382783264,1151.288143968832,521164.0641112027,0.0013188592126338913,0.9964028776978417,0.7559041011184493,-0.34795419190141014,0.5545600691093309,-0.5223141304319279,0.19017802873389308,0.8312762877275097,-0.3947112097007738,-0.9180197153248546,-0.037985039310557134,908
4854.00734799882,2654.157188006281,1877.040727090394,351996.3815276358,0.00045226645515291817,0.9964028776978417,-0.5571857928457888,0.7372800488663827,-0.3820498943782002,0.47092246189187753,0.6595020358129154,0.5859087809926672,0.6839415378060487,0.14654417184659513,-0.7146669004237518,909
2333.6290084141274,1998.047018312672,1082.9159173877813,300529.3244976786,0.001610157080912432,0.9964028776978417,0.637958150776126,-0.336726585664594,0.6925493515735686,0.7281373057784568,-0.028955587454954475,-0.6848194199121608,0.25065007838019027,0.9411571497161368,0.2267107358423971,910
3519.231951928344,1794.6618754603576,1328.473039516684,235999.36229837197,0.0020394865410454134,0.9964028776978417,-0.35398076194528555,0.8105995943682668,-0.46650393115453653,0.6152448597574872,0.5775013242080242,0.5366246202700435,0.7043943375089163,-0.09705935373769975,-0.7031415925241482,911
,,,,,,,,,,,,,,,912
3901.1296893394597,2323.4620725166415,1556.1459269589066,395794.98551787855,0.0041431302975864235,0.9964028776978417,-0.3718905491975244,0.753492225058239,-0.5421686879508516,0.5075909724748278,0.6540719058143858,0.5608398583253476,0.7772057797518122,-0.06662888863789893,-0.6257090115375167,913
2869.433683491413,2203.4361623824216,1268.2170046660635,320862.8432007405,0.0005776950296747343,0.9964028776978417,-0.4686065544183592,0.7372548978481316,-0.4866858460599551,0.5104556233484593,0.6756141624094788,0.5319591715006654,0.7210013548864449,0.0008480275227651657,-0.6929331332107243,914
2933.839302512926,2134.7785702225997,1267.1533038126306,253624.4612824468,0.0,1.0,-0.3662613245242126,0.7647168065407658,-0.5301517216343473,0.527568167313266,0.6399779753688303,0.5586591267316185,0.7665014487889056,-0.07507594046634278,-0.6378394250652768,915
3020.831708593934,2338.46038166176,1339.122066218964,534910.7066684826,0.0012422752172141314,0.9964028776978417,0.5577525829628113,-0.5847620246958279,0.5890377158314639,0.8021811845414641,0.561995341706133,-0.20165957222076103,-0.2131135926353968,0.5849911199105872,0.7825394470950275,916
2228.579511640032,1655.7113027844173,971.0702631177019,150371.346036428,0.00019540281743035673,0.9964028776978417,-0.4259825539073562,0.7693281166449857,-0.47610199821681687,0.5490212215716287,0.6380803996952306,0.5398417377239104,0.7191067806873768,-0.031426938512273656,-0.6941885806502315,917
2246.402807009199,2246.387355668195,1123.1969762034014,283570.77884373895,0.0005347881108677719,0.9964028776978417,-0.5450395927946176,0.6401030676565618,-0.541479367162717,0.32968382412586,0.7574429144273692,0.5635501818769311,0.7708699101638529,0.12864017319807997,-0.6238680048243711,918
4857.556112511977,2281.2041333851375,1784.6896216631205,396342.1233505405,0.0037569371582057017,0.9964028776978417,-0.38088829525520496,0.7630444010850153,-0.522194741940585,0.6647174496883113,0.6185451832652552,0.4189899382314799,0.6427089688322789,-0.1875235938013195,-0.7428055486803976,919
3263.4928984524763,1858.7743530697867,1280.5663940820796,253168.2924686024,0.0,1.0,0.5117065890083126,-0.6001849490536084,0.6147636893107754,0.6191367812689736,0.7536972019917935,0.22047715026649975,-0.5956727397198676,0.2678032013237691,0.7572684018994638,920
3143.9146769581534,1822.2246081605383,1181.709858589389,259453.0221426538,0.02081476528958108,0.9928057553956835,-0.36923804249536735,0.7433015467311723,-0.5578226228840455,0.5973687549227207,0.6496393941163784,0.4702331637115606,0.7119085886658959,-0.15959783281470838,-0.6838966977143409,921
2568.669336310186,1680.9943523871334,1062.415232206554,197723.86774021355,0.0021423560609801543,0.9964028776978417,0.6555154335890834,-0.4105274003564835,0.6338507473238977,-0.7043307652643159,-0.0295649847073225,0.7092560079276303,-0.27242923747039155,-0.9113688414883423,-0.3085273818245274,922
2356.452748486896,1689.5317442827127,1011.4949005780103,358720.1865786121,0.003150386172729846,0.9964028776978417,-0.5080251017864437,0.7307702268810033,-0.4559444828695271,0.5735477128003198,0.6819231585723824,0.45389847647264403,0.6426145945248953,-0.03091409560301514,-0.765565674254438,923
2903.905416734061,2863.2677885027856,1441.792786418276,598413.4353875918,0.0021654788023705864,0.9964028776978417,-0.3164344749261419,0.7347628456528033,-0.5999939864085403,0.536699100894878,0.6602014308648583,0.5254409060804299,0.7821913437112726,-0.15574861582752017,-0.6032570517540305,924
2841.972959739807,1965.886895965728,1201.96336380998,495661.90299019014,0.0,1.0,0.7071404630738362,-0.2811557515957697,0.6487709987571411,-0.6953897426370139,-0.1104277476814163,0.7100977526913016,-0.1280057472106159,-0.9532875515219041,-0.27360075437473597,925
2665.543108470223,1915.7673115424623,1145.3271751347631,424468.9265601821,0.0018289905762335756,0.9964028776978417,0.6437509967929419,-0.35170654023196085,0.6796228098630578,0.7285966997408058,0.01018890299371662,-0.6848671662319568,0.2339476506718969,0.9360548572673766,0.26281134094869524,926
2904.794635317428,2195.8277037463827,1275.153367477767,327156.9157969233,0.00031942374500642666,0.9964028776978417,-0.5324447981242293,0.6503883816588136,-0.5417540862362537,0.6447964757540566,0.7262878397782964,0.2382088970742363,0.548397704048437,-0.2224880374164086,-0.806076318595825,927
3213.5564368829223,2513.522446270505,1431.7692592402059,522427.0702200048,0.004482352724902843,0.9964028776978417,0.7039003353860105,-0.5946056970302438,0.38854650030934507,0.3937270754252798,0.7819163582031997,0.48330714752763754,-0.5911880478498512,-0.18721878600563413,0.7845035489059681,928
3290.4617391931606,1937.1029992810165,1306.8907360650428,260256.77606796593,0.0024950808506496694,0.9964028776978417,-0.39616221905039284,0.7590772080932253,-0.5165823151739353,0.5430530509002821,0.6473691476956073,0.5347958213372266,0.7403707720493593,-0.06866570297650357,-0.6686823918197475,929
2895.5676491673657,2119.883664782059,1253.8605368704486,374952.80047898466,0.0017847155759819434,0.9964028776978417,0.6532002025860344,-0.6295040121633582,0.4207780816675199,0.409756251207698,0.7611887720474216,0.5026842626392359,-0.6367333114717475,-0.1559370128583107,0.7551518642518533,930
2255.6539622048135,2195.819182624417,1112.867472690809,620274.5612079902,0.0012124567863685501,0.9964028776978417,0.3020807745976121,-0.6353874336630787,0.7106546381763462,0.763248433201973,0.6078464447624718,0.21903088550329314,-0.5711383675023419,0.47624101958217563,0.6685771880898195,931
3535.1363333815916,2360.3692213881945,1473.8759282346812,503658.7862988956,0.0024069837413958394,0.9964028776978417,-0.45041552995714396,0.6380605628180417,-0.6245034575963122,0.4856363970112733,0.7620363831886114,0.428319787769289,0.7491883209656529,-0.11035972486891982,-0.6530984541824627,932
3281.013100832277,1878.1892546135864,1289.8001777645873,286848.0026423968,0.0,1.0,-0.5508994669651261,0.767722565908731,-0.3272794510690429,0.5145672748081386,0.6212014400683908,0.5910408535401617,0.6570618669456213,0.1571967959325873,-0.7372644507600126,933
3485.133640072221,2390.374490495242,1468.8761184530192,432940.6556180348,0.00011319064759097377,0.9964028776978417,-0.5075662732373373,0.7131156430340589,-0.48357270180613093,0.5085492649912932,0.7010024773267834,0.49997317113874024,0.6955243513700841,0.007848977120182121,-0.7184596510656606,934
3174.5553100567136,1779.6039749941956,1238.5393875776492,238176.79887087923,0.0019328301628806926,0.9964028776978417,-0.5730842480086173,0.744863667166454,-0.3416907403189901,0.5106677567824622,0.6506930701773355,0.5619759519818985,0.6409312653219263,0.1475691219684357,-0.7532798068276485,935
2298.142092451055,2265.5158474688606,1140.9138395846858,485237.53503329225,0.0006991998779044947,0.9964028776978417,0.45290503184187075,0.431437176305436,0.7802172742473126,0.7899313838910601,0.21157467668208918,-0.5755384999553237,-0.41338292281644723,0.8769823938303788,-0.24498253006136925,936
2522.811551873256,2396.0648940272404,1229.7186013057087,537593.4480867378,0.00045483367585750026,0.9964028776978417,0.6979713853284897,-0.3677415076490735,0.6144933920024002,-0.6867654792823594,-0.10054311087816051,0.7198918386264795,-0.2029510328347708,-0.9244767527671687,-0.3227283871374991,937
3435.254195003684,2988.296204609419,1605.887054684105,522505.29241441574,0.0,1.0,-0.37191565896390727,0.796303413021404,-0.47705305473071447,0.5763138175878822,0.6009539769302189,0.5538200982891783,0.7276957649146543,-0.06895790036114333,-0.6824248542536085,938
2775.2355914994146,2278.6742409319218,1263.476973527933,421373.42299826635,0.0013298602284082988,0.9964028776978417,0.6416779012431717,-0.39014544644897436,0.6603302216855509,-0.696605626606352,0.06378244302408152,0.7146134626091588,-0.3209206631498355,-0.9185414147315352,-0.2308497290153479,939
,,,,,,,,,,,,,,,940
2708.535625315815,1851.3949105546203,1139.9812290179577,314061.4639966035,0.0013421988774275522,0.9964028776978417,-0.4456665753540945,0.6372753748228551,-0.628698178983002,0.621429612884032,0.7257530391402045,0.29514024193518407,0.6443652224033785,-0.25915752511387036,-0.7194656609831342,941
2986.8546987340355,2190.6233895811893,1294.3690880664217,244072.1571866218,0.0024822784567187705,0.9964028776978417,-0.4914281738722755,0.6991975116465784,-0.519250603881973,0.5524076788465734,0.7111762259690976,0.434826553889815,0.6733083292785719,-0.07315200150087584,-0.7357341084933566,942
2583.7119778042147,2572.876668559705,1289.146648475198,656723.3314980156,0.00013361460043989634,0.9964028776978417,0.7796878152958813,-0.058895735431758654,0.6233924951642328,-0.6185156167733092,0.08273512438319919,0.7814047165207216,-0.09759786107629849,-0.9948297299242965,0.028079636252677717,943
2588.5245003859413,2135.621446744931,1181.0360018436972,454579.98059863684,0.00023342109275434342,0.9964028776978417,0.6080590730423961,-0.43614702090752844,0.6633550631783177,0.7893648247902108,0.42125473677635644,-0.44659558901471763,-0.08466012682923352,0.7951856531005641,0.6004268815003935,944
1850.408546195993,1850.408546195993,755.1703454417741,349298.935496133,0.007517992301852588,0.9928057553956835,-0.5161902299414917,0.7073069480619045,-0.4829746657292745,0.5233641834044156,0.7068704232019534,0.47584045260120617,0.6779657646536288,-0.007147448890742258,-0.7350587295801438,945
2477.4794844029616,1968.4606267928066,1111.48454367889,355832.05298088555,0.005085220746019189,0.9964028776978417,0.578889806676642,-0.5327984273677187,0.6172620412113206,0.8125134759308612,0.3132105089174337,-0.491651328213839,0.06861809642237185,0.786145669006812,0.6142202731473474,946
,,,,,,,,,,,,,,,947
3067.449102870849,3061.13520793416,1532.145533157021,632274.9861171831,0.0,1.0,-0.4829169384873831,0.7181689200065748,-0.5010235851320404,0.5947329877940738,0.6889473298610586,0.4142997102422978,0.6427160366378819,-0.0979029060544565,-0.759823082851913,948
2929.4624723984666,2574.927256375067,1376.0968767537458,579766.453024449,0.0,1.0,0.7496813827153894,-0.308887195515774,0.5852918287968334,0.6487506788966684,0.5177589218028477,-0.5577170030801146,-0.13076842524498644,0.7978185253176018,0.5885450022037343,949
,,,,,,,,,,,,,,,950
3690.846383983401,2401.038207876944,1522.4209005737202,377432.3804173462,0.00043428569012739357,0.9964028776978417,-0.47535484021143976,0.729568098316542,-0.4916992635812475,0.5599547510158837,0.681953887509272,0.4705205331605954,0.678592994881539,-0.05166512585657451,-0.7326952040705111,951
3774.9589913178684,2545.3693703478452,1580.0816585185216,491139.97754555027,0.0013683783153319163,0.9964028776978417,-0.5092067335558147,0.7005519192198845,-0.4999355068193837,0.5035988080234525,0.7135914246284266,0.48700669323339946,0.6979231641511661,-0.003779837841644207,-0.7161626699061572,952
3645.8215159811584,2213.128006903728,1464.736939932911,372157.6067780549,0.00039389291834673195,0.9964028776978417,-0.507020716494597,0.7781858936923698,-0.3706166589665301,0.5510480338902638,0.6232841180308976,0.5548540101288993,0.6627790411524643,0.07709489651497012,-0.7448357668240468,953
3760.245228223585,3130.646444884355,1722.7224344621336,935214.9316071116,0.0010062824649833618,0.9964028776978417,0.7235632096628412,-0.6436786000483645,0.24926720895895066,0.2791080547053892,0.6031147123645528,0.7472291064512919,-0.6313121061891503,-0.47109500482301914,0.6160474989883643,954
2844.59886205284,2336.0173244285497,1295.1520812950434,333046.0956857312,0.0,1.0,0.6743013850674292,0.13550662157811463,0.7259170735040141,0.7258035164678288,0.05957776970189679,-0.6853172585308805,-0.13611354664059203,0.9889835412512351,-0.05817780981685364,955
3404.488968182943,2336.9487908726,1435.358979927593,349348.93553115503,0.001930580804502698,0.9964028776978417,-0.5148998535830371,0.6563072431116136,-0.5514879358783839,0.3339404053094085,0.7460653235506705,0.5760818854095495,0.7895327393350797,0.11246037361874042,-0.6033164326318142,956
3032.7048336336056,2542.519643587152,1393.8056585950821,305600.53828541975,0.09978141723229826,0.9892086330935251,-0.4435662699009432,0.7840260453377333,-0.4342258910270531,0.558402861483675,0.6207257506724667,0.5503506034692308,0.7010243993564043,0.0016439842387749315,-0.7131353930515687,957
,,,,,,,,,,,,,,,958
2673.1905210348873,1949.7904944506993,1155.7437417498554,371974.46767514956,0.0012039034765870525,0.9964028776978417,-0.4940986560187425,0.806042335794527,-0.3258255223695274,0.5563228050155706,0.5811224395038098,0.593971082566103,0.6681103611979684,0.11221614505962998,-0.7355515495516791,959
3072.942381098115,2421.1381208325447,1373.5196461896633,715255.6046380218,0.00332665110467169,0.9964028776978417,-0.4970805330836028,0.758696614091801,-0.4210586555278946,0.47337650642117385,0.6437967012579284,0.6011992104268717,0.7272039788104887,0.09952514865623924,-0.6791679600711064,960
3602.053189082559,1911.3225193790656,1378.3435230874559,346948.66244198265,0.003454120848160388,0.9964028776978417,0.5999798550987048,-0.591881756794837,0.5382380137533901,0.5117221240121012,0.801081081850759,0.3104989019261766,-0.6149509259057027,0.0891352134359649,0.7835115011621999,961
2233.3259054823393,1836.7680119368513,1017.5178434090157,334974.1780964607,0.003043792640658264,0.9964028776978417,0.6301481159383658,-0.4801742999353505,0.6102016008344489,-0.6567795297259457,0.08958321284306857,0.7487426108548111,-0.4141907788837091,-0.8725866659870007,-0.2589179581052594,962
3246.2579902045636,2519.5028589714398,1441.435151342944,329377.7584834998,0.0,1.0,-0.38725996012551334,0.7846516277713469,-0.48409869481270185,0.538621135037961,0.618692601024608,0.571932459585766,0.7482760160355297,-0.03925924697674246,-0.6622248223623264,963
5234.230459332809,2342.544667328566,1894.1925966987674,367758.1274893393,0.0,1.0,-0.4861587551373136,0.7669803407443927,-0.4187968740510762,0.49716637837819916,0.6368810141003294,0.5892437238434037,0.7186621299426059,0.0782542701080998,-0.6909421192807729,964
3132.701414273862,1359.719580104347,1123.1048231369625,148629.73937448222,0.0009718462817528159,0.9964028776978417,-0.4350650501113281,0.8150345350308356,-0.38267101912569396,0.5898104678925301,0.5790954311872514,0.5628251003130956,0.680324932760826,0.01916215763219334,-0.7326600832438306,965
,,,,,,,,,,,,,,,966
3350.514520285152,2164.491846300115,1378.7511468902107,358657.0076579914,0.001053856830866212,0.9964028776978417,0.5420357182026686,-0.5930458182623959,0.5953939348313876,0.00947052579328443,0.71276836783385,0.7013355566037333,-0.8403020821905156,-0.37451022850778715,0.39196236988941824,967
2528.113015053801,1893.4978468523075,1105.4008522092083,305814.07384655497,0.001625003632803548,0.9964028776978417,-0.584918810276863,0.7200214131700675,-0.3734155191751919,0.4144819208155681,0.6610767234488056,0.6254456835179442,0.6971905928089794,0.2110609634460391,-0.6851120689404715,968
3247.788453147942,1939.2318472563527,1296.7546268729395,497445.23961839423,0.0021766104658026354,0.9964028776978417,-0.4771651085500733,0.7528357410800204,-0.45337821532898265,0.43216447603158714,0.6502216872269287,0.6248564820149581,0.7652106408295304,0.10222575219709856,-0.6356119655489478,969
,,,,,,,,,,,,,,,970
2619.7809041313967,2113.1671507871847,1183.236525166794,221972.63743279257,0.0,1.0,-0.5016925109332924,0.7333363935009365,-0.45882715529977963,0.5075474278531905,0.6790548365858585,0.5303584989315844,0.7004999878323046,0.033200344522198916,-0.7128797263006914,971
3472.6137501298317,2424.073387366625,1474.170737332662,378740.7817587652,0.0005777255951920833,0.9964028776978417,-0.5675282676663483,0.6494771161115985,-0.5060544842672525,0.33203807533310836,0.7429679341907158,0.5811620817753558,0.7534337276288599,0.16179655253354905,-0.6373064362294953,972
,,,,,,,,,,,,,,,973
2759.6483599245303,2242.769674066863,1250.6028528712245,330157.0562632127,0.004566786169258219,0.9964028776978417,0.7069995981793716,-0.48616892848522586,0.513606212140911,-0.3748866278491257,0.35817331075948344,0.8550858996144783,-0.599676233007544,-0.7970894883481515,0.07097015662068093,974
3251.7410675865995,2255.165158985024,1376.7261010504212,335950.6744732182,0.002495888013165803,0.9964028776978417,-0.5531466490357783,0.7137129973593075,-0.42970052601885744,0.37522377500748333,0.6739552520890716,0.6363893751868344,0.7437982947880581,0.19078279687107308,-0.6405981744341984,975
3252.598253075173,2093.783478372144,1334.5938287042538,635526.1024292618,0.0,1.0,-0.538794353317911,0.7101398954449392,-0.453212945236767,0.39125673517528514,0.6873750129616083,0.611909926979458,0.746068905673404,0.1523709961031945,-0.6482007926050457,976
2395.4920090478004,1501.3717289325143,974.2154939133299,188125.71423362152,0.016667172880509912,0.9892086330935251,-0.4000217434206362,0.7699087644848461,-0.4972153448558608,0.5475224316572413,0.6358125973359766,0.5440234626383506,0.7349842118187685,-0.054615340686450436,-0.6758811825601057,977
1899.0150037842213,1897.7307684828252,949.1858904574924,425182.5842261757,0.0,1.0,-0.6724734558083811,0.6910737909637654,-0.26494615807009353,0.49477252241328584,0.6859893856016649,0.5334966859378276,0.5504358294096849,0.22767428112288018,-0.8032339755122737,978
2328.7292205148888,1604.7643703641434,983.3729410422472,262290.434519496,0.0014070613662330903,0.9964028776978417,0.6315973857552117,-0.2333830202393401,0.7393355856247866,0.7547321479366944,-0.0330963208574604,-0.6551976941477767,0.17738130447723588,0.9718214853612076,0.1552381184255025,979
4474.563815689912,2423.2118296159956,1724.4434500024809,211112.15717254122,0.010614540285209913,0.9964028776978417,-0.493466379833474,0.7792765803796217,-0.38628867864058436,0.526720274244524,0.6211761607479324,0.5802636728404014,0.6921392090279376,0.08287453523430482,-0.7169903254130274,980
,,,,,,,,,,,,,,,981
3054.873635565612,2278.9835596199005,1333.4637507668456,485603.0535908201,0.0033136466530983523,0.9964028776978417,0.4839360127210777,-0.4619287894954468,0.7432548210586299,0.7556856649186404,0.6488939570303748,-0.08874575125567673,-0.44129934446823876,0.6046142786642846,0.6630961186790113,982
2482.872233163774,1813.0363042883992,1073.9760192240824,424688.55278743146,0.002206680764200442,0.9928057553956835,-0.41533561304368816,-0.3293544055761234,0.8479516519620811,0.6065600430098966,0.5944123353488531,0.5279762208745343,-0.6779242160901587,0.7336209178538473,-0.04710738929109387,983
3585.32948634848,2379.3784727342236,1491.1761396792647,453154.3745918819,0.0,1.0,-0.44996175876961264,0.8080488480820274,-0.38025185700830644,0.5408908124104592,0.585398157733277,0.603942154492,0.7106134988127584,0.06607613817252081,-0.70047298254058,984
2922.133352813394,2131.215784306207,1263.336807474803,445629.5579058401,0.0028726441945446306,0.9964028776978417,0.6539305740353535,-0.3849671599523686,0.6512872562088104,0.7205156872492252,0.05436750873650482,-0.6913040708845586,0.23072049924003263,0.9213275529104694,0.31292745401839794,985
3480.407082504317,2239.2950517916433,1381.0401880087925,395163.42066838127,0.013883900764392242,0.9892086330935251,-0.4483553839074411,0.7485835474818885,-0.4884671147177078,0.5891631624292462,0.6584584123597557,0.4683153715489591,0.6722084630213909,-0.07781511184918466,-0.7362612244375756,986
2421.3524285221392,2123.5811256961947,1136.2328747768631,594936.4091640413,0.0029143081254958533,0.9964028776978417,-0.5167313513288821,0.6838391043753469,-0.515124052904687,0.5577477781106543,0.7253612408609289,0.4034457662057213,0.6495430136384006,-0.07883621999954571,-0.7562266352421921,987
3247.4432492351016,1691.9020481031146,1234.835944006329,464995.51711396704,0.0,1.0,-0.5210158573611611,0.6350823475852673,-0.5702743972543394,0.45196858203953866,0.7720420419616325,0.4468506308520576,0.7240627577961618,-0.02492984615473587,-0.6892834145279562,988
2439.3888902246604,1444.5402600029597,970.9818353629495,117956.58741470959,6.228017517443954e-05,0.9964028776978417,-0.4375390510880538,0.8129475739511094,-0.38428611838052523,0.5880837074563348,0.5820020837979244,0.5616325555728461,0.6802331451769884,0.019743770204278477,-0.7327298627330151,989
2473.140218734741,2030.8864640149332,1126.0061859781492,476758.4104854418,0.0014064771144937467,0.9964028776978417,-0.6323861133806965,0.7708598721972009,-0.07656932178994504,0.6363537576088016,0.5733074289109338,0.5161128627855472,0.4417484564550458,0.2776574317241479,-0.8530912330037947,990
2261.0460195742025,1807.7144949250685,1017.188827767739,301820.88840972766,0.0,1.0,0.5665479578793262,-0.5314991978349748,0.6297078799916225,0.5303681941710643,0.8200547954647673,0.21498769975736495,-0.6306607566945082,0.21217618889973722,0.7464906394788173,991
,,,,,,,,,,,,,,,992
1899.1950352302256,1549.8623770810254,862.2603316159183,415848.5850094175,0.0003885739846806601,0.9964028776978417,0.6926607865743422,-0.5109883973361606,0.5090303453921344,0.06528633202493814,0.7472696836067956,0.6613060674248568,-0.7183026726895447,-0.42482805668884643,0.5509649649996223,993
1945.1775279611425,1720.3010645986435,891.5843550161379,253425.22390193914,0.0013571457696660435,0.9892086330935251,0.5810193142205718,-0.3523702413188637,0.7336564383521366,0.780022530633955,-0.016243452254122,-0.6255405677989788,0.2323389941573673,0.9357197033790376,0.2654189678643729,994
1908.6081616644108,1611.5928799564956,880.0497606994625,289459.65645309247,0.002915790912333802,0.9964028776978417,0.7123706500017666,0.027791981605463645,-0.7012529235407879,0.562665543726367,0.5745834526259147,0.5943579240420666,0.4194467104641212,-0.8179739981973295,0.3936787971861107,995
4119.82736264562,2477.186377659727,1649.253022447365,383727.46454987617,0.0007221908280473797,0.9964028776978417,-0.5149986944229875,0.7516085845688212,-0.4121418206698656,0.4730802397075541,0.6501665478064502,0.5945406183867392,0.7148226574059203,0.11121149093459856,-0.6904060926318961,996
2076.626943382428,1885.7278261707042,990.5881306439554,291121.7723106376,0.002157397503430983,0.9964028776978417,0.6940897783801645,-0.20212023872568782,0.6909318263371901,0.716930256357487,0.10715619034770331,-0.6888603330061579,0.06519499265558722,0.9734808472525989,0.21928213097514393,997
3367.2325122247025,2219.514865807639,1396.6863680007011,491893.0281417919,0.003582433556351046,0.9964028776978417,-0.3988681066579181,0.7172823852547787,-0.5713232126339196,0.5006816350151088,0.6923140793863322,0.5196336361726912,0.7682591579992555,-0.07878575560766474,-0.6352721234743457,998
,,,,,,,,,,,,,,,999
3490.4998117816895,2118.6245394862917,1402.2806575136412,483493.94842522155,0.001076266883409586,0.9964028776978417,0.6516750694735524,-0.53070532672938,0.5419146242792336,0.2063746704269521,0.811563491081605,0.5466024106694047,-0.7298829352936043,-0.24436971196222312,0.6383998313304073,1000
2047.8135700971218,1588.39694009767,909.0519042719576,317251.0226494694,0.0,1.0,-0.44744219577612243,0.7513362060731633,-0.4850663736877946,0.5285538433902816,0.6596919860511448,0.5342633415996815,0.7214057915462031,-0.017331733424020307,-0.6922956701728784,1001
,,,,,,,,,,,,,,,1002
2399.045554318998,2035.4487800626212,1108.6230705704697,437561.4719840803,0.0005591591557586478,0.9964028776978417,-0.5009187140552612,0.7390614266310627,-0.4504094243855049,0.522724451218039,0.6731121671358699,0.5231435353251082,0.689811271296739,0.026612367796030406,-0.7234999598287932,1003
,,,,,,,,,,,,,,,1004
2764.355642358096,2266.039246923533,1257.5970351836963,542100.7933642247,0.001533537137983069,0.9964028776978417,-0.5295040983981422,0.7275702881143643,-0.43619592574066024,0.515129203387656,0.6843109049244143,0.5161012393113663,0.6739935560498851,0.04858046165600133,-0.7371381316608986,1005
3156.5868728814958,2224.323972824259,1345.2272605860246,316992.44149925554,0.0040529508783623104,0.9964028776978417,0.6500681912277049,-0.5937727310000427,0.4741785430348902,-0.15111424094572917,0.5105390469829935,0.8464717170048228,-0.744698484581066,-0.621919468602204,0.2421576792840067,1006
2879.0449796137164,2238.968805944906,1268.7674493124161,439204.5339435458,0.0,1.0,-0.44774952042599175,0.7866075761164191,-0.42516924648255816,0.5943022019406226,0.61707045451843,0.5157799404096148,0.6680757889093287,-0.02173879841826795,-0.7437756146288395,1007
2998.785670002658,2397.0778172702153,1348.9653933569866,333355.29926782224,0.004761605164541695,0.9964028776978417,-0.4755402297664401,0.6952093848578115,-0.5390226350342857,0.49302192765040737,0.7180873392526949,0.49120255705855354,0.7285539573220077,-0.0321634017263181,-0.6842328893438503,1008
,,,,,,,,,,,,,,,1009
3937.975134518669,2309.8098292177588,1561.9458215665345,339751.09700225614,0.0013902093917147296,0.9964028776978417,-0.4689978705727258,0.7228932663550837,-0.5074113940943057,0.4773864431212919,0.6908479559850236,0.5429836881853048,0.7430633763833676,0.012426872888736229,-0.6691056654280824,1010
4614.402607694849,2773.3402907239065,1846.9353096161376,308610.1650190618,0.0011019405940145652,0.9964028776978417,-0.5548851520843594,0.7650344222880544,-0.3268406350359457,0.4933939611493802,0.6189469080703428,0.6111195661173732,0.669824504700777,0.17783997780180216,-0.720907813245087,1011
2823.0488978696326,1790.2047938992414,1153.3113584761002,189440.9411628389,0.00335472768969998,0.9964028776978417,0.6898615594910862,-0.33155836581881853,0.6435527008661226,-0.664174800911478,0.06382091072284313,0.7448481222294284,-0.2880327456570263,-0.9412735741590015,-0.17618511860884684,1012
2454.390382420951,2288.2395414615653,1157.6904977639726,370201.4207123815,0.1068935190162278,0.9964028776978417,-0.5183082444309977,-0.3690035807870425,0.7714874730811886,0.5412826755187716,0.5568740351386307,0.6300034715552442,-0.6620948791057799,0.7441287968858347,-0.08889715803749179,1013
4302.331087699284,2691.844103883113,1748.5433584131026,498487.02014258236,0.004466405033386602,0.9964028776978417,-0.43155202753623456,0.6989441015455198,-0.5702981592501339,0.4286848931407635,0.7151491878773413,0.5520787094892099,0.7937204230220218,-0.006227519016861444,-0.6082508595017663,1014
3499.98979876168,2301.396881403838,1450.346255338565,384131.98670762347,0.0008924349108076811,0.9964028776978417,-0.43955423756186024,0.734189609935979,-0.5174530789390152,0.5306558472358952,0.6770663071640789,0.5098878185420312,0.7247043838944027,-0.05046615068788293,-0.6872093739166993,1015
,,,,,,,,,,,,,,,1016
2381.8783252123962,1766.710669804919,1037.1467411736603,325888.4597255872,0.0026658549838547855,0.9964028776978417,-0.34760373006147516,0.7804510261192905,-0.5196805198164499,0.6650242833375893,0.595923573372746,0.45013086682650744,0.6609949692839384,-0.1891329969307414,-0.726164141260997,1017
2536.2092287623054,2287.168004943294,1205.53945671951,483750.9173842895,0.003944305894516269,0.9928057553956835,-0.5581807618549344,0.7334371015410551,-0.3879487790650991,0.5559821847933557,0.6776926421881833,0.48126551187094835,0.6158880152166074,0.05294054029810227,-0.7860529574433857,1018
2620.3169077880175,1355.9250269724491,994.0600722501224,211158.0226078799,0.0019108432907137215,0.9964028776978417,-0.33786157573766035,0.7585960662638012,-0.5571189853964337,0.5323419468391766,0.6421703639840731,0.551569828087105,0.7761840034911442,-0.11022355406014456,-0.6207971978470987,1019
3694.6389216668595,2266.8660204831144,1490.3758104118588,431667.03230850486,0.00025296511030568176,0.9964028776978417,-0.6422740420619285,0.7391461636387514,-0.20284724220838726,0.5274426663934847,0.6182397886106715,0.5827381894524876,0.5561369332827691,0.26728732210254225,-0.7869365913986263,1020
2732.868396055833,2150.2314791735093,1220.7744349723932,309247.78019287874,0.003408616454357908,0.9964028776978417,-0.5250916576715933,0.6600688292592808,-0.5372037710999252,0.6022183178159687,0.7342060980719778,0.31348764447873606,0.601341707127157,-0.15890420445728903,-0.7830310371084871,1021
2976.03063350812,2145.414588753809,1280.3608752244957,345996.1367032229,0.000343485408715428,0.9964028776978417,-0.5443842807013638,0.7661579827557334,-0.34153726060991385,0.5415087296975752,0.6319312934712128,0.5544647292597776,0.6406356613447126,0.11689647467509631,-0.7588946986387226,1022
2511.858572558849,1776.3938580427941,1072.0626597113906,220952.2265650202,0.009207961765658454,0.9964028776978417,-0.43913677310672633,0.7868610906661555,-0.4335994908911677,0.6370459880415665,0.613030495895655,0.46729650140148904,0.6335071456783703,-0.07101573837957145,-0.7704709347385199,1023
2296.877196199573,1592.5821957497992,972.3635050797648,317390.13341249526,0.0,1.0,0.668111898205539,-0.43766501968936045,0.6017273651883411,-0.6772790066055329,-0.022860624323623062,0.7353710213674162,-0.3080903093049411,-0.8988474411132548,-0.3116947848722205,1024
1815.8320657849977,1504.6441879568156,830.1186052651508,208235.8931749316,0.00043596659799344104,0.9964028776978417,-0.34159491334082204,0.7906960976552649,-0.5080478287842709,0.5670450466096877,0.6044823880142794,0.5595185052310346,0.7495150634210719,-0.09695732944594596,-0.6548484144988188,1025
,,,,,,,,,,,,,,,1026
2296.89791202605,1733.0858323944096,1007.4874048305447,281492.2311741971,0.0015703364604809148,0.9964028776978417,0.7438657492024444,-0.12276006048359107,0.6569579246143175,-0.6678551307521639,-0.09952510996982653,0.7376071290419476,-0.025164886081528504,-0.9874334003038177,-0.15601925673757294,1027
2975.404144600816,2290.51994127876,1316.4805609868715,484833.86278079654,0.0028077619953076173,0.9964028776978417,0.44914674703944635,-0.4101185269797328,0.793769483825032,0.796093106392986,-0.2196026967265154,-0.5639241274710703,0.40558965171395756,0.8851991015689161,0.22785869525680663,1028
2260.830019151908,1887.1912935061698,1037.0047743923756,364988.75902060274,0.0016625705013000056,0.9964028776978417,-0.485919231496581,0.748340616393213,-0.4515183521386458,0.4982936715550842,0.6616275612982413,0.560314542929858,0.7180431166371042,0.047278874635167445,-0.6943909494393674,1029
,,,,,,,,,,,,,,,1030
6645.419247102784,2638.291898047203,2320.9273969054398,325038.87827128934,0.007632634394840912,0.9964028776978417,-0.37114949799196917,0.7670295510939326,-0.5233676698927338,0.6577758082289069,0.6150022006411902,0.43486006866037,0.6554227919817235,-0.18286049588452313,-0.7327912409382011,1031
2117.4743436427066,2112.846466033743,1056.552627239281,599419.5104583048,0.0006600365239631944,0.9964028776978417,0.6693624333600848,-0.13960538508629414,0.7297014932567794,0.7140089605260045,0.39228668507780623,-0.5799158223391052,-0.20529280819074142,0.9091872706794644,0.3622614659877391,1032
3845.1831935627247,2453.546139672616,1574.6818673912405,564387.4577040066,0.0002986196637467984,0.9964028776978417,-0.37221842283694906,0.7226138178970624,-0.5824797986926288,0.5230237627730102,0.6817453839756752,0.5115362890378563,0.7667461048323208,-0.11424754532194764,-0.6317023896680884,1033
3182.526359638866,2913.5442370175906,1524.0161167287486,314350.1502911128,0.0007729437115140417,0.9964028776978417,-0.541410116827109,0.6344583229713614,-0.5516681265123298,0.08685367588449268,0.6948507104881322,0.7138899979124862,0.8362604405223338,0.3385928625155966,-0.43130424188835276,1034
2641.746693240946,2364.0375239427935,1251.4455506514823,541863.5338104985,0.00013047885412493496,0.9964028776978417,-0.5005551428112286,0.7928101229585942,-0.3477019671207071,0.6096937849296631,0.6079801292427814,0.5085603711105227,0.6145876972600186,0.042570780828045884,-0.7876989850166866,1035
3103.335706471393,2841.710236472325,1486.2609774801565,475962.71859355556,0.001953780327749036,0.9964028776978417,-0.5121088178550824,0.6918633081555746,-0.5089889208058409,0.49829303103857225,0.7219864564948014,0.4800412605771224,0.6996060419217822,-0.007792269637580562,-0.7144862956281477,1036
3031.088995259053,1990.5902762988985,1255.4193781814504,449478.24732059304,0.003333306480577797,0.9964028776978417,0.6462854762812108,-0.42654573726948236,0.6327509914375498,0.6671950002626454,0.7182898055550346,-0.19725766616341966,-0.3703591699586997,0.549653062624911,0.7488094523806164,1037
,,,,,,,,,,,,,,,1038
2345.226837903097,1791.9220447400896,1034.2866546988494,331967.33125255274,1.2628737748657863e-05,0.9964028776978417,0.6943500444726358,-0.13517325133439714,0.7068282732492642,0.7126818892277508,-0.007066794913619804,-0.7014517696723082,0.09981252680707314,0.9907967766062507,0.09142869877150483,1039
3199.3388024884534,2570.4720387915645,1442.4522394746136,590639.4669794958,0.0,1.0,-0.5834270602713019,0.626797201531983,-0.5164669723175541,0.42407042541258066,0.7774473024252063,0.46447816551713456,0.6926594687388453,0.05197076200561632,-0.7193899500708749,1040
3200.8706686944397,2542.441564106598,1320.833284717818,350646.5832730111,0.0006225956247040585,0.9964028776978417,-0.5071692014953857,0.7428702428874512,-0.4369475978728712,0.5559925640788668,0.6693993079095538,0.4927238935339117,0.6585223380748296,0.006954768331852185,-0.7525290435949368,1041
3599.508537532775,2579.858456278119,1544.8413138818717,382304.5280787547,0.003383439436271373,0.9964028776978417,-0.47180825182384506,0.6795797945762195,-0.5617546406703469,0.3913598506590792,0.7323365298714766,0.5572438194434347,0.7900850845339573,0.04306402001145762,-0.6114826648216795,1042
2666.6170663536645,1751.2119718719446,955.0445118934308,440548.56333729083,0.004163331052568645,0.9928057553956835,-0.4914084230020678,0.7586533953989015,-0.4277414960608087,0.5577882390506638,0.651339649876028,0.514420976318164,0.6688722166298886,0.014201624875038121,-0.7432417316536581,1043
3290.9069591672214,2209.9217175185386,1375.2067116736102,453063.6877924726,0.0019372771609238919,0.9964028776978417,-0.5915863604520423,0.6731281560988396,-0.44376126869532284,0.4854517130169352,0.736843065604468,0.4705304782896989,0.6437097268614398,0.06293474507444871,-0.7626775238633853,1044
3504.883545963725,2682.3831367245125,1358.0005936214075,432734.28217656777,0.011965727642865957,0.9928057553956835,-0.537310559365249,0.7592316992358122,-0.367239145067767,0.49064109661463207,0.6355604098114469,0.5960992197554841,0.6859800850661735,0.14010778834813845,-0.7140035928038448,1045
5504.048616771812,3185.791355071018,2172.4595925258423,336518.58945761557,0.0009125689559081068,0.9964028776978417,-0.3673742335658938,0.7688429968075621,-0.5233704412477258,0.531064452497666,0.6353718805023559,0.5606006785228271,0.7635487671427584,-0.07199319222584172,-0.6417244427851464,1046
2598.2936752698233,1985.4420588807207,1145.9334190568104,417658.8662833185,0.0026036777606829567,0.9964028776978417,-0.40468863949692224,0.7690077375742085,-0.4948274493327219,0.5421861405220902,0.6375254048179266,0.5473532198110275,0.7363839311717022,-0.04678095512851413,-0.6749446259874758,1047
2865.333432571743,2006.0072666995177,1217.834488148497,560898.4878415148,0.00040237343330652264,0.9964028776978417,-0.4975304098947868,0.7795874515100172,-0.38040359708872634,0.5145493555381543,0.6182824491486256,0.594109227154441,0.6983569659888813,0.09985098158202418,-0.7087505411157798,1048
2297.5969701139898,1433.8842154131185,932.8698586801952,189324.43964131663,0.0032833480310942194,0.9964028776978417,-0.5552851547211237,0.7657561009679673,-0.32446261845808066,0.5308368863235507,0.6266726484862699,0.5705204569141422,0.6402113690529523,0.14456481407846186,-0.7544736028952931,1049
3899.011941912131,2350.660556337166,1562.4177078191926,489278.0971993414,0.0008336656556383913,0.9964028776978417,-0.5186106007020128,0.7185252138555394,-0.4634269757937586,0.42402032005453105,0.6868017476042408,0.590347463506547,0.7424619943272185,0.10965799807406698,-0.6608519580345037,1050
2904.584216046239,2489.835148634479,1348.6041498162554,265527.53594005643,0.0025006805631093156,0.9964028776978417,0.6068463612102675,-0.30778583057102965,0.7328065067844027,0.7781993025407515,0.04252446102781762,-0.6265760255063878,0.16168902068769372,0.9505048935770899,0.26532453311946014,1051
3025.8823109883047,2713.6282301483357,1434.876517559069,414233.0352763473,0.00466631978748784,0.9964028776978417,-0.3894010307840757,0.6816105216628316,-0.619494902305759,0.5920443537048914,0.7004595869863492,0.3985471744286623,0.7055850908788088,-0.211573778520486,-0.6763033459713974,1052
,,,,,,,,,,,,,,,1053
3828.60600381834,3427.708690705857,1814.07817408501,424800.06786667806,0.0016736982514532614,0.9964028776978417,-0.5230910570256448,0.664148336278721,-0.5341186511235124,0.3983981631441449,0.7445565141100002,0.5356440057535755,0.7534285962605647,0.0673986996504527,-0.6540663312098118,1054
,,,,,,,,,,,,,,,1055
2106.8093395357255,1985.264200703741,978.5470818003535,403821.89576842287,0.0005047936335366937,0.9964028776978417,0.5852509592917666,-0.4523378158144903,0.6729575135417118,0.653519278624716,0.754427845076104,-0.06124686963148981,-0.4799936115344639,0.4756354980003093,0.7371411031329755,1056
2524.253841278519,2205.6557750995617,1182.476935420331,450771.46205216367,0.0009264816713272084,0.9964028776978417,0.7047802927293949,-0.518130749652605,0.48458772708839637,0.566782739726196,0.8220539188108799,0.0546322296464532,-0.4266638781625835,0.23615224079416464,0.8730349673633693,1057
2535.686598063099,1998.6368844353167,1133.580050093248,352695.9241444391,0.0023249347006400896,0.9964028776978417,-0.46655010291987536,0.7181707029635561,-0.5162962743137756,0.4511221231029554,0.6952983402391096,0.5595078624182339,0.7608020974685439,0.028125779377130178,-0.6483742044698364,1058
3469.0359921855224,2418.6075653572466,1471.9104467066552,463156.40513519745,0.002392537918935842,0.9964028776978417,-0.644757809821528,0.6830029911562248,-0.34321171417333113,0.507009609143947,0.7181450427223414,0.47666440379897135,0.5720390047102109,0.13332145995666453,-0.8093187044701087,1059
2762.09036233161,1870.1607889426537,1158.0623134774432,504437.5756635709,4.331320089816402,0.9532374100719424,-0.4295347130217073,-0.2727349159990012,0.8608807094507215,0.6352444106699461,0.586306978816226,0.5027013679153683,-0.6418445832302027,0.7627973467352961,-0.07858586890554908,1060
2266.6669135868747,1448.3560954130214,928.7553232574976,279133.10602217313,0.0005659892588104762,0.9964028776978417,-0.3769303847869563,0.7601658728217972,-0.5292176592116257,0.5754485563807796,0.639903295256814,0.5092963102936713,0.7257977982769264,-0.11256828379497483,-0.6786353494328308,1061
2417.589024078308,2221.2284060581082,1159.7038673376658,497718.7595516549,0.0014899325266317179,0.9964028776978417,0.7961088816394495,0.27052450438545106,0.5413198140672398,-0.5591000266905577,-0.013472415792950006,0.8289907443194523,0.23155519585922227,-0.9626188168427354,0.1405247477524485,1062
3492.754939845839,3015.3082009921945,1627.015273783851,688020.5798730595,0.0015859331652264658,0.9964028776978417,0.6489688292362834,-0.5272747741728583,0.5484713038989817,0.6875584235782554,0.7150999264121114,-0.12607739453199837,-0.3257343593271548,0.45892636420928606,0.8266097745534914,1063
4384.902981717062,2777.4393906259816,1790.5851682762204,461318.4925409387,0.0017285441656523664,0.9964028776978417,-0.3721569414144137,0.6727870820730105,-0.6394190747489106,0.5460271853077626,0.7157796404198026,0.43533184958762255,0.7505688002188413,-0.18712842797443233,-0.6337423984410913,1064
3189.156376303604,2338.591003978441,1381.9363668964688,467257.7356704109,0.0032005188094236963,0.9964028776978417,-0.49285930868331634,0.6866466455055261,-0.5344212627321372,0.4701905352508039,0.7269765139972982,0.5004258273279852,0.732127422246132,-0.004640292269286639,-0.681151895896128,1065
4440.741499115574,3024.737282416303,1866.369233469379,414561.4536197723,0.0,1.0,-0.4958629496250022,0.6889798201039266,-0.5286083074250287,0.5563108254874591,0.7194348131259883,0.4158507125253437,0.6668119679749716,-0.0878655629466705,-0.7400280009657814,1066
,,,,,,,,,,,,,,,1067
4280.133477764931,2154.5581216381242,1608.6724880083248,489007.04150969925,2.1760792081822822e-05,0.9964028776978417,-0.4945404836810401,0.7966334772094965,-0.3475698677814715,0.541695653002225,0.5952302345874381,0.5935206713767234,0.6797025301696442,0.10524291340555922,-0.7258983397548819,1068
,,,,,,,,,,,,,,,1069
3334.167613721491,2308.5798956689764,1410.6864259305662,635082.8337140811,0.00032559914004388717,0.9964028776978417,0.672144169935557,-0.6534814168865871,0.3481152863715406,0.4254495456644091,0.7256612017944909,0.5407480969029138,-0.6059825896142471,-0.21535519031143358,0.7657723180491296,1070
3387.43515486559,2288.4712710164854,1418.9761699846429,379555.35877780954,0.0,1.0,-0.5534691452966595,0.7184154686076721,-0.42136815217788376,0.5758993042291679,0.6955967229427401,0.429517392453066,0.6016742445816886,-0.004941001572525083,-0.7987262922369056,1071
2849.834087801748,2329.8735680544933,1294.922772997061,304290.6883669387,0.0018514252697428288,0.9964028776978417,-0.625590735448852,0.6300560165120096,-0.4600713507463629,0.37008341380713666,0.7588135770286478,0.535947965890201,0.6867856277947437,0.16501930606449255,-0.7078800252024161,1072
2525.6148887082854,1860.9785710210583,1096.6470085658875,514142.3086247917,0.0003501676733293788,0.9964028776978417,0.5304536047960299,-0.5372465361396415,0.6557325160191877,0.3928342329462449,0.8412488083406932,0.3714588912529879,-0.7511992003353256,0.06055247204962497,0.6572922938421283,1073
2577.61188429771,2383.337645189441,1240.2368459711652,499137.32059655344,0.0009880134435128688,0.9964028776978417,0.6200336629203285,0.5757839796887656,0.5329456497424178,-0.6761283538916271,0.04754381502930732,0.735248281001906,0.3980059119025738,-0.8162183496995312,0.41878264016596306,1074
3181.3425236299036,2397.707314960052,1394.761445940125,344102.0425600646,0.7754914745951431,0.9712230215827338,-0.49869471362084095,0.8285226286808135,-0.2546641638913145,0.5971294176550227,0.5413565494827397,0.5919202183598019,0.6282834083258931,0.14312001989930312,-0.7647068841892443,1075
2259.4886406919786,2255.361716302977,1128.7113439114166,587435.0397551236,0.0,1.0,-0.6493915213651004,0.7276120290349675,-0.22106873859218107,0.4746930200744549,0.6149714569164785,0.6296639134257394,0.594102001908522,0.3039586195218711,-0.7447496015082149,1076
2356.7602197854844,2246.309609784105,1130.5750181480953,422369.23027078214,0.0029598662459918794,0.9964028776978417,-0.511046344352315,0.6432771601349416,-0.570110628889569,0.36257226138912113,0.7626966615667974,0.5355699372687388,0.7793413816777048,0.06699475862772261,-0.6230077953935241,1077
,,,,,,,,,,,,,,,1078
2114.6681160281537,2032.1465934488992,1036.7031617904838,402634.39406225865,0.005034020664107869,0.9964028776978417,0.18227091123652153,-0.6694590256803757,0.7201402140223042,0.6206552369018852,0.6463905728082525,0.4438088600860557,-0.7626036925056638,0.3660653497938603,0.5333214489002162,1079
2853.121039437031,2053.034901201689,1226.5385404072715,374629.08127987053,0.0034048848824794185,0.9964028776978417,-0.520615505340158,0.6896174526412723,-0.503375868126368,0.5313020197825752,0.7231910174809639,0.4412628649793728,0.6683394791379363,-0.037716326006264456,-0.7428996024889374,1080
3139.0410058437988,2255.797311900883,1348.70914963292,599754.6981253774,0.0033438859500315842,0.9964028776978417,0.6369725805166462,-0.6225786748965544,0.45460062168238957,0.33512549175211404,0.7547077737230747,0.5640098235490796,-0.6942311116968674,-0.20691053585066793,0.6893701427434473,1081
3300.4606220747028,2357.6077935050744,1414.5150993081318,312499.2746277223,0.0005655911319820091,0.9964028776978417,0.6116062546238431,-0.4831853668528928,0.6264740142769133,0.7642698310513365,0.1561312196865027,-0.6257113292757025,0.20452240622913753,0.8614841516234877,0.4647748291934528,1082
3531.7188063828753,2220.6074355119554,1438.0805472611426,634501.7470809363,9.75523261097482,0.920863309352518,-0.007247750017492729,-0.36065658815429336,0.9326705182113287,0.7504043615266319,0.6145093652249823,0.24345745881487635,-0.6609393045669867,0.7016445435344694,0.26618446650173716,1083
2357.991235477328,2357.412816368868,1092.0181209128493,468164.98306476884,0.0014703732598087792,0.9928057553956835,0.623228032770866,-0.1872241866099667,0.759298309702315,0.7811979130828628,0.10399383066430026,-0.6155608042904819,0.036285531049390404,0.9767970040556029,0.21107101436356088,1084
2834.2741820388837,2367.351440307158,1300.4058990507638,501368.108033071,0.03149726118421753,0.9964028776978417,0.7817220509758313,-0.3223945822596857,-0.5338280325608076,0.6135345546796751,0.5509623355425209,0.5656994387725194,0.11174070535016645,-0.7697416697458528,0.6284996234085698,1085
2463.787665357201,1917.8075709702114,1095.3983081544984,502026.88075745257,0.0023251868447679257,0.9964028776978417,0.6826147420821959,-0.37772704619809067,0.6255872380911577,0.7049966385814342,0.5657645913711661,-0.42765659908330206,-0.19239764416680344,0.7329615990767069,0.6524955484890156,1086
3970.6325252074857,2082.4225020590497,1513.2633393508331,516094.10218750563,0.005259258832798691,0.9964028776978417,-0.4911961470727006,0.6319978670014635,-0.5994205879068004,0.521473592682519,0.7645735331015765,0.3788041771355732,0.6977045486706533,-0.12651485519958858,-0.7051257718861983,1087
2506.098531480961,2166.611570599322,1037.3293306133553,315720.5558357237,0.0,1.0,-0.556941978583441,0.6055038952867501,-0.5684898110644855,-0.3303318638490259,0.4665171523191916,0.8205136234810614,0.7620344429339074,0.6447687797843229,-0.05980575555784551,1088
2697.0384419117054,2031.0029566438593,1181.9876601729436,280719.19427151023,0.001133664021266164,0.9964028776978417,0.4168624634621906,-0.6150192738218906,0.6693108241944308,0.7341912651896102,0.6619432643832943,0.150977815777244,-0.5359000584768705,0.42846517660736716,0.7274810786263133,1089
2532.458410202996,2039.897412269696,1143.0884670600858,347400.12924632936,0.0005333439695662385,0.9964028776978417,-0.48037989901284683,0.6650268515939791,-0.5718167882140283,-0.43231773902803916,0.3877206623185092,0.8141093664446938,0.7631097726710695,0.6382883162570785,0.10124969226428485,1090
2871.072045890672,1972.7176835204032,1210.94698370595,387930.248397792,0.0010101361461769712,0.9964028776978417,-0.6368186932438157,0.7357183160800568,-0.23060900095088332,0.5762744272373819,0.6528899843411585,0.49157141175950136,0.5122203983125491,0.18014779413394816,-0.8397481978671977,1091
2498.661703359759,1697.2977728580158,1048.9893868405588,263273.3558566767,0.0005430961231443931,0.9964028776978417,0.6456206412257671,-0.5126274471693695,0.5660274622594249,0.7610550702347488,0.3707649598371523,-0.5322861304100795,0.06300133088444027,0.7744329828755812,0.6295112289238526,1092
,,,,,,,,,,,,,,,1093
2530.4302332147286,2528.0148369153367,1105.4690182169254,509714.8816623265,0.00897181347451445,0.9964028776978417,0.6829152760338776,-0.5071179152927465,0.5257928734289878,0.42261243662421133,0.8613643287527635,0.2818691568136681,-0.5958401246728184,0.02971385436862764,0.8025531961735872,1094
,,,,,,,,,,,,,,,1095
3325.6707467141873,2425.6154681217145,1437.8211157768858,435107.36660076753,0.0008736413092533354,0.9964028776978417,0.7578169459512757,-0.2744701109037764,0.5919287411923414,-0.6508851763868115,-0.2548758351044639,0.7151131349931362,-0.04540884923658123,-0.9272024950895412,-0.371797753504158,1096
2180.1065289411586,2104.4581039628156,1071.140572461152,288086.5668327873,0.000959922796371417,0.9964028776978417,-0.4009994518181231,0.6743396413791934,-0.6200528104171011,0.5263042377817844,0.7235881598246574,0.4465691707389808,0.7498021665309456,-0.14726242910582057,-0.6450662663938902,1097
2140.417736812555,1989.9810151855295,1032.5991716442888,438700.6255407154,0.0,1.0,-0.6206075279419474,0.652735694645022,-0.43449097711927864,0.4677009140031977,0.7528975517638011,0.46303469803962627,0.6293664682062101,0.08415099217688946,-0.772538969381666,1098
2013.4600098958933,1946.7865538161006,990.0611074578879,713967.8872302317,2.308567825103014,0.9460431654676259,0.1776585211289938,-0.30171226774390403,0.9367001427154208,0.585355465137776,0.797546848051214,0.145869820720092,-0.7910729607966619,0.5223875311073234,0.31829991837887517,1099
,,,,,,,,,,,,,,,1100
2567.2968691703823,1725.8661219066094,1073.290280109152,282478.3173686637,0.0,1.0,-0.49846292156587474,0.6196293597413289,-0.6062954497359876,0.5003293030860669,0.7767636985170494,0.3825032616063878,0.7079585470191196,-0.11268368654186403,-0.6972066282601677,1101
2674.3310276287184,2185.181810213993,1214.8777549430438,441595.28434839536,0.0017275474549232875,0.9964028776978417,-0.598557534637805,0.677864627279867,-0.42688221421258576,0.3860683625104762,0.7110127210233154,0.5877177298767671,0.7019117445924326,0.18697715803206583,-0.6872841080495455,1102
3432.646629827654,1743.8473136632506,1294.123030291734,376758.794806204,0.0004529192535607193,0.9964028776978417,-0.4195147114836671,0.782724162645158,-0.459728498203246,0.6246818901949953,0.6163894711237183,0.47941271984609535,0.6586197255709728,-0.0860633783862754,-0.747538060562509,1103
2439.9975132420136,2438.801638869573,1219.6992876497509,647945.5449157773,0.0,1.0,-0.11788431004022297,-0.6838479110336245,0.7200384184342449,0.5867213259655455,0.5370322680454046,0.6060977056013666,-0.8011625147893359,0.4939113054516537,0.33792047473254794,1104
2628.5745443802466,2012.920302344522,1160.3732314582576,411638.30664453784,0.0014878498887074554,0.9964028776978417,0.6282389388537362,-0.17022483303660133,0.7591701666461826,0.7780142131887652,0.13354261828756409,-0.6138894470319299,0.003117656844204203,0.9763144346564601,0.21633401234488908,1105
2800.6548077528346,2008.0129754150767,1202.1664887023192,365643.9821518081,0.0012395058502351099,0.9964028776978417,-0.5261461508521704,0.7186151604307951,-0.45471142402898557,0.4778374604712924,0.6921404534037366,0.5409371073723969,0.703449777392666,0.06733382479179836,-0.7075482787238736,1106
2561.046911701214,1712.5640417894433,1068.4016794190304,277334.638324774,0.0,1.0,-0.5071829731748773,0.7418158004133054,-0.43871944335606855,0.5183323234210053,0.6692482085674555,0.5323893667479039,0.6885470457553893,0.042616353509170896,-0.7239384035918438,1107
3024.867264955676,1998.4804527159583,1255.8329925055486,299421.489734839,0.0,1.0,-0.48678681003204444,0.7175695561159592,-0.49812903319759577,0.45571815888901024,0.6951179936465192,0.5559963440236352,0.7452245039165292,0.043645240798773494,-0.6653837477110331,1108
2334.446123598215,1436.3465977651524,933.6433094109348,172239.56383013612,0.0020692567770971503,0.9964028776978417,-0.3859693468657947,0.8210473770586728,-0.42060535886394207,0.5711898778665424,0.5707220819269461,0.5899308676648279,0.7244099576226133,-0.012550291870943114,-0.6892551802280182,1109
2618.3950077578183,2042.2434270942729,1165.159136960507,584242.9408292524,0.004441307428582197,0.9964028776978417,-0.6033978725379019,0.6205692076858392,-0.5008042191205098,0.6151326407014895,0.7618647177350945,0.20291374082116054,0.507467084410749,-0.1856233022618511,-0.8414399253048666,1110
3708.9741929861448,2518.7685369913897,1556.9352329692501,403578.02390154917,0.0033781715661189123,0.9964028776978417,-0.6070662364799526,0.6211243612603782,-0.4956562441601576,0.5165527631760817,0.7824259593008485,0.3478259062624603,0.6038574561775497,-0.04487923864142743,-0.7958278875220097,1111
5134.306449571485,2674.133279294294,1952.1094515309676,367726.3022888658,0.00500094595214671,0.9964028776978417,-0.4386720497637666,0.7822007722440198,-0.44241245987982153,0.5093209497160639,0.6220109104457093,0.5947222860014802,0.7403776083434603,0.03555811000825165,-0.6712500412486088,1112
3080.6491475122884,1916.5615345349338,1249.3022194753767,267292.9883873477,0.0007502652418898708,0.9964028776978417,-0.6137470561359816,0.7534281008696482,-0.23592508960339845,0.5581400753826233,0.6254130523483746,0.5452872364214744,0.5583853573799155,0.2029891888063119,-0.8043638367626056,1113
2402.777050563421,1974.7057911253344,1094.370190301393,463962.451000365,5.814605142988533,0.9532374100719424,0.8546416257219756,-0.4101960933658307,-0.3183187970741115,0.5171427518526316,0.6177269426695459,0.5924329485320875,-0.04637958375822404,-0.6709341169500522,0.7400650950577708,1114
2155.773786810314,1666.48680739174,955.5646588997566,294775.6736872367,0.0034768035117414787,0.9964028776978417,-0.5091629580404473,0.7640429971002134,-0.39622137845101857,0.5884617931695525,0.644989073149946,0.4875467295519973,0.6280651241226316,0.015079592146242632,-0.7780146565210238,1115
3097.851986270766,2347.9623918715047,1361.4526828343776,467450.9041420364,0.00025265853883086714,0.9964028776978417,-0.44854312653307987,0.7668954658568814,-0.4589993552153274,0.5715804140062931,0.6409459494007036,0.5123320410351331,0.6870988967858441,-0.032552025973625665,-0.7258343279569301,1116
4087.346289285667,2632.5229566992894,1679.9668778722225,266487.5451451733,0.0010348935729528864,0.9964028776978417,-0.49202500369855284,0.7312162586379939,-0.47247664369669484,0.5171725904317878,0.6820719014534686,0.5170207277795775,0.700317004963833,0.010035155758838621,-0.7137614364809732,1117
2748.0187672654956,2133.0785086618575,1220.2738335606425,311694.87547238823,0.0009814709760270132,0.9964028776978417,-0.45052614004989333,0.728714953747589,-0.5157525698592235,0.4966181587068054,0.6846356094145274,0.5335208400468167,0.7418871892507688,-0.0157670068893217,-0.670339317002476,1118
2635.1380532582007,2196.562758315838,1143.352811875048,512415.0620016374,0.00025366105139580495,0.9964028776978417,-0.4636185441919686,0.7366234633782796,-0.49238574175326016,0.5437696717173666,0.675304690494189,0.49827514398867545,0.699551563218686,-0.036734836288409095,-0.7136372763534404,1119
2685.548779715964,2227.541314417383,1228.2720467110512,423493.8273841539,0.003075083919261854,0.9964028776978417,-0.6077289336966362,0.7272647649971611,-0.3189851168026085,0.43266173166620664,0.640039887925359,0.634943121717287,0.6659349586104857,0.24786065330769647,-0.7036303912156816,1120
3454.09764833006,1626.5163735196159,1270.150410846943,268489.73759089224,0.0018022227572911016,0.9964028776978417,-0.3784758319050747,0.7876454491533822,-0.48617969012673545,0.5789202140347262,0.6112702601721687,0.539629553315083,0.7222239475714916,-0.07722250615601661,-0.687334892244847,1121
2994.9342954375484,2503.615458254806,1374.6367061691215,549676.6149270282,0.0,1.0,-0.4449798597206365,0.7412811683005203,-0.5024889590488715,0.5405041131821445,0.669686184500412,0.5092894245146503,0.7140365733463421,-0.04497381251679644,-0.6986623849267384,1122
3012.0567613759263,2239.759283560902,1312.953575260125,564769.0318325548,0.004089720328806462,0.9964028776978417,0.7006445725912468,-0.14306117604315466,0.6990212320148642,0.7120398037652024,0.20306105907009356,-0.6721350490365342,-0.04578756111042989,0.9686587150273731,0.24413888065827855,1123
,,,,,,,,,,,,,,,1124
4036.992142658625,2384.085203114391,1605.2689068286963,490566.0577284872,0.0,1.0,-0.636559411379611,0.7253026085379604,-0.2621607175609523,0.47135867497222583,0.6349339600214443,0.6121109915202589,0.61042044142744,0.26607328400182767,-0.7460508643705281,1125
3551.1466270929022,1977.1091796135242,1382.063530709774,340559.36136043863,0.0014650972479470078,0.9964028776978417,0.6185215991562645,-0.4988786668074141,0.6070841022310125,0.7352232900631153,0.0948131797870949,-0.6711610646390539,0.2772683630094598,0.8614699859792663,0.425431214335452,1126
1859.69240735155,1428.635999974655,822.0815222118548,177345.1823500024,0.015941550653235124,0.9892086330935251,-0.40030959356542045,0.7628319867300888,-0.5077790753082622,0.5327379567328557,0.6445825040897396,0.5483645364878211,0.7456155167079009,-0.050997602324292624,-0.664422114172597,1127
,,,,,,,,,,,,,,,1128
4213.714413032077,2681.8716118463976,1674.7528332386603,496658.9809331689,0.0013736696201606365,0.9964028776978417,-0.46845866010533393,0.7858227646772759,-0.4037685801140029,0.515943559346346,0.6143223673865079,0.5970010657424826,0.7171810980089609,0.07134852096294084,-0.6932248273216,1129
2384.812004508171,2220.9236477945665,1151.433379898538,383027.94521691964,0.0,1.0,0.7122766482615948,0.07207707293186359,0.6981882782593841,-0.6967791553135653,-0.0473141205464213,0.7157235379093195,0.0846214220026043,-0.9962762014393867,0.016521058796688137,1130
2731.4379575258404,1866.4366209483321,1149.4682235899306,360130.7009529348,9.67080258396564e-05,0.9964028776978417,-0.4756344170589055,0.6751290155315711,-0.5638906930393573,0.6743561325113221,0.6914691264979138,0.2590641882711392,0.5648147553432075,-0.25704330274796827,-0.7841639067561125,1131
,,,,,,,,,,,,,,,1132
2784.7218416730607,1866.8499295920599,1162.6075222629363,450146.1350596261,0.0040531201723354926,0.9964028776978417,0.7837111790671116,-0.3082671968043037,-0.5392291935528477,0.6090152897967264,0.5519707524640972,0.5695863983787076,0.12205394134991007,-0.7747900514324091,0.620325085420796,1133
1942.4561681992259,1942.4561681992259,971.2263730907102,477622.44458357146,3.0739890979241506,0.9424460431654677,0.8194634209579439,-0.011313305254288471,-0.5730198171408445,0.4740941040747038,0.5751793829569601,0.6666359260517353,0.3220473291202825,-0.8179490733202612,0.4767020361410454,1134
2559.422090405566,1825.222169806444,1096.1590604837154,388958.0647022612,0.000357755352406237,0.9964028776978417,0.7050116717896645,-0.1927690856725635,0.6824944118813765,0.7047292961500405,0.08259008850764332,-0.7046527488260924,0.07946799222460954,0.9777622189925643,0.19407699843754253,1135
,,,,,,,,,,,,,,,1136
2962.6937225199645,2219.590639408897,1295.570631609066,429285.11439299874,0.0012582657436784393,0.9964028776978417,-0.2871494538484341,0.6990842303162212,-0.6548484023632665,0.4987745854307671,0.6927710596683321,0.520857151063881,0.8177830421835074,-0.1770578939476936,-0.5476142785829227,1137
2947.189540429476,2539.9649152069583,1371.7881124161033,498447.96903049236,0.001147844815142482,0.9964028776978417,0.6635947283180424,-0.35087707969425164,0.6607021352271667,-0.6604764870550569,0.13994710589116155,0.7376893774483263,-0.35130164616169207,-0.9259050072755421,-0.1388778992718549,1138
2219.3747686677443,2040.2185590895788,1064.8977707006266,463135.7076775928,0.005331423544006088,0.9964028776978417,0.17780211596408332,-0.6389933093329144,0.7483808911152563,0.4819109647568114,0.7196052405960416,0.499930114869941,-0.8579908097444017,0.2717643249848727,0.4358852166105919,1139
,,,,,,,,,,,,,,,1140
3433.1280327215077,2540.7419361138695,1493.4670569733921,397357.9868966653,0.002139710391717203,0.9964028776978417,-0.4815250138907983,0.6811541125746587,-0.5515095066452578,0.42434380005264427,0.7317857894195396,0.5333121953982514,0.7668546148745197,0.022773522482267383,-0.6414166869667499,1141
2951.950435837648,2048.638268741657,1250.1023066450316,283197.2410633133,0.0007778960384052444,0.9964028776978417,0.6293882545976006,-0.5229028055996838,0.5748417876864601,-0.5122397962228769,0.2771024070557252,0.8129112172737369,-0.5843635992600255,-0.8060936123676348,-0.09344662626315592,1142
2553.7267156254334,2297.4226760672377,1212.786323160513,618888.1507740788,0.0004065190045700955,0.9964028776978417,0.6743351800940164,-0.5588818045082885,0.4826211697357773,0.4037185259185335,0.8262867288181723,0.3927614971062343,-0.6182907218434845,-0.07000978766232166,0.7828251483656742,1143
3640.5723370761148,2309.504250281527,1487.5187149578255,378929.79248540563,0.002243081111973591,0.9964028776978417,-0.5081557416933093,0.6638082712772783,-0.5487588916527858,0.5222898324908194,0.7441364858228553,0.4165023665526086,0.6848292291227314,-0.07496312060662177,-0.7248375386857959,1144
4159.25619579685,1963.3592865161293,1530.6534737155669,487365.621348297,0.0,1.0,-0.5084145655459619,0.7883250937624546,-0.3464941212850922,0.5532375937606399,0.6073787692636047,0.5701045478662367,0.6598808940942663,0.09815588210721798,-0.7449312910712678,1145
4130.493178854168,2602.1300838918582,1683.1553867042085,534465.5965024626,0.13480979634605122,0.9892086330935251,0.7139555796437255,-0.6766009483774912,0.1802181648732207,0.5007752074711457,0.6733079056043623,0.5439491298208852,-0.4893788122485718,-0.2981067273735139,0.8195369163233773,1146
2968.7487781559457,2409.8060346591524,1344.6355901246916,374303.6136336956,0.0011814136287186306,0.9964028776978417,-0.538961640496263,0.6175210532283796,-0.5728770364513572,0.7035306636616204,0.704014278653141,0.09699742646244505,0.4632115665237828,-0.35075866956101065,-0.8138816869584748,1147
4464.308270062451,2667.6802870340516,1782.9840585495006,328224.7916700782,0.001368014558399825,0.9964028776978417,-0.5091302934790226,0.7074130674611577,-0.49025819345234795,0.4435558127893727,0.7037992333493722,0.5549097945410542,0.7375937806155386,0.06506451507566532,-0.6721026883410341,1148
,,,,,,,,,,,,,,,1149
,,,,,,,,,,,,,,,1150
1878.9984845508766,1742.728574129011,905.4312310905782,295541.85843090044,0.0016554504628493118,0.9964028776978417,-0.36588001021490907,0.8051851519624945,-0.46669978485561003,0.6071685080420446,0.5865687624740208,0.5359883298465493,0.7053213600672643,-0.08725799647499641,-0.703496852220416,1151
2748.6750852631762,2170.9073634489314,1229.8951083973475,523010.64822922874,0.0,1.0,-0.6754351008213568,0.7084415283333492,-0.20469007184314542,0.5301986439790618,0.6594693661752788,0.5329067019649313,0.5125200703398919,0.2514174934428477,-0.8210434954919916,1152
2940.2874880209656,2202.582923880607,1285.7171318108556,463336.0929629426,0.0,1.0,0.6012614460404829,-0.590578464995346,0.538239491480371,0.7824895077521986,0.29874282222668047,-0.5463175783605722,0.16184821210946204,0.7496464519036816,0.6417439936494862,1153
2410.345012723326,2410.345012723326,1205.1719063368187,563085.2394895595,0.07431559527641284,0.9856115107913669,-0.47023059661344596,0.8132148893313803,-0.34287713510573076,0.6753853724188058,0.5816724894184514,0.4533339980372669,0.5681001537856454,-0.018402685225054394,-0.8227536426204589,1154
2354.7095683256525,2048.0187981034683,1100.6811628073153,369657.68177228374,0.001819954149968792,0.9964028776978417,-0.5634854341318264,0.7413692094302072,-0.36449397914107806,0.5594529318884571,0.667083656842765,0.4919469603267141,0.6078623055616104,0.0732877212233646,-0.7906531018058488,1155
2574.7753762780917,2573.978357355584,1287.1838100899029,361078.3366229334,0.0012923384431569452,0.9964028776978417,0.636804221280966,-0.32366692769297245,0.6998000454962365,0.76804703555231,0.34599106017558273,-0.5388821183319086,-0.06770624002299422,0.8806417581493446,0.46891999196619916,1156
3028.822229352719,1649.2457117940987,1169.5164924705848,199703.37211253442,0.0,1.0,-0.4371818968884157,0.7963455721126614,-0.41797813197535194,0.5638368151196418,0.6047554714943794,0.5624578789681499,0.7006854036932593,0.010224943724490954,-0.713397095296193,1157
4480.41079103256,2709.3294438638045,1797.434632013099,706340.457341049,0.0,1.0,-0.5769009836272192,0.600491093296774,-0.5537108468877886,0.6503539313356781,0.747824107307579,0.13341240019522452,0.4941912778329612,-0.2831422811959878,-0.8219522063435059,1158
2768.7976153223303,2328.9320464888524,1225.5739871127985,671884.8904073058,0.002724588668108905,0.9928057553956835,0.741722455959977,-0.0750960456826206,0.6664895965036016,-0.6656191095884008,-0.20458333335376974,0.7177024875703057,0.0824560445052057,-0.9759642635038919,-0.20172941552451254,1159
2442.430174007799,1829.6031764696106,874.4932078002105,401389.3709283629,0.0,1.0,0.5937797809683302,-0.38776441284122093,0.7050278943751838,0.7618853187340467,-0.010828905545593528,-0.6476214140238141,0.2587592178275431,0.9216949033918913,0.28900202810826486,1160
2956.81722687731,2498.922552474902,1363.9344834075607,512390.1681530175,0.0029764829114335262,0.9964028776978417,0.6713683485167257,0.2093064643863185,0.7109538273165307,0.7262600413214161,0.005356209503226433,-0.6873992023559327,-0.1476851143133238,0.9778354232619395,-0.14841493194555647,1161
3468.989588016451,2660.769712678499,1532.4393116031304,436119.83083930955,0.0,1.0,-0.48266821220530914,0.8084588895016721,-0.33678720419911107,0.5735028964540131,0.5823932131565741,0.5761185407778671,0.6619107377021377,0.08492566899874524,-0.7447562057879931,1162
2716.4021067126378,2414.5181343787704,1282.7295208344049,532036.2011153265,0.003869923722245864,0.9964028776978417,0.7708749532163747,-0.1298270735992387,-0.6236158572906161,0.5723975710835987,0.5707384358166431,0.5887432874344881,0.27948672083168613,-0.8108036561598804,0.5142806665980374,1163
3697.0147666573234,1999.997962906793,1424.2527626983076,428701.94327586144,0.002032341613840693,0.9964028776978417,-0.42147852961046867,0.6614325353620094,-0.6203731540306862,0.37272316579649023,0.7500040976245208,0.5464167779498269,0.8267002423829568,-0.0009245058206880097,-0.5626418528095365,1164
3335.886397734768,2121.4035079630726,1364.3220673743645,417738.31211724866,0.0009726852469092461,0.9964028776978417,-0.39314447179187567,0.7255005105397766,-0.5648773614741616,0.5464553114859425,0.6784375727825857,0.49102856575323106,0.7394755011819448,-0.11563506839794399,-0.6631775886655957,1165
2189.900022391692,2041.8277912186102,1057.9313705070608,213645.2554950519,0.0009203966381701677,0.9964028776978417,0.6472600405939155,-0.4519591433422404,0.6138300844694002,-0.6940414957967196,-0.016423086166041143,0.7197476532459379,-0.31521554841507277,-0.8918874452475105,-0.3243084073027617,1166
2413.09308412612,1831.64760058074,1061.1847311253812,257978.66486805436,0.0010225492171445792,0.9964028776978417,0.59605738635682,-0.39399614958691365,0.6996303497420355,0.7588841694560007,-0.008229317768286813,-0.6511736294400631,0.2623173831802854,0.9190752485187244,0.2940922951076624,1167
3680.278137749233,2863.920469154847,1636.0492061972627,533583.5132022465,0.00018412686760366809,0.9964028776978417,-0.4318076176538877,0.7273390101064479,-0.5334042985517146,0.39050947482512105,0.6838366841575388,0.6163357360012728,0.813046450953377,0.05783903334077292,-0.5793186643068933,1168
3254.4563169985495,1906.779245168329,1290.2400542297369,273459.06033127697,0.004166523193811376,0.9964028776978417,-0.48726974299874987,0.7540374937518957,-0.4404493791280587,0.4918764190800432,0.6537496394577166,0.5750382572158999,0.7215440290868785,0.0635520804165027,-0.6894456810828599,1169
2795.74911658606,1892.1629321602202,1086.477618195191,625133.7269838144,0.0022054300752718456,0.9964028776978417,0.7420984790145853,-0.4839203325982993,0.46380055966135986,-0.42489172236752076,0.19554582776766502,0.8838715141389162,-0.5184176614543536,-0.8529847249163435,-0.06049948224232263,1170
4239.744613870703,3520.1054066399997,1939.962036440863,532177.1973548933,0.0032192755998384013,0.9964028776978417,-0.5618386391316283,0.591727733092593,-0.5780965606780767,0.4155949365748667,0.8061298903950921,0.42123087316212876,0.7152749067820376,-0.0035902229315158685,-0.6988339702871131,1171
3490.4460449127423,2315.0445505986854,1451.3720906084934,476823.7771485611,0.001026377893759501,0.9964028776978417,0.6542890298928085,-0.5273559326495304,0.5420346720102615,0.04250411151489519,0.7412558877561002,0.6698754431767484,-0.7550491810910446,-0.4152534517210661,0.5074103910716485,1172
3550.33838865168,2343.208040981877,1473.3804021584745,871354.383785909,4.2597809914481,0.9532374100719424,0.8318512875340306,-0.1727650269579227,-0.527423625644703,0.5108153351907952,0.6099056793482341,0.6058735475597895,0.21700490492588204,-0.773412766741665,0.5956018497949042,1173
2386.112485646877,1994.9041760478895,1095.2536672837248,319938.2671296007,0.0007975142114026269,0.9964028776978417,0.6188917465500179,-0.2757876460248031,0.7354686807419921,0.7639301116532684,-0.006466302043115198,-0.6452665894398316,0.1827123163929934,0.9611968379255028,0.20668054625513638,1174
2629.458616551506,1924.5979334124986,1138.488771745096,415777.80873600324,0.0,1.0,0.5141540058664426,-0.5340764765736152,0.6711244112846759,0.8442782229049123,0.1772734642999882,-0.5057355051641164,0.15112888731150406,0.826641661196551,0.5420550003405497,1175
2472.9754680854358,2417.217484273739,1222.5477097743928,404151.3102751414,0.004168559459053817,0.9964028776978417,0.763068937301654,-0.2623409844967175,0.5906801205209274,-0.6231365415274468,-0.05605517698723843,0.7801017034631715,-0.17154197019545087,-0.9633457452992785,-0.20624821811409827,1176
3486.224268669632,2145.2697937576227,1407.8712894236135,266513.2745864375,0.001116994043969562,0.9964028776978417,-0.5612288788127965,0.6612533044797009,-0.4977612006788069,0.7108890584880958,0.6931209495904471,0.11924804300593621,0.42386187857418856,-0.28692754582561947,-0.8590772324640241,1177
2736.0529774127567,2565.4407690220332,1320.3781788159872,303899.57228726597,0.007823299089276392,0.9964028776978417,0.6306836929809475,0.4176003759654807,0.6541009137750864,-0.6941723591661729,-0.07323135038415486,0.7160739522497539,0.34693344488184413,-0.9056749391003387,0.24370081967037804,1178
2791.104660032473,2259.5002477997973,1262.6507454842001,502474.42979762814,0.004863561924427288,0.9964028776978417,-0.5602614011222189,0.6681009417546857,-0.4896409848440695,0.5078032083365027,0.7440512023062746,0.4341931712380351,0.654402830079243,-0.0053795885613423244,-0.7561269708264533,1179
2428.085180852136,2282.3373794905788,1170.0000990802782,359252.6425954093,0.0008483334446592761,0.9964028776978417,-0.5991259885164446,0.70307650194328,-0.383055455906053,0.4687453333514506,0.6958762164723201,0.5440901614708782,0.6490961888236833,0.14642309846253718,-0.7464813553540368,1180
2474.923242003881,1538.2108612083623,1003.2831159832893,375767.9538413992,5.255302529742017,0.935251798561151,-0.04505253028489249,-0.5484552473413121,0.83496533531561,0.6176996638180985,0.6415894300273688,0.45476381627847673,-0.7851225349166441,0.5362460675295775,0.30987539467522557,1181
2758.989870592844,1979.9625073938794,1184.7376427236586,449676.58331697196,0.0,1.0,0.7075320023497603,-0.2885768802238822,0.6450750730350615,0.706607406165626,0.275693418944556,-0.6516894293316009,0.010219550030450275,0.9169059509845667,0.398972477554859,1182
2857.6551088886563,2107.269521026228,990.0502710521537,361407.91578077764,0.006232272095033551,0.9928057553956835,0.5987641021260711,-0.5265126480294352,0.6035445149035753,0.727072708956261,0.04126054952254912,-0.6853195188699223,0.33592681628021936,0.849165471812255,0.40751831319059323,1183
3041.6913557814537,2087.961763429095,1282.4128284632618,231644.5352508076,0.003676776418003398,0.9964028776978417,0.591955475049837,-0.4024068213977913,0.6983247565789485,0.742484643190564,-0.06478786761787245,-0.6667226461098422,0.313536712658506,0.913165528424094,0.2604293522497844,1184
4475.641240007866,2602.148414566027,1769.446538011777,439603.4464130229,0.004448830483474655,0.9964028776978417,-0.45055100205795684,0.7565676806379265,-0.4739294664385403,0.5047098673058726,0.6537472427918215,0.5638106884284648,0.736391026825191,0.014828592523892625,-0.6763936490351612,1185
2462.197888186379,2462.197888186379,1231.0984432733212,509855.3921894193,2.4297992678668496,0.9568345323741008,0.4565061413033625,-0.23461551642482384,0.8582293996391802,0.8661431877243554,-0.10340167353817548,-0.488982691174439,0.203465282815046,0.9665731495144162,0.1560071322945703,1186
2475.9794808277097,1584.1640755196893,1015.0353074631934,134197.62715976304,0.003270690718150226,0.9964028776978417,-0.5057385499637153,0.7726517348202224,-0.38371580076913636,0.5823336894116877,0.6339219368828566,0.508950343466688,0.6364872294530117,0.033945170760926346,-0.7705398965175269,1187
