lfp_uid,monkey,session_id,lfp_id,epoch,target,feature_set,status,accuracy,f1,n_classes,n_trials_balanced,per_class_n,torus_tau,torus_tau_ms,torus_embedding_dim,torus_param_source,torus_param_id
monkeyM_session-o080326006-9_lfp-1,M,o080326006-9,1,pre_go,direction,torus_geometry_15,ok,0.6,0.595959595959596,2,40,20,20,20.0,7,pertrace_unsupervised_movement_signal,pertrace_tau20_embed7
monkeyM_session-o080326006-9_lfp-1,M,o080326006-9,1,pre_go,delay,torus_geometry_15,ok,0.35,0.3483709273182957,2,40,20,20,20.0,7,pertrace_unsupervised_movement_signal,pertrace_tau20_embed7
monkeyM_session-o080326006-9_lfp-1,M,o080326006-9,1,pre_go,condition,torus_geometry_15,ok,0.25,0.25606537341377156,4,40,10,20,20.0,7,pertrace_unsupervised_movement_signal,pertrace_tau20_embed7
monkeyM_session-o080326006-9_lfp-1,M,o080326006-9,1,peri_go,direction,torus_geometry_15,ok,0.4,0.4,2,40,20,20,20.0,7,pertrace_unsupervised_movement_signal,pertrace_tau20_embed7
monkeyM_session-o080326006-9_lfp-1,M,o080326006-9,1,peri_go,delay,torus_geometry_15,ok,0.7,0.6992481203007519,2,40,20,20,20.0,7,pertrace_unsupervised_movement_signal,pertrace_tau20_embed7
monkeyM_session-o080326006-9_lfp-1,M,o080326006-9,1,peri_go,condition,torus_geometry_15,ok,0.4,0.3926979882862236,4,40,10,20,20.0,7,pertrace_unsupervised_movement_signal,pertrace_tau20_embed7
monkeyM_session-o080326006-9_lfp-1,M,o080326006-9,1,movement,direction,torus_geometry_15,ok,0.5,0.5,2,40,20,20,20.0,7,pertrace_unsupervised_movement_signal,pertrace_tau20_embed7
monkeyM_session-o080326006-9_lfp-1,M,o080326006-9,1,movement,delay,torus_geometry_15,ok,0.625,0.6247654784240151,2,40,20,20,20.0,7,pertrace_unsupervised_movement_signal,pertrace_tau20_embed7
monkeyM_session-o080326006-9_lfp-1,M,o080326006-9,1,movement,condition,torus_geometry_15,ok,0.35,0.3483038289539837,4,40,10,20,20.0,7,pertrace_unsupervised_movement_signal,pertrace_tau20_embed7
monkeyM_session-o080326006-9_lfp-1,M,o080326006-9,1,post_go,direction,torus_geometry_15,ok,0.5,0.4987468671679198,2,40,20,20,20.0,7,pertrace_unsupervised_movement_signal,pertrace_tau20_embed7
monkeyM_session-o080326006-9_lfp-1,M,o080326006-9,1,post_go,delay,torus_geometry_15,ok,0.375,0.37460913070669166,2,40,20,20,20.0,7,pertrace_unsupervised_movement_signal,pertrace_tau20_embed7
monkeyM_session-o080326006-9_lfp-1,M,o080326006-9,1,post_go,condition,torus_geometry_15,ok,0.275,0.2757437070938215,4,40,10,20,20.0,7,pertrace_unsupervised_movement_signal,pertrace_tau20_embed7
monkeyM_session-o080327001-7_lfp-1,M,o080327001-7,1,pre_go,direction,torus_geometry_15,ok,0.5104166666666666,0.5099380905832519,2,96,48,19,19.0,7,pertrace_unsupervised_movement_signal,pertrace_tau19_embed7
monkeyM_session-o080327001-7_lfp-1,M,o080327001-7,1,pre_go,delay,torus_geometry_15,ok,0.5520833333333334,0.5508649766075508,2,96,48,19,19.0,7,pertrace_unsupervised_movement_signal,pertrace_tau19_embed7
monkeyM_session-o080327001-7_lfp-1,M,o080327001-7,1,pre_go,condition,torus_geometry_15,ok,0.25,0.24301470588235294,4,92,23,19,19.0,7,pertrace_unsupervised_movement_signal,pertrace_tau19_embed7
monkeyM_session-o080327001-7_lfp-1,M,o080327001-7,1,peri_go,direction,torus_geometry_15,ok,0.6041666666666666,0.6034782608695652,2,96,48,19,19.0,7,pertrace_unsupervised_movement_signal,pertrace_tau19_embed7
monkeyM_session-o080327001-7_lfp-1,M,o080327001-7,1,peri_go,delay,torus_geometry_15,ok,0.5104166666666666,0.5099380905832519,2,96,48,19,19.0,7,pertrace_unsupervised_movement_signal,pertrace_tau19_embed7
monkeyM_session-o080327001-7_lfp-1,M,o080327001-7,1,peri_go,condition,torus_geometry_15,ok,0.25,0.24491916064671485,4,92,23,19,19.0,7,pertrace_unsupervised_movement_signal,pertrace_tau19_embed7
monkeyM_session-o080327001-7_lfp-1,M,o080327001-7,1,movement,direction,torus_geometry_15,ok,0.5729166666666666,0.5717549776955717,2,96,48,19,19.0,7,pertrace_unsupervised_movement_signal,pertrace_tau19_embed7
monkeyM_session-o080327001-7_lfp-1,M,o080327001-7,1,movement,delay,torus_geometry_15,ok,0.5833333333333334,0.5826086956521739,2,96,48,19,19.0,7,pertrace_unsupervised_movement_signal,pertrace_tau19_embed7
monkeyM_session-o080327001-7_lfp-1,M,o080327001-7,1,movement,condition,torus_geometry_15,ok,0.34782608695652173,0.3477118119975263,4,92,23,19,19.0,7,pertrace_unsupervised_movement_signal,pertrace_tau19_embed7
monkeyM_session-o080327001-7_lfp-1,M,o080327001-7,1,post_go,direction,torus_geometry_15,ok,0.5208333333333334,0.5206252713851498,2,96,48,19,19.0,7,pertrace_unsupervised_movement_signal,pertrace_tau19_embed7
monkeyM_session-o080327001-7_lfp-1,M,o080327001-7,1,post_go,delay,torus_geometry_15,ok,0.5729166666666666,0.5724991854024112,2,96,48,19,19.0,7,pertrace_unsupervised_movement_signal,pertrace_tau19_embed7
monkeyM_session-o080327001-7_lfp-1,M,o080327001-7,1,post_go,condition,torus_geometry_15,ok,0.29347826086956524,0.2877315658117241,4,92,23,19,19.0,7,pertrace_unsupervised_movement_signal,pertrace_tau19_embed7
monkeyM_session-o080403001-7_lfp-1,M,o080403001-7,1,pre_go,direction,torus_geometry_15,ok,0.33,0.32939645681113006,2,100,50,13,13.0,9,pertrace_unsupervised_movement_signal,pertrace_tau13_embed9
monkeyM_session-o080403001-7_lfp-1,M,o080403001-7,1,pre_go,delay,torus_geometry_15,ok,0.5510204081632653,0.5508333333333333,2,98,49,13,13.0,9,pertrace_unsupervised_movement_signal,pertrace_tau13_embed9
monkeyM_session-o080403001-7_lfp-1,M,o080403001-7,1,pre_go,condition,torus_geometry_15,ok,0.3541666666666667,0.3489074417645846,4,96,24,13,13.0,9,pertrace_unsupervised_movement_signal,pertrace_tau13_embed9
monkeyM_session-o080403001-7_lfp-1,M,o080403001-7,1,peri_go,direction,torus_geometry_15,ok,0.49,0.4858352656517794,2,100,50,13,13.0,9,pertrace_unsupervised_movement_signal,pertrace_tau13_embed9
monkeyM_session-o080403001-7_lfp-1,M,o080403001-7,1,peri_go,delay,torus_geometry_15,ok,0.46938775510204084,0.46850229453483516,2,98,49,13,13.0,9,pertrace_unsupervised_movement_signal,pertrace_tau13_embed9
monkeyM_session-o080403001-7_lfp-1,M,o080403001-7,1,peri_go,condition,torus_geometry_15,ok,0.3125,0.31254137871614884,4,96,24,13,13.0,9,pertrace_unsupervised_movement_signal,pertrace_tau13_embed9
monkeyM_session-o080403001-7_lfp-1,M,o080403001-7,1,movement,direction,torus_geometry_15,ok,0.43,0.4285714285714286,2,100,50,13,13.0,9,pertrace_unsupervised_movement_signal,pertrace_tau13_embed9
monkeyM_session-o080403001-7_lfp-1,M,o080403001-7,1,movement,delay,torus_geometry_15,ok,0.3979591836734694,0.39789649067999583,2,98,49,13,13.0,9,pertrace_unsupervised_movement_signal,pertrace_tau13_embed9
monkeyM_session-o080403001-7_lfp-1,M,o080403001-7,1,movement,condition,torus_geometry_15,ok,0.25,0.24455882352941177,4,96,24,13,13.0,9,pertrace_unsupervised_movement_signal,pertrace_tau13_embed9
monkeyM_session-o080403001-7_lfp-1,M,o080403001-7,1,post_go,direction,torus_geometry_15,ok,0.49,0.4858352656517794,2,100,50,13,13.0,9,pertrace_unsupervised_movement_signal,pertrace_tau13_embed9
monkeyM_session-o080403001-7_lfp-1,M,o080403001-7,1,post_go,delay,torus_geometry_15,ok,0.5,0.4999479329376237,2,98,49,13,13.0,9,pertrace_unsupervised_movement_signal,pertrace_tau13_embed9
monkeyM_session-o080403001-7_lfp-1,M,o080403001-7,1,post_go,condition,torus_geometry_15,ok,0.3958333333333333,0.38928811706332517,4,96,24,13,13.0,9,pertrace_unsupervised_movement_signal,pertrace_tau13_embed9
monkeyM_session-o080403001-7_lfp-2,M,o080403001-7,2,pre_go,direction,torus_geometry_15,ok,0.46,0.45804897631473307,2,100,50,13,13.0,9,pertrace_unsupervised_movement_signal,pertrace_tau13_embed9
monkeyM_session-o080403001-7_lfp-2,M,o080403001-7,2,pre_go,delay,torus_geometry_15,ok,0.6020408163265306,0.6019993751952515,2,98,49,13,13.0,9,pertrace_unsupervised_movement_signal,pertrace_tau13_embed9
monkeyM_session-o080403001-7_lfp-2,M,o080403001-7,2,pre_go,condition,torus_geometry_15,ok,0.28125,0.2813181294719553,4,96,24,13,13.0,9,pertrace_unsupervised_movement_signal,pertrace_tau13_embed9
monkeyM_session-o080403001-7_lfp-2,M,o080403001-7,2,peri_go,direction,torus_geometry_15,ok,0.45,0.4499449944994499,2,100,50,13,13.0,9,pertrace_unsupervised_movement_signal,pertrace_tau13_embed9
monkeyM_session-o080403001-7_lfp-2,M,o080403001-7,2,peri_go,delay,torus_geometry_15,ok,0.45918367346938777,0.457772210042802,2,98,49,13,13.0,9,pertrace_unsupervised_movement_signal,pertrace_tau13_embed9
monkeyM_session-o080403001-7_lfp-2,M,o080403001-7,2,peri_go,condition,torus_geometry_15,ok,0.23958333333333334,0.2371214402150773,4,96,24,13,13.0,9,pertrace_unsupervised_movement_signal,pertrace_tau13_embed9
monkeyM_session-o080403001-7_lfp-2,M,o080403001-7,2,movement,direction,torus_geometry_15,ok,0.43,0.42994299429942995,2,100,50,13,13.0,9,pertrace_unsupervised_movement_signal,pertrace_tau13_embed9
monkeyM_session-o080403001-7_lfp-2,M,o080403001-7,2,movement,delay,torus_geometry_15,ok,0.3877551020408163,0.38545150501672243,2,98,49,13,13.0,9,pertrace_unsupervised_movement_signal,pertrace_tau13_embed9
monkeyM_session-o080403001-7_lfp-2,M,o080403001-7,2,movement,condition,torus_geometry_15,ok,0.2708333333333333,0.26738577506474287,4,96,24,13,13.0,9,pertrace_unsupervised_movement_signal,pertrace_tau13_embed9
monkeyM_session-o080403001-7_lfp-2,M,o080403001-7,2,post_go,direction,torus_geometry_15,ok,0.4,0.3997599039615846,2,100,50,13,13.0,9,pertrace_unsupervised_movement_signal,pertrace_tau13_embed9
monkeyM_session-o080403001-7_lfp-2,M,o080403001-7,2,post_go,delay,torus_geometry_15,ok,0.5918367346938775,0.5911556111806424,2,98,49,13,13.0,9,pertrace_unsupervised_movement_signal,pertrace_tau13_embed9
monkeyM_session-o080403001-7_lfp-2,M,o080403001-7,2,post_go,condition,torus_geometry_15,ok,0.16666666666666666,0.16627768128528006,4,96,24,13,13.0,9,pertrace_unsupervised_movement_signal,pertrace_tau13_embed9
monkeyM_session-o080403009-14_lfp-1,M,o080403009-14,1,pre_go,direction,torus_geometry_15,ok,0.4824561403508772,0.48241631396691037,2,114,57,15,15.0,7,pertrace_unsupervised_movement_signal,pertrace_tau15_embed7
monkeyM_session-o080403009-14_lfp-1,M,o080403009-14,1,pre_go,delay,torus_geometry_15,ok,0.6785714285714286,0.6784688995215311,2,112,56,15,15.0,7,pertrace_unsupervised_movement_signal,pertrace_tau15_embed7
monkeyM_session-o080403009-14_lfp-1,M,o080403009-14,1,pre_go,condition,torus_geometry_15,ok,0.3333333333333333,0.3332336523125997,4,108,27,15,15.0,7,pertrace_unsupervised_movement_signal,pertrace_tau15_embed7
monkeyM_session-o080403009-14_lfp-1,M,o080403009-14,1,peri_go,direction,torus_geometry_15,ok,0.543859649122807,0.5437192118226601,2,114,57,15,15.0,7,pertrace_unsupervised_movement_signal,pertrace_tau15_embed7
monkeyM_session-o080403009-14_lfp-1,M,o080403009-14,1,peri_go,delay,torus_geometry_15,ok,0.5714285714285714,0.5712918660287081,2,112,56,15,15.0,7,pertrace_unsupervised_movement_signal,pertrace_tau15_embed7
monkeyM_session-o080403009-14_lfp-1,M,o080403009-14,1,peri_go,condition,torus_geometry_15,ok,0.35185185185185186,0.35196360243530056,4,108,27,15,15.0,7,pertrace_unsupervised_movement_signal,pertrace_tau15_embed7
monkeyM_session-o080403009-14_lfp-1,M,o080403009-14,1,movement,direction,torus_geometry_15,ok,0.4649122807017544,0.4648711042708734,2,114,57,15,15.0,7,pertrace_unsupervised_movement_signal,pertrace_tau15_embed7
monkeyM_session-o080403009-14_lfp-1,M,o080403009-14,1,movement,delay,torus_geometry_15,ok,0.5803571428571429,0.5800558436378142,2,112,56,15,15.0,7,pertrace_unsupervised_movement_signal,pertrace_tau15_embed7
monkeyM_session-o080403009-14_lfp-1,M,o080403009-14,1,movement,condition,torus_geometry_15,ok,0.25,0.2453025263290588,4,108,27,15,15.0,7,pertrace_unsupervised_movement_signal,pertrace_tau15_embed7
monkeyM_session-o080403009-14_lfp-1,M,o080403009-14,1,post_go,direction,torus_geometry_15,ok,0.4473684210526316,0.4473258945748365,2,114,57,15,15.0,7,pertrace_unsupervised_movement_signal,pertrace_tau15_embed7
monkeyM_session-o080403009-14_lfp-1,M,o080403009-14,1,post_go,delay,torus_geometry_15,ok,0.625,0.6248803827751196,2,112,56,15,15.0,7,pertrace_unsupervised_movement_signal,pertrace_tau15_embed7
monkeyM_session-o080403009-14_lfp-1,M,o080403009-14,1,post_go,condition,torus_geometry_15,ok,0.21296296296296297,0.20800962344227286,4,108,27,15,15.0,7,pertrace_unsupervised_movement_signal,pertrace_tau15_embed7
monkeyM_session-o080403009-14_lfp-2,M,o080403009-14,2,pre_go,direction,torus_geometry_15,ok,0.4824561403508772,0.4814586385012721,2,114,57,8,8.0,9,pertrace_unsupervised_movement_signal,pertrace_tau8_embed9
monkeyM_session-o080403009-14_lfp-2,M,o080403009-14,2,pre_go,delay,torus_geometry_15,ok,0.5178571428571429,0.5153846153846154,2,112,56,8,8.0,9,pertrace_unsupervised_movement_signal,pertrace_tau8_embed9
monkeyM_session-o080403009-14_lfp-2,M,o080403009-14,2,pre_go,condition,torus_geometry_15,ok,0.3148148148148148,0.3103062124704744,4,108,27,8,8.0,9,pertrace_unsupervised_movement_signal,pertrace_tau8_embed9
monkeyM_session-o080403009-14_lfp-2,M,o080403009-14,2,peri_go,direction,torus_geometry_15,ok,0.49122807017543857,0.4898148148148148,2,114,57,8,8.0,9,pertrace_unsupervised_movement_signal,pertrace_tau8_embed9
monkeyM_session-o080403009-14_lfp-2,M,o080403009-14,2,peri_go,delay,torus_geometry_15,ok,0.5,0.4993614303959132,2,112,56,8,8.0,9,pertrace_unsupervised_movement_signal,pertrace_tau8_embed9
monkeyM_session-o080403009-14_lfp-2,M,o080403009-14,2,peri_go,condition,torus_geometry_15,ok,0.26851851851851855,0.263990484686292,4,108,27,8,8.0,9,pertrace_unsupervised_movement_signal,pertrace_tau8_embed9
monkeyM_session-o080403009-14_lfp-2,M,o080403009-14,2,movement,direction,torus_geometry_15,ok,0.4824561403508772,0.48241631396691037,2,114,57,8,8.0,9,pertrace_unsupervised_movement_signal,pertrace_tau8_embed9
monkeyM_session-o080403009-14_lfp-2,M,o080403009-14,2,movement,delay,torus_geometry_15,ok,0.5267857142857143,0.5264459513362585,2,112,56,8,8.0,9,pertrace_unsupervised_movement_signal,pertrace_tau8_embed9
monkeyM_session-o080403009-14_lfp-2,M,o080403009-14,2,movement,condition,torus_geometry_15,ok,0.2777777777777778,0.26970566864183887,4,108,27,8,8.0,9,pertrace_unsupervised_movement_signal,pertrace_tau8_embed9
monkeyM_session-o080403009-14_lfp-2,M,o080403009-14,2,post_go,direction,torus_geometry_15,ok,0.47368421052631576,0.4722222222222222,2,114,57,8,8.0,9,pertrace_unsupervised_movement_signal,pertrace_tau8_embed9
monkeyM_session-o080403009-14_lfp-2,M,o080403009-14,2,post_go,delay,torus_geometry_15,ok,0.4732142857142857,0.47216231328380864,2,112,56,8,8.0,9,pertrace_unsupervised_movement_signal,pertrace_tau8_embed9
monkeyM_session-o080403009-14_lfp-2,M,o080403009-14,2,post_go,condition,torus_geometry_15,ok,0.25,0.23147763872703095,4,108,27,8,8.0,9,pertrace_unsupervised_movement_signal,pertrace_tau8_embed9
monkeyM_session-o080403015-20_lfp-1,M,o080403015-20,1,pre_go,direction,torus_geometry_15,ok,0.4625,0.46241600250039067,2,80,40,17,17.0,7,pertrace_unsupervised_movement_signal,pertrace_tau17_embed7
monkeyM_session-o080403015-20_lfp-1,M,o080403015-20,1,pre_go,delay,torus_geometry_15,ok,0.75,0.7493734335839599,2,80,40,17,17.0,7,pertrace_unsupervised_movement_signal,pertrace_tau17_embed7
monkeyM_session-o080403015-20_lfp-1,M,o080403015-20,1,pre_go,condition,torus_geometry_15,ok,0.3,0.30319388214125054,4,80,20,17,17.0,7,pertrace_unsupervised_movement_signal,pertrace_tau17_embed7
monkeyM_session-o080403015-20_lfp-1,M,o080403015-20,1,peri_go,direction,torus_geometry_15,ok,0.7,0.6992481203007519,2,80,40,17,17.0,7,pertrace_unsupervised_movement_signal,pertrace_tau17_embed7
monkeyM_session-o080403015-20_lfp-1,M,o080403015-20,1,peri_go,delay,torus_geometry_15,ok,0.5125,0.5124238162212846,2,80,40,17,17.0,7,pertrace_unsupervised_movement_signal,pertrace_tau17_embed7
monkeyM_session-o080403015-20_lfp-1,M,o080403015-20,1,peri_go,condition,torus_geometry_15,ok,0.3625,0.3489693446088795,4,80,20,17,17.0,7,pertrace_unsupervised_movement_signal,pertrace_tau17_embed7
monkeyM_session-o080403015-20_lfp-1,M,o080403015-20,1,movement,direction,torus_geometry_15,ok,0.5,0.4949494949494949,2,80,40,17,17.0,7,pertrace_unsupervised_movement_signal,pertrace_tau17_embed7
monkeyM_session-o080403015-20_lfp-1,M,o080403015-20,1,movement,delay,torus_geometry_15,ok,0.55,0.5488721804511278,2,80,40,17,17.0,7,pertrace_unsupervised_movement_signal,pertrace_tau17_embed7
monkeyM_session-o080403015-20_lfp-1,M,o080403015-20,1,movement,condition,torus_geometry_15,ok,0.325,0.32399749373433584,4,80,20,17,17.0,7,pertrace_unsupervised_movement_signal,pertrace_tau17_embed7
monkeyM_session-o080403015-20_lfp-1,M,o080403015-20,1,post_go,direction,torus_geometry_15,ok,0.625,0.6247654784240151,2,80,40,17,17.0,7,pertrace_unsupervised_movement_signal,pertrace_tau17_embed7
monkeyM_session-o080403015-20_lfp-1,M,o080403015-20,1,post_go,delay,torus_geometry_15,ok,0.5625,0.5624316299421784,2,80,40,17,17.0,7,pertrace_unsupervised_movement_signal,pertrace_tau17_embed7
monkeyM_session-o080403015-20_lfp-1,M,o080403015-20,1,post_go,condition,torus_geometry_15,ok,0.4375,0.44019348630140315,4,80,20,17,17.0,7,pertrace_unsupervised_movement_signal,pertrace_tau17_embed7
monkeyM_session-o080403015-20_lfp-2,M,o080403015-20,2,pre_go,direction,torus_geometry_15,ok,0.55,0.55,2,80,40,14,14.0,9,pertrace_unsupervised_movement_signal,pertrace_tau14_embed9
monkeyM_session-o080403015-20_lfp-2,M,o080403015-20,2,pre_go,delay,torus_geometry_15,ok,0.6875,0.6870599280237835,2,80,40,14,14.0,9,pertrace_unsupervised_movement_signal,pertrace_tau14_embed9
monkeyM_session-o080403015-20_lfp-2,M,o080403015-20,2,pre_go,condition,torus_geometry_15,ok,0.375,0.3748889778112544,4,80,20,14,14.0,9,pertrace_unsupervised_movement_signal,pertrace_tau14_embed9
monkeyM_session-o080403015-20_lfp-2,M,o080403015-20,2,peri_go,direction,torus_geometry_15,ok,0.5375,0.5356862745098039,2,80,40,14,14.0,9,pertrace_unsupervised_movement_signal,pertrace_tau14_embed9
monkeyM_session-o080403015-20_lfp-2,M,o080403015-20,2,peri_go,delay,torus_geometry_15,ok,0.4625,0.46039215686274515,2,80,40,14,14.0,9,pertrace_unsupervised_movement_signal,pertrace_tau14_embed9
monkeyM_session-o080403015-20_lfp-2,M,o080403015-20,2,peri_go,condition,torus_geometry_15,ok,0.2125,0.19587411825315054,4,80,20,14,14.0,9,pertrace_unsupervised_movement_signal,pertrace_tau14_embed9
monkeyM_session-o080403015-20_lfp-2,M,o080403015-20,2,movement,direction,torus_geometry_15,ok,0.575,0.575,2,80,40,14,14.0,9,pertrace_unsupervised_movement_signal,pertrace_tau14_embed9
monkeyM_session-o080403015-20_lfp-2,M,o080403015-20,2,movement,delay,torus_geometry_15,ok,0.5375,0.5374277230817315,2,80,40,14,14.0,9,pertrace_unsupervised_movement_signal,pertrace_tau14_embed9
monkeyM_session-o080403015-20_lfp-2,M,o080403015-20,2,movement,condition,torus_geometry_15,ok,0.3625,0.35466927359490985,4,80,20,14,14.0,9,pertrace_unsupervised_movement_signal,pertrace_tau14_embed9
monkeyM_session-o080403015-20_lfp-2,M,o080403015-20,2,post_go,direction,torus_geometry_15,ok,0.5375,0.5374277230817315,2,80,40,14,14.0,9,pertrace_unsupervised_movement_signal,pertrace_tau14_embed9
monkeyM_session-o080403015-20_lfp-2,M,o080403015-20,2,post_go,delay,torus_geometry_15,ok,0.625,0.6228786926461345,2,80,40,14,14.0,9,pertrace_unsupervised_movement_signal,pertrace_tau14_embed9
monkeyM_session-o080403015-20_lfp-2,M,o080403015-20,2,post_go,condition,torus_geometry_15,ok,0.425,0.42771147771147777,4,80,20,14,14.0,9,pertrace_unsupervised_movement_signal,pertrace_tau14_embed9
monkeyM_session-o080404002-6_lfp-1,M,o080404002-6,1,pre_go,direction,torus_geometry_15,ok,0.5,0.4999323867478026,2,86,43,16,16.0,7,pertrace_unsupervised_movement_signal,pertrace_tau16_embed7
monkeyM_session-o080404002-6_lfp-1,M,o080404002-6,1,pre_go,delay,torus_geometry_15,ok,0.6222222222222222,0.6220355731225297,2,90,45,16,16.0,7,pertrace_unsupervised_movement_signal,pertrace_tau16_embed7
monkeyM_session-o080404002-6_lfp-1,M,o080404002-6,1,pre_go,condition,torus_geometry_15,ok,0.27380952380952384,0.26576411960132895,4,84,21,16,16.0,7,pertrace_unsupervised_movement_signal,pertrace_tau16_embed7
monkeyM_session-o080404002-6_lfp-1,M,o080404002-6,1,peri_go,direction,torus_geometry_15,ok,0.43023255813953487,0.4295383782320292,2,86,43,16,16.0,7,pertrace_unsupervised_movement_signal,pertrace_tau16_embed7
monkeyM_session-o080404002-6_lfp-1,M,o080404002-6,1,peri_go,delay,torus_geometry_15,ok,0.4444444444444444,0.44334487877288475,2,90,45,16,16.0,7,pertrace_unsupervised_movement_signal,pertrace_tau16_embed7
monkeyM_session-o080404002-6_lfp-1,M,o080404002-6,1,peri_go,condition,torus_geometry_15,ok,0.32142857142857145,0.3221235418875928,4,84,21,16,16.0,7,pertrace_unsupervised_movement_signal,pertrace_tau16_embed7
monkeyM_session-o080404002-6_lfp-1,M,o080404002-6,1,movement,direction,torus_geometry_15,ok,0.6046511627906976,0.6037940379403794,2,86,43,16,16.0,7,pertrace_unsupervised_movement_signal,pertrace_tau16_embed7
monkeyM_session-o080404002-6_lfp-1,M,o080404002-6,1,movement,delay,torus_geometry_15,ok,0.3888888888888889,0.38699690402476783,2,90,45,16,16.0,7,pertrace_unsupervised_movement_signal,pertrace_tau16_embed7
monkeyM_session-o080404002-6_lfp-1,M,o080404002-6,1,movement,condition,torus_geometry_15,ok,0.21428571428571427,0.20660058027079303,4,84,21,16,16.0,7,pertrace_unsupervised_movement_signal,pertrace_tau16_embed7
monkeyM_session-o080404002-6_lfp-1,M,o080404002-6,1,post_go,direction,torus_geometry_15,ok,0.5697674418604651,0.569709263015551,2,86,43,16,16.0,7,pertrace_unsupervised_movement_signal,pertrace_tau16_embed7
monkeyM_session-o080404002-6_lfp-1,M,o080404002-6,1,post_go,delay,torus_geometry_15,ok,0.5333333333333333,0.5324096981692232,2,90,45,16,16.0,7,pertrace_unsupervised_movement_signal,pertrace_tau16_embed7
monkeyM_session-o080404002-6_lfp-1,M,o080404002-6,1,post_go,condition,torus_geometry_15,ok,0.27380952380952384,0.26898404132446685,4,84,21,16,16.0,7,pertrace_unsupervised_movement_signal,pertrace_tau16_embed7
monkeyM_session-o080404002-6_lfp-2,M,o080404002-6,2,pre_go,direction,torus_geometry_15,ok,0.5697674418604651,0.5683082349749016,2,86,43,14,14.0,7,pertrace_unsupervised_movement_signal,pertrace_tau14_embed7
monkeyM_session-o080404002-6_lfp-2,M,o080404002-6,2,pre_go,delay,torus_geometry_15,ok,0.5555555555555556,0.5553359683794465,2,90,45,14,14.0,7,pertrace_unsupervised_movement_signal,pertrace_tau14_embed7
monkeyM_session-o080404002-6_lfp-2,M,o080404002-6,2,pre_go,condition,torus_geometry_15,ok,0.2976190476190476,0.29929801086919633,4,84,21,14,14.0,7,pertrace_unsupervised_movement_signal,pertrace_tau14_embed7
monkeyM_session-o080404002-6_lfp-2,M,o080404002-6,2,peri_go,direction,torus_geometry_15,ok,0.5232558139534884,0.5231913455037187,2,86,43,14,14.0,7,pertrace_unsupervised_movement_signal,pertrace_tau14_embed7
monkeyM_session-o080404002-6_lfp-2,M,o080404002-6,2,peri_go,delay,torus_geometry_15,ok,0.5555555555555556,0.5553359683794465,2,90,45,14,14.0,7,pertrace_unsupervised_movement_signal,pertrace_tau14_embed7
monkeyM_session-o080404002-6_lfp-2,M,o080404002-6,2,peri_go,condition,torus_geometry_15,ok,0.3333333333333333,0.3299519068730393,4,84,21,14,14.0,7,pertrace_unsupervised_movement_signal,pertrace_tau14_embed7
monkeyM_session-o080404002-6_lfp-2,M,o080404002-6,2,movement,direction,torus_geometry_15,ok,0.6046511627906976,0.6037940379403794,2,86,43,14,14.0,7,pertrace_unsupervised_movement_signal,pertrace_tau14_embed7
monkeyM_session-o080404002-6_lfp-2,M,o080404002-6,2,movement,delay,torus_geometry_15,ok,0.5111111111111111,0.5101434933201385,2,90,45,14,14.0,7,pertrace_unsupervised_movement_signal,pertrace_tau14_embed7
monkeyM_session-o080404002-6_lfp-2,M,o080404002-6,2,movement,condition,torus_geometry_15,ok,0.3333333333333333,0.3273596372000628,4,84,21,14,14.0,7,pertrace_unsupervised_movement_signal,pertrace_tau14_embed7
monkeyM_session-o080404002-6_lfp-2,M,o080404002-6,2,post_go,direction,torus_geometry_15,ok,0.5465116279069767,0.5464503042596349,2,86,43,14,14.0,7,pertrace_unsupervised_movement_signal,pertrace_tau14_embed7
monkeyM_session-o080404002-6_lfp-2,M,o080404002-6,2,post_go,delay,torus_geometry_15,ok,0.34444444444444444,0.3424148606811146,2,90,45,14,14.0,7,pertrace_unsupervised_movement_signal,pertrace_tau14_embed7
monkeyM_session-o080404002-6_lfp-2,M,o080404002-6,2,post_go,condition,torus_geometry_15,ok,0.21428571428571427,0.2040971295957662,4,84,21,14,14.0,7,pertrace_unsupervised_movement_signal,pertrace_tau14_embed7
monkeyM_session-o080404007-12_lfp-1,M,o080404007-12,1,pre_go,direction,torus_geometry_15,ok,0.49038461538461536,0.48653935724266417,2,104,52,14,14.0,7,pertrace_unsupervised_movement_signal,pertrace_tau14_embed7
monkeyM_session-o080404007-12_lfp-1,M,o080404007-12,1,pre_go,delay,torus_geometry_15,ok,0.5196078431372549,0.5191919191919192,2,102,51,14,14.0,7,pertrace_unsupervised_movement_signal,pertrace_tau14_embed7
monkeyM_session-o080404007-12_lfp-1,M,o080404007-12,1,pre_go,condition,torus_geometry_15,ok,0.21,0.2071845719419843,4,100,25,14,14.0,7,pertrace_unsupervised_movement_signal,pertrace_tau14_embed7
monkeyM_session-o080404007-12_lfp-1,M,o080404007-12,1,peri_go,direction,torus_geometry_15,ok,0.5673076923076923,0.5672676837725381,2,104,52,14,14.0,7,pertrace_unsupervised_movement_signal,pertrace_tau14_embed7
monkeyM_session-o080404007-12_lfp-1,M,o080404007-12,1,peri_go,delay,torus_geometry_15,ok,0.6274509803921569,0.6274509803921569,2,102,51,14,14.0,7,pertrace_unsupervised_movement_signal,pertrace_tau14_embed7
monkeyM_session-o080404007-12_lfp-1,M,o080404007-12,1,peri_go,condition,torus_geometry_15,ok,0.38,0.37218885493160686,4,100,25,14,14.0,7,pertrace_unsupervised_movement_signal,pertrace_tau14_embed7
monkeyM_session-o080404007-12_lfp-1,M,o080404007-12,1,movement,direction,torus_geometry_15,ok,0.5384615384615384,0.5382907880133185,2,104,52,14,14.0,7,pertrace_unsupervised_movement_signal,pertrace_tau14_embed7
monkeyM_session-o080404007-12_lfp-1,M,o080404007-12,1,movement,delay,torus_geometry_15,ok,0.5784313725490197,0.5734707770106,2,102,51,14,14.0,7,pertrace_unsupervised_movement_signal,pertrace_tau14_embed7
monkeyM_session-o080404007-12_lfp-1,M,o080404007-12,1,movement,condition,torus_geometry_15,ok,0.34,0.32913927420945366,4,100,25,14,14.0,7,pertrace_unsupervised_movement_signal,pertrace_tau14_embed7
monkeyM_session-o080404007-12_lfp-1,M,o080404007-12,1,post_go,direction,torus_geometry_15,ok,0.5961538461538461,0.5961538461538461,2,104,52,14,14.0,7,pertrace_unsupervised_movement_signal,pertrace_tau14_embed7
monkeyM_session-o080404007-12_lfp-1,M,o080404007-12,1,post_go,delay,torus_geometry_15,ok,0.6862745098039216,0.6862745098039216,2,102,51,14,14.0,7,pertrace_unsupervised_movement_signal,pertrace_tau14_embed7
monkeyM_session-o080404007-12_lfp-1,M,o080404007-12,1,post_go,condition,torus_geometry_15,ok,0.4,0.39955215419501133,4,100,25,14,14.0,7,pertrace_unsupervised_movement_signal,pertrace_tau14_embed7
monkeyM_session-o080404013-18_lfp-1,M,o080404013-18,1,pre_go,direction,torus_geometry_15,ok,0.42857142857142855,0.42824730572887126,2,84,42,15,15.0,9,pertrace_unsupervised_movement_signal,pertrace_tau15_embed9
monkeyM_session-o080404013-18_lfp-1,M,o080404013-18,1,pre_go,delay,torus_geometry_15,ok,0.6097560975609756,0.6095238095238096,2,82,41,15,15.0,9,pertrace_unsupervised_movement_signal,pertrace_tau15_embed9
monkeyM_session-o080404013-18_lfp-1,M,o080404013-18,1,pre_go,condition,torus_geometry_15,ok,0.2,0.1977106227106227,4,80,20,15,15.0,9,pertrace_unsupervised_movement_signal,pertrace_tau15_embed9
monkeyM_session-o080404013-18_lfp-1,M,o080404013-18,1,peri_go,direction,torus_geometry_15,ok,0.5,0.49743589743589745,2,84,42,15,15.0,9,pertrace_unsupervised_movement_signal,pertrace_tau15_embed9
monkeyM_session-o080404013-18_lfp-1,M,o080404013-18,1,peri_go,delay,torus_geometry_15,ok,0.8170731707317073,0.8170459616242749,2,82,41,15,15.0,9,pertrace_unsupervised_movement_signal,pertrace_tau15_embed9
monkeyM_session-o080404013-18_lfp-1,M,o080404013-18,1,peri_go,condition,torus_geometry_15,ok,0.325,0.325,4,80,20,15,15.0,9,pertrace_unsupervised_movement_signal,pertrace_tau15_embed9
monkeyM_session-o080404013-18_lfp-1,M,o080404013-18,1,movement,direction,torus_geometry_15,ok,0.5833333333333334,0.5832742735648476,2,84,42,15,15.0,9,pertrace_unsupervised_movement_signal,pertrace_tau15_embed9
monkeyM_session-o080404013-18_lfp-1,M,o080404013-18,1,movement,delay,torus_geometry_15,ok,0.5487804878048781,0.5487133720065447,2,82,41,15,15.0,9,pertrace_unsupervised_movement_signal,pertrace_tau15_embed9
monkeyM_session-o080404013-18_lfp-1,M,o080404013-18,1,movement,condition,torus_geometry_15,ok,0.3,0.28978401917231705,4,80,20,15,15.0,9,pertrace_unsupervised_movement_signal,pertrace_tau15_embed9
monkeyM_session-o080404013-18_lfp-1,M,o080404013-18,1,post_go,direction,torus_geometry_15,ok,0.5357142857142857,0.5356484762579731,2,84,42,15,15.0,9,pertrace_unsupervised_movement_signal,pertrace_tau15_embed9
monkeyM_session-o080404013-18_lfp-1,M,o080404013-18,1,post_go,delay,torus_geometry_15,ok,0.5121951219512195,0.5110316040548598,2,82,41,15,15.0,9,pertrace_unsupervised_movement_signal,pertrace_tau15_embed9
monkeyM_session-o080404013-18_lfp-1,M,o080404013-18,1,post_go,condition,torus_geometry_15,ok,0.3,0.29197537031948645,4,80,20,15,15.0,9,pertrace_unsupervised_movement_signal,pertrace_tau15_embed9
monkeyM_session-o080408001-4_lfp-1,M,o080408001-4,1,pre_go,direction,torus_geometry_15,ok,0.5113636363636364,0.509781059722762,2,88,44,15,15.0,9,pertrace_unsupervised_movement_signal,pertrace_tau15_embed9
monkeyM_session-o080408001-4_lfp-1,M,o080408001-4,1,pre_go,delay,torus_geometry_15,ok,0.5119047619047619,0.5112813963388676,2,84,42,15,15.0,9,pertrace_unsupervised_movement_signal,pertrace_tau15_embed9
monkeyM_session-o080408001-4_lfp-1,M,o080408001-4,1,pre_go,condition,torus_geometry_15,ok,0.2125,0.21474358974358973,4,80,20,15,15.0,9,pertrace_unsupervised_movement_signal,pertrace_tau15_embed9
monkeyM_session-o080408001-4_lfp-1,M,o080408001-4,1,peri_go,direction,torus_geometry_15,ok,0.6477272727272727,0.6454840805717998,2,88,44,15,15.0,9,pertrace_unsupervised_movement_signal,pertrace_tau15_embed9
monkeyM_session-o080408001-4_lfp-1,M,o080408001-4,1,peri_go,delay,torus_geometry_15,ok,0.6547619047619048,0.653534347887925,2,84,42,15,15.0,9,pertrace_unsupervised_movement_signal,pertrace_tau15_embed9
monkeyM_session-o080408001-4_lfp-1,M,o080408001-4,1,peri_go,condition,torus_geometry_15,ok,0.4625,0.4525891710984779,4,80,20,15,15.0,9,pertrace_unsupervised_movement_signal,pertrace_tau15_embed9
monkeyM_session-o080408001-4_lfp-1,M,o080408001-4,1,movement,direction,torus_geometry_15,ok,0.5,0.49974160206718343,2,88,44,15,15.0,9,pertrace_unsupervised_movement_signal,pertrace_tau15_embed9
monkeyM_session-o080408001-4_lfp-1,M,o080408001-4,1,movement,delay,torus_geometry_15,ok,0.6547619047619048,0.654320987654321,2,84,42,15,15.0,9,pertrace_unsupervised_movement_signal,pertrace_tau15_embed9
monkeyM_session-o080408001-4_lfp-1,M,o080408001-4,1,movement,condition,torus_geometry_15,ok,0.3125,0.31423444976076553,4,80,20,15,15.0,9,pertrace_unsupervised_movement_signal,pertrace_tau15_embed9
monkeyM_session-o080408001-4_lfp-1,M,o080408001-4,1,post_go,direction,torus_geometry_15,ok,0.5795454545454546,0.5794911532997546,2,88,44,15,15.0,9,pertrace_unsupervised_movement_signal,pertrace_tau15_embed9
monkeyM_session-o080408001-4_lfp-1,M,o080408001-4,1,post_go,delay,torus_geometry_15,ok,0.42857142857142855,0.42824730572887126,2,84,42,15,15.0,9,pertrace_unsupervised_movement_signal,pertrace_tau15_embed9
monkeyM_session-o080408001-4_lfp-1,M,o080408001-4,1,post_go,condition,torus_geometry_15,ok,0.2,0.2005988591354445,4,80,20,15,15.0,9,pertrace_unsupervised_movement_signal,pertrace_tau15_embed9
monkeyM_session-o080410001-7_lfp-1,M,o080410001-7,1,pre_go,direction,torus_geometry_15,ok,0.39655172413793105,0.39637228664882546,2,116,58,11,11.0,3,pertrace_unsupervised_movement_signal,pertrace_tau11_embed3
monkeyM_session-o080410001-7_lfp-1,M,o080410001-7,1,pre_go,delay,torus_geometry_15,ok,0.6982758620689655,0.6977142431687886,2,116,58,11,11.0,3,pertrace_unsupervised_movement_signal,pertrace_tau11_embed3
monkeyM_session-o080410001-7_lfp-1,M,o080410001-7,1,pre_go,condition,torus_geometry_15,ok,0.3125,0.3140859060092628,4,112,28,11,11.0,3,pertrace_unsupervised_movement_signal,pertrace_tau11_embed3
monkeyM_session-o080410001-7_lfp-1,M,o080410001-7,1,peri_go,direction,torus_geometry_15,ok,0.5603448275862069,0.5603121516164995,2,116,58,11,11.0,3,pertrace_unsupervised_movement_signal,pertrace_tau11_embed3
monkeyM_session-o080410001-7_lfp-1,M,o080410001-7,1,peri_go,delay,torus_geometry_15,ok,0.6120689655172413,0.6113468840741568,2,116,58,11,11.0,3,pertrace_unsupervised_movement_signal,pertrace_tau11_embed3
monkeyM_session-o080410001-7_lfp-1,M,o080410001-7,1,peri_go,condition,torus_geometry_15,ok,0.29464285714285715,0.2854444417063013,4,112,28,11,11.0,3,pertrace_unsupervised_movement_signal,pertrace_tau11_embed3
monkeyM_session-o080410001-7_lfp-1,M,o080410001-7,1,movement,direction,torus_geometry_15,ok,0.5517241379310345,0.5495818399044206,2,116,58,11,11.0,3,pertrace_unsupervised_movement_signal,pertrace_tau11_embed3
monkeyM_session-o080410001-7_lfp-1,M,o080410001-7,1,movement,delay,torus_geometry_15,ok,0.5086206896551724,0.5085841694537346,2,116,58,11,11.0,3,pertrace_unsupervised_movement_signal,pertrace_tau11_embed3
monkeyM_session-o080410001-7_lfp-1,M,o080410001-7,1,movement,condition,torus_geometry_15,ok,0.25,0.24861811517551846,4,112,28,11,11.0,3,pertrace_unsupervised_movement_signal,pertrace_tau11_embed3
monkeyM_session-o080410001-7_lfp-1,M,o080410001-7,1,post_go,direction,torus_geometry_15,ok,0.5689655172413793,0.5688373476063039,2,116,58,11,11.0,3,pertrace_unsupervised_movement_signal,pertrace_tau11_embed3
monkeyM_session-o080410001-7_lfp-1,M,o080410001-7,1,post_go,delay,torus_geometry_15,ok,0.4396551724137931,0.43861216588489316,2,116,58,11,11.0,3,pertrace_unsupervised_movement_signal,pertrace_tau11_embed3
monkeyM_session-o080410001-7_lfp-1,M,o080410001-7,1,post_go,condition,torus_geometry_15,ok,0.24107142857142858,0.24148417735931865,4,112,28,11,11.0,3,pertrace_unsupervised_movement_signal,pertrace_tau11_embed3
monkeyM_session-o080410001-7_lfp-2,M,o080410001-7,2,pre_go,direction,torus_geometry_15,ok,0.5,0.497610513739546,2,116,58,11,11.0,3,pertrace_unsupervised_movement_signal,pertrace_tau11_embed3
monkeyM_session-o080410001-7_lfp-2,M,o080410001-7,2,pre_go,delay,torus_geometry_15,ok,0.75,0.7495346586255678,2,116,58,11,11.0,3,pertrace_unsupervised_movement_signal,pertrace_tau11_embed3
monkeyM_session-o080410001-7_lfp-2,M,o080410001-7,2,pre_go,condition,torus_geometry_15,ok,0.42857142857142855,0.4304697124166348,4,112,28,11,11.0,3,pertrace_unsupervised_movement_signal,pertrace_tau11_embed3
monkeyM_session-o080410001-7_lfp-2,M,o080410001-7,2,peri_go,direction,torus_geometry_15,ok,0.5431034482758621,0.5422529967984513,2,116,58,11,11.0,3,pertrace_unsupervised_movement_signal,pertrace_tau11_embed3
monkeyM_session-o080410001-7_lfp-2,M,o080410001-7,2,peri_go,delay,torus_geometry_15,ok,0.6379310344827587,0.6375,2,116,58,11,11.0,3,pertrace_unsupervised_movement_signal,pertrace_tau11_embed3
monkeyM_session-o080410001-7_lfp-2,M,o080410001-7,2,peri_go,condition,torus_geometry_15,ok,0.29464285714285715,0.29202731630136347,4,112,28,11,11.0,3,pertrace_unsupervised_movement_signal,pertrace_tau11_embed3
monkeyM_session-o080410001-7_lfp-2,M,o080410001-7,2,movement,direction,torus_geometry_15,ok,0.46551724137931033,0.4648809523809524,2,116,58,11,11.0,3,pertrace_unsupervised_movement_signal,pertrace_tau11_embed3
monkeyM_session-o080410001-7_lfp-2,M,o080410001-7,2,movement,delay,torus_geometry_15,ok,0.4827586206896552,0.48260481712756464,2,116,58,11,11.0,3,pertrace_unsupervised_movement_signal,pertrace_tau11_embed3
monkeyM_session-o080410001-7_lfp-2,M,o080410001-7,2,movement,condition,torus_geometry_15,ok,0.21428571428571427,0.21278819266107402,4,112,28,11,11.0,3,pertrace_unsupervised_movement_signal,pertrace_tau11_embed3
monkeyM_session-o080410001-7_lfp-2,M,o080410001-7,2,post_go,direction,torus_geometry_15,ok,0.5172413793103449,0.5166666666666666,2,116,58,11,11.0,3,pertrace_unsupervised_movement_signal,pertrace_tau11_embed3
monkeyM_session-o080410001-7_lfp-2,M,o080410001-7,2,post_go,delay,torus_geometry_15,ok,0.49137931034482757,0.4895203997911539,2,116,58,11,11.0,3,pertrace_unsupervised_movement_signal,pertrace_tau11_embed3
monkeyM_session-o080410001-7_lfp-2,M,o080410001-7,2,post_go,condition,torus_geometry_15,ok,0.21428571428571427,0.2137037037037037,4,112,28,11,11.0,3,pertrace_unsupervised_movement_signal,pertrace_tau11_embed3
monkeyM_session-o080410008-13_lfp-1,M,o080410008-13,1,pre_go,direction,torus_geometry_15,ok,0.425,0.4249600666712966,2,120,60,10,10.0,3,pertrace_unsupervised_movement_signal,pertrace_tau10_embed3
monkeyM_session-o080410008-13_lfp-1,M,o080410008-13,1,pre_go,delay,torus_geometry_15,ok,0.7666666666666667,0.7666666666666667,2,120,60,10,10.0,3,pertrace_unsupervised_movement_signal,pertrace_tau10_embed3
monkeyM_session-o080410008-13_lfp-1,M,o080410008-13,1,pre_go,condition,torus_geometry_15,ok,0.38333333333333336,0.3845245855839077,4,120,30,10,10.0,3,pertrace_unsupervised_movement_signal,pertrace_tau10_embed3
monkeyM_session-o080410008-13_lfp-1,M,o080410008-13,1,peri_go,direction,torus_geometry_15,ok,0.45,0.4493882091212458,2,120,60,10,10.0,3,pertrace_unsupervised_movement_signal,pertrace_tau10_embed3
monkeyM_session-o080410008-13_lfp-1,M,o080410008-13,1,peri_go,delay,torus_geometry_15,ok,0.675,0.6744347826086956,2,120,60,10,10.0,3,pertrace_unsupervised_movement_signal,pertrace_tau10_embed3
monkeyM_session-o080410008-13_lfp-1,M,o080410008-13,1,peri_go,condition,torus_geometry_15,ok,0.38333333333333336,0.3805287606203407,4,120,30,10,10.0,3,pertrace_unsupervised_movement_signal,pertrace_tau10_embed3
monkeyM_session-o080410008-13_lfp-1,M,o080410008-13,1,movement,direction,torus_geometry_15,ok,0.4666666666666667,0.4666666666666667,2,120,60,10,10.0,3,pertrace_unsupervised_movement_signal,pertrace_tau10_embed3
monkeyM_session-o080410008-13_lfp-1,M,o080410008-13,1,movement,delay,torus_geometry_15,ok,0.6,0.5989974937343359,2,120,60,10,10.0,3,pertrace_unsupervised_movement_signal,pertrace_tau10_embed3
monkeyM_session-o080410008-13_lfp-1,M,o080410008-13,1,movement,condition,torus_geometry_15,ok,0.2916666666666667,0.2920150025413183,4,120,30,10,10.0,3,pertrace_unsupervised_movement_signal,pertrace_tau10_embed3
monkeyM_session-o080410008-13_lfp-1,M,o080410008-13,1,post_go,direction,torus_geometry_15,ok,0.4583333333333333,0.45648386871994984,2,120,60,10,10.0,3,pertrace_unsupervised_movement_signal,pertrace_tau10_embed3
monkeyM_session-o080410008-13_lfp-1,M,o080410008-13,1,post_go,delay,torus_geometry_15,ok,0.6083333333333333,0.6083061323703034,2,120,60,10,10.0,3,pertrace_unsupervised_movement_signal,pertrace_tau10_embed3
monkeyM_session-o080410008-13_lfp-1,M,o080410008-13,1,post_go,condition,torus_geometry_15,ok,0.35833333333333334,0.36053653731787094,4,120,30,10,10.0,3,pertrace_unsupervised_movement_signal,pertrace_tau10_embed3
monkeyM_session-o080410008-13_lfp-2,M,o080410008-13,2,pre_go,direction,torus_geometry_15,ok,0.4583333333333333,0.45799457994579945,2,120,60,12,12.0,3,pertrace_unsupervised_movement_signal,pertrace_tau12_embed3
monkeyM_session-o080410008-13_lfp-2,M,o080410008-13,2,pre_go,delay,torus_geometry_15,ok,0.7333333333333333,0.7330367074527253,2,120,60,12,12.0,3,pertrace_unsupervised_movement_signal,pertrace_tau12_embed3
monkeyM_session-o080410008-13_lfp-2,M,o080410008-13,2,pre_go,condition,torus_geometry_15,ok,0.4166666666666667,0.4160383547532712,4,120,30,12,12.0,3,pertrace_unsupervised_movement_signal,pertrace_tau12_embed3
monkeyM_session-o080410008-13_lfp-2,M,o080410008-13,2,peri_go,direction,torus_geometry_15,ok,0.425,0.4249600666712966,2,120,60,12,12.0,3,pertrace_unsupervised_movement_signal,pertrace_tau12_embed3
monkeyM_session-o080410008-13_lfp-2,M,o080410008-13,2,peri_go,delay,torus_geometry_15,ok,0.675,0.6749774289881242,2,120,60,12,12.0,3,pertrace_unsupervised_movement_signal,pertrace_tau12_embed3
monkeyM_session-o080410008-13_lfp-2,M,o080410008-13,2,peri_go,condition,torus_geometry_15,ok,0.30833333333333335,0.2994047619047619,4,120,30,12,12.0,3,pertrace_unsupervised_movement_signal,pertrace_tau12_embed3
monkeyM_session-o080410008-13_lfp-2,M,o080410008-13,2,movement,direction,torus_geometry_15,ok,0.4666666666666667,0.46651847735482077,2,120,60,12,12.0,3,pertrace_unsupervised_movement_signal,pertrace_tau12_embed3
monkeyM_session-o080410008-13_lfp-2,M,o080410008-13,2,movement,delay,torus_geometry_15,ok,0.6166666666666667,0.6166666666666667,2,120,60,12,12.0,3,pertrace_unsupervised_movement_signal,pertrace_tau12_embed3
monkeyM_session-o080410008-13_lfp-2,M,o080410008-13,2,movement,condition,torus_geometry_15,ok,0.24166666666666667,0.24184032601648603,4,120,30,12,12.0,3,pertrace_unsupervised_movement_signal,pertrace_tau12_embed3
monkeyM_session-o080410008-13_lfp-2,M,o080410008-13,2,post_go,direction,torus_geometry_15,ok,0.49166666666666664,0.4916313632891173,2,120,60,12,12.0,3,pertrace_unsupervised_movement_signal,pertrace_tau12_embed3
monkeyM_session-o080410008-13_lfp-2,M,o080410008-13,2,post_go,delay,torus_geometry_15,ok,0.5916666666666667,0.591411298728372,2,120,60,12,12.0,3,pertrace_unsupervised_movement_signal,pertrace_tau12_embed3
monkeyM_session-o080410008-13_lfp-2,M,o080410008-13,2,post_go,condition,torus_geometry_15,ok,0.35833333333333334,0.3564364445343311,4,120,30,12,12.0,3,pertrace_unsupervised_movement_signal,pertrace_tau12_embed3
monkeyM_session-o080410017-23_lfp-1,M,o080410017-23,1,pre_go,direction,torus_geometry_15,ok,0.4583333333333333,0.4562091503267974,2,96,48,10,10.0,3,pertrace_unsupervised_movement_signal,pertrace_tau10_embed3
monkeyM_session-o080410017-23_lfp-1,M,o080410017-23,1,pre_go,delay,torus_geometry_15,ok,0.6739130434782609,0.6737588652482269,2,92,46,10,10.0,3,pertrace_unsupervised_movement_signal,pertrace_tau10_embed3
monkeyM_session-o080410017-23_lfp-1,M,o080410017-23,1,pre_go,condition,torus_geometry_15,ok,0.35714285714285715,0.3535282336470405,4,84,21,10,10.0,3,pertrace_unsupervised_movement_signal,pertrace_tau10_embed3
monkeyM_session-o080410017-23_lfp-1,M,o080410017-23,1,peri_go,direction,torus_geometry_15,ok,0.4270833333333333,0.4255249700794255,2,96,48,10,10.0,3,pertrace_unsupervised_movement_signal,pertrace_tau10_embed3
monkeyM_session-o080410017-23_lfp-1,M,o080410017-23,1,peri_go,delay,torus_geometry_15,ok,0.5869565217391305,0.5851922164214522,2,92,46,10,10.0,3,pertrace_unsupervised_movement_signal,pertrace_tau10_embed3
monkeyM_session-o080410017-23_lfp-1,M,o080410017-23,1,peri_go,condition,torus_geometry_15,ok,0.15476190476190477,0.15397185533317126,4,84,21,10,10.0,3,pertrace_unsupervised_movement_signal,pertrace_tau10_embed3
monkeyM_session-o080410017-23_lfp-1,M,o080410017-23,1,movement,direction,torus_geometry_15,ok,0.53125,0.5311991318502441,2,96,48,10,10.0,3,pertrace_unsupervised_movement_signal,pertrace_tau10_embed3
monkeyM_session-o080410017-23_lfp-1,M,o080410017-23,1,movement,delay,torus_geometry_15,ok,0.4782608695652174,0.4772727272727273,2,92,46,10,10.0,3,pertrace_unsupervised_movement_signal,pertrace_tau10_embed3
monkeyM_session-o080410017-23_lfp-1,M,o080410017-23,1,movement,condition,torus_geometry_15,ok,0.34523809523809523,0.3431184668989547,4,84,21,10,10.0,3,pertrace_unsupervised_movement_signal,pertrace_tau10_embed3
monkeyM_session-o080410017-23_lfp-1,M,o080410017-23,1,post_go,direction,torus_geometry_15,ok,0.4270833333333333,0.4270211611502984,2,96,48,10,10.0,3,pertrace_unsupervised_movement_signal,pertrace_tau10_embed3
monkeyM_session-o080410017-23_lfp-1,M,o080410017-23,1,post_go,delay,torus_geometry_15,ok,0.41304347826086957,0.41276595744680855,2,92,46,10,10.0,3,pertrace_unsupervised_movement_signal,pertrace_tau10_embed3
monkeyM_session-o080410017-23_lfp-1,M,o080410017-23,1,post_go,condition,torus_geometry_15,ok,0.3333333333333333,0.3245652173913044,4,84,21,10,10.0,3,pertrace_unsupervised_movement_signal,pertrace_tau10_embed3
monkeyM_session-o080410017-23_lfp-2,M,o080410017-23,2,pre_go,direction,torus_geometry_15,ok,0.5208333333333334,0.5208333333333334,2,96,48,11,11.0,3,pertrace_unsupervised_movement_signal,pertrace_tau11_embed3
monkeyM_session-o080410017-23_lfp-2,M,o080410017-23,2,pre_go,delay,torus_geometry_15,ok,0.75,0.7497338852749853,2,92,46,11,11.0,3,pertrace_unsupervised_movement_signal,pertrace_tau11_embed3
monkeyM_session-o080410017-23_lfp-2,M,o080410017-23,2,pre_go,condition,torus_geometry_15,ok,0.38095238095238093,0.3720951371004393,4,84,21,11,11.0,3,pertrace_unsupervised_movement_signal,pertrace_tau11_embed3
monkeyM_session-o080410017-23_lfp-2,M,o080410017-23,2,peri_go,direction,torus_geometry_15,ok,0.4895833333333333,0.4890843923101988,2,96,48,11,11.0,3,pertrace_unsupervised_movement_signal,pertrace_tau11_embed3
monkeyM_session-o080410017-23_lfp-2,M,o080410017-23,2,peri_go,delay,torus_geometry_15,ok,0.45652173913043476,0.45652173913043476,2,92,46,11,11.0,3,pertrace_unsupervised_movement_signal,pertrace_tau11_embed3
monkeyM_session-o080410017-23_lfp-2,M,o080410017-23,2,peri_go,condition,torus_geometry_15,ok,0.25,0.23848942951932983,4,84,21,11,11.0,3,pertrace_unsupervised_movement_signal,pertrace_tau11_embed3
monkeyM_session-o080410017-23_lfp-2,M,o080410017-23,2,movement,direction,torus_geometry_15,ok,0.4166666666666667,0.41641337386018235,2,96,48,11,11.0,3,pertrace_unsupervised_movement_signal,pertrace_tau11_embed3
monkeyM_session-o080410017-23_lfp-2,M,o080410017-23,2,movement,delay,torus_geometry_15,ok,0.41304347826086957,0.4119318181818182,2,92,46,11,11.0,3,pertrace_unsupervised_movement_signal,pertrace_tau11_embed3
monkeyM_session-o080410017-23_lfp-2,M,o080410017-23,2,movement,condition,torus_geometry_15,ok,0.2261904761904762,0.22459239130434783,4,84,21,11,11.0,3,pertrace_unsupervised_movement_signal,pertrace_tau11_embed3
monkeyM_session-o080410017-23_lfp-2,M,o080410017-23,2,post_go,direction,torus_geometry_15,ok,0.4791666666666667,0.4791666666666667,2,96,48,11,11.0,3,pertrace_unsupervised_movement_signal,pertrace_tau11_embed3
monkeyM_session-o080410017-23_lfp-2,M,o080410017-23,2,post_go,delay,torus_geometry_15,ok,0.45652173913043476,0.4523809523809524,2,92,46,11,11.0,3,pertrace_unsupervised_movement_signal,pertrace_tau11_embed3
monkeyM_session-o080410017-23_lfp-2,M,o080410017-23,2,post_go,condition,torus_geometry_15,ok,0.25,0.25129871312884455,4,84,21,11,11.0,3,pertrace_unsupervised_movement_signal,pertrace_tau11_embed3
monkeyM_session-o080411001-6_lfp-2,M,o080411001-6,2,pre_go,direction,torus_geometry_15,ok,0.4574468085106383,0.4524271844660194,2,94,47,17,17.0,7,pertrace_unsupervised_movement_signal,pertrace_tau17_embed7
monkeyM_session-o080411001-6_lfp-2,M,o080411001-6,2,pre_go,delay,torus_geometry_15,ok,0.7872340425531915,0.7872340425531915,2,94,47,17,17.0,7,pertrace_unsupervised_movement_signal,pertrace_tau17_embed7
monkeyM_session-o080411001-6_lfp-2,M,o080411001-6,2,pre_go,condition,torus_geometry_15,ok,0.3977272727272727,0.3951543537174502,4,88,22,17,17.0,7,pertrace_unsupervised_movement_signal,pertrace_tau17_embed7
monkeyM_session-o080411001-6_lfp-2,M,o080411001-6,2,peri_go,direction,torus_geometry_15,ok,0.5319148936170213,0.5317028985507246,2,94,47,17,17.0,7,pertrace_unsupervised_movement_signal,pertrace_tau17_embed7
monkeyM_session-o080411001-6_lfp-2,M,o080411001-6,2,peri_go,delay,torus_geometry_15,ok,0.6382978723404256,0.6381340579710145,2,94,47,17,17.0,7,pertrace_unsupervised_movement_signal,pertrace_tau17_embed7
monkeyM_session-o080411001-6_lfp-2,M,o080411001-6,2,peri_go,condition,torus_geometry_15,ok,0.2840909090909091,0.2821427190223277,4,88,22,17,17.0,7,pertrace_unsupervised_movement_signal,pertrace_tau17_embed7
monkeyM_session-o080411001-6_lfp-2,M,o080411001-6,2,movement,direction,torus_geometry_15,ok,0.5106382978723404,0.5086363636363637,2,94,47,17,17.0,7,pertrace_unsupervised_movement_signal,pertrace_tau17_embed7
monkeyM_session-o080411001-6_lfp-2,M,o080411001-6,2,movement,delay,torus_geometry_15,ok,0.5957446808510638,0.5957446808510638,2,94,47,17,17.0,7,pertrace_unsupervised_movement_signal,pertrace_tau17_embed7
monkeyM_session-o080411001-6_lfp-2,M,o080411001-6,2,movement,condition,torus_geometry_15,ok,0.2727272727272727,0.27270170262769705,4,88,22,17,17.0,7,pertrace_unsupervised_movement_signal,pertrace_tau17_embed7
monkeyM_session-o080411001-6_lfp-2,M,o080411001-6,2,post_go,direction,torus_geometry_15,ok,0.5851063829787234,0.5812678469446031,2,94,47,17,17.0,7,pertrace_unsupervised_movement_signal,pertrace_tau17_embed7
monkeyM_session-o080411001-6_lfp-2,M,o080411001-6,2,post_go,delay,torus_geometry_15,ok,0.5531914893617021,0.5523809523809524,2,94,47,17,17.0,7,pertrace_unsupervised_movement_signal,pertrace_tau17_embed7
monkeyM_session-o080411001-6_lfp-2,M,o080411001-6,2,post_go,condition,torus_geometry_15,ok,0.26136363636363635,0.2617162181431646,4,88,22,17,17.0,7,pertrace_unsupervised_movement_signal,pertrace_tau17_embed7
monkeyM_session-o080411001-6_lfp-4,M,o080411001-6,4,pre_go,direction,torus_geometry_15,ok,0.46808510638297873,0.4678442028985507,2,94,47,17,17.0,7,pertrace_unsupervised_movement_signal,pertrace_tau17_embed7
monkeyM_session-o080411001-6_lfp-4,M,o080411001-6,4,pre_go,delay,torus_geometry_15,ok,0.723404255319149,0.7232789855072463,2,94,47,17,17.0,7,pertrace_unsupervised_movement_signal,pertrace_tau17_embed7
monkeyM_session-o080411001-6_lfp-4,M,o080411001-6,4,pre_go,condition,torus_geometry_15,ok,0.3522727272727273,0.3506962008029935,4,88,22,17,17.0,7,pertrace_unsupervised_movement_signal,pertrace_tau17_embed7
monkeyM_session-o080411001-6_lfp-4,M,o080411001-6,4,peri_go,direction,torus_geometry_15,ok,0.6276595744680851,0.6255832479799704,2,94,47,17,17.0,7,pertrace_unsupervised_movement_signal,pertrace_tau17_embed7
monkeyM_session-o080411001-6_lfp-4,M,o080411001-6,4,peri_go,delay,torus_geometry_15,ok,0.6382978723404256,0.637641723356009,2,94,47,17,17.0,7,pertrace_unsupervised_movement_signal,pertrace_tau17_embed7
monkeyM_session-o080411001-6_lfp-4,M,o080411001-6,4,peri_go,condition,torus_geometry_15,ok,0.3409090909090909,0.3397796352583587,4,88,22,17,17.0,7,pertrace_unsupervised_movement_signal,pertrace_tau17_embed7
monkeyM_session-o080411001-6_lfp-4,M,o080411001-6,4,movement,direction,torus_geometry_15,ok,0.6702127659574468,0.6701754385964912,2,94,47,17,17.0,7,pertrace_unsupervised_movement_signal,pertrace_tau17_embed7
monkeyM_session-o080411001-6_lfp-4,M,o080411001-6,4,movement,delay,torus_geometry_15,ok,0.5425531914893617,0.542501414827391,2,94,47,17,17.0,7,pertrace_unsupervised_movement_signal,pertrace_tau17_embed7
monkeyM_session-o080411001-6_lfp-4,M,o080411001-6,4,movement,condition,torus_geometry_15,ok,0.2840909090909091,0.28150799641458696,4,88,22,17,17.0,7,pertrace_unsupervised_movement_signal,pertrace_tau17_embed7
monkeyM_session-o080411001-6_lfp-4,M,o080411001-6,4,post_go,direction,torus_geometry_15,ok,0.574468085106383,0.5713634290925672,2,94,47,17,17.0,7,pertrace_unsupervised_movement_signal,pertrace_tau17_embed7
monkeyM_session-o080411001-6_lfp-4,M,o080411001-6,4,post_go,delay,torus_geometry_15,ok,0.5638297872340425,0.5625922142776075,2,94,47,17,17.0,7,pertrace_unsupervised_movement_signal,pertrace_tau17_embed7
monkeyM_session-o080411001-6_lfp-4,M,o080411001-6,4,post_go,condition,torus_geometry_15,ok,0.29545454545454547,0.27901785714285715,4,88,22,17,17.0,7,pertrace_unsupervised_movement_signal,pertrace_tau17_embed7
monkeyM_session-o080411007-14_lfp-1,M,o080411007-14,1,pre_go,direction,torus_geometry_15,ok,0.5952380952380952,0.5952380952380952,2,84,42,17,17.0,9,pertrace_unsupervised_movement_signal,pertrace_tau17_embed9
monkeyM_session-o080411007-14_lfp-1,M,o080411007-14,1,pre_go,delay,torus_geometry_15,ok,0.7195121951219512,0.7174531835205993,2,82,41,17,17.0,9,pertrace_unsupervised_movement_signal,pertrace_tau17_embed9
monkeyM_session-o080411007-14_lfp-1,M,o080411007-14,1,pre_go,condition,torus_geometry_15,ok,0.4,0.39812241673602394,4,80,20,17,17.0,9,pertrace_unsupervised_movement_signal,pertrace_tau17_embed9
monkeyM_session-o080411007-14_lfp-1,M,o080411007-14,1,peri_go,direction,torus_geometry_15,ok,0.4523809523809524,0.4523809523809524,2,84,42,17,17.0,9,pertrace_unsupervised_movement_signal,pertrace_tau17_embed9
monkeyM_session-o080411007-14_lfp-1,M,o080411007-14,1,peri_go,delay,torus_geometry_15,ok,0.4146341463414634,0.4132379248658319,2,82,41,17,17.0,9,pertrace_unsupervised_movement_signal,pertrace_tau17_embed9
monkeyM_session-o080411007-14_lfp-1,M,o080411007-14,1,peri_go,condition,torus_geometry_15,ok,0.2375,0.23872180451127817,4,80,20,17,17.0,9,pertrace_unsupervised_movement_signal,pertrace_tau17_embed9
monkeyM_session-o080411007-14_lfp-1,M,o080411007-14,1,movement,direction,torus_geometry_15,ok,0.5714285714285714,0.5714285714285714,2,84,42,17,17.0,9,pertrace_unsupervised_movement_signal,pertrace_tau17_embed9
monkeyM_session-o080411007-14_lfp-1,M,o080411007-14,1,movement,delay,torus_geometry_15,ok,0.6219512195121951,0.6214445271779598,2,82,41,17,17.0,9,pertrace_unsupervised_movement_signal,pertrace_tau17_embed9
monkeyM_session-o080411007-14_lfp-1,M,o080411007-14,1,movement,condition,torus_geometry_15,ok,0.3625,0.35508621650838895,4,80,20,17,17.0,9,pertrace_unsupervised_movement_signal,pertrace_tau17_embed9
monkeyM_session-o080411007-14_lfp-1,M,o080411007-14,1,post_go,direction,torus_geometry_15,ok,0.6190476190476191,0.6170940170940171,2,84,42,17,17.0,9,pertrace_unsupervised_movement_signal,pertrace_tau17_embed9
monkeyM_session-o080411007-14_lfp-1,M,o080411007-14,1,post_go,delay,torus_geometry_15,ok,0.5975609756097561,0.5975011155734047,2,82,41,17,17.0,9,pertrace_unsupervised_movement_signal,pertrace_tau17_embed9
monkeyM_session-o080411007-14_lfp-1,M,o080411007-14,1,post_go,condition,torus_geometry_15,ok,0.3125,0.3030910609857978,4,80,20,17,17.0,9,pertrace_unsupervised_movement_signal,pertrace_tau17_embed9
monkeyM_session-o080415001-7_lfp-1,M,o080415001-7,1,pre_go,direction,torus_geometry_15,ok,0.6428571428571429,0.6426545660805445,2,84,42,16,16.0,7,pertrace_unsupervised_movement_signal,pertrace_tau16_embed7
monkeyM_session-o080415001-7_lfp-1,M,o080415001-7,1,pre_go,delay,torus_geometry_15,ok,0.5681818181818182,0.5672877846790891,2,88,44,16,16.0,7,pertrace_unsupervised_movement_signal,pertrace_tau16_embed7
monkeyM_session-o080415001-7_lfp-1,M,o080415001-7,1,pre_go,condition,torus_geometry_15,ok,0.32142857142857145,0.31524474303238453,4,84,21,16,16.0,7,pertrace_unsupervised_movement_signal,pertrace_tau16_embed7
monkeyM_session-o080415001-7_lfp-1,M,o080415001-7,1,peri_go,direction,torus_geometry_15,ok,0.5833333333333334,0.5828011919965943,2,84,42,16,16.0,7,pertrace_unsupervised_movement_signal,pertrace_tau16_embed7
monkeyM_session-o080415001-7_lfp-1,M,o080415001-7,1,peri_go,delay,torus_geometry_15,ok,0.5909090909090909,0.5906976744186047,2,88,44,16,16.0,7,pertrace_unsupervised_movement_signal,pertrace_tau16_embed7
monkeyM_session-o080415001-7_lfp-1,M,o080415001-7,1,peri_go,condition,torus_geometry_15,ok,0.3333333333333333,0.3333333333333333,4,84,21,16,16.0,7,pertrace_unsupervised_movement_signal,pertrace_tau16_embed7
monkeyM_session-o080415001-7_lfp-1,M,o080415001-7,1,movement,direction,torus_geometry_15,ok,0.4880952380952381,0.4880226789510985,2,84,42,16,16.0,7,pertrace_unsupervised_movement_signal,pertrace_tau16_embed7
monkeyM_session-o080415001-7_lfp-1,M,o080415001-7,1,movement,delay,torus_geometry_15,ok,0.45454545454545453,0.4542635658914729,2,88,44,16,16.0,7,pertrace_unsupervised_movement_signal,pertrace_tau16_embed7
monkeyM_session-o080415001-7_lfp-1,M,o080415001-7,1,movement,condition,torus_geometry_15,ok,0.25,0.2466404531621923,4,84,21,16,16.0,7,pertrace_unsupervised_movement_signal,pertrace_tau16_embed7
monkeyM_session-o080415001-7_lfp-1,M,o080415001-7,1,post_go,direction,torus_geometry_15,ok,0.5595238095238095,0.5589612601106854,2,84,42,16,16.0,7,pertrace_unsupervised_movement_signal,pertrace_tau16_embed7
monkeyM_session-o080415001-7_lfp-1,M,o080415001-7,1,post_go,delay,torus_geometry_15,ok,0.5681818181818182,0.5672877846790891,2,88,44,16,16.0,7,pertrace_unsupervised_movement_signal,pertrace_tau16_embed7
monkeyM_session-o080415001-7_lfp-1,M,o080415001-7,1,post_go,condition,torus_geometry_15,ok,0.23809523809523808,0.23206872716500446,4,84,21,16,16.0,7,pertrace_unsupervised_movement_signal,pertrace_tau16_embed7
monkeyM_session-o080415008-14_lfp-1,M,o080415008-14,1,pre_go,direction,torus_geometry_15,ok,0.46,0.45978391356542614,2,100,50,19,19.0,5,pertrace_unsupervised_movement_signal,pertrace_tau19_embed5
monkeyM_session-o080415008-14_lfp-1,M,o080415008-14,1,pre_go,delay,torus_geometry_15,ok,0.6,0.5998399359743898,2,100,50,19,19.0,5,pertrace_unsupervised_movement_signal,pertrace_tau19_embed5
monkeyM_session-o080415008-14_lfp-1,M,o080415008-14,1,pre_go,condition,torus_geometry_15,ok,0.29,0.27576419937075675,4,100,25,19,19.0,5,pertrace_unsupervised_movement_signal,pertrace_tau19_embed5
monkeyM_session-o080415008-14_lfp-1,M,o080415008-14,1,peri_go,direction,torus_geometry_15,ok,0.45,0.4472917294744247,2,100,50,19,19.0,5,pertrace_unsupervised_movement_signal,pertrace_tau19_embed5
monkeyM_session-o080415008-14_lfp-1,M,o080415008-14,1,peri_go,delay,torus_geometry_15,ok,0.61,0.60996099609961,2,100,50,19,19.0,5,pertrace_unsupervised_movement_signal,pertrace_tau19_embed5
monkeyM_session-o080415008-14_lfp-1,M,o080415008-14,1,peri_go,condition,torus_geometry_15,ok,0.34,0.33995040323821835,4,100,25,19,19.0,5,pertrace_unsupervised_movement_signal,pertrace_tau19_embed5
monkeyM_session-o080415008-14_lfp-1,M,o080415008-14,1,movement,direction,torus_geometry_15,ok,0.58,0.5798319327731092,2,100,50,19,19.0,5,pertrace_unsupervised_movement_signal,pertrace_tau19_embed5
monkeyM_session-o080415008-14_lfp-1,M,o080415008-14,1,movement,delay,torus_geometry_15,ok,0.58,0.5798319327731092,2,100,50,19,19.0,5,pertrace_unsupervised_movement_signal,pertrace_tau19_embed5
monkeyM_session-o080415008-14_lfp-1,M,o080415008-14,1,movement,condition,torus_geometry_15,ok,0.38,0.37291412291412296,4,100,25,19,19.0,5,pertrace_unsupervised_movement_signal,pertrace_tau19_embed5
monkeyM_session-o080415008-14_lfp-1,M,o080415008-14,1,post_go,direction,torus_geometry_15,ok,0.52,0.5192307692307692,2,100,50,19,19.0,5,pertrace_unsupervised_movement_signal,pertrace_tau19_embed5
monkeyM_session-o080415008-14_lfp-1,M,o080415008-14,1,post_go,delay,torus_geometry_15,ok,0.54,0.54,2,100,50,19,19.0,5,pertrace_unsupervised_movement_signal,pertrace_tau19_embed5
monkeyM_session-o080415008-14_lfp-1,M,o080415008-14,1,post_go,condition,torus_geometry_15,ok,0.38,0.3651290750598257,4,100,25,19,19.0,5,pertrace_unsupervised_movement_signal,pertrace_tau19_embed5
monkeyM_session-o080416002-18_lfp-1,M,o080416002-18,1,pre_go,direction,torus_geometry_15,ok,0.1423611111111111,0.14022567310251569,6,288,48,60,60.0,7,pertrace_unsupervised_movement_signal,pertrace_tau60_embed7
monkeyM_session-o080416002-18_lfp-1,M,o080416002-18,1,pre_go,delay,torus_geometry_15,ok,0.7847222222222222,0.7840557275541795,2,288,144,60,60.0,7,pertrace_unsupervised_movement_signal,pertrace_tau60_embed7
monkeyM_session-o080416002-18_lfp-1,M,o080416002-18,1,pre_go,condition,torus_geometry_15,ok,0.13541666666666666,0.1223924724922182,12,288,24,60,60.0,7,pertrace_unsupervised_movement_signal,pertrace_tau60_embed7
monkeyM_session-o080416002-18_lfp-1,M,o080416002-18,1,peri_go,direction,torus_geometry_15,ok,0.13541666666666666,0.12953186191933747,6,288,48,60,60.0,7,pertrace_unsupervised_movement_signal,pertrace_tau60_embed7
monkeyM_session-o080416002-18_lfp-1,M,o080416002-18,1,peri_go,delay,torus_geometry_15,ok,0.6180555555555556,0.6126571135129848,2,288,144,60,60.0,7,pertrace_unsupervised_movement_signal,pertrace_tau60_embed7
monkeyM_session-o080416002-18_lfp-1,M,o080416002-18,1,peri_go,condition,torus_geometry_15,ok,0.06597222222222222,0.06569233946019158,12,288,24,60,60.0,7,pertrace_unsupervised_movement_signal,pertrace_tau60_embed7
monkeyM_session-o080416002-18_lfp-1,M,o080416002-18,1,movement,direction,torus_geometry_15,ok,0.2326388888888889,0.2269260231214357,6,288,48,60,60.0,7,pertrace_unsupervised_movement_signal,pertrace_tau60_embed7
monkeyM_session-o080416002-18_lfp-1,M,o080416002-18,1,movement,delay,torus_geometry_15,ok,0.5416666666666666,0.5416666666666666,2,288,144,60,60.0,7,pertrace_unsupervised_movement_signal,pertrace_tau60_embed7
monkeyM_session-o080416002-18_lfp-1,M,o080416002-18,1,movement,condition,torus_geometry_15,ok,0.1111111111111111,0.10293580733868839,12,288,24,60,60.0,7,pertrace_unsupervised_movement_signal,pertrace_tau60_embed7
monkeyM_session-o080416002-18_lfp-1,M,o080416002-18,1,post_go,direction,torus_geometry_15,ok,0.22916666666666666,0.22305790056971586,6,288,48,60,60.0,7,pertrace_unsupervised_movement_signal,pertrace_tau60_embed7
monkeyM_session-o080416002-18_lfp-1,M,o080416002-18,1,post_go,delay,torus_geometry_15,ok,0.5729166666666666,0.57204469948656,2,288,144,60,60.0,7,pertrace_unsupervised_movement_signal,pertrace_tau60_embed7
monkeyM_session-o080416002-18_lfp-1,M,o080416002-18,1,post_go,condition,torus_geometry_15,ok,0.14583333333333334,0.132913352831476,12,288,24,60,60.0,7,pertrace_unsupervised_movement_signal,pertrace_tau60_embed7
monkeyM_session-o080416002-18_lfp-2,M,o080416002-18,2,pre_go,direction,torus_geometry_15,ok,0.1875,0.1772213324123605,6,288,48,52,52.0,9,pertrace_unsupervised_movement_signal,pertrace_tau52_embed9
monkeyM_session-o080416002-18_lfp-2,M,o080416002-18,2,pre_go,delay,torus_geometry_15,ok,0.6597222222222222,0.6596565695543122,2,288,144,52,52.0,9,pertrace_unsupervised_movement_signal,pertrace_tau52_embed9
monkeyM_session-o080416002-18_lfp-2,M,o080416002-18,2,pre_go,condition,torus_geometry_15,ok,0.09722222222222222,0.0966033324274053,12,288,24,52,52.0,9,pertrace_unsupervised_movement_signal,pertrace_tau52_embed9
monkeyM_session-o080416002-18_lfp-2,M,o080416002-18,2,peri_go,direction,torus_geometry_15,ok,0.1597222222222222,0.1534052841185158,6,288,48,52,52.0,9,pertrace_unsupervised_movement_signal,pertrace_tau52_embed9
monkeyM_session-o080416002-18_lfp-2,M,o080416002-18,2,peri_go,delay,torus_geometry_15,ok,0.5902777777777778,0.5897832069914538,2,288,144,52,52.0,9,pertrace_unsupervised_movement_signal,pertrace_tau52_embed9
monkeyM_session-o080416002-18_lfp-2,M,o080416002-18,2,peri_go,condition,torus_geometry_15,ok,0.0763888888888889,0.06893481403708512,12,288,24,52,52.0,9,pertrace_unsupervised_movement_signal,pertrace_tau52_embed9
monkeyM_session-o080416002-18_lfp-2,M,o080416002-18,2,movement,direction,torus_geometry_15,ok,0.16319444444444445,0.16089810451599942,6,288,48,52,52.0,9,pertrace_unsupervised_movement_signal,pertrace_tau52_embed9
monkeyM_session-o080416002-18_lfp-2,M,o080416002-18,2,movement,delay,torus_geometry_15,ok,0.5902777777777778,0.5897832069914538,2,288,144,52,52.0,9,pertrace_unsupervised_movement_signal,pertrace_tau52_embed9
monkeyM_session-o080416002-18_lfp-2,M,o080416002-18,2,movement,condition,torus_geometry_15,ok,0.08333333333333333,0.07203118336476379,12,288,24,52,52.0,9,pertrace_unsupervised_movement_signal,pertrace_tau52_embed9
monkeyM_session-o080416002-18_lfp-2,M,o080416002-18,2,post_go,direction,torus_geometry_15,ok,0.14583333333333334,0.1447011457780956,6,288,48,52,52.0,9,pertrace_unsupervised_movement_signal,pertrace_tau52_embed9
monkeyM_session-o080416002-18_lfp-2,M,o080416002-18,2,post_go,delay,torus_geometry_15,ok,0.5659722222222222,0.5655479526447269,2,288,144,52,52.0,9,pertrace_unsupervised_movement_signal,pertrace_tau52_embed9
monkeyM_session-o080416002-18_lfp-2,M,o080416002-18,2,post_go,condition,torus_geometry_15,ok,0.1076388888888889,0.09586184725563596,12,288,24,52,52.0,9,pertrace_unsupervised_movement_signal,pertrace_tau52_embed9
monkeyM_session-o080417003-14_lfp-1,M,o080417003-14,1,pre_go,direction,torus_geometry_15,ok,0.18292682926829268,0.16806056383364507,6,246,41,10,10.0,7,pertrace_unsupervised_movement_signal,pertrace_tau10_embed7
monkeyM_session-o080417003-14_lfp-1,M,o080417003-14,1,pre_go,delay,torus_geometry_15,ok,0.627906976744186,0.6278175151770151,2,258,129,10,10.0,7,pertrace_unsupervised_movement_signal,pertrace_tau10_embed7
monkeyM_session-o080417003-14_lfp-1,M,o080417003-14,1,pre_go,condition,torus_geometry_15,ok,0.11666666666666667,0.10638535419829248,12,240,20,10,10.0,7,pertrace_unsupervised_movement_signal,pertrace_tau10_embed7
monkeyM_session-o080417003-14_lfp-1,M,o080417003-14,1,peri_go,direction,torus_geometry_15,ok,0.17886178861788618,0.1770352765667446,6,246,41,10,10.0,7,pertrace_unsupervised_movement_signal,pertrace_tau10_embed7
monkeyM_session-o080417003-14_lfp-1,M,o080417003-14,1,peri_go,delay,torus_geometry_15,ok,0.686046511627907,0.6854747678461237,2,258,129,10,10.0,7,pertrace_unsupervised_movement_signal,pertrace_tau10_embed7
monkeyM_session-o080417003-14_lfp-1,M,o080417003-14,1,peri_go,condition,torus_geometry_15,ok,0.10833333333333334,0.10384312143470582,12,240,20,10,10.0,7,pertrace_unsupervised_movement_signal,pertrace_tau10_embed7
monkeyM_session-o080417003-14_lfp-1,M,o080417003-14,1,movement,direction,torus_geometry_15,ok,0.14227642276422764,0.14318295045166227,6,246,41,10,10.0,7,pertrace_unsupervised_movement_signal,pertrace_tau10_embed7
monkeyM_session-o080417003-14_lfp-1,M,o080417003-14,1,movement,delay,torus_geometry_15,ok,0.5813953488372093,0.5813701923076924,2,258,129,10,10.0,7,pertrace_unsupervised_movement_signal,pertrace_tau10_embed7
monkeyM_session-o080417003-14_lfp-1,M,o080417003-14,1,movement,condition,torus_geometry_15,ok,0.1125,0.1022476714858913,12,240,20,10,10.0,7,pertrace_unsupervised_movement_signal,pertrace_tau10_embed7
monkeyM_session-o080417003-14_lfp-1,M,o080417003-14,1,post_go,direction,torus_geometry_15,ok,0.17479674796747968,0.1698391089148125,6,246,41,10,10.0,7,pertrace_unsupervised_movement_signal,pertrace_tau10_embed7
monkeyM_session-o080417003-14_lfp-1,M,o080417003-14,1,post_go,delay,torus_geometry_15,ok,0.6395348837209303,0.6393994499466478,2,258,129,10,10.0,7,pertrace_unsupervised_movement_signal,pertrace_tau10_embed7
monkeyM_session-o080417003-14_lfp-1,M,o080417003-14,1,post_go,condition,torus_geometry_15,ok,0.10416666666666667,0.09109104513349138,12,240,20,10,10.0,7,pertrace_unsupervised_movement_signal,pertrace_tau10_embed7
monkeyM_session-o080417003-14_lfp-4,M,o080417003-14,4,pre_go,direction,torus_geometry_15,ok,0.15853658536585366,0.15438385022764758,6,246,41,11,11.0,9,pertrace_unsupervised_movement_signal,pertrace_tau11_embed9
monkeyM_session-o080417003-14_lfp-4,M,o080417003-14,4,pre_go,delay,torus_geometry_15,ok,0.6007751937984496,0.600625197252739,2,258,129,11,11.0,9,pertrace_unsupervised_movement_signal,pertrace_tau11_embed9
monkeyM_session-o080417003-14_lfp-4,M,o080417003-14,4,pre_go,condition,torus_geometry_15,ok,0.13333333333333333,0.12466837737416599,12,240,20,11,11.0,9,pertrace_unsupervised_movement_signal,pertrace_tau11_embed9
monkeyM_session-o080417003-14_lfp-4,M,o080417003-14,4,peri_go,direction,torus_geometry_15,ok,0.13821138211382114,0.12944258141441242,6,246,41,11,11.0,9,pertrace_unsupervised_movement_signal,pertrace_tau11_embed9
monkeyM_session-o080417003-14_lfp-4,M,o080417003-14,4,peri_go,delay,torus_geometry_15,ok,0.6201550387596899,0.6197894736842104,2,258,129,11,11.0,9,pertrace_unsupervised_movement_signal,pertrace_tau11_embed9
monkeyM_session-o080417003-14_lfp-4,M,o080417003-14,4,peri_go,condition,torus_geometry_15,ok,0.09166666666666666,0.08512190905916898,12,240,20,11,11.0,9,pertrace_unsupervised_movement_signal,pertrace_tau11_embed9
monkeyM_session-o080417003-14_lfp-4,M,o080417003-14,4,movement,direction,torus_geometry_15,ok,0.15853658536585366,0.1493635720862055,6,246,41,11,11.0,9,pertrace_unsupervised_movement_signal,pertrace_tau11_embed9
monkeyM_session-o080417003-14_lfp-4,M,o080417003-14,4,movement,delay,torus_geometry_15,ok,0.5581395348837209,0.5574747231584015,2,258,129,11,11.0,9,pertrace_unsupervised_movement_signal,pertrace_tau11_embed9
monkeyM_session-o080417003-14_lfp-4,M,o080417003-14,4,movement,condition,torus_geometry_15,ok,0.10833333333333334,0.10496670893083364,12,240,20,11,11.0,9,pertrace_unsupervised_movement_signal,pertrace_tau11_embed9
monkeyM_session-o080417003-14_lfp-4,M,o080417003-14,4,post_go,direction,torus_geometry_15,ok,0.17479674796747968,0.1709463759774625,6,246,41,11,11.0,9,pertrace_unsupervised_movement_signal,pertrace_tau11_embed9
monkeyM_session-o080417003-14_lfp-4,M,o080417003-14,4,post_go,delay,torus_geometry_15,ok,0.5736434108527132,0.5736177884615384,2,258,129,11,11.0,9,pertrace_unsupervised_movement_signal,pertrace_tau11_embed9
monkeyM_session-o080417003-14_lfp-4,M,o080417003-14,4,post_go,condition,torus_geometry_15,ok,0.14583333333333334,0.142806740888381,12,240,20,11,11.0,9,pertrace_unsupervised_movement_signal,pertrace_tau11_embed9
monkeyM_session-o080422011-21_lfp-2,M,o080422011-21,2,pre_go,direction,torus_geometry_15,ok,0.15833333333333333,0.15404780030631102,6,240,40,29,29.0,7,pertrace_unsupervised_movement_signal,pertrace_tau29_embed7
monkeyM_session-o080422011-21_lfp-2,M,o080422011-21,2,pre_go,delay,torus_geometry_15,ok,0.6030534351145038,0.6024743230625584,2,262,131,29,29.0,7,pertrace_unsupervised_movement_signal,pertrace_tau29_embed7
monkeyM_session-o080422011-21_lfp-2,M,o080422011-21,2,pre_go,condition,torus_geometry_15,ok,0.14166666666666666,0.1321716051986348,12,240,20,29,29.0,7,pertrace_unsupervised_movement_signal,pertrace_tau29_embed7
monkeyM_session-o080422011-21_lfp-2,M,o080422011-21,2,peri_go,direction,torus_geometry_15,ok,0.175,0.164935069428157,6,240,40,29,29.0,7,pertrace_unsupervised_movement_signal,pertrace_tau29_embed7
monkeyM_session-o080422011-21_lfp-2,M,o080422011-21,2,peri_go,delay,torus_geometry_15,ok,0.6297709923664122,0.6295065237991107,2,262,131,29,29.0,7,pertrace_unsupervised_movement_signal,pertrace_tau29_embed7
monkeyM_session-o080422011-21_lfp-2,M,o080422011-21,2,peri_go,condition,torus_geometry_15,ok,0.1,0.08273401658363473,12,240,20,29,29.0,7,pertrace_unsupervised_movement_signal,pertrace_tau29_embed7
monkeyM_session-o080422011-21_lfp-2,M,o080422011-21,2,movement,direction,torus_geometry_15,ok,0.17083333333333334,0.15531324503185748,6,240,40,29,29.0,7,pertrace_unsupervised_movement_signal,pertrace_tau29_embed7
monkeyM_session-o080422011-21_lfp-2,M,o080422011-21,2,movement,delay,torus_geometry_15,ok,0.583969465648855,0.583914912216799,2,262,131,29,29.0,7,pertrace_unsupervised_movement_signal,pertrace_tau29_embed7
monkeyM_session-o080422011-21_lfp-2,M,o080422011-21,2,movement,condition,torus_geometry_15,ok,0.10833333333333334,0.10368821015128639,12,240,20,29,29.0,7,pertrace_unsupervised_movement_signal,pertrace_tau29_embed7
monkeyM_session-o080422011-21_lfp-2,M,o080422011-21,2,post_go,direction,torus_geometry_15,ok,0.2375,0.2215420036286477,6,240,40,29,29.0,7,pertrace_unsupervised_movement_signal,pertrace_tau29_embed7
monkeyM_session-o080422011-21_lfp-2,M,o080422011-21,2,post_go,delay,torus_geometry_15,ok,0.5343511450381679,0.5343240093240094,2,262,131,29,29.0,7,pertrace_unsupervised_movement_signal,pertrace_tau29_embed7
monkeyM_session-o080422011-21_lfp-2,M,o080422011-21,2,post_go,condition,torus_geometry_15,ok,0.06666666666666667,0.060704366037920225,12,240,20,29,29.0,7,pertrace_unsupervised_movement_signal,pertrace_tau29_embed7
monkeyM_session-o080423001-5_lfp-6,M,o080423001-5,6,pre_go,direction,torus_geometry_15,ok,0.11428571428571428,0.10882700321809881,6,210,35,41,41.0,7,pertrace_unsupervised_movement_signal,pertrace_tau41_embed7
monkeyM_session-o080423001-5_lfp-6,M,o080423001-5,6,pre_go,delay,torus_geometry_15,ok,0.7184466019417476,0.718420060331825,2,206,103,41,41.0,7,pertrace_unsupervised_movement_signal,pertrace_tau41_embed7
monkeyM_session-o080423001-5_lfp-6,M,o080423001-5,6,pre_go,condition,torus_geometry_15,ok,0.08333333333333333,0.07162014230979749,12,180,15,41,41.0,7,pertrace_unsupervised_movement_signal,pertrace_tau41_embed7
monkeyM_session-o080423001-5_lfp-6,M,o080423001-5,6,peri_go,direction,torus_geometry_15,ok,0.1761904761904762,0.16961685823754788,6,210,35,41,41.0,7,pertrace_unsupervised_movement_signal,pertrace_tau41_embed7
monkeyM_session-o080423001-5_lfp-6,M,o080423001-5,6,peri_go,delay,torus_geometry_15,ok,0.6747572815533981,0.6734568339366409,2,206,103,41,41.0,7,pertrace_unsupervised_movement_signal,pertrace_tau41_embed7
monkeyM_session-o080423001-5_lfp-6,M,o080423001-5,6,peri_go,condition,torus_geometry_15,ok,0.1111111111111111,0.10298409794539826,12,180,15,41,41.0,7,pertrace_unsupervised_movement_signal,pertrace_tau41_embed7
monkeyM_session-o080423001-5_lfp-6,M,o080423001-5,6,movement,direction,torus_geometry_15,ok,0.2904761904761905,0.2889999110734393,6,210,35,41,41.0,7,pertrace_unsupervised_movement_signal,pertrace_tau41_embed7
monkeyM_session-o080423001-5_lfp-6,M,o080423001-5,6,movement,delay,torus_geometry_15,ok,0.5242718446601942,0.5242269984917044,2,206,103,41,41.0,7,pertrace_unsupervised_movement_signal,pertrace_tau41_embed7
monkeyM_session-o080423001-5_lfp-6,M,o080423001-5,6,movement,condition,torus_geometry_15,ok,0.12777777777777777,0.12443780328017172,12,180,15,41,41.0,7,pertrace_unsupervised_movement_signal,pertrace_tau41_embed7
monkeyM_session-o080423001-5_lfp-6,M,o080423001-5,6,post_go,direction,torus_geometry_15,ok,0.20952380952380953,0.20855028176120452,6,210,35,41,41.0,7,pertrace_unsupervised_movement_signal,pertrace_tau41_embed7
monkeyM_session-o080423001-5_lfp-6,M,o080423001-5,6,post_go,delay,torus_geometry_15,ok,0.4223300970873786,0.4216623021209333,2,206,103,41,41.0,7,pertrace_unsupervised_movement_signal,pertrace_tau41_embed7
monkeyM_session-o080423001-5_lfp-6,M,o080423001-5,6,post_go,condition,torus_geometry_15,ok,0.08888888888888889,0.07973550444750384,12,180,15,41,41.0,7,pertrace_unsupervised_movement_signal,pertrace_tau41_embed7
monkeyM_session-o080423001-5_lfp-8,M,o080423001-5,8,pre_go,direction,torus_geometry_15,ok,0.15714285714285714,0.15345223948165124,6,210,35,41,41.0,7,pertrace_unsupervised_movement_signal,pertrace_tau41_embed7
monkeyM_session-o080423001-5_lfp-8,M,o080423001-5,8,pre_go,delay,torus_geometry_15,ok,0.7524271844660194,0.7521409866232571,2,206,103,41,41.0,7,pertrace_unsupervised_movement_signal,pertrace_tau41_embed7
monkeyM_session-o080423001-5_lfp-8,M,o080423001-5,8,pre_go,condition,torus_geometry_15,ok,0.09444444444444444,0.09068389879006807,12,180,15,41,41.0,7,pertrace_unsupervised_movement_signal,pertrace_tau41_embed7
monkeyM_session-o080423001-5_lfp-8,M,o080423001-5,8,peri_go,direction,torus_geometry_15,ok,0.2,0.19173759029271417,6,210,35,41,41.0,7,pertrace_unsupervised_movement_signal,pertrace_tau41_embed7
monkeyM_session-o080423001-5_lfp-8,M,o080423001-5,8,peri_go,delay,torus_geometry_15,ok,0.6456310679611651,0.6437421525194854,2,206,103,41,41.0,7,pertrace_unsupervised_movement_signal,pertrace_tau41_embed7
monkeyM_session-o080423001-5_lfp-8,M,o080423001-5,8,peri_go,condition,torus_geometry_15,ok,0.09444444444444444,0.07721170261216027,12,180,15,41,41.0,7,pertrace_unsupervised_movement_signal,pertrace_tau41_embed7
monkeyM_session-o080423001-5_lfp-8,M,o080423001-5,8,movement,direction,torus_geometry_15,ok,0.2,0.18949430638239095,6,210,35,41,41.0,7,pertrace_unsupervised_movement_signal,pertrace_tau41_embed7
monkeyM_session-o080423001-5_lfp-8,M,o080423001-5,8,movement,delay,torus_geometry_15,ok,0.6504854368932039,0.6496598639455782,2,206,103,41,41.0,7,pertrace_unsupervised_movement_signal,pertrace_tau41_embed7
monkeyM_session-o080423001-5_lfp-8,M,o080423001-5,8,movement,condition,torus_geometry_15,ok,0.13333333333333333,0.1300935982352834,12,180,15,41,41.0,7,pertrace_unsupervised_movement_signal,pertrace_tau41_embed7
monkeyM_session-o080423001-5_lfp-8,M,o080423001-5,8,post_go,direction,torus_geometry_15,ok,0.18571428571428572,0.17386111956885542,6,210,35,41,41.0,7,pertrace_unsupervised_movement_signal,pertrace_tau41_embed7
monkeyM_session-o080423001-5_lfp-8,M,o080423001-5,8,post_go,delay,torus_geometry_15,ok,0.6359223300970874,0.6355014509165546,2,206,103,41,41.0,7,pertrace_unsupervised_movement_signal,pertrace_tau41_embed7
monkeyM_session-o080423001-5_lfp-8,M,o080423001-5,8,post_go,condition,torus_geometry_15,ok,0.07222222222222222,0.06679525705260998,12,180,15,41,41.0,7,pertrace_unsupervised_movement_signal,pertrace_tau41_embed7
monkeyM_session-o080424002-11_lfp-1,M,o080424002-11,1,pre_go,direction,torus_geometry_15,ok,0.14583333333333334,0.13603460561922723,6,240,40,21,21.0,7,pertrace_unsupervised_movement_signal,pertrace_tau21_embed7
monkeyM_session-o080424002-11_lfp-1,M,o080424002-11,1,pre_go,delay,torus_geometry_15,ok,0.6583333333333333,0.6571667479618145,2,240,120,21,21.0,7,pertrace_unsupervised_movement_signal,pertrace_tau21_embed7
monkeyM_session-o080424002-11_lfp-1,M,o080424002-11,1,pre_go,condition,torus_geometry_15,ok,0.16666666666666666,0.16118483820418386,12,240,20,21,21.0,7,pertrace_unsupervised_movement_signal,pertrace_tau21_embed7
monkeyM_session-o080424002-11_lfp-1,M,o080424002-11,1,peri_go,direction,torus_geometry_15,ok,0.19166666666666668,0.18269217478023805,6,240,40,21,21.0,7,pertrace_unsupervised_movement_signal,pertrace_tau21_embed7
monkeyM_session-o080424002-11_lfp-1,M,o080424002-11,1,peri_go,delay,torus_geometry_15,ok,0.6375,0.6356720350369038,2,240,120,21,21.0,7,pertrace_unsupervised_movement_signal,pertrace_tau21_embed7
monkeyM_session-o080424002-11_lfp-1,M,o080424002-11,1,peri_go,condition,torus_geometry_15,ok,0.125,0.1113639221358506,12,240,20,21,21.0,7,pertrace_unsupervised_movement_signal,pertrace_tau21_embed7
monkeyM_session-o080424002-11_lfp-1,M,o080424002-11,1,movement,direction,torus_geometry_15,ok,0.1875,0.17909785417368837,6,240,40,21,21.0,7,pertrace_unsupervised_movement_signal,pertrace_tau21_embed7
monkeyM_session-o080424002-11_lfp-1,M,o080424002-11,1,movement,delay,torus_geometry_15,ok,0.4708333333333333,0.4687581699346405,2,240,120,21,21.0,7,pertrace_unsupervised_movement_signal,pertrace_tau21_embed7
monkeyM_session-o080424002-11_lfp-1,M,o080424002-11,1,movement,condition,torus_geometry_15,ok,0.0875,0.07933403962461193,12,240,20,21,21.0,7,pertrace_unsupervised_movement_signal,pertrace_tau21_embed7
monkeyM_session-o080424002-11_lfp-1,M,o080424002-11,1,post_go,direction,torus_geometry_15,ok,0.19166666666666668,0.1901541321002765,6,240,40,21,21.0,7,pertrace_unsupervised_movement_signal,pertrace_tau21_embed7
monkeyM_session-o080424002-11_lfp-1,M,o080424002-11,1,post_go,delay,torus_geometry_15,ok,0.49583333333333335,0.49575454498098664,2,240,120,21,21.0,7,pertrace_unsupervised_movement_signal,pertrace_tau21_embed7
monkeyM_session-o080424002-11_lfp-1,M,o080424002-11,1,post_go,condition,torus_geometry_15,ok,0.10416666666666667,0.09352679498453748,12,240,20,21,21.0,7,pertrace_unsupervised_movement_signal,pertrace_tau21_embed7
monkeyM_session-o080424012-22_lfp-1,M,o080424012-22,1,pre_go,direction,torus_geometry_15,ok,0.1925925925925926,0.1871582401043074,6,270,45,20,20.0,7,pertrace_unsupervised_movement_signal,pertrace_tau20_embed7
monkeyM_session-o080424012-22_lfp-1,M,o080424012-22,1,pre_go,delay,torus_geometry_15,ok,0.7007042253521126,0.7007005145372265,2,284,142,20,20.0,7,pertrace_unsupervised_movement_signal,pertrace_tau20_embed7
monkeyM_session-o080424012-22_lfp-1,M,o080424012-22,1,pre_go,condition,torus_geometry_15,ok,0.08333333333333333,0.07480701511521505,12,264,22,20,20.0,7,pertrace_unsupervised_movement_signal,pertrace_tau20_embed7
monkeyM_session-o080424012-22_lfp-1,M,o080424012-22,1,peri_go,direction,torus_geometry_15,ok,0.17407407407407408,0.16877466054047074,6,270,45,20,20.0,7,pertrace_unsupervised_movement_signal,pertrace_tau20_embed7
monkeyM_session-o080424012-22_lfp-1,M,o080424012-22,1,peri_go,delay,torus_geometry_15,ok,0.704225352112676,0.7039904705181655,2,284,142,20,20.0,7,pertrace_unsupervised_movement_signal,pertrace_tau20_embed7
monkeyM_session-o080424012-22_lfp-1,M,o080424012-22,1,peri_go,condition,torus_geometry_15,ok,0.10984848484848485,0.10199457959105168,12,264,22,20,20.0,7,pertrace_unsupervised_movement_signal,pertrace_tau20_embed7
monkeyM_session-o080424012-22_lfp-1,M,o080424012-22,1,movement,direction,torus_geometry_15,ok,0.17777777777777778,0.1650894635001274,6,270,45,20,20.0,7,pertrace_unsupervised_movement_signal,pertrace_tau20_embed7
monkeyM_session-o080424012-22_lfp-1,M,o080424012-22,1,movement,delay,torus_geometry_15,ok,0.6408450704225352,0.6403992253835841,2,284,142,20,20.0,7,pertrace_unsupervised_movement_signal,pertrace_tau20_embed7
monkeyM_session-o080424012-22_lfp-1,M,o080424012-22,1,movement,condition,torus_geometry_15,ok,0.10984848484848485,0.09989691330046695,12,264,22,20,20.0,7,pertrace_unsupervised_movement_signal,pertrace_tau20_embed7
monkeyM_session-o080424012-22_lfp-1,M,o080424012-22,1,post_go,direction,torus_geometry_15,ok,0.15185185185185185,0.14815430413373662,6,270,45,20,20.0,7,pertrace_unsupervised_movement_signal,pertrace_tau20_embed7
monkeyM_session-o080424012-22_lfp-1,M,o080424012-22,1,post_go,delay,torus_geometry_15,ok,0.647887323943662,0.6478698606358181,2,284,142,20,20.0,7,pertrace_unsupervised_movement_signal,pertrace_tau20_embed7
monkeyM_session-o080424012-22_lfp-1,M,o080424012-22,1,post_go,condition,torus_geometry_15,ok,0.125,0.11415239482772961,12,264,22,20,20.0,7,pertrace_unsupervised_movement_signal,pertrace_tau20_embed7
monkeyM_session-o080425003-12_lfp-1,M,o080425003-12,1,pre_go,direction,torus_geometry_15,ok,0.12083333333333333,0.10935753828857629,6,240,40,21,21.0,5,pertrace_unsupervised_movement_signal,pertrace_tau21_embed5
monkeyM_session-o080425003-12_lfp-1,M,o080425003-12,1,pre_go,delay,torus_geometry_15,ok,0.7541666666666667,0.7536491588232224,2,240,120,21,21.0,5,pertrace_unsupervised_movement_signal,pertrace_tau21_embed5
monkeyM_session-o080425003-12_lfp-1,M,o080425003-12,1,pre_go,condition,torus_geometry_15,ok,0.125,0.1071672404358735,12,240,20,21,21.0,5,pertrace_unsupervised_movement_signal,pertrace_tau21_embed5
monkeyM_session-o080425003-12_lfp-1,M,o080425003-12,1,peri_go,direction,torus_geometry_15,ok,0.125,0.12175457073045672,6,240,40,21,21.0,5,pertrace_unsupervised_movement_signal,pertrace_tau21_embed5
monkeyM_session-o080425003-12_lfp-1,M,o080425003-12,1,peri_go,delay,torus_geometry_15,ok,0.7041666666666667,0.7037500651958484,2,240,120,21,21.0,5,pertrace_unsupervised_movement_signal,pertrace_tau21_embed5
monkeyM_session-o080425003-12_lfp-1,M,o080425003-12,1,peri_go,condition,torus_geometry_15,ok,0.08333333333333333,0.08348202290096489,12,240,20,21,21.0,5,pertrace_unsupervised_movement_signal,pertrace_tau21_embed5
monkeyM_session-o080425003-12_lfp-1,M,o080425003-12,1,movement,direction,torus_geometry_15,ok,0.1625,0.15466202978919916,6,240,40,21,21.0,5,pertrace_unsupervised_movement_signal,pertrace_tau21_embed5
monkeyM_session-o080425003-12_lfp-1,M,o080425003-12,1,movement,delay,torus_geometry_15,ok,0.6416666666666667,0.6416417806792138,2,240,120,21,21.0,5,pertrace_unsupervised_movement_signal,pertrace_tau21_embed5
monkeyM_session-o080425003-12_lfp-1,M,o080425003-12,1,movement,condition,torus_geometry_15,ok,0.08333333333333333,0.07494288426720959,12,240,20,21,21.0,5,pertrace_unsupervised_movement_signal,pertrace_tau21_embed5
monkeyM_session-o080425003-12_lfp-1,M,o080425003-12,1,post_go,direction,torus_geometry_15,ok,0.1875,0.18069697316691477,6,240,40,21,21.0,5,pertrace_unsupervised_movement_signal,pertrace_tau21_embed5
monkeyM_session-o080425003-12_lfp-1,M,o080425003-12,1,post_go,delay,torus_geometry_15,ok,0.6166666666666667,0.6162402669632925,2,240,120,21,21.0,5,pertrace_unsupervised_movement_signal,pertrace_tau21_embed5
monkeyM_session-o080425003-12_lfp-1,M,o080425003-12,1,post_go,condition,torus_geometry_15,ok,0.125,0.11148985268048169,12,240,20,21,21.0,5,pertrace_unsupervised_movement_signal,pertrace_tau21_embed5
monkeyM_session-o080425013-21_lfp-1,M,o080425013-21,1,pre_go,direction,torus_geometry_15,ok,0.16025641025641027,0.14792898955227332,6,156,26,21,21.0,5,pertrace_unsupervised_movement_signal,pertrace_tau21_embed5
monkeyM_session-o080425013-21_lfp-1,M,o080425013-21,1,pre_go,delay,torus_geometry_15,ok,0.6728395061728395,0.6727272727272727,2,162,81,21,21.0,5,pertrace_unsupervised_movement_signal,pertrace_tau21_embed5
monkeyM_session-o080425013-21_lfp-1,M,o080425013-21,1,pre_go,condition,torus_geometry_15,ok,0.16666666666666666,0.1595035807306522,12,144,12,21,21.0,5,pertrace_unsupervised_movement_signal,pertrace_tau21_embed5
monkeyM_session-o080425013-21_lfp-1,M,o080425013-21,1,peri_go,direction,torus_geometry_15,ok,0.21794871794871795,0.21327668154735824,6,156,26,21,21.0,5,pertrace_unsupervised_movement_signal,pertrace_tau21_embed5
monkeyM_session-o080425013-21_lfp-1,M,o080425013-21,1,peri_go,delay,torus_geometry_15,ok,0.7160493827160493,0.7153552330022919,2,162,81,21,21.0,5,pertrace_unsupervised_movement_signal,pertrace_tau21_embed5
monkeyM_session-o080425013-21_lfp-1,M,o080425013-21,1,peri_go,condition,torus_geometry_15,ok,0.1527777777777778,0.1497091248477779,12,144,12,21,21.0,5,pertrace_unsupervised_movement_signal,pertrace_tau21_embed5
monkeyM_session-o080425013-21_lfp-1,M,o080425013-21,1,movement,direction,torus_geometry_15,ok,0.12179487179487179,0.1176202905785483,6,156,26,21,21.0,5,pertrace_unsupervised_movement_signal,pertrace_tau21_embed5
monkeyM_session-o080425013-21_lfp-1,M,o080425013-21,1,movement,delay,torus_geometry_15,ok,0.5864197530864198,0.5856461156709296,2,162,81,21,21.0,5,pertrace_unsupervised_movement_signal,pertrace_tau21_embed5
monkeyM_session-o080425013-21_lfp-1,M,o080425013-21,1,movement,condition,torus_geometry_15,ok,0.06944444444444445,0.062252481817699205,12,144,12,21,21.0,5,pertrace_unsupervised_movement_signal,pertrace_tau21_embed5
monkeyM_session-o080425013-21_lfp-1,M,o080425013-21,1,post_go,direction,torus_geometry_15,ok,0.12179487179487179,0.11618686868686867,6,156,26,21,21.0,5,pertrace_unsupervised_movement_signal,pertrace_tau21_embed5
monkeyM_session-o080425013-21_lfp-1,M,o080425013-21,1,post_go,delay,torus_geometry_15,ok,0.6481481481481481,0.6480274442538594,2,162,81,21,21.0,5,pertrace_unsupervised_movement_signal,pertrace_tau21_embed5
monkeyM_session-o080425013-21_lfp-1,M,o080425013-21,1,post_go,condition,torus_geometry_15,ok,0.09722222222222222,0.08888883862828344,12,144,12,21,21.0,5,pertrace_unsupervised_movement_signal,pertrace_tau21_embed5
monkeyM_session-o080429002-7_lfp-2,M,o080429002-7,2,pre_go,direction,torus_geometry_15,ok,0.14583333333333334,0.1375340192301606,6,240,40,15,15.0,7,pertrace_unsupervised_movement_signal,pertrace_tau15_embed7
monkeyM_session-o080429002-7_lfp-2,M,o080429002-7,2,pre_go,delay,torus_geometry_15,ok,0.744,0.7439344472184879,2,250,125,15,15.0,7,pertrace_unsupervised_movement_signal,pertrace_tau15_embed7
monkeyM_session-o080429002-7_lfp-2,M,o080429002-7,2,pre_go,condition,torus_geometry_15,ok,0.12916666666666668,0.12366021454902854,12,240,20,15,15.0,7,pertrace_unsupervised_movement_signal,pertrace_tau15_embed7
monkeyM_session-o080429002-7_lfp-2,M,o080429002-7,2,peri_go,direction,torus_geometry_15,ok,0.15416666666666667,0.1527624355210562,6,240,40,15,15.0,7,pertrace_unsupervised_movement_signal,pertrace_tau15_embed7
monkeyM_session-o080429002-7_lfp-2,M,o080429002-7,2,peri_go,delay,torus_geometry_15,ok,0.576,0.5758914282056207,2,250,125,15,15.0,7,pertrace_unsupervised_movement_signal,pertrace_tau15_embed7
monkeyM_session-o080429002-7_lfp-2,M,o080429002-7,2,peri_go,condition,torus_geometry_15,ok,0.1125,0.10322644630242671,12,240,20,15,15.0,7,pertrace_unsupervised_movement_signal,pertrace_tau15_embed7
monkeyM_session-o080429002-7_lfp-2,M,o080429002-7,2,movement,direction,torus_geometry_15,ok,0.18333333333333332,0.17804248354972993,6,240,40,15,15.0,7,pertrace_unsupervised_movement_signal,pertrace_tau15_embed7
monkeyM_session-o080429002-7_lfp-2,M,o080429002-7,2,movement,delay,torus_geometry_15,ok,0.596,0.5954757365545748,2,250,125,15,15.0,7,pertrace_unsupervised_movement_signal,pertrace_tau15_embed7
monkeyM_session-o080429002-7_lfp-2,M,o080429002-7,2,movement,condition,torus_geometry_15,ok,0.10833333333333334,0.10117488695146876,12,240,20,15,15.0,7,pertrace_unsupervised_movement_signal,pertrace_tau15_embed7
monkeyM_session-o080429002-7_lfp-2,M,o080429002-7,2,post_go,direction,torus_geometry_15,ok,0.20416666666666666,0.20144762925323798,6,240,40,15,15.0,7,pertrace_unsupervised_movement_signal,pertrace_tau15_embed7
monkeyM_session-o080429002-7_lfp-2,M,o080429002-7,2,post_go,delay,torus_geometry_15,ok,0.592,0.592,2,250,125,15,15.0,7,pertrace_unsupervised_movement_signal,pertrace_tau15_embed7
monkeyM_session-o080429002-7_lfp-2,M,o080429002-7,2,post_go,condition,torus_geometry_15,ok,0.11666666666666667,0.10295660519050938,12,240,20,15,15.0,7,pertrace_unsupervised_movement_signal,pertrace_tau15_embed7
monkeyM_session-o080429011-12_lfp-2,M,o080429011-12,2,pre_go,direction,torus_geometry_15,ok,0.5,0.4981934965877158,2,100,50,16,16.0,7,pertrace_unsupervised_movement_signal,pertrace_tau16_embed7
monkeyM_session-o080429011-12_lfp-2,M,o080429011-12,2,pre_go,delay,torus_geometry_15,ok,0.76,0.7591328783621036,2,100,50,16,16.0,7,pertrace_unsupervised_movement_signal,pertrace_tau16_embed7
monkeyM_session-o080429011-12_lfp-2,M,o080429011-12,2,pre_go,condition,torus_geometry_15,ok,0.4,0.4001600640256102,4,100,25,16,16.0,7,pertrace_unsupervised_movement_signal,pertrace_tau16_embed7
monkeyM_session-o080429011-12_lfp-2,M,o080429011-12,2,peri_go,direction,torus_geometry_15,ok,0.61,0.6096486838154338,2,100,50,16,16.0,7,pertrace_unsupervised_movement_signal,pertrace_tau16_embed7
monkeyM_session-o080429011-12_lfp-2,M,o080429011-12,2,peri_go,delay,torus_geometry_15,ok,0.58,0.5798319327731092,2,100,50,16,16.0,7,pertrace_unsupervised_movement_signal,pertrace_tau16_embed7
monkeyM_session-o080429011-12_lfp-2,M,o080429011-12,2,peri_go,condition,torus_geometry_15,ok,0.29,0.27370778173666205,4,100,25,16,16.0,7,pertrace_unsupervised_movement_signal,pertrace_tau16_embed7
monkeyM_session-o080429011-12_lfp-2,M,o080429011-12,2,movement,direction,torus_geometry_15,ok,0.52,0.5192307692307692,2,100,50,16,16.0,7,pertrace_unsupervised_movement_signal,pertrace_tau16_embed7
monkeyM_session-o080429011-12_lfp-2,M,o080429011-12,2,movement,delay,torus_geometry_15,ok,0.53,0.5288220551378446,2,100,50,16,16.0,7,pertrace_unsupervised_movement_signal,pertrace_tau16_embed7
monkeyM_session-o080429011-12_lfp-2,M,o080429011-12,2,movement,condition,torus_geometry_15,ok,0.25,0.2501010101010101,4,100,25,16,16.0,7,pertrace_unsupervised_movement_signal,pertrace_tau16_embed7
monkeyM_session-o080429011-12_lfp-2,M,o080429011-12,2,post_go,direction,torus_geometry_15,ok,0.51,0.50995099509951,2,100,50,16,16.0,7,pertrace_unsupervised_movement_signal,pertrace_tau16_embed7
monkeyM_session-o080429011-12_lfp-2,M,o080429011-12,2,post_go,delay,torus_geometry_15,ok,0.57,0.5699569956995699,2,100,50,16,16.0,7,pertrace_unsupervised_movement_signal,pertrace_tau16_embed7
monkeyM_session-o080429011-12_lfp-2,M,o080429011-12,2,post_go,condition,torus_geometry_15,ok,0.29,0.284937106918239,4,100,25,16,16.0,7,pertrace_unsupervised_movement_signal,pertrace_tau16_embed7
monkeyM_session-o080430002-12_lfp-1,M,o080430002-12,1,pre_go,direction,torus_geometry_15,ok,0.16666666666666666,0.16027843198474803,6,240,40,16,16.0,7,pertrace_unsupervised_movement_signal,pertrace_tau16_embed7
monkeyM_session-o080430002-12_lfp-1,M,o080430002-12,1,pre_go,delay,torus_geometry_15,ok,0.7804878048780488,0.7802554092503143,2,246,123,16,16.0,7,pertrace_unsupervised_movement_signal,pertrace_tau16_embed7
monkeyM_session-o080430002-12_lfp-1,M,o080430002-12,1,pre_go,condition,torus_geometry_15,ok,0.11666666666666667,0.10369288953619372,12,240,20,16,16.0,7,pertrace_unsupervised_movement_signal,pertrace_tau16_embed7
monkeyM_session-o080430002-12_lfp-1,M,o080430002-12,1,peri_go,direction,torus_geometry_15,ok,0.2,0.194147547919736,6,240,40,16,16.0,7,pertrace_unsupervised_movement_signal,pertrace_tau16_embed7
monkeyM_session-o080430002-12_lfp-1,M,o080430002-12,1,peri_go,delay,torus_geometry_15,ok,0.5487804878048781,0.5487730314797984,2,246,123,16,16.0,7,pertrace_unsupervised_movement_signal,pertrace_tau16_embed7
monkeyM_session-o080430002-12_lfp-1,M,o080430002-12,1,peri_go,condition,torus_geometry_15,ok,0.10416666666666667,0.09555164217212862,12,240,20,16,16.0,7,pertrace_unsupervised_movement_signal,pertrace_tau16_embed7
monkeyM_session-o080430002-12_lfp-1,M,o080430002-12,1,movement,direction,torus_geometry_15,ok,0.25416666666666665,0.24575109987905575,6,240,40,16,16.0,7,pertrace_unsupervised_movement_signal,pertrace_tau16_embed7
monkeyM_session-o080430002-12_lfp-1,M,o080430002-12,1,movement,delay,torus_geometry_15,ok,0.5487804878048781,0.5470965815793402,2,246,123,16,16.0,7,pertrace_unsupervised_movement_signal,pertrace_tau16_embed7
monkeyM_session-o080430002-12_lfp-1,M,o080430002-12,1,movement,condition,torus_geometry_15,ok,0.0875,0.08363085908905381,12,240,20,16,16.0,7,pertrace_unsupervised_movement_signal,pertrace_tau16_embed7
monkeyM_session-o080430002-12_lfp-1,M,o080430002-12,1,post_go,direction,torus_geometry_15,ok,0.19583333333333333,0.1904653993733395,6,240,40,16,16.0,7,pertrace_unsupervised_movement_signal,pertrace_tau16_embed7
monkeyM_session-o080430002-12_lfp-1,M,o080430002-12,1,post_go,delay,torus_geometry_15,ok,0.5203252032520326,0.5198173757692053,2,246,123,16,16.0,7,pertrace_unsupervised_movement_signal,pertrace_tau16_embed7
monkeyM_session-o080430002-12_lfp-1,M,o080430002-12,1,post_go,condition,torus_geometry_15,ok,0.13333333333333333,0.13291194983691876,12,240,20,16,16.0,7,pertrace_unsupervised_movement_signal,pertrace_tau16_embed7
monkeyM_session-o080430013-23_lfp-1,M,o080430013-23,1,pre_go,direction,torus_geometry_15,ok,0.15853658536585366,0.14578710296795402,6,246,41,13,13.0,7,pertrace_unsupervised_movement_signal,pertrace_tau13_embed7
monkeyM_session-o080430013-23_lfp-1,M,o080430013-23,1,pre_go,delay,torus_geometry_15,ok,0.7338709677419355,0.7338017174082748,2,248,124,13,13.0,7,pertrace_unsupervised_movement_signal,pertrace_tau13_embed7
monkeyM_session-o080430013-23_lfp-1,M,o080430013-23,1,pre_go,condition,torus_geometry_15,ok,0.075,0.06438858136630267,12,240,20,13,13.0,7,pertrace_unsupervised_movement_signal,pertrace_tau13_embed7
monkeyM_session-o080430013-23_lfp-1,M,o080430013-23,1,peri_go,direction,torus_geometry_15,ok,0.1910569105691057,0.18561353814326886,6,246,41,13,13.0,7,pertrace_unsupervised_movement_signal,pertrace_tau13_embed7
monkeyM_session-o080430013-23_lfp-1,M,o080430013-23,1,peri_go,delay,torus_geometry_15,ok,0.5483870967741935,0.5482695810564664,2,248,124,13,13.0,7,pertrace_unsupervised_movement_signal,pertrace_tau13_embed7
monkeyM_session-o080430013-23_lfp-1,M,o080430013-23,1,peri_go,condition,torus_geometry_15,ok,0.0875,0.08463385039272432,12,240,20,13,13.0,7,pertrace_unsupervised_movement_signal,pertrace_tau13_embed7
monkeyM_session-o080430013-23_lfp-1,M,o080430013-23,1,movement,direction,torus_geometry_15,ok,0.17886178861788618,0.1708490223158112,6,246,41,13,13.0,7,pertrace_unsupervised_movement_signal,pertrace_tau13_embed7
monkeyM_session-o080430013-23_lfp-1,M,o080430013-23,1,movement,delay,torus_geometry_15,ok,0.5,0.4999674796747967,2,248,124,13,13.0,7,pertrace_unsupervised_movement_signal,pertrace_tau13_embed7
monkeyM_session-o080430013-23_lfp-1,M,o080430013-23,1,movement,condition,torus_geometry_15,ok,0.075,0.06714209766841346,12,240,20,13,13.0,7,pertrace_unsupervised_movement_signal,pertrace_tau13_embed7
monkeyM_session-o080430013-23_lfp-1,M,o080430013-23,1,post_go,direction,torus_geometry_15,ok,0.16666666666666666,0.16076933213306865,6,246,41,13,13.0,7,pertrace_unsupervised_movement_signal,pertrace_tau13_embed7
monkeyM_session-o080430013-23_lfp-1,M,o080430013-23,1,post_go,delay,torus_geometry_15,ok,0.5201612903225806,0.5200910643141718,2,248,124,13,13.0,7,pertrace_unsupervised_movement_signal,pertrace_tau13_embed7
monkeyM_session-o080430013-23_lfp-1,M,o080430013-23,1,post_go,condition,torus_geometry_15,ok,0.0875,0.07550862803646984,12,240,20,13,13.0,7,pertrace_unsupervised_movement_signal,pertrace_tau13_embed7
monkeyM_session-o080430013-23_lfp-2,M,o080430013-23,2,pre_go,direction,torus_geometry_15,ok,0.1910569105691057,0.1894041144041144,6,246,41,30,30.0,9,pertrace_unsupervised_movement_signal,pertrace_tau30_embed9
monkeyM_session-o080430013-23_lfp-2,M,o080430013-23,2,pre_go,delay,torus_geometry_15,ok,0.6008064516129032,0.6007480282949833,2,248,124,30,30.0,9,pertrace_unsupervised_movement_signal,pertrace_tau30_embed9
monkeyM_session-o080430013-23_lfp-2,M,o080430013-23,2,pre_go,condition,torus_geometry_15,ok,0.09166666666666666,0.08646230446461278,12,240,20,30,30.0,9,pertrace_unsupervised_movement_signal,pertrace_tau30_embed9
monkeyM_session-o080430013-23_lfp-2,M,o080430013-23,2,peri_go,direction,torus_geometry_15,ok,0.15447154471544716,0.15096212272737397,6,246,41,30,30.0,9,pertrace_unsupervised_movement_signal,pertrace_tau30_embed9
monkeyM_session-o080430013-23_lfp-2,M,o080430013-23,2,peri_go,delay,torus_geometry_15,ok,0.6129032258064516,0.6128780487804878,2,248,124,30,30.0,9,pertrace_unsupervised_movement_signal,pertrace_tau30_embed9
monkeyM_session-o080430013-23_lfp-2,M,o080430013-23,2,peri_go,condition,torus_geometry_15,ok,0.09583333333333334,0.08795877555111191,12,240,20,30,30.0,9,pertrace_unsupervised_movement_signal,pertrace_tau30_embed9
monkeyM_session-o080430013-23_lfp-2,M,o080430013-23,2,movement,direction,torus_geometry_15,ok,0.16666666666666666,0.14889471735480644,6,246,41,30,30.0,9,pertrace_unsupervised_movement_signal,pertrace_tau30_embed9
monkeyM_session-o080430013-23_lfp-2,M,o080430013-23,2,movement,delay,torus_geometry_15,ok,0.5645161290322581,0.564261078935381,2,248,124,30,30.0,9,pertrace_unsupervised_movement_signal,pertrace_tau30_embed9
monkeyM_session-o080430013-23_lfp-2,M,o080430013-23,2,movement,condition,torus_geometry_15,ok,0.06666666666666667,0.057994117040276676,12,240,20,30,30.0,9,pertrace_unsupervised_movement_signal,pertrace_tau30_embed9
monkeyM_session-o080430013-23_lfp-2,M,o080430013-23,2,post_go,direction,torus_geometry_15,ok,0.15853658536585366,0.1442529770140039,6,246,41,30,30.0,9,pertrace_unsupervised_movement_signal,pertrace_tau30_embed9
monkeyM_session-o080430013-23_lfp-2,M,o080430013-23,2,post_go,delay,torus_geometry_15,ok,0.5524193548387096,0.5523538499064964,2,248,124,30,30.0,9,pertrace_unsupervised_movement_signal,pertrace_tau30_embed9
monkeyM_session-o080430013-23_lfp-2,M,o080430013-23,2,post_go,condition,torus_geometry_15,ok,0.0875,0.07784940424569448,12,240,20,30,30.0,9,pertrace_unsupervised_movement_signal,pertrace_tau30_embed9
monkeyM_session-o080501001-6_lfp-1,M,o080501001-6,1,pre_go,direction,torus_geometry_15,ok,0.17543859649122806,0.17229082242055774,6,114,19,11,11.0,5,pertrace_unsupervised_movement_signal,pertrace_tau11_embed5
monkeyM_session-o080501001-6_lfp-1,M,o080501001-6,1,pre_go,delay,torus_geometry_15,ok,0.6865671641791045,0.6864973262032086,2,134,67,11,11.0,5,pertrace_unsupervised_movement_signal,pertrace_tau11_embed5
monkeyM_session-o080501001-6_lfp-1,M,o080501001-6,1,pre_go,condition,torus_geometry_15,ok,0.1388888888888889,0.13510129490392647,12,108,9,11,11.0,5,pertrace_unsupervised_movement_signal,pertrace_tau11_embed5
monkeyM_session-o080501001-6_lfp-1,M,o080501001-6,1,peri_go,direction,torus_geometry_15,ok,0.24561403508771928,0.23597415445730888,6,114,19,11,11.0,5,pertrace_unsupervised_movement_signal,pertrace_tau11_embed5
monkeyM_session-o080501001-6_lfp-1,M,o080501001-6,1,peri_go,delay,torus_geometry_15,ok,0.664179104477612,0.6641604010025062,2,134,67,11,11.0,5,pertrace_unsupervised_movement_signal,pertrace_tau11_embed5
monkeyM_session-o080501001-6_lfp-1,M,o080501001-6,1,peri_go,condition,torus_geometry_15,ok,0.10185185185185185,0.09028856864383179,12,108,9,11,11.0,5,pertrace_unsupervised_movement_signal,pertrace_tau11_embed5
monkeyM_session-o080501001-6_lfp-1,M,o080501001-6,1,movement,direction,torus_geometry_15,ok,0.14035087719298245,0.12715038584603802,6,114,19,11,11.0,5,pertrace_unsupervised_movement_signal,pertrace_tau11_embed5
monkeyM_session-o080501001-6_lfp-1,M,o080501001-6,1,movement,delay,torus_geometry_15,ok,0.6791044776119403,0.6790866054023948,2,134,67,11,11.0,5,pertrace_unsupervised_movement_signal,pertrace_tau11_embed5
monkeyM_session-o080501001-6_lfp-1,M,o080501001-6,1,movement,condition,torus_geometry_15,ok,0.046296296296296294,0.04772727272727273,12,108,9,11,11.0,5,pertrace_unsupervised_movement_signal,pertrace_tau11_embed5
monkeyM_session-o080501001-6_lfp-1,M,o080501001-6,1,post_go,direction,torus_geometry_15,ok,0.14035087719298245,0.12763157894736843,6,114,19,11,11.0,5,pertrace_unsupervised_movement_signal,pertrace_tau11_embed5
monkeyM_session-o080501001-6_lfp-1,M,o080501001-6,1,post_go,delay,torus_geometry_15,ok,0.7238805970149254,0.7238652186020607,2,134,67,11,11.0,5,pertrace_unsupervised_movement_signal,pertrace_tau11_embed5
monkeyM_session-o080501001-6_lfp-1,M,o080501001-6,1,post_go,condition,torus_geometry_15,ok,0.12962962962962962,0.12722089285556779,12,108,9,11,11.0,5,pertrace_unsupervised_movement_signal,pertrace_tau11_embed5
monkeyM_session-o080501018-21_lfp-6,M,o080501018-21,6,pre_go,direction,torus_geometry_15,ok,0.45,0.4472917294744247,2,100,50,48,48.0,7,pertrace_unsupervised_movement_signal,pertrace_tau48_embed7
monkeyM_session-o080501018-21_lfp-6,M,o080501018-21,6,pre_go,delay,torus_geometry_15,ok,0.8333333333333334,0.83293188168417,2,102,51,48,48.0,7,pertrace_unsupervised_movement_signal,pertrace_tau48_embed7
monkeyM_session-o080501018-21_lfp-6,M,o080501018-21,6,pre_go,condition,torus_geometry_15,ok,0.38,0.35743893489320533,4,100,25,48,48.0,7,pertrace_unsupervised_movement_signal,pertrace_tau48_embed7
monkeyM_session-o080501018-21_lfp-6,M,o080501018-21,6,peri_go,direction,torus_geometry_15,ok,0.53,0.52995299529953,2,100,50,48,48.0,7,pertrace_unsupervised_movement_signal,pertrace_tau48_embed7
monkeyM_session-o080501018-21_lfp-6,M,o080501018-21,6,peri_go,delay,torus_geometry_15,ok,0.46078431372549017,0.4565533275210695,2,102,51,48,48.0,7,pertrace_unsupervised_movement_signal,pertrace_tau48_embed7
monkeyM_session-o080501018-21_lfp-6,M,o080501018-21,6,peri_go,condition,torus_geometry_15,ok,0.24,0.22861349326964828,4,100,25,48,48.0,7,pertrace_unsupervised_movement_signal,pertrace_tau48_embed7
monkeyM_session-o080501018-21_lfp-6,M,o080501018-21,6,movement,direction,torus_geometry_15,ok,0.64,0.6398559423769508,2,100,50,48,48.0,7,pertrace_unsupervised_movement_signal,pertrace_tau48_embed7
monkeyM_session-o080501018-21_lfp-6,M,o080501018-21,6,movement,delay,torus_geometry_15,ok,0.5588235294117647,0.5587811208305297,2,102,51,48,48.0,7,pertrace_unsupervised_movement_signal,pertrace_tau48_embed7
monkeyM_session-o080501018-21_lfp-6,M,o080501018-21,6,movement,condition,torus_geometry_15,ok,0.34,0.3384131132079149,4,100,25,48,48.0,7,pertrace_unsupervised_movement_signal,pertrace_tau48_embed7
monkeyM_session-o080501018-21_lfp-6,M,o080501018-21,6,post_go,direction,torus_geometry_15,ok,0.5,0.49979991996798717,2,100,50,48,48.0,7,pertrace_unsupervised_movement_signal,pertrace_tau48_embed7
monkeyM_session-o080501018-21_lfp-6,M,o080501018-21,6,post_go,delay,torus_geometry_15,ok,0.5392156862745098,0.5388167388167389,2,102,51,48,48.0,7,pertrace_unsupervised_movement_signal,pertrace_tau48_embed7
monkeyM_session-o080501018-21_lfp-6,M,o080501018-21,6,post_go,condition,torus_geometry_15,ok,0.26,0.2593546869741169,4,100,25,48,48.0,7,pertrace_unsupervised_movement_signal,pertrace_tau48_embed7
monkeyM_session-o080501018-21_lfp-7,M,o080501018-21,7,pre_go,direction,torus_geometry_15,ok,0.55,0.5477841422972565,2,100,50,22,22.0,7,pertrace_unsupervised_movement_signal,pertrace_tau22_embed7
monkeyM_session-o080501018-21_lfp-7,M,o080501018-21,7,pre_go,delay,torus_geometry_15,ok,0.7843137254901961,0.7812865497076023,2,102,51,22,22.0,7,pertrace_unsupervised_movement_signal,pertrace_tau22_embed7
monkeyM_session-o080501018-21_lfp-7,M,o080501018-21,7,pre_go,condition,torus_geometry_15,ok,0.42,0.41600790513833996,4,100,25,22,22.0,7,pertrace_unsupervised_movement_signal,pertrace_tau22_embed7
monkeyM_session-o080501018-21_lfp-7,M,o080501018-21,7,peri_go,direction,torus_geometry_15,ok,0.61,0.6096486838154338,2,100,50,22,22.0,7,pertrace_unsupervised_movement_signal,pertrace_tau22_embed7
monkeyM_session-o080501018-21_lfp-7,M,o080501018-21,7,peri_go,delay,torus_geometry_15,ok,0.6176470588235294,0.6176103047197923,2,102,51,22,22.0,7,pertrace_unsupervised_movement_signal,pertrace_tau22_embed7
monkeyM_session-o080501018-21_lfp-7,M,o080501018-21,7,peri_go,condition,torus_geometry_15,ok,0.33,0.3254818594104308,4,100,25,22,22.0,7,pertrace_unsupervised_movement_signal,pertrace_tau22_embed7
monkeyM_session-o080501018-21_lfp-7,M,o080501018-21,7,movement,direction,torus_geometry_15,ok,0.69,0.6899689968996899,2,100,50,22,22.0,7,pertrace_unsupervised_movement_signal,pertrace_tau22_embed7
monkeyM_session-o080501018-21_lfp-7,M,o080501018-21,7,movement,delay,torus_geometry_15,ok,0.6078431372549019,0.6076923076923078,2,102,51,22,22.0,7,pertrace_unsupervised_movement_signal,pertrace_tau22_embed7
monkeyM_session-o080501018-21_lfp-7,M,o080501018-21,7,movement,condition,torus_geometry_15,ok,0.3,0.28433787561146057,4,100,25,22,22.0,7,pertrace_unsupervised_movement_signal,pertrace_tau22_embed7
monkeyM_session-o080501018-21_lfp-7,M,o080501018-21,7,post_go,direction,torus_geometry_15,ok,0.6,0.5998399359743898,2,100,50,22,22.0,7,pertrace_unsupervised_movement_signal,pertrace_tau22_embed7
monkeyM_session-o080501018-21_lfp-7,M,o080501018-21,7,post_go,delay,torus_geometry_15,ok,0.5980392156862745,0.5976911976911977,2,102,51,22,22.0,7,pertrace_unsupervised_movement_signal,pertrace_tau22_embed7
monkeyM_session-o080501018-21_lfp-7,M,o080501018-21,7,post_go,condition,torus_geometry_15,ok,0.27,0.25184871519457985,4,100,25,22,22.0,7,pertrace_unsupervised_movement_signal,pertrace_tau22_embed7
monkeyM_session-o080506002-22_lfp-1,M,o080506002-22,1,pre_go,direction,torus_geometry_15,ok,0.17424242424242425,0.1709113563568532,6,396,66,11,11.0,3,pertrace_unsupervised_movement_signal,pertrace_tau11_embed3
monkeyM_session-o080506002-22_lfp-1,M,o080506002-22,1,pre_go,delay,torus_geometry_15,ok,0.6878172588832487,0.687573735615511,2,394,197,11,11.0,3,pertrace_unsupervised_movement_signal,pertrace_tau11_embed3
monkeyM_session-o080506002-22_lfp-1,M,o080506002-22,1,pre_go,condition,torus_geometry_15,ok,0.10632183908045977,0.10733147852516682,12,348,29,11,11.0,3,pertrace_unsupervised_movement_signal,pertrace_tau11_embed3
monkeyM_session-o080506002-22_lfp-1,M,o080506002-22,1,peri_go,direction,torus_geometry_15,ok,0.1893939393939394,0.1848648683241035,6,396,66,11,11.0,3,pertrace_unsupervised_movement_signal,pertrace_tau11_embed3
monkeyM_session-o080506002-22_lfp-1,M,o080506002-22,1,peri_go,delay,torus_geometry_15,ok,0.5431472081218274,0.5429587812234167,2,394,197,11,11.0,3,pertrace_unsupervised_movement_signal,pertrace_tau11_embed3
monkeyM_session-o080506002-22_lfp-1,M,o080506002-22,1,peri_go,condition,torus_geometry_15,ok,0.10344827586206896,0.1018785348041652,12,348,29,11,11.0,3,pertrace_unsupervised_movement_signal,pertrace_tau11_embed3
monkeyM_session-o080506002-22_lfp-1,M,o080506002-22,1,movement,direction,torus_geometry_15,ok,0.19696969696969696,0.19518066529137804,6,396,66,11,11.0,3,pertrace_unsupervised_movement_signal,pertrace_tau11_embed3
monkeyM_session-o080506002-22_lfp-1,M,o080506002-22,1,movement,delay,torus_geometry_15,ok,0.5101522842639594,0.510073383974074,2,394,197,11,11.0,3,pertrace_unsupervised_movement_signal,pertrace_tau11_embed3
monkeyM_session-o080506002-22_lfp-1,M,o080506002-22,1,movement,condition,torus_geometry_15,ok,0.09770114942528736,0.09059625195441974,12,348,29,11,11.0,3,pertrace_unsupervised_movement_signal,pertrace_tau11_embed3
monkeyM_session-o080506002-22_lfp-1,M,o080506002-22,1,post_go,direction,torus_geometry_15,ok,0.21212121212121213,0.21197325571403647,6,396,66,11,11.0,3,pertrace_unsupervised_movement_signal,pertrace_tau11_embed3
monkeyM_session-o080506002-22_lfp-1,M,o080506002-22,1,post_go,delay,torus_geometry_15,ok,0.5177664974619289,0.5156573498964804,2,394,197,11,11.0,3,pertrace_unsupervised_movement_signal,pertrace_tau11_embed3
monkeyM_session-o080506002-22_lfp-1,M,o080506002-22,1,post_go,condition,torus_geometry_15,ok,0.08333333333333333,0.07973424865886443,12,348,29,11,11.0,3,pertrace_unsupervised_movement_signal,pertrace_tau11_embed3
monkeyM_session-o080506002-22_lfp-2,M,o080506002-22,2,pre_go,direction,torus_geometry_15,ok,0.13131313131313133,0.12965725831097424,6,396,66,11,11.0,7,pertrace_unsupervised_movement_signal,pertrace_tau11_embed7
monkeyM_session-o080506002-22_lfp-2,M,o080506002-22,2,pre_go,delay,torus_geometry_15,ok,0.6116751269035533,0.6116726253744323,2,394,197,11,11.0,7,pertrace_unsupervised_movement_signal,pertrace_tau11_embed7
monkeyM_session-o080506002-22_lfp-2,M,o080506002-22,2,pre_go,condition,torus_geometry_15,ok,0.08333333333333333,0.08323774813712376,12,348,29,11,11.0,7,pertrace_unsupervised_movement_signal,pertrace_tau11_embed7
monkeyM_session-o080506002-22_lfp-2,M,o080506002-22,2,peri_go,direction,torus_geometry_15,ok,0.2222222222222222,0.20531774145426862,6,396,66,11,11.0,7,pertrace_unsupervised_movement_signal,pertrace_tau11_embed7
monkeyM_session-o080506002-22_lfp-2,M,o080506002-22,2,peri_go,delay,torus_geometry_15,ok,0.5609137055837563,0.5609108770573646,2,394,197,11,11.0,7,pertrace_unsupervised_movement_signal,pertrace_tau11_embed7
monkeyM_session-o080506002-22_lfp-2,M,o080506002-22,2,peri_go,condition,torus_geometry_15,ok,0.10344827586206896,0.09159036177165736,12,348,29,11,11.0,7,pertrace_unsupervised_movement_signal,pertrace_tau11_embed7
monkeyM_session-o080506002-22_lfp-2,M,o080506002-22,2,movement,direction,torus_geometry_15,ok,0.1691919191919192,0.1628179492596576,6,396,66,11,11.0,7,pertrace_unsupervised_movement_signal,pertrace_tau11_embed7
monkeyM_session-o080506002-22_lfp-2,M,o080506002-22,2,movement,delay,torus_geometry_15,ok,0.48984771573604063,0.4894497630790059,2,394,197,11,11.0,7,pertrace_unsupervised_movement_signal,pertrace_tau11_embed7
monkeyM_session-o080506002-22_lfp-2,M,o080506002-22,2,movement,condition,torus_geometry_15,ok,0.08333333333333333,0.07623780641528564,12,348,29,11,11.0,7,pertrace_unsupervised_movement_signal,pertrace_tau11_embed7
monkeyM_session-o080506002-22_lfp-2,M,o080506002-22,2,post_go,direction,torus_geometry_15,ok,0.14393939393939395,0.138929488762614,6,396,66,11,11.0,7,pertrace_unsupervised_movement_signal,pertrace_tau11_embed7
monkeyM_session-o080506002-22_lfp-2,M,o080506002-22,2,post_go,delay,torus_geometry_15,ok,0.4263959390862944,0.4263811585240157,2,394,197,11,11.0,7,pertrace_unsupervised_movement_signal,pertrace_tau11_embed7
monkeyM_session-o080506002-22_lfp-2,M,o080506002-22,2,post_go,condition,torus_geometry_15,ok,0.06609195402298851,0.06213424420123076,12,348,29,11,11.0,7,pertrace_unsupervised_movement_signal,pertrace_tau11_embed7
monkeyM_session-o080507002-11_lfp-1,M,o080507002-11,1,pre_go,direction,torus_geometry_15,ok,0.15,0.14536513816951668,6,240,40,17,17.0,9,pertrace_unsupervised_movement_signal,pertrace_tau17_embed9
monkeyM_session-o080507002-11_lfp-1,M,o080507002-11,1,pre_go,delay,torus_geometry_15,ok,0.7231404958677686,0.7230979421057127,2,242,121,17,17.0,9,pertrace_unsupervised_movement_signal,pertrace_tau17_embed9
monkeyM_session-o080507002-11_lfp-1,M,o080507002-11,1,pre_go,condition,torus_geometry_15,ok,0.13333333333333333,0.12611350697573226,12,240,20,17,17.0,9,pertrace_unsupervised_movement_signal,pertrace_tau17_embed9
monkeyM_session-o080507002-11_lfp-1,M,o080507002-11,1,peri_go,direction,torus_geometry_15,ok,0.11666666666666667,0.11385160732986821,6,240,40,17,17.0,9,pertrace_unsupervised_movement_signal,pertrace_tau17_embed9
monkeyM_session-o080507002-11_lfp-1,M,o080507002-11,1,peri_go,delay,torus_geometry_15,ok,0.5743801652892562,0.5743728975633079,2,242,121,17,17.0,9,pertrace_unsupervised_movement_signal,pertrace_tau17_embed9
monkeyM_session-o080507002-11_lfp-1,M,o080507002-11,1,peri_go,condition,torus_geometry_15,ok,0.1125,0.10527457020792676,12,240,20,17,17.0,9,pertrace_unsupervised_movement_signal,pertrace_tau17_embed9
monkeyM_session-o080507002-11_lfp-1,M,o080507002-11,1,movement,direction,torus_geometry_15,ok,0.1625,0.15335336504406977,6,240,40,17,17.0,9,pertrace_unsupervised_movement_signal,pertrace_tau17_embed9
monkeyM_session-o080507002-11_lfp-1,M,o080507002-11,1,movement,delay,torus_geometry_15,ok,0.5206611570247934,0.5198412698412698,2,242,121,17,17.0,9,pertrace_unsupervised_movement_signal,pertrace_tau17_embed9
monkeyM_session-o080507002-11_lfp-1,M,o080507002-11,1,movement,condition,torus_geometry_15,ok,0.075,0.06742040216884697,12,240,20,17,17.0,9,pertrace_unsupervised_movement_signal,pertrace_tau17_embed9
monkeyM_session-o080507002-11_lfp-1,M,o080507002-11,1,post_go,direction,torus_geometry_15,ok,0.20833333333333334,0.20595158337133632,6,240,40,17,17.0,9,pertrace_unsupervised_movement_signal,pertrace_tau17_embed9
monkeyM_session-o080507002-11_lfp-1,M,o080507002-11,1,post_go,delay,torus_geometry_15,ok,0.5330578512396694,0.5328584362561711,2,242,121,17,17.0,9,pertrace_unsupervised_movement_signal,pertrace_tau17_embed9
monkeyM_session-o080507002-11_lfp-1,M,o080507002-11,1,post_go,condition,torus_geometry_15,ok,0.07083333333333333,0.06429719044089253,12,240,20,17,17.0,9,pertrace_unsupervised_movement_signal,pertrace_tau17_embed9
monkeyM_session-o080507012-23_lfp-1,M,o080507012-23,1,pre_go,direction,torus_geometry_15,ok,0.18981481481481483,0.18777115357219162,6,216,36,17,17.0,7,pertrace_unsupervised_movement_signal,pertrace_tau17_embed7
monkeyM_session-o080507012-23_lfp-1,M,o080507012-23,1,pre_go,delay,torus_geometry_15,ok,0.8552631578947368,0.8552380952380952,2,228,114,17,17.0,7,pertrace_unsupervised_movement_signal,pertrace_tau17_embed7
monkeyM_session-o080507012-23_lfp-1,M,o080507012-23,1,pre_go,condition,torus_geometry_15,ok,0.18627450980392157,0.18412639487957094,12,204,17,17,17.0,7,pertrace_unsupervised_movement_signal,pertrace_tau17_embed7
monkeyM_session-o080507012-23_lfp-1,M,o080507012-23,1,peri_go,direction,torus_geometry_15,ok,0.2037037037037037,0.19650346940908658,6,216,36,17,17.0,7,pertrace_unsupervised_movement_signal,pertrace_tau17_embed7
monkeyM_session-o080507012-23_lfp-1,M,o080507012-23,1,peri_go,delay,torus_geometry_15,ok,0.5175438596491229,0.5151562016702753,2,228,114,17,17.0,7,pertrace_unsupervised_movement_signal,pertrace_tau17_embed7
monkeyM_session-o080507012-23_lfp-1,M,o080507012-23,1,peri_go,condition,torus_geometry_15,ok,0.12254901960784313,0.09948309084334779,12,204,17,17,17.0,7,pertrace_unsupervised_movement_signal,pertrace_tau17_embed7
monkeyM_session-o080507012-23_lfp-1,M,o080507012-23,1,movement,direction,torus_geometry_15,ok,0.25925925925925924,0.2584545382871572,6,216,36,17,17.0,7,pertrace_unsupervised_movement_signal,pertrace_tau17_embed7
monkeyM_session-o080507012-23_lfp-1,M,o080507012-23,1,movement,delay,torus_geometry_15,ok,0.5043859649122807,0.5043764307562087,2,228,114,17,17.0,7,pertrace_unsupervised_movement_signal,pertrace_tau17_embed7
monkeyM_session-o080507012-23_lfp-1,M,o080507012-23,1,movement,condition,torus_geometry_15,ok,0.11274509803921569,0.10765008940963534,12,204,17,17,17.0,7,pertrace_unsupervised_movement_signal,pertrace_tau17_embed7
monkeyM_session-o080507012-23_lfp-1,M,o080507012-23,1,post_go,direction,torus_geometry_15,ok,0.18981481481481483,0.17879010133014708,6,216,36,17,17.0,7,pertrace_unsupervised_movement_signal,pertrace_tau17_embed7
monkeyM_session-o080507012-23_lfp-1,M,o080507012-23,1,post_go,delay,torus_geometry_15,ok,0.5789473684210527,0.5784283513097073,2,228,114,17,17.0,7,pertrace_unsupervised_movement_signal,pertrace_tau17_embed7
monkeyM_session-o080507012-23_lfp-1,M,o080507012-23,1,post_go,condition,torus_geometry_15,ok,0.11764705882352941,0.1117284175301253,12,204,17,17,17.0,7,pertrace_unsupervised_movement_signal,pertrace_tau17_embed7
monkeyM_session-o080507012-23_lfp-2,M,o080507012-23,2,pre_go,direction,torus_geometry_15,ok,0.18518518518518517,0.16927705385371286,6,216,36,14,14.0,5,pertrace_unsupervised_movement_signal,pertrace_tau14_embed5
monkeyM_session-o080507012-23_lfp-2,M,o080507012-23,2,pre_go,delay,torus_geometry_15,ok,0.8026315789473685,0.8024453643978049,2,228,114,14,14.0,5,pertrace_unsupervised_movement_signal,pertrace_tau14_embed5
monkeyM_session-o080507012-23_lfp-2,M,o080507012-23,2,pre_go,condition,torus_geometry_15,ok,0.08823529411764706,0.0812302927783521,12,204,17,14,14.0,5,pertrace_unsupervised_movement_signal,pertrace_tau14_embed5
monkeyM_session-o080507012-23_lfp-2,M,o080507012-23,2,peri_go,direction,torus_geometry_15,ok,0.14814814814814814,0.1405411298268441,6,216,36,14,14.0,5,pertrace_unsupervised_movement_signal,pertrace_tau14_embed5
monkeyM_session-o080507012-23_lfp-2,M,o080507012-23,2,peri_go,delay,torus_geometry_15,ok,0.5394736842105263,0.539252102619373,2,228,114,14,14.0,5,pertrace_unsupervised_movement_signal,pertrace_tau14_embed5
monkeyM_session-o080507012-23_lfp-2,M,o080507012-23,2,peri_go,condition,torus_geometry_15,ok,0.10784313725490197,0.09906546617146707,12,204,17,14,14.0,5,pertrace_unsupervised_movement_signal,pertrace_tau14_embed5
monkeyM_session-o080507012-23_lfp-2,M,o080507012-23,2,movement,direction,torus_geometry_15,ok,0.1712962962962963,0.1573618125421773,6,216,36,14,14.0,5,pertrace_unsupervised_movement_signal,pertrace_tau14_embed5
monkeyM_session-o080507012-23_lfp-2,M,o080507012-23,2,movement,delay,torus_geometry_15,ok,0.5921052631578947,0.5917204197554635,2,228,114,14,14.0,5,pertrace_unsupervised_movement_signal,pertrace_tau14_embed5
monkeyM_session-o080507012-23_lfp-2,M,o080507012-23,2,movement,condition,torus_geometry_15,ok,0.12745098039215685,0.11538645679512553,12,204,17,14,14.0,5,pertrace_unsupervised_movement_signal,pertrace_tau14_embed5
monkeyM_session-o080507012-23_lfp-2,M,o080507012-23,2,post_go,direction,torus_geometry_15,ok,0.18518518518518517,0.1801957906676288,6,216,36,14,14.0,5,pertrace_unsupervised_movement_signal,pertrace_tau14_embed5
monkeyM_session-o080507012-23_lfp-2,M,o080507012-23,2,post_go,delay,torus_geometry_15,ok,0.6140350877192983,0.6140053866871873,2,228,114,14,14.0,5,pertrace_unsupervised_movement_signal,pertrace_tau14_embed5
monkeyM_session-o080507012-23_lfp-2,M,o080507012-23,2,post_go,condition,torus_geometry_15,ok,0.10784313725490197,0.0965243642337284,12,204,17,14,14.0,5,pertrace_unsupervised_movement_signal,pertrace_tau14_embed5
monkeyM_session-o080509001-9_lfp-1,M,o080509001-9,1,pre_go,direction,torus_geometry_15,ok,0.1523809523809524,0.14550187026871608,6,210,35,40,40.0,7,pertrace_unsupervised_movement_signal,pertrace_tau40_embed7
monkeyM_session-o080509001-9_lfp-1,M,o080509001-9,1,pre_go,delay,torus_geometry_15,ok,0.6171171171171171,0.6169227958342638,2,222,111,40,40.0,7,pertrace_unsupervised_movement_signal,pertrace_tau40_embed7
monkeyM_session-o080509001-9_lfp-1,M,o080509001-9,1,pre_go,condition,torus_geometry_15,ok,0.15625,0.142052468264234,12,192,16,40,40.0,7,pertrace_unsupervised_movement_signal,pertrace_tau40_embed7
monkeyM_session-o080509001-9_lfp-1,M,o080509001-9,1,peri_go,direction,torus_geometry_15,ok,0.1380952380952381,0.13350294220638617,6,210,35,40,40.0,7,pertrace_unsupervised_movement_signal,pertrace_tau40_embed7
monkeyM_session-o080509001-9_lfp-1,M,o080509001-9,1,peri_go,delay,torus_geometry_15,ok,0.5855855855855856,0.5834217182018439,2,222,111,40,40.0,7,pertrace_unsupervised_movement_signal,pertrace_tau40_embed7
monkeyM_session-o080509001-9_lfp-1,M,o080509001-9,1,peri_go,condition,torus_geometry_15,ok,0.10416666666666667,0.08366966302867303,12,192,16,40,40.0,7,pertrace_unsupervised_movement_signal,pertrace_tau40_embed7
monkeyM_session-o080509001-9_lfp-1,M,o080509001-9,1,movement,direction,torus_geometry_15,ok,0.1619047619047619,0.15172699428163414,6,210,35,40,40.0,7,pertrace_unsupervised_movement_signal,pertrace_tau40_embed7
monkeyM_session-o080509001-9_lfp-1,M,o080509001-9,1,movement,delay,torus_geometry_15,ok,0.5225225225225225,0.5219016659894351,2,222,111,40,40.0,7,pertrace_unsupervised_movement_signal,pertrace_tau40_embed7
monkeyM_session-o080509001-9_lfp-1,M,o080509001-9,1,movement,condition,torus_geometry_15,ok,0.03125,0.03323596085223992,12,192,16,40,40.0,7,pertrace_unsupervised_movement_signal,pertrace_tau40_embed7
monkeyM_session-o080509001-9_lfp-1,M,o080509001-9,1,post_go,direction,torus_geometry_15,ok,0.18095238095238095,0.176741876149379,6,210,35,40,40.0,7,pertrace_unsupervised_movement_signal,pertrace_tau40_embed7
monkeyM_session-o080509001-9_lfp-1,M,o080509001-9,1,post_go,delay,torus_geometry_15,ok,0.536036036036036,0.5355742865847466,2,222,111,40,40.0,7,pertrace_unsupervised_movement_signal,pertrace_tau40_embed7
monkeyM_session-o080509001-9_lfp-1,M,o080509001-9,1,post_go,condition,torus_geometry_15,ok,0.057291666666666664,0.048940441279150954,12,192,16,40,40.0,7,pertrace_unsupervised_movement_signal,pertrace_tau40_embed7
monkeyM_session-o080509010-19_lfp-1,M,o080509010-19,1,pre_go,direction,torus_geometry_15,ok,0.14215686274509803,0.13750390360485046,6,204,34,33,33.0,7,pertrace_unsupervised_movement_signal,pertrace_tau33_embed7
monkeyM_session-o080509010-19_lfp-1,M,o080509010-19,1,pre_go,delay,torus_geometry_15,ok,0.6517857142857143,0.6515357000398883,2,224,112,33,33.0,7,pertrace_unsupervised_movement_signal,pertrace_tau33_embed7
monkeyM_session-o080509010-19_lfp-1,M,o080509010-19,1,pre_go,condition,torus_geometry_15,ok,0.07222222222222222,0.07025113172848128,12,180,15,33,33.0,7,pertrace_unsupervised_movement_signal,pertrace_tau33_embed7
monkeyM_session-o080509010-19_lfp-1,M,o080509010-19,1,peri_go,direction,torus_geometry_15,ok,0.20098039215686275,0.18962153402670115,6,204,34,33,33.0,7,pertrace_unsupervised_movement_signal,pertrace_tau33_embed7
monkeyM_session-o080509010-19_lfp-1,M,o080509010-19,1,peri_go,delay,torus_geometry_15,ok,0.5223214285714286,0.5188597811904045,2,224,112,33,33.0,7,pertrace_unsupervised_movement_signal,pertrace_tau33_embed7
monkeyM_session-o080509010-19_lfp-1,M,o080509010-19,1,peri_go,condition,torus_geometry_15,ok,0.06666666666666667,0.06503897204328239,12,180,15,33,33.0,7,pertrace_unsupervised_movement_signal,pertrace_tau33_embed7
monkeyM_session-o080509010-19_lfp-1,M,o080509010-19,1,movement,direction,torus_geometry_15,ok,0.24509803921568626,0.22494751805096636,6,204,34,33,33.0,7,pertrace_unsupervised_movement_signal,pertrace_tau33_embed7
monkeyM_session-o080509010-19_lfp-1,M,o080509010-19,1,movement,delay,torus_geometry_15,ok,0.5669642857142857,0.5659174907601638,2,224,112,33,33.0,7,pertrace_unsupervised_movement_signal,pertrace_tau33_embed7
monkeyM_session-o080509010-19_lfp-1,M,o080509010-19,1,movement,condition,torus_geometry_15,ok,0.08888888888888889,0.07793988013286259,12,180,15,33,33.0,7,pertrace_unsupervised_movement_signal,pertrace_tau33_embed7
monkeyM_session-o080509010-19_lfp-1,M,o080509010-19,1,post_go,direction,torus_geometry_15,ok,0.20098039215686275,0.20285114976778143,6,204,34,33,33.0,7,pertrace_unsupervised_movement_signal,pertrace_tau33_embed7
monkeyM_session-o080509010-19_lfp-1,M,o080509010-19,1,post_go,delay,torus_geometry_15,ok,0.53125,0.5312406576980568,2,224,112,33,33.0,7,pertrace_unsupervised_movement_signal,pertrace_tau33_embed7
monkeyM_session-o080509010-19_lfp-1,M,o080509010-19,1,post_go,condition,torus_geometry_15,ok,0.06666666666666667,0.0662824693974055,12,180,15,33,33.0,7,pertrace_unsupervised_movement_signal,pertrace_tau33_embed7
monkeyM_session-o080513001-9_lfp-1,M,o080513001-9,1,pre_go,direction,torus_geometry_15,ok,0.17592592592592593,0.1723352146581548,6,216,36,13,13.0,5,pertrace_unsupervised_movement_signal,pertrace_tau13_embed5
monkeyM_session-o080513001-9_lfp-1,M,o080513001-9,1,pre_go,delay,torus_geometry_15,ok,0.6064814814814815,0.6019684783315629,2,216,108,13,13.0,5,pertrace_unsupervised_movement_signal,pertrace_tau13_embed5
monkeyM_session-o080513001-9_lfp-1,M,o080513001-9,1,pre_go,condition,torus_geometry_15,ok,0.058823529411764705,0.04891029712458284,12,204,17,13,13.0,5,pertrace_unsupervised_movement_signal,pertrace_tau13_embed5
monkeyM_session-o080513001-9_lfp-1,M,o080513001-9,1,peri_go,direction,torus_geometry_15,ok,0.1712962962962963,0.1604485335236172,6,216,36,13,13.0,5,pertrace_unsupervised_movement_signal,pertrace_tau13_embed5
monkeyM_session-o080513001-9_lfp-1,M,o080513001-9,1,peri_go,delay,torus_geometry_15,ok,0.6944444444444444,0.6934984520123839,2,216,108,13,13.0,5,pertrace_unsupervised_movement_signal,pertrace_tau13_embed5
monkeyM_session-o080513001-9_lfp-1,M,o080513001-9,1,peri_go,condition,torus_geometry_15,ok,0.12745098039215685,0.12240247162422269,12,204,17,13,13.0,5,pertrace_unsupervised_movement_signal,pertrace_tau13_embed5
monkeyM_session-o080513001-9_lfp-1,M,o080513001-9,1,movement,direction,torus_geometry_15,ok,0.17592592592592593,0.1762481468779932,6,216,36,13,13.0,5,pertrace_unsupervised_movement_signal,pertrace_tau13_embed5
monkeyM_session-o080513001-9_lfp-1,M,o080513001-9,1,movement,delay,torus_geometry_15,ok,0.5277777777777778,0.5274131274131274,2,216,108,13,13.0,5,pertrace_unsupervised_movement_signal,pertrace_tau13_embed5
monkeyM_session-o080513001-9_lfp-1,M,o080513001-9,1,movement,condition,torus_geometry_15,ok,0.05392156862745098,0.048377920668942344,12,204,17,13,13.0,5,pertrace_unsupervised_movement_signal,pertrace_tau13_embed5
monkeyM_session-o080513001-9_lfp-1,M,o080513001-9,1,post_go,direction,torus_geometry_15,ok,0.10185185185185185,0.10102265296146984,6,216,36,13,13.0,5,pertrace_unsupervised_movement_signal,pertrace_tau13_embed5
monkeyM_session-o080513001-9_lfp-1,M,o080513001-9,1,post_go,delay,torus_geometry_15,ok,0.5277777777777778,0.5236942234520927,2,216,108,13,13.0,5,pertrace_unsupervised_movement_signal,pertrace_tau13_embed5
monkeyM_session-o080513001-9_lfp-1,M,o080513001-9,1,post_go,condition,torus_geometry_15,ok,0.0784313725490196,0.07064819482977043,12,204,17,13,13.0,5,pertrace_unsupervised_movement_signal,pertrace_tau13_embed5
monkeyM_session-o080513001-9_lfp-2,M,o080513001-9,2,pre_go,direction,torus_geometry_15,ok,0.17592592592592593,0.17544826820215997,6,216,36,15,15.0,3,pertrace_unsupervised_movement_signal,pertrace_tau15_embed3
monkeyM_session-o080513001-9_lfp-2,M,o080513001-9,2,pre_go,delay,torus_geometry_15,ok,0.6296296296296297,0.6291208791208791,2,216,108,15,15.0,3,pertrace_unsupervised_movement_signal,pertrace_tau15_embed3
monkeyM_session-o080513001-9_lfp-2,M,o080513001-9,2,pre_go,condition,torus_geometry_15,ok,0.11764705882352941,0.11362440897324617,12,204,17,15,15.0,3,pertrace_unsupervised_movement_signal,pertrace_tau15_embed3
monkeyM_session-o080513001-9_lfp-2,M,o080513001-9,2,peri_go,direction,torus_geometry_15,ok,0.13425925925925927,0.1330142615578809,6,216,36,15,15.0,3,pertrace_unsupervised_movement_signal,pertrace_tau15_embed3
monkeyM_session-o080513001-9_lfp-2,M,o080513001-9,2,peri_go,delay,torus_geometry_15,ok,0.6342592592592593,0.6341886938066756,2,216,108,15,15.0,3,pertrace_unsupervised_movement_signal,pertrace_tau15_embed3
monkeyM_session-o080513001-9_lfp-2,M,o080513001-9,2,peri_go,condition,torus_geometry_15,ok,0.11764705882352941,0.11498443115853947,12,204,17,15,15.0,3,pertrace_unsupervised_movement_signal,pertrace_tau15_embed3
monkeyM_session-o080513001-9_lfp-2,M,o080513001-9,2,movement,direction,torus_geometry_15,ok,0.16666666666666666,0.16593123544866714,6,216,36,15,15.0,3,pertrace_unsupervised_movement_signal,pertrace_tau15_embed3
monkeyM_session-o080513001-9_lfp-2,M,o080513001-9,2,movement,delay,torus_geometry_15,ok,0.5601851851851852,0.5585862714307226,2,216,108,15,15.0,3,pertrace_unsupervised_movement_signal,pertrace_tau15_embed3
monkeyM_session-o080513001-9_lfp-2,M,o080513001-9,2,movement,condition,torus_geometry_15,ok,0.058823529411764705,0.058698229015566476,12,204,17,15,15.0,3,pertrace_unsupervised_movement_signal,pertrace_tau15_embed3
monkeyM_session-o080513001-9_lfp-2,M,o080513001-9,2,post_go,direction,torus_geometry_15,ok,0.19444444444444445,0.19119435979485047,6,216,36,15,15.0,3,pertrace_unsupervised_movement_signal,pertrace_tau15_embed3
monkeyM_session-o080513001-9_lfp-2,M,o080513001-9,2,post_go,delay,torus_geometry_15,ok,0.5601851851851852,0.5599493898908452,2,216,108,15,15.0,3,pertrace_unsupervised_movement_signal,pertrace_tau15_embed3
monkeyM_session-o080513001-9_lfp-2,M,o080513001-9,2,post_go,condition,torus_geometry_15,ok,0.08823529411764706,0.08284919484047391,12,204,17,15,15.0,3,pertrace_unsupervised_movement_signal,pertrace_tau15_embed3
monkeyM_session-o080513010-18_lfp-1,M,o080513010-18,1,pre_go,direction,torus_geometry_15,ok,0.20202020202020202,0.1989218775755451,6,198,33,15,15.0,5,pertrace_unsupervised_movement_signal,pertrace_tau15_embed5
monkeyM_session-o080513010-18_lfp-1,M,o080513010-18,1,pre_go,delay,torus_geometry_15,ok,0.5892857142857143,0.5887611749680715,2,224,112,15,15.0,5,pertrace_unsupervised_movement_signal,pertrace_tau15_embed5
monkeyM_session-o080513010-18_lfp-1,M,o080513010-18,1,pre_go,condition,torus_geometry_15,ok,0.08333333333333333,0.0763424260056826,12,180,15,15,15.0,5,pertrace_unsupervised_movement_signal,pertrace_tau15_embed5
monkeyM_session-o080513010-18_lfp-1,M,o080513010-18,1,peri_go,direction,torus_geometry_15,ok,0.21717171717171718,0.20564170758790756,6,198,33,15,15.0,5,pertrace_unsupervised_movement_signal,pertrace_tau15_embed5
monkeyM_session-o080513010-18_lfp-1,M,o080513010-18,1,peri_go,delay,torus_geometry_15,ok,0.6428571428571429,0.6427432216905902,2,224,112,15,15.0,5,pertrace_unsupervised_movement_signal,pertrace_tau15_embed5
monkeyM_session-o080513010-18_lfp-1,M,o080513010-18,1,peri_go,condition,torus_geometry_15,ok,0.1,0.09651552874344053,12,180,15,15,15.0,5,pertrace_unsupervised_movement_signal,pertrace_tau15_embed5
monkeyM_session-o080513010-18_lfp-1,M,o080513010-18,1,movement,direction,torus_geometry_15,ok,0.17676767676767677,0.16381776840921985,6,198,33,15,15.0,5,pertrace_unsupervised_movement_signal,pertrace_tau15_embed5
monkeyM_session-o080513010-18_lfp-1,M,o080513010-18,1,movement,delay,torus_geometry_15,ok,0.5044642857142857,0.502232187543793,2,224,112,15,15.0,5,pertrace_unsupervised_movement_signal,pertrace_tau15_embed5
monkeyM_session-o080513010-18_lfp-1,M,o080513010-18,1,movement,condition,torus_geometry_15,ok,0.09444444444444444,0.08771452343077979,12,180,15,15,15.0,5,pertrace_unsupervised_movement_signal,pertrace_tau15_embed5
monkeyM_session-o080513010-18_lfp-1,M,o080513010-18,1,post_go,direction,torus_geometry_15,ok,0.17676767676767677,0.16337021591773457,6,198,33,15,15.0,5,pertrace_unsupervised_movement_signal,pertrace_tau15_embed5
monkeyM_session-o080513010-18_lfp-1,M,o080513010-18,1,post_go,delay,torus_geometry_15,ok,0.5491071428571429,0.5490262523172603,2,224,112,15,15.0,5,pertrace_unsupervised_movement_signal,pertrace_tau15_embed5
monkeyM_session-o080513010-18_lfp-1,M,o080513010-18,1,post_go,condition,torus_geometry_15,ok,0.08333333333333333,0.07580032095234171,12,180,15,15,15.0,5,pertrace_unsupervised_movement_signal,pertrace_tau15_embed5
monkeyM_session-o080513010-18_lfp-2,M,o080513010-18,2,pre_go,direction,torus_geometry_15,ok,0.17676767676767677,0.17509384904323377,6,198,33,18,18.0,5,pertrace_unsupervised_movement_signal,pertrace_tau18_embed5
monkeyM_session-o080513010-18_lfp-2,M,o080513010-18,2,pre_go,delay,torus_geometry_15,ok,0.5982142857142857,0.5908758827826934,2,224,112,18,18.0,5,pertrace_unsupervised_movement_signal,pertrace_tau18_embed5
monkeyM_session-o080513010-18_lfp-2,M,o080513010-18,2,pre_go,condition,torus_geometry_15,ok,0.09444444444444444,0.09286033209130024,12,180,15,18,18.0,5,pertrace_unsupervised_movement_signal,pertrace_tau18_embed5
monkeyM_session-o080513010-18_lfp-2,M,o080513010-18,2,peri_go,direction,torus_geometry_15,ok,0.16161616161616163,0.1578179612305221,6,198,33,18,18.0,5,pertrace_unsupervised_movement_signal,pertrace_tau18_embed5
monkeyM_session-o080513010-18_lfp-2,M,o080513010-18,2,peri_go,delay,torus_geometry_15,ok,0.6160714285714286,0.6108282828282828,2,224,112,18,18.0,5,pertrace_unsupervised_movement_signal,pertrace_tau18_embed5
monkeyM_session-o080513010-18_lfp-2,M,o080513010-18,2,peri_go,condition,torus_geometry_15,ok,0.06666666666666667,0.06729236812570145,12,180,15,18,18.0,5,pertrace_unsupervised_movement_signal,pertrace_tau18_embed5
monkeyM_session-o080513010-18_lfp-2,M,o080513010-18,2,movement,direction,torus_geometry_15,ok,0.18686868686868688,0.18614055803948695,6,198,33,18,18.0,5,pertrace_unsupervised_movement_signal,pertrace_tau18_embed5
monkeyM_session-o080513010-18_lfp-2,M,o080513010-18,2,movement,delay,torus_geometry_15,ok,0.6428571428571429,0.63718820861678,2,224,112,18,18.0,5,pertrace_unsupervised_movement_signal,pertrace_tau18_embed5
monkeyM_session-o080513010-18_lfp-2,M,o080513010-18,2,movement,condition,torus_geometry_15,ok,0.08888888888888889,0.08254485458786535,12,180,15,18,18.0,5,pertrace_unsupervised_movement_signal,pertrace_tau18_embed5
monkeyM_session-o080513010-18_lfp-2,M,o080513010-18,2,post_go,direction,torus_geometry_15,ok,0.14646464646464646,0.14220391548189096,6,198,33,18,18.0,5,pertrace_unsupervised_movement_signal,pertrace_tau18_embed5
monkeyM_session-o080513010-18_lfp-2,M,o080513010-18,2,post_go,delay,torus_geometry_15,ok,0.625,0.6198787878787879,2,224,112,18,18.0,5,pertrace_unsupervised_movement_signal,pertrace_tau18_embed5
monkeyM_session-o080513010-18_lfp-2,M,o080513010-18,2,post_go,condition,torus_geometry_15,ok,0.07777777777777778,0.07658659271562497,12,180,15,18,18.0,5,pertrace_unsupervised_movement_signal,pertrace_tau18_embed5
monkeyM_session-o080514007-17_lfp-1,M,o080514007-17,1,pre_go,direction,torus_geometry_15,ok,0.18333333333333332,0.17993047422189537,6,180,30,11,11.0,7,pertrace_unsupervised_movement_signal,pertrace_tau11_embed7
monkeyM_session-o080514007-17_lfp-1,M,o080514007-17,1,pre_go,delay,torus_geometry_15,ok,0.7210526315789474,0.7206734903331391,2,190,95,11,11.0,7,pertrace_unsupervised_movement_signal,pertrace_tau11_embed7
monkeyM_session-o080514007-17_lfp-1,M,o080514007-17,1,pre_go,condition,torus_geometry_15,ok,0.07738095238095238,0.06574644187547414,12,168,14,11,11.0,7,pertrace_unsupervised_movement_signal,pertrace_tau11_embed7
monkeyM_session-o080514007-17_lfp-1,M,o080514007-17,1,peri_go,direction,torus_geometry_15,ok,0.21666666666666667,0.21872273808644585,6,180,30,11,11.0,7,pertrace_unsupervised_movement_signal,pertrace_tau11_embed7
monkeyM_session-o080514007-17_lfp-1,M,o080514007-17,1,peri_go,delay,torus_geometry_15,ok,0.48947368421052634,0.4894595418155627,2,190,95,11,11.0,7,pertrace_unsupervised_movement_signal,pertrace_tau11_embed7
monkeyM_session-o080514007-17_lfp-1,M,o080514007-17,1,peri_go,condition,torus_geometry_15,ok,0.05357142857142857,0.050235404739715085,12,168,14,11,11.0,7,pertrace_unsupervised_movement_signal,pertrace_tau11_embed7
monkeyM_session-o080514007-17_lfp-1,M,o080514007-17,1,movement,direction,torus_geometry_15,ok,0.1388888888888889,0.13772007098580752,6,180,30,11,11.0,7,pertrace_unsupervised_movement_signal,pertrace_tau11_embed7
monkeyM_session-o080514007-17_lfp-1,M,o080514007-17,1,movement,delay,torus_geometry_15,ok,0.46842105263157896,0.4682884929760882,2,190,95,11,11.0,7,pertrace_unsupervised_movement_signal,pertrace_tau11_embed7
monkeyM_session-o080514007-17_lfp-1,M,o080514007-17,1,movement,condition,torus_geometry_15,ok,0.09523809523809523,0.08241695972106682,12,168,14,11,11.0,7,pertrace_unsupervised_movement_signal,pertrace_tau11_embed7
monkeyM_session-o080514007-17_lfp-1,M,o080514007-17,1,post_go,direction,torus_geometry_15,ok,0.16111111111111112,0.16562888408583207,6,180,30,11,11.0,7,pertrace_unsupervised_movement_signal,pertrace_tau11_embed7
monkeyM_session-o080514007-17_lfp-1,M,o080514007-17,1,post_go,delay,torus_geometry_15,ok,0.5052631578947369,0.5052631578947369,2,190,95,11,11.0,7,pertrace_unsupervised_movement_signal,pertrace_tau11_embed7
monkeyM_session-o080514007-17_lfp-1,M,o080514007-17,1,post_go,condition,torus_geometry_15,ok,0.06547619047619048,0.06388716235914878,12,168,14,11,11.0,7,pertrace_unsupervised_movement_signal,pertrace_tau11_embed7
monkeyM_session-o080515002-11_lfp-1,M,o080515002-11,1,pre_go,direction,torus_geometry_15,ok,0.22083333333333333,0.21683580362315322,6,240,40,8,8.0,7,pertrace_unsupervised_movement_signal,pertrace_tau8_embed7
monkeyM_session-o080515002-11_lfp-1,M,o080515002-11,1,pre_go,delay,torus_geometry_15,ok,0.7377049180327869,0.7370689655172413,2,244,122,8,8.0,7,pertrace_unsupervised_movement_signal,pertrace_tau8_embed7
monkeyM_session-o080515002-11_lfp-1,M,o080515002-11,1,pre_go,condition,torus_geometry_15,ok,0.17083333333333334,0.15559592762444827,12,240,20,8,8.0,7,pertrace_unsupervised_movement_signal,pertrace_tau8_embed7
monkeyM_session-o080515002-11_lfp-1,M,o080515002-11,1,peri_go,direction,torus_geometry_15,ok,0.23333333333333334,0.2292350810563195,6,240,40,8,8.0,7,pertrace_unsupervised_movement_signal,pertrace_tau8_embed7
monkeyM_session-o080515002-11_lfp-1,M,o080515002-11,1,peri_go,delay,torus_geometry_15,ok,0.6844262295081968,0.6844209288653733,2,244,122,8,8.0,7,pertrace_unsupervised_movement_signal,pertrace_tau8_embed7
monkeyM_session-o080515002-11_lfp-1,M,o080515002-11,1,peri_go,condition,torus_geometry_15,ok,0.125,0.11106320521656458,12,240,20,8,8.0,7,pertrace_unsupervised_movement_signal,pertrace_tau8_embed7
monkeyM_session-o080515002-11_lfp-1,M,o080515002-11,1,movement,direction,torus_geometry_15,ok,0.2,0.19176395840800378,6,240,40,8,8.0,7,pertrace_unsupervised_movement_signal,pertrace_tau8_embed7
monkeyM_session-o080515002-11_lfp-1,M,o080515002-11,1,movement,delay,torus_geometry_15,ok,0.5409836065573771,0.5407058823529411,2,244,122,8,8.0,7,pertrace_unsupervised_movement_signal,pertrace_tau8_embed7
monkeyM_session-o080515002-11_lfp-1,M,o080515002-11,1,movement,condition,torus_geometry_15,ok,0.10416666666666667,0.09636154042836072,12,240,20,8,8.0,7,pertrace_unsupervised_movement_signal,pertrace_tau8_embed7
monkeyM_session-o080515002-11_lfp-1,M,o080515002-11,1,post_go,direction,torus_geometry_15,ok,0.225,0.2163177868049434,6,240,40,8,8.0,7,pertrace_unsupervised_movement_signal,pertrace_tau8_embed7
monkeyM_session-o080515002-11_lfp-1,M,o080515002-11,1,post_go,delay,torus_geometry_15,ok,0.48770491803278687,0.485206001991662,2,244,122,8,8.0,7,pertrace_unsupervised_movement_signal,pertrace_tau8_embed7
monkeyM_session-o080515002-11_lfp-1,M,o080515002-11,1,post_go,condition,torus_geometry_15,ok,0.12916666666666668,0.11654728916801782,12,240,20,8,8.0,7,pertrace_unsupervised_movement_signal,pertrace_tau8_embed7
monkeyM_session-o080515002-11_lfp-2,M,o080515002-11,2,pre_go,direction,torus_geometry_15,ok,0.2,0.1846987539499748,6,240,40,14,14.0,7,pertrace_unsupervised_movement_signal,pertrace_tau14_embed7
monkeyM_session-o080515002-11_lfp-2,M,o080515002-11,2,pre_go,delay,torus_geometry_15,ok,0.7418032786885246,0.7416948127236982,2,244,122,14,14.0,7,pertrace_unsupervised_movement_signal,pertrace_tau14_embed7
monkeyM_session-o080515002-11_lfp-2,M,o080515002-11,2,pre_go,condition,torus_geometry_15,ok,0.08333333333333333,0.07351995521810294,12,240,20,14,14.0,7,pertrace_unsupervised_movement_signal,pertrace_tau14_embed7
monkeyM_session-o080515002-11_lfp-2,M,o080515002-11,2,peri_go,direction,torus_geometry_15,ok,0.2,0.19663686466516142,6,240,40,14,14.0,7,pertrace_unsupervised_movement_signal,pertrace_tau14_embed7
monkeyM_session-o080515002-11_lfp-2,M,o080515002-11,2,peri_go,delay,torus_geometry_15,ok,0.5491803278688525,0.54890756302521,2,244,122,14,14.0,7,pertrace_unsupervised_movement_signal,pertrace_tau14_embed7
monkeyM_session-o080515002-11_lfp-2,M,o080515002-11,2,peri_go,condition,torus_geometry_15,ok,0.14583333333333334,0.13891447398641746,12,240,20,14,14.0,7,pertrace_unsupervised_movement_signal,pertrace_tau14_embed7
monkeyM_session-o080515002-11_lfp-2,M,o080515002-11,2,movement,direction,torus_geometry_15,ok,0.22083333333333333,0.2092288684457028,6,240,40,14,14.0,7,pertrace_unsupervised_movement_signal,pertrace_tau14_embed7
monkeyM_session-o080515002-11_lfp-2,M,o080515002-11,2,movement,delay,torus_geometry_15,ok,0.5327868852459017,0.5320008075913587,2,244,122,14,14.0,7,pertrace_unsupervised_movement_signal,pertrace_tau14_embed7
monkeyM_session-o080515002-11_lfp-2,M,o080515002-11,2,movement,condition,torus_geometry_15,ok,0.09166666666666666,0.08821964781183596,12,240,20,14,14.0,7,pertrace_unsupervised_movement_signal,pertrace_tau14_embed7
monkeyM_session-o080515002-11_lfp-2,M,o080515002-11,2,post_go,direction,torus_geometry_15,ok,0.22083333333333333,0.21280612252957262,6,240,40,14,14.0,7,pertrace_unsupervised_movement_signal,pertrace_tau14_embed7
monkeyM_session-o080515002-11_lfp-2,M,o080515002-11,2,post_go,delay,torus_geometry_15,ok,0.5573770491803278,0.5559150657229526,2,244,122,14,14.0,7,pertrace_unsupervised_movement_signal,pertrace_tau14_embed7
monkeyM_session-o080515002-11_lfp-2,M,o080515002-11,2,post_go,condition,torus_geometry_15,ok,0.09583333333333334,0.08595585274148831,12,240,20,14,14.0,7,pertrace_unsupervised_movement_signal,pertrace_tau14_embed7
monkeyM_session-o080515012-24_lfp-1,M,o080515012-24,1,pre_go,direction,torus_geometry_15,ok,0.1814814814814815,0.1798809884174162,6,270,45,10,10.0,7,pertrace_unsupervised_movement_signal,pertrace_tau10_embed7
monkeyM_session-o080515012-24_lfp-1,M,o080515012-24,1,pre_go,delay,torus_geometry_15,ok,0.6737588652482269,0.6737424547283701,2,282,141,10,10.0,7,pertrace_unsupervised_movement_signal,pertrace_tau10_embed7
monkeyM_session-o080515012-24_lfp-1,M,o080515012-24,1,pre_go,condition,torus_geometry_15,ok,0.09523809523809523,0.08292692831539898,12,252,21,10,10.0,7,pertrace_unsupervised_movement_signal,pertrace_tau10_embed7
monkeyM_session-o080515012-24_lfp-1,M,o080515012-24,1,peri_go,direction,torus_geometry_15,ok,0.1814814814814815,0.17530566826306423,6,270,45,10,10.0,7,pertrace_unsupervised_movement_signal,pertrace_tau10_embed7
monkeyM_session-o080515012-24_lfp-1,M,o080515012-24,1,peri_go,delay,torus_geometry_15,ok,0.5780141843971631,0.5777540106951872,2,282,141,10,10.0,7,pertrace_unsupervised_movement_signal,pertrace_tau10_embed7
monkeyM_session-o080515012-24_lfp-1,M,o080515012-24,1,peri_go,condition,torus_geometry_15,ok,0.0992063492063492,0.09694342329066491,12,252,21,10,10.0,7,pertrace_unsupervised_movement_signal,pertrace_tau10_embed7
monkeyM_session-o080515012-24_lfp-1,M,o080515012-24,1,movement,direction,torus_geometry_15,ok,0.1962962962962963,0.19689317726866684,6,270,45,10,10.0,7,pertrace_unsupervised_movement_signal,pertrace_tau10_embed7
monkeyM_session-o080515012-24_lfp-1,M,o080515012-24,1,movement,delay,torus_geometry_15,ok,0.5,0.4999434069043577,2,282,141,10,10.0,7,pertrace_unsupervised_movement_signal,pertrace_tau10_embed7
monkeyM_session-o080515012-24_lfp-1,M,o080515012-24,1,movement,condition,torus_geometry_15,ok,0.11507936507936507,0.09884765120230171,12,252,21,10,10.0,7,pertrace_unsupervised_movement_signal,pertrace_tau10_embed7
monkeyM_session-o080515012-24_lfp-1,M,o080515012-24,1,post_go,direction,torus_geometry_15,ok,0.2,0.1949370003379167,6,270,45,10,10.0,7,pertrace_unsupervised_movement_signal,pertrace_tau10_embed7
monkeyM_session-o080515012-24_lfp-1,M,o080515012-24,1,post_go,delay,torus_geometry_15,ok,0.5531914893617021,0.5529891304347826,2,282,141,10,10.0,7,pertrace_unsupervised_movement_signal,pertrace_tau10_embed7
monkeyM_session-o080515012-24_lfp-1,M,o080515012-24,1,post_go,condition,torus_geometry_15,ok,0.07936507936507936,0.07499480857031454,12,252,21,10,10.0,7,pertrace_unsupervised_movement_signal,pertrace_tau10_embed7
monkeyM_session-o080515012-24_lfp-2,M,o080515012-24,2,pre_go,direction,torus_geometry_15,ok,0.17777777777777778,0.1724586810082348,6,270,45,11,11.0,7,pertrace_unsupervised_movement_signal,pertrace_tau11_embed7
monkeyM_session-o080515012-24_lfp-2,M,o080515012-24,2,pre_go,delay,torus_geometry_15,ok,0.7163120567375887,0.7159548751007252,2,282,141,11,11.0,7,pertrace_unsupervised_movement_signal,pertrace_tau11_embed7
monkeyM_session-o080515012-24_lfp-2,M,o080515012-24,2,pre_go,condition,torus_geometry_15,ok,0.1388888888888889,0.13024506311873488,12,252,21,11,11.0,7,pertrace_unsupervised_movement_signal,pertrace_tau11_embed7
monkeyM_session-o080515012-24_lfp-2,M,o080515012-24,2,peri_go,direction,torus_geometry_15,ok,0.15555555555555556,0.154959238614465,6,270,45,11,11.0,7,pertrace_unsupervised_movement_signal,pertrace_tau11_embed7
monkeyM_session-o080515012-24_lfp-2,M,o080515012-24,2,peri_go,delay,torus_geometry_15,ok,0.5709219858156028,0.570916590168882,2,282,141,11,11.0,7,pertrace_unsupervised_movement_signal,pertrace_tau11_embed7
monkeyM_session-o080515012-24_lfp-2,M,o080515012-24,2,peri_go,condition,torus_geometry_15,ok,0.09126984126984126,0.08383218488278231,12,252,21,11,11.0,7,pertrace_unsupervised_movement_signal,pertrace_tau11_embed7
monkeyM_session-o080515012-24_lfp-2,M,o080515012-24,2,movement,direction,torus_geometry_15,ok,0.2037037037037037,0.19651898416216795,6,270,45,11,11.0,7,pertrace_unsupervised_movement_signal,pertrace_tau11_embed7
monkeyM_session-o080515012-24_lfp-2,M,o080515012-24,2,movement,delay,torus_geometry_15,ok,0.5638297872340425,0.5633850685397077,2,282,141,11,11.0,7,pertrace_unsupervised_movement_signal,pertrace_tau11_embed7
monkeyM_session-o080515012-24_lfp-2,M,o080515012-24,2,movement,condition,torus_geometry_15,ok,0.09126984126984126,0.07330192393143359,12,252,21,11,11.0,7,pertrace_unsupervised_movement_signal,pertrace_tau11_embed7
monkeyM_session-o080515012-24_lfp-2,M,o080515012-24,2,post_go,direction,torus_geometry_15,ok,0.17407407407407408,0.1714820085714529,6,270,45,11,11.0,7,pertrace_unsupervised_movement_signal,pertrace_tau11_embed7
monkeyM_session-o080515012-24_lfp-2,M,o080515012-24,2,post_go,delay,torus_geometry_15,ok,0.5319148936170213,0.5295485566958192,2,282,141,11,11.0,7,pertrace_unsupervised_movement_signal,pertrace_tau11_embed7
monkeyM_session-o080515012-24_lfp-2,M,o080515012-24,2,post_go,condition,torus_geometry_15,ok,0.06746031746031746,0.06662343552507793,12,252,21,11,11.0,7,pertrace_unsupervised_movement_signal,pertrace_tau11_embed7
monkeyM_session-o080516002-14_lfp-1,M,o080516002-14,1,pre_go,direction,torus_geometry_15,ok,0.18333333333333332,0.16987064821533973,6,120,20,17,17.0,5,pertrace_unsupervised_movement_signal,pertrace_tau17_embed5
monkeyM_session-o080516002-14_lfp-1,M,o080516002-14,1,pre_go,delay,torus_geometry_15,ok,0.6089743589743589,0.6081854490056409,2,156,78,17,17.0,5,pertrace_unsupervised_movement_signal,pertrace_tau17_embed5
monkeyM_session-o080516002-14_lfp-1,M,o080516002-14,1,pre_go,condition,torus_geometry_15,ok,0.09259259259259259,0.09456406166932484,12,108,9,17,17.0,5,pertrace_unsupervised_movement_signal,pertrace_tau17_embed5
monkeyM_session-o080516002-14_lfp-1,M,o080516002-14,1,peri_go,direction,torus_geometry_15,ok,0.15,0.14463734068997228,6,120,20,17,17.0,5,pertrace_unsupervised_movement_signal,pertrace_tau17_embed5
monkeyM_session-o080516002-14_lfp-1,M,o080516002-14,1,peri_go,delay,torus_geometry_15,ok,0.6346153846153846,0.6342396446053227,2,156,78,17,17.0,5,pertrace_unsupervised_movement_signal,pertrace_tau17_embed5
monkeyM_session-o080516002-14_lfp-1,M,o080516002-14,1,peri_go,condition,torus_geometry_15,ok,0.1388888888888889,0.11291763791763791,12,108,9,17,17.0,5,pertrace_unsupervised_movement_signal,pertrace_tau17_embed5
monkeyM_session-o080516002-14_lfp-1,M,o080516002-14,1,movement,direction,torus_geometry_15,ok,0.225,0.22807762992441516,6,120,20,17,17.0,5,pertrace_unsupervised_movement_signal,pertrace_tau17_embed5
monkeyM_session-o080516002-14_lfp-1,M,o080516002-14,1,movement,delay,torus_geometry_15,ok,0.4358974358974359,0.4358047016274864,2,156,78,17,17.0,5,pertrace_unsupervised_movement_signal,pertrace_tau17_embed5
monkeyM_session-o080516002-14_lfp-1,M,o080516002-14,1,movement,condition,torus_geometry_15,ok,0.08333333333333333,0.07890642972164712,12,108,9,17,17.0,5,pertrace_unsupervised_movement_signal,pertrace_tau17_embed5
monkeyM_session-o080516002-14_lfp-1,M,o080516002-14,1,post_go,direction,torus_geometry_15,ok,0.19166666666666668,0.1819425322576583,6,120,20,17,17.0,5,pertrace_unsupervised_movement_signal,pertrace_tau17_embed5
monkeyM_session-o080516002-14_lfp-1,M,o080516002-14,1,post_go,delay,torus_geometry_15,ok,0.44871794871794873,0.4486273220450435,2,156,78,17,17.0,5,pertrace_unsupervised_movement_signal,pertrace_tau17_embed5
monkeyM_session-o080516002-14_lfp-1,M,o080516002-14,1,post_go,condition,torus_geometry_15,ok,0.08333333333333333,0.07408114761055938,12,108,9,17,17.0,5,pertrace_unsupervised_movement_signal,pertrace_tau17_embed5
monkeyM_session-o080516002-14_lfp-4,M,o080516002-14,4,pre_go,direction,torus_geometry_15,ok,0.11666666666666667,0.11743688489516473,6,120,20,14,14.0,7,pertrace_unsupervised_movement_signal,pertrace_tau14_embed7
monkeyM_session-o080516002-14_lfp-4,M,o080516002-14,4,pre_go,delay,torus_geometry_15,ok,0.6089743589743589,0.6085722512442927,2,156,78,14,14.0,7,pertrace_unsupervised_movement_signal,pertrace_tau14_embed7
monkeyM_session-o080516002-14_lfp-4,M,o080516002-14,4,pre_go,condition,torus_geometry_15,ok,0.1388888888888889,0.1281866281866282,12,108,9,14,14.0,7,pertrace_unsupervised_movement_signal,pertrace_tau14_embed7
monkeyM_session-o080516002-14_lfp-4,M,o080516002-14,4,peri_go,direction,torus_geometry_15,ok,0.125,0.11799884252509929,6,120,20,14,14.0,7,pertrace_unsupervised_movement_signal,pertrace_tau14_embed7
monkeyM_session-o080516002-14_lfp-4,M,o080516002-14,4,peri_go,delay,torus_geometry_15,ok,0.5,0.49793695329262255,2,156,78,14,14.0,7,pertrace_unsupervised_movement_signal,pertrace_tau14_embed7
monkeyM_session-o080516002-14_lfp-4,M,o080516002-14,4,peri_go,condition,torus_geometry_15,ok,0.08333333333333333,0.07914393827706522,12,108,9,14,14.0,7,pertrace_unsupervised_movement_signal,pertrace_tau14_embed7
monkeyM_session-o080516002-14_lfp-4,M,o080516002-14,4,movement,direction,torus_geometry_15,ok,0.11666666666666667,0.10408099141624365,6,120,20,14,14.0,7,pertrace_unsupervised_movement_signal,pertrace_tau14_embed7
monkeyM_session-o080516002-14_lfp-4,M,o080516002-14,4,movement,delay,torus_geometry_15,ok,0.4230769230769231,0.4222222222222222,2,156,78,14,14.0,7,pertrace_unsupervised_movement_signal,pertrace_tau14_embed7
monkeyM_session-o080516002-14_lfp-4,M,o080516002-14,4,movement,condition,torus_geometry_15,ok,0.10185185185185185,0.08978174603174603,12,108,9,14,14.0,7,pertrace_unsupervised_movement_signal,pertrace_tau14_embed7
monkeyM_session-o080516002-14_lfp-4,M,o080516002-14,4,post_go,direction,torus_geometry_15,ok,0.13333333333333333,0.12644010820702548,6,120,20,14,14.0,7,pertrace_unsupervised_movement_signal,pertrace_tau14_embed7
monkeyM_session-o080516002-14_lfp-4,M,o080516002-14,4,post_go,delay,torus_geometry_15,ok,0.532051282051282,0.5318781600690591,2,156,78,14,14.0,7,pertrace_unsupervised_movement_signal,pertrace_tau14_embed7
monkeyM_session-o080516002-14_lfp-4,M,o080516002-14,4,post_go,condition,torus_geometry_15,ok,0.07407407407407407,0.07221447856122779,12,108,9,14,14.0,7,pertrace_unsupervised_movement_signal,pertrace_tau14_embed7
monkeyM_session-o080516015-26_lfp-5,M,o080516015-26,5,pre_go,direction,torus_geometry_15,ok,0.16666666666666666,0.16690307328605203,6,138,23,18,18.0,3,pertrace_unsupervised_movement_signal,pertrace_tau18_embed3
monkeyM_session-o080516015-26_lfp-5,M,o080516015-26,5,pre_go,delay,torus_geometry_15,ok,0.6666666666666666,0.6664294609500089,2,150,75,18,18.0,3,pertrace_unsupervised_movement_signal,pertrace_tau18_embed3
monkeyM_session-o080516015-26_lfp-5,M,o080516015-26,5,pre_go,condition,torus_geometry_15,ok,0.06818181818181818,0.0658481365377917,12,132,11,18,18.0,3,pertrace_unsupervised_movement_signal,pertrace_tau18_embed3
monkeyM_session-o080516015-26_lfp-5,M,o080516015-26,5,peri_go,direction,torus_geometry_15,ok,0.18840579710144928,0.1891473198649193,6,138,23,18,18.0,3,pertrace_unsupervised_movement_signal,pertrace_tau18_embed3
monkeyM_session-o080516015-26_lfp-5,M,o080516015-26,5,peri_go,delay,torus_geometry_15,ok,0.5666666666666667,0.5664932639722555,2,150,75,18,18.0,3,pertrace_unsupervised_movement_signal,pertrace_tau18_embed3
monkeyM_session-o080516015-26_lfp-5,M,o080516015-26,5,peri_go,condition,torus_geometry_15,ok,0.08333333333333333,0.08232366794151691,12,132,11,18,18.0,3,pertrace_unsupervised_movement_signal,pertrace_tau18_embed3
monkeyM_session-o080516015-26_lfp-5,M,o080516015-26,5,movement,direction,torus_geometry_15,ok,0.13043478260869565,0.1321574892914067,6,138,23,18,18.0,3,pertrace_unsupervised_movement_signal,pertrace_tau18_embed3
monkeyM_session-o080516015-26_lfp-5,M,o080516015-26,5,movement,delay,torus_geometry_15,ok,0.52,0.5199146514935988,2,150,75,18,18.0,3,pertrace_unsupervised_movement_signal,pertrace_tau18_embed3
monkeyM_session-o080516015-26_lfp-5,M,o080516015-26,5,movement,condition,torus_geometry_15,ok,0.10606060606060606,0.10200984991221451,12,132,11,18,18.0,3,pertrace_unsupervised_movement_signal,pertrace_tau18_embed3
monkeyM_session-o080516015-26_lfp-5,M,o080516015-26,5,post_go,direction,torus_geometry_15,ok,0.14492753623188406,0.139419118560606,6,138,23,18,18.0,3,pertrace_unsupervised_movement_signal,pertrace_tau18_embed3
monkeyM_session-o080516015-26_lfp-5,M,o080516015-26,5,post_go,delay,torus_geometry_15,ok,0.5333333333333333,0.5325854700854701,2,150,75,18,18.0,3,pertrace_unsupervised_movement_signal,pertrace_tau18_embed3
monkeyM_session-o080516015-26_lfp-5,M,o080516015-26,5,post_go,condition,torus_geometry_15,ok,0.08333333333333333,0.0816664069613253,12,132,11,18,18.0,3,pertrace_unsupervised_movement_signal,pertrace_tau18_embed3
monkeyM_session-o080520001-6_lfp-2,M,o080520001-6,2,pre_go,direction,torus_geometry_15,ok,0.48,0.47916666666666663,2,100,50,23,23.0,7,pertrace_unsupervised_movement_signal,pertrace_tau23_embed7
monkeyM_session-o080520001-6_lfp-2,M,o080520001-6,2,pre_go,delay,torus_geometry_15,ok,0.59,0.5896306676008407,2,100,50,23,23.0,7,pertrace_unsupervised_movement_signal,pertrace_tau23_embed7
monkeyM_session-o080520001-6_lfp-2,M,o080520001-6,2,pre_go,condition,torus_geometry_15,ok,0.31,0.2994655529145084,4,100,25,23,23.0,7,pertrace_unsupervised_movement_signal,pertrace_tau23_embed7
monkeyM_session-o080520001-6_lfp-2,M,o080520001-6,2,peri_go,direction,torus_geometry_15,ok,0.37,0.36943248924031624,2,100,50,23,23.0,7,pertrace_unsupervised_movement_signal,pertrace_tau23_embed7
monkeyM_session-o080520001-6_lfp-2,M,o080520001-6,2,peri_go,delay,torus_geometry_15,ok,0.52,0.5192307692307692,2,100,50,23,23.0,7,pertrace_unsupervised_movement_signal,pertrace_tau23_embed7
monkeyM_session-o080520001-6_lfp-2,M,o080520001-6,2,peri_go,condition,torus_geometry_15,ok,0.23,0.2184470484264275,4,100,25,23,23.0,7,pertrace_unsupervised_movement_signal,pertrace_tau23_embed7
monkeyM_session-o080520001-6_lfp-2,M,o080520001-6,2,movement,direction,torus_geometry_15,ok,0.48,0.48,2,100,50,23,23.0,7,pertrace_unsupervised_movement_signal,pertrace_tau23_embed7
monkeyM_session-o080520001-6_lfp-2,M,o080520001-6,2,movement,delay,torus_geometry_15,ok,0.56,0.5584102769971899,2,100,50,23,23.0,7,pertrace_unsupervised_movement_signal,pertrace_tau23_embed7
monkeyM_session-o080520001-6_lfp-2,M,o080520001-6,2,movement,condition,torus_geometry_15,ok,0.3,0.29484298770013057,4,100,25,23,23.0,7,pertrace_unsupervised_movement_signal,pertrace_tau23_embed7
monkeyM_session-o080520001-6_lfp-2,M,o080520001-6,2,post_go,direction,torus_geometry_15,ok,0.55,0.54995499549955,2,100,50,23,23.0,7,pertrace_unsupervised_movement_signal,pertrace_tau23_embed7
monkeyM_session-o080520001-6_lfp-2,M,o080520001-6,2,post_go,delay,torus_geometry_15,ok,0.59,0.5879811074263892,2,100,50,23,23.0,7,pertrace_unsupervised_movement_signal,pertrace_tau23_embed7
monkeyM_session-o080520001-6_lfp-2,M,o080520001-6,2,post_go,condition,torus_geometry_15,ok,0.27,0.25379837553750595,4,100,25,23,23.0,7,pertrace_unsupervised_movement_signal,pertrace_tau23_embed7
monkeyM_session-o080520001-6_lfp-4,M,o080520001-6,4,pre_go,direction,torus_geometry_15,ok,0.43,0.4294865378840957,2,100,50,16,16.0,5,pertrace_unsupervised_movement_signal,pertrace_tau16_embed5
monkeyM_session-o080520001-6_lfp-4,M,o080520001-6,4,pre_go,delay,torus_geometry_15,ok,0.6,0.5993589743589745,2,100,50,16,16.0,5,pertrace_unsupervised_movement_signal,pertrace_tau16_embed5
monkeyM_session-o080520001-6_lfp-4,M,o080520001-6,4,pre_go,condition,torus_geometry_15,ok,0.28,0.27845030069948123,4,100,25,16,16.0,5,pertrace_unsupervised_movement_signal,pertrace_tau16_embed5
monkeyM_session-o080520001-6_lfp-4,M,o080520001-6,4,peri_go,direction,torus_geometry_15,ok,0.52,0.52,2,100,50,16,16.0,5,pertrace_unsupervised_movement_signal,pertrace_tau16_embed5
monkeyM_session-o080520001-6_lfp-4,M,o080520001-6,4,peri_go,delay,torus_geometry_15,ok,0.61,0.60996099609961,2,100,50,16,16.0,5,pertrace_unsupervised_movement_signal,pertrace_tau16_embed5
monkeyM_session-o080520001-6_lfp-4,M,o080520001-6,4,peri_go,condition,torus_geometry_15,ok,0.29,0.28649765418131534,4,100,25,16,16.0,5,pertrace_unsupervised_movement_signal,pertrace_tau16_embed5
monkeyM_session-o080520001-6_lfp-4,M,o080520001-6,4,movement,direction,torus_geometry_15,ok,0.49,0.48994899489948995,2,100,50,16,16.0,5,pertrace_unsupervised_movement_signal,pertrace_tau16_embed5
monkeyM_session-o080520001-6_lfp-4,M,o080520001-6,4,movement,delay,torus_geometry_15,ok,0.6,0.6,2,100,50,16,16.0,5,pertrace_unsupervised_movement_signal,pertrace_tau16_embed5
monkeyM_session-o080520001-6_lfp-4,M,o080520001-6,4,movement,condition,torus_geometry_15,ok,0.2,0.19949864383575744,4,100,25,16,16.0,5,pertrace_unsupervised_movement_signal,pertrace_tau16_embed5
monkeyM_session-o080520001-6_lfp-4,M,o080520001-6,4,post_go,direction,torus_geometry_15,ok,0.51,0.5095586027424682,2,100,50,16,16.0,5,pertrace_unsupervised_movement_signal,pertrace_tau16_embed5
monkeyM_session-o080520001-6_lfp-4,M,o080520001-6,4,post_go,delay,torus_geometry_15,ok,0.54,0.54,2,100,50,16,16.0,5,pertrace_unsupervised_movement_signal,pertrace_tau16_embed5
monkeyM_session-o080520001-6_lfp-4,M,o080520001-6,4,post_go,condition,torus_geometry_15,ok,0.33,0.32068726480491183,4,100,25,16,16.0,5,pertrace_unsupervised_movement_signal,pertrace_tau16_embed5
monkeyM_session-o080520007-14_lfp-2,M,o080520007-14,2,pre_go,direction,torus_geometry_15,ok,0.6346153846153846,0.6333951762523191,2,52,26,16,16.0,5,pertrace_unsupervised_movement_signal,pertrace_tau16_embed5
monkeyM_session-o080520007-14_lfp-2,M,o080520007-14,2,pre_go,delay,torus_geometry_15,ok,0.6923076923076923,0.6918518518518519,2,52,26,16,16.0,5,pertrace_unsupervised_movement_signal,pertrace_tau16_embed5
monkeyM_session-o080520007-14_lfp-2,M,o080520007-14,2,pre_go,condition,torus_geometry_15,ok,0.46153846153846156,0.4568438003220612,4,52,13,16,16.0,5,pertrace_unsupervised_movement_signal,pertrace_tau16_embed5
monkeyM_session-o080520007-14_lfp-2,M,o080520007-14,2,peri_go,direction,torus_geometry_15,ok,0.5576923076923077,0.5535647629712579,2,52,26,16,16.0,5,pertrace_unsupervised_movement_signal,pertrace_tau16_embed5
monkeyM_session-o080520007-14_lfp-2,M,o080520007-14,2,peri_go,delay,torus_geometry_15,ok,0.5961538461538461,0.5948051948051948,2,52,26,16,16.0,5,pertrace_unsupervised_movement_signal,pertrace_tau16_embed5
monkeyM_session-o080520007-14_lfp-2,M,o080520007-14,2,peri_go,condition,torus_geometry_15,ok,0.25,0.23659324184061814,4,52,13,16,16.0,5,pertrace_unsupervised_movement_signal,pertrace_tau16_embed5
monkeyM_session-o080520007-14_lfp-2,M,o080520007-14,2,movement,direction,torus_geometry_15,ok,0.5,0.49702380952380953,2,52,26,16,16.0,5,pertrace_unsupervised_movement_signal,pertrace_tau16_embed5
monkeyM_session-o080520007-14_lfp-2,M,o080520007-14,2,movement,delay,torus_geometry_15,ok,0.5576923076923077,0.557528671846097,2,52,26,16,16.0,5,pertrace_unsupervised_movement_signal,pertrace_tau16_embed5
monkeyM_session-o080520007-14_lfp-2,M,o080520007-14,2,movement,condition,torus_geometry_15,ok,0.23076923076923078,0.2185294117647059,4,52,13,16,16.0,5,pertrace_unsupervised_movement_signal,pertrace_tau16_embed5
monkeyM_session-o080520007-14_lfp-2,M,o080520007-14,2,post_go,direction,torus_geometry_15,ok,0.46153846153846156,0.46074074074074073,2,52,26,16,16.0,5,pertrace_unsupervised_movement_signal,pertrace_tau16_embed5
monkeyM_session-o080520007-14_lfp-2,M,o080520007-14,2,post_go,delay,torus_geometry_15,ok,0.40384615384615385,0.4036256011838698,2,52,26,16,16.0,5,pertrace_unsupervised_movement_signal,pertrace_tau16_embed5
monkeyM_session-o080520007-14_lfp-2,M,o080520007-14,2,post_go,condition,torus_geometry_15,ok,0.15384615384615385,0.16288156288156286,4,52,13,16,16.0,5,pertrace_unsupervised_movement_signal,pertrace_tau16_embed5
monkeyM_session-o080520007-14_lfp-4,M,o080520007-14,4,pre_go,direction,torus_geometry_15,ok,0.5,0.49925925925925924,2,52,26,22,22.0,5,pertrace_unsupervised_movement_signal,pertrace_tau22_embed5
monkeyM_session-o080520007-14_lfp-4,M,o080520007-14,4,pre_go,delay,torus_geometry_15,ok,0.4230769230769231,0.4230769230769231,2,52,26,22,22.0,5,pertrace_unsupervised_movement_signal,pertrace_tau22_embed5
monkeyM_session-o080520007-14_lfp-4,M,o080520007-14,4,pre_go,condition,torus_geometry_15,ok,0.23076923076923078,0.20954022988505747,4,52,13,22,22.0,5,pertrace_unsupervised_movement_signal,pertrace_tau22_embed5
monkeyM_session-o080520007-14_lfp-4,M,o080520007-14,4,peri_go,direction,torus_geometry_15,ok,0.4807692307692308,0.48057713651498335,2,52,26,22,22.0,5,pertrace_unsupervised_movement_signal,pertrace_tau22_embed5
monkeyM_session-o080520007-14_lfp-4,M,o080520007-14,4,peri_go,delay,torus_geometry_15,ok,0.4423076923076923,0.44044526901669756,2,52,26,22,22.0,5,pertrace_unsupervised_movement_signal,pertrace_tau22_embed5
monkeyM_session-o080520007-14_lfp-4,M,o080520007-14,4,peri_go,condition,torus_geometry_15,ok,0.3269230769230769,0.32566951566951563,4,52,13,22,22.0,5,pertrace_unsupervised_movement_signal,pertrace_tau22_embed5
monkeyM_session-o080520007-14_lfp-4,M,o080520007-14,4,movement,direction,torus_geometry_15,ok,0.4807692307692308,0.4790352504638219,2,52,26,22,22.0,5,pertrace_unsupervised_movement_signal,pertrace_tau22_embed5
monkeyM_session-o080520007-14_lfp-4,M,o080520007-14,4,movement,delay,torus_geometry_15,ok,0.46153846153846156,0.46074074074074073,2,52,26,22,22.0,5,pertrace_unsupervised_movement_signal,pertrace_tau22_embed5
monkeyM_session-o080520007-14_lfp-4,M,o080520007-14,4,movement,condition,torus_geometry_15,ok,0.25,0.24396135265700483,4,52,13,22,22.0,5,pertrace_unsupervised_movement_signal,pertrace_tau22_embed5
monkeyM_session-o080520007-14_lfp-4,M,o080520007-14,4,post_go,direction,torus_geometry_15,ok,0.4230769230769231,0.4222222222222222,2,52,26,22,22.0,5,pertrace_unsupervised_movement_signal,pertrace_tau22_embed5
monkeyM_session-o080520007-14_lfp-4,M,o080520007-14,4,post_go,delay,torus_geometry_15,ok,0.5384615384615384,0.5384615384615384,2,52,26,22,22.0,5,pertrace_unsupervised_movement_signal,pertrace_tau22_embed5
monkeyM_session-o080520007-14_lfp-4,M,o080520007-14,4,post_go,condition,torus_geometry_15,ok,0.2692307692307692,0.2556935817805383,4,52,13,22,22.0,5,pertrace_unsupervised_movement_signal,pertrace_tau22_embed5
monkeyM_session-o080521001-5_lfp-1,M,o080521001-5,1,pre_go,direction,torus_geometry_15,ok,0.5,0.49882659713168187,2,62,31,16,16.0,7,pertrace_unsupervised_movement_signal,pertrace_tau16_embed7
monkeyM_session-o080521001-5_lfp-1,M,o080521001-5,1,pre_go,delay,torus_geometry_15,ok,0.55,0.5488721804511278,2,60,30,16,16.0,7,pertrace_unsupervised_movement_signal,pertrace_tau16_embed7
monkeyM_session-o080521001-5_lfp-1,M,o080521001-5,1,pre_go,condition,torus_geometry_15,ok,0.3269230769230769,0.3052064589893537,4,52,13,16,16.0,7,pertrace_unsupervised_movement_signal,pertrace_tau16_embed7
monkeyM_session-o080521001-5_lfp-1,M,o080521001-5,1,peri_go,direction,torus_geometry_15,ok,0.6129032258064516,0.6129032258064516,2,62,31,16,16.0,7,pertrace_unsupervised_movement_signal,pertrace_tau16_embed7
monkeyM_session-o080521001-5_lfp-1,M,o080521001-5,1,peri_go,delay,torus_geometry_15,ok,0.6166666666666667,0.613986013986014,2,60,30,16,16.0,7,pertrace_unsupervised_movement_signal,pertrace_tau16_embed7
monkeyM_session-o080521001-5_lfp-1,M,o080521001-5,1,peri_go,condition,torus_geometry_15,ok,0.3269230769230769,0.3056935817805383,4,52,13,16,16.0,7,pertrace_unsupervised_movement_signal,pertrace_tau16_embed7
monkeyM_session-o080521001-5_lfp-1,M,o080521001-5,1,movement,direction,torus_geometry_15,ok,0.6451612903225806,0.6447916666666667,2,62,31,16,16.0,7,pertrace_unsupervised_movement_signal,pertrace_tau16_embed7
monkeyM_session-o080521001-5_lfp-1,M,o080521001-5,1,movement,delay,torus_geometry_15,ok,0.4666666666666667,0.4642857142857143,2,60,30,16,16.0,7,pertrace_unsupervised_movement_signal,pertrace_tau16_embed7
monkeyM_session-o080521001-5_lfp-1,M,o080521001-5,1,movement,condition,torus_geometry_15,ok,0.23076923076923078,0.22302278366794492,4,52,13,16,16.0,7,pertrace_unsupervised_movement_signal,pertrace_tau16_embed7
monkeyM_session-o080521001-5_lfp-1,M,o080521001-5,1,post_go,direction,torus_geometry_15,ok,0.5967741935483871,0.5966692688004163,2,62,31,16,16.0,7,pertrace_unsupervised_movement_signal,pertrace_tau16_embed7
monkeyM_session-o080521001-5_lfp-1,M,o080521001-5,1,post_go,delay,torus_geometry_15,ok,0.5,0.4994438264738599,2,60,30,16,16.0,7,pertrace_unsupervised_movement_signal,pertrace_tau16_embed7
monkeyM_session-o080521001-5_lfp-1,M,o080521001-5,1,post_go,condition,torus_geometry_15,ok,0.3269230769230769,0.32700957213700843,4,52,13,16,16.0,7,pertrace_unsupervised_movement_signal,pertrace_tau16_embed7
monkeyM_session-o080521006-9_lfp-1,M,o080521006-9,1,pre_go,direction,torus_geometry_15,ok,0.524390243902439,0.5243195002231147,2,82,41,16,16.0,7,pertrace_unsupervised_movement_signal,pertrace_tau16_embed7
monkeyM_session-o080521006-9_lfp-1,M,o080521006-9,1,pre_go,delay,torus_geometry_15,ok,0.5238095238095238,0.5235394214407261,2,84,42,16,16.0,7,pertrace_unsupervised_movement_signal,pertrace_tau16_embed7
monkeyM_session-o080521006-9_lfp-1,M,o080521006-9,1,pre_go,condition,torus_geometry_15,ok,0.2625,0.2613886113886114,4,80,20,16,16.0,7,pertrace_unsupervised_movement_signal,pertrace_tau16_embed7
monkeyM_session-o080521006-9_lfp-1,M,o080521006-9,1,peri_go,direction,torus_geometry_15,ok,0.4634146341463415,0.4630952380952381,2,82,41,16,16.0,7,pertrace_unsupervised_movement_signal,pertrace_tau16_embed7
monkeyM_session-o080521006-9_lfp-1,M,o080521006-9,1,peri_go,delay,torus_geometry_15,ok,0.5357142857142857,0.5356484762579731,2,84,42,16,16.0,7,pertrace_unsupervised_movement_signal,pertrace_tau16_embed7
monkeyM_session-o080521006-9_lfp-1,M,o080521006-9,1,peri_go,condition,torus_geometry_15,ok,0.35,0.3421001412476505,4,80,20,16,16.0,7,pertrace_unsupervised_movement_signal,pertrace_tau16_embed7
monkeyM_session-o080521006-9_lfp-1,M,o080521006-9,1,movement,direction,torus_geometry_15,ok,0.5365853658536586,0.5365853658536586,2,82,41,16,16.0,7,pertrace_unsupervised_movement_signal,pertrace_tau16_embed7
monkeyM_session-o080521006-9_lfp-1,M,o080521006-9,1,movement,delay,torus_geometry_15,ok,0.5476190476190477,0.5465909090909091,2,84,42,16,16.0,7,pertrace_unsupervised_movement_signal,pertrace_tau16_embed7
monkeyM_session-o080521006-9_lfp-1,M,o080521006-9,1,movement,condition,torus_geometry_15,ok,0.2875,0.27993674737860785,4,80,20,16,16.0,7,pertrace_unsupervised_movement_signal,pertrace_tau16_embed7
monkeyM_session-o080521006-9_lfp-1,M,o080521006-9,1,post_go,direction,torus_geometry_15,ok,0.4878048780487805,0.4828828828828829,2,82,41,16,16.0,7,pertrace_unsupervised_movement_signal,pertrace_tau16_embed7
monkeyM_session-o080521006-9_lfp-1,M,o080521006-9,1,post_go,delay,torus_geometry_15,ok,0.5952380952380952,0.595008508224617,2,84,42,16,16.0,7,pertrace_unsupervised_movement_signal,pertrace_tau16_embed7
monkeyM_session-o080521006-9_lfp-1,M,o080521006-9,1,post_go,condition,torus_geometry_15,ok,0.325,0.3293553599849686,4,80,20,16,16.0,7,pertrace_unsupervised_movement_signal,pertrace_tau16_embed7
monkeyM_session-o080521010-13_lfp-2,M,o080521010-13,2,pre_go,direction,torus_geometry_15,ok,0.5916666666666667,0.5909565217391304,2,120,60,24,24.0,9,pertrace_unsupervised_movement_signal,pertrace_tau24_embed9
monkeyM_session-o080521010-13_lfp-2,M,o080521010-13,2,pre_go,delay,torus_geometry_15,ok,0.6166666666666667,0.6165601555987774,2,120,60,24,24.0,9,pertrace_unsupervised_movement_signal,pertrace_tau24_embed9
monkeyM_session-o080521010-13_lfp-2,M,o080521010-13,2,pre_go,condition,torus_geometry_15,ok,0.3416666666666667,0.3363124330866266,4,120,30,24,24.0,9,pertrace_unsupervised_movement_signal,pertrace_tau24_embed9
monkeyM_session-o080521010-13_lfp-2,M,o080521010-13,2,peri_go,direction,torus_geometry_15,ok,0.45,0.44862155388471175,2,120,60,24,24.0,9,pertrace_unsupervised_movement_signal,pertrace_tau24_embed9
monkeyM_session-o080521010-13_lfp-2,M,o080521010-13,2,peri_go,delay,torus_geometry_15,ok,0.4666666666666667,0.4666666666666667,2,120,60,24,24.0,9,pertrace_unsupervised_movement_signal,pertrace_tau24_embed9
monkeyM_session-o080521010-13_lfp-2,M,o080521010-13,2,peri_go,condition,torus_geometry_15,ok,0.20833333333333334,0.20274250651428977,4,120,30,24,24.0,9,pertrace_unsupervised_movement_signal,pertrace_tau24_embed9
monkeyM_session-o080521010-13_lfp-2,M,o080521010-13,2,movement,direction,torus_geometry_15,ok,0.49166666666666664,0.49134875964144253,2,120,60,24,24.0,9,pertrace_unsupervised_movement_signal,pertrace_tau24_embed9
monkeyM_session-o080521010-13_lfp-2,M,o080521010-13,2,movement,delay,torus_geometry_15,ok,0.5666666666666667,0.5665462628507918,2,120,60,24,24.0,9,pertrace_unsupervised_movement_signal,pertrace_tau24_embed9
monkeyM_session-o080521010-13_lfp-2,M,o080521010-13,2,movement,condition,torus_geometry_15,ok,0.25,0.25051313628899835,4,120,30,24,24.0,9,pertrace_unsupervised_movement_signal,pertrace_tau24_embed9
monkeyM_session-o080521010-13_lfp-2,M,o080521010-13,2,post_go,direction,torus_geometry_15,ok,0.5,0.4998610725201445,2,120,60,24,24.0,9,pertrace_unsupervised_movement_signal,pertrace_tau24_embed9
monkeyM_session-o080521010-13_lfp-2,M,o080521010-13,2,post_go,delay,torus_geometry_15,ok,0.525,0.5233781618005714,2,120,60,24,24.0,9,pertrace_unsupervised_movement_signal,pertrace_tau24_embed9
monkeyM_session-o080521010-13_lfp-2,M,o080521010-13,2,post_go,condition,torus_geometry_15,ok,0.2916666666666667,0.28950918484500576,4,120,30,24,24.0,9,pertrace_unsupervised_movement_signal,pertrace_tau24_embed9
monkeyM_session-o080521010-13_lfp-5,M,o080521010-13,5,pre_go,direction,torus_geometry_15,ok,0.575,0.5735488816110376,2,120,60,28,28.0,7,pertrace_unsupervised_movement_signal,pertrace_tau28_embed7
monkeyM_session-o080521010-13_lfp-5,M,o080521010-13,5,pre_go,delay,torus_geometry_15,ok,0.65,0.65,2,120,60,28,28.0,7,pertrace_unsupervised_movement_signal,pertrace_tau28_embed7
monkeyM_session-o080521010-13_lfp-5,M,o080521010-13,5,pre_go,condition,torus_geometry_15,ok,0.3,0.2950947045484861,4,120,30,28,28.0,7,pertrace_unsupervised_movement_signal,pertrace_tau28_embed7
monkeyM_session-o080521010-13_lfp-5,M,o080521010-13,5,peri_go,direction,torus_geometry_15,ok,0.6,0.5998888580161156,2,120,60,28,28.0,7,pertrace_unsupervised_movement_signal,pertrace_tau28_embed7
monkeyM_session-o080521010-13_lfp-5,M,o080521010-13,5,peri_go,delay,torus_geometry_15,ok,0.55,0.5479910714285714,2,120,60,28,28.0,7,pertrace_unsupervised_movement_signal,pertrace_tau28_embed7
monkeyM_session-o080521010-13_lfp-5,M,o080521010-13,5,peri_go,condition,torus_geometry_15,ok,0.275,0.2714941625809248,4,120,30,28,28.0,7,pertrace_unsupervised_movement_signal,pertrace_tau28_embed7
monkeyM_session-o080521010-13_lfp-5,M,o080521010-13,5,movement,direction,torus_geometry_15,ok,0.5833333333333334,0.5828698553948832,2,120,60,28,28.0,7,pertrace_unsupervised_movement_signal,pertrace_tau28_embed7
monkeyM_session-o080521010-13_lfp-5,M,o080521010-13,5,movement,delay,torus_geometry_15,ok,0.5833333333333334,0.5822890559732665,2,120,60,28,28.0,7,pertrace_unsupervised_movement_signal,pertrace_tau28_embed7
monkeyM_session-o080521010-13_lfp-5,M,o080521010-13,5,movement,condition,torus_geometry_15,ok,0.26666666666666666,0.26374601275917064,4,120,30,28,28.0,7,pertrace_unsupervised_movement_signal,pertrace_tau28_embed7
monkeyM_session-o080521010-13_lfp-5,M,o080521010-13,5,post_go,direction,torus_geometry_15,ok,0.43333333333333335,0.4319131161236424,2,120,60,28,28.0,7,pertrace_unsupervised_movement_signal,pertrace_tau28_embed7
monkeyM_session-o080521010-13_lfp-5,M,o080521010-13,5,post_go,delay,torus_geometry_15,ok,0.6416666666666667,0.6414425682718365,2,120,60,28,28.0,7,pertrace_unsupervised_movement_signal,pertrace_tau28_embed7
monkeyM_session-o080521010-13_lfp-5,M,o080521010-13,5,post_go,condition,torus_geometry_15,ok,0.24166666666666667,0.23600252704730312,4,120,30,28,28.0,7,pertrace_unsupervised_movement_signal,pertrace_tau28_embed7
monkeyM_session-o080521014-17_lfp-1,M,o080521014-17,1,pre_go,direction,torus_geometry_15,ok,0.543859649122807,0.5425925925925925,2,114,57,14,14.0,7,pertrace_unsupervised_movement_signal,pertrace_tau14_embed7
monkeyM_session-o080521014-17_lfp-1,M,o080521014-17,1,pre_go,delay,torus_geometry_15,ok,0.6,0.5988063660477454,2,110,55,14,14.0,7,pertrace_unsupervised_movement_signal,pertrace_tau14_embed7
monkeyM_session-o080521014-17_lfp-1,M,o080521014-17,1,pre_go,condition,torus_geometry_15,ok,0.25925925925925924,0.25588235294117645,4,108,27,14,14.0,7,pertrace_unsupervised_movement_signal,pertrace_tau14_embed7
monkeyM_session-o080521014-17_lfp-1,M,o080521014-17,1,peri_go,direction,torus_geometry_15,ok,0.5087719298245614,0.5086206896551724,2,114,57,14,14.0,7,pertrace_unsupervised_movement_signal,pertrace_tau14_embed7
monkeyM_session-o080521014-17_lfp-1,M,o080521014-17,1,peri_go,delay,torus_geometry_15,ok,0.44545454545454544,0.4450417666032586,2,110,55,14,14.0,7,pertrace_unsupervised_movement_signal,pertrace_tau14_embed7
monkeyM_session-o080521014-17_lfp-1,M,o080521014-17,1,peri_go,condition,torus_geometry_15,ok,0.24074074074074073,0.23849791822355076,4,108,27,14,14.0,7,pertrace_unsupervised_movement_signal,pertrace_tau14_embed7
monkeyM_session-o080521014-17_lfp-1,M,o080521014-17,1,movement,direction,torus_geometry_15,ok,0.6929824561403509,0.6929588303193536,2,114,57,14,14.0,7,pertrace_unsupervised_movement_signal,pertrace_tau14_embed7
monkeyM_session-o080521014-17_lfp-1,M,o080521014-17,1,movement,delay,torus_geometry_15,ok,0.509090909090909,0.509090909090909,2,110,55,14,14.0,7,pertrace_unsupervised_movement_signal,pertrace_tau14_embed7
monkeyM_session-o080521014-17_lfp-1,M,o080521014-17,1,movement,condition,torus_geometry_15,ok,0.42592592592592593,0.4190705128205128,4,108,27,14,14.0,7,pertrace_unsupervised_movement_signal,pertrace_tau14_embed7
monkeyM_session-o080521014-17_lfp-1,M,o080521014-17,1,post_go,direction,torus_geometry_15,ok,0.5526315789473685,0.552597152751058,2,114,57,14,14.0,7,pertrace_unsupervised_movement_signal,pertrace_tau14_embed7
monkeyM_session-o080521014-17_lfp-1,M,o080521014-17,1,post_go,delay,torus_geometry_15,ok,0.5818181818181818,0.581264481959616,2,110,55,14,14.0,7,pertrace_unsupervised_movement_signal,pertrace_tau14_embed7
monkeyM_session-o080521014-17_lfp-1,M,o080521014-17,1,post_go,condition,torus_geometry_15,ok,0.2962962962962963,0.28237494156147736,4,108,27,14,14.0,7,pertrace_unsupervised_movement_signal,pertrace_tau14_embed7
monkeyM_session-o080521014-17_lfp-2,M,o080521014-17,2,pre_go,direction,torus_geometry_15,ok,0.5877192982456141,0.5822873625945272,2,114,57,24,24.0,9,pertrace_unsupervised_movement_signal,pertrace_tau24_embed9
monkeyM_session-o080521014-17_lfp-2,M,o080521014-17,2,pre_go,delay,torus_geometry_15,ok,0.5727272727272728,0.5718426501035196,2,110,55,24,24.0,9,pertrace_unsupervised_movement_signal,pertrace_tau24_embed9
monkeyM_session-o080521014-17_lfp-2,M,o080521014-17,2,pre_go,condition,torus_geometry_15,ok,0.26851851851851855,0.25658692185007975,4,108,27,24,24.0,9,pertrace_unsupervised_movement_signal,pertrace_tau24_embed9
monkeyM_session-o080521014-17_lfp-2,M,o080521014-17,2,peri_go,direction,torus_geometry_15,ok,0.45614035087719296,0.4559729064039409,2,114,57,24,24.0,9,pertrace_unsupervised_movement_signal,pertrace_tau24_embed9
monkeyM_session-o080521014-17_lfp-2,M,o080521014-17,2,peri_go,delay,torus_geometry_15,ok,0.4636363636363636,0.46359203239937186,2,110,55,24,24.0,9,pertrace_unsupervised_movement_signal,pertrace_tau24_embed9
monkeyM_session-o080521014-17_lfp-2,M,o080521014-17,2,peri_go,condition,torus_geometry_15,ok,0.25,0.2483215778474399,4,108,27,24,24.0,9,pertrace_unsupervised_movement_signal,pertrace_tau24_embed9
monkeyM_session-o080521014-17_lfp-2,M,o080521014-17,2,movement,direction,torus_geometry_15,ok,0.5175438596491229,0.5166139850435587,2,114,57,24,24.0,9,pertrace_unsupervised_movement_signal,pertrace_tau24_embed9
monkeyM_session-o080521014-17_lfp-2,M,o080521014-17,2,movement,delay,torus_geometry_15,ok,0.4727272727272727,0.4727272727272727,2,110,55,24,24.0,9,pertrace_unsupervised_movement_signal,pertrace_tau24_embed9
monkeyM_session-o080521014-17_lfp-2,M,o080521014-17,2,movement,condition,torus_geometry_15,ok,0.2777777777777778,0.2738152011922504,4,108,27,24,24.0,9,pertrace_unsupervised_movement_signal,pertrace_tau24_embed9
monkeyM_session-o080521014-17_lfp-2,M,o080521014-17,2,post_go,direction,torus_geometry_15,ok,0.5526315789473685,0.5517693315858454,2,114,57,24,24.0,9,pertrace_unsupervised_movement_signal,pertrace_tau24_embed9
monkeyM_session-o080521014-17_lfp-2,M,o080521014-17,2,post_go,delay,torus_geometry_15,ok,0.5818181818181818,0.5795945496842805,2,110,55,24,24.0,9,pertrace_unsupervised_movement_signal,pertrace_tau24_embed9
monkeyM_session-o080521014-17_lfp-2,M,o080521014-17,2,post_go,condition,torus_geometry_15,ok,0.3333333333333333,0.3153030303030303,4,108,27,24,24.0,9,pertrace_unsupervised_movement_signal,pertrace_tau24_embed9
monkeyM_session-o080522001-4_lfp-1,M,o080522001-4,1,pre_go,direction,torus_geometry_15,ok,0.4895833333333333,0.4890843923101988,2,96,48,18,18.0,9,pertrace_unsupervised_movement_signal,pertrace_tau18_embed9
monkeyM_session-o080522001-4_lfp-1,M,o080522001-4,1,pre_go,delay,torus_geometry_15,ok,0.46808510638297873,0.4671201814058957,2,94,47,18,18.0,9,pertrace_unsupervised_movement_signal,pertrace_tau18_embed9
monkeyM_session-o080522001-4_lfp-1,M,o080522001-4,1,pre_go,condition,torus_geometry_15,ok,0.17391304347826086,0.17406036654375526,4,92,23,18,18.0,9,pertrace_unsupervised_movement_signal,pertrace_tau18_embed9
monkeyM_session-o080522001-4_lfp-1,M,o080522001-4,1,peri_go,direction,torus_geometry_15,ok,0.4375,0.4375,2,96,48,18,18.0,9,pertrace_unsupervised_movement_signal,pertrace_tau18_embed9
monkeyM_session-o080522001-4_lfp-1,M,o080522001-4,1,peri_go,delay,torus_geometry_15,ok,0.5531914893617021,0.5529891304347826,2,94,47,18,18.0,9,pertrace_unsupervised_movement_signal,pertrace_tau18_embed9
monkeyM_session-o080522001-4_lfp-1,M,o080522001-4,1,peri_go,condition,torus_geometry_15,ok,0.15217391304347827,0.14190459993197144,4,92,23,18,18.0,9,pertrace_unsupervised_movement_signal,pertrace_tau18_embed9
monkeyM_session-o080522001-4_lfp-1,M,o080522001-4,1,movement,direction,torus_geometry_15,ok,0.5208333333333334,0.5206252713851498,2,96,48,18,18.0,9,pertrace_unsupervised_movement_signal,pertrace_tau18_embed9
monkeyM_session-o080522001-4_lfp-1,M,o080522001-4,1,movement,delay,torus_geometry_15,ok,0.5638297872340425,0.5633850685397077,2,94,47,18,18.0,9,pertrace_unsupervised_movement_signal,pertrace_tau18_embed9
monkeyM_session-o080522001-4_lfp-1,M,o080522001-4,1,movement,condition,torus_geometry_15,ok,0.30434782608695654,0.3028601049524213,4,92,23,18,18.0,9,pertrace_unsupervised_movement_signal,pertrace_tau18_embed9
monkeyM_session-o080522001-4_lfp-1,M,o080522001-4,1,post_go,direction,torus_geometry_15,ok,0.5104166666666666,0.50779971637395,2,96,48,18,18.0,9,pertrace_unsupervised_movement_signal,pertrace_tau18_embed9
monkeyM_session-o080522001-4_lfp-1,M,o080522001-4,1,post_go,delay,torus_geometry_15,ok,0.48936170212765956,0.4884353741496599,2,94,47,18,18.0,9,pertrace_unsupervised_movement_signal,pertrace_tau18_embed9
monkeyM_session-o080522001-4_lfp-1,M,o080522001-4,1,post_go,condition,torus_geometry_15,ok,0.29347826086956524,0.2912403100775194,4,92,23,18,18.0,9,pertrace_unsupervised_movement_signal,pertrace_tau18_embed9
monkeyM_session-o080522001-4_lfp-2,M,o080522001-4,2,pre_go,direction,torus_geometry_15,ok,0.6145833333333334,0.6145415084102008,2,96,48,14,14.0,9,pertrace_unsupervised_movement_signal,pertrace_tau14_embed9
monkeyM_session-o080522001-4_lfp-2,M,o080522001-4,2,pre_go,delay,torus_geometry_15,ok,0.5,0.49949020052112836,2,94,47,14,14.0,9,pertrace_unsupervised_movement_signal,pertrace_tau14_embed9
monkeyM_session-o080522001-4_lfp-2,M,o080522001-4,2,pre_go,condition,torus_geometry_15,ok,0.32608695652173914,0.32403177710706876,4,92,23,14,14.0,9,pertrace_unsupervised_movement_signal,pertrace_tau14_embed9
monkeyM_session-o080522001-4_lfp-2,M,o080522001-4,2,peri_go,direction,torus_geometry_15,ok,0.59375,0.5915784880549798,2,96,48,14,14.0,9,pertrace_unsupervised_movement_signal,pertrace_tau14_embed9
monkeyM_session-o080522001-4_lfp-2,M,o080522001-4,2,peri_go,delay,torus_geometry_15,ok,0.5851063829787234,0.5850594227504244,2,94,47,14,14.0,9,pertrace_unsupervised_movement_signal,pertrace_tau14_embed9
monkeyM_session-o080522001-4_lfp-2,M,o080522001-4,2,peri_go,condition,torus_geometry_15,ok,0.34782608695652173,0.34490856044972606,4,92,23,14,14.0,9,pertrace_unsupervised_movement_signal,pertrace_tau14_embed9
monkeyM_session-o080522001-4_lfp-2,M,o080522001-4,2,movement,direction,torus_geometry_15,ok,0.5104166666666666,0.5099380905832519,2,96,48,14,14.0,9,pertrace_unsupervised_movement_signal,pertrace_tau14_embed9
monkeyM_session-o080522001-4_lfp-2,M,o080522001-4,2,movement,delay,torus_geometry_15,ok,0.5319148936170213,0.5317028985507246,2,94,47,14,14.0,9,pertrace_unsupervised_movement_signal,pertrace_tau14_embed9
monkeyM_session-o080522001-4_lfp-2,M,o080522001-4,2,movement,condition,torus_geometry_15,ok,0.2717391304347826,0.26798418972332017,4,92,23,14,14.0,9,pertrace_unsupervised_movement_signal,pertrace_tau14_embed9
monkeyM_session-o080522001-4_lfp-2,M,o080522001-4,2,post_go,direction,torus_geometry_15,ok,0.5520833333333334,0.5520347259902334,2,96,48,14,14.0,9,pertrace_unsupervised_movement_signal,pertrace_tau14_embed9
monkeyM_session-o080522001-4_lfp-2,M,o080522001-4,2,post_go,delay,torus_geometry_15,ok,0.5212765957446809,0.5146299483648881,2,94,47,14,14.0,9,pertrace_unsupervised_movement_signal,pertrace_tau14_embed9
monkeyM_session-o080522001-4_lfp-2,M,o080522001-4,2,post_go,condition,torus_geometry_15,ok,0.2391304347826087,0.22408721921565722,4,92,23,14,14.0,9,pertrace_unsupervised_movement_signal,pertrace_tau14_embed9
monkeyM_session-o080522005-11_lfp-1,M,o080522005-11,1,pre_go,direction,torus_geometry_15,ok,0.16228070175438597,0.1515338216045637,6,228,38,19,19.0,5,pertrace_unsupervised_movement_signal,pertrace_tau19_embed5
monkeyM_session-o080522005-11_lfp-1,M,o080522005-11,1,pre_go,delay,torus_geometry_15,ok,0.603448275862069,0.6034188034188034,2,232,116,19,19.0,5,pertrace_unsupervised_movement_signal,pertrace_tau19_embed5
monkeyM_session-o080522005-11_lfp-1,M,o080522005-11,1,pre_go,condition,torus_geometry_15,ok,0.09722222222222222,0.08345101226306902,12,216,18,19,19.0,5,pertrace_unsupervised_movement_signal,pertrace_tau19_embed5
monkeyM_session-o080522005-11_lfp-1,M,o080522005-11,1,peri_go,direction,torus_geometry_15,ok,0.18859649122807018,0.18931405500467866,6,228,38,19,19.0,5,pertrace_unsupervised_movement_signal,pertrace_tau19_embed5
monkeyM_session-o080522005-11_lfp-1,M,o080522005-11,1,peri_go,delay,torus_geometry_15,ok,0.5043103448275862,0.5040800014870165,2,232,116,19,19.0,5,pertrace_unsupervised_movement_signal,pertrace_tau19_embed5
monkeyM_session-o080522005-11_lfp-1,M,o080522005-11,1,peri_go,condition,torus_geometry_15,ok,0.08333333333333333,0.07232127506063675,12,216,18,19,19.0,5,pertrace_unsupervised_movement_signal,pertrace_tau19_embed5
monkeyM_session-o080522005-11_lfp-1,M,o080522005-11,1,movement,direction,torus_geometry_15,ok,0.16228070175438597,0.15827285552335482,6,228,38,19,19.0,5,pertrace_unsupervised_movement_signal,pertrace_tau19_embed5
monkeyM_session-o080522005-11_lfp-1,M,o080522005-11,1,movement,delay,torus_geometry_15,ok,0.5301724137931034,0.5282001529879289,2,232,116,19,19.0,5,pertrace_unsupervised_movement_signal,pertrace_tau19_embed5
monkeyM_session-o080522005-11_lfp-1,M,o080522005-11,1,movement,condition,torus_geometry_15,ok,0.08796296296296297,0.0781596946634102,12,216,18,19,19.0,5,pertrace_unsupervised_movement_signal,pertrace_tau19_embed5
monkeyM_session-o080522005-11_lfp-1,M,o080522005-11,1,post_go,direction,torus_geometry_15,ok,0.18421052631578946,0.1817231196498643,6,228,38,19,19.0,5,pertrace_unsupervised_movement_signal,pertrace_tau19_embed5
monkeyM_session-o080522005-11_lfp-1,M,o080522005-11,1,post_go,delay,torus_geometry_15,ok,0.5905172413793104,0.590326957750144,2,232,116,19,19.0,5,pertrace_unsupervised_movement_signal,pertrace_tau19_embed5
monkeyM_session-o080522005-11_lfp-1,M,o080522005-11,1,post_go,condition,torus_geometry_15,ok,0.06481481481481481,0.05937763210781114,12,216,18,19,19.0,5,pertrace_unsupervised_movement_signal,pertrace_tau19_embed5
monkeyM_session-o080522005-11_lfp-2,M,o080522005-11,2,pre_go,direction,torus_geometry_15,ok,0.15350877192982457,0.14428749198679305,6,228,38,30,30.0,7,pertrace_unsupervised_movement_signal,pertrace_tau30_embed7
monkeyM_session-o080522005-11_lfp-2,M,o080522005-11,2,pre_go,delay,torus_geometry_15,ok,0.6637931034482759,0.6633928571428571,2,232,116,30,30.0,7,pertrace_unsupervised_movement_signal,pertrace_tau30_embed7
monkeyM_session-o080522005-11_lfp-2,M,o080522005-11,2,pre_go,condition,torus_geometry_15,ok,0.09259259259259259,0.08753252688202669,12,216,18,30,30.0,7,pertrace_unsupervised_movement_signal,pertrace_tau30_embed7
monkeyM_session-o080522005-11_lfp-2,M,o080522005-11,2,peri_go,direction,torus_geometry_15,ok,0.16666666666666666,0.16114358639404178,6,228,38,30,30.0,7,pertrace_unsupervised_movement_signal,pertrace_tau30_embed7
monkeyM_session-o080522005-11_lfp-2,M,o080522005-11,2,peri_go,delay,torus_geometry_15,ok,0.6293103448275862,0.6286203558930832,2,232,116,30,30.0,7,pertrace_unsupervised_movement_signal,pertrace_tau30_embed7
monkeyM_session-o080522005-11_lfp-2,M,o080522005-11,2,peri_go,condition,torus_geometry_15,ok,0.1111111111111111,0.10385479636051718,12,216,18,30,30.0,7,pertrace_unsupervised_movement_signal,pertrace_tau30_embed7
monkeyM_session-o080522005-11_lfp-2,M,o080522005-11,2,movement,direction,torus_geometry_15,ok,0.17543859649122806,0.1731818520550915,6,228,38,30,30.0,7,pertrace_unsupervised_movement_signal,pertrace_tau30_embed7
monkeyM_session-o080522005-11_lfp-2,M,o080522005-11,2,movement,delay,torus_geometry_15,ok,0.5129310344827587,0.5129219850249893,2,232,116,30,30.0,7,pertrace_unsupervised_movement_signal,pertrace_tau30_embed7
monkeyM_session-o080522005-11_lfp-2,M,o080522005-11,2,movement,condition,torus_geometry_15,ok,0.1388888888888889,0.12908168343332155,12,216,18,30,30.0,7,pertrace_unsupervised_movement_signal,pertrace_tau30_embed7
monkeyM_session-o080522005-11_lfp-2,M,o080522005-11,2,post_go,direction,torus_geometry_15,ok,0.19298245614035087,0.18969723691945914,6,228,38,30,30.0,7,pertrace_unsupervised_movement_signal,pertrace_tau30_embed7
monkeyM_session-o080522005-11_lfp-2,M,o080522005-11,2,post_go,delay,torus_geometry_15,ok,0.5474137931034483,0.5474053843152555,2,232,116,30,30.0,7,pertrace_unsupervised_movement_signal,pertrace_tau30_embed7
monkeyM_session-o080522005-11_lfp-2,M,o080522005-11,2,post_go,condition,torus_geometry_15,ok,0.12037037037037036,0.11187865810095952,12,216,18,30,30.0,7,pertrace_unsupervised_movement_signal,pertrace_tau30_embed7
monkeyM_session-o080522012-21_lfp-1,M,o080522012-21,1,pre_go,direction,torus_geometry_15,ok,0.21014492753623187,0.20308026243933694,6,276,46,25,25.0,5,pertrace_unsupervised_movement_signal,pertrace_tau25_embed5
monkeyM_session-o080522012-21_lfp-1,M,o080522012-21,1,pre_go,delay,torus_geometry_15,ok,0.6956521739130435,0.6952521163047478,2,276,138,25,25.0,5,pertrace_unsupervised_movement_signal,pertrace_tau25_embed5
monkeyM_session-o080522012-21_lfp-1,M,o080522012-21,1,pre_go,condition,torus_geometry_15,ok,0.14393939393939395,0.12874499665766573,12,264,22,25,25.0,5,pertrace_unsupervised_movement_signal,pertrace_tau25_embed5
monkeyM_session-o080522012-21_lfp-1,M,o080522012-21,1,peri_go,direction,torus_geometry_15,ok,0.16666666666666666,0.16223227861632072,6,276,46,25,25.0,5,pertrace_unsupervised_movement_signal,pertrace_tau25_embed5
monkeyM_session-o080522012-21_lfp-1,M,o080522012-21,1,peri_go,delay,torus_geometry_15,ok,0.6086956521739131,0.6073761854583772,2,276,138,25,25.0,5,pertrace_unsupervised_movement_signal,pertrace_tau25_embed5
monkeyM_session-o080522012-21_lfp-1,M,o080522012-21,1,peri_go,condition,torus_geometry_15,ok,0.11363636363636363,0.0997116004562813,12,264,22,25,25.0,5,pertrace_unsupervised_movement_signal,pertrace_tau25_embed5
monkeyM_session-o080522012-21_lfp-1,M,o080522012-21,1,movement,direction,torus_geometry_15,ok,0.18115942028985507,0.1760208738833147,6,276,46,25,25.0,5,pertrace_unsupervised_movement_signal,pertrace_tau25_embed5
monkeyM_session-o080522012-21_lfp-1,M,o080522012-21,1,movement,delay,torus_geometry_15,ok,0.5688405797101449,0.5686990321860514,2,276,138,25,25.0,5,pertrace_unsupervised_movement_signal,pertrace_tau25_embed5
monkeyM_session-o080522012-21_lfp-1,M,o080522012-21,1,movement,condition,torus_geometry_15,ok,0.09848484848484848,0.08821750506503366,12,264,22,25,25.0,5,pertrace_unsupervised_movement_signal,pertrace_tau25_embed5
monkeyM_session-o080522012-21_lfp-1,M,o080522012-21,1,post_go,direction,torus_geometry_15,ok,0.18840579710144928,0.17976111576394807,6,276,46,25,25.0,5,pertrace_unsupervised_movement_signal,pertrace_tau25_embed5
monkeyM_session-o080522012-21_lfp-1,M,o080522012-21,1,post_go,delay,torus_geometry_15,ok,0.5579710144927537,0.5579710144927537,2,276,138,25,25.0,5,pertrace_unsupervised_movement_signal,pertrace_tau25_embed5
monkeyM_session-o080522012-21_lfp-1,M,o080522012-21,1,post_go,condition,torus_geometry_15,ok,0.10227272727272728,0.09239990684722314,12,264,22,25,25.0,5,pertrace_unsupervised_movement_signal,pertrace_tau25_embed5
monkeyM_session-o080522012-21_lfp-2,M,o080522012-21,2,pre_go,direction,torus_geometry_15,ok,0.15942028985507245,0.15777433914534356,6,276,46,18,18.0,7,pertrace_unsupervised_movement_signal,pertrace_tau18_embed7
monkeyM_session-o080522012-21_lfp-2,M,o080522012-21,2,pre_go,delay,torus_geometry_15,ok,0.6231884057971014,0.6228715577044356,2,276,138,18,18.0,7,pertrace_unsupervised_movement_signal,pertrace_tau18_embed7
monkeyM_session-o080522012-21_lfp-2,M,o080522012-21,2,pre_go,condition,torus_geometry_15,ok,0.09090909090909091,0.08544295728711111,12,264,22,18,18.0,7,pertrace_unsupervised_movement_signal,pertrace_tau18_embed7
monkeyM_session-o080522012-21_lfp-2,M,o080522012-21,2,peri_go,direction,torus_geometry_15,ok,0.16666666666666666,0.16224670769519522,6,276,46,18,18.0,7,pertrace_unsupervised_movement_signal,pertrace_tau18_embed7
monkeyM_session-o080522012-21_lfp-2,M,o080522012-21,2,peri_go,delay,torus_geometry_15,ok,0.5398550724637681,0.5391230030898692,2,276,138,18,18.0,7,pertrace_unsupervised_movement_signal,pertrace_tau18_embed7
monkeyM_session-o080522012-21_lfp-2,M,o080522012-21,2,peri_go,condition,torus_geometry_15,ok,0.08712121212121213,0.08400638902543318,12,264,22,18,18.0,7,pertrace_unsupervised_movement_signal,pertrace_tau18_embed7
monkeyM_session-o080522012-21_lfp-2,M,o080522012-21,2,movement,direction,torus_geometry_15,ok,0.18478260869565216,0.17160529891688872,6,276,46,18,18.0,7,pertrace_unsupervised_movement_signal,pertrace_tau18_embed7
monkeyM_session-o080522012-21_lfp-2,M,o080522012-21,2,movement,delay,torus_geometry_15,ok,0.5543478260869565,0.5542015206628934,2,276,138,18,18.0,7,pertrace_unsupervised_movement_signal,pertrace_tau18_embed7
monkeyM_session-o080522012-21_lfp-2,M,o080522012-21,2,movement,condition,torus_geometry_15,ok,0.10606060606060606,0.0957570883885343,12,264,22,18,18.0,7,pertrace_unsupervised_movement_signal,pertrace_tau18_embed7
monkeyM_session-o080522012-21_lfp-2,M,o080522012-21,2,post_go,direction,torus_geometry_15,ok,0.25,0.23754031949858592,6,276,46,18,18.0,7,pertrace_unsupervised_movement_signal,pertrace_tau18_embed7
monkeyM_session-o080522012-21_lfp-2,M,o080522012-21,2,post_go,delay,torus_geometry_15,ok,0.5253623188405797,0.5248570865365662,2,276,138,18,18.0,7,pertrace_unsupervised_movement_signal,pertrace_tau18_embed7
monkeyM_session-o080522012-21_lfp-2,M,o080522012-21,2,post_go,condition,torus_geometry_15,ok,0.09090909090909091,0.07935568016514781,12,264,22,18,18.0,7,pertrace_unsupervised_movement_signal,pertrace_tau18_embed7
monkeyM_session-o080523010-18_lfp-4,M,o080523010-18,4,pre_go,direction,torus_geometry_15,ok,0.13580246913580246,0.13648208964300917,6,162,27,12,12.0,7,pertrace_unsupervised_movement_signal,pertrace_tau12_embed7
monkeyM_session-o080523010-18_lfp-4,M,o080523010-18,4,pre_go,delay,torus_geometry_15,ok,0.6436781609195402,0.6436310782241015,2,174,87,12,12.0,7,pertrace_unsupervised_movement_signal,pertrace_tau12_embed7
monkeyM_session-o080523010-18_lfp-4,M,o080523010-18,4,pre_go,condition,torus_geometry_15,ok,0.1527777777777778,0.14340583028083026,12,144,12,12,12.0,7,pertrace_unsupervised_movement_signal,pertrace_tau12_embed7
monkeyM_session-o080523010-18_lfp-4,M,o080523010-18,4,peri_go,direction,torus_geometry_15,ok,0.21604938271604937,0.20976671648740583,6,162,27,12,12.0,7,pertrace_unsupervised_movement_signal,pertrace_tau12_embed7
monkeyM_session-o080523010-18_lfp-4,M,o080523010-18,4,peri_go,delay,torus_geometry_15,ok,0.5402298850574713,0.5399867812293457,2,174,87,12,12.0,7,pertrace_unsupervised_movement_signal,pertrace_tau12_embed7
monkeyM_session-o080523010-18_lfp-4,M,o080523010-18,4,peri_go,condition,torus_geometry_15,ok,0.10416666666666667,0.09602813852813852,12,144,12,12,12.0,7,pertrace_unsupervised_movement_signal,pertrace_tau12_embed7
monkeyM_session-o080523010-18_lfp-4,M,o080523010-18,4,movement,direction,torus_geometry_15,ok,0.19135802469135801,0.1937935339402369,6,162,27,12,12.0,7,pertrace_unsupervised_movement_signal,pertrace_tau12_embed7
monkeyM_session-o080523010-18_lfp-4,M,o080523010-18,4,movement,delay,torus_geometry_15,ok,0.41954022988505746,0.4190605269247297,2,174,87,12,12.0,7,pertrace_unsupervised_movement_signal,pertrace_tau12_embed7
monkeyM_session-o080523010-18_lfp-4,M,o080523010-18,4,movement,condition,torus_geometry_15,ok,0.10416666666666667,0.09504693525991699,12,144,12,12,12.0,7,pertrace_unsupervised_movement_signal,pertrace_tau12_embed7
monkeyM_session-o080523010-18_lfp-4,M,o080523010-18,4,post_go,direction,torus_geometry_15,ok,0.19753086419753085,0.1889762682062581,6,162,27,12,12.0,7,pertrace_unsupervised_movement_signal,pertrace_tau12_embed7
monkeyM_session-o080523010-18_lfp-4,M,o080523010-18,4,post_go,delay,torus_geometry_15,ok,0.5172413793103449,0.5149342891278375,2,174,87,12,12.0,7,pertrace_unsupervised_movement_signal,pertrace_tau12_embed7
monkeyM_session-o080523010-18_lfp-4,M,o080523010-18,4,post_go,condition,torus_geometry_15,ok,0.0763888888888889,0.0698834498834499,12,144,12,12,12.0,7,pertrace_unsupervised_movement_signal,pertrace_tau12_embed7
monkeyM_session-o080523010-18_lfp-8,M,o080523010-18,8,pre_go,direction,torus_geometry_15,ok,0.15432098765432098,0.1534319124837425,6,162,27,23,23.0,7,pertrace_unsupervised_movement_signal,pertrace_tau23_embed7
monkeyM_session-o080523010-18_lfp-8,M,o080523010-18,8,pre_go,delay,torus_geometry_15,ok,0.7011494252873564,0.7011099365750528,2,174,87,23,23.0,7,pertrace_unsupervised_movement_signal,pertrace_tau23_embed7
monkeyM_session-o080523010-18_lfp-8,M,o080523010-18,8,pre_go,condition,torus_geometry_15,ok,0.18055555555555555,0.17557479557479558,12,144,12,23,23.0,7,pertrace_unsupervised_movement_signal,pertrace_tau23_embed7
monkeyM_session-o080523010-18_lfp-8,M,o080523010-18,8,peri_go,direction,torus_geometry_15,ok,0.08641975308641975,0.0876156019716315,6,162,27,23,23.0,7,pertrace_unsupervised_movement_signal,pertrace_tau23_embed7
monkeyM_session-o080523010-18_lfp-8,M,o080523010-18,8,peri_go,delay,torus_geometry_15,ok,0.5517241379310345,0.5517241379310345,2,174,87,23,23.0,7,pertrace_unsupervised_movement_signal,pertrace_tau23_embed7
monkeyM_session-o080523010-18_lfp-8,M,o080523010-18,8,peri_go,condition,torus_geometry_15,ok,0.11805555555555555,0.11379817444219066,12,144,12,23,23.0,7,pertrace_unsupervised_movement_signal,pertrace_tau23_embed7
monkeyM_session-o080523010-18_lfp-8,M,o080523010-18,8,movement,direction,torus_geometry_15,ok,0.18518518518518517,0.18022497969373763,6,162,27,23,23.0,7,pertrace_unsupervised_movement_signal,pertrace_tau23_embed7
monkeyM_session-o080523010-18_lfp-8,M,o080523010-18,8,movement,delay,torus_geometry_15,ok,0.5172413793103449,0.5162187210379982,2,174,87,23,23.0,7,pertrace_unsupervised_movement_signal,pertrace_tau23_embed7
monkeyM_session-o080523010-18_lfp-8,M,o080523010-18,8,movement,condition,torus_geometry_15,ok,0.05555555555555555,0.0532210114959063,12,144,12,23,23.0,7,pertrace_unsupervised_movement_signal,pertrace_tau23_embed7
monkeyM_session-o080523010-18_lfp-8,M,o080523010-18,8,post_go,direction,torus_geometry_15,ok,0.18518518518518517,0.17159024985425528,6,162,27,23,23.0,7,pertrace_unsupervised_movement_signal,pertrace_tau23_embed7
monkeyM_session-o080523010-18_lfp-8,M,o080523010-18,8,post_go,delay,torus_geometry_15,ok,0.5459770114942529,0.54560179828766,2,174,87,23,23.0,7,pertrace_unsupervised_movement_signal,pertrace_tau23_embed7
monkeyM_session-o080523010-18_lfp-8,M,o080523010-18,8,post_go,condition,torus_geometry_15,ok,0.05555555555555555,0.0507949626352886,12,144,12,23,23.0,7,pertrace_unsupervised_movement_signal,pertrace_tau23_embed7
monkeyM_session-o080527001-5_lfp-1,M,o080527001-5,1,pre_go,direction,torus_geometry_15,ok,0.559322033898305,0.5591954022988506,2,118,59,24,24.0,9,pertrace_unsupervised_movement_signal,pertrace_tau24_embed9
monkeyM_session-o080527001-5_lfp-1,M,o080527001-5,1,pre_go,delay,torus_geometry_15,ok,0.559322033898305,0.5591954022988506,2,118,59,24,24.0,9,pertrace_unsupervised_movement_signal,pertrace_tau24_embed9
monkeyM_session-o080527001-5_lfp-1,M,o080527001-5,1,pre_go,condition,torus_geometry_15,ok,0.3448275862068966,0.3402253668763103,4,116,29,24,24.0,9,pertrace_unsupervised_movement_signal,pertrace_tau24_embed9
monkeyM_session-o080527001-5_lfp-1,M,o080527001-5,1,peri_go,direction,torus_geometry_15,ok,0.5932203389830508,0.5932203389830508,2,118,59,24,24.0,9,pertrace_unsupervised_movement_signal,pertrace_tau24_embed9
monkeyM_session-o080527001-5_lfp-1,M,o080527001-5,1,peri_go,delay,torus_geometry_15,ok,0.4576271186440678,0.4537037037037037,2,118,59,24,24.0,9,pertrace_unsupervised_movement_signal,pertrace_tau24_embed9
monkeyM_session-o080527001-5_lfp-1,M,o080527001-5,1,peri_go,condition,torus_geometry_15,ok,0.3448275862068966,0.3390433489570042,4,116,29,24,24.0,9,pertrace_unsupervised_movement_signal,pertrace_tau24_embed9
monkeyM_session-o080527001-5_lfp-1,M,o080527001-5,1,movement,direction,torus_geometry_15,ok,0.3898305084745763,0.38111888111888115,2,118,59,24,24.0,9,pertrace_unsupervised_movement_signal,pertrace_tau24_embed9
monkeyM_session-o080527001-5_lfp-1,M,o080527001-5,1,movement,delay,torus_geometry_15,ok,0.5508474576271186,0.5508151978740214,2,118,59,24,24.0,9,pertrace_unsupervised_movement_signal,pertrace_tau24_embed9
monkeyM_session-o080527001-5_lfp-1,M,o080527001-5,1,movement,condition,torus_geometry_15,ok,0.25862068965517243,0.2635324545842991,4,116,29,24,24.0,9,pertrace_unsupervised_movement_signal,pertrace_tau24_embed9
monkeyM_session-o080527001-5_lfp-1,M,o080527001-5,1,post_go,direction,torus_geometry_15,ok,0.4576271186440678,0.4570031636468219,2,118,59,24,24.0,9,pertrace_unsupervised_movement_signal,pertrace_tau24_embed9
monkeyM_session-o080527001-5_lfp-1,M,o080527001-5,1,post_go,delay,torus_geometry_15,ok,0.5508474576271186,0.5482193166221194,2,118,59,24,24.0,9,pertrace_unsupervised_movement_signal,pertrace_tau24_embed9
monkeyM_session-o080527001-5_lfp-1,M,o080527001-5,1,post_go,condition,torus_geometry_15,ok,0.28448275862068967,0.2800677742361312,4,116,29,24,24.0,9,pertrace_unsupervised_movement_signal,pertrace_tau24_embed9
monkeyM_session-o080527001-5_lfp-2,M,o080527001-5,2,pre_go,direction,torus_geometry_15,ok,0.5,0.4999640881993823,2,118,59,15,15.0,7,pertrace_unsupervised_movement_signal,pertrace_tau15_embed7
monkeyM_session-o080527001-5_lfp-2,M,o080527001-5,2,pre_go,delay,torus_geometry_15,ok,0.5847457627118644,0.5847159376571142,2,118,59,15,15.0,7,pertrace_unsupervised_movement_signal,pertrace_tau15_embed7
monkeyM_session-o080527001-5_lfp-2,M,o080527001-5,2,pre_go,condition,torus_geometry_15,ok,0.25862068965517243,0.24982680450375722,4,116,29,15,15.0,7,pertrace_unsupervised_movement_signal,pertrace_tau15_embed7
monkeyM_session-o080527001-5_lfp-2,M,o080527001-5,2,peri_go,direction,torus_geometry_15,ok,0.5169491525423728,0.5152432432432432,2,118,59,15,15.0,7,pertrace_unsupervised_movement_signal,pertrace_tau15_embed7
monkeyM_session-o080527001-5_lfp-2,M,o080527001-5,2,peri_go,delay,torus_geometry_15,ok,0.576271186440678,0.5743145743145743,2,118,59,15,15.0,7,pertrace_unsupervised_movement_signal,pertrace_tau15_embed7
monkeyM_session-o080527001-5_lfp-2,M,o080527001-5,2,peri_go,condition,torus_geometry_15,ok,0.35344827586206895,0.34711891502228,4,116,29,15,15.0,7,pertrace_unsupervised_movement_signal,pertrace_tau15_embed7
monkeyM_session-o080527001-5_lfp-2,M,o080527001-5,2,movement,direction,torus_geometry_15,ok,0.576271186440678,0.5757837215990796,2,118,59,15,15.0,7,pertrace_unsupervised_movement_signal,pertrace_tau15_embed7
monkeyM_session-o080527001-5_lfp-2,M,o080527001-5,2,movement,delay,torus_geometry_15,ok,0.5084745762711864,0.5049189814814815,2,118,59,15,15.0,7,pertrace_unsupervised_movement_signal,pertrace_tau15_embed7
monkeyM_session-o080527001-5_lfp-2,M,o080527001-5,2,movement,condition,torus_geometry_15,ok,0.3620689655172414,0.3461645730179106,4,116,29,15,15.0,7,pertrace_unsupervised_movement_signal,pertrace_tau15_embed7
monkeyM_session-o080527001-5_lfp-2,M,o080527001-5,2,post_go,direction,torus_geometry_15,ok,0.5254237288135594,0.5248777681909693,2,118,59,15,15.0,7,pertrace_unsupervised_movement_signal,pertrace_tau15_embed7
monkeyM_session-o080527001-5_lfp-2,M,o080527001-5,2,post_go,delay,torus_geometry_15,ok,0.4830508474576271,0.4800260059235715,2,118,59,15,15.0,7,pertrace_unsupervised_movement_signal,pertrace_tau15_embed7
monkeyM_session-o080527001-5_lfp-2,M,o080527001-5,2,post_go,condition,torus_geometry_15,ok,0.28448275862068967,0.28024414894162797,4,116,29,15,15.0,7,pertrace_unsupervised_movement_signal,pertrace_tau15_embed7
monkeyM_session-o080527006-16_lfp-1,M,o080527006-16,1,pre_go,direction,torus_geometry_15,ok,0.1423611111111111,0.13353750303724737,6,288,48,17,17.0,5,pertrace_unsupervised_movement_signal,pertrace_tau17_embed5
monkeyM_session-o080527006-16_lfp-1,M,o080527006-16,1,pre_go,delay,torus_geometry_15,ok,0.7137931034482758,0.7135171806377129,2,290,145,17,17.0,5,pertrace_unsupervised_movement_signal,pertrace_tau17_embed5
monkeyM_session-o080527006-16_lfp-1,M,o080527006-16,1,pre_go,condition,torus_geometry_15,ok,0.1388888888888889,0.1329858313265106,12,288,24,17,17.0,5,pertrace_unsupervised_movement_signal,pertrace_tau17_embed5
monkeyM_session-o080527006-16_lfp-1,M,o080527006-16,1,peri_go,direction,torus_geometry_15,ok,0.21180555555555555,0.2022035771207048,6,288,48,17,17.0,5,pertrace_unsupervised_movement_signal,pertrace_tau17_embed5
monkeyM_session-o080527006-16_lfp-1,M,o080527006-16,1,peri_go,delay,torus_geometry_15,ok,0.5206896551724138,0.5194038748137109,2,290,145,17,17.0,5,pertrace_unsupervised_movement_signal,pertrace_tau17_embed5
monkeyM_session-o080527006-16_lfp-1,M,o080527006-16,1,peri_go,condition,torus_geometry_15,ok,0.08333333333333333,0.07545873311445446,12,288,24,17,17.0,5,pertrace_unsupervised_movement_signal,pertrace_tau17_embed5
monkeyM_session-o080527006-16_lfp-1,M,o080527006-16,1,movement,direction,torus_geometry_15,ok,0.14930555555555555,0.14620062904946626,6,288,48,17,17.0,5,pertrace_unsupervised_movement_signal,pertrace_tau17_embed5
monkeyM_session-o080527006-16_lfp-1,M,o080527006-16,1,movement,delay,torus_geometry_15,ok,0.5379310344827586,0.5375791327526298,2,290,145,17,17.0,5,pertrace_unsupervised_movement_signal,pertrace_tau17_embed5
monkeyM_session-o080527006-16_lfp-1,M,o080527006-16,1,movement,condition,torus_geometry_15,ok,0.08333333333333333,0.07486994108217396,12,288,24,17,17.0,5,pertrace_unsupervised_movement_signal,pertrace_tau17_embed5
monkeyM_session-o080527006-16_lfp-1,M,o080527006-16,1,post_go,direction,torus_geometry_15,ok,0.17708333333333334,0.17279942274377177,6,288,48,17,17.0,5,pertrace_unsupervised_movement_signal,pertrace_tau17_embed5
monkeyM_session-o080527006-16_lfp-1,M,o080527006-16,1,post_go,delay,torus_geometry_15,ok,0.5344827586206896,0.5344772232725716,2,290,145,17,17.0,5,pertrace_unsupervised_movement_signal,pertrace_tau17_embed5
monkeyM_session-o080527006-16_lfp-1,M,o080527006-16,1,post_go,condition,torus_geometry_15,ok,0.1111111111111111,0.10571399785566042,12,288,24,17,17.0,5,pertrace_unsupervised_movement_signal,pertrace_tau17_embed5
monkeyM_session-o080527006-16_lfp-2,M,o080527006-16,2,pre_go,direction,torus_geometry_15,ok,0.2048611111111111,0.1984515777170401,6,288,48,14,14.0,5,pertrace_unsupervised_movement_signal,pertrace_tau14_embed5
monkeyM_session-o080527006-16_lfp-2,M,o080527006-16,2,pre_go,delay,torus_geometry_15,ok,0.6689655172413793,0.6683977321454095,2,290,145,14,14.0,5,pertrace_unsupervised_movement_signal,pertrace_tau14_embed5
monkeyM_session-o080527006-16_lfp-2,M,o080527006-16,2,pre_go,condition,torus_geometry_15,ok,0.09722222222222222,0.0894954536003083,12,288,24,14,14.0,5,pertrace_unsupervised_movement_signal,pertrace_tau14_embed5
monkeyM_session-o080527006-16_lfp-2,M,o080527006-16,2,peri_go,direction,torus_geometry_15,ok,0.1840277777777778,0.17936923347512723,6,288,48,14,14.0,5,pertrace_unsupervised_movement_signal,pertrace_tau14_embed5
monkeyM_session-o080527006-16_lfp-2,M,o080527006-16,2,peri_go,delay,torus_geometry_15,ok,0.4862068965517241,0.4862007871675049,2,290,145,14,14.0,5,pertrace_unsupervised_movement_signal,pertrace_tau14_embed5
monkeyM_session-o080527006-16_lfp-2,M,o080527006-16,2,peri_go,condition,torus_geometry_15,ok,0.04861111111111111,0.046482679568932934,12,288,24,14,14.0,5,pertrace_unsupervised_movement_signal,pertrace_tau14_embed5
monkeyM_session-o080527006-16_lfp-2,M,o080527006-16,2,movement,direction,torus_geometry_15,ok,0.1701388888888889,0.16172137123346672,6,288,48,14,14.0,5,pertrace_unsupervised_movement_signal,pertrace_tau14_embed5
monkeyM_session-o080527006-16_lfp-2,M,o080527006-16,2,movement,delay,torus_geometry_15,ok,0.4896551724137931,0.4892665048312628,2,290,145,14,14.0,5,pertrace_unsupervised_movement_signal,pertrace_tau14_embed5
monkeyM_session-o080527006-16_lfp-2,M,o080527006-16,2,movement,condition,torus_geometry_15,ok,0.09375,0.0880538177367559,12,288,24,14,14.0,5,pertrace_unsupervised_movement_signal,pertrace_tau14_embed5
monkeyM_session-o080527006-16_lfp-2,M,o080527006-16,2,post_go,direction,torus_geometry_15,ok,0.1597222222222222,0.15222063286579415,6,288,48,14,14.0,5,pertrace_unsupervised_movement_signal,pertrace_tau14_embed5
monkeyM_session-o080527006-16_lfp-2,M,o080527006-16,2,post_go,delay,torus_geometry_15,ok,0.5448275862068965,0.544632660829844,2,290,145,14,14.0,5,pertrace_unsupervised_movement_signal,pertrace_tau14_embed5
monkeyM_session-o080527006-16_lfp-2,M,o080527006-16,2,post_go,condition,torus_geometry_15,ok,0.10069444444444445,0.08804717256382381,12,288,24,14,14.0,5,pertrace_unsupervised_movement_signal,pertrace_tau14_embed5
monkeyM_session-o080528001-5_lfp-1,M,o080528001-5,1,pre_go,direction,torus_geometry_15,ok,0.55,0.5488721804511278,2,80,40,12,12.0,9,pertrace_unsupervised_movement_signal,pertrace_tau12_embed9
monkeyM_session-o080528001-5_lfp-1,M,o080528001-5,1,pre_go,delay,torus_geometry_15,ok,0.4634146341463415,0.4582582582582583,2,82,41,12,12.0,9,pertrace_unsupervised_movement_signal,pertrace_tau12_embed9
monkeyM_session-o080528001-5_lfp-1,M,o080528001-5,1,pre_go,condition,torus_geometry_15,ok,0.225,0.23063730375780384,4,80,20,12,12.0,9,pertrace_unsupervised_movement_signal,pertrace_tau12_embed9
monkeyM_session-o080528001-5_lfp-1,M,o080528001-5,1,peri_go,direction,torus_geometry_15,ok,0.525,0.5202020202020202,2,80,40,12,12.0,9,pertrace_unsupervised_movement_signal,pertrace_tau12_embed9
monkeyM_session-o080528001-5_lfp-1,M,o080528001-5,1,peri_go,delay,torus_geometry_15,ok,0.43902439024390244,0.4386904761904762,2,82,41,12,12.0,9,pertrace_unsupervised_movement_signal,pertrace_tau12_embed9
monkeyM_session-o080528001-5_lfp-1,M,o080528001-5,1,peri_go,condition,torus_geometry_15,ok,0.225,0.218730358265242,4,80,20,12,12.0,9,pertrace_unsupervised_movement_signal,pertrace_tau12_embed9
monkeyM_session-o080528001-5_lfp-1,M,o080528001-5,1,movement,direction,torus_geometry_15,ok,0.45,0.45,2,80,40,12,12.0,9,pertrace_unsupervised_movement_signal,pertrace_tau12_embed9
monkeyM_session-o080528001-5_lfp-1,M,o080528001-5,1,movement,delay,torus_geometry_15,ok,0.4634146341463415,0.46213476446034585,2,82,41,12,12.0,9,pertrace_unsupervised_movement_signal,pertrace_tau12_embed9
monkeyM_session-o080528001-5_lfp-1,M,o080528001-5,1,movement,condition,torus_geometry_15,ok,0.2375,0.2307609899369252,4,80,20,12,12.0,9,pertrace_unsupervised_movement_signal,pertrace_tau12_embed9
monkeyM_session-o080528001-5_lfp-1,M,o080528001-5,1,post_go,direction,torus_geometry_15,ok,0.4,0.4,2,80,40,12,12.0,9,pertrace_unsupervised_movement_signal,pertrace_tau12_embed9
monkeyM_session-o080528001-5_lfp-1,M,o080528001-5,1,post_go,delay,torus_geometry_15,ok,0.6097560975609756,0.6097560975609756,2,82,41,12,12.0,9,pertrace_unsupervised_movement_signal,pertrace_tau12_embed9
monkeyM_session-o080528001-5_lfp-1,M,o080528001-5,1,post_go,condition,torus_geometry_15,ok,0.2625,0.2604279374824235,4,80,20,12,12.0,9,pertrace_unsupervised_movement_signal,pertrace_tau12_embed9
monkeyM_session-o080528006-15_lfp-2,M,o080528006-15,2,pre_go,direction,torus_geometry_15,ok,0.17117117117117117,0.16768984125073053,6,222,37,16,16.0,5,pertrace_unsupervised_movement_signal,pertrace_tau16_embed5
monkeyM_session-o080528006-15_lfp-2,M,o080528006-15,2,pre_go,delay,torus_geometry_15,ok,0.7678571428571429,0.7673935617860852,2,224,112,16,16.0,5,pertrace_unsupervised_movement_signal,pertrace_tau16_embed5
monkeyM_session-o080528006-15_lfp-2,M,o080528006-15,2,pre_go,condition,torus_geometry_15,ok,0.125,0.12333382432511825,12,192,16,16,16.0,5,pertrace_unsupervised_movement_signal,pertrace_tau16_embed5
monkeyM_session-o080528006-15_lfp-2,M,o080528006-15,2,peri_go,direction,torus_geometry_15,ok,0.21621621621621623,0.21347557147722987,6,222,37,16,16.0,5,pertrace_unsupervised_movement_signal,pertrace_tau16_embed5
monkeyM_session-o080528006-15_lfp-2,M,o080528006-15,2,peri_go,delay,torus_geometry_15,ok,0.6964285714285714,0.6948717948717948,2,224,112,16,16.0,5,pertrace_unsupervised_movement_signal,pertrace_tau16_embed5
monkeyM_session-o080528006-15_lfp-2,M,o080528006-15,2,peri_go,condition,torus_geometry_15,ok,0.17708333333333334,0.16181814620860455,12,192,16,16,16.0,5,pertrace_unsupervised_movement_signal,pertrace_tau16_embed5
monkeyM_session-o080528006-15_lfp-2,M,o080528006-15,2,movement,direction,torus_geometry_15,ok,0.15765765765765766,0.1509734171349634,6,222,37,16,16.0,5,pertrace_unsupervised_movement_signal,pertrace_tau16_embed5
monkeyM_session-o080528006-15_lfp-2,M,o080528006-15,2,movement,delay,torus_geometry_15,ok,0.6294642857142857,0.6277952393345478,2,224,112,16,16.0,5,pertrace_unsupervised_movement_signal,pertrace_tau16_embed5
monkeyM_session-o080528006-15_lfp-2,M,o080528006-15,2,movement,condition,torus_geometry_15,ok,0.07291666666666667,0.06629562501626735,12,192,16,16,16.0,5,pertrace_unsupervised_movement_signal,pertrace_tau16_embed5
monkeyM_session-o080528006-15_lfp-2,M,o080528006-15,2,post_go,direction,torus_geometry_15,ok,0.22972972972972974,0.22688195714511503,6,222,37,16,16.0,5,pertrace_unsupervised_movement_signal,pertrace_tau16_embed5
monkeyM_session-o080528006-15_lfp-2,M,o080528006-15,2,post_go,delay,torus_geometry_15,ok,0.6205357142857143,0.6201647814551041,2,224,112,16,16.0,5,pertrace_unsupervised_movement_signal,pertrace_tau16_embed5
monkeyM_session-o080528006-15_lfp-2,M,o080528006-15,2,post_go,condition,torus_geometry_15,ok,0.11979166666666667,0.11051235586119307,12,192,16,16,16.0,5,pertrace_unsupervised_movement_signal,pertrace_tau16_embed5
monkeyM_session-o080528006-15_lfp-4,M,o080528006-15,4,pre_go,direction,torus_geometry_15,ok,0.18468468468468469,0.1790037520519482,6,222,37,23,23.0,5,pertrace_unsupervised_movement_signal,pertrace_tau23_embed5
monkeyM_session-o080528006-15_lfp-4,M,o080528006-15,4,pre_go,delay,torus_geometry_15,ok,0.7455357142857143,0.7436916591388136,2,224,112,23,23.0,5,pertrace_unsupervised_movement_signal,pertrace_tau23_embed5
monkeyM_session-o080528006-15_lfp-4,M,o080528006-15,4,pre_go,condition,torus_geometry_15,ok,0.15625,0.14934065644082092,12,192,16,23,23.0,5,pertrace_unsupervised_movement_signal,pertrace_tau23_embed5
monkeyM_session-o080528006-15_lfp-4,M,o080528006-15,4,peri_go,direction,torus_geometry_15,ok,0.17117117117117117,0.15618605185137444,6,222,37,23,23.0,5,pertrace_unsupervised_movement_signal,pertrace_tau23_embed5
monkeyM_session-o080528006-15_lfp-4,M,o080528006-15,4,peri_go,delay,torus_geometry_15,ok,0.5892857142857143,0.5881036136872402,2,224,112,23,23.0,5,pertrace_unsupervised_movement_signal,pertrace_tau23_embed5
monkeyM_session-o080528006-15_lfp-4,M,o080528006-15,4,peri_go,condition,torus_geometry_15,ok,0.11979166666666667,0.11657582661194632,12,192,16,23,23.0,5,pertrace_unsupervised_movement_signal,pertrace_tau23_embed5
monkeyM_session-o080528006-15_lfp-4,M,o080528006-15,4,movement,direction,torus_geometry_15,ok,0.18018018018018017,0.17286313741127302,6,222,37,23,23.0,5,pertrace_unsupervised_movement_signal,pertrace_tau23_embed5
monkeyM_session-o080528006-15_lfp-4,M,o080528006-15,4,movement,delay,torus_geometry_15,ok,0.5848214285714286,0.5829512922664211,2,224,112,23,23.0,5,pertrace_unsupervised_movement_signal,pertrace_tau23_embed5
monkeyM_session-o080528006-15_lfp-4,M,o080528006-15,4,movement,condition,torus_geometry_15,ok,0.11979166666666667,0.10283852284233674,12,192,16,23,23.0,5,pertrace_unsupervised_movement_signal,pertrace_tau23_embed5
monkeyM_session-o080528006-15_lfp-4,M,o080528006-15,4,post_go,direction,torus_geometry_15,ok,0.15765765765765766,0.15837804639534994,6,222,37,23,23.0,5,pertrace_unsupervised_movement_signal,pertrace_tau23_embed5
monkeyM_session-o080528006-15_lfp-4,M,o080528006-15,4,post_go,delay,torus_geometry_15,ok,0.5758928571428571,0.5744595756594078,2,224,112,23,23.0,5,pertrace_unsupervised_movement_signal,pertrace_tau23_embed5
monkeyM_session-o080528006-15_lfp-4,M,o080528006-15,4,post_go,condition,torus_geometry_15,ok,0.11458333333333333,0.10966812374013184,12,192,16,23,23.0,5,pertrace_unsupervised_movement_signal,pertrace_tau23_embed5
monkeyM_session-o080528016-25_lfp-2,M,o080528016-25,2,pre_go,direction,torus_geometry_15,ok,0.16666666666666666,0.16013965589649584,6,174,29,31,31.0,5,pertrace_unsupervised_movement_signal,pertrace_tau31_embed5
monkeyM_session-o080528016-25_lfp-2,M,o080528016-25,2,pre_go,delay,torus_geometry_15,ok,0.9120879120879121,0.9120772946859903,2,182,91,31,31.0,5,pertrace_unsupervised_movement_signal,pertrace_tau31_embed5
monkeyM_session-o080528016-25_lfp-2,M,o080528016-25,2,pre_go,condition,torus_geometry_15,ok,0.16666666666666666,0.16670931698101546,12,144,12,31,31.0,5,pertrace_unsupervised_movement_signal,pertrace_tau31_embed5
monkeyM_session-o080528016-25_lfp-2,M,o080528016-25,2,peri_go,direction,torus_geometry_15,ok,0.16091954022988506,0.1568090906937171,6,174,29,31,31.0,5,pertrace_unsupervised_movement_signal,pertrace_tau31_embed5
monkeyM_session-o080528016-25_lfp-2,M,o080528016-25,2,peri_go,delay,torus_geometry_15,ok,0.7747252747252747,0.7727425003806914,2,182,91,31,31.0,5,pertrace_unsupervised_movement_signal,pertrace_tau31_embed5
monkeyM_session-o080528016-25_lfp-2,M,o080528016-25,2,peri_go,condition,torus_geometry_15,ok,0.125,0.10702297702297703,12,144,12,31,31.0,5,pertrace_unsupervised_movement_signal,pertrace_tau31_embed5
monkeyM_session-o080528016-25_lfp-2,M,o080528016-25,2,movement,direction,torus_geometry_15,ok,0.21839080459770116,0.20260779633328652,6,174,29,31,31.0,5,pertrace_unsupervised_movement_signal,pertrace_tau31_embed5
monkeyM_session-o080528016-25_lfp-2,M,o080528016-25,2,movement,delay,torus_geometry_15,ok,0.6153846153846154,0.6146400483968542,2,182,91,31,31.0,5,pertrace_unsupervised_movement_signal,pertrace_tau31_embed5
monkeyM_session-o080528016-25_lfp-2,M,o080528016-25,2,movement,condition,torus_geometry_15,ok,0.08333333333333333,0.07983225979602791,12,144,12,31,31.0,5,pertrace_unsupervised_movement_signal,pertrace_tau31_embed5
monkeyM_session-o080528016-25_lfp-2,M,o080528016-25,2,post_go,direction,torus_geometry_15,ok,0.14367816091954022,0.13748306394262164,6,174,29,31,31.0,5,pertrace_unsupervised_movement_signal,pertrace_tau31_embed5
monkeyM_session-o080528016-25_lfp-2,M,o080528016-25,2,post_go,delay,torus_geometry_15,ok,0.6263736263736264,0.6263736263736264,2,182,91,31,31.0,5,pertrace_unsupervised_movement_signal,pertrace_tau31_embed5
monkeyM_session-o080528016-25_lfp-2,M,o080528016-25,2,post_go,condition,torus_geometry_15,ok,0.09722222222222222,0.08855208123514761,12,144,12,31,31.0,5,pertrace_unsupervised_movement_signal,pertrace_tau31_embed5
monkeyM_session-o080528016-25_lfp-4,M,o080528016-25,4,pre_go,direction,torus_geometry_15,ok,0.13218390804597702,0.12125625479404867,6,174,29,26,26.0,5,pertrace_unsupervised_movement_signal,pertrace_tau26_embed5
monkeyM_session-o080528016-25_lfp-4,M,o080528016-25,4,pre_go,delay,torus_geometry_15,ok,0.8956043956043956,0.8956012438486852,2,182,91,26,26.0,5,pertrace_unsupervised_movement_signal,pertrace_tau26_embed5
monkeyM_session-o080528016-25_lfp-4,M,o080528016-25,4,pre_go,condition,torus_geometry_15,ok,0.125,0.11379421065143992,12,144,12,26,26.0,5,pertrace_unsupervised_movement_signal,pertrace_tau26_embed5
monkeyM_session-o080528016-25_lfp-4,M,o080528016-25,4,peri_go,direction,torus_geometry_15,ok,0.10344827586206896,0.09937117767234105,6,174,29,26,26.0,5,pertrace_unsupervised_movement_signal,pertrace_tau26_embed5
monkeyM_session-o080528016-25_lfp-4,M,o080528016-25,4,peri_go,delay,torus_geometry_15,ok,0.6868131868131868,0.6817303267372297,2,182,91,26,26.0,5,pertrace_unsupervised_movement_signal,pertrace_tau26_embed5
monkeyM_session-o080528016-25_lfp-4,M,o080528016-25,4,peri_go,condition,torus_geometry_15,ok,0.05555555555555555,0.04364578322911656,12,144,12,26,26.0,5,pertrace_unsupervised_movement_signal,pertrace_tau26_embed5
monkeyM_session-o080528016-25_lfp-4,M,o080528016-25,4,movement,direction,torus_geometry_15,ok,0.16091954022988506,0.15451383913241015,6,174,29,26,26.0,5,pertrace_unsupervised_movement_signal,pertrace_tau26_embed5
monkeyM_session-o080528016-25_lfp-4,M,o080528016-25,4,movement,delay,torus_geometry_15,ok,0.5989010989010989,0.5985981449590623,2,182,91,26,26.0,5,pertrace_unsupervised_movement_signal,pertrace_tau26_embed5
monkeyM_session-o080528016-25_lfp-4,M,o080528016-25,4,movement,condition,torus_geometry_15,ok,0.125,0.11406525573192237,12,144,12,26,26.0,5,pertrace_unsupervised_movement_signal,pertrace_tau26_embed5
monkeyM_session-o080528016-25_lfp-4,M,o080528016-25,4,post_go,direction,torus_geometry_15,ok,0.19540229885057472,0.18460754644965172,6,174,29,26,26.0,5,pertrace_unsupervised_movement_signal,pertrace_tau26_embed5
monkeyM_session-o080528016-25_lfp-4,M,o080528016-25,4,post_go,delay,torus_geometry_15,ok,0.6538461538461539,0.6538357032877457,2,182,91,26,26.0,5,pertrace_unsupervised_movement_signal,pertrace_tau26_embed5
monkeyM_session-o080528016-25_lfp-4,M,o080528016-25,4,post_go,condition,torus_geometry_15,ok,0.09027777777777778,0.08456772957607217,12,144,12,26,26.0,5,pertrace_unsupervised_movement_signal,pertrace_tau26_embed5
monkeyM_session-o080710002-4_lfp-5,M,o080710002-4,5,pre_go,direction,torus_geometry_15,ok,0.5104166666666666,0.5099380905832519,2,96,48,18,18.0,7,pertrace_unsupervised_movement_signal,pertrace_tau18_embed7
monkeyM_session-o080710002-4_lfp-5,M,o080710002-4,5,pre_go,delay,torus_geometry_15,ok,0.5106382978723404,0.5104166666666667,2,94,47,18,18.0,7,pertrace_unsupervised_movement_signal,pertrace_tau18_embed7
monkeyM_session-o080710002-4_lfp-5,M,o080710002-4,5,pre_go,condition,torus_geometry_15,ok,0.22826086956521738,0.2126767676767677,4,92,23,18,18.0,7,pertrace_unsupervised_movement_signal,pertrace_tau18_embed7
monkeyM_session-o080710002-4_lfp-5,M,o080710002-4,5,peri_go,direction,torus_geometry_15,ok,0.5833333333333334,0.5787626151820974,2,96,48,18,18.0,7,pertrace_unsupervised_movement_signal,pertrace_tau18_embed7
monkeyM_session-o080710002-4_lfp-5,M,o080710002-4,5,peri_go,delay,torus_geometry_15,ok,0.39361702127659576,0.38800685322672757,2,94,47,18,18.0,7,pertrace_unsupervised_movement_signal,pertrace_tau18_embed7
monkeyM_session-o080710002-4_lfp-5,M,o080710002-4,5,peri_go,condition,torus_geometry_15,ok,0.29347826086956524,0.28768795714712997,4,92,23,18,18.0,7,pertrace_unsupervised_movement_signal,pertrace_tau18_embed7
monkeyM_session-o080710002-4_lfp-5,M,o080710002-4,5,movement,direction,torus_geometry_15,ok,0.5729166666666666,0.5717549776955717,2,96,48,18,18.0,7,pertrace_unsupervised_movement_signal,pertrace_tau18_embed7
monkeyM_session-o080710002-4_lfp-5,M,o080710002-4,5,movement,delay,torus_geometry_15,ok,0.5957446808510638,0.5940909090909091,2,94,47,18,18.0,7,pertrace_unsupervised_movement_signal,pertrace_tau18_embed7
monkeyM_session-o080710002-4_lfp-5,M,o080710002-4,5,movement,condition,torus_geometry_15,ok,0.32608695652173914,0.3259587176853097,4,92,23,18,18.0,7,pertrace_unsupervised_movement_signal,pertrace_tau18_embed7
monkeyM_session-o080710002-4_lfp-5,M,o080710002-4,5,post_go,direction,torus_geometry_15,ok,0.4479166666666667,0.44785675529028757,2,96,48,18,18.0,7,pertrace_unsupervised_movement_signal,pertrace_tau18_embed7
monkeyM_session-o080710002-4_lfp-5,M,o080710002-4,5,post_go,delay,torus_geometry_15,ok,0.5425531914893617,0.5383209594517419,2,94,47,18,18.0,7,pertrace_unsupervised_movement_signal,pertrace_tau18_embed7
monkeyM_session-o080710002-4_lfp-5,M,o080710002-4,5,post_go,condition,torus_geometry_15,ok,0.30434782608695654,0.3053844065342323,4,92,23,18,18.0,7,pertrace_unsupervised_movement_signal,pertrace_tau18_embed7
monkeyM_session-o080710002-4_lfp-6,M,o080710002-4,6,pre_go,direction,torus_geometry_15,ok,0.5208333333333334,0.52,2,96,48,18,18.0,7,pertrace_unsupervised_movement_signal,pertrace_tau18_embed7
monkeyM_session-o080710002-4_lfp-6,M,o080710002-4,6,pre_go,delay,torus_geometry_15,ok,0.6914893617021277,0.691454442558008,2,94,47,18,18.0,7,pertrace_unsupervised_movement_signal,pertrace_tau18_embed7
monkeyM_session-o080710002-4_lfp-6,M,o080710002-4,6,pre_go,condition,torus_geometry_15,ok,0.40217391304347827,0.4023818435115297,4,92,23,18,18.0,7,pertrace_unsupervised_movement_signal,pertrace_tau18_embed7
monkeyM_session-o080710002-4_lfp-6,M,o080710002-4,6,peri_go,direction,torus_geometry_15,ok,0.4791666666666667,0.4782608695652174,2,96,48,18,18.0,7,pertrace_unsupervised_movement_signal,pertrace_tau18_embed7
monkeyM_session-o080710002-4_lfp-6,M,o080710002-4,6,peri_go,delay,torus_geometry_15,ok,0.5851063829787234,0.5846833578792341,2,94,47,18,18.0,7,pertrace_unsupervised_movement_signal,pertrace_tau18_embed7
monkeyM_session-o080710002-4_lfp-6,M,o080710002-4,6,peri_go,condition,torus_geometry_15,ok,0.21739130434782608,0.20578319182970345,4,92,23,18,18.0,7,pertrace_unsupervised_movement_signal,pertrace_tau18_embed7
monkeyM_session-o080710002-4_lfp-6,M,o080710002-4,6,movement,direction,torus_geometry_15,ok,0.5,0.4980392156862745,2,96,48,18,18.0,7,pertrace_unsupervised_movement_signal,pertrace_tau18_embed7
monkeyM_session-o080710002-4_lfp-6,M,o080710002-4,6,movement,delay,torus_geometry_15,ok,0.46808510638297873,0.46808510638297873,2,94,47,18,18.0,7,pertrace_unsupervised_movement_signal,pertrace_tau18_embed7
monkeyM_session-o080710002-4_lfp-6,M,o080710002-4,6,movement,condition,torus_geometry_15,ok,0.29347826086956524,0.29149957267766746,4,92,23,18,18.0,7,pertrace_unsupervised_movement_signal,pertrace_tau18_embed7
monkeyM_session-o080710002-4_lfp-6,M,o080710002-4,6,post_go,direction,torus_geometry_15,ok,0.46875,0.4673049722554673,2,96,48,18,18.0,7,pertrace_unsupervised_movement_signal,pertrace_tau18_embed7
monkeyM_session-o080710002-4_lfp-6,M,o080710002-4,6,post_go,delay,torus_geometry_15,ok,0.574468085106383,0.5736961451247166,2,94,47,18,18.0,7,pertrace_unsupervised_movement_signal,pertrace_tau18_embed7
monkeyM_session-o080710002-4_lfp-6,M,o080710002-4,6,post_go,condition,torus_geometry_15,ok,0.33695652173913043,0.3332506992117976,4,92,23,18,18.0,7,pertrace_unsupervised_movement_signal,pertrace_tau18_embed7
monkeyM_session-o080710006-11_lfp-5,M,o080710006-11,5,pre_go,direction,torus_geometry_15,ok,0.1623931623931624,0.15829048402577814,6,234,39,18,18.0,7,pertrace_unsupervised_movement_signal,pertrace_tau18_embed7
monkeyM_session-o080710006-11_lfp-5,M,o080710006-11,5,pre_go,delay,torus_geometry_15,ok,0.6176470588235294,0.6174782316890091,2,238,119,18,18.0,7,pertrace_unsupervised_movement_signal,pertrace_tau18_embed7
monkeyM_session-o080710006-11_lfp-5,M,o080710006-11,5,pre_go,condition,torus_geometry_15,ok,0.08333333333333333,0.07769120975642714,12,228,19,18,18.0,7,pertrace_unsupervised_movement_signal,pertrace_tau18_embed7
monkeyM_session-o080710006-11_lfp-5,M,o080710006-11,5,peri_go,direction,torus_geometry_15,ok,0.16666666666666666,0.16204348598714793,6,234,39,18,18.0,7,pertrace_unsupervised_movement_signal,pertrace_tau18_embed7
monkeyM_session-o080710006-11_lfp-5,M,o080710006-11,5,peri_go,delay,torus_geometry_15,ok,0.5546218487394958,0.5534867256637168,2,238,119,18,18.0,7,pertrace_unsupervised_movement_signal,pertrace_tau18_embed7
monkeyM_session-o080710006-11_lfp-5,M,o080710006-11,5,peri_go,condition,torus_geometry_15,ok,0.05701754385964912,0.054648441639720706,12,228,19,18,18.0,7,pertrace_unsupervised_movement_signal,pertrace_tau18_embed7
monkeyM_session-o080710006-11_lfp-5,M,o080710006-11,5,movement,direction,torus_geometry_15,ok,0.2264957264957265,0.22392656547245918,6,234,39,18,18.0,7,pertrace_unsupervised_movement_signal,pertrace_tau18_embed7
monkeyM_session-o080710006-11_lfp-5,M,o080710006-11,5,movement,delay,torus_geometry_15,ok,0.48739495798319327,0.48725012361375997,2,238,119,18,18.0,7,pertrace_unsupervised_movement_signal,pertrace_tau18_embed7
monkeyM_session-o080710006-11_lfp-5,M,o080710006-11,5,movement,condition,torus_geometry_15,ok,0.08333333333333333,0.07294778263822053,12,228,19,18,18.0,7,pertrace_unsupervised_movement_signal,pertrace_tau18_embed7
monkeyM_session-o080710006-11_lfp-5,M,o080710006-11,5,post_go,direction,torus_geometry_15,ok,0.15384615384615385,0.15023925906082772,6,234,39,18,18.0,7,pertrace_unsupervised_movement_signal,pertrace_tau18_embed7
monkeyM_session-o080710006-11_lfp-5,M,o080710006-11,5,post_go,delay,torus_geometry_15,ok,0.48739495798319327,0.48725012361375997,2,238,119,18,18.0,7,pertrace_unsupervised_movement_signal,pertrace_tau18_embed7
monkeyM_session-o080710006-11_lfp-5,M,o080710006-11,5,post_go,condition,torus_geometry_15,ok,0.08771929824561403,0.07897373176549298,12,228,19,18,18.0,7,pertrace_unsupervised_movement_signal,pertrace_tau18_embed7
monkeyM_session-o080710006-11_lfp-6,M,o080710006-11,6,pre_go,direction,torus_geometry_15,ok,0.1581196581196581,0.15715726143926761,6,234,39,17,17.0,7,pertrace_unsupervised_movement_signal,pertrace_tau17_embed7
monkeyM_session-o080710006-11_lfp-6,M,o080710006-11,6,pre_go,delay,torus_geometry_15,ok,0.7436974789915967,0.743584309154171,2,238,119,17,17.0,7,pertrace_unsupervised_movement_signal,pertrace_tau17_embed7
monkeyM_session-o080710006-11_lfp-6,M,o080710006-11,6,pre_go,condition,torus_geometry_15,ok,0.09210526315789473,0.08048520076761412,12,228,19,17,17.0,7,pertrace_unsupervised_movement_signal,pertrace_tau17_embed7
monkeyM_session-o080710006-11_lfp-6,M,o080710006-11,6,peri_go,direction,torus_geometry_15,ok,0.21794871794871795,0.19367621686355704,6,234,39,17,17.0,7,pertrace_unsupervised_movement_signal,pertrace_tau17_embed7
monkeyM_session-o080710006-11_lfp-6,M,o080710006-11,6,peri_go,delay,torus_geometry_15,ok,0.5,0.4997792260548579,2,238,119,17,17.0,7,pertrace_unsupervised_movement_signal,pertrace_tau17_embed7
monkeyM_session-o080710006-11_lfp-6,M,o080710006-11,6,peri_go,condition,torus_geometry_15,ok,0.09649122807017543,0.08566147926525168,12,228,19,17,17.0,7,pertrace_unsupervised_movement_signal,pertrace_tau17_embed7
monkeyM_session-o080710006-11_lfp-6,M,o080710006-11,6,movement,direction,torus_geometry_15,ok,0.1581196581196581,0.15584665416550914,6,234,39,17,17.0,7,pertrace_unsupervised_movement_signal,pertrace_tau17_embed7
monkeyM_session-o080710006-11_lfp-6,M,o080710006-11,6,movement,delay,torus_geometry_15,ok,0.5630252100840336,0.5610413563169468,2,238,119,17,17.0,7,pertrace_unsupervised_movement_signal,pertrace_tau17_embed7
monkeyM_session-o080710006-11_lfp-6,M,o080710006-11,6,movement,condition,torus_geometry_15,ok,0.11842105263157894,0.10715309513676922,12,228,19,17,17.0,7,pertrace_unsupervised_movement_signal,pertrace_tau17_embed7
monkeyM_session-o080710006-11_lfp-6,M,o080710006-11,6,post_go,direction,torus_geometry_15,ok,0.2564102564102564,0.24557271432271432,6,234,39,17,17.0,7,pertrace_unsupervised_movement_signal,pertrace_tau17_embed7
monkeyM_session-o080710006-11_lfp-6,M,o080710006-11,6,post_go,delay,torus_geometry_15,ok,0.5084033613445378,0.5069322709163346,2,238,119,17,17.0,7,pertrace_unsupervised_movement_signal,pertrace_tau17_embed7
monkeyM_session-o080710006-11_lfp-6,M,o080710006-11,6,post_go,condition,torus_geometry_15,ok,0.15350877192982457,0.14442810383847096,12,228,19,17,17.0,7,pertrace_unsupervised_movement_signal,pertrace_tau17_embed7
monkeyM_session-o080710012-14_lfp-5,M,o080710012-14,5,pre_go,direction,torus_geometry_15,ok,0.4166666666666667,0.4107744107744108,2,120,60,23,23.0,7,pertrace_unsupervised_movement_signal,pertrace_tau23_embed7
monkeyM_session-o080710012-14_lfp-5,M,o080710012-14,5,pre_go,delay,torus_geometry_15,ok,0.788135593220339,0.7881203763556704,2,118,59,23,23.0,7,pertrace_unsupervised_movement_signal,pertrace_tau23_embed7
monkeyM_session-o080710012-14_lfp-5,M,o080710012-14,5,pre_go,condition,torus_geometry_15,ok,0.3706896551724138,0.35652752719916897,4,116,29,23,23.0,7,pertrace_unsupervised_movement_signal,pertrace_tau23_embed7
monkeyM_session-o080710012-14_lfp-5,M,o080710012-14,5,peri_go,direction,torus_geometry_15,ok,0.5,0.4994438264738599,2,120,60,23,23.0,7,pertrace_unsupervised_movement_signal,pertrace_tau23_embed7
monkeyM_session-o080710012-14_lfp-5,M,o080710012-14,5,peri_go,delay,torus_geometry_15,ok,0.4491525423728814,0.4491129785247432,2,118,59,23,23.0,7,pertrace_unsupervised_movement_signal,pertrace_tau23_embed7
monkeyM_session-o080710012-14_lfp-5,M,o080710012-14,5,peri_go,condition,torus_geometry_15,ok,0.21551724137931033,0.21106078036621606,4,116,29,23,23.0,7,pertrace_unsupervised_movement_signal,pertrace_tau23_embed7
monkeyM_session-o080710012-14_lfp-5,M,o080710012-14,5,movement,direction,torus_geometry_15,ok,0.5416666666666666,0.5413800291849072,2,120,60,23,23.0,7,pertrace_unsupervised_movement_signal,pertrace_tau23_embed7
monkeyM_session-o080710012-14_lfp-5,M,o080710012-14,5,movement,delay,torus_geometry_15,ok,0.4915254237288136,0.4862119013062409,2,118,59,23,23.0,7,pertrace_unsupervised_movement_signal,pertrace_tau23_embed7
monkeyM_session-o080710012-14_lfp-5,M,o080710012-14,5,movement,condition,torus_geometry_15,ok,0.3017241379310345,0.28638870320855614,4,116,29,23,23.0,7,pertrace_unsupervised_movement_signal,pertrace_tau23_embed7
monkeyM_session-o080710012-14_lfp-5,M,o080710012-14,5,post_go,direction,torus_geometry_15,ok,0.5083333333333333,0.5080258494892642,2,120,60,23,23.0,7,pertrace_unsupervised_movement_signal,pertrace_tau23_embed7
monkeyM_session-o080710012-14_lfp-5,M,o080710012-14,5,post_go,delay,torus_geometry_15,ok,0.4830508474576271,0.4745601868749544,2,118,59,23,23.0,7,pertrace_unsupervised_movement_signal,pertrace_tau23_embed7
monkeyM_session-o080710012-14_lfp-5,M,o080710012-14,5,post_go,condition,torus_geometry_15,ok,0.31896551724137934,0.3135796353009468,4,116,29,23,23.0,7,pertrace_unsupervised_movement_signal,pertrace_tau23_embed7
monkeyM_session-o080711002-7_lfp-6,M,o080711002-7,6,pre_go,direction,torus_geometry_15,ok,0.2037037037037037,0.19196987150059086,6,216,36,14,14.0,7,pertrace_unsupervised_movement_signal,pertrace_tau14_embed7
monkeyM_session-o080711002-7_lfp-6,M,o080711002-7,6,pre_go,delay,torus_geometry_15,ok,0.6460176991150443,0.6453232893910861,2,226,113,14,14.0,7,pertrace_unsupervised_movement_signal,pertrace_tau14_embed7
monkeyM_session-o080711002-7_lfp-6,M,o080711002-7,6,pre_go,condition,torus_geometry_15,ok,0.12254901960784313,0.12005613578255565,12,204,17,14,14.0,7,pertrace_unsupervised_movement_signal,pertrace_tau14_embed7
monkeyM_session-o080711002-7_lfp-6,M,o080711002-7,6,peri_go,direction,torus_geometry_15,ok,0.18518518518518517,0.18135466351756505,6,216,36,14,14.0,7,pertrace_unsupervised_movement_signal,pertrace_tau14_embed7
monkeyM_session-o080711002-7_lfp-6,M,o080711002-7,6,peri_go,delay,torus_geometry_15,ok,0.5176991150442478,0.5174629292276351,2,226,113,14,14.0,7,pertrace_unsupervised_movement_signal,pertrace_tau14_embed7
monkeyM_session-o080711002-7_lfp-6,M,o080711002-7,6,peri_go,condition,torus_geometry_15,ok,0.10294117647058823,0.09149169663131433,12,204,17,14,14.0,7,pertrace_unsupervised_movement_signal,pertrace_tau14_embed7
monkeyM_session-o080711002-7_lfp-6,M,o080711002-7,6,movement,direction,torus_geometry_15,ok,0.1712962962962963,0.16955022046373366,6,216,36,14,14.0,7,pertrace_unsupervised_movement_signal,pertrace_tau14_embed7
monkeyM_session-o080711002-7_lfp-6,M,o080711002-7,6,movement,delay,torus_geometry_15,ok,0.4557522123893805,0.4554856907798084,2,226,113,14,14.0,7,pertrace_unsupervised_movement_signal,pertrace_tau14_embed7
monkeyM_session-o080711002-7_lfp-6,M,o080711002-7,6,movement,condition,torus_geometry_15,ok,0.10294117647058823,0.08926552976627995,12,204,17,14,14.0,7,pertrace_unsupervised_movement_signal,pertrace_tau14_embed7
monkeyM_session-o080711002-7_lfp-6,M,o080711002-7,6,post_go,direction,torus_geometry_15,ok,0.18981481481481483,0.18725935156988427,6,216,36,14,14.0,7,pertrace_unsupervised_movement_signal,pertrace_tau14_embed7
monkeyM_session-o080711002-7_lfp-6,M,o080711002-7,6,post_go,delay,torus_geometry_15,ok,0.4336283185840708,0.43291774484435036,2,226,113,14,14.0,7,pertrace_unsupervised_movement_signal,pertrace_tau14_embed7
monkeyM_session-o080711002-7_lfp-6,M,o080711002-7,6,post_go,condition,torus_geometry_15,ok,0.058823529411764705,0.05219550208192006,12,204,17,14,14.0,7,pertrace_unsupervised_movement_signal,pertrace_tau14_embed7
monkeyM_session-o080711002-7_lfp-8,M,o080711002-7,8,pre_go,direction,torus_geometry_15,ok,0.11574074074074074,0.1135727266826223,6,216,36,20,20.0,7,pertrace_unsupervised_movement_signal,pertrace_tau20_embed7
monkeyM_session-o080711002-7_lfp-8,M,o080711002-7,8,pre_go,delay,torus_geometry_15,ok,0.6061946902654868,0.6061869799314733,2,226,113,20,20.0,7,pertrace_unsupervised_movement_signal,pertrace_tau20_embed7
monkeyM_session-o080711002-7_lfp-8,M,o080711002-7,8,pre_go,condition,torus_geometry_15,ok,0.08333333333333333,0.08108493463201043,12,204,17,20,20.0,7,pertrace_unsupervised_movement_signal,pertrace_tau20_embed7
monkeyM_session-o080711002-7_lfp-8,M,o080711002-7,8,peri_go,direction,torus_geometry_15,ok,0.16666666666666666,0.1631264313353866,6,216,36,20,20.0,7,pertrace_unsupervised_movement_signal,pertrace_tau20_embed7
monkeyM_session-o080711002-7_lfp-8,M,o080711002-7,8,peri_go,delay,torus_geometry_15,ok,0.4911504424778761,0.4911404796867352,2,226,113,20,20.0,7,pertrace_unsupervised_movement_signal,pertrace_tau20_embed7
monkeyM_session-o080711002-7_lfp-8,M,o080711002-7,8,peri_go,condition,torus_geometry_15,ok,0.08823529411764706,0.07973735996991811,12,204,17,20,20.0,7,pertrace_unsupervised_movement_signal,pertrace_tau20_embed7
monkeyM_session-o080711002-7_lfp-8,M,o080711002-7,8,movement,direction,torus_geometry_15,ok,0.14814814814814814,0.14737170565131888,6,216,36,20,20.0,7,pertrace_unsupervised_movement_signal,pertrace_tau20_embed7
monkeyM_session-o080711002-7_lfp-8,M,o080711002-7,8,movement,delay,torus_geometry_15,ok,0.5442477876106194,0.543165538219998,2,226,113,20,20.0,7,pertrace_unsupervised_movement_signal,pertrace_tau20_embed7
monkeyM_session-o080711002-7_lfp-8,M,o080711002-7,8,movement,condition,torus_geometry_15,ok,0.06862745098039216,0.06040407198943784,12,204,17,20,20.0,7,pertrace_unsupervised_movement_signal,pertrace_tau20_embed7
monkeyM_session-o080711002-7_lfp-8,M,o080711002-7,8,post_go,direction,torus_geometry_15,ok,0.14814814814814814,0.14460027835773512,6,216,36,20,20.0,7,pertrace_unsupervised_movement_signal,pertrace_tau20_embed7
monkeyM_session-o080711002-7_lfp-8,M,o080711002-7,8,post_go,delay,torus_geometry_15,ok,0.5575221238938053,0.5569669881596486,2,226,113,20,20.0,7,pertrace_unsupervised_movement_signal,pertrace_tau20_embed7
monkeyM_session-o080711002-7_lfp-8,M,o080711002-7,8,post_go,condition,torus_geometry_15,ok,0.0784313725490196,0.07430907970819506,12,204,17,20,20.0,7,pertrace_unsupervised_movement_signal,pertrace_tau20_embed7
monkeyM_session-o080711008-12_lfp-5,M,o080711008-12,5,pre_go,direction,torus_geometry_15,ok,0.45454545454545453,0.45448979591836736,2,198,99,52,52.0,7,pertrace_unsupervised_movement_signal,pertrace_tau52_embed7
monkeyM_session-o080711008-12_lfp-5,M,o080711008-12,5,pre_go,delay,torus_geometry_15,ok,0.7474747474747475,0.747371644380933,2,198,99,52,52.0,7,pertrace_unsupervised_movement_signal,pertrace_tau52_embed7
monkeyM_session-o080711008-12_lfp-5,M,o080711008-12,5,pre_go,condition,torus_geometry_15,ok,0.3979591836734694,0.39248001401756577,4,196,49,52,52.0,7,pertrace_unsupervised_movement_signal,pertrace_tau52_embed7
monkeyM_session-o080711008-12_lfp-5,M,o080711008-12,5,peri_go,direction,torus_geometry_15,ok,0.4696969696969697,0.46935858495622657,2,198,99,52,52.0,7,pertrace_unsupervised_movement_signal,pertrace_tau52_embed7
monkeyM_session-o080711008-12_lfp-5,M,o080711008-12,5,peri_go,delay,torus_geometry_15,ok,0.41919191919191917,0.41917710379307704,2,198,99,52,52.0,7,pertrace_unsupervised_movement_signal,pertrace_tau52_embed7
monkeyM_session-o080711008-12_lfp-5,M,o080711008-12,5,peri_go,condition,torus_geometry_15,ok,0.32142857142857145,0.32064858683746605,4,196,49,52,52.0,7,pertrace_unsupervised_movement_signal,pertrace_tau52_embed7
monkeyM_session-o080711008-12_lfp-5,M,o080711008-12,5,movement,direction,torus_geometry_15,ok,0.5303030303030303,0.5302910491544015,2,198,99,52,52.0,7,pertrace_unsupervised_movement_signal,pertrace_tau52_embed7
monkeyM_session-o080711008-12_lfp-5,M,o080711008-12,5,movement,delay,torus_geometry_15,ok,0.5505050505050505,0.5471669022227933,2,198,99,52,52.0,7,pertrace_unsupervised_movement_signal,pertrace_tau52_embed7
monkeyM_session-o080711008-12_lfp-5,M,o080711008-12,5,movement,condition,torus_geometry_15,ok,0.20408163265306123,0.20404667795972145,4,196,49,52,52.0,7,pertrace_unsupervised_movement_signal,pertrace_tau52_embed7
monkeyM_session-o080711008-12_lfp-5,M,o080711008-12,5,post_go,direction,torus_geometry_15,ok,0.5505050505050505,0.550218229153373,2,198,99,52,52.0,7,pertrace_unsupervised_movement_signal,pertrace_tau52_embed7
monkeyM_session-o080711008-12_lfp-5,M,o080711008-12,5,post_go,delay,torus_geometry_15,ok,0.45454545454545453,0.45365355135411345,2,198,99,52,52.0,7,pertrace_unsupervised_movement_signal,pertrace_tau52_embed7
monkeyM_session-o080711008-12_lfp-5,M,o080711008-12,5,post_go,condition,torus_geometry_15,ok,0.28061224489795916,0.2837698621487951,4,196,49,52,52.0,7,pertrace_unsupervised_movement_signal,pertrace_tau52_embed7
monkeyM_session-o080718002-4_lfp-5,M,o080718002-4,5,pre_go,direction,torus_geometry_15,ok,0.5098039215686274,0.5096153846153846,2,102,51,70,70.0,5,pertrace_unsupervised_movement_signal,pertrace_tau70_embed5
monkeyM_session-o080718002-4_lfp-5,M,o080718002-4,5,pre_go,delay,torus_geometry_15,ok,0.5588235294117647,0.5584415584415584,2,102,51,70,70.0,5,pertrace_unsupervised_movement_signal,pertrace_tau70_embed5
monkeyM_session-o080718002-4_lfp-5,M,o080718002-4,5,pre_go,condition,torus_geometry_15,ok,0.25,0.2525980392156863,4,100,25,70,70.0,5,pertrace_unsupervised_movement_signal,pertrace_tau70_embed5
monkeyM_session-o080718002-4_lfp-5,M,o080718002-4,5,peri_go,direction,torus_geometry_15,ok,0.37254901960784315,0.37230769230769234,2,102,51,70,70.0,5,pertrace_unsupervised_movement_signal,pertrace_tau70_embed5
monkeyM_session-o080718002-4_lfp-5,M,o080718002-4,5,peri_go,delay,torus_geometry_15,ok,0.45098039215686275,0.44907407407407407,2,102,51,70,70.0,5,pertrace_unsupervised_movement_signal,pertrace_tau70_embed5
monkeyM_session-o080718002-4_lfp-5,M,o080718002-4,5,peri_go,condition,torus_geometry_15,ok,0.13,0.12041559793316234,4,100,25,70,70.0,5,pertrace_unsupervised_movement_signal,pertrace_tau70_embed5
monkeyM_session-o080718002-4_lfp-5,M,o080718002-4,5,movement,direction,torus_geometry_15,ok,0.5588235294117647,0.5577608632816263,2,102,51,70,70.0,5,pertrace_unsupervised_movement_signal,pertrace_tau70_embed5
monkeyM_session-o080718002-4_lfp-5,M,o080718002-4,5,movement,delay,torus_geometry_15,ok,0.4803921568627451,0.47994227994227995,2,102,51,70,70.0,5,pertrace_unsupervised_movement_signal,pertrace_tau70_embed5
monkeyM_session-o080718002-4_lfp-5,M,o080718002-4,5,movement,condition,torus_geometry_15,ok,0.29,0.2891950113378685,4,100,25,70,70.0,5,pertrace_unsupervised_movement_signal,pertrace_tau70_embed5
monkeyM_session-o080718002-4_lfp-5,M,o080718002-4,5,post_go,direction,torus_geometry_15,ok,0.49019607843137253,0.4830409356725146,2,102,51,70,70.0,5,pertrace_unsupervised_movement_signal,pertrace_tau70_embed5
monkeyM_session-o080718002-4_lfp-5,M,o080718002-4,5,post_go,delay,torus_geometry_15,ok,0.5098039215686274,0.5081018518518519,2,102,51,70,70.0,5,pertrace_unsupervised_movement_signal,pertrace_tau70_embed5
monkeyM_session-o080718002-4_lfp-5,M,o080718002-4,5,post_go,condition,torus_geometry_15,ok,0.22,0.22333704942400595,4,100,25,70,70.0,5,pertrace_unsupervised_movement_signal,pertrace_tau70_embed5
monkeyM_session-o080718002-4_lfp-6,M,o080718002-4,6,pre_go,direction,torus_geometry_15,ok,0.5490196078431373,0.5483249903735079,2,102,51,74,74.0,7,pertrace_unsupervised_movement_signal,pertrace_tau74_embed7
monkeyM_session-o080718002-4_lfp-6,M,o080718002-4,6,pre_go,delay,torus_geometry_15,ok,0.6470588235294118,0.6458333333333333,2,102,51,74,74.0,7,pertrace_unsupervised_movement_signal,pertrace_tau74_embed7
monkeyM_session-o080718002-4_lfp-6,M,o080718002-4,6,pre_go,condition,torus_geometry_15,ok,0.26,0.2503943448228205,4,100,25,74,74.0,7,pertrace_unsupervised_movement_signal,pertrace_tau74_embed7
monkeyM_session-o080718002-4_lfp-6,M,o080718002-4,6,peri_go,direction,torus_geometry_15,ok,0.5196078431372549,0.5195616649043545,2,102,51,74,74.0,7,pertrace_unsupervised_movement_signal,pertrace_tau74_embed7
monkeyM_session-o080718002-4_lfp-6,M,o080718002-4,6,peri_go,delay,torus_geometry_15,ok,0.6078431372549019,0.6076923076923078,2,102,51,74,74.0,7,pertrace_unsupervised_movement_signal,pertrace_tau74_embed7
monkeyM_session-o080718002-4_lfp-6,M,o080718002-4,6,peri_go,condition,torus_geometry_15,ok,0.23,0.23040133779264216,4,100,25,74,74.0,7,pertrace_unsupervised_movement_signal,pertrace_tau74_embed7
monkeyM_session-o080718002-4_lfp-6,M,o080718002-4,6,movement,direction,torus_geometry_15,ok,0.5196078431372549,0.5184507177955486,2,102,51,74,74.0,7,pertrace_unsupervised_movement_signal,pertrace_tau74_embed7
monkeyM_session-o080718002-4_lfp-6,M,o080718002-4,6,movement,delay,torus_geometry_15,ok,0.5784313725490197,0.5774159360246651,2,102,51,74,74.0,7,pertrace_unsupervised_movement_signal,pertrace_tau74_embed7
monkeyM_session-o080718002-4_lfp-6,M,o080718002-4,6,movement,condition,torus_geometry_15,ok,0.32,0.317719298245614,4,100,25,74,74.0,7,pertrace_unsupervised_movement_signal,pertrace_tau74_embed7
monkeyM_session-o080718002-4_lfp-6,M,o080718002-4,6,post_go,direction,torus_geometry_15,ok,0.5980392156862745,0.5976911976911977,2,102,51,74,74.0,7,pertrace_unsupervised_movement_signal,pertrace_tau74_embed7
monkeyM_session-o080718002-4_lfp-6,M,o080718002-4,6,post_go,delay,torus_geometry_15,ok,0.5,0.49995193694126694,2,102,51,74,74.0,7,pertrace_unsupervised_movement_signal,pertrace_tau74_embed7
monkeyM_session-o080718002-4_lfp-6,M,o080718002-4,6,post_go,condition,torus_geometry_15,ok,0.27,0.26097711811997526,4,100,25,74,74.0,7,pertrace_unsupervised_movement_signal,pertrace_tau74_embed7
monkeyM_session-o080718005-9_lfp-5,M,o080718005-9,5,pre_go,direction,torus_geometry_15,ok,0.1827956989247312,0.17948325127024756,6,186,31,65,65.0,5,pertrace_unsupervised_movement_signal,pertrace_tau65_embed5
monkeyM_session-o080718005-9_lfp-5,M,o080718005-9,5,pre_go,delay,torus_geometry_15,ok,0.7157894736842105,0.7155057675244011,2,190,95,65,65.0,5,pertrace_unsupervised_movement_signal,pertrace_tau65_embed5
monkeyM_session-o080718005-9_lfp-5,M,o080718005-9,5,pre_go,condition,torus_geometry_15,ok,0.14444444444444443,0.12795473795473797,12,180,15,65,65.0,5,pertrace_unsupervised_movement_signal,pertrace_tau65_embed5
monkeyM_session-o080718005-9_lfp-5,M,o080718005-9,5,peri_go,direction,torus_geometry_15,ok,0.17204301075268819,0.1566242045169248,6,186,31,65,65.0,5,pertrace_unsupervised_movement_signal,pertrace_tau65_embed5
monkeyM_session-o080718005-9_lfp-5,M,o080718005-9,5,peri_go,delay,torus_geometry_15,ok,0.5684210526315789,0.5666926243186117,2,190,95,65,65.0,5,pertrace_unsupervised_movement_signal,pertrace_tau65_embed5
monkeyM_session-o080718005-9_lfp-5,M,o080718005-9,5,peri_go,condition,torus_geometry_15,ok,0.08333333333333333,0.07466000893110868,12,180,15,65,65.0,5,pertrace_unsupervised_movement_signal,pertrace_tau65_embed5
monkeyM_session-o080718005-9_lfp-5,M,o080718005-9,5,movement,direction,torus_geometry_15,ok,0.15591397849462366,0.14610155604301842,6,186,31,65,65.0,5,pertrace_unsupervised_movement_signal,pertrace_tau65_embed5
monkeyM_session-o080718005-9_lfp-5,M,o080718005-9,5,movement,delay,torus_geometry_15,ok,0.5526315789473685,0.551625530969766,2,190,95,65,65.0,5,pertrace_unsupervised_movement_signal,pertrace_tau65_embed5
monkeyM_session-o080718005-9_lfp-5,M,o080718005-9,5,movement,condition,torus_geometry_15,ok,0.06111111111111111,0.05591676841676841,12,180,15,65,65.0,5,pertrace_unsupervised_movement_signal,pertrace_tau65_embed5
monkeyM_session-o080718005-9_lfp-5,M,o080718005-9,5,post_go,direction,torus_geometry_15,ok,0.1935483870967742,0.18779842262871885,6,186,31,65,65.0,5,pertrace_unsupervised_movement_signal,pertrace_tau65_embed5
monkeyM_session-o080718005-9_lfp-5,M,o080718005-9,5,post_go,delay,torus_geometry_15,ok,0.5263157894736842,0.5254745254745254,2,190,95,65,65.0,5,pertrace_unsupervised_movement_signal,pertrace_tau65_embed5
monkeyM_session-o080718005-9_lfp-5,M,o080718005-9,5,post_go,condition,torus_geometry_15,ok,0.09444444444444444,0.08566431344873303,12,180,15,65,65.0,5,pertrace_unsupervised_movement_signal,pertrace_tau65_embed5
monkeyM_session-o080718005-9_lfp-8,M,o080718005-9,8,pre_go,direction,torus_geometry_15,ok,0.1935483870967742,0.18180747821951368,6,186,31,18,18.0,7,pertrace_unsupervised_movement_signal,pertrace_tau18_embed7
monkeyM_session-o080718005-9_lfp-8,M,o080718005-9,8,pre_go,delay,torus_geometry_15,ok,0.6947368421052632,0.6947030141843972,2,190,95,18,18.0,7,pertrace_unsupervised_movement_signal,pertrace_tau18_embed7
monkeyM_session-o080718005-9_lfp-8,M,o080718005-9,8,pre_go,condition,torus_geometry_15,ok,0.12777777777777777,0.127225257135247,12,180,15,18,18.0,7,pertrace_unsupervised_movement_signal,pertrace_tau18_embed7
monkeyM_session-o080718005-9_lfp-8,M,o080718005-9,8,peri_go,direction,torus_geometry_15,ok,0.11290322580645161,0.11219226332088926,6,186,31,18,18.0,7,pertrace_unsupervised_movement_signal,pertrace_tau18_embed7
monkeyM_session-o080718005-9_lfp-8,M,o080718005-9,8,peri_go,delay,torus_geometry_15,ok,0.631578947368421,0.6305555555555555,2,190,95,18,18.0,7,pertrace_unsupervised_movement_signal,pertrace_tau18_embed7
monkeyM_session-o080718005-9_lfp-8,M,o080718005-9,8,peri_go,condition,torus_geometry_15,ok,0.1111111111111111,0.1062952574974718,12,180,15,18,18.0,7,pertrace_unsupervised_movement_signal,pertrace_tau18_embed7
monkeyM_session-o080718005-9_lfp-8,M,o080718005-9,8,movement,direction,torus_geometry_15,ok,0.15053763440860216,0.1435220116173913,6,186,31,18,18.0,7,pertrace_unsupervised_movement_signal,pertrace_tau18_embed7
monkeyM_session-o080718005-9_lfp-8,M,o080718005-9,8,movement,delay,torus_geometry_15,ok,0.5736842105263158,0.5733887733887735,2,190,95,18,18.0,7,pertrace_unsupervised_movement_signal,pertrace_tau18_embed7
monkeyM_session-o080718005-9_lfp-8,M,o080718005-9,8,movement,condition,torus_geometry_15,ok,0.08333333333333333,0.07248909666672824,12,180,15,18,18.0,7,pertrace_unsupervised_movement_signal,pertrace_tau18_embed7
monkeyM_session-o080718005-9_lfp-8,M,o080718005-9,8,post_go,direction,torus_geometry_15,ok,0.1989247311827957,0.1994253268826789,6,186,31,18,18.0,7,pertrace_unsupervised_movement_signal,pertrace_tau18_embed7
monkeyM_session-o080718005-9_lfp-8,M,o080718005-9,8,post_go,delay,torus_geometry_15,ok,0.5578947368421052,0.5578947368421052,2,190,95,18,18.0,7,pertrace_unsupervised_movement_signal,pertrace_tau18_embed7
monkeyM_session-o080718005-9_lfp-8,M,o080718005-9,8,post_go,condition,torus_geometry_15,ok,0.1111111111111111,0.10265135615613859,12,180,15,18,18.0,7,pertrace_unsupervised_movement_signal,pertrace_tau18_embed7
monkeyM_session-o080722004-9_lfp-5,M,o080722004-9,5,pre_go,direction,torus_geometry_15,ok,0.13020833333333334,0.12750865487183893,6,192,32,12,12.0,7,pertrace_unsupervised_movement_signal,pertrace_tau12_embed7
monkeyM_session-o080722004-9_lfp-5,M,o080722004-9,5,pre_go,delay,torus_geometry_15,ok,0.7864583333333334,0.7864061864061864,2,192,96,12,12.0,7,pertrace_unsupervised_movement_signal,pertrace_tau12_embed7
monkeyM_session-o080722004-9_lfp-5,M,o080722004-9,5,pre_go,condition,torus_geometry_15,ok,0.09895833333333333,0.09468988775552743,12,192,16,12,12.0,7,pertrace_unsupervised_movement_signal,pertrace_tau12_embed7
monkeyM_session-o080722004-9_lfp-5,M,o080722004-9,5,peri_go,direction,torus_geometry_15,ok,0.19270833333333334,0.1834187244011811,6,192,32,12,12.0,7,pertrace_unsupervised_movement_signal,pertrace_tau12_embed7
monkeyM_session-o080722004-9_lfp-5,M,o080722004-9,5,peri_go,delay,torus_geometry_15,ok,0.546875,0.5453827940015785,2,192,96,12,12.0,7,pertrace_unsupervised_movement_signal,pertrace_tau12_embed7
monkeyM_session-o080722004-9_lfp-5,M,o080722004-9,5,peri_go,condition,torus_geometry_15,ok,0.07291666666666667,0.07227970166566658,12,192,16,12,12.0,7,pertrace_unsupervised_movement_signal,pertrace_tau12_embed7
monkeyM_session-o080722004-9_lfp-5,M,o080722004-9,5,movement,direction,torus_geometry_15,ok,0.16145833333333334,0.14723099343199508,6,192,32,12,12.0,7,pertrace_unsupervised_movement_signal,pertrace_tau12_embed7
monkeyM_session-o080722004-9_lfp-5,M,o080722004-9,5,movement,delay,torus_geometry_15,ok,0.515625,0.5155067155067155,2,192,96,12,12.0,7,pertrace_unsupervised_movement_signal,pertrace_tau12_embed7
monkeyM_session-o080722004-9_lfp-5,M,o080722004-9,5,movement,condition,torus_geometry_15,ok,0.09895833333333333,0.09375527243744299,12,192,16,12,12.0,7,pertrace_unsupervised_movement_signal,pertrace_tau12_embed7
monkeyM_session-o080722004-9_lfp-5,M,o080722004-9,5,post_go,direction,torus_geometry_15,ok,0.14583333333333334,0.14513726193553014,6,192,32,12,12.0,7,pertrace_unsupervised_movement_signal,pertrace_tau12_embed7
monkeyM_session-o080722004-9_lfp-5,M,o080722004-9,5,post_go,delay,torus_geometry_15,ok,0.484375,0.4843610123972547,2,192,96,12,12.0,7,pertrace_unsupervised_movement_signal,pertrace_tau12_embed7
monkeyM_session-o080722004-9_lfp-5,M,o080722004-9,5,post_go,condition,torus_geometry_15,ok,0.0625,0.05450615692551177,12,192,16,12,12.0,7,pertrace_unsupervised_movement_signal,pertrace_tau12_embed7
monkeyM_session-o080723001-3_lfp-5,M,o080723001-3,5,pre_go,direction,torus_geometry_15,ok,0.5714285714285714,0.57125,2,98,49,10,10.0,7,pertrace_unsupervised_movement_signal,pertrace_tau10_embed7
monkeyM_session-o080723001-3_lfp-5,M,o080723001-3,5,pre_go,delay,torus_geometry_15,ok,0.7959183673469388,0.7959183673469388,2,98,49,10,10.0,7,pertrace_unsupervised_movement_signal,pertrace_tau10_embed7
monkeyM_session-o080723001-3_lfp-5,M,o080723001-3,5,pre_go,condition,torus_geometry_15,ok,0.3541666666666667,0.35041370436807945,4,96,24,10,10.0,7,pertrace_unsupervised_movement_signal,pertrace_tau10_embed7
monkeyM_session-o080723001-3_lfp-5,M,o080723001-3,5,peri_go,direction,torus_geometry_15,ok,0.5204081632653061,0.519156488151164,2,98,49,10,10.0,7,pertrace_unsupervised_movement_signal,pertrace_tau10_embed7
monkeyM_session-o080723001-3_lfp-5,M,o080723001-3,5,peri_go,delay,torus_geometry_15,ok,0.5408163265306123,0.5325914149443561,2,98,49,10,10.0,7,pertrace_unsupervised_movement_signal,pertrace_tau10_embed7
monkeyM_session-o080723001-3_lfp-5,M,o080723001-3,5,peri_go,condition,torus_geometry_15,ok,0.3854166666666667,0.3792837889872931,4,96,24,10,10.0,7,pertrace_unsupervised_movement_signal,pertrace_tau10_embed7
monkeyM_session-o080723001-3_lfp-5,M,o080723001-3,5,movement,direction,torus_geometry_15,ok,0.5306122448979592,0.5288461538461539,2,98,49,10,10.0,7,pertrace_unsupervised_movement_signal,pertrace_tau10_embed7
monkeyM_session-o080723001-3_lfp-5,M,o080723001-3,5,movement,delay,torus_geometry_15,ok,0.6122448979591837,0.6122448979591837,2,98,49,10,10.0,7,pertrace_unsupervised_movement_signal,pertrace_tau10_embed7
monkeyM_session-o080723001-3_lfp-5,M,o080723001-3,5,movement,condition,torus_geometry_15,ok,0.40625,0.39485332594576295,4,96,24,10,10.0,7,pertrace_unsupervised_movement_signal,pertrace_tau10_embed7
monkeyM_session-o080723001-3_lfp-5,M,o080723001-3,5,post_go,direction,torus_geometry_15,ok,0.4489795918367347,0.4469063545150502,2,98,49,10,10.0,7,pertrace_unsupervised_movement_signal,pertrace_tau10_embed7
monkeyM_session-o080723001-3_lfp-5,M,o080723001-3,5,post_go,delay,torus_geometry_15,ok,0.5102040816326531,0.51,2,98,49,10,10.0,7,pertrace_unsupervised_movement_signal,pertrace_tau10_embed7
monkeyM_session-o080723001-3_lfp-5,M,o080723001-3,5,post_go,condition,torus_geometry_15,ok,0.2708333333333333,0.2724299826313504,4,96,24,10,10.0,7,pertrace_unsupervised_movement_signal,pertrace_tau10_embed7
monkeyM_session-o080723001-3_lfp-6,M,o080723001-3,6,pre_go,direction,torus_geometry_15,ok,0.5510204081632653,0.5510204081632653,2,98,49,13,13.0,7,pertrace_unsupervised_movement_signal,pertrace_tau13_embed7
monkeyM_session-o080723001-3_lfp-6,M,o080723001-3,6,pre_go,delay,torus_geometry_15,ok,0.7551020408163265,0.7546933667083855,2,98,49,13,13.0,7,pertrace_unsupervised_movement_signal,pertrace_tau13_embed7
monkeyM_session-o080723001-3_lfp-6,M,o080723001-3,6,pre_go,condition,torus_geometry_15,ok,0.4583333333333333,0.45836121147241177,4,96,24,13,13.0,7,pertrace_unsupervised_movement_signal,pertrace_tau13_embed7
monkeyM_session-o080723001-3_lfp-6,M,o080723001-3,6,peri_go,direction,torus_geometry_15,ok,0.5204081632653061,0.5203582213891492,2,98,49,13,13.0,7,pertrace_unsupervised_movement_signal,pertrace_tau13_embed7
monkeyM_session-o080723001-3_lfp-6,M,o080723001-3,6,peri_go,delay,torus_geometry_15,ok,0.6836734693877551,0.6833767587285045,2,98,49,13,13.0,7,pertrace_unsupervised_movement_signal,pertrace_tau13_embed7
monkeyM_session-o080723001-3_lfp-6,M,o080723001-3,6,peri_go,condition,torus_geometry_15,ok,0.3020833333333333,0.3010823958650045,4,96,24,13,13.0,7,pertrace_unsupervised_movement_signal,pertrace_tau13_embed7
monkeyM_session-o080723001-3_lfp-6,M,o080723001-3,6,movement,direction,torus_geometry_15,ok,0.6122448979591837,0.6120833333333333,2,98,49,13,13.0,7,pertrace_unsupervised_movement_signal,pertrace_tau13_embed7
monkeyM_session-o080723001-3_lfp-6,M,o080723001-3,6,movement,delay,torus_geometry_15,ok,0.4387755102040816,0.4382490880667014,2,98,49,13,13.0,7,pertrace_unsupervised_movement_signal,pertrace_tau13_embed7
monkeyM_session-o080723001-3_lfp-6,M,o080723001-3,6,movement,condition,torus_geometry_15,ok,0.3541666666666667,0.3496948350943805,4,96,24,13,13.0,7,pertrace_unsupervised_movement_signal,pertrace_tau13_embed7
monkeyM_session-o080723001-3_lfp-6,M,o080723001-3,6,post_go,direction,torus_geometry_15,ok,0.5306122448979592,0.5288461538461539,2,98,49,13,13.0,7,pertrace_unsupervised_movement_signal,pertrace_tau13_embed7
monkeyM_session-o080723001-3_lfp-6,M,o080723001-3,6,post_go,delay,torus_geometry_15,ok,0.5306122448979592,0.5304166666666668,2,98,49,13,13.0,7,pertrace_unsupervised_movement_signal,pertrace_tau13_embed7
monkeyM_session-o080723001-3_lfp-6,M,o080723001-3,6,post_go,condition,torus_geometry_15,ok,0.2916666666666667,0.2874744897959184,4,96,24,13,13.0,7,pertrace_unsupervised_movement_signal,pertrace_tau13_embed7
monkeyM_session-o080723006-11_lfp-5,M,o080723006-11,5,pre_go,direction,torus_geometry_15,ok,0.1388888888888889,0.14038088002298535,6,288,48,10,10.0,5,pertrace_unsupervised_movement_signal,pertrace_tau10_embed5
monkeyM_session-o080723006-11_lfp-5,M,o080723006-11,5,pre_go,delay,torus_geometry_15,ok,0.7965517241379311,0.7958501867296656,2,290,145,10,10.0,5,pertrace_unsupervised_movement_signal,pertrace_tau10_embed5
monkeyM_session-o080723006-11_lfp-5,M,o080723006-11,5,pre_go,condition,torus_geometry_15,ok,0.1076388888888889,0.10868612652718228,12,288,24,10,10.0,5,pertrace_unsupervised_movement_signal,pertrace_tau10_embed5
monkeyM_session-o080723006-11_lfp-5,M,o080723006-11,5,peri_go,direction,torus_geometry_15,ok,0.1875,0.1782729392684379,6,288,48,10,10.0,5,pertrace_unsupervised_movement_signal,pertrace_tau10_embed5
monkeyM_session-o080723006-11_lfp-5,M,o080723006-11,5,peri_go,delay,torus_geometry_15,ok,0.4862068965517241,0.4862007871675049,2,290,145,10,10.0,5,pertrace_unsupervised_movement_signal,pertrace_tau10_embed5
monkeyM_session-o080723006-11_lfp-5,M,o080723006-11,5,peri_go,condition,torus_geometry_15,ok,0.11805555555555555,0.10913881137233983,12,288,24,10,10.0,5,pertrace_unsupervised_movement_signal,pertrace_tau10_embed5
monkeyM_session-o080723006-11_lfp-5,M,o080723006-11,5,movement,direction,torus_geometry_15,ok,0.1875,0.18200245430364234,6,288,48,10,10.0,5,pertrace_unsupervised_movement_signal,pertrace_tau10_embed5
monkeyM_session-o080723006-11_lfp-5,M,o080723006-11,5,movement,delay,torus_geometry_15,ok,0.4689655172413793,0.46691176470588236,2,290,145,10,10.0,5,pertrace_unsupervised_movement_signal,pertrace_tau10_embed5
monkeyM_session-o080723006-11_lfp-5,M,o080723006-11,5,movement,condition,torus_geometry_15,ok,0.08680555555555555,0.08261858816719057,12,288,24,10,10.0,5,pertrace_unsupervised_movement_signal,pertrace_tau10_embed5
monkeyM_session-o080723006-11_lfp-5,M,o080723006-11,5,post_go,direction,torus_geometry_15,ok,0.21180555555555555,0.20835689442059369,6,288,48,10,10.0,5,pertrace_unsupervised_movement_signal,pertrace_tau10_embed5
monkeyM_session-o080723006-11_lfp-5,M,o080723006-11,5,post_go,delay,torus_geometry_15,ok,0.5413793103448276,0.5412429378531074,2,290,145,10,10.0,5,pertrace_unsupervised_movement_signal,pertrace_tau10_embed5
monkeyM_session-o080723006-11_lfp-5,M,o080723006-11,5,post_go,condition,torus_geometry_15,ok,0.11458333333333333,0.10767662449680686,12,288,24,10,10.0,5,pertrace_unsupervised_movement_signal,pertrace_tau10_embed5
monkeyM_session-o080723006-11_lfp-7,M,o080723006-11,7,pre_go,direction,torus_geometry_15,ok,0.18055555555555555,0.1770638932498422,6,288,48,17,17.0,7,pertrace_unsupervised_movement_signal,pertrace_tau17_embed7
monkeyM_session-o080723006-11_lfp-7,M,o080723006-11,7,pre_go,delay,torus_geometry_15,ok,0.7724137931034483,0.7720234408499691,2,290,145,17,17.0,7,pertrace_unsupervised_movement_signal,pertrace_tau17_embed7
monkeyM_session-o080723006-11_lfp-7,M,o080723006-11,7,pre_go,condition,torus_geometry_15,ok,0.11458333333333333,0.10777441154763136,12,288,24,17,17.0,7,pertrace_unsupervised_movement_signal,pertrace_tau17_embed7
monkeyM_session-o080723006-11_lfp-7,M,o080723006-11,7,peri_go,direction,torus_geometry_15,ok,0.2222222222222222,0.21788377912641232,6,288,48,17,17.0,7,pertrace_unsupervised_movement_signal,pertrace_tau17_embed7
monkeyM_session-o080723006-11_lfp-7,M,o080723006-11,7,peri_go,delay,torus_geometry_15,ok,0.5689655172413793,0.5678092399403875,2,290,145,17,17.0,7,pertrace_unsupervised_movement_signal,pertrace_tau17_embed7
monkeyM_session-o080723006-11_lfp-7,M,o080723006-11,7,peri_go,condition,torus_geometry_15,ok,0.11805555555555555,0.11178362546533387,12,288,24,17,17.0,7,pertrace_unsupervised_movement_signal,pertrace_tau17_embed7
monkeyM_session-o080723006-11_lfp-7,M,o080723006-11,7,movement,direction,torus_geometry_15,ok,0.25,0.24259988671707633,6,288,48,17,17.0,7,pertrace_unsupervised_movement_signal,pertrace_tau17_embed7
monkeyM_session-o080723006-11_lfp-7,M,o080723006-11,7,movement,delay,torus_geometry_15,ok,0.5344827586206896,0.5344772232725716,2,290,145,17,17.0,7,pertrace_unsupervised_movement_signal,pertrace_tau17_embed7
monkeyM_session-o080723006-11_lfp-7,M,o080723006-11,7,movement,condition,torus_geometry_15,ok,0.13541666666666666,0.12434751335146338,12,288,24,17,17.0,7,pertrace_unsupervised_movement_signal,pertrace_tau17_embed7
monkeyM_session-o080723006-11_lfp-7,M,o080723006-11,7,post_go,direction,torus_geometry_15,ok,0.2638888888888889,0.2549893761105814,6,288,48,17,17.0,7,pertrace_unsupervised_movement_signal,pertrace_tau17_embed7
monkeyM_session-o080723006-11_lfp-7,M,o080723006-11,7,post_go,delay,torus_geometry_15,ok,0.5275862068965518,0.527310799395605,2,290,145,17,17.0,7,pertrace_unsupervised_movement_signal,pertrace_tau17_embed7
monkeyM_session-o080723006-11_lfp-7,M,o080723006-11,7,post_go,condition,torus_geometry_15,ok,0.1284722222222222,0.12277338707584183,12,288,24,17,17.0,7,pertrace_unsupervised_movement_signal,pertrace_tau17_embed7
monkeyM_session-o080723012-14_lfp-5,M,o080723012-14,5,pre_go,direction,torus_geometry_15,ok,0.6458333333333334,0.6452173913043479,2,96,48,10,10.0,5,pertrace_unsupervised_movement_signal,pertrace_tau10_embed5
monkeyM_session-o080723012-14_lfp-5,M,o080723012-14,5,pre_go,delay,torus_geometry_15,ok,0.8125,0.8121739130434782,2,96,48,10,10.0,5,pertrace_unsupervised_movement_signal,pertrace_tau10_embed5
monkeyM_session-o080723012-14_lfp-5,M,o080723012-14,5,pre_go,condition,torus_geometry_15,ok,0.46875,0.47012919896640826,4,96,24,10,10.0,5,pertrace_unsupervised_movement_signal,pertrace_tau10_embed5
monkeyM_session-o080723012-14_lfp-5,M,o080723012-14,5,peri_go,direction,torus_geometry_15,ok,0.6458333333333334,0.6456795484151108,2,96,48,10,10.0,5,pertrace_unsupervised_movement_signal,pertrace_tau10_embed5
monkeyM_session-o080723012-14_lfp-5,M,o080723012-14,5,peri_go,delay,torus_geometry_15,ok,0.5833333333333334,0.5831524099001303,2,96,48,10,10.0,5,pertrace_unsupervised_movement_signal,pertrace_tau10_embed5
monkeyM_session-o080723012-14_lfp-5,M,o080723012-14,5,peri_go,condition,torus_geometry_15,ok,0.3645833333333333,0.3492507033969703,4,96,24,10,10.0,5,pertrace_unsupervised_movement_signal,pertrace_tau10_embed5
monkeyM_session-o080723012-14_lfp-5,M,o080723012-14,5,movement,direction,torus_geometry_15,ok,0.6354166666666666,0.6353771025501899,2,96,48,10,10.0,5,pertrace_unsupervised_movement_signal,pertrace_tau10_embed5
monkeyM_session-o080723012-14_lfp-5,M,o080723012-14,5,movement,delay,torus_geometry_15,ok,0.5625,0.5623100303951367,2,96,48,10,10.0,5,pertrace_unsupervised_movement_signal,pertrace_tau10_embed5
monkeyM_session-o080723012-14_lfp-5,M,o080723012-14,5,movement,condition,torus_geometry_15,ok,0.3854166666666667,0.3806162933400785,4,96,24,10,10.0,5,pertrace_unsupervised_movement_signal,pertrace_tau10_embed5
monkeyM_session-o080723012-14_lfp-5,M,o080723012-14,5,post_go,direction,torus_geometry_15,ok,0.6041666666666666,0.6041666666666666,2,96,48,10,10.0,5,pertrace_unsupervised_movement_signal,pertrace_tau10_embed5
monkeyM_session-o080723012-14_lfp-5,M,o080723012-14,5,post_go,delay,torus_geometry_15,ok,0.6041666666666666,0.6041666666666666,2,96,48,10,10.0,5,pertrace_unsupervised_movement_signal,pertrace_tau10_embed5
monkeyM_session-o080723012-14_lfp-5,M,o080723012-14,5,post_go,condition,torus_geometry_15,ok,0.4166666666666667,0.4201238169785811,4,96,24,10,10.0,5,pertrace_unsupervised_movement_signal,pertrace_tau10_embed5
monkeyM_session-o080723012-14_lfp-6,M,o080723012-14,6,pre_go,direction,torus_geometry_15,ok,0.5,0.49978289188015634,2,96,48,12,12.0,9,pertrace_unsupervised_movement_signal,pertrace_tau12_embed9
monkeyM_session-o080723012-14_lfp-6,M,o080723012-14,6,pre_go,delay,torus_geometry_15,ok,0.625,0.625,2,96,48,12,12.0,9,pertrace_unsupervised_movement_signal,pertrace_tau12_embed9
monkeyM_session-o080723012-14_lfp-6,M,o080723012-14,6,pre_go,condition,torus_geometry_15,ok,0.3020833333333333,0.29634083307996356,4,96,24,12,12.0,9,pertrace_unsupervised_movement_signal,pertrace_tau12_embed9
monkeyM_session-o080723012-14_lfp-6,M,o080723012-14,6,peri_go,direction,torus_geometry_15,ok,0.4895833333333333,0.48952794357026586,2,96,48,12,12.0,9,pertrace_unsupervised_movement_signal,pertrace_tau12_embed9
monkeyM_session-o080723012-14_lfp-6,M,o080723012-14,6,peri_go,delay,torus_geometry_15,ok,0.5520833333333334,0.5520347259902334,2,96,48,12,12.0,9,pertrace_unsupervised_movement_signal,pertrace_tau12_embed9
monkeyM_session-o080723012-14_lfp-6,M,o080723012-14,6,peri_go,condition,torus_geometry_15,ok,0.23958333333333334,0.23598006578517933,4,96,24,12,12.0,9,pertrace_unsupervised_movement_signal,pertrace_tau12_embed9
monkeyM_session-o080723012-14_lfp-6,M,o080723012-14,6,movement,direction,torus_geometry_15,ok,0.5625,0.5594405594405594,2,96,48,12,12.0,9,pertrace_unsupervised_movement_signal,pertrace_tau12_embed9
monkeyM_session-o080723012-14_lfp-6,M,o080723012-14,6,movement,delay,torus_geometry_15,ok,0.5520833333333334,0.5516454871293581,2,96,48,12,12.0,9,pertrace_unsupervised_movement_signal,pertrace_tau12_embed9
monkeyM_session-o080723012-14_lfp-6,M,o080723012-14,6,movement,condition,torus_geometry_15,ok,0.2604166666666667,0.2520957491814737,4,96,24,12,12.0,9,pertrace_unsupervised_movement_signal,pertrace_tau12_embed9
monkeyM_session-o080723012-14_lfp-6,M,o080723012-14,6,post_go,direction,torus_geometry_15,ok,0.625,0.6243478260869566,2,96,48,12,12.0,9,pertrace_unsupervised_movement_signal,pertrace_tau12_embed9
monkeyM_session-o080723012-14_lfp-6,M,o080723012-14,6,post_go,delay,torus_geometry_15,ok,0.4791666666666667,0.4771241830065359,2,96,48,12,12.0,9,pertrace_unsupervised_movement_signal,pertrace_tau12_embed9
monkeyM_session-o080723012-14_lfp-6,M,o080723012-14,6,post_go,condition,torus_geometry_15,ok,0.3958333333333333,0.39676790527531763,4,96,24,12,12.0,9,pertrace_unsupervised_movement_signal,pertrace_tau12_embed9
monkeyM_session-o080724001-3_lfp-5,M,o080724001-3,5,pre_go,direction,torus_geometry_15,ok,0.4722222222222222,0.47217696990482727,2,108,54,9,9.0,7,pertrace_unsupervised_movement_signal,pertrace_tau9_embed7
monkeyM_session-o080724001-3_lfp-5,M,o080724001-3,5,pre_go,delay,torus_geometry_15,ok,0.6759259259259259,0.6752298307414726,2,108,54,9,9.0,7,pertrace_unsupervised_movement_signal,pertrace_tau9_embed7
monkeyM_session-o080724001-3_lfp-5,M,o080724001-3,5,pre_go,condition,torus_geometry_15,ok,0.36538461538461536,0.36957540218763385,4,104,26,9,9.0,7,pertrace_unsupervised_movement_signal,pertrace_tau9_embed7
monkeyM_session-o080724001-3_lfp-5,M,o080724001-3,5,peri_go,direction,torus_geometry_15,ok,0.4444444444444444,0.44425385934819894,2,108,54,9,9.0,7,pertrace_unsupervised_movement_signal,pertrace_tau9_embed7
monkeyM_session-o080724001-3_lfp-5,M,o080724001-3,5,peri_go,delay,torus_geometry_15,ok,0.49074074074074076,0.48859233749461906,2,108,54,9,9.0,7,pertrace_unsupervised_movement_signal,pertrace_tau9_embed7
monkeyM_session-o080724001-3_lfp-5,M,o080724001-3,5,peri_go,condition,torus_geometry_15,ok,0.18269230769230768,0.1776981022743735,4,104,26,9,9.0,7,pertrace_unsupervised_movement_signal,pertrace_tau9_embed7
monkeyM_session-o080724001-3_lfp-5,M,o080724001-3,5,movement,direction,torus_geometry_15,ok,0.48148148148148145,0.47862068965517246,2,108,54,9,9.0,7,pertrace_unsupervised_movement_signal,pertrace_tau9_embed7
monkeyM_session-o080724001-3_lfp-5,M,o080724001-3,5,movement,delay,torus_geometry_15,ok,0.48148148148148145,0.481303602058319,2,108,54,9,9.0,7,pertrace_unsupervised_movement_signal,pertrace_tau9_embed7
monkeyM_session-o080724001-3_lfp-5,M,o080724001-3,5,movement,condition,torus_geometry_15,ok,0.17307692307692307,0.17179170410302486,4,104,26,9,9.0,7,pertrace_unsupervised_movement_signal,pertrace_tau9_embed7
monkeyM_session-o080724001-3_lfp-5,M,o080724001-3,5,post_go,direction,torus_geometry_15,ok,0.5370370370370371,0.5370370370370371,2,108,54,9,9.0,7,pertrace_unsupervised_movement_signal,pertrace_tau9_embed7
monkeyM_session-o080724001-3_lfp-5,M,o080724001-3,5,post_go,delay,torus_geometry_15,ok,0.5,0.49982847341337905,2,108,54,9,9.0,7,pertrace_unsupervised_movement_signal,pertrace_tau9_embed7
monkeyM_session-o080724001-3_lfp-5,M,o080724001-3,5,post_go,condition,torus_geometry_15,ok,0.34615384615384615,0.3398810621427254,4,104,26,9,9.0,7,pertrace_unsupervised_movement_signal,pertrace_tau9_embed7
monkeyM_session-o080724004-9_lfp-5,M,o080724004-9,5,pre_go,direction,torus_geometry_15,ok,0.2222222222222222,0.21482683817429882,6,234,39,11,11.0,5,pertrace_unsupervised_movement_signal,pertrace_tau11_embed5
monkeyM_session-o080724004-9_lfp-5,M,o080724004-9,5,pre_go,delay,torus_geometry_15,ok,0.8,0.7996521739130436,2,240,120,11,11.0,5,pertrace_unsupervised_movement_signal,pertrace_tau11_embed5
monkeyM_session-o080724004-9_lfp-5,M,o080724004-9,5,pre_go,condition,torus_geometry_15,ok,0.16666666666666666,0.1627804207178612,12,228,19,11,11.0,5,pertrace_unsupervised_movement_signal,pertrace_tau11_embed5
monkeyM_session-o080724004-9_lfp-5,M,o080724004-9,5,peri_go,direction,torus_geometry_15,ok,0.18376068376068377,0.1756948514088957,6,234,39,11,11.0,5,pertrace_unsupervised_movement_signal,pertrace_tau11_embed5
monkeyM_session-o080724004-9_lfp-5,M,o080724004-9,5,peri_go,delay,torus_geometry_15,ok,0.6375,0.6374433505235193,2,240,120,11,11.0,5,pertrace_unsupervised_movement_signal,pertrace_tau11_embed5
monkeyM_session-o080724004-9_lfp-5,M,o080724004-9,5,peri_go,condition,torus_geometry_15,ok,0.07894736842105263,0.07086096224604063,12,228,19,11,11.0,5,pertrace_unsupervised_movement_signal,pertrace_tau11_embed5
monkeyM_session-o080724004-9_lfp-5,M,o080724004-9,5,movement,direction,torus_geometry_15,ok,0.21367521367521367,0.19835852335920845,6,234,39,11,11.0,5,pertrace_unsupervised_movement_signal,pertrace_tau11_embed5
monkeyM_session-o080724004-9_lfp-5,M,o080724004-9,5,movement,delay,torus_geometry_15,ok,0.5666666666666667,0.5659130434782609,2,240,120,11,11.0,5,pertrace_unsupervised_movement_signal,pertrace_tau11_embed5
monkeyM_session-o080724004-9_lfp-5,M,o080724004-9,5,movement,condition,torus_geometry_15,ok,0.10526315789473684,0.0948543431795237,12,228,19,11,11.0,5,pertrace_unsupervised_movement_signal,pertrace_tau11_embed5
monkeyM_session-o080724004-9_lfp-5,M,o080724004-9,5,post_go,direction,torus_geometry_15,ok,0.18376068376068377,0.1740768436184815,6,234,39,11,11.0,5,pertrace_unsupervised_movement_signal,pertrace_tau11_embed5
monkeyM_session-o080724004-9_lfp-5,M,o080724004-9,5,post_go,delay,torus_geometry_15,ok,0.5833333333333334,0.5833043961386208,2,240,120,11,11.0,5,pertrace_unsupervised_movement_signal,pertrace_tau11_embed5
monkeyM_session-o080724004-9_lfp-5,M,o080724004-9,5,post_go,condition,torus_geometry_15,ok,0.09649122807017543,0.091722582972583,12,228,19,11,11.0,5,pertrace_unsupervised_movement_signal,pertrace_tau11_embed5
monkeyM_session-o080724004-9_lfp-7,M,o080724004-9,7,pre_go,direction,torus_geometry_15,ok,0.16666666666666666,0.16292561580409684,6,234,39,19,19.0,7,pertrace_unsupervised_movement_signal,pertrace_tau19_embed7
monkeyM_session-o080724004-9_lfp-7,M,o080724004-9,7,pre_go,delay,torus_geometry_15,ok,0.7916666666666666,0.7916521980693103,2,240,120,19,19.0,7,pertrace_unsupervised_movement_signal,pertrace_tau19_embed7
monkeyM_session-o080724004-9_lfp-7,M,o080724004-9,7,pre_go,condition,torus_geometry_15,ok,0.10526315789473684,0.10373898058335118,12,228,19,19,19.0,7,pertrace_unsupervised_movement_signal,pertrace_tau19_embed7
monkeyM_session-o080724004-9_lfp-7,M,o080724004-9,7,peri_go,direction,torus_geometry_15,ok,0.19230769230769232,0.1902626818975309,6,234,39,19,19.0,7,pertrace_unsupervised_movement_signal,pertrace_tau19_embed7
monkeyM_session-o080724004-9_lfp-7,M,o080724004-9,7,peri_go,delay,torus_geometry_15,ok,0.5333333333333333,0.5330414842609965,2,240,120,19,19.0,7,pertrace_unsupervised_movement_signal,pertrace_tau19_embed7
monkeyM_session-o080724004-9_lfp-7,M,o080724004-9,7,peri_go,condition,torus_geometry_15,ok,0.07456140350877193,0.06849181300213035,12,228,19,19,19.0,7,pertrace_unsupervised_movement_signal,pertrace_tau19_embed7
monkeyM_session-o080724004-9_lfp-7,M,o080724004-9,7,movement,direction,torus_geometry_15,ok,0.1752136752136752,0.17481093495286282,6,234,39,19,19.0,7,pertrace_unsupervised_movement_signal,pertrace_tau19_embed7
monkeyM_session-o080724004-9_lfp-7,M,o080724004-9,7,movement,delay,torus_geometry_15,ok,0.4083333333333333,0.4083333333333333,2,240,120,19,19.0,7,pertrace_unsupervised_movement_signal,pertrace_tau19_embed7
monkeyM_session-o080724004-9_lfp-7,M,o080724004-9,7,movement,condition,torus_geometry_15,ok,0.09649122807017543,0.08224043654467231,12,228,19,19,19.0,7,pertrace_unsupervised_movement_signal,pertrace_tau19_embed7
monkeyM_session-o080724004-9_lfp-7,M,o080724004-9,7,post_go,direction,torus_geometry_15,ok,0.23076923076923078,0.22242790770319934,6,234,39,19,19.0,7,pertrace_unsupervised_movement_signal,pertrace_tau19_embed7
monkeyM_session-o080724004-9_lfp-7,M,o080724004-9,7,post_go,delay,torus_geometry_15,ok,0.4708333333333333,0.47075063812053963,2,240,120,19,19.0,7,pertrace_unsupervised_movement_signal,pertrace_tau19_embed7
monkeyM_session-o080724004-9_lfp-7,M,o080724004-9,7,post_go,condition,torus_geometry_15,ok,0.12719298245614036,0.10681346957851949,12,228,19,19,19.0,7,pertrace_unsupervised_movement_signal,pertrace_tau19_embed7
monkeyM_session-o080731001-2_lfp-5,M,o080731001-2,5,pre_go,direction,torus_geometry_15,ok,0.55,0.5498749652681301,2,60,30,31,31.0,9,pertrace_unsupervised_movement_signal,pertrace_tau31_embed9
monkeyM_session-o080731001-2_lfp-5,M,o080731001-2,5,pre_go,delay,torus_geometry_15,ok,0.55,0.5498749652681301,2,60,30,31,31.0,9,pertrace_unsupervised_movement_signal,pertrace_tau31_embed9
monkeyM_session-o080731001-2_lfp-5,M,o080731001-2,5,pre_go,condition,torus_geometry_15,ok,0.14285714285714285,0.14327188940092167,4,56,14,31,31.0,9,pertrace_unsupervised_movement_signal,pertrace_tau31_embed9
monkeyM_session-o080731001-2_lfp-5,M,o080731001-2,5,peri_go,direction,torus_geometry_15,ok,0.43333333333333335,0.4276094276094276,2,60,30,31,31.0,9,pertrace_unsupervised_movement_signal,pertrace_tau31_embed9
monkeyM_session-o080731001-2_lfp-5,M,o080731001-2,5,peri_go,delay,torus_geometry_15,ok,0.5666666666666667,0.5647321428571428,2,60,30,31,31.0,9,pertrace_unsupervised_movement_signal,pertrace_tau31_embed9
monkeyM_session-o080731001-2_lfp-5,M,o080731001-2,5,peri_go,condition,torus_geometry_15,ok,0.25,0.24750481000481,4,56,14,31,31.0,9,pertrace_unsupervised_movement_signal,pertrace_tau31_embed9
monkeyM_session-o080731001-2_lfp-5,M,o080731001-2,5,movement,direction,torus_geometry_15,ok,0.6333333333333333,0.6316964285714286,2,60,30,31,31.0,9,pertrace_unsupervised_movement_signal,pertrace_tau31_embed9
monkeyM_session-o080731001-2_lfp-5,M,o080731001-2,5,movement,delay,torus_geometry_15,ok,0.45,0.44984717977215893,2,60,30,31,31.0,9,pertrace_unsupervised_movement_signal,pertrace_tau31_embed9
monkeyM_session-o080731001-2_lfp-5,M,o080731001-2,5,movement,condition,torus_geometry_15,ok,0.25,0.247140522875817,4,56,14,31,31.0,9,pertrace_unsupervised_movement_signal,pertrace_tau31_embed9
monkeyM_session-o080731001-2_lfp-5,M,o080731001-2,5,post_go,direction,torus_geometry_15,ok,0.5333333333333333,0.5333333333333333,2,60,30,31,31.0,9,pertrace_unsupervised_movement_signal,pertrace_tau31_embed9
monkeyM_session-o080731001-2_lfp-5,M,o080731001-2,5,post_go,delay,torus_geometry_15,ok,0.4166666666666667,0.4125874125874126,2,60,30,31,31.0,9,pertrace_unsupervised_movement_signal,pertrace_tau31_embed9
monkeyM_session-o080731001-2_lfp-5,M,o080731001-2,5,post_go,condition,torus_geometry_15,ok,0.125,0.12321428571428572,4,56,14,31,31.0,9,pertrace_unsupervised_movement_signal,pertrace_tau31_embed9
monkeyM_session-o080731001-2_lfp-6,M,o080731001-2,6,pre_go,direction,torus_geometry_15,ok,0.4166666666666667,0.41650458460683526,2,60,30,12,12.0,9,pertrace_unsupervised_movement_signal,pertrace_tau12_embed9
monkeyM_session-o080731001-2_lfp-6,M,o080731001-2,6,pre_go,delay,torus_geometry_15,ok,0.55,0.5498749652681301,2,60,30,12,12.0,9,pertrace_unsupervised_movement_signal,pertrace_tau12_embed9
monkeyM_session-o080731001-2_lfp-6,M,o080731001-2,6,pre_go,condition,torus_geometry_15,ok,0.21428571428571427,0.2091344880555114,4,56,14,12,12.0,9,pertrace_unsupervised_movement_signal,pertrace_tau12_embed9
monkeyM_session-o080731001-2_lfp-6,M,o080731001-2,6,peri_go,direction,torus_geometry_15,ok,0.5166666666666667,0.5132867132867133,2,60,30,12,12.0,9,pertrace_unsupervised_movement_signal,pertrace_tau12_embed9
monkeyM_session-o080731001-2_lfp-6,M,o080731001-2,6,peri_go,delay,torus_geometry_15,ok,0.4666666666666667,0.4642857142857143,2,60,30,12,12.0,9,pertrace_unsupervised_movement_signal,pertrace_tau12_embed9
monkeyM_session-o080731001-2_lfp-6,M,o080731001-2,6,peri_go,condition,torus_geometry_15,ok,0.26785714285714285,0.252978502978503,4,56,14,12,12.0,9,pertrace_unsupervised_movement_signal,pertrace_tau12_embed9
monkeyM_session-o080731001-2_lfp-6,M,o080731001-2,6,movement,direction,torus_geometry_15,ok,0.43333333333333335,0.43270300333704115,2,60,30,12,12.0,9,pertrace_unsupervised_movement_signal,pertrace_tau12_embed9
monkeyM_session-o080731001-2_lfp-6,M,o080731001-2,6,movement,delay,torus_geometry_15,ok,0.5333333333333333,0.5328142380422691,2,60,30,12,12.0,9,pertrace_unsupervised_movement_signal,pertrace_tau12_embed9
monkeyM_session-o080731001-2_lfp-6,M,o080731001-2,6,movement,condition,torus_geometry_15,ok,0.19642857142857142,0.1902927120669056,4,56,14,12,12.0,9,pertrace_unsupervised_movement_signal,pertrace_tau12_embed9
monkeyM_session-o080731001-2_lfp-6,M,o080731001-2,6,post_go,direction,torus_geometry_15,ok,0.5833333333333334,0.5832175604334537,2,60,30,12,12.0,9,pertrace_unsupervised_movement_signal,pertrace_tau12_embed9
monkeyM_session-o080731001-2_lfp-6,M,o080731001-2,6,post_go,delay,torus_geometry_15,ok,0.55,0.5498749652681301,2,60,30,12,12.0,9,pertrace_unsupervised_movement_signal,pertrace_tau12_embed9
monkeyM_session-o080731001-2_lfp-6,M,o080731001-2,6,post_go,condition,torus_geometry_15,ok,0.25,0.24126097916420497,4,56,14,12,12.0,9,pertrace_unsupervised_movement_signal,pertrace_tau12_embed9
monkeyM_session-o080731003-10_lfp-6,M,o080731003-10,6,pre_go,direction,torus_geometry_15,ok,0.1574074074074074,0.1568885090624221,6,216,36,12,12.0,7,pertrace_unsupervised_movement_signal,pertrace_tau12_embed7
monkeyM_session-o080731003-10_lfp-6,M,o080731003-10,6,pre_go,delay,torus_geometry_15,ok,0.7330508474576272,0.7330460544034474,2,236,118,12,12.0,7,pertrace_unsupervised_movement_signal,pertrace_tau12_embed7
monkeyM_session-o080731003-10_lfp-6,M,o080731003-10,6,pre_go,condition,torus_geometry_15,ok,0.1130952380952381,0.1072676267559471,12,168,14,12,12.0,7,pertrace_unsupervised_movement_signal,pertrace_tau12_embed7
monkeyM_session-o080731003-10_lfp-6,M,o080731003-10,6,peri_go,direction,torus_geometry_15,ok,0.16666666666666666,0.16044945198952532,6,216,36,12,12.0,7,pertrace_unsupervised_movement_signal,pertrace_tau12_embed7
monkeyM_session-o080731003-10_lfp-6,M,o080731003-10,6,peri_go,delay,torus_geometry_15,ok,0.4703389830508475,0.470329473022713,2,236,118,12,12.0,7,pertrace_unsupervised_movement_signal,pertrace_tau12_embed7
monkeyM_session-o080731003-10_lfp-6,M,o080731003-10,6,peri_go,condition,torus_geometry_15,ok,0.125,0.11252913752913751,12,168,14,12,12.0,7,pertrace_unsupervised_movement_signal,pertrace_tau12_embed7
monkeyM_session-o080731003-10_lfp-6,M,o080731003-10,6,movement,direction,torus_geometry_15,ok,0.19444444444444445,0.18331296077244322,6,216,36,12,12.0,7,pertrace_unsupervised_movement_signal,pertrace_tau12_embed7
monkeyM_session-o080731003-10_lfp-6,M,o080731003-10,6,movement,delay,torus_geometry_15,ok,0.559322033898305,0.5590370104204097,2,236,118,12,12.0,7,pertrace_unsupervised_movement_signal,pertrace_tau12_embed7
monkeyM_session-o080731003-10_lfp-6,M,o080731003-10,6,movement,condition,torus_geometry_15,ok,0.08333333333333333,0.07649647254910413,12,168,14,12,12.0,7,pertrace_unsupervised_movement_signal,pertrace_tau12_embed7
monkeyM_session-o080731003-10_lfp-6,M,o080731003-10,6,post_go,direction,torus_geometry_15,ok,0.2037037037037037,0.2033755560671873,6,216,36,12,12.0,7,pertrace_unsupervised_movement_signal,pertrace_tau12_embed7
monkeyM_session-o080731003-10_lfp-6,M,o080731003-10,6,post_go,delay,torus_geometry_15,ok,0.5508474576271186,0.5508151978740214,2,236,118,12,12.0,7,pertrace_unsupervised_movement_signal,pertrace_tau12_embed7
monkeyM_session-o080731003-10_lfp-6,M,o080731003-10,6,post_go,condition,torus_geometry_15,ok,0.08928571428571429,0.07337823106844846,12,168,14,12,12.0,7,pertrace_unsupervised_movement_signal,pertrace_tau12_embed7
monkeyM_session-o080731011-18_lfp-6,M,o080731011-18,6,pre_go,direction,torus_geometry_15,ok,0.17676767676767677,0.15855807859574336,6,198,33,13,13.0,9,pertrace_unsupervised_movement_signal,pertrace_tau13_embed9
monkeyM_session-o080731011-18_lfp-6,M,o080731011-18,6,pre_go,delay,torus_geometry_15,ok,0.7178217821782178,0.7177595293540875,2,202,101,13,13.0,9,pertrace_unsupervised_movement_signal,pertrace_tau13_embed9
monkeyM_session-o080731011-18_lfp-6,M,o080731011-18,6,pre_go,condition,torus_geometry_15,ok,0.12777777777777777,0.12438493737622397,12,180,15,13,13.0,9,pertrace_unsupervised_movement_signal,pertrace_tau13_embed9
monkeyM_session-o080731011-18_lfp-6,M,o080731011-18,6,peri_go,direction,torus_geometry_15,ok,0.17676767676767677,0.1637141237446916,6,198,33,13,13.0,9,pertrace_unsupervised_movement_signal,pertrace_tau13_embed9
monkeyM_session-o080731011-18_lfp-6,M,o080731011-18,6,peri_go,delay,torus_geometry_15,ok,0.5396039603960396,0.5393217097035239,2,202,101,13,13.0,9,pertrace_unsupervised_movement_signal,pertrace_tau13_embed9
monkeyM_session-o080731011-18_lfp-6,M,o080731011-18,6,peri_go,condition,torus_geometry_15,ok,0.09444444444444444,0.0906538938032264,12,180,15,13,13.0,9,pertrace_unsupervised_movement_signal,pertrace_tau13_embed9
monkeyM_session-o080731011-18_lfp-6,M,o080731011-18,6,movement,direction,torus_geometry_15,ok,0.1919191919191919,0.1811374219157115,6,198,33,13,13.0,9,pertrace_unsupervised_movement_signal,pertrace_tau13_embed9
monkeyM_session-o080731011-18_lfp-6,M,o080731011-18,6,movement,delay,torus_geometry_15,ok,0.5148514851485149,0.5146611748553496,2,202,101,13,13.0,9,pertrace_unsupervised_movement_signal,pertrace_tau13_embed9
monkeyM_session-o080731011-18_lfp-6,M,o080731011-18,6,movement,condition,torus_geometry_15,ok,0.07777777777777778,0.06868722878251009,12,180,15,13,13.0,9,pertrace_unsupervised_movement_signal,pertrace_tau13_embed9
monkeyM_session-o080731011-18_lfp-6,M,o080731011-18,6,post_go,direction,torus_geometry_15,ok,0.16666666666666666,0.16243501624735643,6,198,33,13,13.0,9,pertrace_unsupervised_movement_signal,pertrace_tau13_embed9
monkeyM_session-o080731011-18_lfp-6,M,o080731011-18,6,post_go,delay,torus_geometry_15,ok,0.5148514851485149,0.5140893470790378,2,202,101,13,13.0,9,pertrace_unsupervised_movement_signal,pertrace_tau13_embed9
monkeyM_session-o080731011-18_lfp-6,M,o080731011-18,6,post_go,condition,torus_geometry_15,ok,0.09444444444444444,0.08526053526053527,12,180,15,13,13.0,9,pertrace_unsupervised_movement_signal,pertrace_tau13_embed9
monkeyM_session-o080801001-7_lfp-5,M,o080801001-7,5,pre_go,direction,torus_geometry_15,ok,0.16287878787878787,0.15784696171806625,6,264,44,16,16.0,9,pertrace_unsupervised_movement_signal,pertrace_tau16_embed9
monkeyM_session-o080801001-7_lfp-5,M,o080801001-7,5,pre_go,delay,torus_geometry_15,ok,0.6861313868613139,0.6861313868613139,2,274,137,16,16.0,9,pertrace_unsupervised_movement_signal,pertrace_tau16_embed9
monkeyM_session-o080801001-7_lfp-5,M,o080801001-7,5,pre_go,condition,torus_geometry_15,ok,0.08333333333333333,0.08397215115308149,12,252,21,16,16.0,9,pertrace_unsupervised_movement_signal,pertrace_tau16_embed9
monkeyM_session-o080801001-7_lfp-5,M,o080801001-7,5,peri_go,direction,torus_geometry_15,ok,0.17045454545454544,0.16951555287424117,6,264,44,16,16.0,9,pertrace_unsupervised_movement_signal,pertrace_tau16_embed9
monkeyM_session-o080801001-7_lfp-5,M,o080801001-7,5,peri_go,delay,torus_geometry_15,ok,0.5583941605839416,0.557917194479632,2,274,137,16,16.0,9,pertrace_unsupervised_movement_signal,pertrace_tau16_embed9
monkeyM_session-o080801001-7_lfp-5,M,o080801001-7,5,peri_go,condition,torus_geometry_15,ok,0.0992063492063492,0.10319491667802154,12,252,21,16,16.0,9,pertrace_unsupervised_movement_signal,pertrace_tau16_embed9
monkeyM_session-o080801001-7_lfp-5,M,o080801001-7,5,movement,direction,torus_geometry_15,ok,0.15151515151515152,0.15028038575551614,6,264,44,16,16.0,9,pertrace_unsupervised_movement_signal,pertrace_tau16_embed9
monkeyM_session-o080801001-7_lfp-5,M,o080801001-7,5,movement,delay,torus_geometry_15,ok,0.583941605839416,0.5833866837387964,2,274,137,16,16.0,9,pertrace_unsupervised_movement_signal,pertrace_tau16_embed9
monkeyM_session-o080801001-7_lfp-5,M,o080801001-7,5,movement,condition,torus_geometry_15,ok,0.09126984126984126,0.08535836999730055,12,252,21,16,16.0,9,pertrace_unsupervised_movement_signal,pertrace_tau16_embed9
monkeyM_session-o080801001-7_lfp-5,M,o080801001-7,5,post_go,direction,torus_geometry_15,ok,0.16666666666666666,0.156073331971183,6,264,44,16,16.0,9,pertrace_unsupervised_movement_signal,pertrace_tau16_embed9
monkeyM_session-o080801001-7_lfp-5,M,o080801001-7,5,post_go,delay,torus_geometry_15,ok,0.5693430656934306,0.5687686726419121,2,274,137,16,16.0,9,pertrace_unsupervised_movement_signal,pertrace_tau16_embed9
monkeyM_session-o080801001-7_lfp-5,M,o080801001-7,5,post_go,condition,torus_geometry_15,ok,0.0992063492063492,0.09202005573030113,12,252,21,16,16.0,9,pertrace_unsupervised_movement_signal,pertrace_tau16_embed9
monkeyM_session-o080801001-7_lfp-6,M,o080801001-7,6,pre_go,direction,torus_geometry_15,ok,0.14015151515151514,0.1365231880156102,6,264,44,12,12.0,7,pertrace_unsupervised_movement_signal,pertrace_tau12_embed7
monkeyM_session-o080801001-7_lfp-6,M,o080801001-7,6,pre_go,delay,torus_geometry_15,ok,0.6678832116788321,0.6662785250619019,2,274,137,12,12.0,7,pertrace_unsupervised_movement_signal,pertrace_tau12_embed7
monkeyM_session-o080801001-7_lfp-6,M,o080801001-7,6,pre_go,condition,torus_geometry_15,ok,0.07936507936507936,0.07211238951247201,12,252,21,12,12.0,7,pertrace_unsupervised_movement_signal,pertrace_tau12_embed7
monkeyM_session-o080801001-7_lfp-6,M,o080801001-7,6,peri_go,direction,torus_geometry_15,ok,0.12878787878787878,0.12584262578270747,6,264,44,12,12.0,7,pertrace_unsupervised_movement_signal,pertrace_tau12_embed7
monkeyM_session-o080801001-7_lfp-6,M,o080801001-7,6,peri_go,delay,torus_geometry_15,ok,0.5291970802919708,0.5281348872602027,2,274,137,12,12.0,7,pertrace_unsupervised_movement_signal,pertrace_tau12_embed7
monkeyM_session-o080801001-7_lfp-6,M,o080801001-7,6,peri_go,condition,torus_geometry_15,ok,0.06746031746031746,0.06306829514492703,12,252,21,12,12.0,7,pertrace_unsupervised_movement_signal,pertrace_tau12_embed7
monkeyM_session-o080801001-7_lfp-6,M,o080801001-7,6,movement,direction,torus_geometry_15,ok,0.16666666666666666,0.16648839767247478,6,264,44,12,12.0,7,pertrace_unsupervised_movement_signal,pertrace_tau12_embed7
monkeyM_session-o080801001-7_lfp-6,M,o080801001-7,6,movement,delay,torus_geometry_15,ok,0.5620437956204379,0.561202156622004,2,274,137,12,12.0,7,pertrace_unsupervised_movement_signal,pertrace_tau12_embed7
monkeyM_session-o080801001-7_lfp-6,M,o080801001-7,6,movement,condition,torus_geometry_15,ok,0.09126984126984126,0.08265576374727546,12,252,21,12,12.0,7,pertrace_unsupervised_movement_signal,pertrace_tau12_embed7
monkeyM_session-o080801001-7_lfp-6,M,o080801001-7,6,post_go,direction,torus_geometry_15,ok,0.17424242424242425,0.16595158703854354,6,264,44,12,12.0,7,pertrace_unsupervised_movement_signal,pertrace_tau12_embed7
monkeyM_session-o080801001-7_lfp-6,M,o080801001-7,6,post_go,delay,torus_geometry_15,ok,0.5255474452554745,0.5254463096189714,2,274,137,12,12.0,7,pertrace_unsupervised_movement_signal,pertrace_tau12_embed7
monkeyM_session-o080801001-7_lfp-6,M,o080801001-7,6,post_go,condition,torus_geometry_15,ok,0.10317460317460317,0.09520204622208378,12,252,21,12,12.0,7,pertrace_unsupervised_movement_signal,pertrace_tau12_embed7
monkeyM_session-o080801008-10_lfp-5,M,o080801008-10,5,pre_go,direction,torus_geometry_15,ok,0.14705882352941177,0.14493215118215116,6,102,17,16,16.0,9,pertrace_unsupervised_movement_signal,pertrace_tau16_embed9
monkeyM_session-o080801008-10_lfp-5,M,o080801008-10,5,pre_go,delay,torus_geometry_15,ok,0.775,0.7749843739148552,2,120,60,16,16.0,9,pertrace_unsupervised_movement_signal,pertrace_tau16_embed9
monkeyM_session-o080801008-10_lfp-5,M,o080801008-10,5,pre_go,condition,torus_geometry_15,ok,0.16666666666666666,0.14718526299408652,12,96,8,16,16.0,9,pertrace_unsupervised_movement_signal,pertrace_tau16_embed9
monkeyM_session-o080801008-10_lfp-5,M,o080801008-10,5,peri_go,direction,torus_geometry_15,ok,0.11764705882352941,0.11458078958078959,6,102,17,16,16.0,9,pertrace_unsupervised_movement_signal,pertrace_tau16_embed9
monkeyM_session-o080801008-10_lfp-5,M,o080801008-10,5,peri_go,delay,torus_geometry_15,ok,0.4166666666666667,0.4125874125874126,2,120,60,16,16.0,9,pertrace_unsupervised_movement_signal,pertrace_tau16_embed9
monkeyM_session-o080801008-10_lfp-5,M,o080801008-10,5,peri_go,condition,torus_geometry_15,ok,0.09375,0.0811574074074074,12,96,8,16,16.0,9,pertrace_unsupervised_movement_signal,pertrace_tau16_embed9
monkeyM_session-o080801008-10_lfp-5,M,o080801008-10,5,movement,direction,torus_geometry_15,ok,0.22549019607843138,0.22437258566644527,6,102,17,16,16.0,9,pertrace_unsupervised_movement_signal,pertrace_tau16_embed9
monkeyM_session-o080801008-10_lfp-5,M,o080801008-10,5,movement,delay,torus_geometry_15,ok,0.65,0.6491228070175439,2,120,60,16,16.0,9,pertrace_unsupervised_movement_signal,pertrace_tau16_embed9
monkeyM_session-o080801008-10_lfp-5,M,o080801008-10,5,movement,condition,torus_geometry_15,ok,0.16666666666666666,0.1667272198618948,12,96,8,16,16.0,9,pertrace_unsupervised_movement_signal,pertrace_tau16_embed9
monkeyM_session-o080801008-10_lfp-5,M,o080801008-10,5,post_go,direction,torus_geometry_15,ok,0.1568627450980392,0.14826851253321843,6,102,17,16,16.0,9,pertrace_unsupervised_movement_signal,pertrace_tau16_embed9
monkeyM_session-o080801008-10_lfp-5,M,o080801008-10,5,post_go,delay,torus_geometry_15,ok,0.5833333333333334,0.5832175604334537,2,120,60,16,16.0,9,pertrace_unsupervised_movement_signal,pertrace_tau16_embed9
monkeyM_session-o080801008-10_lfp-5,M,o080801008-10,5,post_go,condition,torus_geometry_15,ok,0.07291666666666667,0.07933632390154129,12,96,8,16,16.0,9,pertrace_unsupervised_movement_signal,pertrace_tau16_embed9
monkeyM_session-o080801008-10_lfp-7,M,o080801008-10,7,pre_go,direction,torus_geometry_15,ok,0.19607843137254902,0.19887334887334887,6,102,17,13,13.0,9,pertrace_unsupervised_movement_signal,pertrace_tau13_embed9
monkeyM_session-o080801008-10_lfp-7,M,o080801008-10,7,pre_go,delay,torus_geometry_15,ok,0.8083333333333333,0.807249109574691,2,120,60,13,13.0,9,pertrace_unsupervised_movement_signal,pertrace_tau13_embed9
monkeyM_session-o080801008-10_lfp-7,M,o080801008-10,7,pre_go,condition,torus_geometry_15,ok,0.20833333333333334,0.19953608769398243,12,96,8,13,13.0,9,pertrace_unsupervised_movement_signal,pertrace_tau13_embed9
monkeyM_session-o080801008-10_lfp-7,M,o080801008-10,7,peri_go,direction,torus_geometry_15,ok,0.13725490196078433,0.13462143357779033,6,102,17,13,13.0,9,pertrace_unsupervised_movement_signal,pertrace_tau13_embed9
monkeyM_session-o080801008-10_lfp-7,M,o080801008-10,7,peri_go,delay,torus_geometry_15,ok,0.525,0.5247029393370857,2,120,60,13,13.0,9,pertrace_unsupervised_movement_signal,pertrace_tau13_embed9
monkeyM_session-o080801008-10_lfp-7,M,o080801008-10,7,peri_go,condition,torus_geometry_15,ok,0.08333333333333333,0.08070925176188334,12,96,8,13,13.0,9,pertrace_unsupervised_movement_signal,pertrace_tau13_embed9
monkeyM_session-o080801008-10_lfp-7,M,o080801008-10,7,movement,direction,torus_geometry_15,ok,0.12745098039215685,0.11695874614821265,6,102,17,13,13.0,9,pertrace_unsupervised_movement_signal,pertrace_tau13_embed9
monkeyM_session-o080801008-10_lfp-7,M,o080801008-10,7,movement,delay,torus_geometry_15,ok,0.5583333333333333,0.5575652173913044,2,120,60,13,13.0,9,pertrace_unsupervised_movement_signal,pertrace_tau13_embed9
monkeyM_session-o080801008-10_lfp-7,M,o080801008-10,7,movement,condition,torus_geometry_15,ok,0.125,0.11367615227909346,12,96,8,13,13.0,9,pertrace_unsupervised_movement_signal,pertrace_tau13_embed9
monkeyM_session-o080801008-10_lfp-7,M,o080801008-10,7,post_go,direction,torus_geometry_15,ok,0.19607843137254902,0.18512687176092957,6,102,17,13,13.0,9,pertrace_unsupervised_movement_signal,pertrace_tau13_embed9
monkeyM_session-o080801008-10_lfp-7,M,o080801008-10,7,post_go,delay,torus_geometry_15,ok,0.4166666666666667,0.41650458460683526,2,120,60,13,13.0,9,pertrace_unsupervised_movement_signal,pertrace_tau13_embed9
monkeyM_session-o080801008-10_lfp-7,M,o080801008-10,7,post_go,condition,torus_geometry_15,ok,0.08333333333333333,0.07828937130407719,12,96,8,13,13.0,9,pertrace_unsupervised_movement_signal,pertrace_tau13_embed9
monkeyM_session-o080801011-14_lfp-7,M,o080801011-14,7,pre_go,direction,torus_geometry_15,ok,0.1736111111111111,0.1607884082216096,6,144,24,12,12.0,9,pertrace_unsupervised_movement_signal,pertrace_tau12_embed9
monkeyM_session-o080801011-14_lfp-7,M,o080801011-14,7,pre_go,delay,torus_geometry_15,ok,0.823943661971831,0.823725110482149,2,142,71,12,12.0,9,pertrace_unsupervised_movement_signal,pertrace_tau12_embed9
monkeyM_session-o080801011-14_lfp-7,M,o080801011-14,7,pre_go,condition,torus_geometry_15,ok,0.19696969696969696,0.19668832629358945,12,132,11,12,12.0,9,pertrace_unsupervised_movement_signal,pertrace_tau12_embed9
monkeyM_session-o080801011-14_lfp-7,M,o080801011-14,7,peri_go,direction,torus_geometry_15,ok,0.2013888888888889,0.1893864173651408,6,144,24,12,12.0,9,pertrace_unsupervised_movement_signal,pertrace_tau12_embed9
monkeyM_session-o080801011-14_lfp-7,M,o080801011-14,7,peri_go,delay,torus_geometry_15,ok,0.5774647887323944,0.5773809523809523,2,142,71,12,12.0,9,pertrace_unsupervised_movement_signal,pertrace_tau12_embed9
monkeyM_session-o080801011-14_lfp-7,M,o080801011-14,7,peri_go,condition,torus_geometry_15,ok,0.09090909090909091,0.08507356170399649,12,132,11,12,12.0,9,pertrace_unsupervised_movement_signal,pertrace_tau12_embed9
monkeyM_session-o080801011-14_lfp-7,M,o080801011-14,7,movement,direction,torus_geometry_15,ok,0.1111111111111111,0.111507312132432,6,144,24,12,12.0,9,pertrace_unsupervised_movement_signal,pertrace_tau12_embed9
monkeyM_session-o080801011-14_lfp-7,M,o080801011-14,7,movement,delay,torus_geometry_15,ok,0.6056338028169014,0.6055555555555556,2,142,71,12,12.0,9,pertrace_unsupervised_movement_signal,pertrace_tau12_embed9
monkeyM_session-o080801011-14_lfp-7,M,o080801011-14,7,movement,condition,torus_geometry_15,ok,0.12121212121212122,0.10788600288600288,12,132,11,12,12.0,9,pertrace_unsupervised_movement_signal,pertrace_tau12_embed9
monkeyM_session-o080801011-14_lfp-7,M,o080801011-14,7,post_go,direction,torus_geometry_15,ok,0.19444444444444445,0.18945397934275587,6,144,24,12,12.0,9,pertrace_unsupervised_movement_signal,pertrace_tau12_embed9
monkeyM_session-o080801011-14_lfp-7,M,o080801011-14,7,post_go,delay,torus_geometry_15,ok,0.5704225352112676,0.5704012299756981,2,142,71,12,12.0,9,pertrace_unsupervised_movement_signal,pertrace_tau12_embed9
monkeyM_session-o080801011-14_lfp-7,M,o080801011-14,7,post_go,condition,torus_geometry_15,ok,0.11363636363636363,0.09443912303107704,12,132,11,12,12.0,9,pertrace_unsupervised_movement_signal,pertrace_tau12_embed9
monkeyM_session-o080806001-5_lfp-7,M,o080806001-5,7,pre_go,direction,torus_geometry_15,ok,0.19333333333333333,0.1889767115840857,6,150,25,11,11.0,7,pertrace_unsupervised_movement_signal,pertrace_tau11_embed7
monkeyM_session-o080806001-5_lfp-7,M,o080806001-5,7,pre_go,delay,torus_geometry_15,ok,0.7261904761904762,0.7261516654854713,2,168,84,11,11.0,7,pertrace_unsupervised_movement_signal,pertrace_tau11_embed7
monkeyM_session-o080806001-5_lfp-7,M,o080806001-5,7,pre_go,condition,torus_geometry_15,ok,0.10606060606060606,0.10522988686032164,12,132,11,11,11.0,7,pertrace_unsupervised_movement_signal,pertrace_tau11_embed7
monkeyM_session-o080806001-5_lfp-7,M,o080806001-5,7,peri_go,direction,torus_geometry_15,ok,0.16666666666666666,0.15882115866292312,6,150,25,11,11.0,7,pertrace_unsupervised_movement_signal,pertrace_tau11_embed7
monkeyM_session-o080806001-5_lfp-7,M,o080806001-5,7,peri_go,delay,torus_geometry_15,ok,0.4880952380952381,0.4880952380952381,2,168,84,11,11.0,7,pertrace_unsupervised_movement_signal,pertrace_tau11_embed7
monkeyM_session-o080806001-5_lfp-7,M,o080806001-5,7,peri_go,condition,torus_geometry_15,ok,0.08333333333333333,0.06885454002389486,12,132,11,11,11.0,7,pertrace_unsupervised_movement_signal,pertrace_tau11_embed7
monkeyM_session-o080806001-5_lfp-7,M,o080806001-5,7,movement,direction,torus_geometry_15,ok,0.18,0.17883220054383964,6,150,25,11,11.0,7,pertrace_unsupervised_movement_signal,pertrace_tau11_embed7
monkeyM_session-o080806001-5_lfp-7,M,o080806001-5,7,movement,delay,torus_geometry_15,ok,0.5773809523809523,0.5773659781029656,2,168,84,11,11.0,7,pertrace_unsupervised_movement_signal,pertrace_tau11_embed7
monkeyM_session-o080806001-5_lfp-7,M,o080806001-5,7,movement,condition,torus_geometry_15,ok,0.05303030303030303,0.049750087469385716,12,132,11,11,11.0,7,pertrace_unsupervised_movement_signal,pertrace_tau11_embed7
monkeyM_session-o080806001-5_lfp-7,M,o080806001-5,7,post_go,direction,torus_geometry_15,ok,0.24,0.2410897274666666,6,150,25,11,11.0,7,pertrace_unsupervised_movement_signal,pertrace_tau11_embed7
monkeyM_session-o080806001-5_lfp-7,M,o080806001-5,7,post_go,delay,torus_geometry_15,ok,0.5238095238095238,0.5232013622818221,2,168,84,11,11.0,7,pertrace_unsupervised_movement_signal,pertrace_tau11_embed7
monkeyM_session-o080806001-5_lfp-7,M,o080806001-5,7,post_go,condition,torus_geometry_15,ok,0.12121212121212122,0.10651675485008817,12,132,11,11,11.0,7,pertrace_unsupervised_movement_signal,pertrace_tau11_embed7
monkeyM_session-o080807001-3_lfp-5,M,o080807001-3,5,pre_go,direction,torus_geometry_15,ok,0.5588235294117647,0.5553618134263296,2,102,51,14,14.0,9,pertrace_unsupervised_movement_signal,pertrace_tau14_embed9
monkeyM_session-o080807001-3_lfp-5,M,o080807001-3,5,pre_go,delay,torus_geometry_15,ok,0.5576923076923077,0.5562152133580704,2,104,52,14,14.0,9,pertrace_unsupervised_movement_signal,pertrace_tau14_embed9
monkeyM_session-o080807001-3_lfp-5,M,o080807001-3,5,pre_go,condition,torus_geometry_15,ok,0.32,0.30754525539029176,4,100,25,14,14.0,9,pertrace_unsupervised_movement_signal,pertrace_tau14_embed9
monkeyM_session-o080807001-3_lfp-5,M,o080807001-3,5,peri_go,direction,torus_geometry_15,ok,0.5784313725490197,0.5764365041042975,2,102,51,14,14.0,9,pertrace_unsupervised_movement_signal,pertrace_tau14_embed9
monkeyM_session-o080807001-3_lfp-5,M,o080807001-3,5,peri_go,delay,torus_geometry_15,ok,0.5,0.4998150203477617,2,104,52,14,14.0,9,pertrace_unsupervised_movement_signal,pertrace_tau14_embed9
monkeyM_session-o080807001-3_lfp-5,M,o080807001-3,5,peri_go,condition,torus_geometry_15,ok,0.34,0.3365674219397623,4,100,25,14,14.0,9,pertrace_unsupervised_movement_signal,pertrace_tau14_embed9
monkeyM_session-o080807001-3_lfp-5,M,o080807001-3,5,movement,direction,torus_geometry_15,ok,0.47058823529411764,0.46875,2,102,51,14,14.0,9,pertrace_unsupervised_movement_signal,pertrace_tau14_embed9
monkeyM_session-o080807001-3_lfp-5,M,o080807001-3,5,movement,delay,torus_geometry_15,ok,0.5,0.4998150203477617,2,104,52,14,14.0,9,pertrace_unsupervised_movement_signal,pertrace_tau14_embed9
monkeyM_session-o080807001-3_lfp-5,M,o080807001-3,5,movement,condition,torus_geometry_15,ok,0.31,0.3110589222897346,4,100,25,14,14.0,9,pertrace_unsupervised_movement_signal,pertrace_tau14_embed9
monkeyM_session-o080807001-3_lfp-5,M,o080807001-3,5,post_go,direction,torus_geometry_15,ok,0.5882352941176471,0.5868055555555556,2,102,51,14,14.0,9,pertrace_unsupervised_movement_signal,pertrace_tau14_embed9
monkeyM_session-o080807001-3_lfp-5,M,o080807001-3,5,post_go,delay,torus_geometry_15,ok,0.5769230769230769,0.5762962962962963,2,104,52,14,14.0,9,pertrace_unsupervised_movement_signal,pertrace_tau14_embed9
monkeyM_session-o080807001-3_lfp-5,M,o080807001-3,5,post_go,condition,torus_geometry_15,ok,0.29,0.2857697426796805,4,100,25,14,14.0,9,pertrace_unsupervised_movement_signal,pertrace_tau14_embed9
monkeyM_session-o080807004-6_lfp-5,M,o080807004-6,5,pre_go,direction,torus_geometry_15,ok,0.47692307692307695,0.47692307692307695,2,130,65,14,14.0,9,pertrace_unsupervised_movement_signal,pertrace_tau14_embed9
monkeyM_session-o080807004-6_lfp-5,M,o080807004-6,5,pre_go,delay,torus_geometry_15,ok,0.6615384615384615,0.6615384615384615,2,130,65,14,14.0,9,pertrace_unsupervised_movement_signal,pertrace_tau14_embed9
monkeyM_session-o080807004-6_lfp-5,M,o080807004-6,5,pre_go,condition,torus_geometry_15,ok,0.3629032258064516,0.36031532457887194,4,124,31,14,14.0,9,pertrace_unsupervised_movement_signal,pertrace_tau14_embed9
monkeyM_session-o080807004-6_lfp-5,M,o080807004-6,5,peri_go,direction,torus_geometry_15,ok,0.43846153846153846,0.4376296296296296,2,130,65,14,14.0,9,pertrace_unsupervised_movement_signal,pertrace_tau14_embed9
monkeyM_session-o080807004-6_lfp-5,M,o080807004-6,5,peri_go,delay,torus_geometry_15,ok,0.5153846153846153,0.5153559382211965,2,130,65,14,14.0,9,pertrace_unsupervised_movement_signal,pertrace_tau14_embed9
monkeyM_session-o080807004-6_lfp-5,M,o080807004-6,5,peri_go,condition,torus_geometry_15,ok,0.23387096774193547,0.22593461947352228,4,124,31,14,14.0,9,pertrace_unsupervised_movement_signal,pertrace_tau14_embed9
monkeyM_session-o080807004-6_lfp-5,M,o080807004-6,5,movement,direction,torus_geometry_15,ok,0.45384615384615384,0.45381383513817386,2,130,65,14,14.0,9,pertrace_unsupervised_movement_signal,pertrace_tau14_embed9
monkeyM_session-o080807004-6_lfp-5,M,o080807004-6,5,movement,delay,torus_geometry_15,ok,0.43846153846153846,0.4376296296296296,2,130,65,14,14.0,9,pertrace_unsupervised_movement_signal,pertrace_tau14_embed9
monkeyM_session-o080807004-6_lfp-5,M,o080807004-6,5,movement,condition,torus_geometry_15,ok,0.1935483870967742,0.18634554430195277,4,124,31,14,14.0,9,pertrace_unsupervised_movement_signal,pertrace_tau14_embed9
monkeyM_session-o080807004-6_lfp-5,M,o080807004-6,5,post_go,direction,torus_geometry_15,ok,0.4153846153846154,0.41524621212121215,2,130,65,14,14.0,9,pertrace_unsupervised_movement_signal,pertrace_tau14_embed9
monkeyM_session-o080807004-6_lfp-5,M,o080807004-6,5,post_go,delay,torus_geometry_15,ok,0.5230769230769231,0.5229640151515151,2,130,65,14,14.0,9,pertrace_unsupervised_movement_signal,pertrace_tau14_embed9
monkeyM_session-o080807004-6_lfp-5,M,o080807004-6,5,post_go,condition,torus_geometry_15,ok,0.27419354838709675,0.27455109058071686,4,124,31,14,14.0,9,pertrace_unsupervised_movement_signal,pertrace_tau14_embed9
monkeyM_session-o080808001-5_lfp-5,M,o080808001-5,5,pre_go,direction,torus_geometry_15,ok,0.1715686274509804,0.16695733401678514,6,204,34,32,32.0,9,pertrace_unsupervised_movement_signal,pertrace_tau32_embed9
monkeyM_session-o080808001-5_lfp-5,M,o080808001-5,5,pre_go,delay,torus_geometry_15,ok,0.7135922330097088,0.7130445047810177,2,206,103,32,32.0,9,pertrace_unsupervised_movement_signal,pertrace_tau32_embed9
monkeyM_session-o080808001-5_lfp-5,M,o080808001-5,5,pre_go,condition,torus_geometry_15,ok,0.13541666666666666,0.1287171909204933,12,192,16,32,32.0,9,pertrace_unsupervised_movement_signal,pertrace_tau32_embed9
monkeyM_session-o080808001-5_lfp-5,M,o080808001-5,5,peri_go,direction,torus_geometry_15,ok,0.23039215686274508,0.21852188427530894,6,204,34,32,32.0,9,pertrace_unsupervised_movement_signal,pertrace_tau32_embed9
monkeyM_session-o080808001-5_lfp-5,M,o080808001-5,5,peri_go,delay,torus_geometry_15,ok,0.5533980582524272,0.5530188679245283,2,206,103,32,32.0,9,pertrace_unsupervised_movement_signal,pertrace_tau32_embed9
monkeyM_session-o080808001-5_lfp-5,M,o080808001-5,5,peri_go,condition,torus_geometry_15,ok,0.10416666666666667,0.09589861611297139,12,192,16,32,32.0,9,pertrace_unsupervised_movement_signal,pertrace_tau32_embed9
monkeyM_session-o080808001-5_lfp-5,M,o080808001-5,5,movement,direction,torus_geometry_15,ok,0.20098039215686275,0.19306831767910917,6,204,34,32,32.0,9,pertrace_unsupervised_movement_signal,pertrace_tau32_embed9
monkeyM_session-o080808001-5_lfp-5,M,o080808001-5,5,movement,delay,torus_geometry_15,ok,0.529126213592233,0.5208957728918407,2,206,103,32,32.0,9,pertrace_unsupervised_movement_signal,pertrace_tau32_embed9
monkeyM_session-o080808001-5_lfp-5,M,o080808001-5,5,movement,condition,torus_geometry_15,ok,0.16666666666666666,0.15402085887905798,12,192,16,32,32.0,9,pertrace_unsupervised_movement_signal,pertrace_tau32_embed9
monkeyM_session-o080808001-5_lfp-5,M,o080808001-5,5,post_go,direction,torus_geometry_15,ok,0.21568627450980393,0.20494236904881327,6,204,34,32,32.0,9,pertrace_unsupervised_movement_signal,pertrace_tau32_embed9
monkeyM_session-o080808001-5_lfp-5,M,o080808001-5,5,post_go,delay,torus_geometry_15,ok,0.5436893203883495,0.5384248665141114,2,206,103,32,32.0,9,pertrace_unsupervised_movement_signal,pertrace_tau32_embed9
monkeyM_session-o080808001-5_lfp-5,M,o080808001-5,5,post_go,condition,torus_geometry_15,ok,0.09375,0.08913868895164045,12,192,16,32,32.0,9,pertrace_unsupervised_movement_signal,pertrace_tau32_embed9
monkeyM_session-o080808001-5_lfp-6,M,o080808001-5,6,pre_go,direction,torus_geometry_15,ok,0.16176470588235295,0.15993982193265568,6,204,34,32,32.0,7,pertrace_unsupervised_movement_signal,pertrace_tau32_embed7
monkeyM_session-o080808001-5_lfp-6,M,o080808001-5,6,pre_go,delay,torus_geometry_15,ok,0.6213592233009708,0.6207873123760974,2,206,103,32,32.0,7,pertrace_unsupervised_movement_signal,pertrace_tau32_embed7
monkeyM_session-o080808001-5_lfp-6,M,o080808001-5,6,pre_go,condition,torus_geometry_15,ok,0.09375,0.08764105285129313,12,192,16,32,32.0,7,pertrace_unsupervised_movement_signal,pertrace_tau32_embed7
monkeyM_session-o080808001-5_lfp-6,M,o080808001-5,6,peri_go,direction,torus_geometry_15,ok,0.17647058823529413,0.16928880800285673,6,204,34,32,32.0,7,pertrace_unsupervised_movement_signal,pertrace_tau32_embed7
monkeyM_session-o080808001-5_lfp-6,M,o080808001-5,6,peri_go,delay,torus_geometry_15,ok,0.47572815533980584,0.47528301886792457,2,206,103,32,32.0,7,pertrace_unsupervised_movement_signal,pertrace_tau32_embed7
monkeyM_session-o080808001-5_lfp-6,M,o080808001-5,6,peri_go,condition,torus_geometry_15,ok,0.046875,0.040905683010946166,12,192,16,32,32.0,7,pertrace_unsupervised_movement_signal,pertrace_tau32_embed7
monkeyM_session-o080808001-5_lfp-6,M,o080808001-5,6,movement,direction,torus_geometry_15,ok,0.22549019607843138,0.21541812744013625,6,204,34,32,32.0,7,pertrace_unsupervised_movement_signal,pertrace_tau32_embed7
monkeyM_session-o080808001-5_lfp-6,M,o080808001-5,6,movement,delay,torus_geometry_15,ok,0.529126213592233,0.529115117238129,2,206,103,32,32.0,7,pertrace_unsupervised_movement_signal,pertrace_tau32_embed7
monkeyM_session-o080808001-5_lfp-6,M,o080808001-5,6,movement,condition,torus_geometry_15,ok,0.09895833333333333,0.09905788590352821,12,192,16,32,32.0,7,pertrace_unsupervised_movement_signal,pertrace_tau32_embed7
monkeyM_session-o080808001-5_lfp-6,M,o080808001-5,6,post_go,direction,torus_geometry_15,ok,0.16666666666666666,0.1602171686057353,6,204,34,32,32.0,7,pertrace_unsupervised_movement_signal,pertrace_tau32_embed7
monkeyM_session-o080808001-5_lfp-6,M,o080808001-5,6,post_go,delay,torus_geometry_15,ok,0.46116504854368934,0.4610507459872251,2,206,103,32,32.0,7,pertrace_unsupervised_movement_signal,pertrace_tau32_embed7
monkeyM_session-o080808001-5_lfp-6,M,o080808001-5,6,post_go,condition,torus_geometry_15,ok,0.052083333333333336,0.04438502991134571,12,192,16,32,32.0,7,pertrace_unsupervised_movement_signal,pertrace_tau32_embed7
monkeyM_session-o080808006-12_lfp-5,M,o080808006-12,5,pre_go,direction,torus_geometry_15,ok,0.15217391304347827,0.14568094620823832,6,276,46,19,19.0,7,pertrace_unsupervised_movement_signal,pertrace_tau19_embed7
monkeyM_session-o080808006-12_lfp-5,M,o080808006-12,5,pre_go,delay,torus_geometry_15,ok,0.7,0.6999846930965865,2,280,140,19,19.0,7,pertrace_unsupervised_movement_signal,pertrace_tau19_embed7
monkeyM_session-o080808006-12_lfp-5,M,o080808006-12,5,pre_go,condition,torus_geometry_15,ok,0.125,0.11579551216179124,12,264,22,19,19.0,7,pertrace_unsupervised_movement_signal,pertrace_tau19_embed7
monkeyM_session-o080808006-12_lfp-5,M,o080808006-12,5,peri_go,direction,torus_geometry_15,ok,0.2210144927536232,0.21573697109336373,6,276,46,19,19.0,7,pertrace_unsupervised_movement_signal,pertrace_tau19_embed7
monkeyM_session-o080808006-12_lfp-5,M,o080808006-12,5,peri_go,delay,torus_geometry_15,ok,0.55,0.5494252873563219,2,280,140,19,19.0,7,pertrace_unsupervised_movement_signal,pertrace_tau19_embed7
monkeyM_session-o080808006-12_lfp-5,M,o080808006-12,5,peri_go,condition,torus_geometry_15,ok,0.11363636363636363,0.10534776741974566,12,264,22,19,19.0,7,pertrace_unsupervised_movement_signal,pertrace_tau19_embed7
monkeyM_session-o080808006-12_lfp-5,M,o080808006-12,5,movement,direction,torus_geometry_15,ok,0.213768115942029,0.19939823543360757,6,276,46,19,19.0,7,pertrace_unsupervised_movement_signal,pertrace_tau19_embed7
monkeyM_session-o080808006-12_lfp-5,M,o080808006-12,5,movement,delay,torus_geometry_15,ok,0.5964285714285714,0.5963822377568854,2,280,140,19,19.0,7,pertrace_unsupervised_movement_signal,pertrace_tau19_embed7
monkeyM_session-o080808006-12_lfp-5,M,o080808006-12,5,movement,condition,torus_geometry_15,ok,0.1553030303030303,0.1495289366395496,12,264,22,19,19.0,7,pertrace_unsupervised_movement_signal,pertrace_tau19_embed7
monkeyM_session-o080808006-12_lfp-5,M,o080808006-12,5,post_go,direction,torus_geometry_15,ok,0.2028985507246377,0.19868791478379108,6,276,46,19,19.0,7,pertrace_unsupervised_movement_signal,pertrace_tau19_embed7
monkeyM_session-o080808006-12_lfp-5,M,o080808006-12,5,post_go,delay,torus_geometry_15,ok,0.5607142857142857,0.5605741626794258,2,280,140,19,19.0,7,pertrace_unsupervised_movement_signal,pertrace_tau19_embed7
monkeyM_session-o080808006-12_lfp-5,M,o080808006-12,5,post_go,condition,torus_geometry_15,ok,0.14393939393939395,0.13700701510565783,12,264,22,19,19.0,7,pertrace_unsupervised_movement_signal,pertrace_tau19_embed7
monkeyM_session-o080808006-12_lfp-6,M,o080808006-12,6,pre_go,direction,torus_geometry_15,ok,0.14855072463768115,0.14347741868356081,6,276,46,31,31.0,7,pertrace_unsupervised_movement_signal,pertrace_tau31_embed7
monkeyM_session-o080808006-12_lfp-6,M,o080808006-12,6,pre_go,delay,torus_geometry_15,ok,0.4357142857142857,0.4354550558930121,2,280,140,31,31.0,7,pertrace_unsupervised_movement_signal,pertrace_tau31_embed7
monkeyM_session-o080808006-12_lfp-6,M,o080808006-12,6,pre_go,condition,torus_geometry_15,ok,0.06439393939393939,0.05509376862813048,12,264,22,31,31.0,7,pertrace_unsupervised_movement_signal,pertrace_tau31_embed7
monkeyM_session-o080808006-12_lfp-6,M,o080808006-12,6,peri_go,direction,torus_geometry_15,ok,0.2028985507246377,0.19831380593860395,6,276,46,31,31.0,7,pertrace_unsupervised_movement_signal,pertrace_tau31_embed7
monkeyM_session-o080808006-12_lfp-6,M,o080808006-12,6,peri_go,delay,torus_geometry_15,ok,0.5464285714285714,0.5433473308420336,2,280,140,31,31.0,7,pertrace_unsupervised_movement_signal,pertrace_tau31_embed7
monkeyM_session-o080808006-12_lfp-6,M,o080808006-12,6,peri_go,condition,torus_geometry_15,ok,0.07954545454545454,0.07278387006647875,12,264,22,31,31.0,7,pertrace_unsupervised_movement_signal,pertrace_tau31_embed7
monkeyM_session-o080808006-12_lfp-6,M,o080808006-12,6,movement,direction,torus_geometry_15,ok,0.19202898550724637,0.18345058654875732,6,276,46,31,31.0,7,pertrace_unsupervised_movement_signal,pertrace_tau31_embed7
monkeyM_session-o080808006-12_lfp-6,M,o080808006-12,6,movement,delay,torus_geometry_15,ok,0.5678571428571428,0.5677192982456141,2,280,140,31,31.0,7,pertrace_unsupervised_movement_signal,pertrace_tau31_embed7
monkeyM_session-o080808006-12_lfp-6,M,o080808006-12,6,movement,condition,torus_geometry_15,ok,0.08712121212121213,0.08301295675918462,12,264,22,31,31.0,7,pertrace_unsupervised_movement_signal,pertrace_tau31_embed7
monkeyM_session-o080808006-12_lfp-6,M,o080808006-12,6,post_go,direction,torus_geometry_15,ok,0.16304347826086957,0.1589953634818098,6,276,46,31,31.0,7,pertrace_unsupervised_movement_signal,pertrace_tau31_embed7
monkeyM_session-o080808006-12_lfp-6,M,o080808006-12,6,post_go,delay,torus_geometry_15,ok,0.55,0.5497932724210097,2,280,140,31,31.0,7,pertrace_unsupervised_movement_signal,pertrace_tau31_embed7
monkeyM_session-o080808006-12_lfp-6,M,o080808006-12,6,post_go,condition,torus_geometry_15,ok,0.07196969696969698,0.06925850688789426,12,264,22,31,31.0,7,pertrace_unsupervised_movement_signal,pertrace_tau31_embed7
monkeyM_session-o080828001-6_lfp-5,M,o080828001-6,5,pre_go,direction,torus_geometry_15,ok,0.20833333333333334,0.2016686955345864,6,240,40,30,30.0,9,pertrace_unsupervised_movement_signal,pertrace_tau30_embed9
monkeyM_session-o080828001-6_lfp-5,M,o080828001-6,5,pre_go,delay,torus_geometry_15,ok,0.7418032786885246,0.7416948127236982,2,244,122,30,30.0,9,pertrace_unsupervised_movement_signal,pertrace_tau30_embed9
monkeyM_session-o080828001-6_lfp-5,M,o080828001-6,5,pre_go,condition,torus_geometry_15,ok,0.09649122807017543,0.0861273206631293,12,228,19,30,30.0,9,pertrace_unsupervised_movement_signal,pertrace_tau30_embed9
monkeyM_session-o080828001-6_lfp-5,M,o080828001-6,5,peri_go,direction,torus_geometry_15,ok,0.19583333333333333,0.17244013306570313,6,240,40,30,30.0,9,pertrace_unsupervised_movement_signal,pertrace_tau30_embed9
monkeyM_session-o080828001-6_lfp-5,M,o080828001-6,5,peri_go,delay,torus_geometry_15,ok,0.5942622950819673,0.5940918485658113,2,244,122,30,30.0,9,pertrace_unsupervised_movement_signal,pertrace_tau30_embed9
monkeyM_session-o080828001-6_lfp-5,M,o080828001-6,5,peri_go,condition,torus_geometry_15,ok,0.10526315789473684,0.10134456476268479,12,228,19,30,30.0,9,pertrace_unsupervised_movement_signal,pertrace_tau30_embed9
monkeyM_session-o080828001-6_lfp-5,M,o080828001-6,5,movement,direction,torus_geometry_15,ok,0.175,0.16716386277737008,6,240,40,30,30.0,9,pertrace_unsupervised_movement_signal,pertrace_tau30_embed9
monkeyM_session-o080828001-6_lfp-5,M,o080828001-6,5,movement,delay,torus_geometry_15,ok,0.6352459016393442,0.6338621840805247,2,244,122,30,30.0,9,pertrace_unsupervised_movement_signal,pertrace_tau30_embed9
monkeyM_session-o080828001-6_lfp-5,M,o080828001-6,5,movement,condition,torus_geometry_15,ok,0.11842105263157894,0.111607821693263,12,228,19,30,30.0,9,pertrace_unsupervised_movement_signal,pertrace_tau30_embed9
monkeyM_session-o080828001-6_lfp-5,M,o080828001-6,5,post_go,direction,torus_geometry_15,ok,0.1375,0.13420302991009772,6,240,40,30,30.0,9,pertrace_unsupervised_movement_signal,pertrace_tau30_embed9
monkeyM_session-o080828001-6_lfp-5,M,o080828001-6,5,post_go,delay,torus_geometry_15,ok,0.5983606557377049,0.5983336692871062,2,244,122,30,30.0,9,pertrace_unsupervised_movement_signal,pertrace_tau30_embed9
monkeyM_session-o080828001-6_lfp-5,M,o080828001-6,5,post_go,condition,torus_geometry_15,ok,0.08333333333333333,0.08387865187779375,12,228,19,30,30.0,9,pertrace_unsupervised_movement_signal,pertrace_tau30_embed9
monkeyM_session-o080828001-6_lfp-6,M,o080828001-6,6,pre_go,direction,torus_geometry_15,ok,0.11666666666666667,0.1095731817000332,6,240,40,25,25.0,9,pertrace_unsupervised_movement_signal,pertrace_tau25_embed9
monkeyM_session-o080828001-6_lfp-6,M,o080828001-6,6,pre_go,delay,torus_geometry_15,ok,0.6065573770491803,0.6065309413424713,2,244,122,25,25.0,9,pertrace_unsupervised_movement_signal,pertrace_tau25_embed9
monkeyM_session-o080828001-6_lfp-6,M,o080828001-6,6,pre_go,condition,torus_geometry_15,ok,0.07894736842105263,0.07475325056142575,12,228,19,25,25.0,9,pertrace_unsupervised_movement_signal,pertrace_tau25_embed9
monkeyM_session-o080828001-6_lfp-6,M,o080828001-6,6,peri_go,direction,torus_geometry_15,ok,0.19583333333333333,0.1925137057600559,6,240,40,25,25.0,9,pertrace_unsupervised_movement_signal,pertrace_tau25_embed9
monkeyM_session-o080828001-6_lfp-6,M,o080828001-6,6,peri_go,delay,torus_geometry_15,ok,0.5737704918032787,0.5730533683289589,2,244,122,25,25.0,9,pertrace_unsupervised_movement_signal,pertrace_tau25_embed9
monkeyM_session-o080828001-6_lfp-6,M,o080828001-6,6,peri_go,condition,torus_geometry_15,ok,0.09649122807017543,0.0896461896752755,12,228,19,25,25.0,9,pertrace_unsupervised_movement_signal,pertrace_tau25_embed9
monkeyM_session-o080828001-6_lfp-6,M,o080828001-6,6,movement,direction,torus_geometry_15,ok,0.175,0.17314018354615526,6,240,40,25,25.0,9,pertrace_unsupervised_movement_signal,pertrace_tau25_embed9
monkeyM_session-o080828001-6_lfp-6,M,o080828001-6,6,movement,delay,torus_geometry_15,ok,0.5655737704918032,0.5648428561814389,2,244,122,25,25.0,9,pertrace_unsupervised_movement_signal,pertrace_tau25_embed9
monkeyM_session-o080828001-6_lfp-6,M,o080828001-6,6,movement,condition,torus_geometry_15,ok,0.07456140350877193,0.0687920582424867,12,228,19,25,25.0,9,pertrace_unsupervised_movement_signal,pertrace_tau25_embed9
monkeyM_session-o080828001-6_lfp-6,M,o080828001-6,6,post_go,direction,torus_geometry_15,ok,0.10416666666666667,0.09534212183732715,6,240,40,25,25.0,9,pertrace_unsupervised_movement_signal,pertrace_tau25_embed9
monkeyM_session-o080828001-6_lfp-6,M,o080828001-6,6,post_go,delay,torus_geometry_15,ok,0.5327868852459017,0.5325042016806723,2,244,122,25,25.0,9,pertrace_unsupervised_movement_signal,pertrace_tau25_embed9
monkeyM_session-o080828001-6_lfp-6,M,o080828001-6,6,post_go,condition,torus_geometry_15,ok,0.09649122807017543,0.08367966029468778,12,228,19,25,25.0,9,pertrace_unsupervised_movement_signal,pertrace_tau25_embed9
monkeyM_session-o080828007-12_lfp-5,M,o080828007-12,5,pre_go,direction,torus_geometry_15,ok,0.1724137931034483,0.17043138657564963,6,174,29,29,29.0,9,pertrace_unsupervised_movement_signal,pertrace_tau29_embed9
monkeyM_session-o080828007-12_lfp-5,M,o080828007-12,5,pre_go,delay,torus_geometry_15,ok,0.7204301075268817,0.7203977798334875,2,186,93,29,29.0,9,pertrace_unsupervised_movement_signal,pertrace_tau29_embed9
monkeyM_session-o080828007-12_lfp-5,M,o080828007-12,5,pre_go,condition,torus_geometry_15,ok,0.10897435897435898,0.1067777482179656,12,156,13,29,29.0,9,pertrace_unsupervised_movement_signal,pertrace_tau29_embed9
monkeyM_session-o080828007-12_lfp-5,M,o080828007-12,5,peri_go,direction,torus_geometry_15,ok,0.12643678160919541,0.11736288140114869,6,174,29,29,29.0,9,pertrace_unsupervised_movement_signal,pertrace_tau29_embed9
monkeyM_session-o080828007-12_lfp-5,M,o080828007-12,5,peri_go,delay,torus_geometry_15,ok,0.5806451612903226,0.5806451612903226,2,186,93,29,29.0,9,pertrace_unsupervised_movement_signal,pertrace_tau29_embed9
monkeyM_session-o080828007-12_lfp-5,M,o080828007-12,5,peri_go,condition,torus_geometry_15,ok,0.14743589743589744,0.13685912182288992,12,156,13,29,29.0,9,pertrace_unsupervised_movement_signal,pertrace_tau29_embed9
monkeyM_session-o080828007-12_lfp-5,M,o080828007-12,5,movement,direction,torus_geometry_15,ok,0.15517241379310345,0.1432019275451479,6,174,29,29,29.0,9,pertrace_unsupervised_movement_signal,pertrace_tau29_embed9
monkeyM_session-o080828007-12_lfp-5,M,o080828007-12,5,movement,delay,torus_geometry_15,ok,0.5268817204301075,0.5241860465116279,2,186,93,29,29.0,9,pertrace_unsupervised_movement_signal,pertrace_tau29_embed9
monkeyM_session-o080828007-12_lfp-5,M,o080828007-12,5,movement,condition,torus_geometry_15,ok,0.07051282051282051,0.06907725409004181,12,156,13,29,29.0,9,pertrace_unsupervised_movement_signal,pertrace_tau29_embed9
monkeyM_session-o080828007-12_lfp-5,M,o080828007-12,5,post_go,direction,torus_geometry_15,ok,0.1724137931034483,0.16826737318540597,6,174,29,29,29.0,9,pertrace_unsupervised_movement_signal,pertrace_tau29_embed9
monkeyM_session-o080828007-12_lfp-5,M,o080828007-12,5,post_go,delay,torus_geometry_15,ok,0.521505376344086,0.5211593532151225,2,186,93,29,29.0,9,pertrace_unsupervised_movement_signal,pertrace_tau29_embed9
monkeyM_session-o080828007-12_lfp-5,M,o080828007-12,5,post_go,condition,torus_geometry_15,ok,0.057692307692307696,0.054373383109015294,12,156,13,29,29.0,9,pertrace_unsupervised_movement_signal,pertrace_tau29_embed9
monkeyM_session-o080829001-5_lfp-5,M,o080829001-5,5,pre_go,direction,torus_geometry_15,ok,0.18376068376068377,0.18086676196432294,6,234,39,12,12.0,9,pertrace_unsupervised_movement_signal,pertrace_tau12_embed9
monkeyM_session-o080829001-5_lfp-5,M,o080829001-5,5,pre_go,delay,torus_geometry_15,ok,0.7644628099173554,0.7639751552795031,2,242,121,12,12.0,9,pertrace_unsupervised_movement_signal,pertrace_tau12_embed9
monkeyM_session-o080829001-5_lfp-5,M,o080829001-5,5,pre_go,condition,torus_geometry_15,ok,0.14912280701754385,0.1365485443143708,12,228,19,12,12.0,9,pertrace_unsupervised_movement_signal,pertrace_tau12_embed9
monkeyM_session-o080829001-5_lfp-5,M,o080829001-5,5,peri_go,direction,torus_geometry_15,ok,0.18376068376068377,0.1821592156029875,6,234,39,12,12.0,9,pertrace_unsupervised_movement_signal,pertrace_tau12_embed9
monkeyM_session-o080829001-5_lfp-5,M,o080829001-5,5,peri_go,delay,torus_geometry_15,ok,0.5661157024793388,0.5659304053707784,2,242,121,12,12.0,9,pertrace_unsupervised_movement_signal,pertrace_tau12_embed9
monkeyM_session-o080829001-5_lfp-5,M,o080829001-5,5,peri_go,condition,torus_geometry_15,ok,0.09210526315789473,0.08972484246213763,12,228,19,12,12.0,9,pertrace_unsupervised_movement_signal,pertrace_tau12_embed9
monkeyM_session-o080829001-5_lfp-5,M,o080829001-5,5,movement,direction,torus_geometry_15,ok,0.1623931623931624,0.16024473086353105,6,234,39,12,12.0,9,pertrace_unsupervised_movement_signal,pertrace_tau12_embed9
monkeyM_session-o080829001-5_lfp-5,M,o080829001-5,5,movement,delay,torus_geometry_15,ok,0.6074380165289256,0.6072703667640377,2,242,121,12,12.0,9,pertrace_unsupervised_movement_signal,pertrace_tau12_embed9
monkeyM_session-o080829001-5_lfp-5,M,o080829001-5,5,movement,condition,torus_geometry_15,ok,0.10526315789473684,0.0955875247962986,12,228,19,12,12.0,9,pertrace_unsupervised_movement_signal,pertrace_tau12_embed9
monkeyM_session-o080829001-5_lfp-5,M,o080829001-5,5,post_go,direction,torus_geometry_15,ok,0.14957264957264957,0.14110911048004496,6,234,39,12,12.0,9,pertrace_unsupervised_movement_signal,pertrace_tau12_embed9
monkeyM_session-o080829001-5_lfp-5,M,o080829001-5,5,post_go,delay,torus_geometry_15,ok,0.5454545454545454,0.5434588735679495,2,242,121,12,12.0,9,pertrace_unsupervised_movement_signal,pertrace_tau12_embed9
monkeyM_session-o080829001-5_lfp-5,M,o080829001-5,5,post_go,condition,torus_geometry_15,ok,0.10087719298245613,0.09335862012795636,12,228,19,12,12.0,9,pertrace_unsupervised_movement_signal,pertrace_tau12_embed9
monkeyM_session-o080829006-8_lfp-5,M,o080829006-8,5,pre_go,direction,torus_geometry_15,ok,0.4830508474576271,0.4827164929931729,2,118,59,13,13.0,7,pertrace_unsupervised_movement_signal,pertrace_tau13_embed7
monkeyM_session-o080829006-8_lfp-5,M,o080829006-8,5,pre_go,delay,torus_geometry_15,ok,0.8017241379310345,0.8017094017094017,2,116,58,13,13.0,7,pertrace_unsupervised_movement_signal,pertrace_tau13_embed7
monkeyM_session-o080829006-8_lfp-5,M,o080829006-8,5,pre_go,condition,torus_geometry_15,ok,0.375,0.37630534670008353,4,112,28,13,13.0,7,pertrace_unsupervised_movement_signal,pertrace_tau13_embed7
monkeyM_session-o080829006-8_lfp-5,M,o080829006-8,5,peri_go,direction,torus_geometry_15,ok,0.5423728813559322,0.5423728813559322,2,118,59,13,13.0,7,pertrace_unsupervised_movement_signal,pertrace_tau13_embed7
monkeyM_session-o080829006-8_lfp-5,M,o080829006-8,5,peri_go,delay,torus_geometry_15,ok,0.5517241379310345,0.5517241379310345,2,116,58,13,13.0,7,pertrace_unsupervised_movement_signal,pertrace_tau13_embed7
monkeyM_session-o080829006-8_lfp-5,M,o080829006-8,5,peri_go,condition,torus_geometry_15,ok,0.25,0.2454356541248299,4,112,28,13,13.0,7,pertrace_unsupervised_movement_signal,pertrace_tau13_embed7
monkeyM_session-o080829006-8_lfp-5,M,o080829006-8,5,movement,direction,torus_geometry_15,ok,0.6864406779661016,0.6864181570063923,2,118,59,13,13.0,7,pertrace_unsupervised_movement_signal,pertrace_tau13_embed7
monkeyM_session-o080829006-8_lfp-5,M,o080829006-8,5,movement,delay,torus_geometry_15,ok,0.41379310344827586,0.41309523809523807,2,116,58,13,13.0,7,pertrace_unsupervised_movement_signal,pertrace_tau13_embed7
monkeyM_session-o080829006-8_lfp-5,M,o080829006-8,5,movement,condition,torus_geometry_15,ok,0.4017857142857143,0.3923075686093086,4,112,28,13,13.0,7,pertrace_unsupervised_movement_signal,pertrace_tau13_embed7
monkeyM_session-o080829006-8_lfp-5,M,o080829006-8,5,post_go,direction,torus_geometry_15,ok,0.5932203389830508,0.5927523727351165,2,118,59,13,13.0,7,pertrace_unsupervised_movement_signal,pertrace_tau13_embed7
monkeyM_session-o080829006-8_lfp-5,M,o080829006-8,5,post_go,delay,torus_geometry_15,ok,0.5431034482758621,0.5422529967984513,2,116,58,13,13.0,7,pertrace_unsupervised_movement_signal,pertrace_tau13_embed7
monkeyM_session-o080829006-8_lfp-5,M,o080829006-8,5,post_go,condition,torus_geometry_15,ok,0.38392857142857145,0.3796615269975926,4,112,28,13,13.0,7,pertrace_unsupervised_movement_signal,pertrace_tau13_embed7
monkeyM_session-o080903002-5_lfp-5,M,o080903002-5,5,pre_go,direction,torus_geometry_15,ok,0.2037037037037037,0.19695409695409694,6,108,18,15,15.0,5,pertrace_unsupervised_movement_signal,pertrace_tau15_embed5
monkeyM_session-o080903002-5_lfp-5,M,o080903002-5,5,pre_go,delay,torus_geometry_15,ok,0.5677966101694916,0.5675170679123248,2,118,59,15,15.0,5,pertrace_unsupervised_movement_signal,pertrace_tau15_embed5
monkeyM_session-o080903002-5_lfp-5,M,o080903002-5,5,pre_go,condition,torus_geometry_15,ok,0.125,0.11145050125313283,12,96,8,15,15.0,5,pertrace_unsupervised_movement_signal,pertrace_tau15_embed5
monkeyM_session-o080903002-5_lfp-5,M,o080903002-5,5,peri_go,direction,torus_geometry_15,ok,0.1111111111111111,0.10675620675620674,6,108,18,15,15.0,5,pertrace_unsupervised_movement_signal,pertrace_tau15_embed5
monkeyM_session-o080903002-5_lfp-5,M,o080903002-5,5,peri_go,delay,torus_geometry_15,ok,0.576271186440678,0.5743145743145743,2,118,59,15,15.0,5,pertrace_unsupervised_movement_signal,pertrace_tau15_embed5
monkeyM_session-o080903002-5_lfp-5,M,o080903002-5,5,peri_go,condition,torus_geometry_15,ok,0.08333333333333333,0.0775462962962963,12,96,8,15,15.0,5,pertrace_unsupervised_movement_signal,pertrace_tau15_embed5
monkeyM_session-o080903002-5_lfp-5,M,o080903002-5,5,movement,direction,torus_geometry_15,ok,0.10185185185185185,0.09142075434825093,6,108,18,15,15.0,5,pertrace_unsupervised_movement_signal,pertrace_tau15_embed5
monkeyM_session-o080903002-5_lfp-5,M,o080903002-5,5,movement,delay,torus_geometry_15,ok,0.4322033898305085,0.4321626086331969,2,118,59,15,15.0,5,pertrace_unsupervised_movement_signal,pertrace_tau15_embed5
monkeyM_session-o080903002-5_lfp-5,M,o080903002-5,5,movement,condition,torus_geometry_15,ok,0.07291666666666667,0.06703042328042329,12,96,8,15,15.0,5,pertrace_unsupervised_movement_signal,pertrace_tau15_embed5
monkeyM_session-o080903002-5_lfp-5,M,o080903002-5,5,post_go,direction,torus_geometry_15,ok,0.19444444444444445,0.18043373131092424,6,108,18,15,15.0,5,pertrace_unsupervised_movement_signal,pertrace_tau15_embed5
monkeyM_session-o080903002-5_lfp-5,M,o080903002-5,5,post_go,delay,torus_geometry_15,ok,0.3983050847457627,0.39722282178574,2,118,59,15,15.0,5,pertrace_unsupervised_movement_signal,pertrace_tau15_embed5
monkeyM_session-o080903002-5_lfp-5,M,o080903002-5,5,post_go,condition,torus_geometry_15,ok,0.09375,0.07573953823953823,12,96,8,15,15.0,5,pertrace_unsupervised_movement_signal,pertrace_tau15_embed5
monkeyM_session-o080903002-5_lfp-7,M,o080903002-5,7,pre_go,direction,torus_geometry_15,ok,0.12962962962962962,0.12453540077095919,6,108,18,20,20.0,7,pertrace_unsupervised_movement_signal,pertrace_tau20_embed7
monkeyM_session-o080903002-5_lfp-7,M,o080903002-5,7,pre_go,delay,torus_geometry_15,ok,0.4915254237288136,0.4909404659188956,2,118,59,20,20.0,7,pertrace_unsupervised_movement_signal,pertrace_tau20_embed7
monkeyM_session-o080903002-5_lfp-7,M,o080903002-5,7,pre_go,condition,torus_geometry_15,ok,0.010416666666666666,0.00980392156862745,12,96,8,20,20.0,7,pertrace_unsupervised_movement_signal,pertrace_tau20_embed7
monkeyM_session-o080903002-5_lfp-7,M,o080903002-5,7,peri_go,direction,torus_geometry_15,ok,0.18518518518518517,0.1712611549412855,6,108,18,20,20.0,7,pertrace_unsupervised_movement_signal,pertrace_tau20_embed7
monkeyM_session-o080903002-5_lfp-7,M,o080903002-5,7,peri_go,delay,torus_geometry_15,ok,0.6186440677966102,0.6186166774402069,2,118,59,20,20.0,7,pertrace_unsupervised_movement_signal,pertrace_tau20_embed7
monkeyM_session-o080903002-5_lfp-7,M,o080903002-5,7,peri_go,condition,torus_geometry_15,ok,0.07291666666666667,0.06757498320965812,12,96,8,20,20.0,7,pertrace_unsupervised_movement_signal,pertrace_tau20_embed7
monkeyM_session-o080903002-5_lfp-7,M,o080903002-5,7,movement,direction,torus_geometry_15,ok,0.1388888888888889,0.1339316103065505,6,108,18,20,20.0,7,pertrace_unsupervised_movement_signal,pertrace_tau20_embed7
monkeyM_session-o080903002-5_lfp-7,M,o080903002-5,7,movement,delay,torus_geometry_15,ok,0.4322033898305085,0.4311820994316138,2,118,59,20,20.0,7,pertrace_unsupervised_movement_signal,pertrace_tau20_embed7
monkeyM_session-o080903002-5_lfp-7,M,o080903002-5,7,movement,condition,torus_geometry_15,ok,0.07291666666666667,0.07027707414704319,12,96,8,20,20.0,7,pertrace_unsupervised_movement_signal,pertrace_tau20_embed7
monkeyM_session-o080903002-5_lfp-7,M,o080903002-5,7,post_go,direction,torus_geometry_15,ok,0.12962962962962962,0.12193957306720775,6,108,18,20,20.0,7,pertrace_unsupervised_movement_signal,pertrace_tau20_embed7
monkeyM_session-o080903002-5_lfp-7,M,o080903002-5,7,post_go,delay,torus_geometry_15,ok,0.5677966101694916,0.5677655677655677,2,118,59,20,20.0,7,pertrace_unsupervised_movement_signal,pertrace_tau20_embed7
monkeyM_session-o080903002-5_lfp-7,M,o080903002-5,7,post_go,condition,torus_geometry_15,ok,0.11458333333333333,0.11125116713352008,12,96,8,20,20.0,7,pertrace_unsupervised_movement_signal,pertrace_tau20_embed7
monkeyM_session-o080903006-12_lfp-5,M,o080903006-12,5,pre_go,direction,torus_geometry_15,ok,0.26344086021505375,0.24660802357159825,6,186,31,16,16.0,5,pertrace_unsupervised_movement_signal,pertrace_tau16_embed5
monkeyM_session-o080903006-12_lfp-5,M,o080903006-12,5,pre_go,delay,torus_geometry_15,ok,0.6323529411764706,0.631919551567349,2,204,102,16,16.0,5,pertrace_unsupervised_movement_signal,pertrace_tau16_embed5
monkeyM_session-o080903006-12_lfp-5,M,o080903006-12,5,pre_go,condition,torus_geometry_15,ok,0.08928571428571429,0.08716953755620084,12,168,14,16,16.0,5,pertrace_unsupervised_movement_signal,pertrace_tau16_embed5
monkeyM_session-o080903006-12_lfp-5,M,o080903006-12,5,peri_go,direction,torus_geometry_15,ok,0.1827956989247312,0.17454675760066007,6,186,31,16,16.0,5,pertrace_unsupervised_movement_signal,pertrace_tau16_embed5
monkeyM_session-o080903006-12_lfp-5,M,o080903006-12,5,peri_go,delay,torus_geometry_15,ok,0.5637254901960784,0.5613539175183011,2,204,102,16,16.0,5,pertrace_unsupervised_movement_signal,pertrace_tau16_embed5
monkeyM_session-o080903006-12_lfp-5,M,o080903006-12,5,peri_go,condition,torus_geometry_15,ok,0.07142857142857142,0.06293956043956044,12,168,14,16,16.0,5,pertrace_unsupervised_movement_signal,pertrace_tau16_embed5
monkeyM_session-o080903006-12_lfp-5,M,o080903006-12,5,movement,direction,torus_geometry_15,ok,0.15591397849462366,0.1537443542483865,6,186,31,16,16.0,5,pertrace_unsupervised_movement_signal,pertrace_tau16_embed5
monkeyM_session-o080903006-12_lfp-5,M,o080903006-12,5,movement,delay,torus_geometry_15,ok,0.5441176470588235,0.5427882877455115,2,204,102,16,16.0,5,pertrace_unsupervised_movement_signal,pertrace_tau16_embed5
monkeyM_session-o080903006-12_lfp-5,M,o080903006-12,5,movement,condition,torus_geometry_15,ok,0.06547619047619048,0.05986439048948325,12,168,14,16,16.0,5,pertrace_unsupervised_movement_signal,pertrace_tau16_embed5
monkeyM_session-o080903006-12_lfp-5,M,o080903006-12,5,post_go,direction,torus_geometry_15,ok,0.16129032258064516,0.1640889743247992,6,186,31,16,16.0,5,pertrace_unsupervised_movement_signal,pertrace_tau16_embed5
monkeyM_session-o080903006-12_lfp-5,M,o080903006-12,5,post_go,delay,torus_geometry_15,ok,0.45588235294117646,0.4555552884037412,2,204,102,16,16.0,5,pertrace_unsupervised_movement_signal,pertrace_tau16_embed5
monkeyM_session-o080903006-12_lfp-5,M,o080903006-12,5,post_go,condition,torus_geometry_15,ok,0.10714285714285714,0.10020179603851004,12,168,14,16,16.0,5,pertrace_unsupervised_movement_signal,pertrace_tau16_embed5
monkeyM_session-o080903006-12_lfp-7,M,o080903006-12,7,pre_go,direction,torus_geometry_15,ok,0.13440860215053763,0.1324842904548228,6,186,31,17,17.0,5,pertrace_unsupervised_movement_signal,pertrace_tau17_embed5
monkeyM_session-o080903006-12_lfp-7,M,o080903006-12,7,pre_go,delay,torus_geometry_15,ok,0.5980392156862745,0.5976911976911977,2,204,102,17,17.0,5,pertrace_unsupervised_movement_signal,pertrace_tau17_embed5
monkeyM_session-o080903006-12_lfp-7,M,o080903006-12,7,pre_go,condition,torus_geometry_15,ok,0.08928571428571429,0.08449407024675842,12,168,14,17,17.0,5,pertrace_unsupervised_movement_signal,pertrace_tau17_embed5
monkeyM_session-o080903006-12_lfp-7,M,o080903006-12,7,peri_go,direction,torus_geometry_15,ok,0.22580645161290322,0.21605902000298552,6,186,31,17,17.0,5,pertrace_unsupervised_movement_signal,pertrace_tau17_embed5
monkeyM_session-o080903006-12_lfp-7,M,o080903006-12,7,peri_go,delay,torus_geometry_15,ok,0.5147058823529411,0.513759479956663,2,204,102,17,17.0,5,pertrace_unsupervised_movement_signal,pertrace_tau17_embed5
monkeyM_session-o080903006-12_lfp-7,M,o080903006-12,7,peri_go,condition,torus_geometry_15,ok,0.09523809523809523,0.08976599408127861,12,168,14,17,17.0,5,pertrace_unsupervised_movement_signal,pertrace_tau17_embed5
monkeyM_session-o080903006-12_lfp-7,M,o080903006-12,7,movement,direction,torus_geometry_15,ok,0.20430107526881722,0.20330416298158235,6,186,31,17,17.0,5,pertrace_unsupervised_movement_signal,pertrace_tau17_embed5
monkeyM_session-o080903006-12_lfp-7,M,o080903006-12,7,movement,delay,torus_geometry_15,ok,0.5735294117647058,0.571790479407436,2,204,102,17,17.0,5,pertrace_unsupervised_movement_signal,pertrace_tau17_embed5
monkeyM_session-o080903006-12_lfp-7,M,o080903006-12,7,movement,condition,torus_geometry_15,ok,0.08928571428571429,0.08286985902044226,12,168,14,17,17.0,5,pertrace_unsupervised_movement_signal,pertrace_tau17_embed5
monkeyM_session-o080903006-12_lfp-7,M,o080903006-12,7,post_go,direction,torus_geometry_15,ok,0.16666666666666666,0.16389059911980117,6,186,31,17,17.0,5,pertrace_unsupervised_movement_signal,pertrace_tau17_embed5
monkeyM_session-o080903006-12_lfp-7,M,o080903006-12,7,post_go,delay,torus_geometry_15,ok,0.5686274509803921,0.5684615384615385,2,204,102,17,17.0,5,pertrace_unsupervised_movement_signal,pertrace_tau17_embed5
monkeyM_session-o080903006-12_lfp-7,M,o080903006-12,7,post_go,condition,torus_geometry_15,ok,0.07738095238095238,0.07217954824023114,12,168,14,17,17.0,5,pertrace_unsupervised_movement_signal,pertrace_tau17_embed5
monkeyM_session-o080904001-7_lfp-5,M,o080904001-7,5,pre_go,direction,torus_geometry_15,ok,0.109375,0.11015169521470486,6,192,32,19,19.0,7,pertrace_unsupervised_movement_signal,pertrace_tau19_embed7
monkeyM_session-o080904001-7_lfp-5,M,o080904001-7,5,pre_go,delay,torus_geometry_15,ok,0.7475247524752475,0.7467738367377037,2,202,101,19,19.0,7,pertrace_unsupervised_movement_signal,pertrace_tau19_embed7
monkeyM_session-o080904001-7_lfp-5,M,o080904001-7,5,pre_go,condition,torus_geometry_15,ok,0.109375,0.10159351990846048,12,192,16,19,19.0,7,pertrace_unsupervised_movement_signal,pertrace_tau19_embed7
monkeyM_session-o080904001-7_lfp-5,M,o080904001-7,5,peri_go,direction,torus_geometry_15,ok,0.234375,0.2337437853226703,6,192,32,19,19.0,7,pertrace_unsupervised_movement_signal,pertrace_tau19_embed7
monkeyM_session-o080904001-7_lfp-5,M,o080904001-7,5,peri_go,delay,torus_geometry_15,ok,0.6683168316831684,0.6679180468654153,2,202,101,19,19.0,7,pertrace_unsupervised_movement_signal,pertrace_tau19_embed7
monkeyM_session-o080904001-7_lfp-5,M,o080904001-7,5,peri_go,condition,torus_geometry_15,ok,0.140625,0.12962448364747214,12,192,16,19,19.0,7,pertrace_unsupervised_movement_signal,pertrace_tau19_embed7
monkeyM_session-o080904001-7_lfp-5,M,o080904001-7,5,movement,direction,torus_geometry_15,ok,0.16666666666666666,0.16299130667333564,6,192,32,19,19.0,7,pertrace_unsupervised_movement_signal,pertrace_tau19_embed7
monkeyM_session-o080904001-7_lfp-5,M,o080904001-7,5,movement,delay,torus_geometry_15,ok,0.6287128712871287,0.628630959676431,2,202,101,19,19.0,7,pertrace_unsupervised_movement_signal,pertrace_tau19_embed7
monkeyM_session-o080904001-7_lfp-5,M,o080904001-7,5,movement,condition,torus_geometry_15,ok,0.10416666666666667,0.09744682861207099,12,192,16,19,19.0,7,pertrace_unsupervised_movement_signal,pertrace_tau19_embed7
monkeyM_session-o080904001-7_lfp-5,M,o080904001-7,5,post_go,direction,torus_geometry_15,ok,0.16145833333333334,0.16085091950794267,6,192,32,19,19.0,7,pertrace_unsupervised_movement_signal,pertrace_tau19_embed7
monkeyM_session-o080904001-7_lfp-5,M,o080904001-7,5,post_go,delay,torus_geometry_15,ok,0.6633663366336634,0.6625393081761006,2,202,101,19,19.0,7,pertrace_unsupervised_movement_signal,pertrace_tau19_embed7
monkeyM_session-o080904001-7_lfp-5,M,o080904001-7,5,post_go,condition,torus_geometry_15,ok,0.09895833333333333,0.09678558866893126,12,192,16,19,19.0,7,pertrace_unsupervised_movement_signal,pertrace_tau19_embed7
monkeyM_session-o080904001-7_lfp-6,M,o080904001-7,6,pre_go,direction,torus_geometry_15,ok,0.13020833333333334,0.129628988934493,6,192,32,62,62.0,9,pertrace_unsupervised_movement_signal,pertrace_tau62_embed9
monkeyM_session-o080904001-7_lfp-6,M,o080904001-7,6,pre_go,delay,torus_geometry_15,ok,0.5099009900990099,0.508926159664072,2,202,101,62,62.0,9,pertrace_unsupervised_movement_signal,pertrace_tau62_embed9
monkeyM_session-o080904001-7_lfp-6,M,o080904001-7,6,pre_go,condition,torus_geometry_15,ok,0.09895833333333333,0.0902183624064019,12,192,16,62,62.0,9,pertrace_unsupervised_movement_signal,pertrace_tau62_embed9
monkeyM_session-o080904001-7_lfp-6,M,o080904001-7,6,peri_go,direction,torus_geometry_15,ok,0.15625,0.1453620119390051,6,192,32,62,62.0,9,pertrace_unsupervised_movement_signal,pertrace_tau62_embed9
monkeyM_session-o080904001-7_lfp-6,M,o080904001-7,6,peri_go,delay,torus_geometry_15,ok,0.48514851485148514,0.48332513526807674,2,202,101,62,62.0,9,pertrace_unsupervised_movement_signal,pertrace_tau62_embed9
monkeyM_session-o080904001-7_lfp-6,M,o080904001-7,6,peri_go,condition,torus_geometry_15,ok,0.08333333333333333,0.07618984022677079,12,192,16,62,62.0,9,pertrace_unsupervised_movement_signal,pertrace_tau62_embed9
monkeyM_session-o080904001-7_lfp-6,M,o080904001-7,6,movement,direction,torus_geometry_15,ok,0.19791666666666666,0.19569004819028982,6,192,32,62,62.0,9,pertrace_unsupervised_movement_signal,pertrace_tau62_embed9
monkeyM_session-o080904001-7_lfp-6,M,o080904001-7,6,movement,delay,torus_geometry_15,ok,0.47029702970297027,0.46966016439700653,2,202,101,62,62.0,9,pertrace_unsupervised_movement_signal,pertrace_tau62_embed9
monkeyM_session-o080904001-7_lfp-6,M,o080904001-7,6,movement,condition,torus_geometry_15,ok,0.07291666666666667,0.06749338011640284,12,192,16,62,62.0,9,pertrace_unsupervised_movement_signal,pertrace_tau62_embed9
monkeyM_session-o080904001-7_lfp-6,M,o080904001-7,6,post_go,direction,torus_geometry_15,ok,0.15104166666666666,0.14801813591347082,6,192,32,62,62.0,9,pertrace_unsupervised_movement_signal,pertrace_tau62_embed9
monkeyM_session-o080904001-7_lfp-6,M,o080904001-7,6,post_go,delay,torus_geometry_15,ok,0.5099009900990099,0.5096005296843964,2,202,101,62,62.0,9,pertrace_unsupervised_movement_signal,pertrace_tau62_embed9
monkeyM_session-o080904001-7_lfp-6,M,o080904001-7,6,post_go,condition,torus_geometry_15,ok,0.13020833333333334,0.12305254035176903,12,192,16,62,62.0,9,pertrace_unsupervised_movement_signal,pertrace_tau62_embed9
monkeyM_session-o080904008-14_lfp-5,M,o080904008-14,5,pre_go,direction,torus_geometry_15,ok,0.15053763440860216,0.13506202270869114,6,186,31,19,19.0,7,pertrace_unsupervised_movement_signal,pertrace_tau19_embed7
monkeyM_session-o080904008-14_lfp-5,M,o080904008-14,5,pre_go,delay,torus_geometry_15,ok,0.6578947368421053,0.6576576576576576,2,190,95,19,19.0,7,pertrace_unsupervised_movement_signal,pertrace_tau19_embed7
monkeyM_session-o080904008-14_lfp-5,M,o080904008-14,5,pre_go,condition,torus_geometry_15,ok,0.10555555555555556,0.08863892779333955,12,180,15,19,19.0,7,pertrace_unsupervised_movement_signal,pertrace_tau19_embed7
monkeyM_session-o080904008-14_lfp-5,M,o080904008-14,5,peri_go,direction,torus_geometry_15,ok,0.20430107526881722,0.193707920225087,6,186,31,19,19.0,7,pertrace_unsupervised_movement_signal,pertrace_tau19_embed7
monkeyM_session-o080904008-14_lfp-5,M,o080904008-14,5,peri_go,delay,torus_geometry_15,ok,0.5526315789473685,0.5525200188412623,2,190,95,19,19.0,7,pertrace_unsupervised_movement_signal,pertrace_tau19_embed7
monkeyM_session-o080904008-14_lfp-5,M,o080904008-14,5,peri_go,condition,torus_geometry_15,ok,0.07777777777777778,0.06516708437761069,12,180,15,19,19.0,7,pertrace_unsupervised_movement_signal,pertrace_tau19_embed7
monkeyM_session-o080904008-14_lfp-5,M,o080904008-14,5,movement,direction,torus_geometry_15,ok,0.20430107526881722,0.2050954610377361,6,186,31,19,19.0,7,pertrace_unsupervised_movement_signal,pertrace_tau19_embed7
monkeyM_session-o080904008-14_lfp-5,M,o080904008-14,5,movement,delay,torus_geometry_15,ok,0.6,0.599822636071389,2,190,95,19,19.0,7,pertrace_unsupervised_movement_signal,pertrace_tau19_embed7
monkeyM_session-o080904008-14_lfp-5,M,o080904008-14,5,movement,condition,torus_geometry_15,ok,0.12222222222222222,0.11844405594405594,12,180,15,19,19.0,7,pertrace_unsupervised_movement_signal,pertrace_tau19_embed7
monkeyM_session-o080904008-14_lfp-5,M,o080904008-14,5,post_go,direction,torus_geometry_15,ok,0.20967741935483872,0.2070641205422706,6,186,31,19,19.0,7,pertrace_unsupervised_movement_signal,pertrace_tau19_embed7
monkeyM_session-o080904008-14_lfp-5,M,o080904008-14,5,post_go,delay,torus_geometry_15,ok,0.6473684210526316,0.6471240471240471,2,190,95,19,19.0,7,pertrace_unsupervised_movement_signal,pertrace_tau19_embed7
monkeyM_session-o080904008-14_lfp-5,M,o080904008-14,5,post_go,condition,torus_geometry_15,ok,0.13333333333333333,0.12732152656813098,12,180,15,19,19.0,7,pertrace_unsupervised_movement_signal,pertrace_tau19_embed7
monkeyM_session-o080904008-14_lfp-6,M,o080904008-14,6,pre_go,direction,torus_geometry_15,ok,0.16666666666666666,0.1476233419958833,6,186,31,60,60.0,9,pertrace_unsupervised_movement_signal,pertrace_tau60_embed9
monkeyM_session-o080904008-14_lfp-6,M,o080904008-14,6,pre_go,delay,torus_geometry_15,ok,0.5263157894736842,0.5244187340082322,2,190,95,60,60.0,9,pertrace_unsupervised_movement_signal,pertrace_tau60_embed9
monkeyM_session-o080904008-14_lfp-6,M,o080904008-14,6,pre_go,condition,torus_geometry_15,ok,0.06666666666666667,0.05176903982093084,12,180,15,60,60.0,9,pertrace_unsupervised_movement_signal,pertrace_tau60_embed9
monkeyM_session-o080904008-14_lfp-6,M,o080904008-14,6,peri_go,direction,torus_geometry_15,ok,0.1827956989247312,0.17646049267562927,6,186,31,60,60.0,9,pertrace_unsupervised_movement_signal,pertrace_tau60_embed9
monkeyM_session-o080904008-14_lfp-6,M,o080904008-14,6,peri_go,delay,torus_geometry_15,ok,0.4263157894736842,0.4250256808906411,2,190,95,60,60.0,9,pertrace_unsupervised_movement_signal,pertrace_tau60_embed9
monkeyM_session-o080904008-14_lfp-6,M,o080904008-14,6,peri_go,condition,torus_geometry_15,ok,0.07222222222222222,0.06833297421532715,12,180,15,60,60.0,9,pertrace_unsupervised_movement_signal,pertrace_tau60_embed9
monkeyM_session-o080904008-14_lfp-6,M,o080904008-14,6,movement,direction,torus_geometry_15,ok,0.16666666666666666,0.1643670636821322,6,186,31,60,60.0,9,pertrace_unsupervised_movement_signal,pertrace_tau60_embed9
monkeyM_session-o080904008-14_lfp-6,M,o080904008-14,6,movement,delay,torus_geometry_15,ok,0.45789473684210524,0.45607159732065927,2,190,95,60,60.0,9,pertrace_unsupervised_movement_signal,pertrace_tau60_embed9
monkeyM_session-o080904008-14_lfp-6,M,o080904008-14,6,movement,condition,torus_geometry_15,ok,0.08888888888888889,0.0868105091520957,12,180,15,60,60.0,9,pertrace_unsupervised_movement_signal,pertrace_tau60_embed9
monkeyM_session-o080904008-14_lfp-6,M,o080904008-14,6,post_go,direction,torus_geometry_15,ok,0.20430107526881722,0.20033959841692328,6,186,31,60,60.0,9,pertrace_unsupervised_movement_signal,pertrace_tau60_embed9
monkeyM_session-o080904008-14_lfp-6,M,o080904008-14,6,post_go,delay,torus_geometry_15,ok,0.5368421052631579,0.536379769299024,2,190,95,60,60.0,9,pertrace_unsupervised_movement_signal,pertrace_tau60_embed9
monkeyM_session-o080904008-14_lfp-6,M,o080904008-14,6,post_go,condition,torus_geometry_15,ok,0.07777777777777778,0.06953489729225024,12,180,15,60,60.0,9,pertrace_unsupervised_movement_signal,pertrace_tau60_embed9
monkeyM_session-o080905001-6_lfp-5,M,o080905001-6,5,pre_go,direction,torus_geometry_15,ok,0.15579710144927536,0.1488297371781945,6,276,46,20,20.0,3,pertrace_unsupervised_movement_signal,pertrace_tau20_embed3
monkeyM_session-o080905001-6_lfp-5,M,o080905001-6,5,pre_go,delay,torus_geometry_15,ok,0.6188811188811189,0.6187645986963594,2,286,143,20,20.0,3,pertrace_unsupervised_movement_signal,pertrace_tau20_embed3
monkeyM_session-o080905001-6_lfp-5,M,o080905001-6,5,pre_go,condition,torus_geometry_15,ok,0.08333333333333333,0.0809336780350589,12,264,22,20,20.0,3,pertrace_unsupervised_movement_signal,pertrace_tau20_embed3
monkeyM_session-o080905001-6_lfp-5,M,o080905001-6,5,peri_go,direction,torus_geometry_15,ok,0.16304347826086957,0.16177509936209478,6,276,46,20,20.0,3,pertrace_unsupervised_movement_signal,pertrace_tau20_embed3
monkeyM_session-o080905001-6_lfp-5,M,o080905001-6,5,peri_go,delay,torus_geometry_15,ok,0.5244755244755245,0.5243824896062607,2,286,143,20,20.0,3,pertrace_unsupervised_movement_signal,pertrace_tau20_embed3
monkeyM_session-o080905001-6_lfp-5,M,o080905001-6,5,peri_go,condition,torus_geometry_15,ok,0.09848484848484848,0.09603814900806205,12,264,22,20,20.0,3,pertrace_unsupervised_movement_signal,pertrace_tau20_embed3
monkeyM_session-o080905001-6_lfp-5,M,o080905001-6,5,movement,direction,torus_geometry_15,ok,0.15217391304347827,0.15257765453192693,6,276,46,20,20.0,3,pertrace_unsupervised_movement_signal,pertrace_tau20_embed3
monkeyM_session-o080905001-6_lfp-5,M,o080905001-6,5,movement,delay,torus_geometry_15,ok,0.548951048951049,0.5488131489158748,2,286,143,20,20.0,3,pertrace_unsupervised_movement_signal,pertrace_tau20_embed3
monkeyM_session-o080905001-6_lfp-5,M,o080905001-6,5,movement,condition,torus_geometry_15,ok,0.09090909090909091,0.08524758104468216,12,264,22,20,20.0,3,pertrace_unsupervised_movement_signal,pertrace_tau20_embed3
monkeyM_session-o080905001-6_lfp-5,M,o080905001-6,5,post_go,direction,torus_geometry_15,ok,0.21014492753623187,0.19855063330901138,6,276,46,20,20.0,3,pertrace_unsupervised_movement_signal,pertrace_tau20_embed3
monkeyM_session-o080905001-6_lfp-5,M,o080905001-6,5,post_go,delay,torus_geometry_15,ok,0.534965034965035,0.5336823135673217,2,286,143,20,20.0,3,pertrace_unsupervised_movement_signal,pertrace_tau20_embed3
monkeyM_session-o080905001-6_lfp-5,M,o080905001-6,5,post_go,condition,torus_geometry_15,ok,0.08712121212121213,0.0859207160110607,12,264,22,20,20.0,3,pertrace_unsupervised_movement_signal,pertrace_tau20_embed3
monkeyM_session-o080905008-11_lfp-5,M,o080905008-11,5,pre_go,direction,torus_geometry_15,ok,0.4861111111111111,0.4860119621840633,2,72,36,18,18.0,5,pertrace_unsupervised_movement_signal,pertrace_tau18_embed5
monkeyM_session-o080905008-11_lfp-5,M,o080905008-11,5,pre_go,delay,torus_geometry_15,ok,0.78125,0.78125,2,64,32,18,18.0,5,pertrace_unsupervised_movement_signal,pertrace_tau18_embed5
monkeyM_session-o080905008-11_lfp-5,M,o080905008-11,5,pre_go,condition,torus_geometry_15,ok,0.35714285714285715,0.3560937785075716,4,56,14,18,18.0,5,pertrace_unsupervised_movement_signal,pertrace_tau18_embed5
monkeyM_session-o080905008-11_lfp-5,M,o080905008-11,5,peri_go,direction,torus_geometry_15,ok,0.4305555555555556,0.4295652173913044,2,72,36,18,18.0,5,pertrace_unsupervised_movement_signal,pertrace_tau18_embed5
monkeyM_session-o080905008-11_lfp-5,M,o080905008-11,5,peri_go,delay,torus_geometry_15,ok,0.578125,0.577195987276731,2,64,32,18,18.0,5,pertrace_unsupervised_movement_signal,pertrace_tau18_embed5
monkeyM_session-o080905008-11_lfp-5,M,o080905008-11,5,peri_go,condition,torus_geometry_15,ok,0.26785714285714285,0.2665229885057471,4,56,14,18,18.0,5,pertrace_unsupervised_movement_signal,pertrace_tau18_embed5
monkeyM_session-o080905008-11_lfp-5,M,o080905008-11,5,movement,direction,torus_geometry_15,ok,0.5138888888888888,0.5137950993633031,2,72,36,18,18.0,5,pertrace_unsupervised_movement_signal,pertrace_tau18_embed5
monkeyM_session-o080905008-11_lfp-5,M,o080905008-11,5,movement,delay,torus_geometry_15,ok,0.5625,0.5607843137254902,2,64,32,18,18.0,5,pertrace_unsupervised_movement_signal,pertrace_tau18_embed5
monkeyM_session-o080905008-11_lfp-5,M,o080905008-11,5,movement,condition,torus_geometry_15,ok,0.2857142857142857,0.2749012300423591,4,56,14,18,18.0,5,pertrace_unsupervised_movement_signal,pertrace_tau18_embed5
monkeyM_session-o080905008-11_lfp-5,M,o080905008-11,5,post_go,direction,torus_geometry_15,ok,0.4305555555555556,0.4251217137293087,2,72,36,18,18.0,5,pertrace_unsupervised_movement_signal,pertrace_tau18_embed5
monkeyM_session-o080905008-11_lfp-5,M,o080905008-11,5,post_go,delay,torus_geometry_15,ok,0.515625,0.5145583557621727,2,64,32,18,18.0,5,pertrace_unsupervised_movement_signal,pertrace_tau18_embed5
monkeyM_session-o080905008-11_lfp-5,M,o080905008-11,5,post_go,condition,torus_geometry_15,ok,0.26785714285714285,0.2638047138047138,4,56,14,18,18.0,5,pertrace_unsupervised_movement_signal,pertrace_tau18_embed5
monkeyM_session-o080905008-11_lfp-6,M,o080905008-11,6,pre_go,direction,torus_geometry_15,ok,0.4722222222222222,0.47058823529411764,2,72,36,19,19.0,5,pertrace_unsupervised_movement_signal,pertrace_tau19_embed5
monkeyM_session-o080905008-11_lfp-6,M,o080905008-11,6,pre_go,delay,torus_geometry_15,ok,0.640625,0.6405372405372405,2,64,32,19,19.0,5,pertrace_unsupervised_movement_signal,pertrace_tau19_embed5
monkeyM_session-o080905008-11_lfp-6,M,o080905008-11,6,pre_go,condition,torus_geometry_15,ok,0.4107142857142857,0.4021233910694422,4,56,14,19,19.0,5,pertrace_unsupervised_movement_signal,pertrace_tau19_embed5
monkeyM_session-o080905008-11_lfp-6,M,o080905008-11,6,peri_go,direction,torus_geometry_15,ok,0.4583333333333333,0.4582288250048234,2,72,36,19,19.0,5,pertrace_unsupervised_movement_signal,pertrace_tau19_embed5
monkeyM_session-o080905008-11_lfp-6,M,o080905008-11,6,peri_go,delay,torus_geometry_15,ok,0.609375,0.6046454163577959,2,64,32,19,19.0,5,pertrace_unsupervised_movement_signal,pertrace_tau19_embed5
monkeyM_session-o080905008-11_lfp-6,M,o080905008-11,6,peri_go,condition,torus_geometry_15,ok,0.23214285714285715,0.23442006269592477,4,56,14,19,19.0,5,pertrace_unsupervised_movement_signal,pertrace_tau19_embed5
monkeyM_session-o080905008-11_lfp-6,M,o080905008-11,6,movement,direction,torus_geometry_15,ok,0.5138888888888888,0.5130434782608696,2,72,36,19,19.0,5,pertrace_unsupervised_movement_signal,pertrace_tau19_embed5
monkeyM_session-o080905008-11_lfp-6,M,o080905008-11,6,movement,delay,torus_geometry_15,ok,0.671875,0.6717948717948719,2,64,32,19,19.0,5,pertrace_unsupervised_movement_signal,pertrace_tau19_embed5
monkeyM_session-o080905008-11_lfp-6,M,o080905008-11,6,movement,condition,torus_geometry_15,ok,0.23214285714285715,0.2282642089093702,4,56,14,19,19.0,5,pertrace_unsupervised_movement_signal,pertrace_tau19_embed5
monkeyM_session-o080905008-11_lfp-6,M,o080905008-11,6,post_go,direction,torus_geometry_15,ok,0.4861111111111111,0.4852173913043478,2,72,36,19,19.0,5,pertrace_unsupervised_movement_signal,pertrace_tau19_embed5
monkeyM_session-o080905008-11_lfp-6,M,o080905008-11,6,post_go,delay,torus_geometry_15,ok,0.609375,0.6085148030340103,2,64,32,19,19.0,5,pertrace_unsupervised_movement_signal,pertrace_tau19_embed5
monkeyM_session-o080905008-11_lfp-6,M,o080905008-11,6,post_go,condition,torus_geometry_15,ok,0.25,0.24644337329543115,4,56,14,19,19.0,5,pertrace_unsupervised_movement_signal,pertrace_tau19_embed5
monkeyM_session-o080910001-5_lfp-5,M,o080910001-5,5,pre_go,direction,torus_geometry_15,ok,0.125,0.11991837915463094,6,192,32,16,16.0,7,pertrace_unsupervised_movement_signal,pertrace_tau16_embed7
monkeyM_session-o080910001-5_lfp-5,M,o080910001-5,5,pre_go,delay,torus_geometry_15,ok,0.609375,0.6091099106924727,2,192,96,16,16.0,7,pertrace_unsupervised_movement_signal,pertrace_tau16_embed7
monkeyM_session-o080910001-5_lfp-5,M,o080910001-5,5,pre_go,condition,torus_geometry_15,ok,0.14583333333333334,0.12790025809568992,12,192,16,16,16.0,7,pertrace_unsupervised_movement_signal,pertrace_tau16_embed7
monkeyM_session-o080910001-5_lfp-5,M,o080910001-5,5,peri_go,direction,torus_geometry_15,ok,0.16666666666666666,0.15596808791584463,6,192,32,16,16.0,7,pertrace_unsupervised_movement_signal,pertrace_tau16_embed7
monkeyM_session-o080910001-5_lfp-5,M,o080910001-5,5,peri_go,delay,torus_geometry_15,ok,0.578125,0.5761820411500205,2,192,96,16,16.0,7,pertrace_unsupervised_movement_signal,pertrace_tau16_embed7
monkeyM_session-o080910001-5_lfp-5,M,o080910001-5,5,peri_go,condition,torus_geometry_15,ok,0.09895833333333333,0.09354174207115383,12,192,16,16,16.0,7,pertrace_unsupervised_movement_signal,pertrace_tau16_embed7
monkeyM_session-o080910001-5_lfp-5,M,o080910001-5,5,movement,direction,torus_geometry_15,ok,0.15104166666666666,0.1451609746995618,6,192,32,16,16.0,7,pertrace_unsupervised_movement_signal,pertrace_tau16_embed7
monkeyM_session-o080910001-5_lfp-5,M,o080910001-5,5,movement,delay,torus_geometry_15,ok,0.5208333333333334,0.5144584936778449,2,192,96,16,16.0,7,pertrace_unsupervised_movement_signal,pertrace_tau16_embed7
monkeyM_session-o080910001-5_lfp-5,M,o080910001-5,5,movement,condition,torus_geometry_15,ok,0.09375,0.09122038664344717,12,192,16,16,16.0,7,pertrace_unsupervised_movement_signal,pertrace_tau16_embed7
monkeyM_session-o080910001-5_lfp-5,M,o080910001-5,5,post_go,direction,torus_geometry_15,ok,0.109375,0.11011830009315166,6,192,32,16,16.0,7,pertrace_unsupervised_movement_signal,pertrace_tau16_embed7
monkeyM_session-o080910001-5_lfp-5,M,o080910001-5,5,post_go,delay,torus_geometry_15,ok,0.5989583333333334,0.5957894736842105,2,192,96,16,16.0,7,pertrace_unsupervised_movement_signal,pertrace_tau16_embed7
monkeyM_session-o080910001-5_lfp-5,M,o080910001-5,5,post_go,condition,torus_geometry_15,ok,0.08333333333333333,0.07436364317560228,12,192,16,16,16.0,7,pertrace_unsupervised_movement_signal,pertrace_tau16_embed7
monkeyM_session-o080910001-5_lfp-7,M,o080910001-5,7,pre_go,direction,torus_geometry_15,ok,0.140625,0.13542337467517965,6,192,32,16,16.0,9,pertrace_unsupervised_movement_signal,pertrace_tau16_embed9
monkeyM_session-o080910001-5_lfp-7,M,o080910001-5,7,pre_go,delay,torus_geometry_15,ok,0.7239583333333334,0.7233504608107006,2,192,96,16,16.0,9,pertrace_unsupervised_movement_signal,pertrace_tau16_embed9
monkeyM_session-o080910001-5_lfp-7,M,o080910001-5,7,pre_go,condition,torus_geometry_15,ok,0.11979166666666667,0.11270585912220484,12,192,16,16,16.0,9,pertrace_unsupervised_movement_signal,pertrace_tau16_embed9
monkeyM_session-o080910001-5_lfp-7,M,o080910001-5,7,peri_go,direction,torus_geometry_15,ok,0.15104166666666666,0.13748428990364478,6,192,32,16,16.0,9,pertrace_unsupervised_movement_signal,pertrace_tau16_embed9
monkeyM_session-o080910001-5_lfp-7,M,o080910001-5,7,peri_go,delay,torus_geometry_15,ok,0.6770833333333334,0.6770482908301683,2,192,96,16,16.0,9,pertrace_unsupervised_movement_signal,pertrace_tau16_embed9
monkeyM_session-o080910001-5_lfp-7,M,o080910001-5,7,peri_go,condition,torus_geometry_15,ok,0.11458333333333333,0.0970456147634657,12,192,16,16,16.0,9,pertrace_unsupervised_movement_signal,pertrace_tau16_embed9
monkeyM_session-o080910001-5_lfp-7,M,o080910001-5,7,movement,direction,torus_geometry_15,ok,0.16145833333333334,0.15442156760942338,6,192,32,16,16.0,9,pertrace_unsupervised_movement_signal,pertrace_tau16_embed9
monkeyM_session-o080910001-5_lfp-7,M,o080910001-5,7,movement,delay,torus_geometry_15,ok,0.6145833333333334,0.6118881118881119,2,192,96,16,16.0,9,pertrace_unsupervised_movement_signal,pertrace_tau16_embed9
monkeyM_session-o080910001-5_lfp-7,M,o080910001-5,7,movement,condition,torus_geometry_15,ok,0.057291666666666664,0.05251860712387028,12,192,16,16,16.0,9,pertrace_unsupervised_movement_signal,pertrace_tau16_embed9
monkeyM_session-o080910001-5_lfp-7,M,o080910001-5,7,post_go,direction,torus_geometry_15,ok,0.16145833333333334,0.15745938871613563,6,192,32,16,16.0,9,pertrace_unsupervised_movement_signal,pertrace_tau16_embed9
monkeyM_session-o080910001-5_lfp-7,M,o080910001-5,7,post_go,delay,torus_geometry_15,ok,0.4947916666666667,0.4916891836567592,2,192,96,16,16.0,9,pertrace_unsupervised_movement_signal,pertrace_tau16_embed9
monkeyM_session-o080910001-5_lfp-7,M,o080910001-5,7,post_go,condition,torus_geometry_15,ok,0.06770833333333333,0.05991269243389313,12,192,16,16,16.0,9,pertrace_unsupervised_movement_signal,pertrace_tau16_embed9
monkeyM_session-o080910006-11_lfp-5,M,o080910006-11,5,pre_go,direction,torus_geometry_15,ok,0.2094017094017094,0.2057786987852617,6,234,39,19,19.0,7,pertrace_unsupervised_movement_signal,pertrace_tau19_embed7
monkeyM_session-o080910006-11_lfp-5,M,o080910006-11,5,pre_go,delay,torus_geometry_15,ok,0.7416666666666667,0.7413793103448276,2,240,120,19,19.0,7,pertrace_unsupervised_movement_signal,pertrace_tau19_embed7
monkeyM_session-o080910006-11_lfp-5,M,o080910006-11,5,pre_go,condition,torus_geometry_15,ok,0.14473684210526316,0.13383614156077978,12,228,19,19,19.0,7,pertrace_unsupervised_movement_signal,pertrace_tau19_embed7
monkeyM_session-o080910006-11_lfp-5,M,o080910006-11,5,peri_go,direction,torus_geometry_15,ok,0.1452991452991453,0.13184852611579395,6,234,39,19,19.0,7,pertrace_unsupervised_movement_signal,pertrace_tau19_embed7
monkeyM_session-o080910006-11_lfp-5,M,o080910006-11,5,peri_go,delay,torus_geometry_15,ok,0.6583333333333333,0.658309604833669,2,240,120,19,19.0,7,pertrace_unsupervised_movement_signal,pertrace_tau19_embed7
monkeyM_session-o080910006-11_lfp-5,M,o080910006-11,5,peri_go,condition,torus_geometry_15,ok,0.10964912280701754,0.09827378503849094,12,228,19,19,19.0,7,pertrace_unsupervised_movement_signal,pertrace_tau19_embed7
monkeyM_session-o080910006-11_lfp-5,M,o080910006-11,5,movement,direction,torus_geometry_15,ok,0.18376068376068377,0.17304579962906896,6,234,39,19,19.0,7,pertrace_unsupervised_movement_signal,pertrace_tau19_embed7
monkeyM_session-o080910006-11_lfp-5,M,o080910006-11,5,movement,delay,torus_geometry_15,ok,0.625,0.6245828698553948,2,240,120,19,19.0,7,pertrace_unsupervised_movement_signal,pertrace_tau19_embed7
monkeyM_session-o080910006-11_lfp-5,M,o080910006-11,5,movement,condition,torus_geometry_15,ok,0.11842105263157894,0.10878867363038996,12,228,19,19,19.0,7,pertrace_unsupervised_movement_signal,pertrace_tau19_embed7
monkeyM_session-o080910006-11_lfp-5,M,o080910006-11,5,post_go,direction,torus_geometry_15,ok,0.23076923076923078,0.22754974657512114,6,234,39,19,19.0,7,pertrace_unsupervised_movement_signal,pertrace_tau19_embed7
monkeyM_session-o080910006-11_lfp-5,M,o080910006-11,5,post_go,delay,torus_geometry_15,ok,0.6416666666666667,0.6414425682718365,2,240,120,19,19.0,7,pertrace_unsupervised_movement_signal,pertrace_tau19_embed7
monkeyM_session-o080910006-11_lfp-5,M,o080910006-11,5,post_go,condition,torus_geometry_15,ok,0.13596491228070176,0.13263894270507762,12,228,19,19,19.0,7,pertrace_unsupervised_movement_signal,pertrace_tau19_embed7
monkeyM_session-o080910006-11_lfp-7,M,o080910006-11,7,pre_go,direction,torus_geometry_15,ok,0.15384615384615385,0.14909899922090988,6,234,39,17,17.0,9,pertrace_unsupervised_movement_signal,pertrace_tau17_embed9
monkeyM_session-o080910006-11_lfp-7,M,o080910006-11,7,pre_go,delay,torus_geometry_15,ok,0.6833333333333333,0.6832453459294248,2,240,120,17,17.0,9,pertrace_unsupervised_movement_signal,pertrace_tau17_embed9
monkeyM_session-o080910006-11_lfp-7,M,o080910006-11,7,pre_go,condition,torus_geometry_15,ok,0.14912280701754385,0.13473695469131577,12,228,19,17,17.0,9,pertrace_unsupervised_movement_signal,pertrace_tau17_embed9
monkeyM_session-o080910006-11_lfp-7,M,o080910006-11,7,peri_go,direction,torus_geometry_15,ok,0.12393162393162394,0.12207024323711768,6,234,39,17,17.0,9,pertrace_unsupervised_movement_signal,pertrace_tau17_embed9
monkeyM_session-o080910006-11_lfp-7,M,o080910006-11,7,peri_go,delay,torus_geometry_15,ok,0.6166666666666667,0.6162402669632925,2,240,120,17,17.0,9,pertrace_unsupervised_movement_signal,pertrace_tau17_embed9
monkeyM_session-o080910006-11_lfp-7,M,o080910006-11,7,peri_go,condition,torus_geometry_15,ok,0.08333333333333333,0.08068003923267081,12,228,19,17,17.0,9,pertrace_unsupervised_movement_signal,pertrace_tau17_embed9
monkeyM_session-o080910006-11_lfp-7,M,o080910006-11,7,movement,direction,torus_geometry_15,ok,0.1752136752136752,0.1662340920383699,6,234,39,17,17.0,9,pertrace_unsupervised_movement_signal,pertrace_tau17_embed9
monkeyM_session-o080910006-11_lfp-7,M,o080910006-11,7,movement,delay,torus_geometry_15,ok,0.5791666666666667,0.5788083612795607,2,240,120,17,17.0,9,pertrace_unsupervised_movement_signal,pertrace_tau17_embed9
monkeyM_session-o080910006-11_lfp-7,M,o080910006-11,7,movement,condition,torus_geometry_15,ok,0.08771929824561403,0.07971074897985196,12,228,19,17,17.0,9,pertrace_unsupervised_movement_signal,pertrace_tau17_embed9
monkeyM_session-o080910006-11_lfp-7,M,o080910006-11,7,post_go,direction,torus_geometry_15,ok,0.15384615384615385,0.15297434500449866,6,234,39,17,17.0,9,pertrace_unsupervised_movement_signal,pertrace_tau17_embed9
monkeyM_session-o080910006-11_lfp-7,M,o080910006-11,7,post_go,delay,torus_geometry_15,ok,0.6,0.5998888580161156,2,240,120,17,17.0,9,pertrace_unsupervised_movement_signal,pertrace_tau17_embed9
monkeyM_session-o080910006-11_lfp-7,M,o080910006-11,7,post_go,condition,torus_geometry_15,ok,0.13157894736842105,0.12687784681978354,12,228,19,17,17.0,9,pertrace_unsupervised_movement_signal,pertrace_tau17_embed9
monkeyM_session-o080911001-5_lfp-5,M,o080911001-5,5,pre_go,direction,torus_geometry_15,ok,0.15384615384615385,0.14356531352058552,6,234,39,16,16.0,9,pertrace_unsupervised_movement_signal,pertrace_tau16_embed9
monkeyM_session-o080911001-5_lfp-5,M,o080911001-5,5,pre_go,delay,torus_geometry_15,ok,0.7016129032258065,0.7015352589123081,2,248,124,16,16.0,9,pertrace_unsupervised_movement_signal,pertrace_tau16_embed9
monkeyM_session-o080911001-5_lfp-5,M,o080911001-5,5,pre_go,condition,torus_geometry_15,ok,0.14912280701754385,0.14343577657639184,12,228,19,16,16.0,9,pertrace_unsupervised_movement_signal,pertrace_tau16_embed9
monkeyM_session-o080911001-5_lfp-5,M,o080911001-5,5,peri_go,direction,torus_geometry_15,ok,0.1794871794871795,0.178540393475794,6,234,39,16,16.0,9,pertrace_unsupervised_movement_signal,pertrace_tau16_embed9
monkeyM_session-o080911001-5_lfp-5,M,o080911001-5,5,peri_go,delay,torus_geometry_15,ok,0.5443548387096774,0.5442881535084153,2,248,124,16,16.0,9,pertrace_unsupervised_movement_signal,pertrace_tau16_embed9
monkeyM_session-o080911001-5_lfp-5,M,o080911001-5,5,peri_go,condition,torus_geometry_15,ok,0.07894736842105263,0.07244120233691902,12,228,19,16,16.0,9,pertrace_unsupervised_movement_signal,pertrace_tau16_embed9
monkeyM_session-o080911001-5_lfp-5,M,o080911001-5,5,movement,direction,torus_geometry_15,ok,0.2863247863247863,0.28013163354427706,6,234,39,16,16.0,9,pertrace_unsupervised_movement_signal,pertrace_tau16_embed9
monkeyM_session-o080911001-5_lfp-5,M,o080911001-5,5,movement,delay,torus_geometry_15,ok,0.5685483870967742,0.5683729403536166,2,248,124,16,16.0,9,pertrace_unsupervised_movement_signal,pertrace_tau16_embed9
monkeyM_session-o080911001-5_lfp-5,M,o080911001-5,5,movement,condition,torus_geometry_15,ok,0.15789473684210525,0.1503987017009913,12,228,19,16,16.0,9,pertrace_unsupervised_movement_signal,pertrace_tau16_embed9
monkeyM_session-o080911001-5_lfp-5,M,o080911001-5,5,post_go,direction,torus_geometry_15,ok,0.2264957264957265,0.22277424079085426,6,234,39,16,16.0,9,pertrace_unsupervised_movement_signal,pertrace_tau16_embed9
monkeyM_session-o080911001-5_lfp-5,M,o080911001-5,5,post_go,delay,torus_geometry_15,ok,0.5725806451612904,0.5725806451612904,2,248,124,16,16.0,9,pertrace_unsupervised_movement_signal,pertrace_tau16_embed9
monkeyM_session-o080911001-5_lfp-5,M,o080911001-5,5,post_go,condition,torus_geometry_15,ok,0.10087719298245613,0.09664689013351507,12,228,19,16,16.0,9,pertrace_unsupervised_movement_signal,pertrace_tau16_embed9
monkeyM_session-o080911001-5_lfp-6,M,o080911001-5,6,pre_go,direction,torus_geometry_15,ok,0.19658119658119658,0.18839896611770954,6,234,39,21,21.0,9,pertrace_unsupervised_movement_signal,pertrace_tau21_embed9
monkeyM_session-o080911001-5_lfp-6,M,o080911001-5,6,pre_go,delay,torus_geometry_15,ok,0.6290322580645161,0.628935727296383,2,248,124,21,21.0,9,pertrace_unsupervised_movement_signal,pertrace_tau21_embed9
monkeyM_session-o080911001-5_lfp-6,M,o080911001-5,6,pre_go,condition,torus_geometry_15,ok,0.08771929824561403,0.08469433074696231,12,228,19,21,21.0,9,pertrace_unsupervised_movement_signal,pertrace_tau21_embed9
monkeyM_session-o080911001-5_lfp-6,M,o080911001-5,6,peri_go,direction,torus_geometry_15,ok,0.20085470085470086,0.1945181974639948,6,234,39,21,21.0,9,pertrace_unsupervised_movement_signal,pertrace_tau21_embed9
monkeyM_session-o080911001-5_lfp-6,M,o080911001-5,6,peri_go,delay,torus_geometry_15,ok,0.5282258064516129,0.5276036663790437,2,248,124,21,21.0,9,pertrace_unsupervised_movement_signal,pertrace_tau21_embed9
monkeyM_session-o080911001-5_lfp-6,M,o080911001-5,6,peri_go,condition,torus_geometry_15,ok,0.06140350877192982,0.05457265878226031,12,228,19,21,21.0,9,pertrace_unsupervised_movement_signal,pertrace_tau21_embed9
monkeyM_session-o080911001-5_lfp-6,M,o080911001-5,6,movement,direction,torus_geometry_15,ok,0.11965811965811966,0.11731525164180924,6,234,39,21,21.0,9,pertrace_unsupervised_movement_signal,pertrace_tau21_embed9
monkeyM_session-o080911001-5_lfp-6,M,o080911001-5,6,movement,delay,torus_geometry_15,ok,0.43548387096774194,0.4351532504717902,2,248,124,21,21.0,9,pertrace_unsupervised_movement_signal,pertrace_tau21_embed9
monkeyM_session-o080911001-5_lfp-6,M,o080911001-5,6,movement,condition,torus_geometry_15,ok,0.07017543859649122,0.06642707466771612,12,228,19,21,21.0,9,pertrace_unsupervised_movement_signal,pertrace_tau21_embed9
monkeyM_session-o080911001-5_lfp-6,M,o080911001-5,6,post_go,direction,torus_geometry_15,ok,0.18376068376068377,0.17119275716167703,6,234,39,21,21.0,9,pertrace_unsupervised_movement_signal,pertrace_tau21_embed9
monkeyM_session-o080911001-5_lfp-6,M,o080911001-5,6,post_go,delay,torus_geometry_15,ok,0.4637096774193548,0.46363118952760385,2,248,124,21,21.0,9,pertrace_unsupervised_movement_signal,pertrace_tau21_embed9
monkeyM_session-o080911001-5_lfp-6,M,o080911001-5,6,post_go,condition,torus_geometry_15,ok,0.08333333333333333,0.07060730964049787,12,228,19,21,21.0,9,pertrace_unsupervised_movement_signal,pertrace_tau21_embed9
monkeyM_session-o080911006-11_lfp-5,M,o080911006-11,5,pre_go,direction,torus_geometry_15,ok,0.20270270270270271,0.19537434648238416,6,222,37,15,15.0,9,pertrace_unsupervised_movement_signal,pertrace_tau15_embed9
monkeyM_session-o080911006-11_lfp-5,M,o080911006-11,5,pre_go,delay,torus_geometry_15,ok,0.6788990825688074,0.6787909404731834,2,218,109,15,15.0,9,pertrace_unsupervised_movement_signal,pertrace_tau15_embed9
monkeyM_session-o080911006-11_lfp-5,M,o080911006-11,5,pre_go,condition,torus_geometry_15,ok,0.10416666666666667,0.09933181086890552,12,192,16,15,15.0,9,pertrace_unsupervised_movement_signal,pertrace_tau15_embed9
monkeyM_session-o080911006-11_lfp-5,M,o080911006-11,5,peri_go,direction,torus_geometry_15,ok,0.23423423423423423,0.23104582888770478,6,222,37,15,15.0,9,pertrace_unsupervised_movement_signal,pertrace_tau15_embed9
monkeyM_session-o080911006-11_lfp-5,M,o080911006-11,5,peri_go,delay,torus_geometry_15,ok,0.5412844036697247,0.5406658238516646,2,218,109,15,15.0,9,pertrace_unsupervised_movement_signal,pertrace_tau15_embed9
monkeyM_session-o080911006-11_lfp-5,M,o080911006-11,5,peri_go,condition,torus_geometry_15,ok,0.07291666666666667,0.07084796217131438,12,192,16,15,15.0,9,pertrace_unsupervised_movement_signal,pertrace_tau15_embed9
monkeyM_session-o080911006-11_lfp-5,M,o080911006-11,5,movement,direction,torus_geometry_15,ok,0.17567567567567569,0.17416938409066807,6,222,37,15,15.0,9,pertrace_unsupervised_movement_signal,pertrace_tau15_embed9
monkeyM_session-o080911006-11_lfp-5,M,o080911006-11,5,movement,delay,torus_geometry_15,ok,0.5963302752293578,0.5962962962962963,2,218,109,15,15.0,9,pertrace_unsupervised_movement_signal,pertrace_tau15_embed9
monkeyM_session-o080911006-11_lfp-5,M,o080911006-11,5,movement,condition,torus_geometry_15,ok,0.10416666666666667,0.09819418381810098,12,192,16,15,15.0,9,pertrace_unsupervised_movement_signal,pertrace_tau15_embed9
monkeyM_session-o080911006-11_lfp-5,M,o080911006-11,5,post_go,direction,torus_geometry_15,ok,0.1891891891891892,0.18245325813348254,6,222,37,15,15.0,9,pertrace_unsupervised_movement_signal,pertrace_tau15_embed9
monkeyM_session-o080911006-11_lfp-5,M,o080911006-11,5,post_go,delay,torus_geometry_15,ok,0.6009174311926605,0.6009090335206111,2,218,109,15,15.0,9,pertrace_unsupervised_movement_signal,pertrace_tau15_embed9
monkeyM_session-o080911006-11_lfp-5,M,o080911006-11,5,post_go,condition,torus_geometry_15,ok,0.10416666666666667,0.08959238998695891,12,192,16,15,15.0,9,pertrace_unsupervised_movement_signal,pertrace_tau15_embed9
monkeyM_session-o080911006-11_lfp-6,M,o080911006-11,6,pre_go,direction,torus_geometry_15,ok,0.17567567567567569,0.16014459518241111,6,222,37,14,14.0,9,pertrace_unsupervised_movement_signal,pertrace_tau14_embed9
monkeyM_session-o080911006-11_lfp-6,M,o080911006-11,6,pre_go,delay,torus_geometry_15,ok,0.5779816513761468,0.5774125579435314,2,218,109,14,14.0,9,pertrace_unsupervised_movement_signal,pertrace_tau14_embed9
monkeyM_session-o080911006-11_lfp-6,M,o080911006-11,6,pre_go,condition,torus_geometry_15,ok,0.06770833333333333,0.05257942760306156,12,192,16,14,14.0,9,pertrace_unsupervised_movement_signal,pertrace_tau14_embed9
monkeyM_session-o080911006-11_lfp-6,M,o080911006-11,6,peri_go,direction,torus_geometry_15,ok,0.20270270270270271,0.198660493870888,6,222,37,14,14.0,9,pertrace_unsupervised_movement_signal,pertrace_tau14_embed9
monkeyM_session-o080911006-11_lfp-6,M,o080911006-11,6,peri_go,delay,torus_geometry_15,ok,0.555045871559633,0.5549615910765022,2,218,109,14,14.0,9,pertrace_unsupervised_movement_signal,pertrace_tau14_embed9
monkeyM_session-o080911006-11_lfp-6,M,o080911006-11,6,peri_go,condition,torus_geometry_15,ok,0.06770833333333333,0.06050044489977748,12,192,16,14,14.0,9,pertrace_unsupervised_movement_signal,pertrace_tau14_embed9
monkeyM_session-o080911006-11_lfp-6,M,o080911006-11,6,movement,direction,torus_geometry_15,ok,0.19369369369369369,0.19190505360801188,6,222,37,14,14.0,9,pertrace_unsupervised_movement_signal,pertrace_tau14_embed9
monkeyM_session-o080911006-11_lfp-6,M,o080911006-11,6,movement,delay,torus_geometry_15,ok,0.5321100917431193,0.5317553908355794,2,218,109,14,14.0,9,pertrace_unsupervised_movement_signal,pertrace_tau14_embed9
monkeyM_session-o080911006-11_lfp-6,M,o080911006-11,6,movement,condition,torus_geometry_15,ok,0.10416666666666667,0.09423529996375413,12,192,16,14,14.0,9,pertrace_unsupervised_movement_signal,pertrace_tau14_embed9
monkeyM_session-o080911006-11_lfp-6,M,o080911006-11,6,post_go,direction,torus_geometry_15,ok,0.14414414414414414,0.1439087013877467,6,222,37,14,14.0,9,pertrace_unsupervised_movement_signal,pertrace_tau14_embed9
monkeyM_session-o080911006-11_lfp-6,M,o080911006-11,6,post_go,delay,torus_geometry_15,ok,0.44036697247706424,0.4401784962532626,2,218,109,14,14.0,9,pertrace_unsupervised_movement_signal,pertrace_tau14_embed9
monkeyM_session-o080911006-11_lfp-6,M,o080911006-11,6,post_go,condition,torus_geometry_15,ok,0.09375,0.0781179216024951,12,192,16,14,14.0,9,pertrace_unsupervised_movement_signal,pertrace_tau14_embed9
monkeyM_session-o080912004-7_lfp-5,M,o080912004-7,5,pre_go,direction,torus_geometry_15,ok,0.11594202898550725,0.11449847425152641,6,138,23,17,17.0,5,pertrace_unsupervised_movement_signal,pertrace_tau17_embed5
monkeyM_session-o080912004-7_lfp-5,M,o080912004-7,5,pre_go,delay,torus_geometry_15,ok,0.6111111111111112,0.6108108108108108,2,144,72,17,17.0,5,pertrace_unsupervised_movement_signal,pertrace_tau17_embed5
monkeyM_session-o080912004-7_lfp-5,M,o080912004-7,5,pre_go,condition,torus_geometry_15,ok,0.07291666666666667,0.06025132275132275,12,96,8,17,17.0,5,pertrace_unsupervised_movement_signal,pertrace_tau17_embed5
monkeyM_session-o080912004-7_lfp-5,M,o080912004-7,5,peri_go,direction,torus_geometry_15,ok,0.15217391304347827,0.14897253963112864,6,138,23,17,17.0,5,pertrace_unsupervised_movement_signal,pertrace_tau17_embed5
monkeyM_session-o080912004-7_lfp-5,M,o080912004-7,5,peri_go,delay,torus_geometry_15,ok,0.6180555555555556,0.6180371352785146,2,144,72,17,17.0,5,pertrace_unsupervised_movement_signal,pertrace_tau17_embed5
monkeyM_session-o080912004-7_lfp-5,M,o080912004-7,5,peri_go,condition,torus_geometry_15,ok,0.10416666666666667,0.09766573295985059,12,96,8,17,17.0,5,pertrace_unsupervised_movement_signal,pertrace_tau17_embed5
monkeyM_session-o080912004-7_lfp-5,M,o080912004-7,5,movement,direction,torus_geometry_15,ok,0.18115942028985507,0.1824295625037937,6,138,23,17,17.0,5,pertrace_unsupervised_movement_signal,pertrace_tau17_embed5
monkeyM_session-o080912004-7_lfp-5,M,o080912004-7,5,movement,delay,torus_geometry_15,ok,0.5555555555555556,0.5554698051321629,2,144,72,17,17.0,5,pertrace_unsupervised_movement_signal,pertrace_tau17_embed5
monkeyM_session-o080912004-7_lfp-5,M,o080912004-7,5,movement,condition,torus_geometry_15,ok,0.10416666666666667,0.10089961423165757,12,96,8,17,17.0,5,pertrace_unsupervised_movement_signal,pertrace_tau17_embed5
monkeyM_session-o080912004-7_lfp-5,M,o080912004-7,5,post_go,direction,torus_geometry_15,ok,0.18115942028985507,0.17958211451531592,6,138,23,17,17.0,5,pertrace_unsupervised_movement_signal,pertrace_tau17_embed5
monkeyM_session-o080912004-7_lfp-5,M,o080912004-7,5,post_go,delay,torus_geometry_15,ok,0.6180555555555556,0.6158137278680572,2,144,72,17,17.0,5,pertrace_unsupervised_movement_signal,pertrace_tau17_embed5
monkeyM_session-o080912004-7_lfp-5,M,o080912004-7,5,post_go,condition,torus_geometry_15,ok,0.11458333333333333,0.11096491228070175,12,96,8,17,17.0,5,pertrace_unsupervised_movement_signal,pertrace_tau17_embed5
monkeyM_session-o080912008-13_lfp-5,M,o080912008-13,5,pre_go,direction,torus_geometry_15,ok,0.22988505747126436,0.22412440806337589,6,174,29,16,16.0,7,pertrace_unsupervised_movement_signal,pertrace_tau16_embed7
monkeyM_session-o080912008-13_lfp-5,M,o080912008-13,5,pre_go,delay,torus_geometry_15,ok,0.6276595744680851,0.626984126984127,2,188,94,16,16.0,7,pertrace_unsupervised_movement_signal,pertrace_tau16_embed7
monkeyM_session-o080912008-13_lfp-5,M,o080912008-13,5,pre_go,condition,torus_geometry_15,ok,0.06547619047619048,0.06679013758477122,12,168,14,16,16.0,7,pertrace_unsupervised_movement_signal,pertrace_tau16_embed7
monkeyM_session-o080912008-13_lfp-5,M,o080912008-13,5,peri_go,direction,torus_geometry_15,ok,0.1781609195402299,0.17683643755045556,6,174,29,16,16.0,7,pertrace_unsupervised_movement_signal,pertrace_tau16_embed7
monkeyM_session-o080912008-13_lfp-5,M,o080912008-13,5,peri_go,delay,torus_geometry_15,ok,0.5478723404255319,0.5478595478595478,2,188,94,16,16.0,7,pertrace_unsupervised_movement_signal,pertrace_tau16_embed7
monkeyM_session-o080912008-13_lfp-5,M,o080912008-13,5,peri_go,condition,torus_geometry_15,ok,0.09523809523809523,0.0881578174356785,12,168,14,16,16.0,7,pertrace_unsupervised_movement_signal,pertrace_tau16_embed7
monkeyM_session-o080912008-13_lfp-5,M,o080912008-13,5,movement,direction,torus_geometry_15,ok,0.19540229885057472,0.18918531006816233,6,174,29,16,16.0,7,pertrace_unsupervised_movement_signal,pertrace_tau16_embed7
monkeyM_session-o080912008-13_lfp-5,M,o080912008-13,5,movement,delay,torus_geometry_15,ok,0.5585106382978723,0.5581981369800957,2,188,94,16,16.0,7,pertrace_unsupervised_movement_signal,pertrace_tau16_embed7
monkeyM_session-o080912008-13_lfp-5,M,o080912008-13,5,movement,condition,torus_geometry_15,ok,0.13690476190476192,0.12736339793178017,12,168,14,16,16.0,7,pertrace_unsupervised_movement_signal,pertrace_tau16_embed7
monkeyM_session-o080912008-13_lfp-5,M,o080912008-13,5,post_go,direction,torus_geometry_15,ok,0.1781609195402299,0.16836581679718934,6,174,29,16,16.0,7,pertrace_unsupervised_movement_signal,pertrace_tau16_embed7
monkeyM_session-o080912008-13_lfp-5,M,o080912008-13,5,post_go,delay,torus_geometry_15,ok,0.5638297872340425,0.5633850685397077,2,188,94,16,16.0,7,pertrace_unsupervised_movement_signal,pertrace_tau16_embed7
monkeyM_session-o080912008-13_lfp-5,M,o080912008-13,5,post_go,condition,torus_geometry_15,ok,0.11904761904761904,0.10728031953522149,12,168,14,16,16.0,7,pertrace_unsupervised_movement_signal,pertrace_tau16_embed7
monkeyM_session-o080912008-13_lfp-6,M,o080912008-13,6,pre_go,direction,torus_geometry_15,ok,0.1839080459770115,0.18017734350656853,6,174,29,19,19.0,3,pertrace_unsupervised_movement_signal,pertrace_tau19_embed3
monkeyM_session-o080912008-13_lfp-6,M,o080912008-13,6,pre_go,delay,torus_geometry_15,ok,0.5478723404255319,0.5477571812650347,2,188,94,19,19.0,3,pertrace_unsupervised_movement_signal,pertrace_tau19_embed3
monkeyM_session-o080912008-13_lfp-6,M,o080912008-13,6,pre_go,condition,torus_geometry_15,ok,0.08928571428571429,0.0849647266313933,12,168,14,19,19.0,3,pertrace_unsupervised_movement_signal,pertrace_tau19_embed3
monkeyM_session-o080912008-13_lfp-6,M,o080912008-13,6,peri_go,direction,torus_geometry_15,ok,0.14942528735632185,0.14302901399675594,6,174,29,19,19.0,3,pertrace_unsupervised_movement_signal,pertrace_tau19_embed3
monkeyM_session-o080912008-13_lfp-6,M,o080912008-13,6,peri_go,delay,torus_geometry_15,ok,0.7287234042553191,0.7283467913302168,2,188,94,19,19.0,3,pertrace_unsupervised_movement_signal,pertrace_tau19_embed3
monkeyM_session-o080912008-13_lfp-6,M,o080912008-13,6,peri_go,condition,torus_geometry_15,ok,0.10714285714285714,0.10359358723096208,12,168,14,19,19.0,3,pertrace_unsupervised_movement_signal,pertrace_tau19_embed3
monkeyM_session-o080912008-13_lfp-6,M,o080912008-13,6,movement,direction,torus_geometry_15,ok,0.1781609195402299,0.17556811752390702,6,174,29,19,19.0,3,pertrace_unsupervised_movement_signal,pertrace_tau19_embed3
monkeyM_session-o080912008-13_lfp-6,M,o080912008-13,6,movement,delay,torus_geometry_15,ok,0.601063829787234,0.6005099872503188,2,188,94,19,19.0,3,pertrace_unsupervised_movement_signal,pertrace_tau19_embed3
monkeyM_session-o080912008-13_lfp-6,M,o080912008-13,6,movement,condition,torus_geometry_15,ok,0.06547619047619048,0.06681083895882746,12,168,14,19,19.0,3,pertrace_unsupervised_movement_signal,pertrace_tau19_embed3
monkeyM_session-o080912008-13_lfp-6,M,o080912008-13,6,post_go,direction,torus_geometry_15,ok,0.21839080459770116,0.21508612979708752,6,174,29,19,19.0,3,pertrace_unsupervised_movement_signal,pertrace_tau19_embed3
monkeyM_session-o080912008-13_lfp-6,M,o080912008-13,6,post_go,delay,torus_geometry_15,ok,0.6542553191489362,0.6541672562614971,2,188,94,19,19.0,3,pertrace_unsupervised_movement_signal,pertrace_tau19_embed3
monkeyM_session-o080912008-13_lfp-6,M,o080912008-13,6,post_go,condition,torus_geometry_15,ok,0.125,0.11644951052845791,12,168,14,19,19.0,3,pertrace_unsupervised_movement_signal,pertrace_tau19_embed3
monkeyM_session-o080917001-8_lfp-5,M,o080917001-8,5,pre_go,direction,torus_geometry_15,ok,0.1919191919191919,0.18799459538137728,6,198,33,12,12.0,7,pertrace_unsupervised_movement_signal,pertrace_tau12_embed7
monkeyM_session-o080917001-8_lfp-5,M,o080917001-8,5,pre_go,delay,torus_geometry_15,ok,0.575,0.5747342088805503,2,200,100,12,12.0,7,pertrace_unsupervised_movement_signal,pertrace_tau12_embed7
monkeyM_session-o080917001-8_lfp-5,M,o080917001-8,5,pre_go,condition,torus_geometry_15,ok,0.10416666666666667,0.09518957213759378,12,192,16,12,12.0,7,pertrace_unsupervised_movement_signal,pertrace_tau12_embed7
monkeyM_session-o080917001-8_lfp-5,M,o080917001-8,5,peri_go,direction,torus_geometry_15,ok,0.18686868686868688,0.18918306815684496,6,198,33,12,12.0,7,pertrace_unsupervised_movement_signal,pertrace_tau12_embed7
monkeyM_session-o080917001-8_lfp-5,M,o080917001-8,5,peri_go,delay,torus_geometry_15,ok,0.485,0.48498712467811694,2,200,100,12,12.0,7,pertrace_unsupervised_movement_signal,pertrace_tau12_embed7
monkeyM_session-o080917001-8_lfp-5,M,o080917001-8,5,peri_go,condition,torus_geometry_15,ok,0.10416666666666667,0.1084438661669783,12,192,16,12,12.0,7,pertrace_unsupervised_movement_signal,pertrace_tau12_embed7
monkeyM_session-o080917001-8_lfp-5,M,o080917001-8,5,movement,direction,torus_geometry_15,ok,0.1414141414141414,0.13688709742272887,6,198,33,12,12.0,7,pertrace_unsupervised_movement_signal,pertrace_tau12_embed7
monkeyM_session-o080917001-8_lfp-5,M,o080917001-8,5,movement,delay,torus_geometry_15,ok,0.56,0.56,2,200,100,12,12.0,7,pertrace_unsupervised_movement_signal,pertrace_tau12_embed7
monkeyM_session-o080917001-8_lfp-5,M,o080917001-8,5,movement,condition,torus_geometry_15,ok,0.06770833333333333,0.06752178986679308,12,192,16,12,12.0,7,pertrace_unsupervised_movement_signal,pertrace_tau12_embed7
monkeyM_session-o080917001-8_lfp-5,M,o080917001-8,5,post_go,direction,torus_geometry_15,ok,0.17676767676767677,0.16701152621397733,6,198,33,12,12.0,7,pertrace_unsupervised_movement_signal,pertrace_tau12_embed7
monkeyM_session-o080917001-8_lfp-5,M,o080917001-8,5,post_go,delay,torus_geometry_15,ok,0.515,0.5149878746968675,2,200,100,12,12.0,7,pertrace_unsupervised_movement_signal,pertrace_tau12_embed7
monkeyM_session-o080917001-8_lfp-5,M,o080917001-8,5,post_go,condition,torus_geometry_15,ok,0.078125,0.06916627379599448,12,192,16,12,12.0,7,pertrace_unsupervised_movement_signal,pertrace_tau12_embed7
monkeyM_session-o080917001-8_lfp-6,M,o080917001-8,6,pre_go,direction,torus_geometry_15,ok,0.16666666666666666,0.15793645240830004,6,198,33,22,22.0,5,pertrace_unsupervised_movement_signal,pertrace_tau22_embed5
monkeyM_session-o080917001-8_lfp-6,M,o080917001-8,6,pre_go,delay,torus_geometry_15,ok,0.595,0.5949088544922607,2,200,100,22,22.0,5,pertrace_unsupervised_movement_signal,pertrace_tau22_embed5
monkeyM_session-o080917001-8_lfp-6,M,o080917001-8,6,pre_go,condition,torus_geometry_15,ok,0.078125,0.05994704664917431,12,192,16,22,22.0,5,pertrace_unsupervised_movement_signal,pertrace_tau22_embed5
monkeyM_session-o080917001-8_lfp-6,M,o080917001-8,6,peri_go,direction,torus_geometry_15,ok,0.20202020202020202,0.19983377950618952,6,198,33,22,22.0,5,pertrace_unsupervised_movement_signal,pertrace_tau22_embed5
monkeyM_session-o080917001-8_lfp-6,M,o080917001-8,6,peri_go,delay,torus_geometry_15,ok,0.55,0.5495946351716545,2,200,100,22,22.0,5,pertrace_unsupervised_movement_signal,pertrace_tau22_embed5
monkeyM_session-o080917001-8_lfp-6,M,o080917001-8,6,peri_go,condition,torus_geometry_15,ok,0.0625,0.05933846204587806,12,192,16,22,22.0,5,pertrace_unsupervised_movement_signal,pertrace_tau22_embed5
monkeyM_session-o080917001-8_lfp-6,M,o080917001-8,6,movement,direction,torus_geometry_15,ok,0.15656565656565657,0.14791262027548946,6,198,33,22,22.0,5,pertrace_unsupervised_movement_signal,pertrace_tau22_embed5
monkeyM_session-o080917001-8_lfp-6,M,o080917001-8,6,movement,delay,torus_geometry_15,ok,0.545,0.5444419413781882,2,200,100,22,22.0,5,pertrace_unsupervised_movement_signal,pertrace_tau22_embed5
monkeyM_session-o080917001-8_lfp-6,M,o080917001-8,6,movement,condition,torus_geometry_15,ok,0.109375,0.10394399176593604,12,192,16,22,22.0,5,pertrace_unsupervised_movement_signal,pertrace_tau22_embed5
monkeyM_session-o080917001-8_lfp-6,M,o080917001-8,6,post_go,direction,torus_geometry_15,ok,0.20707070707070707,0.20111640620036142,6,198,33,22,22.0,5,pertrace_unsupervised_movement_signal,pertrace_tau22_embed5
monkeyM_session-o080917001-8_lfp-6,M,o080917001-8,6,post_go,delay,torus_geometry_15,ok,0.525,0.5244174113288779,2,200,100,22,22.0,5,pertrace_unsupervised_movement_signal,pertrace_tau22_embed5
monkeyM_session-o080917001-8_lfp-6,M,o080917001-8,6,post_go,condition,torus_geometry_15,ok,0.109375,0.08742417192041724,12,192,16,22,22.0,5,pertrace_unsupervised_movement_signal,pertrace_tau22_embed5
monkeyM_session-o080918001-5_lfp-5,M,o080918001-5,5,pre_go,direction,torus_geometry_15,ok,0.19166666666666668,0.17953370895754336,6,240,40,20,20.0,7,pertrace_unsupervised_movement_signal,pertrace_tau20_embed7
monkeyM_session-o080918001-5_lfp-5,M,o080918001-5,5,pre_go,delay,torus_geometry_15,ok,0.5330578512396694,0.532666837563018,2,242,121,20,20.0,7,pertrace_unsupervised_movement_signal,pertrace_tau20_embed7
monkeyM_session-o080918001-5_lfp-5,M,o080918001-5,5,pre_go,condition,torus_geometry_15,ok,0.06666666666666667,0.05739004491673832,12,240,20,20,20.0,7,pertrace_unsupervised_movement_signal,pertrace_tau20_embed7
monkeyM_session-o080918001-5_lfp-5,M,o080918001-5,5,peri_go,direction,torus_geometry_15,ok,0.2125,0.2024088377336901,6,240,40,20,20.0,7,pertrace_unsupervised_movement_signal,pertrace_tau20_embed7
monkeyM_session-o080918001-5_lfp-5,M,o080918001-5,5,peri_go,delay,torus_geometry_15,ok,0.49173553719008267,0.4916574161045171,2,242,121,20,20.0,7,pertrace_unsupervised_movement_signal,pertrace_tau20_embed7
monkeyM_session-o080918001-5_lfp-5,M,o080918001-5,5,peri_go,condition,torus_geometry_15,ok,0.11666666666666667,0.11495298742985875,12,240,20,20,20.0,7,pertrace_unsupervised_movement_signal,pertrace_tau20_embed7
monkeyM_session-o080918001-5_lfp-5,M,o080918001-5,5,movement,direction,torus_geometry_15,ok,0.16666666666666666,0.16217350455666416,6,240,40,20,20.0,7,pertrace_unsupervised_movement_signal,pertrace_tau20_embed7
monkeyM_session-o080918001-5_lfp-5,M,o080918001-5,5,movement,delay,torus_geometry_15,ok,0.5785123966942148,0.5770970394736843,2,242,121,20,20.0,7,pertrace_unsupervised_movement_signal,pertrace_tau20_embed7
monkeyM_session-o080918001-5_lfp-5,M,o080918001-5,5,movement,condition,torus_geometry_15,ok,0.09583333333333334,0.09250873454151566,12,240,20,20,20.0,7,pertrace_unsupervised_movement_signal,pertrace_tau20_embed7
monkeyM_session-o080918001-5_lfp-5,M,o080918001-5,5,post_go,direction,torus_geometry_15,ok,0.21666666666666667,0.20179732854500862,6,240,40,20,20.0,7,pertrace_unsupervised_movement_signal,pertrace_tau20_embed7
monkeyM_session-o080918001-5_lfp-5,M,o080918001-5,5,post_go,delay,torus_geometry_15,ok,0.5330578512396694,0.5328584362561711,2,242,121,20,20.0,7,pertrace_unsupervised_movement_signal,pertrace_tau20_embed7
monkeyM_session-o080918001-5_lfp-5,M,o080918001-5,5,post_go,condition,torus_geometry_15,ok,0.1375,0.12461014830580046,12,240,20,20,20.0,7,pertrace_unsupervised_movement_signal,pertrace_tau20_embed7
monkeyM_session-o080918001-5_lfp-6,M,o080918001-5,6,pre_go,direction,torus_geometry_15,ok,0.14583333333333334,0.14465453958106073,6,240,40,15,15.0,5,pertrace_unsupervised_movement_signal,pertrace_tau15_embed5
monkeyM_session-o080918001-5_lfp-6,M,o080918001-5,6,pre_go,delay,torus_geometry_15,ok,0.5909090909090909,0.590902105424927,2,242,121,15,15.0,5,pertrace_unsupervised_movement_signal,pertrace_tau15_embed5
monkeyM_session-o080918001-5_lfp-6,M,o080918001-5,6,pre_go,condition,torus_geometry_15,ok,0.07916666666666666,0.06973354065339116,12,240,20,15,15.0,5,pertrace_unsupervised_movement_signal,pertrace_tau15_embed5
monkeyM_session-o080918001-5_lfp-6,M,o080918001-5,6,peri_go,direction,torus_geometry_15,ok,0.21666666666666667,0.20966855038524235,6,240,40,15,15.0,5,pertrace_unsupervised_movement_signal,pertrace_tau15_embed5
monkeyM_session-o080918001-5_lfp-6,M,o080918001-5,6,peri_go,delay,torus_geometry_15,ok,0.5991735537190083,0.5991667093557366,2,242,121,15,15.0,5,pertrace_unsupervised_movement_signal,pertrace_tau15_embed5
monkeyM_session-o080918001-5_lfp-6,M,o080918001-5,6,peri_go,condition,torus_geometry_15,ok,0.1,0.09268416423281574,12,240,20,15,15.0,5,pertrace_unsupervised_movement_signal,pertrace_tau15_embed5
monkeyM_session-o080918001-5_lfp-6,M,o080918001-5,6,movement,direction,torus_geometry_15,ok,0.19166666666666668,0.18840406658668293,6,240,40,15,15.0,5,pertrace_unsupervised_movement_signal,pertrace_tau15_embed5
monkeyM_session-o080918001-5_lfp-6,M,o080918001-5,6,movement,delay,torus_geometry_15,ok,0.5371900826446281,0.537063605930177,2,242,121,15,15.0,5,pertrace_unsupervised_movement_signal,pertrace_tau15_embed5
monkeyM_session-o080918001-5_lfp-6,M,o080918001-5,6,movement,condition,torus_geometry_15,ok,0.07916666666666666,0.07143943502981341,12,240,20,15,15.0,5,pertrace_unsupervised_movement_signal,pertrace_tau15_embed5
monkeyM_session-o080918001-5_lfp-6,M,o080918001-5,6,post_go,direction,torus_geometry_15,ok,0.18333333333333332,0.17730128156152383,6,240,40,15,15.0,5,pertrace_unsupervised_movement_signal,pertrace_tau15_embed5
monkeyM_session-o080918001-5_lfp-6,M,o080918001-5,6,post_go,delay,torus_geometry_15,ok,0.49586776859504134,0.49572999931679984,2,242,121,15,15.0,5,pertrace_unsupervised_movement_signal,pertrace_tau15_embed5
monkeyM_session-o080918001-5_lfp-6,M,o080918001-5,6,post_go,condition,torus_geometry_15,ok,0.1,0.09185371506800077,12,240,20,15,15.0,5,pertrace_unsupervised_movement_signal,pertrace_tau15_embed5
monkeyM_session-o080918006-11_lfp-5,M,o080918006-11,5,pre_go,direction,torus_geometry_15,ok,0.19791666666666666,0.19761214532794188,6,192,32,21,21.0,7,pertrace_unsupervised_movement_signal,pertrace_tau21_embed7
monkeyM_session-o080918006-11_lfp-5,M,o080918006-11,5,pre_go,delay,torus_geometry_15,ok,0.5294117647058824,0.5293665288858983,2,204,102,21,21.0,7,pertrace_unsupervised_movement_signal,pertrace_tau21_embed7
monkeyM_session-o080918006-11_lfp-5,M,o080918006-11,5,pre_go,condition,torus_geometry_15,ok,0.07222222222222222,0.06306733259195059,12,180,15,21,21.0,7,pertrace_unsupervised_movement_signal,pertrace_tau21_embed7
monkeyM_session-o080918006-11_lfp-5,M,o080918006-11,5,peri_go,direction,torus_geometry_15,ok,0.17708333333333334,0.17157248640710399,6,192,32,21,21.0,7,pertrace_unsupervised_movement_signal,pertrace_tau21_embed7
monkeyM_session-o080918006-11_lfp-5,M,o080918006-11,5,peri_go,delay,torus_geometry_15,ok,0.6323529411764706,0.6322734155310404,2,204,102,21,21.0,7,pertrace_unsupervised_movement_signal,pertrace_tau21_embed7
monkeyM_session-o080918006-11_lfp-5,M,o080918006-11,5,peri_go,condition,torus_geometry_15,ok,0.11666666666666667,0.11369140363509105,12,180,15,21,21.0,7,pertrace_unsupervised_movement_signal,pertrace_tau21_embed7
monkeyM_session-o080918006-11_lfp-5,M,o080918006-11,5,movement,direction,torus_geometry_15,ok,0.13541666666666666,0.13189795786200495,6,192,32,21,21.0,7,pertrace_unsupervised_movement_signal,pertrace_tau21_embed7
monkeyM_session-o080918006-11_lfp-5,M,o080918006-11,5,movement,delay,torus_geometry_15,ok,0.5784313725490197,0.5774159360246651,2,204,102,21,21.0,7,pertrace_unsupervised_movement_signal,pertrace_tau21_embed7
monkeyM_session-o080918006-11_lfp-5,M,o080918006-11,5,movement,condition,torus_geometry_15,ok,0.06111111111111111,0.06623254631686344,12,180,15,21,21.0,7,pertrace_unsupervised_movement_signal,pertrace_tau21_embed7
monkeyM_session-o080918006-11_lfp-5,M,o080918006-11,5,post_go,direction,torus_geometry_15,ok,0.171875,0.1636931334227548,6,192,32,21,21.0,7,pertrace_unsupervised_movement_signal,pertrace_tau21_embed7
monkeyM_session-o080918006-11_lfp-5,M,o080918006-11,5,post_go,delay,torus_geometry_15,ok,0.5784313725490197,0.5782692307692308,2,204,102,21,21.0,7,pertrace_unsupervised_movement_signal,pertrace_tau21_embed7
monkeyM_session-o080918006-11_lfp-5,M,o080918006-11,5,post_go,condition,torus_geometry_15,ok,0.07777777777777778,0.07751937792067735,12,180,15,21,21.0,7,pertrace_unsupervised_movement_signal,pertrace_tau21_embed7
monkeyM_session-o080919001-6_lfp-5,M,o080919001-6,5,pre_go,direction,torus_geometry_15,ok,0.1590909090909091,0.15875202991550516,6,264,44,18,18.0,7,pertrace_unsupervised_movement_signal,pertrace_tau18_embed7
monkeyM_session-o080919001-6_lfp-5,M,o080919001-6,5,pre_go,delay,torus_geometry_15,ok,0.5597014925373134,0.5588169642857144,2,268,134,18,18.0,7,pertrace_unsupervised_movement_signal,pertrace_tau18_embed7
monkeyM_session-o080919001-6_lfp-5,M,o080919001-6,5,pre_go,condition,torus_geometry_15,ok,0.0625,0.05188468926204289,12,240,20,18,18.0,7,pertrace_unsupervised_movement_signal,pertrace_tau18_embed7
monkeyM_session-o080919001-6_lfp-5,M,o080919001-6,5,peri_go,direction,torus_geometry_15,ok,0.2196969696969697,0.2137090212493907,6,264,44,18,18.0,7,pertrace_unsupervised_movement_signal,pertrace_tau18_embed7
monkeyM_session-o080919001-6_lfp-5,M,o080919001-6,5,peri_go,delay,torus_geometry_15,ok,0.47761194029850745,0.4765625,2,268,134,18,18.0,7,pertrace_unsupervised_movement_signal,pertrace_tau18_embed7
monkeyM_session-o080919001-6_lfp-5,M,o080919001-6,5,peri_go,condition,torus_geometry_15,ok,0.08333333333333333,0.07648495034318929,12,240,20,18,18.0,7,pertrace_unsupervised_movement_signal,pertrace_tau18_embed7
monkeyM_session-o080919001-6_lfp-5,M,o080919001-6,5,movement,direction,torus_geometry_15,ok,0.2916666666666667,0.27889348713053924,6,264,44,18,18.0,7,pertrace_unsupervised_movement_signal,pertrace_tau18_embed7
monkeyM_session-o080919001-6_lfp-5,M,o080919001-6,5,movement,delay,torus_geometry_15,ok,0.4925373134328358,0.49182979198036925,2,268,134,18,18.0,7,pertrace_unsupervised_movement_signal,pertrace_tau18_embed7
monkeyM_session-o080919001-6_lfp-5,M,o080919001-6,5,movement,condition,torus_geometry_15,ok,0.125,0.10923813330263271,12,240,20,18,18.0,7,pertrace_unsupervised_movement_signal,pertrace_tau18_embed7
monkeyM_session-o080919001-6_lfp-5,M,o080919001-6,5,post_go,direction,torus_geometry_15,ok,0.2803030303030303,0.25880074613761134,6,264,44,18,18.0,7,pertrace_unsupervised_movement_signal,pertrace_tau18_embed7
monkeyM_session-o080919001-6_lfp-5,M,o080919001-6,5,post_go,delay,torus_geometry_15,ok,0.5559701492537313,0.5559639669743676,2,268,134,18,18.0,7,pertrace_unsupervised_movement_signal,pertrace_tau18_embed7
monkeyM_session-o080919001-6_lfp-5,M,o080919001-6,5,post_go,condition,torus_geometry_15,ok,0.09166666666666666,0.08326979874398141,12,240,20,18,18.0,7,pertrace_unsupervised_movement_signal,pertrace_tau18_embed7
monkeyM_session-o080919001-6_lfp-7,M,o080919001-6,7,pre_go,direction,torus_geometry_15,ok,0.19318181818181818,0.1889896291939864,6,264,44,13,13.0,5,pertrace_unsupervised_movement_signal,pertrace_tau13_embed5
monkeyM_session-o080919001-6_lfp-7,M,o080919001-6,7,pre_go,delay,torus_geometry_15,ok,0.7611940298507462,0.7608610785789973,2,268,134,13,13.0,5,pertrace_unsupervised_movement_signal,pertrace_tau13_embed5
monkeyM_session-o080919001-6_lfp-7,M,o080919001-6,7,pre_go,condition,torus_geometry_15,ok,0.1375,0.13217155814473405,12,240,20,13,13.0,5,pertrace_unsupervised_movement_signal,pertrace_tau13_embed5
monkeyM_session-o080919001-6_lfp-7,M,o080919001-6,7,peri_go,direction,torus_geometry_15,ok,0.21212121212121213,0.20773069245179734,6,264,44,13,13.0,5,pertrace_unsupervised_movement_signal,pertrace_tau13_embed5
monkeyM_session-o080919001-6_lfp-7,M,o080919001-6,7,peri_go,delay,torus_geometry_15,ok,0.5298507462686567,0.5297459893048129,2,268,134,13,13.0,5,pertrace_unsupervised_movement_signal,pertrace_tau13_embed5
monkeyM_session-o080919001-6_lfp-7,M,o080919001-6,7,peri_go,condition,torus_geometry_15,ok,0.10833333333333334,0.0978375608870601,12,240,20,13,13.0,5,pertrace_unsupervised_movement_signal,pertrace_tau13_embed5
monkeyM_session-o080919001-6_lfp-7,M,o080919001-6,7,movement,direction,torus_geometry_15,ok,0.21212121212121213,0.21005531492178542,6,264,44,13,13.0,5,pertrace_unsupervised_movement_signal,pertrace_tau13_embed5
monkeyM_session-o080919001-6_lfp-7,M,o080919001-6,7,movement,delay,torus_geometry_15,ok,0.5149253731343284,0.5144927536231885,2,268,134,13,13.0,5,pertrace_unsupervised_movement_signal,pertrace_tau13_embed5
monkeyM_session-o080919001-6_lfp-7,M,o080919001-6,7,movement,condition,torus_geometry_15,ok,0.10416666666666667,0.09692221738397076,12,240,20,13,13.0,5,pertrace_unsupervised_movement_signal,pertrace_tau13_embed5
monkeyM_session-o080919001-6_lfp-7,M,o080919001-6,7,post_go,direction,torus_geometry_15,ok,0.19318181818181818,0.1902875806255361,6,264,44,13,13.0,5,pertrace_unsupervised_movement_signal,pertrace_tau13_embed5
monkeyM_session-o080919001-6_lfp-7,M,o080919001-6,7,post_go,delay,torus_geometry_15,ok,0.5074626865671642,0.5073529411764706,2,268,134,13,13.0,5,pertrace_unsupervised_movement_signal,pertrace_tau13_embed5
monkeyM_session-o080919001-6_lfp-7,M,o080919001-6,7,post_go,condition,torus_geometry_15,ok,0.10833333333333334,0.10384760486299477,12,240,20,13,13.0,5,pertrace_unsupervised_movement_signal,pertrace_tau13_embed5
monkeyM_session-o080919007-12_lfp-5,M,o080919007-12,5,pre_go,direction,torus_geometry_15,ok,0.21705426356589147,0.2070918379098913,6,258,43,17,17.0,7,pertrace_unsupervised_movement_signal,pertrace_tau17_embed7
monkeyM_session-o080919007-12_lfp-5,M,o080919007-12,5,pre_go,delay,torus_geometry_15,ok,0.6183206106870229,0.6168918523717611,2,262,131,17,17.0,7,pertrace_unsupervised_movement_signal,pertrace_tau17_embed7
monkeyM_session-o080919007-12_lfp-5,M,o080919007-12,5,pre_go,condition,torus_geometry_15,ok,0.10416666666666667,0.09390834895263263,12,240,20,17,17.0,7,pertrace_unsupervised_movement_signal,pertrace_tau17_embed7
monkeyM_session-o080919007-12_lfp-5,M,o080919007-12,5,peri_go,direction,torus_geometry_15,ok,0.17054263565891473,0.16493857986440183,6,258,43,17,17.0,7,pertrace_unsupervised_movement_signal,pertrace_tau17_embed7
monkeyM_session-o080919007-12_lfp-5,M,o080919007-12,5,peri_go,delay,torus_geometry_15,ok,0.5954198473282443,0.5939053635140668,2,262,131,17,17.0,7,pertrace_unsupervised_movement_signal,pertrace_tau17_embed7
monkeyM_session-o080919007-12_lfp-5,M,o080919007-12,5,peri_go,condition,torus_geometry_15,ok,0.10416666666666667,0.09682667397252488,12,240,20,17,17.0,7,pertrace_unsupervised_movement_signal,pertrace_tau17_embed7
monkeyM_session-o080919007-12_lfp-5,M,o080919007-12,5,movement,direction,torus_geometry_15,ok,0.17829457364341086,0.16651805033787773,6,258,43,17,17.0,7,pertrace_unsupervised_movement_signal,pertrace_tau17_embed7
monkeyM_session-o080919007-12_lfp-5,M,o080919007-12,5,movement,delay,torus_geometry_15,ok,0.5648854961832062,0.564250700280112,2,262,131,17,17.0,7,pertrace_unsupervised_movement_signal,pertrace_tau17_embed7
monkeyM_session-o080919007-12_lfp-5,M,o080919007-12,5,movement,condition,torus_geometry_15,ok,0.09583333333333334,0.09198460748330811,12,240,20,17,17.0,7,pertrace_unsupervised_movement_signal,pertrace_tau17_embed7
monkeyM_session-o080919007-12_lfp-5,M,o080919007-12,5,post_go,direction,torus_geometry_15,ok,0.16279069767441862,0.16022507605359002,6,258,43,17,17.0,7,pertrace_unsupervised_movement_signal,pertrace_tau17_embed7
monkeyM_session-o080919007-12_lfp-5,M,o080919007-12,5,post_go,delay,torus_geometry_15,ok,0.5687022900763359,0.5672839415951709,2,262,131,17,17.0,7,pertrace_unsupervised_movement_signal,pertrace_tau17_embed7
monkeyM_session-o080919007-12_lfp-5,M,o080919007-12,5,post_go,condition,torus_geometry_15,ok,0.09583333333333334,0.0886116524776257,12,240,20,17,17.0,7,pertrace_unsupervised_movement_signal,pertrace_tau17_embed7
monkeyM_session-o080919007-12_lfp-7,M,o080919007-12,7,pre_go,direction,torus_geometry_15,ok,0.1821705426356589,0.18515876407108248,6,258,43,13,13.0,3,pertrace_unsupervised_movement_signal,pertrace_tau13_embed3
monkeyM_session-o080919007-12_lfp-7,M,o080919007-12,7,pre_go,delay,torus_geometry_15,ok,0.6450381679389313,0.6449916223501129,2,262,131,13,13.0,3,pertrace_unsupervised_movement_signal,pertrace_tau13_embed3
monkeyM_session-o080919007-12_lfp-7,M,o080919007-12,7,pre_go,condition,torus_geometry_15,ok,0.15,0.14815179034349316,12,240,20,13,13.0,3,pertrace_unsupervised_movement_signal,pertrace_tau13_embed3
monkeyM_session-o080919007-12_lfp-7,M,o080919007-12,7,peri_go,direction,torus_geometry_15,ok,0.17829457364341086,0.1764398992219369,6,258,43,13,13.0,3,pertrace_unsupervised_movement_signal,pertrace_tau13_embed3
monkeyM_session-o080919007-12_lfp-7,M,o080919007-12,7,peri_go,delay,torus_geometry_15,ok,0.5267175572519084,0.5253623188405797,2,262,131,13,13.0,3,pertrace_unsupervised_movement_signal,pertrace_tau13_embed3
monkeyM_session-o080919007-12_lfp-7,M,o080919007-12,7,peri_go,condition,torus_geometry_15,ok,0.0625,0.057054356680602526,12,240,20,13,13.0,3,pertrace_unsupervised_movement_signal,pertrace_tau13_embed3
monkeyM_session-o080919007-12_lfp-7,M,o080919007-12,7,movement,direction,torus_geometry_15,ok,0.2054263565891473,0.19642062395520543,6,258,43,13,13.0,3,pertrace_unsupervised_movement_signal,pertrace_tau13_embed3
monkeyM_session-o080919007-12_lfp-7,M,o080919007-12,7,movement,delay,torus_geometry_15,ok,0.5,0.4996428311101392,2,262,131,13,13.0,3,pertrace_unsupervised_movement_signal,pertrace_tau13_embed3
monkeyM_session-o080919007-12_lfp-7,M,o080919007-12,7,movement,condition,torus_geometry_15,ok,0.10416666666666667,0.09648596361290818,12,240,20,13,13.0,3,pertrace_unsupervised_movement_signal,pertrace_tau13_embed3
monkeyM_session-o080919007-12_lfp-7,M,o080919007-12,7,post_go,direction,torus_geometry_15,ok,0.2131782945736434,0.21114120947881063,6,258,43,13,13.0,3,pertrace_unsupervised_movement_signal,pertrace_tau13_embed3
monkeyM_session-o080919007-12_lfp-7,M,o080919007-12,7,post_go,delay,torus_geometry_15,ok,0.4770992366412214,0.47690872790335037,2,262,131,13,13.0,3,pertrace_unsupervised_movement_signal,pertrace_tau13_embed3
monkeyM_session-o080919007-12_lfp-7,M,o080919007-12,7,post_go,condition,torus_geometry_15,ok,0.0875,0.08462670152262991,12,240,20,13,13.0,3,pertrace_unsupervised_movement_signal,pertrace_tau13_embed3
monkeyM_session-o080925002-6_lfp-6,M,o080925002-6,6,pre_go,direction,torus_geometry_15,ok,0.1712962962962963,0.16167404358745927,6,216,36,21,21.0,5,pertrace_unsupervised_movement_signal,pertrace_tau21_embed5
monkeyM_session-o080925002-6_lfp-6,M,o080925002-6,6,pre_go,delay,torus_geometry_15,ok,0.545045045045045,0.5450358135665443,2,222,111,21,21.0,5,pertrace_unsupervised_movement_signal,pertrace_tau21_embed5
monkeyM_session-o080925002-6_lfp-6,M,o080925002-6,6,pre_go,condition,torus_geometry_15,ok,0.10416666666666667,0.08377568703226597,12,192,16,21,21.0,5,pertrace_unsupervised_movement_signal,pertrace_tau21_embed5
monkeyM_session-o080925002-6_lfp-6,M,o080925002-6,6,peri_go,direction,torus_geometry_15,ok,0.1388888888888889,0.12650383368125304,6,216,36,21,21.0,5,pertrace_unsupervised_movement_signal,pertrace_tau21_embed5
monkeyM_session-o080925002-6_lfp-6,M,o080925002-6,6,peri_go,delay,torus_geometry_15,ok,0.4864864864864865,0.48644480519480515,2,222,111,21,21.0,5,pertrace_unsupervised_movement_signal,pertrace_tau21_embed5
monkeyM_session-o080925002-6_lfp-6,M,o080925002-6,6,peri_go,condition,torus_geometry_15,ok,0.125,0.09922842522021728,12,192,16,21,21.0,5,pertrace_unsupervised_movement_signal,pertrace_tau21_embed5
monkeyM_session-o080925002-6_lfp-6,M,o080925002-6,6,movement,direction,torus_geometry_15,ok,0.2361111111111111,0.23374371206649688,6,216,36,21,21.0,5,pertrace_unsupervised_movement_signal,pertrace_tau21_embed5
monkeyM_session-o080925002-6_lfp-6,M,o080925002-6,6,movement,delay,torus_geometry_15,ok,0.5855855855855856,0.5834217182018439,2,222,111,21,21.0,5,pertrace_unsupervised_movement_signal,pertrace_tau21_embed5
monkeyM_session-o080925002-6_lfp-6,M,o080925002-6,6,movement,condition,torus_geometry_15,ok,0.11458333333333333,0.1052377232452781,12,192,16,21,21.0,5,pertrace_unsupervised_movement_signal,pertrace_tau21_embed5
monkeyM_session-o080925002-6_lfp-6,M,o080925002-6,6,post_go,direction,torus_geometry_15,ok,0.14814814814814814,0.14217802707846353,6,216,36,21,21.0,5,pertrace_unsupervised_movement_signal,pertrace_tau21_embed5
monkeyM_session-o080925002-6_lfp-6,M,o080925002-6,6,post_go,delay,torus_geometry_15,ok,0.5855855855855856,0.5854510026792239,2,222,111,21,21.0,5,pertrace_unsupervised_movement_signal,pertrace_tau21_embed5
monkeyM_session-o080925002-6_lfp-6,M,o080925002-6,6,post_go,condition,torus_geometry_15,ok,0.125,0.11468735318676158,12,192,16,21,21.0,5,pertrace_unsupervised_movement_signal,pertrace_tau21_embed5
monkeyM_session-o080925002-6_lfp-7,M,o080925002-6,7,pre_go,direction,torus_geometry_15,ok,0.1388888888888889,0.1359525212973489,6,216,36,29,29.0,7,pertrace_unsupervised_movement_signal,pertrace_tau29_embed7
monkeyM_session-o080925002-6_lfp-7,M,o080925002-6,7,pre_go,delay,torus_geometry_15,ok,0.5315315315315315,0.5301587301587302,2,222,111,29,29.0,7,pertrace_unsupervised_movement_signal,pertrace_tau29_embed7
monkeyM_session-o080925002-6_lfp-7,M,o080925002-6,7,pre_go,condition,torus_geometry_15,ok,0.10416666666666667,0.09182389104989724,12,192,16,29,29.0,7,pertrace_unsupervised_movement_signal,pertrace_tau29_embed7
monkeyM_session-o080925002-6_lfp-7,M,o080925002-6,7,peri_go,direction,torus_geometry_15,ok,0.17592592592592593,0.16397151204385255,6,216,36,29,29.0,7,pertrace_unsupervised_movement_signal,pertrace_tau29_embed7
monkeyM_session-o080925002-6_lfp-7,M,o080925002-6,7,peri_go,delay,torus_geometry_15,ok,0.5540540540540541,0.5540450053771078,2,222,111,29,29.0,7,pertrace_unsupervised_movement_signal,pertrace_tau29_embed7
monkeyM_session-o080925002-6_lfp-7,M,o080925002-6,7,peri_go,condition,torus_geometry_15,ok,0.08333333333333333,0.0731715362616228,12,192,16,29,29.0,7,pertrace_unsupervised_movement_signal,pertrace_tau29_embed7
monkeyM_session-o080925002-6_lfp-7,M,o080925002-6,7,movement,direction,torus_geometry_15,ok,0.18518518518518517,0.17817424820852934,6,216,36,29,29.0,7,pertrace_unsupervised_movement_signal,pertrace_tau29_embed7
monkeyM_session-o080925002-6_lfp-7,M,o080925002-6,7,movement,delay,torus_geometry_15,ok,0.6216216216216216,0.6213450292397661,2,222,111,29,29.0,7,pertrace_unsupervised_movement_signal,pertrace_tau29_embed7
monkeyM_session-o080925002-6_lfp-7,M,o080925002-6,7,movement,condition,torus_geometry_15,ok,0.09375,0.08634164730655958,12,192,16,29,29.0,7,pertrace_unsupervised_movement_signal,pertrace_tau29_embed7
monkeyM_session-o080925002-6_lfp-7,M,o080925002-6,7,post_go,direction,torus_geometry_15,ok,0.20833333333333334,0.20347567928285804,6,216,36,29,29.0,7,pertrace_unsupervised_movement_signal,pertrace_tau29_embed7
monkeyM_session-o080925002-6_lfp-7,M,o080925002-6,7,post_go,delay,torus_geometry_15,ok,0.5900900900900901,0.5900152207001521,2,222,111,29,29.0,7,pertrace_unsupervised_movement_signal,pertrace_tau29_embed7
monkeyM_session-o080925002-6_lfp-7,M,o080925002-6,7,post_go,condition,torus_geometry_15,ok,0.057291666666666664,0.04890951959917478,12,192,16,29,29.0,7,pertrace_unsupervised_movement_signal,pertrace_tau29_embed7
monkeyM_session-o080925007-12_lfp-6,M,o080925007-12,6,pre_go,direction,torus_geometry_15,ok,0.18478260869565216,0.18075742987485396,6,276,46,17,17.0,7,pertrace_unsupervised_movement_signal,pertrace_tau17_embed7
monkeyM_session-o080925007-12_lfp-6,M,o080925007-12,6,pre_go,delay,torus_geometry_15,ok,0.5780141843971631,0.5768168577157342,2,282,141,17,17.0,7,pertrace_unsupervised_movement_signal,pertrace_tau17_embed7
monkeyM_session-o080925007-12_lfp-6,M,o080925007-12,6,pre_go,condition,torus_geometry_15,ok,0.056818181818181816,0.052822652319314455,12,264,22,17,17.0,7,pertrace_unsupervised_movement_signal,pertrace_tau17_embed7
monkeyM_session-o080925007-12_lfp-6,M,o080925007-12,6,peri_go,direction,torus_geometry_15,ok,0.17753623188405798,0.17194970402662055,6,276,46,17,17.0,7,pertrace_unsupervised_movement_signal,pertrace_tau17_embed7
monkeyM_session-o080925007-12_lfp-6,M,o080925007-12,6,peri_go,delay,torus_geometry_15,ok,0.5815602836879432,0.5814760778789556,2,282,141,17,17.0,7,pertrace_unsupervised_movement_signal,pertrace_tau17_embed7
monkeyM_session-o080925007-12_lfp-6,M,o080925007-12,6,peri_go,condition,torus_geometry_15,ok,0.12121212121212122,0.11004546332653627,12,264,22,17,17.0,7,pertrace_unsupervised_movement_signal,pertrace_tau17_embed7
monkeyM_session-o080925007-12_lfp-6,M,o080925007-12,6,movement,direction,torus_geometry_15,ok,0.18840579710144928,0.18467155203022553,6,276,46,17,17.0,7,pertrace_unsupervised_movement_signal,pertrace_tau17_embed7
monkeyM_session-o080925007-12_lfp-6,M,o080925007-12,6,movement,delay,torus_geometry_15,ok,0.5815602836879432,0.5815392354124749,2,282,141,17,17.0,7,pertrace_unsupervised_movement_signal,pertrace_tau17_embed7
monkeyM_session-o080925007-12_lfp-6,M,o080925007-12,6,movement,condition,torus_geometry_15,ok,0.11742424242424243,0.11118889557018864,12,264,22,17,17.0,7,pertrace_unsupervised_movement_signal,pertrace_tau17_embed7
monkeyM_session-o080925007-12_lfp-6,M,o080925007-12,6,post_go,direction,torus_geometry_15,ok,0.20652173913043478,0.1986554791506482,6,276,46,17,17.0,7,pertrace_unsupervised_movement_signal,pertrace_tau17_embed7
monkeyM_session-o080925007-12_lfp-6,M,o080925007-12,6,post_go,delay,torus_geometry_15,ok,0.5815602836879432,0.5815602836879432,2,282,141,17,17.0,7,pertrace_unsupervised_movement_signal,pertrace_tau17_embed7
monkeyM_session-o080925007-12_lfp-6,M,o080925007-12,6,post_go,condition,torus_geometry_15,ok,0.10984848484848485,0.09197501589094344,12,264,22,17,17.0,7,pertrace_unsupervised_movement_signal,pertrace_tau17_embed7
monkeyM_session-o080925007-12_lfp-7,M,o080925007-12,7,pre_go,direction,torus_geometry_15,ok,0.18840579710144928,0.185512220712695,6,276,46,25,25.0,7,pertrace_unsupervised_movement_signal,pertrace_tau25_embed7
monkeyM_session-o080925007-12_lfp-7,M,o080925007-12,7,pre_go,delay,torus_geometry_15,ok,0.5673758865248227,0.566831184528606,2,282,141,25,25.0,7,pertrace_unsupervised_movement_signal,pertrace_tau25_embed7
monkeyM_session-o080925007-12_lfp-7,M,o080925007-12,7,pre_go,condition,torus_geometry_15,ok,0.08333333333333333,0.07955959961097962,12,264,22,25,25.0,7,pertrace_unsupervised_movement_signal,pertrace_tau25_embed7
monkeyM_session-o080925007-12_lfp-7,M,o080925007-12,7,peri_go,direction,torus_geometry_15,ok,0.17391304347826086,0.16863017973462271,6,276,46,25,25.0,7,pertrace_unsupervised_movement_signal,pertrace_tau25_embed7
monkeyM_session-o080925007-12_lfp-7,M,o080925007-12,7,peri_go,delay,torus_geometry_15,ok,0.5673758865248227,0.567354124748491,2,282,141,25,25.0,7,pertrace_unsupervised_movement_signal,pertrace_tau25_embed7
monkeyM_session-o080925007-12_lfp-7,M,o080925007-12,7,peri_go,condition,torus_geometry_15,ok,0.10606060606060606,0.09971813468887392,12,264,22,25,25.0,7,pertrace_unsupervised_movement_signal,pertrace_tau25_embed7
monkeyM_session-o080925007-12_lfp-7,M,o080925007-12,7,movement,direction,torus_geometry_15,ok,0.18840579710144928,0.1794197902126291,6,276,46,25,25.0,7,pertrace_unsupervised_movement_signal,pertrace_tau25_embed7
monkeyM_session-o080925007-12_lfp-7,M,o080925007-12,7,movement,delay,torus_geometry_15,ok,0.5780141843971631,0.5777540106951872,2,282,141,25,25.0,7,pertrace_unsupervised_movement_signal,pertrace_tau25_embed7
monkeyM_session-o080925007-12_lfp-7,M,o080925007-12,7,movement,condition,torus_geometry_15,ok,0.10984848484848485,0.09223792330425318,12,264,22,25,25.0,7,pertrace_unsupervised_movement_signal,pertrace_tau25_embed7
monkeyM_session-o080925007-12_lfp-7,M,o080925007-12,7,post_go,direction,torus_geometry_15,ok,0.22826086956521738,0.23076308906265786,6,276,46,25,25.0,7,pertrace_unsupervised_movement_signal,pertrace_tau25_embed7
monkeyM_session-o080925007-12_lfp-7,M,o080925007-12,7,post_go,delay,torus_geometry_15,ok,0.5886524822695035,0.5886317907444668,2,282,141,25,25.0,7,pertrace_unsupervised_movement_signal,pertrace_tau25_embed7
monkeyM_session-o080925007-12_lfp-7,M,o080925007-12,7,post_go,condition,torus_geometry_15,ok,0.08712121212121213,0.08153537305310758,12,264,22,25,25.0,7,pertrace_unsupervised_movement_signal,pertrace_tau25_embed7
monkeyM_session-o080926001-6_lfp-5,M,o080926001-6,5,pre_go,direction,torus_geometry_15,ok,0.16176470588235295,0.14820738014472032,6,204,34,31,31.0,9,pertrace_unsupervised_movement_signal,pertrace_tau31_embed9
monkeyM_session-o080926001-6_lfp-5,M,o080926001-6,5,pre_go,delay,torus_geometry_15,ok,0.5436893203883495,0.5435172088637436,2,206,103,31,31.0,9,pertrace_unsupervised_movement_signal,pertrace_tau31_embed9
monkeyM_session-o080926001-6_lfp-5,M,o080926001-6,5,pre_go,condition,torus_geometry_15,ok,0.1111111111111111,0.09611274853272755,12,180,15,31,31.0,9,pertrace_unsupervised_movement_signal,pertrace_tau31_embed9
monkeyM_session-o080926001-6_lfp-5,M,o080926001-6,5,peri_go,direction,torus_geometry_15,ok,0.1715686274509804,0.16864801864801868,6,204,34,31,31.0,9,pertrace_unsupervised_movement_signal,pertrace_tau31_embed9
monkeyM_session-o080926001-6_lfp-5,M,o080926001-6,5,peri_go,delay,torus_geometry_15,ok,0.5436893203883495,0.5436463046757165,2,206,103,31,31.0,9,pertrace_unsupervised_movement_signal,pertrace_tau31_embed9
monkeyM_session-o080926001-6_lfp-5,M,o080926001-6,5,peri_go,condition,torus_geometry_15,ok,0.06666666666666667,0.05844483340110792,12,180,15,31,31.0,9,pertrace_unsupervised_movement_signal,pertrace_tau31_embed9
monkeyM_session-o080926001-6_lfp-5,M,o080926001-6,5,movement,direction,torus_geometry_15,ok,0.17647058823529413,0.16769333970120437,6,204,34,31,31.0,9,pertrace_unsupervised_movement_signal,pertrace_tau31_embed9
monkeyM_session-o080926001-6_lfp-5,M,o080926001-6,5,movement,delay,torus_geometry_15,ok,0.6456310679611651,0.6454221782084837,2,206,103,31,31.0,9,pertrace_unsupervised_movement_signal,pertrace_tau31_embed9
monkeyM_session-o080926001-6_lfp-5,M,o080926001-6,5,movement,condition,torus_geometry_15,ok,0.11666666666666667,0.1080753825139034,12,180,15,31,31.0,9,pertrace_unsupervised_movement_signal,pertrace_tau31_embed9
monkeyM_session-o080926001-6_lfp-5,M,o080926001-6,5,post_go,direction,torus_geometry_15,ok,0.1323529411764706,0.13492095935668444,6,204,34,31,31.0,9,pertrace_unsupervised_movement_signal,pertrace_tau31_embed9
monkeyM_session-o080926001-6_lfp-5,M,o080926001-6,5,post_go,delay,torus_geometry_15,ok,0.6359223300970874,0.6357077173374832,2,206,103,31,31.0,9,pertrace_unsupervised_movement_signal,pertrace_tau31_embed9
monkeyM_session-o080926001-6_lfp-5,M,o080926001-6,5,post_go,condition,torus_geometry_15,ok,0.1111111111111111,0.11003530878123989,12,180,15,31,31.0,9,pertrace_unsupervised_movement_signal,pertrace_tau31_embed9
monkeyM_session-o080926007-11_lfp-5,M,o080926007-11,5,pre_go,direction,torus_geometry_15,ok,0.1981981981981982,0.18883297305717414,6,222,37,13,13.0,9,pertrace_unsupervised_movement_signal,pertrace_tau13_embed9
monkeyM_session-o080926007-11_lfp-5,M,o080926007-11,5,pre_go,delay,torus_geometry_15,ok,0.7631578947368421,0.7628659476117103,2,228,114,13,13.0,9,pertrace_unsupervised_movement_signal,pertrace_tau13_embed9
monkeyM_session-o080926007-11_lfp-5,M,o080926007-11,5,pre_go,condition,torus_geometry_15,ok,0.21568627450980393,0.20042363043164937,12,204,17,13,13.0,9,pertrace_unsupervised_movement_signal,pertrace_tau13_embed9
monkeyM_session-o080926007-11_lfp-5,M,o080926007-11,5,peri_go,direction,torus_geometry_15,ok,0.11261261261261261,0.1041620082340045,6,222,37,13,13.0,9,pertrace_unsupervised_movement_signal,pertrace_tau13_embed9
monkeyM_session-o080926007-11_lfp-5,M,o080926007-11,5,peri_go,delay,torus_geometry_15,ok,0.6052631578947368,0.6052631578947368,2,228,114,13,13.0,9,pertrace_unsupervised_movement_signal,pertrace_tau13_embed9
monkeyM_session-o080926007-11_lfp-5,M,o080926007-11,5,peri_go,condition,torus_geometry_15,ok,0.049019607843137254,0.041219424008048795,12,204,17,13,13.0,9,pertrace_unsupervised_movement_signal,pertrace_tau13_embed9
monkeyM_session-o080926007-11_lfp-5,M,o080926007-11,5,movement,direction,torus_geometry_15,ok,0.15315315315315314,0.14893703175627737,6,222,37,13,13.0,9,pertrace_unsupervised_movement_signal,pertrace_tau13_embed9
monkeyM_session-o080926007-11_lfp-5,M,o080926007-11,5,movement,delay,torus_geometry_15,ok,0.6008771929824561,0.5999460116075044,2,228,114,13,13.0,9,pertrace_unsupervised_movement_signal,pertrace_tau13_embed9
monkeyM_session-o080926007-11_lfp-5,M,o080926007-11,5,movement,condition,torus_geometry_15,ok,0.08333333333333333,0.07168932432090326,12,204,17,13,13.0,9,pertrace_unsupervised_movement_signal,pertrace_tau13_embed9
monkeyM_session-o080926007-11_lfp-5,M,o080926007-11,5,post_go,direction,torus_geometry_15,ok,0.18018018018018017,0.17807963367995597,6,222,37,13,13.0,9,pertrace_unsupervised_movement_signal,pertrace_tau13_embed9
monkeyM_session-o080926007-11_lfp-5,M,o080926007-11,5,post_go,delay,torus_geometry_15,ok,0.5833333333333334,0.5833253178923878,2,228,114,13,13.0,9,pertrace_unsupervised_movement_signal,pertrace_tau13_embed9
monkeyM_session-o080926007-11_lfp-5,M,o080926007-11,5,post_go,condition,torus_geometry_15,ok,0.08823529411764706,0.0782396871328672,12,204,17,13,13.0,9,pertrace_unsupervised_movement_signal,pertrace_tau13_embed9
monkeyM_session-o080926007-11_lfp-6,M,o080926007-11,6,pre_go,direction,torus_geometry_15,ok,0.13963963963963963,0.13670516124185508,6,222,37,13,13.0,9,pertrace_unsupervised_movement_signal,pertrace_tau13_embed9
monkeyM_session-o080926007-11_lfp-6,M,o080926007-11,6,pre_go,delay,torus_geometry_15,ok,0.7631578947368421,0.7631578947368421,2,228,114,13,13.0,9,pertrace_unsupervised_movement_signal,pertrace_tau13_embed9
monkeyM_session-o080926007-11_lfp-6,M,o080926007-11,6,pre_go,condition,torus_geometry_15,ok,0.16176470588235295,0.14765829535372715,12,204,17,13,13.0,9,pertrace_unsupervised_movement_signal,pertrace_tau13_embed9
monkeyM_session-o080926007-11_lfp-6,M,o080926007-11,6,peri_go,direction,torus_geometry_15,ok,0.1981981981981982,0.19088656898333375,6,222,37,13,13.0,9,pertrace_unsupervised_movement_signal,pertrace_tau13_embed9
monkeyM_session-o080926007-11_lfp-6,M,o080926007-11,6,peri_go,delay,torus_geometry_15,ok,0.5833333333333334,0.5826830819027802,2,228,114,13,13.0,9,pertrace_unsupervised_movement_signal,pertrace_tau13_embed9
monkeyM_session-o080926007-11_lfp-6,M,o080926007-11,6,peri_go,condition,torus_geometry_15,ok,0.09313725490196079,0.0856228357809345,12,204,17,13,13.0,9,pertrace_unsupervised_movement_signal,pertrace_tau13_embed9
monkeyM_session-o080926007-11_lfp-6,M,o080926007-11,6,movement,direction,torus_geometry_15,ok,0.13063063063063063,0.12936512854351837,6,222,37,13,13.0,9,pertrace_unsupervised_movement_signal,pertrace_tau13_embed9
monkeyM_session-o080926007-11_lfp-6,M,o080926007-11,6,movement,delay,torus_geometry_15,ok,0.543859649122807,0.5432973805855161,2,228,114,13,13.0,9,pertrace_unsupervised_movement_signal,pertrace_tau13_embed9
monkeyM_session-o080926007-11_lfp-6,M,o080926007-11,6,movement,condition,torus_geometry_15,ok,0.07352941176470588,0.0712527216006852,12,204,17,13,13.0,9,pertrace_unsupervised_movement_signal,pertrace_tau13_embed9
monkeyM_session-o080926007-11_lfp-6,M,o080926007-11,6,post_go,direction,torus_geometry_15,ok,0.2072072072072072,0.20344657175767356,6,222,37,13,13.0,9,pertrace_unsupervised_movement_signal,pertrace_tau13_embed9
monkeyM_session-o080926007-11_lfp-6,M,o080926007-11,6,post_go,delay,torus_geometry_15,ok,0.5789473684210527,0.5789473684210527,2,228,114,13,13.0,9,pertrace_unsupervised_movement_signal,pertrace_tau13_embed9
monkeyM_session-o080926007-11_lfp-6,M,o080926007-11,6,post_go,condition,torus_geometry_15,ok,0.058823529411764705,0.05608325284795873,12,204,17,13,13.0,9,pertrace_unsupervised_movement_signal,pertrace_tau13_embed9
monkeyM_session-o080930001-5_lfp-1,M,o080930001-5,1,pre_go,direction,torus_geometry_15,ok,0.14814814814814814,0.14010804659548085,6,216,36,11,11.0,3,pertrace_unsupervised_movement_signal,pertrace_tau11_embed3
monkeyM_session-o080930001-5_lfp-1,M,o080930001-5,1,pre_go,delay,torus_geometry_15,ok,0.8125,0.8124401913875599,2,224,112,11,11.0,3,pertrace_unsupervised_movement_signal,pertrace_tau11_embed3
monkeyM_session-o080930001-5_lfp-1,M,o080930001-5,1,pre_go,condition,torus_geometry_15,ok,0.16203703703703703,0.15731319417215786,12,216,18,11,11.0,3,pertrace_unsupervised_movement_signal,pertrace_tau11_embed3
monkeyM_session-o080930001-5_lfp-1,M,o080930001-5,1,peri_go,direction,torus_geometry_15,ok,0.10648148148148148,0.10032780479923391,6,216,36,11,11.0,3,pertrace_unsupervised_movement_signal,pertrace_tau11_embed3
monkeyM_session-o080930001-5_lfp-1,M,o080930001-5,1,peri_go,delay,torus_geometry_15,ok,0.47767857142857145,0.47758486654573723,2,224,112,11,11.0,3,pertrace_unsupervised_movement_signal,pertrace_tau11_embed3
monkeyM_session-o080930001-5_lfp-1,M,o080930001-5,1,peri_go,condition,torus_geometry_15,ok,0.06481481481481481,0.05937158151535558,12,216,18,11,11.0,3,pertrace_unsupervised_movement_signal,pertrace_tau11_embed3
monkeyM_session-o080930001-5_lfp-1,M,o080930001-5,1,movement,direction,torus_geometry_15,ok,0.18981481481481483,0.18371576103182682,6,216,36,11,11.0,3,pertrace_unsupervised_movement_signal,pertrace_tau11_embed3
monkeyM_session-o080930001-5_lfp-1,M,o080930001-5,1,movement,delay,torus_geometry_15,ok,0.5,0.4999601371282787,2,224,112,11,11.0,3,pertrace_unsupervised_movement_signal,pertrace_tau11_embed3
monkeyM_session-o080930001-5_lfp-1,M,o080930001-5,1,movement,condition,torus_geometry_15,ok,0.125,0.11540504667835083,12,216,18,11,11.0,3,pertrace_unsupervised_movement_signal,pertrace_tau11_embed3
monkeyM_session-o080930001-5_lfp-1,M,o080930001-5,1,post_go,direction,torus_geometry_15,ok,0.14814814814814814,0.14855584283501902,6,216,36,11,11.0,3,pertrace_unsupervised_movement_signal,pertrace_tau11_embed3
monkeyM_session-o080930001-5_lfp-1,M,o080930001-5,1,post_go,delay,torus_geometry_15,ok,0.46875,0.4678910070865356,2,224,112,11,11.0,3,pertrace_unsupervised_movement_signal,pertrace_tau11_embed3
monkeyM_session-o080930001-5_lfp-1,M,o080930001-5,1,post_go,condition,torus_geometry_15,ok,0.046296296296296294,0.04577504349207386,12,216,18,11,11.0,3,pertrace_unsupervised_movement_signal,pertrace_tau11_embed3
monkeyM_session-o081001001-12_lfp-1,M,o081001001-12,1,pre_go,direction,torus_geometry_15,ok,0.11538461538461539,0.11377042896700303,6,234,39,19,19.0,7,pertrace_unsupervised_movement_signal,pertrace_tau19_embed7
monkeyM_session-o081001001-12_lfp-1,M,o081001001-12,1,pre_go,delay,torus_geometry_15,ok,0.6554621848739496,0.6554378531073446,2,238,119,19,19.0,7,pertrace_unsupervised_movement_signal,pertrace_tau19_embed7
monkeyM_session-o081001001-12_lfp-1,M,o081001001-12,1,pre_go,condition,torus_geometry_15,ok,0.10087719298245613,0.09178644211538949,12,228,19,19,19.0,7,pertrace_unsupervised_movement_signal,pertrace_tau19_embed7
monkeyM_session-o081001001-12_lfp-1,M,o081001001-12,1,peri_go,direction,torus_geometry_15,ok,0.1623931623931624,0.1555852682682866,6,234,39,19,19.0,7,pertrace_unsupervised_movement_signal,pertrace_tau19_embed7
monkeyM_session-o081001001-12_lfp-1,M,o081001001-12,1,peri_go,delay,torus_geometry_15,ok,0.4411764705882353,0.44116660487615417,2,238,119,19,19.0,7,pertrace_unsupervised_movement_signal,pertrace_tau19_embed7
monkeyM_session-o081001001-12_lfp-1,M,o081001001-12,1,peri_go,condition,torus_geometry_15,ok,0.09649122807017543,0.08622711175503739,12,228,19,19,19.0,7,pertrace_unsupervised_movement_signal,pertrace_tau19_embed7
monkeyM_session-o081001001-12_lfp-1,M,o081001001-12,1,movement,direction,torus_geometry_15,ok,0.1794871794871795,0.17752795655608955,6,234,39,19,19.0,7,pertrace_unsupervised_movement_signal,pertrace_tau19_embed7
monkeyM_session-o081001001-12_lfp-1,M,o081001001-12,1,movement,delay,torus_geometry_15,ok,0.4831932773109244,0.4831111503487243,2,238,119,19,19.0,7,pertrace_unsupervised_movement_signal,pertrace_tau19_embed7
monkeyM_session-o081001001-12_lfp-1,M,o081001001-12,1,movement,condition,torus_geometry_15,ok,0.07017543859649122,0.07055282680659813,12,228,19,19,19.0,7,pertrace_unsupervised_movement_signal,pertrace_tau19_embed7
monkeyM_session-o081001001-12_lfp-1,M,o081001001-12,1,post_go,direction,torus_geometry_15,ok,0.20085470085470086,0.17082212225242968,6,234,39,19,19.0,7,pertrace_unsupervised_movement_signal,pertrace_tau19_embed7
monkeyM_session-o081001001-12_lfp-1,M,o081001001-12,1,post_go,delay,torus_geometry_15,ok,0.4957983193277311,0.4957627118644068,2,238,119,19,19.0,7,pertrace_unsupervised_movement_signal,pertrace_tau19_embed7
monkeyM_session-o081001001-12_lfp-1,M,o081001001-12,1,post_go,condition,torus_geometry_15,ok,0.11403508771929824,0.10540408010926879,12,228,19,19,19.0,7,pertrace_unsupervised_movement_signal,pertrace_tau19_embed7
monkeyM_session-o081001001-12_lfp-3,M,o081001001-12,3,pre_go,direction,torus_geometry_15,ok,0.1111111111111111,0.1055806451467262,6,234,39,30,30.0,7,pertrace_unsupervised_movement_signal,pertrace_tau30_embed7
monkeyM_session-o081001001-12_lfp-3,M,o081001001-12,3,pre_go,delay,torus_geometry_15,ok,0.592436974789916,0.5918533316832558,2,238,119,30,30.0,7,pertrace_unsupervised_movement_signal,pertrace_tau30_embed7
monkeyM_session-o081001001-12_lfp-3,M,o081001001-12,3,pre_go,condition,torus_geometry_15,ok,0.10964912280701754,0.09743241096760764,12,228,19,30,30.0,7,pertrace_unsupervised_movement_signal,pertrace_tau30_embed7
monkeyM_session-o081001001-12_lfp-3,M,o081001001-12,3,peri_go,direction,torus_geometry_15,ok,0.16666666666666666,0.16279446504165607,6,234,39,30,30.0,7,pertrace_unsupervised_movement_signal,pertrace_tau30_embed7
monkeyM_session-o081001001-12_lfp-3,M,o081001001-12,3,peri_go,delay,torus_geometry_15,ok,0.5,0.4989296392618934,2,238,119,30,30.0,7,pertrace_unsupervised_movement_signal,pertrace_tau30_embed7
monkeyM_session-o081001001-12_lfp-3,M,o081001001-12,3,peri_go,condition,torus_geometry_15,ok,0.07894736842105263,0.07474004641957831,12,228,19,30,30.0,7,pertrace_unsupervised_movement_signal,pertrace_tau30_embed7
monkeyM_session-o081001001-12_lfp-3,M,o081001001-12,3,movement,direction,torus_geometry_15,ok,0.1581196581196581,0.15122679158469957,6,234,39,30,30.0,7,pertrace_unsupervised_movement_signal,pertrace_tau30_embed7
monkeyM_session-o081001001-12_lfp-3,M,o081001001-12,3,movement,delay,torus_geometry_15,ok,0.5546218487394958,0.554590395480226,2,238,119,30,30.0,7,pertrace_unsupervised_movement_signal,pertrace_tau30_embed7
monkeyM_session-o081001001-12_lfp-3,M,o081001001-12,3,movement,condition,torus_geometry_15,ok,0.07456140350877193,0.07065171710372696,12,228,19,30,30.0,7,pertrace_unsupervised_movement_signal,pertrace_tau30_embed7
monkeyM_session-o081001001-12_lfp-3,M,o081001001-12,3,post_go,direction,torus_geometry_15,ok,0.15384615384615385,0.15211781682369918,6,234,39,30,30.0,7,pertrace_unsupervised_movement_signal,pertrace_tau30_embed7
monkeyM_session-o081001001-12_lfp-3,M,o081001001-12,3,post_go,delay,torus_geometry_15,ok,0.5630252100840336,0.5627473148671566,2,238,119,30,30.0,7,pertrace_unsupervised_movement_signal,pertrace_tau30_embed7
monkeyM_session-o081001001-12_lfp-3,M,o081001001-12,3,post_go,condition,torus_geometry_15,ok,0.08333333333333333,0.07245082496938275,12,228,19,30,30.0,7,pertrace_unsupervised_movement_signal,pertrace_tau30_embed7
monkeyM_session-o081001013-26_lfp-1,M,o081001013-26,1,pre_go,direction,torus_geometry_15,ok,0.13953488372093023,0.13832165248712125,6,258,43,17,17.0,7,pertrace_unsupervised_movement_signal,pertrace_tau17_embed7
monkeyM_session-o081001013-26_lfp-1,M,o081001013-26,1,pre_go,delay,torus_geometry_15,ok,0.7035714285714286,0.7035676475465248,2,280,140,17,17.0,7,pertrace_unsupervised_movement_signal,pertrace_tau17_embed7
monkeyM_session-o081001013-26_lfp-1,M,o081001013-26,1,pre_go,condition,torus_geometry_15,ok,0.10416666666666667,0.09612184257424655,12,240,20,17,17.0,7,pertrace_unsupervised_movement_signal,pertrace_tau17_embed7
monkeyM_session-o081001013-26_lfp-1,M,o081001013-26,1,peri_go,direction,torus_geometry_15,ok,0.17054263565891473,0.15772985349056554,6,258,43,17,17.0,7,pertrace_unsupervised_movement_signal,pertrace_tau17_embed7
monkeyM_session-o081001013-26_lfp-1,M,o081001013-26,1,peri_go,delay,torus_geometry_15,ok,0.5285714285714286,0.5285473748660645,2,280,140,17,17.0,7,pertrace_unsupervised_movement_signal,pertrace_tau17_embed7
monkeyM_session-o081001013-26_lfp-1,M,o081001013-26,1,peri_go,condition,torus_geometry_15,ok,0.13333333333333333,0.125788529757828,12,240,20,17,17.0,7,pertrace_unsupervised_movement_signal,pertrace_tau17_embed7
monkeyM_session-o081001013-26_lfp-1,M,o081001013-26,1,movement,direction,torus_geometry_15,ok,0.1511627906976744,0.1482342015819272,6,258,43,17,17.0,7,pertrace_unsupervised_movement_signal,pertrace_tau17_embed7
monkeyM_session-o081001013-26_lfp-1,M,o081001013-26,1,movement,delay,torus_geometry_15,ok,0.5392857142857143,0.5388092289227391,2,280,140,17,17.0,7,pertrace_unsupervised_movement_signal,pertrace_tau17_embed7
monkeyM_session-o081001013-26_lfp-1,M,o081001013-26,1,movement,condition,torus_geometry_15,ok,0.09166666666666666,0.09029304648598624,12,240,20,17,17.0,7,pertrace_unsupervised_movement_signal,pertrace_tau17_embed7
monkeyM_session-o081001013-26_lfp-1,M,o081001013-26,1,post_go,direction,torus_geometry_15,ok,0.22093023255813954,0.20331384858940163,6,258,43,17,17.0,7,pertrace_unsupervised_movement_signal,pertrace_tau17_embed7
monkeyM_session-o081001013-26_lfp-1,M,o081001013-26,1,post_go,delay,torus_geometry_15,ok,0.55,0.5488721804511278,2,280,140,17,17.0,7,pertrace_unsupervised_movement_signal,pertrace_tau17_embed7
monkeyM_session-o081001013-26_lfp-1,M,o081001013-26,1,post_go,condition,torus_geometry_15,ok,0.1375,0.13674740825155185,12,240,20,17,17.0,7,pertrace_unsupervised_movement_signal,pertrace_tau17_embed7
monkeyM_session-o081001013-26_lfp-3,M,o081001013-26,3,pre_go,direction,torus_geometry_15,ok,0.1511627906976744,0.15083453322521204,6,258,43,31,31.0,7,pertrace_unsupervised_movement_signal,pertrace_tau31_embed7
monkeyM_session-o081001013-26_lfp-3,M,o081001013-26,3,pre_go,delay,torus_geometry_15,ok,0.65,0.6499821419460177,2,280,140,31,31.0,7,pertrace_unsupervised_movement_signal,pertrace_tau31_embed7
monkeyM_session-o081001013-26_lfp-3,M,o081001013-26,3,pre_go,condition,torus_geometry_15,ok,0.1,0.09703387232628334,12,240,20,31,31.0,7,pertrace_unsupervised_movement_signal,pertrace_tau31_embed7
monkeyM_session-o081001013-26_lfp-3,M,o081001013-26,3,peri_go,direction,torus_geometry_15,ok,0.1511627906976744,0.14109792731034482,6,258,43,31,31.0,7,pertrace_unsupervised_movement_signal,pertrace_tau31_embed7
monkeyM_session-o081001013-26_lfp-3,M,o081001013-26,3,peri_go,delay,torus_geometry_15,ok,0.5964285714285714,0.5961761815420352,2,280,140,31,31.0,7,pertrace_unsupervised_movement_signal,pertrace_tau31_embed7
monkeyM_session-o081001013-26_lfp-3,M,o081001013-26,3,peri_go,condition,torus_geometry_15,ok,0.125,0.1173085988439196,12,240,20,31,31.0,7,pertrace_unsupervised_movement_signal,pertrace_tau31_embed7
monkeyM_session-o081001013-26_lfp-3,M,o081001013-26,3,movement,direction,torus_geometry_15,ok,0.18604651162790697,0.17269403840946032,6,258,43,31,31.0,7,pertrace_unsupervised_movement_signal,pertrace_tau31_embed7
monkeyM_session-o081001013-26_lfp-3,M,o081001013-26,3,movement,delay,torus_geometry_15,ok,0.4607142857142857,0.4601565392816558,2,280,140,31,31.0,7,pertrace_unsupervised_movement_signal,pertrace_tau31_embed7
monkeyM_session-o081001013-26_lfp-3,M,o081001013-26,3,movement,condition,torus_geometry_15,ok,0.0625,0.054733183811197995,12,240,20,31,31.0,7,pertrace_unsupervised_movement_signal,pertrace_tau31_embed7
monkeyM_session-o081001013-26_lfp-3,M,o081001013-26,3,post_go,direction,torus_geometry_15,ok,0.12790697674418605,0.12654320447079145,6,258,43,31,31.0,7,pertrace_unsupervised_movement_signal,pertrace_tau31_embed7
monkeyM_session-o081001013-26_lfp-3,M,o081001013-26,3,post_go,delay,torus_geometry_15,ok,0.5285714285714286,0.5284751990202081,2,280,140,31,31.0,7,pertrace_unsupervised_movement_signal,pertrace_tau31_embed7
monkeyM_session-o081001013-26_lfp-3,M,o081001013-26,3,post_go,condition,torus_geometry_15,ok,0.06666666666666667,0.0637107588630345,12,240,20,31,31.0,7,pertrace_unsupervised_movement_signal,pertrace_tau31_embed7
monkeyM_session-o081002010-22_lfp-2,M,o081002010-22,2,pre_go,direction,torus_geometry_15,ok,0.14285714285714285,0.1433304695665947,6,210,35,19,19.0,7,pertrace_unsupervised_movement_signal,pertrace_tau19_embed7
monkeyM_session-o081002010-22_lfp-2,M,o081002010-22,2,pre_go,delay,torus_geometry_15,ok,0.591743119266055,0.5917345285440734,2,218,109,19,19.0,7,pertrace_unsupervised_movement_signal,pertrace_tau19_embed7
monkeyM_session-o081002010-22_lfp-2,M,o081002010-22,2,pre_go,condition,torus_geometry_15,ok,0.09895833333333333,0.08580154347200575,12,192,16,19,19.0,7,pertrace_unsupervised_movement_signal,pertrace_tau19_embed7
monkeyM_session-o081002010-22_lfp-2,M,o081002010-22,2,peri_go,direction,torus_geometry_15,ok,0.12857142857142856,0.11848633259437145,6,210,35,19,19.0,7,pertrace_unsupervised_movement_signal,pertrace_tau19_embed7
monkeyM_session-o081002010-22_lfp-2,M,o081002010-22,2,peri_go,delay,torus_geometry_15,ok,0.5504587155963303,0.5501179245283019,2,218,109,19,19.0,7,pertrace_unsupervised_movement_signal,pertrace_tau19_embed7
monkeyM_session-o081002010-22_lfp-2,M,o081002010-22,2,peri_go,condition,torus_geometry_15,ok,0.07291666666666667,0.06695526695526695,12,192,16,19,19.0,7,pertrace_unsupervised_movement_signal,pertrace_tau19_embed7
monkeyM_session-o081002010-22_lfp-2,M,o081002010-22,2,movement,direction,torus_geometry_15,ok,0.15714285714285714,0.15121939320745717,6,210,35,19,19.0,7,pertrace_unsupervised_movement_signal,pertrace_tau19_embed7
monkeyM_session-o081002010-22_lfp-2,M,o081002010-22,2,movement,delay,torus_geometry_15,ok,0.41284403669724773,0.41239892183288407,2,218,109,19,19.0,7,pertrace_unsupervised_movement_signal,pertrace_tau19_embed7
monkeyM_session-o081002010-22_lfp-2,M,o081002010-22,2,movement,condition,torus_geometry_15,ok,0.06770833333333333,0.06715251092684353,12,192,16,19,19.0,7,pertrace_unsupervised_movement_signal,pertrace_tau19_embed7
monkeyM_session-o081002010-22_lfp-2,M,o081002010-22,2,post_go,direction,torus_geometry_15,ok,0.12380952380952381,0.11778433207004636,6,210,35,19,19.0,7,pertrace_unsupervised_movement_signal,pertrace_tau19_embed7
monkeyM_session-o081002010-22_lfp-2,M,o081002010-22,2,post_go,delay,torus_geometry_15,ok,0.4724770642201835,0.4723771440597706,2,218,109,19,19.0,7,pertrace_unsupervised_movement_signal,pertrace_tau19_embed7
monkeyM_session-o081002010-22_lfp-2,M,o081002010-22,2,post_go,condition,torus_geometry_15,ok,0.07291666666666667,0.06171917896987806,12,192,16,19,19.0,7,pertrace_unsupervised_movement_signal,pertrace_tau19_embed7
monkeyM_session-o081002023-28_lfp-3,M,o081002023-28,3,pre_go,direction,torus_geometry_15,ok,0.573170731707317,0.5715778474399165,2,82,41,27,27.0,7,pertrace_unsupervised_movement_signal,pertrace_tau27_embed7
monkeyM_session-o081002023-28_lfp-3,M,o081002023-28,3,pre_go,delay,torus_geometry_15,ok,0.625,0.625,2,80,40,27,27.0,7,pertrace_unsupervised_movement_signal,pertrace_tau27_embed7
monkeyM_session-o081002023-28_lfp-3,M,o081002023-28,3,pre_go,condition,torus_geometry_15,ok,0.2875,0.2816514566514567,4,80,20,27,27.0,7,pertrace_unsupervised_movement_signal,pertrace_tau27_embed7
monkeyM_session-o081002023-28_lfp-3,M,o081002023-28,3,peri_go,direction,torus_geometry_15,ok,0.3780487804878049,0.3757277205553068,2,82,41,27,27.0,7,pertrace_unsupervised_movement_signal,pertrace_tau27_embed7
monkeyM_session-o081002023-28_lfp-3,M,o081002023-28,3,peri_go,delay,torus_geometry_15,ok,0.5375,0.5374277230817315,2,80,40,27,27.0,7,pertrace_unsupervised_movement_signal,pertrace_tau27_embed7
monkeyM_session-o081002023-28_lfp-3,M,o081002023-28,3,peri_go,condition,torus_geometry_15,ok,0.175,0.1668903390750822,4,80,20,27,27.0,7,pertrace_unsupervised_movement_signal,pertrace_tau27_embed7
monkeyM_session-o081002023-28_lfp-3,M,o081002023-28,3,movement,direction,torus_geometry_15,ok,0.5365853658536586,0.5340909090909092,2,82,41,27,27.0,7,pertrace_unsupervised_movement_signal,pertrace_tau27_embed7
monkeyM_session-o081002023-28_lfp-3,M,o081002023-28,3,movement,delay,torus_geometry_15,ok,0.55,0.55,2,80,40,27,27.0,7,pertrace_unsupervised_movement_signal,pertrace_tau27_embed7
monkeyM_session-o081002023-28_lfp-3,M,o081002023-28,3,movement,condition,torus_geometry_15,ok,0.3875,0.37626443207821925,4,80,20,27,27.0,7,pertrace_unsupervised_movement_signal,pertrace_tau27_embed7
monkeyM_session-o081002023-28_lfp-3,M,o081002023-28,3,post_go,direction,torus_geometry_15,ok,0.5365853658536586,0.5340909090909092,2,82,41,27,27.0,7,pertrace_unsupervised_movement_signal,pertrace_tau27_embed7
monkeyM_session-o081002023-28_lfp-3,M,o081002023-28,3,post_go,delay,torus_geometry_15,ok,0.525,0.525,2,80,40,27,27.0,7,pertrace_unsupervised_movement_signal,pertrace_tau27_embed7
monkeyM_session-o081002023-28_lfp-3,M,o081002023-28,3,post_go,condition,torus_geometry_15,ok,0.3375,0.3388758599124453,4,80,20,27,27.0,7,pertrace_unsupervised_movement_signal,pertrace_tau27_embed7
monkeyM_session-o081003003-14_lfp-1,M,o081003003-14,1,pre_go,direction,torus_geometry_15,ok,0.18421052631578946,0.17764617622169898,6,228,38,18,18.0,9,pertrace_unsupervised_movement_signal,pertrace_tau18_embed9
monkeyM_session-o081003003-14_lfp-1,M,o081003003-14,1,pre_go,delay,torus_geometry_15,ok,0.6153846153846154,0.6140029325513197,2,234,117,18,18.0,9,pertrace_unsupervised_movement_signal,pertrace_tau18_embed9
monkeyM_session-o081003003-14_lfp-1,M,o081003003-14,1,pre_go,condition,torus_geometry_15,ok,0.1388888888888889,0.14389496425379203,12,216,18,18,18.0,9,pertrace_unsupervised_movement_signal,pertrace_tau18_embed9
monkeyM_session-o081003003-14_lfp-1,M,o081003003-14,1,peri_go,direction,torus_geometry_15,ok,0.20175438596491227,0.19944227250973368,6,228,38,18,18.0,9,pertrace_unsupervised_movement_signal,pertrace_tau18_embed9
monkeyM_session-o081003003-14_lfp-1,M,o081003003-14,1,peri_go,delay,torus_geometry_15,ok,0.5256410256410257,0.5256323623413387,2,234,117,18,18.0,9,pertrace_unsupervised_movement_signal,pertrace_tau18_embed9
monkeyM_session-o081003003-14_lfp-1,M,o081003003-14,1,peri_go,condition,torus_geometry_15,ok,0.08796296296296297,0.07506445884613694,12,216,18,18,18.0,9,pertrace_unsupervised_movement_signal,pertrace_tau18_embed9
monkeyM_session-o081003003-14_lfp-1,M,o081003003-14,1,movement,direction,torus_geometry_15,ok,0.15789473684210525,0.15177052463497478,6,228,38,18,18.0,9,pertrace_unsupervised_movement_signal,pertrace_tau18_embed9
monkeyM_session-o081003003-14_lfp-1,M,o081003003-14,1,movement,delay,torus_geometry_15,ok,0.47435897435897434,0.47427256288015784,2,234,117,18,18.0,9,pertrace_unsupervised_movement_signal,pertrace_tau18_embed9
monkeyM_session-o081003003-14_lfp-1,M,o081003003-14,1,movement,condition,torus_geometry_15,ok,0.06481481481481481,0.059181152563505514,12,216,18,18,18.0,9,pertrace_unsupervised_movement_signal,pertrace_tau18_embed9
monkeyM_session-o081003003-14_lfp-1,M,o081003003-14,1,post_go,direction,torus_geometry_15,ok,0.16666666666666666,0.15511852932067013,6,228,38,18,18.0,9,pertrace_unsupervised_movement_signal,pertrace_tau18_embed9
monkeyM_session-o081003003-14_lfp-1,M,o081003003-14,1,post_go,delay,torus_geometry_15,ok,0.5085470085470085,0.5045567522783762,2,234,117,18,18.0,9,pertrace_unsupervised_movement_signal,pertrace_tau18_embed9
monkeyM_session-o081003003-14_lfp-1,M,o081003003-14,1,post_go,condition,torus_geometry_15,ok,0.05555555555555555,0.04941733277489091,12,216,18,18,18.0,9,pertrace_unsupervised_movement_signal,pertrace_tau18_embed9
monkeyM_session-o081003003-14_lfp-2,M,o081003003-14,2,pre_go,direction,torus_geometry_15,ok,0.11842105263157894,0.11326579198140069,6,228,38,17,17.0,9,pertrace_unsupervised_movement_signal,pertrace_tau17_embed9
monkeyM_session-o081003003-14_lfp-2,M,o081003003-14,2,pre_go,delay,torus_geometry_15,ok,0.5769230769230769,0.5746782455431729,2,234,117,17,17.0,9,pertrace_unsupervised_movement_signal,pertrace_tau17_embed9
monkeyM_session-o081003003-14_lfp-2,M,o081003003-14,2,pre_go,condition,torus_geometry_15,ok,0.06481481481481481,0.05874940968256337,12,216,18,17,17.0,9,pertrace_unsupervised_movement_signal,pertrace_tau17_embed9
monkeyM_session-o081003003-14_lfp-2,M,o081003003-14,2,peri_go,direction,torus_geometry_15,ok,0.16666666666666666,0.15173460087721707,6,228,38,17,17.0,9,pertrace_unsupervised_movement_signal,pertrace_tau17_embed9
monkeyM_session-o081003003-14_lfp-2,M,o081003003-14,2,peri_go,delay,torus_geometry_15,ok,0.5598290598290598,0.5598210209113323,2,234,117,17,17.0,9,pertrace_unsupervised_movement_signal,pertrace_tau17_embed9
monkeyM_session-o081003003-14_lfp-2,M,o081003003-14,2,peri_go,condition,torus_geometry_15,ok,0.0787037037037037,0.06793751096498744,12,216,18,17,17.0,9,pertrace_unsupervised_movement_signal,pertrace_tau17_embed9
monkeyM_session-o081003003-14_lfp-2,M,o081003003-14,2,movement,direction,torus_geometry_15,ok,0.21052631578947367,0.1991610912732058,6,228,38,17,17.0,9,pertrace_unsupervised_movement_signal,pertrace_tau17_embed9
monkeyM_session-o081003003-14_lfp-2,M,o081003003-14,2,movement,delay,torus_geometry_15,ok,0.5170940170940171,0.5138891442228146,2,234,117,17,17.0,9,pertrace_unsupervised_movement_signal,pertrace_tau17_embed9
monkeyM_session-o081003003-14_lfp-2,M,o081003003-14,2,movement,condition,torus_geometry_15,ok,0.08796296296296297,0.08167283651297992,12,216,18,17,17.0,9,pertrace_unsupervised_movement_signal,pertrace_tau17_embed9
monkeyM_session-o081003003-14_lfp-2,M,o081003003-14,2,post_go,direction,torus_geometry_15,ok,0.2149122807017544,0.21470984537190554,6,228,38,17,17.0,9,pertrace_unsupervised_movement_signal,pertrace_tau17_embed9
monkeyM_session-o081003003-14_lfp-2,M,o081003003-14,2,post_go,delay,torus_geometry_15,ok,0.5170940170940171,0.5170851976988402,2,234,117,17,17.0,9,pertrace_unsupervised_movement_signal,pertrace_tau17_embed9
monkeyM_session-o081003003-14_lfp-2,M,o081003003-14,2,post_go,condition,torus_geometry_15,ok,0.06018518518518518,0.05250234261862169,12,216,18,17,17.0,9,pertrace_unsupervised_movement_signal,pertrace_tau17_embed9
monkeyM_session-o081003015-26_lfp-1,M,o081003015-26,1,pre_go,direction,torus_geometry_15,ok,0.16228070175438597,0.15154224548554443,6,228,38,19,19.0,9,pertrace_unsupervised_movement_signal,pertrace_tau19_embed9
monkeyM_session-o081003015-26_lfp-1,M,o081003015-26,1,pre_go,delay,torus_geometry_15,ok,0.7094017094017094,0.7086354647330257,2,234,117,19,19.0,9,pertrace_unsupervised_movement_signal,pertrace_tau19_embed9
monkeyM_session-o081003015-26_lfp-1,M,o081003015-26,1,pre_go,condition,torus_geometry_15,ok,0.09259259259259259,0.08512597963817475,12,216,18,19,19.0,9,pertrace_unsupervised_movement_signal,pertrace_tau19_embed9
monkeyM_session-o081003015-26_lfp-1,M,o081003015-26,1,peri_go,direction,torus_geometry_15,ok,0.20175438596491227,0.19518509475384915,6,228,38,19,19.0,9,pertrace_unsupervised_movement_signal,pertrace_tau19_embed9
monkeyM_session-o081003015-26_lfp-1,M,o081003015-26,1,peri_go,delay,torus_geometry_15,ok,0.5641025641025641,0.5639751552795031,2,234,117,19,19.0,9,pertrace_unsupervised_movement_signal,pertrace_tau19_embed9
monkeyM_session-o081003015-26_lfp-1,M,o081003015-26,1,peri_go,condition,torus_geometry_15,ok,0.09259259259259259,0.07794140613908056,12,216,18,19,19.0,9,pertrace_unsupervised_movement_signal,pertrace_tau19_embed9
monkeyM_session-o081003015-26_lfp-1,M,o081003015-26,1,movement,direction,torus_geometry_15,ok,0.20614035087719298,0.19405886647769421,6,228,38,19,19.0,9,pertrace_unsupervised_movement_signal,pertrace_tau19_embed9
monkeyM_session-o081003015-26_lfp-1,M,o081003015-26,1,movement,delay,torus_geometry_15,ok,0.5427350427350427,0.5425261734665912,2,234,117,19,19.0,9,pertrace_unsupervised_movement_signal,pertrace_tau19_embed9
monkeyM_session-o081003015-26_lfp-1,M,o081003015-26,1,movement,condition,torus_geometry_15,ok,0.13425925925925927,0.12299501719943069,12,216,18,19,19.0,9,pertrace_unsupervised_movement_signal,pertrace_tau19_embed9
monkeyM_session-o081003015-26_lfp-1,M,o081003015-26,1,post_go,direction,torus_geometry_15,ok,0.20175438596491227,0.19622594655523398,6,228,38,19,19.0,9,pertrace_unsupervised_movement_signal,pertrace_tau19_embed9
monkeyM_session-o081003015-26_lfp-1,M,o081003015-26,1,post_go,delay,torus_geometry_15,ok,0.5341880341880342,0.5331564015740826,2,234,117,19,19.0,9,pertrace_unsupervised_movement_signal,pertrace_tau19_embed9
monkeyM_session-o081003015-26_lfp-1,M,o081003015-26,1,post_go,condition,torus_geometry_15,ok,0.09722222222222222,0.10616959891869292,12,216,18,19,19.0,9,pertrace_unsupervised_movement_signal,pertrace_tau19_embed9
monkeyM_session-o081003015-26_lfp-2,M,o081003015-26,2,pre_go,direction,torus_geometry_15,ok,0.15350877192982457,0.13999928747669332,6,228,38,31,31.0,7,pertrace_unsupervised_movement_signal,pertrace_tau31_embed7
monkeyM_session-o081003015-26_lfp-2,M,o081003015-26,2,pre_go,delay,torus_geometry_15,ok,0.6239316239316239,0.6239316239316239,2,234,117,31,31.0,7,pertrace_unsupervised_movement_signal,pertrace_tau31_embed7
monkeyM_session-o081003015-26_lfp-2,M,o081003015-26,2,pre_go,condition,torus_geometry_15,ok,0.06481481481481481,0.060586133936205676,12,216,18,31,31.0,7,pertrace_unsupervised_movement_signal,pertrace_tau31_embed7
monkeyM_session-o081003015-26_lfp-2,M,o081003015-26,2,peri_go,direction,torus_geometry_15,ok,0.16666666666666666,0.16296252264589792,6,228,38,31,31.0,7,pertrace_unsupervised_movement_signal,pertrace_tau31_embed7
monkeyM_session-o081003015-26_lfp-2,M,o081003015-26,2,peri_go,delay,torus_geometry_15,ok,0.6025641025641025,0.6024987670557291,2,234,117,31,31.0,7,pertrace_unsupervised_movement_signal,pertrace_tau31_embed7
monkeyM_session-o081003015-26_lfp-2,M,o081003015-26,2,peri_go,condition,torus_geometry_15,ok,0.08333333333333333,0.0707781296556707,12,216,18,31,31.0,7,pertrace_unsupervised_movement_signal,pertrace_tau31_embed7
monkeyM_session-o081003015-26_lfp-2,M,o081003015-26,2,movement,direction,torus_geometry_15,ok,0.21052631578947367,0.20293037638023245,6,228,38,31,31.0,7,pertrace_unsupervised_movement_signal,pertrace_tau31_embed7
monkeyM_session-o081003015-26_lfp-2,M,o081003015-26,2,movement,delay,torus_geometry_15,ok,0.47863247863247865,0.4782894736842105,2,234,117,31,31.0,7,pertrace_unsupervised_movement_signal,pertrace_tau31_embed7
monkeyM_session-o081003015-26_lfp-2,M,o081003015-26,2,movement,condition,torus_geometry_15,ok,0.10185185185185185,0.08908894502077841,12,216,18,31,31.0,7,pertrace_unsupervised_movement_signal,pertrace_tau31_embed7
monkeyM_session-o081003015-26_lfp-2,M,o081003015-26,2,post_go,direction,torus_geometry_15,ok,0.19736842105263158,0.19075835609811273,6,228,38,31,31.0,7,pertrace_unsupervised_movement_signal,pertrace_tau31_embed7
monkeyM_session-o081003015-26_lfp-2,M,o081003015-26,2,post_go,delay,torus_geometry_15,ok,0.5042735042735043,0.5039473684210527,2,234,117,31,31.0,7,pertrace_unsupervised_movement_signal,pertrace_tau31_embed7
monkeyM_session-o081003015-26_lfp-2,M,o081003015-26,2,post_go,condition,torus_geometry_15,ok,0.11574074074074074,0.10556602106964826,12,216,18,31,31.0,7,pertrace_unsupervised_movement_signal,pertrace_tau31_embed7
monkeyM_session-o081008001-15_lfp-1,M,o081008001-15,1,pre_go,direction,torus_geometry_15,ok,0.11274509803921569,0.10695310401308995,6,204,34,16,16.0,7,pertrace_unsupervised_movement_signal,pertrace_tau16_embed7
monkeyM_session-o081008001-15_lfp-1,M,o081008001-15,1,pre_go,delay,torus_geometry_15,ok,0.7102803738317757,0.7086517347386913,2,214,107,16,16.0,7,pertrace_unsupervised_movement_signal,pertrace_tau16_embed7
monkeyM_session-o081008001-15_lfp-1,M,o081008001-15,1,pre_go,condition,torus_geometry_15,ok,0.10294117647058823,0.09189879731590585,12,204,17,16,16.0,7,pertrace_unsupervised_movement_signal,pertrace_tau16_embed7
monkeyM_session-o081008001-15_lfp-1,M,o081008001-15,1,peri_go,direction,torus_geometry_15,ok,0.17647058823529413,0.17508943882117442,6,204,34,16,16.0,7,pertrace_unsupervised_movement_signal,pertrace_tau16_embed7
monkeyM_session-o081008001-15_lfp-1,M,o081008001-15,1,peri_go,delay,torus_geometry_15,ok,0.7757009345794392,0.7752100840336134,2,214,107,16,16.0,7,pertrace_unsupervised_movement_signal,pertrace_tau16_embed7
monkeyM_session-o081008001-15_lfp-1,M,o081008001-15,1,peri_go,condition,torus_geometry_15,ok,0.16176470588235295,0.1608972090518227,12,204,17,16,16.0,7,pertrace_unsupervised_movement_signal,pertrace_tau16_embed7
monkeyM_session-o081008001-15_lfp-1,M,o081008001-15,1,movement,direction,torus_geometry_15,ok,0.1568627450980392,0.1524133103346921,6,204,34,16,16.0,7,pertrace_unsupervised_movement_signal,pertrace_tau16_embed7
monkeyM_session-o081008001-15_lfp-1,M,o081008001-15,1,movement,delay,torus_geometry_15,ok,0.8084112149532711,0.8079036672140121,2,214,107,16,16.0,7,pertrace_unsupervised_movement_signal,pertrace_tau16_embed7
monkeyM_session-o081008001-15_lfp-1,M,o081008001-15,1,movement,condition,torus_geometry_15,ok,0.14705882352941177,0.13310371765397222,12,204,17,16,16.0,7,pertrace_unsupervised_movement_signal,pertrace_tau16_embed7
monkeyM_session-o081008001-15_lfp-1,M,o081008001-15,1,post_go,direction,torus_geometry_15,ok,0.14705882352941177,0.14592221078951592,6,204,34,16,16.0,7,pertrace_unsupervised_movement_signal,pertrace_tau16_embed7
monkeyM_session-o081008001-15_lfp-1,M,o081008001-15,1,post_go,delay,torus_geometry_15,ok,0.7990654205607477,0.7974689116320017,2,214,107,16,16.0,7,pertrace_unsupervised_movement_signal,pertrace_tau16_embed7
monkeyM_session-o081008001-15_lfp-1,M,o081008001-15,1,post_go,condition,torus_geometry_15,ok,0.10784313725490197,0.09881330819706169,12,204,17,16,16.0,7,pertrace_unsupervised_movement_signal,pertrace_tau16_embed7
monkeyM_session-o081008001-15_lfp-2,M,o081008001-15,2,pre_go,direction,torus_geometry_15,ok,0.13725490196078433,0.1357459425190591,6,204,34,14,14.0,9,pertrace_unsupervised_movement_signal,pertrace_tau14_embed9
monkeyM_session-o081008001-15_lfp-2,M,o081008001-15,2,pre_go,delay,torus_geometry_15,ok,0.6728971962616822,0.6728686233403214,2,214,107,14,14.0,9,pertrace_unsupervised_movement_signal,pertrace_tau14_embed9
monkeyM_session-o081008001-15_lfp-2,M,o081008001-15,2,pre_go,condition,torus_geometry_15,ok,0.08333333333333333,0.07080248853504667,12,204,17,14,14.0,9,pertrace_unsupervised_movement_signal,pertrace_tau14_embed9
monkeyM_session-o081008001-15_lfp-2,M,o081008001-15,2,peri_go,direction,torus_geometry_15,ok,0.18137254901960784,0.17633311508261285,6,204,34,14,14.0,9,pertrace_unsupervised_movement_signal,pertrace_tau14_embed9
monkeyM_session-o081008001-15_lfp-2,M,o081008001-15,2,peri_go,delay,torus_geometry_15,ok,0.5700934579439252,0.5697552447552447,2,214,107,14,14.0,9,pertrace_unsupervised_movement_signal,pertrace_tau14_embed9
monkeyM_session-o081008001-15_lfp-2,M,o081008001-15,2,peri_go,condition,torus_geometry_15,ok,0.1323529411764706,0.11688446768466826,12,204,17,14,14.0,9,pertrace_unsupervised_movement_signal,pertrace_tau14_embed9
monkeyM_session-o081008001-15_lfp-2,M,o081008001-15,2,movement,direction,torus_geometry_15,ok,0.1568627450980392,0.14968333569286518,6,204,34,14,14.0,9,pertrace_unsupervised_movement_signal,pertrace_tau14_embed9
monkeyM_session-o081008001-15_lfp-2,M,o081008001-15,2,movement,delay,torus_geometry_15,ok,0.5514018691588785,0.5514018691588785,2,214,107,14,14.0,9,pertrace_unsupervised_movement_signal,pertrace_tau14_embed9
monkeyM_session-o081008001-15_lfp-2,M,o081008001-15,2,movement,condition,torus_geometry_15,ok,0.12254901960784313,0.10527694504554759,12,204,17,14,14.0,9,pertrace_unsupervised_movement_signal,pertrace_tau14_embed9
monkeyM_session-o081008001-15_lfp-2,M,o081008001-15,2,post_go,direction,torus_geometry_15,ok,0.1568627450980392,0.15472376343386687,6,204,34,14,14.0,9,pertrace_unsupervised_movement_signal,pertrace_tau14_embed9
monkeyM_session-o081008001-15_lfp-2,M,o081008001-15,2,post_go,delay,torus_geometry_15,ok,0.5934579439252337,0.5932358917218326,2,214,107,14,14.0,9,pertrace_unsupervised_movement_signal,pertrace_tau14_embed9
monkeyM_session-o081008001-15_lfp-2,M,o081008001-15,2,post_go,condition,torus_geometry_15,ok,0.10294117647058823,0.09724915938151231,12,204,17,14,14.0,9,pertrace_unsupervised_movement_signal,pertrace_tau14_embed9
monkeyM_session-o081028001-12_lfp-4,M,o081028001-12,4,pre_go,direction,torus_geometry_15,ok,0.17204301075268819,0.16743229633397452,6,186,31,23,23.0,5,pertrace_unsupervised_movement_signal,pertrace_tau23_embed5
monkeyM_session-o081028001-12_lfp-4,M,o081028001-12,4,pre_go,delay,torus_geometry_15,ok,0.5816326530612245,0.5800585284280937,2,196,98,23,23.0,5,pertrace_unsupervised_movement_signal,pertrace_tau23_embed5
monkeyM_session-o081028001-12_lfp-4,M,o081028001-12,4,pre_go,condition,torus_geometry_15,ok,0.08333333333333333,0.07759315397246432,12,144,12,23,23.0,5,pertrace_unsupervised_movement_signal,pertrace_tau23_embed5
monkeyM_session-o081028001-12_lfp-4,M,o081028001-12,4,peri_go,direction,torus_geometry_15,ok,0.1827956989247312,0.1776024782893978,6,186,31,23,23.0,5,pertrace_unsupervised_movement_signal,pertrace_tau23_embed5
monkeyM_session-o081028001-12_lfp-4,M,o081028001-12,4,peri_go,delay,torus_geometry_15,ok,0.47959183673469385,0.47516538905806993,2,196,98,23,23.0,5,pertrace_unsupervised_movement_signal,pertrace_tau23_embed5
monkeyM_session-o081028001-12_lfp-4,M,o081028001-12,4,peri_go,condition,torus_geometry_15,ok,0.05555555555555555,0.04639966053009531,12,144,12,23,23.0,5,pertrace_unsupervised_movement_signal,pertrace_tau23_embed5
monkeyM_session-o081028001-12_lfp-4,M,o081028001-12,4,movement,direction,torus_geometry_15,ok,0.15591397849462366,0.14815660407902384,6,186,31,23,23.0,5,pertrace_unsupervised_movement_signal,pertrace_tau23_embed5
monkeyM_session-o081028001-12_lfp-4,M,o081028001-12,4,movement,delay,torus_geometry_15,ok,0.5561224489795918,0.5519117067402444,2,196,98,23,23.0,5,pertrace_unsupervised_movement_signal,pertrace_tau23_embed5
monkeyM_session-o081028001-12_lfp-4,M,o081028001-12,4,movement,condition,torus_geometry_15,ok,0.09722222222222222,0.09098050145364724,12,144,12,23,23.0,5,pertrace_unsupervised_movement_signal,pertrace_tau23_embed5
monkeyM_session-o081028001-12_lfp-4,M,o081028001-12,4,post_go,direction,torus_geometry_15,ok,0.10215053763440861,0.09583794539321104,6,186,31,23,23.0,5,pertrace_unsupervised_movement_signal,pertrace_tau23_embed5
monkeyM_session-o081028001-12_lfp-4,M,o081028001-12,4,post_go,delay,torus_geometry_15,ok,0.5306122448979592,0.5293872011692243,2,196,98,23,23.0,5,pertrace_unsupervised_movement_signal,pertrace_tau23_embed5
monkeyM_session-o081028001-12_lfp-4,M,o081028001-12,4,post_go,condition,torus_geometry_15,ok,0.1111111111111111,0.10474049585550287,12,144,12,23,23.0,5,pertrace_unsupervised_movement_signal,pertrace_tau23_embed5
monkeyM_session-o081028013-20_lfp-1,M,o081028013-20,1,pre_go,direction,torus_geometry_15,ok,0.49193548387096775,0.4892448512585812,2,124,62,53,53.0,5,pertrace_unsupervised_movement_signal,pertrace_tau53_embed5
monkeyM_session-o081028013-20_lfp-1,M,o081028013-20,1,pre_go,delay,torus_geometry_15,ok,0.6796875,0.6791979949874687,2,128,64,53,53.0,5,pertrace_unsupervised_movement_signal,pertrace_tau53_embed5
monkeyM_session-o081028013-20_lfp-1,M,o081028013-20,1,pre_go,condition,torus_geometry_15,ok,0.35714285714285715,0.35407722504496697,4,112,28,53,53.0,5,pertrace_unsupervised_movement_signal,pertrace_tau53_embed5
monkeyM_session-o081028013-20_lfp-1,M,o081028013-20,1,peri_go,direction,torus_geometry_15,ok,0.5080645161290323,0.5080325203252032,2,124,62,53,53.0,5,pertrace_unsupervised_movement_signal,pertrace_tau53_embed5
monkeyM_session-o081028013-20_lfp-1,M,o081028013-20,1,peri_go,delay,torus_geometry_15,ok,0.5859375,0.5859122260880181,2,128,64,53,53.0,5,pertrace_unsupervised_movement_signal,pertrace_tau53_embed5
monkeyM_session-o081028013-20_lfp-1,M,o081028013-20,1,peri_go,condition,torus_geometry_15,ok,0.3125,0.3124828349780965,4,112,28,53,53.0,5,pertrace_unsupervised_movement_signal,pertrace_tau53_embed5
monkeyM_session-o081028013-20_lfp-1,M,o081028013-20,1,movement,direction,torus_geometry_15,ok,0.4838709677419355,0.48373666406453286,2,124,62,53,53.0,5,pertrace_unsupervised_movement_signal,pertrace_tau53_embed5
monkeyM_session-o081028013-20_lfp-1,M,o081028013-20,1,movement,delay,torus_geometry_15,ok,0.6171875,0.6169770992366412,2,128,64,53,53.0,5,pertrace_unsupervised_movement_signal,pertrace_tau53_embed5
monkeyM_session-o081028013-20_lfp-1,M,o081028013-20,1,movement,condition,torus_geometry_15,ok,0.32142857142857145,0.31657455447778027,4,112,28,53,53.0,5,pertrace_unsupervised_movement_signal,pertrace_tau53_embed5
monkeyM_session-o081028013-20_lfp-1,M,o081028013-20,1,post_go,direction,torus_geometry_15,ok,0.5806451612903226,0.5766806722689075,2,124,62,53,53.0,5,pertrace_unsupervised_movement_signal,pertrace_tau53_embed5
monkeyM_session-o081028013-20_lfp-1,M,o081028013-20,1,post_go,delay,torus_geometry_15,ok,0.6171875,0.6169770992366412,2,128,64,53,53.0,5,pertrace_unsupervised_movement_signal,pertrace_tau53_embed5
monkeyM_session-o081028013-20_lfp-1,M,o081028013-20,1,post_go,condition,torus_geometry_15,ok,0.35714285714285715,0.35318763520733965,4,112,28,53,53.0,5,pertrace_unsupervised_movement_signal,pertrace_tau53_embed5
monkeyM_session-o081028021-26_lfp-1,M,o081028021-26,1,pre_go,direction,torus_geometry_15,ok,0.47115384615384615,0.4707134264828352,2,104,52,47,47.0,5,pertrace_unsupervised_movement_signal,pertrace_tau47_embed5
monkeyM_session-o081028021-26_lfp-1,M,o081028021-26,1,pre_go,delay,torus_geometry_15,ok,0.6792452830188679,0.6782142857142857,2,106,53,47,47.0,5,pertrace_unsupervised_movement_signal,pertrace_tau47_embed5
monkeyM_session-o081028021-26_lfp-1,M,o081028021-26,1,pre_go,condition,torus_geometry_15,ok,0.34375,0.3439316239316239,4,96,24,47,47.0,5,pertrace_unsupervised_movement_signal,pertrace_tau47_embed5
monkeyM_session-o081028021-26_lfp-1,M,o081028021-26,1,peri_go,direction,torus_geometry_15,ok,0.4423076923076923,0.4421013688494266,2,104,52,47,47.0,5,pertrace_unsupervised_movement_signal,pertrace_tau47_embed5
monkeyM_session-o081028021-26_lfp-1,M,o081028021-26,1,peri_go,delay,torus_geometry_15,ok,0.5188679245283019,0.5177950227455178,2,106,53,47,47.0,5,pertrace_unsupervised_movement_signal,pertrace_tau47_embed5
monkeyM_session-o081028021-26_lfp-1,M,o081028021-26,1,peri_go,condition,torus_geometry_15,ok,0.21875,0.189729020979021,4,96,24,47,47.0,5,pertrace_unsupervised_movement_signal,pertrace_tau47_embed5
monkeyM_session-o081028021-26_lfp-1,M,o081028021-26,1,movement,direction,torus_geometry_15,ok,0.4326923076923077,0.4326398520573278,2,104,52,47,47.0,5,pertrace_unsupervised_movement_signal,pertrace_tau47_embed5
monkeyM_session-o081028021-26_lfp-1,M,o081028021-26,1,movement,delay,torus_geometry_15,ok,0.5094339622641509,0.5078571428571428,2,106,53,47,47.0,5,pertrace_unsupervised_movement_signal,pertrace_tau47_embed5
monkeyM_session-o081028021-26_lfp-1,M,o081028021-26,1,movement,condition,torus_geometry_15,ok,0.19791666666666666,0.19368412794598222,4,96,24,47,47.0,5,pertrace_unsupervised_movement_signal,pertrace_tau47_embed5
monkeyM_session-o081028021-26_lfp-1,M,o081028021-26,1,post_go,direction,torus_geometry_15,ok,0.4807692307692308,0.48057713651498335,2,104,52,47,47.0,5,pertrace_unsupervised_movement_signal,pertrace_tau47_embed5
monkeyM_session-o081028021-26_lfp-1,M,o081028021-26,1,post_go,delay,torus_geometry_15,ok,0.46226415094339623,0.4599088227406811,2,106,53,47,47.0,5,pertrace_unsupervised_movement_signal,pertrace_tau47_embed5
monkeyM_session-o081028021-26_lfp-1,M,o081028021-26,1,post_go,condition,torus_geometry_15,ok,0.20833333333333334,0.20982142857142858,4,96,24,47,47.0,5,pertrace_unsupervised_movement_signal,pertrace_tau47_embed5
monkeyM_session-o081029001-11_lfp-3,M,o081029001-11,3,pre_go,direction,torus_geometry_15,ok,0.17901234567901234,0.1695827185211237,6,162,27,22,22.0,5,pertrace_unsupervised_movement_signal,pertrace_tau22_embed5
monkeyM_session-o081029001-11_lfp-3,M,o081029001-11,3,pre_go,delay,torus_geometry_15,ok,0.5833333333333334,0.5822890559732665,2,180,90,22,22.0,5,pertrace_unsupervised_movement_signal,pertrace_tau22_embed5
monkeyM_session-o081029001-11_lfp-3,M,o081029001-11,3,pre_go,condition,torus_geometry_15,ok,0.08974358974358974,0.07257393656529952,12,156,13,22,22.0,5,pertrace_unsupervised_movement_signal,pertrace_tau22_embed5
monkeyM_session-o081029001-11_lfp-3,M,o081029001-11,3,peri_go,direction,torus_geometry_15,ok,0.1728395061728395,0.16920420394618765,6,162,27,22,22.0,5,pertrace_unsupervised_movement_signal,pertrace_tau22_embed5
monkeyM_session-o081029001-11_lfp-3,M,o081029001-11,3,peri_go,delay,torus_geometry_15,ok,0.49444444444444446,0.4944288403963085,2,180,90,22,22.0,5,pertrace_unsupervised_movement_signal,pertrace_tau22_embed5
monkeyM_session-o081029001-11_lfp-3,M,o081029001-11,3,peri_go,condition,torus_geometry_15,ok,0.08974358974358974,0.07660671718396676,12,156,13,22,22.0,5,pertrace_unsupervised_movement_signal,pertrace_tau22_embed5
monkeyM_session-o081029001-11_lfp-3,M,o081029001-11,3,movement,direction,torus_geometry_15,ok,0.2037037037037037,0.19861193301772118,6,162,27,22,22.0,5,pertrace_unsupervised_movement_signal,pertrace_tau22_embed5
monkeyM_session-o081029001-11_lfp-3,M,o081029001-11,3,movement,delay,torus_geometry_15,ok,0.5722222222222222,0.5715742944576674,2,180,90,22,22.0,5,pertrace_unsupervised_movement_signal,pertrace_tau22_embed5
monkeyM_session-o081029001-11_lfp-3,M,o081029001-11,3,movement,condition,torus_geometry_15,ok,0.08974358974358974,0.08770306494710423,12,156,13,22,22.0,5,pertrace_unsupervised_movement_signal,pertrace_tau22_embed5
monkeyM_session-o081029001-11_lfp-3,M,o081029001-11,3,post_go,direction,torus_geometry_15,ok,0.17901234567901234,0.17638269753808042,6,162,27,22,22.0,5,pertrace_unsupervised_movement_signal,pertrace_tau22_embed5
monkeyM_session-o081029001-11_lfp-3,M,o081029001-11,3,post_go,delay,torus_geometry_15,ok,0.55,0.5499861106824284,2,180,90,22,22.0,5,pertrace_unsupervised_movement_signal,pertrace_tau22_embed5
monkeyM_session-o081029001-11_lfp-3,M,o081029001-11,3,post_go,condition,torus_geometry_15,ok,0.10256410256410256,0.09353417781789992,12,156,13,22,22.0,5,pertrace_unsupervised_movement_signal,pertrace_tau22_embed5
monkeyM_session-o081029012-25_lfp-3,M,o081029012-25,3,pre_go,direction,torus_geometry_15,ok,0.17857142857142858,0.17742506408681794,6,168,28,23,23.0,3,pertrace_unsupervised_movement_signal,pertrace_tau23_embed3
monkeyM_session-o081029012-25_lfp-3,M,o081029012-25,3,pre_go,delay,torus_geometry_15,ok,0.7345679012345679,0.7340713876694025,2,162,81,23,23.0,3,pertrace_unsupervised_movement_signal,pertrace_tau23_embed3
monkeyM_session-o081029012-25_lfp-3,M,o081029012-25,3,pre_go,condition,torus_geometry_15,ok,0.06666666666666667,0.05667740203972088,12,120,10,23,23.0,3,pertrace_unsupervised_movement_signal,pertrace_tau23_embed3
monkeyM_session-o081029012-25_lfp-3,M,o081029012-25,3,peri_go,direction,torus_geometry_15,ok,0.13095238095238096,0.12005388492142906,6,168,28,23,23.0,3,pertrace_unsupervised_movement_signal,pertrace_tau23_embed3
monkeyM_session-o081029012-25_lfp-3,M,o081029012-25,3,peri_go,delay,torus_geometry_15,ok,0.5864197530864198,0.5864039934458714,2,162,81,23,23.0,3,pertrace_unsupervised_movement_signal,pertrace_tau23_embed3
monkeyM_session-o081029012-25_lfp-3,M,o081029012-25,3,peri_go,condition,torus_geometry_15,ok,0.10833333333333334,0.09802434407697565,12,120,10,23,23.0,3,pertrace_unsupervised_movement_signal,pertrace_tau23_embed3
monkeyM_session-o081029012-25_lfp-3,M,o081029012-25,3,movement,direction,torus_geometry_15,ok,0.20238095238095238,0.19788826750424293,6,168,28,23,23.0,3,pertrace_unsupervised_movement_signal,pertrace_tau23_embed3
monkeyM_session-o081029012-25_lfp-3,M,o081029012-25,3,movement,delay,torus_geometry_15,ok,0.5987654320987654,0.598014888337469,2,162,81,23,23.0,3,pertrace_unsupervised_movement_signal,pertrace_tau23_embed3
monkeyM_session-o081029012-25_lfp-3,M,o081029012-25,3,movement,condition,torus_geometry_15,ok,0.08333333333333333,0.08027113237639553,12,120,10,23,23.0,3,pertrace_unsupervised_movement_signal,pertrace_tau23_embed3
monkeyM_session-o081029012-25_lfp-3,M,o081029012-25,3,post_go,direction,torus_geometry_15,ok,0.10119047619047619,0.10170133538777608,6,168,28,23,23.0,3,pertrace_unsupervised_movement_signal,pertrace_tau23_embed3
monkeyM_session-o081029012-25_lfp-3,M,o081029012-25,3,post_go,delay,torus_geometry_15,ok,0.5925925925925926,0.592530487804878,2,162,81,23,23.0,3,pertrace_unsupervised_movement_signal,pertrace_tau23_embed3
monkeyM_session-o081029012-25_lfp-3,M,o081029012-25,3,post_go,condition,torus_geometry_15,ok,0.11666666666666667,0.11449198949198951,12,120,10,23,23.0,3,pertrace_unsupervised_movement_signal,pertrace_tau23_embed3
monkeyM_session-o081029012-25_lfp-4,M,o081029012-25,4,pre_go,direction,torus_geometry_15,ok,0.11904761904761904,0.11619064408553574,6,168,28,21,21.0,3,pertrace_unsupervised_movement_signal,pertrace_tau21_embed3
monkeyM_session-o081029012-25_lfp-4,M,o081029012-25,4,pre_go,delay,torus_geometry_15,ok,0.7283950617283951,0.7273561811505508,2,162,81,21,21.0,3,pertrace_unsupervised_movement_signal,pertrace_tau21_embed3
monkeyM_session-o081029012-25_lfp-4,M,o081029012-25,4,pre_go,condition,torus_geometry_15,ok,0.075,0.0738635363492343,12,120,10,21,21.0,3,pertrace_unsupervised_movement_signal,pertrace_tau21_embed3
monkeyM_session-o081029012-25_lfp-4,M,o081029012-25,4,peri_go,direction,torus_geometry_15,ok,0.20238095238095238,0.20210611593017344,6,168,28,21,21.0,3,pertrace_unsupervised_movement_signal,pertrace_tau21_embed3
monkeyM_session-o081029012-25_lfp-4,M,o081029012-25,4,peri_go,delay,torus_geometry_15,ok,0.6049382716049383,0.6049382716049383,2,162,81,21,21.0,3,pertrace_unsupervised_movement_signal,pertrace_tau21_embed3
monkeyM_session-o081029012-25_lfp-4,M,o081029012-25,4,peri_go,condition,torus_geometry_15,ok,0.075,0.07789788642729818,12,120,10,21,21.0,3,pertrace_unsupervised_movement_signal,pertrace_tau21_embed3
monkeyM_session-o081029012-25_lfp-4,M,o081029012-25,4,movement,direction,torus_geometry_15,ok,0.14285714285714285,0.13247019037606259,6,168,28,21,21.0,3,pertrace_unsupervised_movement_signal,pertrace_tau21_embed3
monkeyM_session-o081029012-25_lfp-4,M,o081029012-25,4,movement,delay,torus_geometry_15,ok,0.5370370370370371,0.5368782161234991,2,162,81,21,21.0,3,pertrace_unsupervised_movement_signal,pertrace_tau21_embed3
monkeyM_session-o081029012-25_lfp-4,M,o081029012-25,4,movement,condition,torus_geometry_15,ok,0.09166666666666666,0.08394027999291158,12,120,10,21,21.0,3,pertrace_unsupervised_movement_signal,pertrace_tau21_embed3
monkeyM_session-o081029012-25_lfp-4,M,o081029012-25,4,post_go,direction,torus_geometry_15,ok,0.15476190476190477,0.1523442301888542,6,168,28,21,21.0,3,pertrace_unsupervised_movement_signal,pertrace_tau21_embed3
monkeyM_session-o081029012-25_lfp-4,M,o081029012-25,4,post_go,delay,torus_geometry_15,ok,0.5925925925925926,0.5923440597834375,2,162,81,21,21.0,3,pertrace_unsupervised_movement_signal,pertrace_tau21_embed3
monkeyM_session-o081029012-25_lfp-4,M,o081029012-25,4,post_go,condition,torus_geometry_15,ok,0.075,0.07257486877052094,12,120,10,21,21.0,3,pertrace_unsupervised_movement_signal,pertrace_tau21_embed3
monkeyM_session-o081031013-23_lfp-1,M,o081031013-23,1,pre_go,direction,torus_geometry_15,ok,0.15104166666666666,0.14176466667620224,6,384,64,12,12.0,5,pertrace_unsupervised_movement_signal,pertrace_tau12_embed5
monkeyM_session-o081031013-23_lfp-1,M,o081031013-23,1,pre_go,delay,torus_geometry_15,ok,0.6683673469387755,0.6680562793121418,2,392,196,12,12.0,5,pertrace_unsupervised_movement_signal,pertrace_tau12_embed5
monkeyM_session-o081031013-23_lfp-1,M,o081031013-23,1,pre_go,condition,torus_geometry_15,ok,0.10752688172043011,0.09713953999889358,12,372,31,12,12.0,5,pertrace_unsupervised_movement_signal,pertrace_tau12_embed5
monkeyM_session-o081031013-23_lfp-1,M,o081031013-23,1,peri_go,direction,torus_geometry_15,ok,0.203125,0.19972599854000772,6,384,64,12,12.0,5,pertrace_unsupervised_movement_signal,pertrace_tau12_embed5
monkeyM_session-o081031013-23_lfp-1,M,o081031013-23,1,peri_go,delay,torus_geometry_15,ok,0.5637755102040817,0.5637499593244606,2,392,196,12,12.0,5,pertrace_unsupervised_movement_signal,pertrace_tau12_embed5
monkeyM_session-o081031013-23_lfp-1,M,o081031013-23,1,peri_go,condition,torus_geometry_15,ok,0.12365591397849462,0.11367272493918891,12,372,31,12,12.0,5,pertrace_unsupervised_movement_signal,pertrace_tau12_embed5
monkeyM_session-o081031013-23_lfp-1,M,o081031013-23,1,movement,direction,torus_geometry_15,ok,0.21354166666666666,0.2131941512108393,6,384,64,12,12.0,5,pertrace_unsupervised_movement_signal,pertrace_tau12_embed5
monkeyM_session-o081031013-23_lfp-1,M,o081031013-23,1,movement,delay,torus_geometry_15,ok,0.5841836734693877,0.5839643710566924,2,392,196,12,12.0,5,pertrace_unsupervised_movement_signal,pertrace_tau12_embed5
monkeyM_session-o081031013-23_lfp-1,M,o081031013-23,1,movement,condition,torus_geometry_15,ok,0.11559139784946236,0.11125675190045188,12,372,31,12,12.0,5,pertrace_unsupervised_movement_signal,pertrace_tau12_embed5
monkeyM_session-o081031013-23_lfp-1,M,o081031013-23,1,post_go,direction,torus_geometry_15,ok,0.22916666666666666,0.22298540191296853,6,384,64,12,12.0,5,pertrace_unsupervised_movement_signal,pertrace_tau12_embed5
monkeyM_session-o081031013-23_lfp-1,M,o081031013-23,1,post_go,delay,torus_geometry_15,ok,0.5459183673469388,0.5451606174384647,2,392,196,12,12.0,5,pertrace_unsupervised_movement_signal,pertrace_tau12_embed5
monkeyM_session-o081031013-23_lfp-1,M,o081031013-23,1,post_go,condition,torus_geometry_15,ok,0.13172043010752688,0.11997426283843333,12,372,31,12,12.0,5,pertrace_unsupervised_movement_signal,pertrace_tau12_embed5
monkeyM_session-o081031013-23_lfp-3,M,o081031013-23,3,pre_go,direction,torus_geometry_15,ok,0.1796875,0.17030663099101484,6,384,64,12,12.0,5,pertrace_unsupervised_movement_signal,pertrace_tau12_embed5
monkeyM_session-o081031013-23_lfp-3,M,o081031013-23,3,pre_go,delay,torus_geometry_15,ok,0.6454081632653061,0.6454058556711766,2,392,196,12,12.0,5,pertrace_unsupervised_movement_signal,pertrace_tau12_embed5
monkeyM_session-o081031013-23_lfp-3,M,o081031013-23,3,pre_go,condition,torus_geometry_15,ok,0.11827956989247312,0.10754427948526372,12,372,31,12,12.0,5,pertrace_unsupervised_movement_signal,pertrace_tau12_embed5
monkeyM_session-o081031013-23_lfp-3,M,o081031013-23,3,peri_go,direction,torus_geometry_15,ok,0.23177083333333334,0.2279104539254588,6,384,64,12,12.0,5,pertrace_unsupervised_movement_signal,pertrace_tau12_embed5
monkeyM_session-o081031013-23_lfp-3,M,o081031013-23,3,peri_go,delay,torus_geometry_15,ok,0.5943877551020408,0.5940681112131455,2,392,196,12,12.0,5,pertrace_unsupervised_movement_signal,pertrace_tau12_embed5
monkeyM_session-o081031013-23_lfp-3,M,o081031013-23,3,peri_go,condition,torus_geometry_15,ok,0.08064516129032258,0.07205918026267394,12,372,31,12,12.0,5,pertrace_unsupervised_movement_signal,pertrace_tau12_embed5
monkeyM_session-o081031013-23_lfp-3,M,o081031013-23,3,movement,direction,torus_geometry_15,ok,0.18229166666666666,0.17651525138944002,6,384,64,12,12.0,5,pertrace_unsupervised_movement_signal,pertrace_tau12_embed5
monkeyM_session-o081031013-23_lfp-3,M,o081031013-23,3,movement,delay,torus_geometry_15,ok,0.5816326530612245,0.5812402292860865,2,392,196,12,12.0,5,pertrace_unsupervised_movement_signal,pertrace_tau12_embed5
monkeyM_session-o081031013-23_lfp-3,M,o081031013-23,3,movement,condition,torus_geometry_15,ok,0.09408602150537634,0.09036544968938777,12,372,31,12,12.0,5,pertrace_unsupervised_movement_signal,pertrace_tau12_embed5
monkeyM_session-o081031013-23_lfp-3,M,o081031013-23,3,post_go,direction,torus_geometry_15,ok,0.21354166666666666,0.20570115626070587,6,384,64,12,12.0,5,pertrace_unsupervised_movement_signal,pertrace_tau12_embed5
monkeyM_session-o081031013-23_lfp-3,M,o081031013-23,3,post_go,delay,torus_geometry_15,ok,0.6173469387755102,0.6173070915338956,2,392,196,12,12.0,5,pertrace_unsupervised_movement_signal,pertrace_tau12_embed5
monkeyM_session-o081031013-23_lfp-3,M,o081031013-23,3,post_go,condition,torus_geometry_15,ok,0.10752688172043011,0.10111559534260219,12,372,31,12,12.0,5,pertrace_unsupervised_movement_signal,pertrace_tau12_embed5
monkeyM_session-o081031024-27_lfp-1,M,o081031024-27,1,pre_go,direction,torus_geometry_15,ok,0.47560975609756095,0.47176029962546817,2,82,41,11,11.0,5,pertrace_unsupervised_movement_signal,pertrace_tau11_embed5
monkeyM_session-o081031024-27_lfp-1,M,o081031024-27,1,pre_go,delay,torus_geometry_15,ok,0.7023809523809523,0.702338766832034,2,84,42,11,11.0,5,pertrace_unsupervised_movement_signal,pertrace_tau11_embed5
monkeyM_session-o081031024-27_lfp-1,M,o081031024-27,1,pre_go,condition,torus_geometry_15,ok,0.3125,0.3148807760489404,4,80,20,11,11.0,5,pertrace_unsupervised_movement_signal,pertrace_tau11_embed5
monkeyM_session-o081031024-27_lfp-1,M,o081031024-27,1,peri_go,direction,torus_geometry_15,ok,0.6951219512195121,0.6947133283693224,2,82,41,11,11.0,5,pertrace_unsupervised_movement_signal,pertrace_tau11_embed5
monkeyM_session-o081031024-27_lfp-1,M,o081031024-27,1,peri_go,delay,torus_geometry_15,ok,0.36904761904761907,0.3646353646353646,2,84,42,11,11.0,5,pertrace_unsupervised_movement_signal,pertrace_tau11_embed5
monkeyM_session-o081031024-27_lfp-1,M,o081031024-27,1,peri_go,condition,torus_geometry_15,ok,0.2375,0.22507364189695017,4,80,20,11,11.0,5,pertrace_unsupervised_movement_signal,pertrace_tau11_embed5
monkeyM_session-o081031024-27_lfp-1,M,o081031024-27,1,movement,direction,torus_geometry_15,ok,0.6341463414634146,0.632177033492823,2,82,41,11,11.0,5,pertrace_unsupervised_movement_signal,pertrace_tau11_embed5
monkeyM_session-o081031024-27_lfp-1,M,o081031024-27,1,movement,delay,torus_geometry_15,ok,0.4642857142857143,0.46238088465367655,2,84,42,11,11.0,5,pertrace_unsupervised_movement_signal,pertrace_tau11_embed5
monkeyM_session-o081031024-27_lfp-1,M,o081031024-27,1,movement,condition,torus_geometry_15,ok,0.35,0.34150036954915003,4,80,20,11,11.0,5,pertrace_unsupervised_movement_signal,pertrace_tau11_embed5
monkeyM_session-o081031024-27_lfp-1,M,o081031024-27,1,post_go,direction,torus_geometry_15,ok,0.6097560975609756,0.6076555023923444,2,82,41,11,11.0,5,pertrace_unsupervised_movement_signal,pertrace_tau11_embed5
monkeyM_session-o081031024-27_lfp-1,M,o081031024-27,1,post_go,delay,torus_geometry_15,ok,0.5238095238095238,0.5227272727272727,2,84,42,11,11.0,5,pertrace_unsupervised_movement_signal,pertrace_tau11_embed5
monkeyM_session-o081031024-27_lfp-1,M,o081031024-27,1,post_go,condition,torus_geometry_15,ok,0.4375,0.43257517676122326,4,80,20,11,11.0,5,pertrace_unsupervised_movement_signal,pertrace_tau11_embed5
monkeyM_session-o081106010-15_lfp-3,M,o081106010-15,3,pre_go,direction,torus_geometry_15,ok,0.5159574468085106,0.5156148248817917,2,188,94,8,8.0,7,pertrace_unsupervised_movement_signal,pertrace_tau8_embed7
monkeyM_session-o081106010-15_lfp-3,M,o081106010-15,3,pre_go,delay,torus_geometry_15,ok,0.5752688172043011,0.5737781000725164,2,186,93,8,8.0,7,pertrace_unsupervised_movement_signal,pertrace_tau8_embed7
monkeyM_session-o081106010-15_lfp-3,M,o081106010-15,3,pre_go,condition,torus_geometry_15,ok,0.29891304347826086,0.2900487938556604,4,184,46,8,8.0,7,pertrace_unsupervised_movement_signal,pertrace_tau8_embed7
monkeyM_session-o081106010-15_lfp-3,M,o081106010-15,3,peri_go,direction,torus_geometry_15,ok,0.3882978723404255,0.38056900552961065,2,188,94,8,8.0,7,pertrace_unsupervised_movement_signal,pertrace_tau8_embed7
monkeyM_session-o081106010-15_lfp-3,M,o081106010-15,3,peri_go,delay,torus_geometry_15,ok,0.5161290322580645,0.5159051474840948,2,186,93,8,8.0,7,pertrace_unsupervised_movement_signal,pertrace_tau8_embed7
monkeyM_session-o081106010-15_lfp-3,M,o081106010-15,3,peri_go,condition,torus_geometry_15,ok,0.29891304347826086,0.291654810298103,4,184,46,8,8.0,7,pertrace_unsupervised_movement_signal,pertrace_tau8_embed7
monkeyM_session-o081106010-15_lfp-3,M,o081106010-15,3,movement,direction,torus_geometry_15,ok,0.5106382978723404,0.5092498013846328,2,188,94,8,8.0,7,pertrace_unsupervised_movement_signal,pertrace_tau8_embed7
monkeyM_session-o081106010-15_lfp-3,M,o081106010-15,3,movement,delay,torus_geometry_15,ok,0.510752688172043,0.5106253794778385,2,186,93,8,8.0,7,pertrace_unsupervised_movement_signal,pertrace_tau8_embed7
monkeyM_session-o081106010-15_lfp-3,M,o081106010-15,3,movement,condition,torus_geometry_15,ok,0.29347826086956524,0.28816052239605217,4,184,46,8,8.0,7,pertrace_unsupervised_movement_signal,pertrace_tau8_embed7
monkeyM_session-o081106010-15_lfp-3,M,o081106010-15,3,post_go,direction,torus_geometry_15,ok,0.5797872340425532,0.5794897930292477,2,188,94,8,8.0,7,pertrace_unsupervised_movement_signal,pertrace_tau8_embed7
monkeyM_session-o081106010-15_lfp-3,M,o081106010-15,3,post_go,delay,torus_geometry_15,ok,0.489247311827957,0.4885228818710742,2,186,93,8,8.0,7,pertrace_unsupervised_movement_signal,pertrace_tau8_embed7
monkeyM_session-o081106010-15_lfp-3,M,o081106010-15,3,post_go,condition,torus_geometry_15,ok,0.30978260869565216,0.30997886473429953,4,184,46,8,8.0,7,pertrace_unsupervised_movement_signal,pertrace_tau8_embed7
monkeyM_session-o081106010-15_lfp-5,M,o081106010-15,5,pre_go,direction,torus_geometry_15,ok,0.5212765957446809,0.5168475157053112,2,188,94,9,9.0,9,pertrace_unsupervised_movement_signal,pertrace_tau9_embed9
monkeyM_session-o081106010-15_lfp-5,M,o081106010-15,5,pre_go,delay,torus_geometry_15,ok,0.6075268817204301,0.6069702144904043,2,186,93,9,9.0,9,pertrace_unsupervised_movement_signal,pertrace_tau9_embed9
monkeyM_session-o081106010-15_lfp-5,M,o081106010-15,5,pre_go,condition,torus_geometry_15,ok,0.3532608695652174,0.34987780289520554,4,184,46,9,9.0,9,pertrace_unsupervised_movement_signal,pertrace_tau9_embed9
monkeyM_session-o081106010-15_lfp-5,M,o081106010-15,5,peri_go,direction,torus_geometry_15,ok,0.526595744680851,0.5259385182037115,2,188,94,9,9.0,9,pertrace_unsupervised_movement_signal,pertrace_tau9_embed9
monkeyM_session-o081106010-15_lfp-5,M,o081106010-15,5,peri_go,delay,torus_geometry_15,ok,0.5806451612903226,0.5802083333333333,2,186,93,9,9.0,9,pertrace_unsupervised_movement_signal,pertrace_tau9_embed9
monkeyM_session-o081106010-15_lfp-5,M,o081106010-15,5,peri_go,condition,torus_geometry_15,ok,0.28804347826086957,0.2806164093748538,4,184,46,9,9.0,9,pertrace_unsupervised_movement_signal,pertrace_tau9_embed9
monkeyM_session-o081106010-15_lfp-5,M,o081106010-15,5,movement,direction,torus_geometry_15,ok,0.5478723404255319,0.5477571812650347,2,188,94,9,9.0,9,pertrace_unsupervised_movement_signal,pertrace_tau9_embed9
monkeyM_session-o081106010-15_lfp-5,M,o081106010-15,5,movement,delay,torus_geometry_15,ok,0.5591397849462365,0.5589358010410642,2,186,93,9,9.0,9,pertrace_unsupervised_movement_signal,pertrace_tau9_embed9
monkeyM_session-o081106010-15_lfp-5,M,o081106010-15,5,movement,condition,torus_geometry_15,ok,0.34782608695652173,0.33567414342587026,4,184,46,9,9.0,9,pertrace_unsupervised_movement_signal,pertrace_tau9_embed9
monkeyM_session-o081106010-15_lfp-5,M,o081106010-15,5,post_go,direction,torus_geometry_15,ok,0.5957446808510638,0.5953325025489974,2,188,94,9,9.0,9,pertrace_unsupervised_movement_signal,pertrace_tau9_embed9
monkeyM_session-o081106010-15_lfp-5,M,o081106010-15,5,post_go,delay,torus_geometry_15,ok,0.5752688172043011,0.5751582964697719,2,186,93,9,9.0,9,pertrace_unsupervised_movement_signal,pertrace_tau9_embed9
monkeyM_session-o081106010-15_lfp-5,M,o081106010-15,5,post_go,condition,torus_geometry_15,ok,0.3423913043478261,0.3222360523644608,4,184,46,9,9.0,9,pertrace_unsupervised_movement_signal,pertrace_tau9_embed9
monkeyM_session-o081106016-19_lfp-3,M,o081106016-19,3,pre_go,direction,torus_geometry_15,ok,0.5614035087719298,0.5612684729064039,2,114,57,8,8.0,7,pertrace_unsupervised_movement_signal,pertrace_tau8_embed7
monkeyM_session-o081106016-19_lfp-3,M,o081106016-19,3,pre_go,delay,torus_geometry_15,ok,0.6160714285714286,0.6160408195806426,2,112,56,8,8.0,7,pertrace_unsupervised_movement_signal,pertrace_tau8_embed7
monkeyM_session-o081106016-19_lfp-3,M,o081106016-19,3,pre_go,condition,torus_geometry_15,ok,0.39285714285714285,0.3861997534394701,4,112,28,8,8.0,7,pertrace_unsupervised_movement_signal,pertrace_tau8_embed7
monkeyM_session-o081106016-19_lfp-3,M,o081106016-19,3,peri_go,direction,torus_geometry_15,ok,0.47368421052631576,0.4735221674876847,2,114,57,8,8.0,7,pertrace_unsupervised_movement_signal,pertrace_tau8_embed7
monkeyM_session-o081106016-19_lfp-3,M,o081106016-19,3,peri_go,delay,torus_geometry_15,ok,0.5446428571428571,0.544315915436777,2,112,56,8,8.0,7,pertrace_unsupervised_movement_signal,pertrace_tau8_embed7
monkeyM_session-o081106016-19_lfp-3,M,o081106016-19,3,peri_go,condition,torus_geometry_15,ok,0.29464285714285715,0.2883563245265373,4,112,28,8,8.0,7,pertrace_unsupervised_movement_signal,pertrace_tau8_embed7
monkeyM_session-o081106016-19_lfp-3,M,o081106016-19,3,movement,direction,torus_geometry_15,ok,0.43859649122807015,0.43842364532019706,2,114,57,8,8.0,7,pertrace_unsupervised_movement_signal,pertrace_tau8_embed7
monkeyM_session-o081106016-19_lfp-3,M,o081106016-19,3,movement,delay,torus_geometry_15,ok,0.5178571428571429,0.5102040816326531,2,112,56,8,8.0,7,pertrace_unsupervised_movement_signal,pertrace_tau8_embed7
monkeyM_session-o081106016-19_lfp-3,M,o081106016-19,3,movement,condition,torus_geometry_15,ok,0.21428571428571427,0.21332905365644894,4,112,28,8,8.0,7,pertrace_unsupervised_movement_signal,pertrace_tau8_embed7
monkeyM_session-o081106016-19_lfp-3,M,o081106016-19,3,post_go,direction,torus_geometry_15,ok,0.5877192982456141,0.586924678128132,2,114,57,8,8.0,7,pertrace_unsupervised_movement_signal,pertrace_tau8_embed7
monkeyM_session-o081106016-19_lfp-3,M,o081106016-19,3,post_go,delay,torus_geometry_15,ok,0.5892857142857143,0.5881036136872402,2,112,56,8,8.0,7,pertrace_unsupervised_movement_signal,pertrace_tau8_embed7
monkeyM_session-o081106016-19_lfp-3,M,o081106016-19,3,post_go,condition,torus_geometry_15,ok,0.3392857142857143,0.3405546995377504,4,112,28,8,8.0,7,pertrace_unsupervised_movement_signal,pertrace_tau8_embed7
monkeyM_session-o081106016-19_lfp-5,M,o081106016-19,5,pre_go,direction,torus_geometry_15,ok,0.5877192982456141,0.587687572143132,2,114,57,8,8.0,9,pertrace_unsupervised_movement_signal,pertrace_tau8_embed9
monkeyM_session-o081106016-19_lfp-5,M,o081106016-19,5,pre_go,delay,torus_geometry_15,ok,0.6964285714285714,0.6963317384370016,2,112,56,8,8.0,9,pertrace_unsupervised_movement_signal,pertrace_tau8_embed9
monkeyM_session-o081106016-19_lfp-5,M,o081106016-19,5,pre_go,condition,torus_geometry_15,ok,0.29464285714285715,0.2948507632718159,4,112,28,8,8.0,9,pertrace_unsupervised_movement_signal,pertrace_tau8_embed9
monkeyM_session-o081106016-19_lfp-5,M,o081106016-19,5,peri_go,direction,torus_geometry_15,ok,0.5789473684210527,0.5784283513097073,2,114,57,8,8.0,9,pertrace_unsupervised_movement_signal,pertrace_tau8_embed9
monkeyM_session-o081106016-19_lfp-5,M,o081106016-19,5,peri_go,delay,torus_geometry_15,ok,0.5446428571428571,0.544606553456111,2,112,56,8,8.0,9,pertrace_unsupervised_movement_signal,pertrace_tau8_embed9
monkeyM_session-o081106016-19_lfp-5,M,o081106016-19,5,peri_go,condition,torus_geometry_15,ok,0.36607142857142855,0.3682437535877217,4,112,28,8,8.0,9,pertrace_unsupervised_movement_signal,pertrace_tau8_embed9
monkeyM_session-o081106016-19_lfp-5,M,o081106016-19,5,movement,direction,torus_geometry_15,ok,0.5526315789473685,0.5517693315858454,2,114,57,8,8.0,9,pertrace_unsupervised_movement_signal,pertrace_tau8_embed9
monkeyM_session-o081106016-19_lfp-5,M,o081106016-19,5,movement,delay,torus_geometry_15,ok,0.5357142857142857,0.5357142857142857,2,112,56,8,8.0,9,pertrace_unsupervised_movement_signal,pertrace_tau8_embed9
monkeyM_session-o081106016-19_lfp-5,M,o081106016-19,5,movement,condition,torus_geometry_15,ok,0.26785714285714285,0.2644127377998346,4,112,28,8,8.0,9,pertrace_unsupervised_movement_signal,pertrace_tau8_embed9
monkeyM_session-o081106016-19_lfp-5,M,o081106016-19,5,post_go,direction,torus_geometry_15,ok,0.5263157894736842,0.5142045454545454,2,114,57,8,8.0,9,pertrace_unsupervised_movement_signal,pertrace_tau8_embed9
monkeyM_session-o081106016-19_lfp-5,M,o081106016-19,5,post_go,delay,torus_geometry_15,ok,0.5535714285714286,0.5534290271132376,2,112,56,8,8.0,9,pertrace_unsupervised_movement_signal,pertrace_tau8_embed9
monkeyM_session-o081106016-19_lfp-5,M,o081106016-19,5,post_go,condition,torus_geometry_15,ok,0.2857142857142857,0.27486774721503615,4,112,28,8,8.0,9,pertrace_unsupervised_movement_signal,pertrace_tau8_embed9
monkeyM_session-o081107007-13_lfp-1,M,o081107007-13,1,pre_go,direction,torus_geometry_15,ok,0.19166666666666668,0.19078132377580206,6,240,40,8,8.0,5,pertrace_unsupervised_movement_signal,pertrace_tau8_embed5
monkeyM_session-o081107007-13_lfp-1,M,o081107007-13,1,pre_go,delay,torus_geometry_15,ok,0.7991452991452992,0.7987004667337787,2,234,117,8,8.0,5,pertrace_unsupervised_movement_signal,pertrace_tau8_embed5
monkeyM_session-o081107007-13_lfp-1,M,o081107007-13,1,pre_go,condition,torus_geometry_15,ok,0.14351851851851852,0.136383252391682,12,216,18,8,8.0,5,pertrace_unsupervised_movement_signal,pertrace_tau8_embed5
monkeyM_session-o081107007-13_lfp-1,M,o081107007-13,1,peri_go,direction,torus_geometry_15,ok,0.20833333333333334,0.1970435429861369,6,240,40,8,8.0,5,pertrace_unsupervised_movement_signal,pertrace_tau8_embed5
monkeyM_session-o081107007-13_lfp-1,M,o081107007-13,1,peri_go,delay,torus_geometry_15,ok,0.6324786324786325,0.631158357771261,2,234,117,8,8.0,5,pertrace_unsupervised_movement_signal,pertrace_tau8_embed5
monkeyM_session-o081107007-13_lfp-1,M,o081107007-13,1,peri_go,condition,torus_geometry_15,ok,0.07407407407407407,0.06699766941636934,12,216,18,8,8.0,5,pertrace_unsupervised_movement_signal,pertrace_tau8_embed5
monkeyM_session-o081107007-13_lfp-1,M,o081107007-13,1,movement,direction,torus_geometry_15,ok,0.17916666666666667,0.17253652076228507,6,240,40,8,8.0,5,pertrace_unsupervised_movement_signal,pertrace_tau8_embed5
monkeyM_session-o081107007-13_lfp-1,M,o081107007-13,1,movement,delay,torus_geometry_15,ok,0.6239316239316239,0.6239316239316239,2,234,117,8,8.0,5,pertrace_unsupervised_movement_signal,pertrace_tau8_embed5
monkeyM_session-o081107007-13_lfp-1,M,o081107007-13,1,movement,condition,torus_geometry_15,ok,0.1388888888888889,0.1307265325137487,12,216,18,8,8.0,5,pertrace_unsupervised_movement_signal,pertrace_tau8_embed5
monkeyM_session-o081107007-13_lfp-1,M,o081107007-13,1,post_go,direction,torus_geometry_15,ok,0.19166666666666668,0.18527329395750447,6,240,40,8,8.0,5,pertrace_unsupervised_movement_signal,pertrace_tau8_embed5
monkeyM_session-o081107007-13_lfp-1,M,o081107007-13,1,post_go,delay,torus_geometry_15,ok,0.5726495726495726,0.5711143695014662,2,234,117,8,8.0,5,pertrace_unsupervised_movement_signal,pertrace_tau8_embed5
monkeyM_session-o081107007-13_lfp-1,M,o081107007-13,1,post_go,condition,torus_geometry_15,ok,0.0787037037037037,0.06891903362491598,12,216,18,8,8.0,5,pertrace_unsupervised_movement_signal,pertrace_tau8_embed5
monkeyM_session-o081107007-13_lfp-2,M,o081107007-13,2,pre_go,direction,torus_geometry_15,ok,0.13333333333333333,0.12740948233545732,6,240,40,60,60.0,5,pertrace_unsupervised_movement_signal,pertrace_tau60_embed5
monkeyM_session-o081107007-13_lfp-2,M,o081107007-13,2,pre_go,delay,torus_geometry_15,ok,0.7350427350427351,0.7348684210526316,2,234,117,60,60.0,5,pertrace_unsupervised_movement_signal,pertrace_tau60_embed5
monkeyM_session-o081107007-13_lfp-2,M,o081107007-13,2,pre_go,condition,torus_geometry_15,ok,0.08796296296296297,0.08091336248500493,12,216,18,60,60.0,5,pertrace_unsupervised_movement_signal,pertrace_tau60_embed5
monkeyM_session-o081107007-13_lfp-2,M,o081107007-13,2,peri_go,direction,torus_geometry_15,ok,0.1625,0.16110402662810655,6,240,40,60,60.0,5,pertrace_unsupervised_movement_signal,pertrace_tau60_embed5
monkeyM_session-o081107007-13_lfp-2,M,o081107007-13,2,peri_go,delay,torus_geometry_15,ok,0.6923076923076923,0.6917447306791569,2,234,117,60,60.0,5,pertrace_unsupervised_movement_signal,pertrace_tau60_embed5
monkeyM_session-o081107007-13_lfp-2,M,o081107007-13,2,peri_go,condition,torus_geometry_15,ok,0.06944444444444445,0.06145003618912537,12,216,18,60,60.0,5,pertrace_unsupervised_movement_signal,pertrace_tau60_embed5
monkeyM_session-o081107007-13_lfp-2,M,o081107007-13,2,movement,direction,torus_geometry_15,ok,0.18333333333333332,0.1790842246505634,6,240,40,60,60.0,5,pertrace_unsupervised_movement_signal,pertrace_tau60_embed5
monkeyM_session-o081107007-13_lfp-2,M,o081107007-13,2,movement,delay,torus_geometry_15,ok,0.5854700854700855,0.5854625148388275,2,234,117,60,60.0,5,pertrace_unsupervised_movement_signal,pertrace_tau60_embed5
monkeyM_session-o081107007-13_lfp-2,M,o081107007-13,2,movement,condition,torus_geometry_15,ok,0.09722222222222222,0.08525848956328917,12,216,18,60,60.0,5,pertrace_unsupervised_movement_signal,pertrace_tau60_embed5
monkeyM_session-o081107007-13_lfp-2,M,o081107007-13,2,post_go,direction,torus_geometry_15,ok,0.23333333333333334,0.22110805446669,6,240,40,60,60.0,5,pertrace_unsupervised_movement_signal,pertrace_tau60_embed5
monkeyM_session-o081107007-13_lfp-2,M,o081107007-13,2,post_go,delay,torus_geometry_15,ok,0.5042735042735043,0.5033665105386417,2,234,117,60,60.0,5,pertrace_unsupervised_movement_signal,pertrace_tau60_embed5
monkeyM_session-o081107007-13_lfp-2,M,o081107007-13,2,post_go,condition,torus_geometry_15,ok,0.125,0.11696101460577635,12,216,18,60,60.0,5,pertrace_unsupervised_movement_signal,pertrace_tau60_embed5
monkeyM_session-o081113002-9_lfp-1,M,o081113002-9,1,pre_go,direction,torus_geometry_15,ok,0.21666666666666667,0.21317792034880134,6,240,40,17,17.0,5,pertrace_unsupervised_movement_signal,pertrace_tau17_embed5
monkeyM_session-o081113002-9_lfp-1,M,o081113002-9,1,pre_go,delay,torus_geometry_15,ok,0.575,0.5747342088805503,2,240,120,17,17.0,5,pertrace_unsupervised_movement_signal,pertrace_tau17_embed5
monkeyM_session-o081113002-9_lfp-1,M,o081113002-9,1,pre_go,condition,torus_geometry_15,ok,0.10833333333333334,0.10410795382645806,12,240,20,17,17.0,5,pertrace_unsupervised_movement_signal,pertrace_tau17_embed5
monkeyM_session-o081113002-9_lfp-1,M,o081113002-9,1,peri_go,direction,torus_geometry_15,ok,0.16666666666666666,0.1665590009213791,6,240,40,17,17.0,5,pertrace_unsupervised_movement_signal,pertrace_tau17_embed5
monkeyM_session-o081113002-9_lfp-1,M,o081113002-9,1,peri_go,delay,torus_geometry_15,ok,0.5458333333333333,0.545636126791142,2,240,120,17,17.0,5,pertrace_unsupervised_movement_signal,pertrace_tau17_embed5
monkeyM_session-o081113002-9_lfp-1,M,o081113002-9,1,peri_go,condition,torus_geometry_15,ok,0.075,0.07132776246058292,12,240,20,17,17.0,5,pertrace_unsupervised_movement_signal,pertrace_tau17_embed5
monkeyM_session-o081113002-9_lfp-1,M,o081113002-9,1,movement,direction,torus_geometry_15,ok,0.1375,0.13495912300260127,6,240,40,17,17.0,5,pertrace_unsupervised_movement_signal,pertrace_tau17_embed5
monkeyM_session-o081113002-9_lfp-1,M,o081113002-9,1,movement,delay,torus_geometry_15,ok,0.5291666666666667,0.5290930874615826,2,240,120,17,17.0,5,pertrace_unsupervised_movement_signal,pertrace_tau17_embed5
monkeyM_session-o081113002-9_lfp-1,M,o081113002-9,1,movement,condition,torus_geometry_15,ok,0.10416666666666667,0.08912568912568913,12,240,20,17,17.0,5,pertrace_unsupervised_movement_signal,pertrace_tau17_embed5
monkeyM_session-o081113002-9_lfp-1,M,o081113002-9,1,post_go,direction,torus_geometry_15,ok,0.20416666666666666,0.19513447121136995,6,240,40,17,17.0,5,pertrace_unsupervised_movement_signal,pertrace_tau17_embed5
monkeyM_session-o081113002-9_lfp-1,M,o081113002-9,1,post_go,delay,torus_geometry_15,ok,0.5333333333333333,0.5333009236752553,2,240,120,17,17.0,5,pertrace_unsupervised_movement_signal,pertrace_tau17_embed5
monkeyM_session-o081113002-9_lfp-1,M,o081113002-9,1,post_go,condition,torus_geometry_15,ok,0.0875,0.07919702836789355,12,240,20,17,17.0,5,pertrace_unsupervised_movement_signal,pertrace_tau17_embed5
monkeyM_session-o081113002-9_lfp-2,M,o081113002-9,2,pre_go,direction,torus_geometry_15,ok,0.13333333333333333,0.12407919066693533,6,240,40,16,16.0,5,pertrace_unsupervised_movement_signal,pertrace_tau16_embed5
monkeyM_session-o081113002-9_lfp-2,M,o081113002-9,2,pre_go,delay,torus_geometry_15,ok,0.5375,0.5371062188319925,2,240,120,16,16.0,5,pertrace_unsupervised_movement_signal,pertrace_tau16_embed5
monkeyM_session-o081113002-9_lfp-2,M,o081113002-9,2,pre_go,condition,torus_geometry_15,ok,0.0875,0.07766352608261863,12,240,20,16,16.0,5,pertrace_unsupervised_movement_signal,pertrace_tau16_embed5
monkeyM_session-o081113002-9_lfp-2,M,o081113002-9,2,peri_go,direction,torus_geometry_15,ok,0.14166666666666666,0.12725289671831289,6,240,40,16,16.0,5,pertrace_unsupervised_movement_signal,pertrace_tau16_embed5
monkeyM_session-o081113002-9_lfp-2,M,o081113002-9,2,peri_go,delay,torus_geometry_15,ok,0.5958333333333333,0.5949825153534334,2,240,120,16,16.0,5,pertrace_unsupervised_movement_signal,pertrace_tau16_embed5
monkeyM_session-o081113002-9_lfp-2,M,o081113002-9,2,peri_go,condition,torus_geometry_15,ok,0.09166666666666666,0.08301820122090486,12,240,20,16,16.0,5,pertrace_unsupervised_movement_signal,pertrace_tau16_embed5
monkeyM_session-o081113002-9_lfp-2,M,o081113002-9,2,movement,direction,torus_geometry_15,ok,0.19583333333333333,0.1940172623132036,6,240,40,16,16.0,5,pertrace_unsupervised_movement_signal,pertrace_tau16_embed5
monkeyM_session-o081113002-9_lfp-2,M,o081113002-9,2,movement,delay,torus_geometry_15,ok,0.575,0.575,2,240,120,16,16.0,5,pertrace_unsupervised_movement_signal,pertrace_tau16_embed5
monkeyM_session-o081113002-9_lfp-2,M,o081113002-9,2,movement,condition,torus_geometry_15,ok,0.1375,0.1284049217201391,12,240,20,16,16.0,5,pertrace_unsupervised_movement_signal,pertrace_tau16_embed5
monkeyM_session-o081113002-9_lfp-2,M,o081113002-9,2,post_go,direction,torus_geometry_15,ok,0.22083333333333333,0.2123910605383809,6,240,40,16,16.0,5,pertrace_unsupervised_movement_signal,pertrace_tau16_embed5
monkeyM_session-o081113002-9_lfp-2,M,o081113002-9,2,post_go,delay,torus_geometry_15,ok,0.5458333333333333,0.545636126791142,2,240,120,16,16.0,5,pertrace_unsupervised_movement_signal,pertrace_tau16_embed5
monkeyM_session-o081113002-9_lfp-2,M,o081113002-9,2,post_go,condition,torus_geometry_15,ok,0.10833333333333334,0.09114177632033488,12,240,20,16,16.0,5,pertrace_unsupervised_movement_signal,pertrace_tau16_embed5
monkeyM_session-o081113011-13_lfp-1,M,o081113011-13,1,pre_go,direction,torus_geometry_15,ok,0.5833333333333334,0.5822890559732665,2,120,60,15,15.0,5,pertrace_unsupervised_movement_signal,pertrace_tau15_embed5
monkeyM_session-o081113011-13_lfp-1,M,o081113011-13,1,pre_go,delay,torus_geometry_15,ok,0.55,0.5498749652681301,2,120,60,15,15.0,5,pertrace_unsupervised_movement_signal,pertrace_tau15_embed5
monkeyM_session-o081113011-13_lfp-1,M,o081113011-13,1,pre_go,condition,torus_geometry_15,ok,0.4,0.3912205229059313,4,120,30,15,15.0,5,pertrace_unsupervised_movement_signal,pertrace_tau15_embed5
monkeyM_session-o081113011-13_lfp-1,M,o081113011-13,1,peri_go,direction,torus_geometry_15,ok,0.425,0.42174732872407295,2,120,60,15,15.0,5,pertrace_unsupervised_movement_signal,pertrace_tau15_embed5
monkeyM_session-o081113011-13_lfp-1,M,o081113011-13,1,peri_go,delay,torus_geometry_15,ok,0.6833333333333333,0.6825396825396826,2,120,60,15,15.0,5,pertrace_unsupervised_movement_signal,pertrace_tau15_embed5
monkeyM_session-o081113011-13_lfp-1,M,o081113011-13,1,peri_go,condition,torus_geometry_15,ok,0.325,0.3247085714657115,4,120,30,15,15.0,5,pertrace_unsupervised_movement_signal,pertrace_tau15_embed5
monkeyM_session-o081113011-13_lfp-1,M,o081113011-13,1,movement,direction,torus_geometry_15,ok,0.55,0.55,2,120,60,15,15.0,5,pertrace_unsupervised_movement_signal,pertrace_tau15_embed5
monkeyM_session-o081113011-13_lfp-1,M,o081113011-13,1,movement,delay,torus_geometry_15,ok,0.6083333333333333,0.6080883885761934,2,120,60,15,15.0,5,pertrace_unsupervised_movement_signal,pertrace_tau15_embed5
monkeyM_session-o081113011-13_lfp-1,M,o081113011-13,1,movement,condition,torus_geometry_15,ok,0.30833333333333335,0.30364908161518334,4,120,30,15,15.0,5,pertrace_unsupervised_movement_signal,pertrace_tau15_embed5
monkeyM_session-o081113011-13_lfp-1,M,o081113011-13,1,post_go,direction,torus_geometry_15,ok,0.5166666666666667,0.5165323701028064,2,120,60,15,15.0,5,pertrace_unsupervised_movement_signal,pertrace_tau15_embed5
monkeyM_session-o081113011-13_lfp-1,M,o081113011-13,1,post_go,delay,torus_geometry_15,ok,0.6166666666666667,0.6165601555987774,2,120,60,15,15.0,5,pertrace_unsupervised_movement_signal,pertrace_tau15_embed5
monkeyM_session-o081113011-13_lfp-1,M,o081113011-13,1,post_go,condition,torus_geometry_15,ok,0.3,0.2971143234003607,4,120,30,15,15.0,5,pertrace_unsupervised_movement_signal,pertrace_tau15_embed5
monkeyM_session-o081113011-13_lfp-2,M,o081113011-13,2,pre_go,direction,torus_geometry_15,ok,0.5416666666666666,0.5413800291849072,2,120,60,14,14.0,3,pertrace_unsupervised_movement_signal,pertrace_tau14_embed3
monkeyM_session-o081113011-13_lfp-2,M,o081113011-13,2,pre_go,delay,torus_geometry_15,ok,0.5833333333333334,0.5822890559732665,2,120,60,14,14.0,3,pertrace_unsupervised_movement_signal,pertrace_tau14_embed3
monkeyM_session-o081113011-13_lfp-2,M,o081113011-13,2,pre_go,condition,torus_geometry_15,ok,0.2833333333333333,0.2832672843092404,4,120,30,14,14.0,3,pertrace_unsupervised_movement_signal,pertrace_tau14_embed3
monkeyM_session-o081113011-13_lfp-2,M,o081113011-13,2,peri_go,direction,torus_geometry_15,ok,0.4,0.4,2,120,60,14,14.0,3,pertrace_unsupervised_movement_signal,pertrace_tau14_embed3
monkeyM_session-o081113011-13_lfp-2,M,o081113011-13,2,peri_go,delay,torus_geometry_15,ok,0.8583333333333333,0.858323494687131,2,120,60,14,14.0,3,pertrace_unsupervised_movement_signal,pertrace_tau14_embed3
monkeyM_session-o081113011-13_lfp-2,M,o081113011-13,2,peri_go,condition,torus_geometry_15,ok,0.44166666666666665,0.44266529356659134,4,120,30,14,14.0,3,pertrace_unsupervised_movement_signal,pertrace_tau14_embed3
monkeyM_session-o081113011-13_lfp-2,M,o081113011-13,2,movement,direction,torus_geometry_15,ok,0.5166666666666667,0.5165323701028064,2,120,60,14,14.0,3,pertrace_unsupervised_movement_signal,pertrace_tau14_embed3
monkeyM_session-o081113011-13_lfp-2,M,o081113011-13,2,movement,delay,torus_geometry_15,ok,0.6583333333333333,0.6571667479618145,2,120,60,14,14.0,3,pertrace_unsupervised_movement_signal,pertrace_tau14_embed3
monkeyM_session-o081113011-13_lfp-2,M,o081113011-13,2,movement,condition,torus_geometry_15,ok,0.325,0.323832051601745,4,120,30,14,14.0,3,pertrace_unsupervised_movement_signal,pertrace_tau14_embed3
monkeyM_session-o081113011-13_lfp-2,M,o081113011-13,2,post_go,direction,torus_geometry_15,ok,0.44166666666666665,0.4413174900979779,2,120,60,14,14.0,3,pertrace_unsupervised_movement_signal,pertrace_tau14_embed3
monkeyM_session-o081113011-13_lfp-2,M,o081113011-13,2,post_go,delay,torus_geometry_15,ok,0.5916666666666667,0.591411298728372,2,120,60,14,14.0,3,pertrace_unsupervised_movement_signal,pertrace_tau14_embed3
monkeyM_session-o081113011-13_lfp-2,M,o081113011-13,2,post_go,condition,torus_geometry_15,ok,0.2916666666666667,0.28954581413746566,4,120,30,14,14.0,3,pertrace_unsupervised_movement_signal,pertrace_tau14_embed3
monkeyM_session-o081113014-16_lfp-1,M,o081113014-16,1,pre_go,direction,torus_geometry_15,ok,0.6,0.599208312716477,2,90,45,18,18.0,7,pertrace_unsupervised_movement_signal,pertrace_tau18_embed7
monkeyM_session-o081113014-16_lfp-1,M,o081113014-16,1,pre_go,delay,torus_geometry_15,ok,0.5111111111111111,0.5072175211548033,2,90,45,18,18.0,7,pertrace_unsupervised_movement_signal,pertrace_tau18_embed7
monkeyM_session-o081113014-16_lfp-1,M,o081113014-16,1,pre_go,condition,torus_geometry_15,ok,0.2976190476190476,0.29738768982955033,4,84,21,18,18.0,7,pertrace_unsupervised_movement_signal,pertrace_tau18_embed7
monkeyM_session-o081113014-16_lfp-1,M,o081113014-16,1,peri_go,direction,torus_geometry_15,ok,0.6,0.6,2,90,45,18,18.0,7,pertrace_unsupervised_movement_signal,pertrace_tau18_embed7
monkeyM_session-o081113014-16_lfp-1,M,o081113014-16,1,peri_go,delay,torus_geometry_15,ok,0.5333333333333333,0.5324096981692232,2,90,45,18,18.0,7,pertrace_unsupervised_movement_signal,pertrace_tau18_embed7
monkeyM_session-o081113014-16_lfp-1,M,o081113014-16,1,peri_go,condition,torus_geometry_15,ok,0.32142857142857145,0.31181218333922467,4,84,21,18,18.0,7,pertrace_unsupervised_movement_signal,pertrace_tau18_embed7
monkeyM_session-o081113014-16_lfp-1,M,o081113014-16,1,movement,direction,torus_geometry_15,ok,0.5444444444444444,0.5443881960735893,2,90,45,18,18.0,7,pertrace_unsupervised_movement_signal,pertrace_tau18_embed7
monkeyM_session-o081113014-16_lfp-1,M,o081113014-16,1,movement,delay,torus_geometry_15,ok,0.6111111111111112,0.610678531701891,2,90,45,18,18.0,7,pertrace_unsupervised_movement_signal,pertrace_tau18_embed7
monkeyM_session-o081113014-16_lfp-1,M,o081113014-16,1,movement,condition,torus_geometry_15,ok,0.32142857142857145,0.31903651903651903,4,84,21,18,18.0,7,pertrace_unsupervised_movement_signal,pertrace_tau18_embed7
monkeyM_session-o081113014-16_lfp-1,M,o081113014-16,1,post_go,direction,torus_geometry_15,ok,0.5555555555555556,0.5546759030183077,2,90,45,18,18.0,7,pertrace_unsupervised_movement_signal,pertrace_tau18_embed7
monkeyM_session-o081113014-16_lfp-1,M,o081113014-16,1,post_go,delay,torus_geometry_15,ok,0.6333333333333333,0.6329254727474972,2,90,45,18,18.0,7,pertrace_unsupervised_movement_signal,pertrace_tau18_embed7
monkeyM_session-o081113014-16_lfp-1,M,o081113014-16,1,post_go,condition,torus_geometry_15,ok,0.40476190476190477,0.39639865827754023,4,84,21,18,18.0,7,pertrace_unsupervised_movement_signal,pertrace_tau18_embed7
monkeyM_session-o081113014-16_lfp-2,M,o081113014-16,2,pre_go,direction,torus_geometry_15,ok,0.5222222222222223,0.5207430340557275,2,90,45,12,12.0,3,pertrace_unsupervised_movement_signal,pertrace_tau12_embed3
monkeyM_session-o081113014-16_lfp-2,M,o081113014-16,2,pre_go,delay,torus_geometry_15,ok,0.5888888888888889,0.5888381281639709,2,90,45,12,12.0,3,pertrace_unsupervised_movement_signal,pertrace_tau12_embed3
monkeyM_session-o081113014-16_lfp-2,M,o081113014-16,2,pre_go,condition,torus_geometry_15,ok,0.25,0.2515598411798072,4,84,21,12,12.0,3,pertrace_unsupervised_movement_signal,pertrace_tau12_embed3
monkeyM_session-o081113014-16_lfp-2,M,o081113014-16,2,peri_go,direction,torus_geometry_15,ok,0.45555555555555555,0.4500561167227834,2,90,45,12,12.0,3,pertrace_unsupervised_movement_signal,pertrace_tau12_embed3
monkeyM_session-o081113014-16_lfp-2,M,o081113014-16,2,peri_go,delay,torus_geometry_15,ok,0.5666666666666667,0.5666131621187801,2,90,45,12,12.0,3,pertrace_unsupervised_movement_signal,pertrace_tau12_embed3
monkeyM_session-o081113014-16_lfp-2,M,o081113014-16,2,peri_go,condition,torus_geometry_15,ok,0.2619047619047619,0.25519940712053957,4,84,21,12,12.0,3,pertrace_unsupervised_movement_signal,pertrace_tau12_embed3
monkeyM_session-o081113014-16_lfp-2,M,o081113014-16,2,movement,direction,torus_geometry_15,ok,0.5777777777777777,0.5769421078673924,2,90,45,12,12.0,3,pertrace_unsupervised_movement_signal,pertrace_tau12_embed3
monkeyM_session-o081113014-16_lfp-2,M,o081113014-16,2,movement,delay,torus_geometry_15,ok,0.4666666666666667,0.46640316205533594,2,90,45,12,12.0,3,pertrace_unsupervised_movement_signal,pertrace_tau12_embed3
monkeyM_session-o081113014-16_lfp-2,M,o081113014-16,2,movement,condition,torus_geometry_15,ok,0.2857142857142857,0.2844921323644728,4,84,21,12,12.0,3,pertrace_unsupervised_movement_signal,pertrace_tau12_embed3
monkeyM_session-o081113014-16_lfp-2,M,o081113014-16,2,post_go,direction,torus_geometry_15,ok,0.5333333333333333,0.5324096981692232,2,90,45,12,12.0,3,pertrace_unsupervised_movement_signal,pertrace_tau12_embed3
monkeyM_session-o081113014-16_lfp-2,M,o081113014-16,2,post_go,delay,torus_geometry_15,ok,0.6,0.5982142857142857,2,90,45,12,12.0,3,pertrace_unsupervised_movement_signal,pertrace_tau12_embed3
monkeyM_session-o081113014-16_lfp-2,M,o081113014-16,2,post_go,condition,torus_geometry_15,ok,0.27380952380952384,0.27138036854429365,4,84,21,12,12.0,3,pertrace_unsupervised_movement_signal,pertrace_tau12_embed3
monkeyM_session-o081118001-3_lfp-1,M,o081118001-3,1,pre_go,direction,torus_geometry_15,ok,0.6222222222222222,0.6220355731225297,2,90,45,28,28.0,5,pertrace_unsupervised_movement_signal,pertrace_tau28_embed5
monkeyM_session-o081118001-3_lfp-1,M,o081118001-3,1,pre_go,delay,torus_geometry_15,ok,0.4772727272727273,0.4772727272727273,2,88,44,28,28.0,5,pertrace_unsupervised_movement_signal,pertrace_tau28_embed5
monkeyM_session-o081118001-3_lfp-1,M,o081118001-3,1,pre_go,condition,torus_geometry_15,ok,0.2261904761904762,0.23077021322362937,4,84,21,28,28.0,5,pertrace_unsupervised_movement_signal,pertrace_tau28_embed5
monkeyM_session-o081118001-3_lfp-1,M,o081118001-3,1,peri_go,direction,torus_geometry_15,ok,0.43333333333333335,0.43270300333704115,2,90,45,28,28.0,5,pertrace_unsupervised_movement_signal,pertrace_tau28_embed5
monkeyM_session-o081118001-3_lfp-1,M,o081118001-3,1,peri_go,delay,torus_geometry_15,ok,0.6022727272727273,0.6018099547511313,2,88,44,28,28.0,5,pertrace_unsupervised_movement_signal,pertrace_tau28_embed5
monkeyM_session-o081118001-3_lfp-1,M,o081118001-3,1,peri_go,condition,torus_geometry_15,ok,0.23809523809523808,0.2430121878173911,4,84,21,28,28.0,5,pertrace_unsupervised_movement_signal,pertrace_tau28_embed5
monkeyM_session-o081118001-3_lfp-1,M,o081118001-3,1,movement,direction,torus_geometry_15,ok,0.375,0.37297577406399796,2,88,44,28,28.0,5,pertrace_unsupervised_movement_signal,pertrace_tau28_embed5
monkeyM_session-o081118001-3_lfp-1,M,o081118001-3,1,movement,delay,torus_geometry_15,ok,0.5227272727272727,0.5224806201550387,2,88,44,28,28.0,5,pertrace_unsupervised_movement_signal,pertrace_tau28_embed5
monkeyM_session-o081118001-3_lfp-1,M,o081118001-3,1,movement,condition,torus_geometry_15,ok,0.16666666666666666,0.1675595238095238,4,84,21,28,28.0,5,pertrace_unsupervised_movement_signal,pertrace_tau28_embed5
monkeyM_session-o081118001-3_lfp-1,M,o081118001-3,1,post_go,direction,torus_geometry_15,ok,0.4777777777777778,0.47771329793801703,2,90,45,28,28.0,5,pertrace_unsupervised_movement_signal,pertrace_tau28_embed5
monkeyM_session-o081118001-3_lfp-1,M,o081118001-3,1,post_go,delay,torus_geometry_15,ok,0.5568181818181818,0.5553828216090168,2,88,44,28,28.0,5,pertrace_unsupervised_movement_signal,pertrace_tau28_embed5
monkeyM_session-o081118001-3_lfp-1,M,o081118001-3,1,post_go,condition,torus_geometry_15,ok,0.30952380952380953,0.2958312968393614,4,84,21,28,28.0,5,pertrace_unsupervised_movement_signal,pertrace_tau28_embed5
monkeyM_session-o081118001-3_lfp-2,M,o081118001-3,2,pre_go,direction,torus_geometry_15,ok,0.4888888888888889,0.48863636363636365,2,90,45,15,15.0,7,pertrace_unsupervised_movement_signal,pertrace_tau15_embed7
monkeyM_session-o081118001-3_lfp-2,M,o081118001-3,2,pre_go,delay,torus_geometry_15,ok,0.6590909090909091,0.6589147286821706,2,88,44,15,15.0,7,pertrace_unsupervised_movement_signal,pertrace_tau15_embed7
monkeyM_session-o081118001-3_lfp-2,M,o081118001-3,2,pre_go,condition,torus_geometry_15,ok,0.2857142857142857,0.2773171624235454,4,84,21,15,15.0,7,pertrace_unsupervised_movement_signal,pertrace_tau15_embed7
monkeyM_session-o081118001-3_lfp-2,M,o081118001-3,2,peri_go,direction,torus_geometry_15,ok,0.5444444444444444,0.5430340557275541,2,90,45,15,15.0,7,pertrace_unsupervised_movement_signal,pertrace_tau15_embed7
monkeyM_session-o081118001-3_lfp-2,M,o081118001-3,2,peri_go,delay,torus_geometry_15,ok,0.7272727272727273,0.7271317829457364,2,88,44,15,15.0,7,pertrace_unsupervised_movement_signal,pertrace_tau15_embed7
monkeyM_session-o081118001-3_lfp-2,M,o081118001-3,2,peri_go,condition,torus_geometry_15,ok,0.38095238095238093,0.37250816993464053,4,84,21,15,15.0,7,pertrace_unsupervised_movement_signal,pertrace_tau15_embed7
monkeyM_session-o081118001-3_lfp-2,M,o081118001-3,2,movement,direction,torus_geometry_15,ok,0.4090909090909091,0.40878552971576226,2,88,44,15,15.0,7,pertrace_unsupervised_movement_signal,pertrace_tau15_embed7
monkeyM_session-o081118001-3_lfp-2,M,o081118001-3,2,movement,delay,torus_geometry_15,ok,0.5568181818181818,0.5563025210084034,2,88,44,15,15.0,7,pertrace_unsupervised_movement_signal,pertrace_tau15_embed7
monkeyM_session-o081118001-3_lfp-2,M,o081118001-3,2,movement,condition,torus_geometry_15,ok,0.3333333333333333,0.3174545982472812,4,84,21,15,15.0,7,pertrace_unsupervised_movement_signal,pertrace_tau15_embed7
monkeyM_session-o081118001-3_lfp-2,M,o081118001-3,2,post_go,direction,torus_geometry_15,ok,0.5222222222222223,0.5221632300283986,2,90,45,15,15.0,7,pertrace_unsupervised_movement_signal,pertrace_tau15_embed7
monkeyM_session-o081118001-3_lfp-2,M,o081118001-3,2,post_go,delay,torus_geometry_15,ok,0.5681818181818182,0.5672877846790891,2,88,44,15,15.0,7,pertrace_unsupervised_movement_signal,pertrace_tau15_embed7
monkeyM_session-o081118001-3_lfp-2,M,o081118001-3,2,post_go,condition,torus_geometry_15,ok,0.27380952380952384,0.2707792207792208,4,84,21,15,15.0,7,pertrace_unsupervised_movement_signal,pertrace_tau15_embed7
monkeyM_session-o081118004-5_lfp-1,M,o081118004-5,1,pre_go,direction,torus_geometry_15,ok,0.4642857142857143,0.46420978029766125,2,84,42,15,15.0,5,pertrace_unsupervised_movement_signal,pertrace_tau15_embed5
monkeyM_session-o081118004-5_lfp-1,M,o081118004-5,1,pre_go,delay,torus_geometry_15,ok,0.47560975609756095,0.47553175665625463,2,82,41,15,15.0,5,pertrace_unsupervised_movement_signal,pertrace_tau15_embed5
monkeyM_session-o081118004-5_lfp-1,M,o081118004-5,1,pre_go,condition,torus_geometry_15,ok,0.1875,0.1759009009009009,4,80,20,15,15.0,5,pertrace_unsupervised_movement_signal,pertrace_tau15_embed5
monkeyM_session-o081118004-5_lfp-1,M,o081118004-5,1,peri_go,direction,torus_geometry_15,ok,0.36904761904761907,0.3682418050234142,2,84,42,15,15.0,5,pertrace_unsupervised_movement_signal,pertrace_tau15_embed5
monkeyM_session-o081118004-5_lfp-1,M,o081118004-5,1,peri_go,delay,torus_geometry_15,ok,0.5121951219512195,0.5119047619047619,2,82,41,15,15.0,5,pertrace_unsupervised_movement_signal,pertrace_tau15_embed5
monkeyM_session-o081118004-5_lfp-1,M,o081118004-5,1,peri_go,condition,torus_geometry_15,ok,0.2875,0.287593808630394,4,80,20,15,15.0,5,pertrace_unsupervised_movement_signal,pertrace_tau15_embed5
monkeyM_session-o081118004-5_lfp-1,M,o081118004-5,1,movement,direction,torus_geometry_15,ok,0.5,0.4954233409610984,2,84,42,15,15.0,5,pertrace_unsupervised_movement_signal,pertrace_tau15_embed5
monkeyM_session-o081118004-5_lfp-1,M,o081118004-5,1,movement,delay,torus_geometry_15,ok,0.5975609756097561,0.5975011155734047,2,82,41,15,15.0,5,pertrace_unsupervised_movement_signal,pertrace_tau15_embed5
monkeyM_session-o081118004-5_lfp-1,M,o081118004-5,1,movement,condition,torus_geometry_15,ok,0.1875,0.18761745500875934,4,80,20,15,15.0,5,pertrace_unsupervised_movement_signal,pertrace_tau15_embed5
monkeyM_session-o081118004-5_lfp-1,M,o081118004-5,1,post_go,direction,torus_geometry_15,ok,0.4880952380952381,0.48627506755795763,2,84,42,15,15.0,5,pertrace_unsupervised_movement_signal,pertrace_tau15_embed5
monkeyM_session-o081118004-5_lfp-1,M,o081118004-5,1,post_go,delay,torus_geometry_15,ok,0.524390243902439,0.522615315718764,2,82,41,15,15.0,5,pertrace_unsupervised_movement_signal,pertrace_tau15_embed5
monkeyM_session-o081118004-5_lfp-1,M,o081118004-5,1,post_go,condition,torus_geometry_15,ok,0.25,0.2409390724874201,4,80,20,15,15.0,5,pertrace_unsupervised_movement_signal,pertrace_tau15_embed5
monkeyM_session-o081118008-10_lfp-1,M,o081118008-10,1,pre_go,direction,torus_geometry_15,ok,0.5,0.49886363636363634,2,84,42,24,24.0,3,pertrace_unsupervised_movement_signal,pertrace_tau24_embed3
monkeyM_session-o081118008-10_lfp-1,M,o081118008-10,1,pre_go,delay,torus_geometry_15,ok,0.5,0.49886363636363634,2,84,42,24,24.0,3,pertrace_unsupervised_movement_signal,pertrace_tau24_embed3
monkeyM_session-o081118008-10_lfp-1,M,o081118008-10,1,pre_go,condition,torus_geometry_15,ok,0.2375,0.23530701754385963,4,80,20,24,24.0,3,pertrace_unsupervised_movement_signal,pertrace_tau24_embed3
monkeyM_session-o081118008-10_lfp-1,M,o081118008-10,1,peri_go,direction,torus_geometry_15,ok,0.5833333333333334,0.5832742735648476,2,84,42,24,24.0,3,pertrace_unsupervised_movement_signal,pertrace_tau24_embed3
monkeyM_session-o081118008-10_lfp-1,M,o081118008-10,1,peri_go,delay,torus_geometry_15,ok,0.6666666666666666,0.6664775950085082,2,84,42,24,24.0,3,pertrace_unsupervised_movement_signal,pertrace_tau24_embed3
monkeyM_session-o081118008-10_lfp-1,M,o081118008-10,1,peri_go,condition,torus_geometry_15,ok,0.3125,0.3075031675641432,4,80,20,24,24.0,3,pertrace_unsupervised_movement_signal,pertrace_tau24_embed3
monkeyM_session-o081118008-10_lfp-1,M,o081118008-10,1,movement,direction,torus_geometry_15,ok,0.5238095238095238,0.5235394214407261,2,84,42,24,24.0,3,pertrace_unsupervised_movement_signal,pertrace_tau24_embed3
monkeyM_session-o081118008-10_lfp-1,M,o081118008-10,1,movement,delay,torus_geometry_15,ok,0.5595238095238095,0.5579576162708006,2,84,42,24,24.0,3,pertrace_unsupervised_movement_signal,pertrace_tau24_embed3
monkeyM_session-o081118008-10_lfp-1,M,o081118008-10,1,movement,condition,torus_geometry_15,ok,0.2125,0.21162250967742957,4,80,20,24,24.0,3,pertrace_unsupervised_movement_signal,pertrace_tau24_embed3
monkeyM_session-o081118008-10_lfp-1,M,o081118008-10,1,post_go,direction,torus_geometry_15,ok,0.4166666666666667,0.4145925188451145,2,84,42,24,24.0,3,pertrace_unsupervised_movement_signal,pertrace_tau24_embed3
monkeyM_session-o081118008-10_lfp-1,M,o081118008-10,1,post_go,delay,torus_geometry_15,ok,0.5476190476190477,0.5473624503686898,2,84,42,24,24.0,3,pertrace_unsupervised_movement_signal,pertrace_tau24_embed3
monkeyM_session-o081118008-10_lfp-1,M,o081118008-10,1,post_go,condition,torus_geometry_15,ok,0.2625,0.26193714821763603,4,80,20,24,24.0,3,pertrace_unsupervised_movement_signal,pertrace_tau24_embed3
monkeyM_session-o081127010-14_lfp-1,M,o081127010-14,1,pre_go,direction,torus_geometry_15,ok,0.18181818181818182,0.17391567280154238,6,198,33,14,14.0,7,pertrace_unsupervised_movement_signal,pertrace_tau14_embed7
monkeyM_session-o081127010-14_lfp-1,M,o081127010-14,1,pre_go,delay,torus_geometry_15,ok,0.6403508771929824,0.6393518518518518,2,228,114,14,14.0,7,pertrace_unsupervised_movement_signal,pertrace_tau14_embed7
monkeyM_session-o081127010-14_lfp-1,M,o081127010-14,1,pre_go,condition,torus_geometry_15,ok,0.09375,0.08337461630144556,12,192,16,14,14.0,7,pertrace_unsupervised_movement_signal,pertrace_tau14_embed7
monkeyM_session-o081127010-14_lfp-1,M,o081127010-14,1,peri_go,direction,torus_geometry_15,ok,0.11616161616161616,0.11368973493489239,6,198,33,14,14.0,7,pertrace_unsupervised_movement_signal,pertrace_tau14_embed7
monkeyM_session-o081127010-14_lfp-1,M,o081127010-14,1,peri_go,delay,torus_geometry_15,ok,0.6447368421052632,0.6441824172013177,2,228,114,14,14.0,7,pertrace_unsupervised_movement_signal,pertrace_tau14_embed7
monkeyM_session-o081127010-14_lfp-1,M,o081127010-14,1,peri_go,condition,torus_geometry_15,ok,0.09375,0.08631716212049279,12,192,16,14,14.0,7,pertrace_unsupervised_movement_signal,pertrace_tau14_embed7
monkeyM_session-o081127010-14_lfp-1,M,o081127010-14,1,movement,direction,torus_geometry_15,ok,0.18181818181818182,0.17228810710881623,6,198,33,14,14.0,7,pertrace_unsupervised_movement_signal,pertrace_tau14_embed7
monkeyM_session-o081127010-14_lfp-1,M,o081127010-14,1,movement,delay,torus_geometry_15,ok,0.5526315789473685,0.5523215523215523,2,228,114,14,14.0,7,pertrace_unsupervised_movement_signal,pertrace_tau14_embed7
monkeyM_session-o081127010-14_lfp-1,M,o081127010-14,1,movement,condition,torus_geometry_15,ok,0.08854166666666667,0.07518609977722374,12,192,16,14,14.0,7,pertrace_unsupervised_movement_signal,pertrace_tau14_embed7
monkeyM_session-o081127010-14_lfp-1,M,o081127010-14,1,post_go,direction,torus_geometry_15,ok,0.12626262626262627,0.12247505797965841,6,198,33,14,14.0,7,pertrace_unsupervised_movement_signal,pertrace_tau14_embed7
monkeyM_session-o081127010-14_lfp-1,M,o081127010-14,1,post_go,delay,torus_geometry_15,ok,0.5175438596491229,0.5175067333589842,2,228,114,14,14.0,7,pertrace_unsupervised_movement_signal,pertrace_tau14_embed7
monkeyM_session-o081127010-14_lfp-1,M,o081127010-14,1,post_go,condition,torus_geometry_15,ok,0.11458333333333333,0.11679040283416019,12,192,16,14,14.0,7,pertrace_unsupervised_movement_signal,pertrace_tau14_embed7
monkeyM_session-o081202001-7_lfp-2,M,o081202001-7,2,pre_go,direction,torus_geometry_15,ok,0.14957264957264957,0.147932574360121,6,234,39,22,22.0,9,pertrace_unsupervised_movement_signal,pertrace_tau22_embed9
monkeyM_session-o081202001-7_lfp-2,M,o081202001-7,2,pre_go,delay,torus_geometry_15,ok,0.6652542372881356,0.6620443381006762,2,236,118,22,22.0,9,pertrace_unsupervised_movement_signal,pertrace_tau22_embed9
monkeyM_session-o081202001-7_lfp-2,M,o081202001-7,2,pre_go,condition,torus_geometry_15,ok,0.07456140350877193,0.07025479034278864,12,228,19,22,22.0,9,pertrace_unsupervised_movement_signal,pertrace_tau22_embed9
monkeyM_session-o081202001-7_lfp-2,M,o081202001-7,2,peri_go,direction,torus_geometry_15,ok,0.1282051282051282,0.12208694672382735,6,234,39,22,22.0,9,pertrace_unsupervised_movement_signal,pertrace_tau22_embed9
monkeyM_session-o081202001-7_lfp-2,M,o081202001-7,2,peri_go,delay,torus_geometry_15,ok,0.5635593220338984,0.5612828703954373,2,236,118,22,22.0,9,pertrace_unsupervised_movement_signal,pertrace_tau22_embed9
monkeyM_session-o081202001-7_lfp-2,M,o081202001-7,2,peri_go,condition,torus_geometry_15,ok,0.07894736842105263,0.06842524022884038,12,228,19,22,22.0,9,pertrace_unsupervised_movement_signal,pertrace_tau22_embed9
monkeyM_session-o081202001-7_lfp-2,M,o081202001-7,2,movement,direction,torus_geometry_15,ok,0.20512820512820512,0.19519905733970844,6,234,39,22,22.0,9,pertrace_unsupervised_movement_signal,pertrace_tau22_embed9
monkeyM_session-o081202001-7_lfp-2,M,o081202001-7,2,movement,delay,torus_geometry_15,ok,0.5932203389830508,0.5921658986175116,2,236,118,22,22.0,9,pertrace_unsupervised_movement_signal,pertrace_tau22_embed9
monkeyM_session-o081202001-7_lfp-2,M,o081202001-7,2,movement,condition,torus_geometry_15,ok,0.13157894736842105,0.11375606027170078,12,228,19,22,22.0,9,pertrace_unsupervised_movement_signal,pertrace_tau22_embed9
monkeyM_session-o081202001-7_lfp-2,M,o081202001-7,2,post_go,direction,torus_geometry_15,ok,0.2222222222222222,0.21939927307347543,6,234,39,22,22.0,9,pertrace_unsupervised_movement_signal,pertrace_tau22_embed9
monkeyM_session-o081202001-7_lfp-2,M,o081202001-7,2,post_go,delay,torus_geometry_15,ok,0.5635593220338984,0.5633633309981858,2,236,118,22,22.0,9,pertrace_unsupervised_movement_signal,pertrace_tau22_embed9
monkeyM_session-o081202001-7_lfp-2,M,o081202001-7,2,post_go,condition,torus_geometry_15,ok,0.11403508771929824,0.10719998649130391,12,228,19,22,22.0,9,pertrace_unsupervised_movement_signal,pertrace_tau22_embed9
monkeyM_session-o081202001-7_lfp-4,M,o081202001-7,4,pre_go,direction,torus_geometry_15,ok,0.1452991452991453,0.13413006900337113,6,234,39,20,20.0,5,pertrace_unsupervised_movement_signal,pertrace_tau20_embed5
monkeyM_session-o081202001-7_lfp-4,M,o081202001-7,4,pre_go,delay,torus_geometry_15,ok,0.6186440677966102,0.6182053494391717,2,236,118,20,20.0,5,pertrace_unsupervised_movement_signal,pertrace_tau20_embed5
monkeyM_session-o081202001-7_lfp-4,M,o081202001-7,4,pre_go,condition,torus_geometry_15,ok,0.08771929824561403,0.08091499825716077,12,228,19,20,20.0,5,pertrace_unsupervised_movement_signal,pertrace_tau20_embed5
monkeyM_session-o081202001-7_lfp-4,M,o081202001-7,4,peri_go,direction,torus_geometry_15,ok,0.18376068376068377,0.17665418318508205,6,234,39,20,20.0,5,pertrace_unsupervised_movement_signal,pertrace_tau20_embed5
monkeyM_session-o081202001-7_lfp-4,M,o081202001-7,4,peri_go,delay,torus_geometry_15,ok,0.5466101694915254,0.5466020289074423,2,236,118,20,20.0,5,pertrace_unsupervised_movement_signal,pertrace_tau20_embed5
monkeyM_session-o081202001-7_lfp-4,M,o081202001-7,4,peri_go,condition,torus_geometry_15,ok,0.10087719298245613,0.09722183357877544,12,228,19,20,20.0,5,pertrace_unsupervised_movement_signal,pertrace_tau20_embed5
monkeyM_session-o081202001-7_lfp-4,M,o081202001-7,4,movement,direction,torus_geometry_15,ok,0.1752136752136752,0.15474666832747588,6,234,39,20,20.0,5,pertrace_unsupervised_movement_signal,pertrace_tau20_embed5
monkeyM_session-o081202001-7_lfp-4,M,o081202001-7,4,movement,delay,torus_geometry_15,ok,0.5084745762711864,0.5083333333333333,2,236,118,20,20.0,5,pertrace_unsupervised_movement_signal,pertrace_tau20_embed5
monkeyM_session-o081202001-7_lfp-4,M,o081202001-7,4,movement,condition,torus_geometry_15,ok,0.07894736842105263,0.071580821076063,12,228,19,20,20.0,5,pertrace_unsupervised_movement_signal,pertrace_tau20_embed5
monkeyM_session-o081202001-7_lfp-4,M,o081202001-7,4,post_go,direction,torus_geometry_15,ok,0.19658119658119658,0.18695640844368308,6,234,39,20,20.0,5,pertrace_unsupervised_movement_signal,pertrace_tau20_embed5
monkeyM_session-o081202001-7_lfp-4,M,o081202001-7,4,post_go,delay,torus_geometry_15,ok,0.5296610169491526,0.5292468596689848,2,236,118,20,20.0,5,pertrace_unsupervised_movement_signal,pertrace_tau20_embed5
monkeyM_session-o081202001-7_lfp-4,M,o081202001-7,4,post_go,condition,torus_geometry_15,ok,0.09210526315789473,0.08743763023078756,12,228,19,20,20.0,5,pertrace_unsupervised_movement_signal,pertrace_tau20_embed5
monkeyM_session-o081202008-11_lfp-2,M,o081202008-11,2,pre_go,direction,torus_geometry_15,ok,0.3950617283950617,0.394969512195122,2,162,81,19,19.0,7,pertrace_unsupervised_movement_signal,pertrace_tau19_embed7
monkeyM_session-o081202008-11_lfp-2,M,o081202008-11,2,pre_go,delay,torus_geometry_15,ok,0.6566265060240963,0.6566140446379967,2,166,83,19,19.0,7,pertrace_unsupervised_movement_signal,pertrace_tau19_embed7
monkeyM_session-o081202008-11_lfp-2,M,o081202008-11,2,pre_go,condition,torus_geometry_15,ok,0.35,0.34880533754978904,4,160,40,19,19.0,7,pertrace_unsupervised_movement_signal,pertrace_tau19_embed7
monkeyM_session-o081202008-11_lfp-2,M,o081202008-11,2,peri_go,direction,torus_geometry_15,ok,0.4506172839506173,0.44807257971902154,2,162,81,19,19.0,7,pertrace_unsupervised_movement_signal,pertrace_tau19_embed7
monkeyM_session-o081202008-11_lfp-2,M,o081202008-11,2,peri_go,delay,torus_geometry_15,ok,0.5240963855421686,0.5236642330463841,2,166,83,19,19.0,7,pertrace_unsupervised_movement_signal,pertrace_tau19_embed7
monkeyM_session-o081202008-11_lfp-2,M,o081202008-11,2,peri_go,condition,torus_geometry_15,ok,0.225,0.21741158039471173,4,160,40,19,19.0,7,pertrace_unsupervised_movement_signal,pertrace_tau19_embed7
monkeyM_session-o081202008-11_lfp-2,M,o081202008-11,2,movement,direction,torus_geometry_15,ok,0.5493827160493827,0.5485397976713113,2,162,81,19,19.0,7,pertrace_unsupervised_movement_signal,pertrace_tau19_embed7
monkeyM_session-o081202008-11_lfp-2,M,o081202008-11,2,movement,delay,torus_geometry_15,ok,0.5481927710843374,0.5480451591824881,2,166,83,19,19.0,7,pertrace_unsupervised_movement_signal,pertrace_tau19_embed7
monkeyM_session-o081202008-11_lfp-2,M,o081202008-11,2,movement,condition,torus_geometry_15,ok,0.34375,0.34375,4,160,40,19,19.0,7,pertrace_unsupervised_movement_signal,pertrace_tau19_embed7
monkeyM_session-o081202008-11_lfp-2,M,o081202008-11,2,post_go,direction,torus_geometry_15,ok,0.5555555555555556,0.5552844288546592,2,162,81,19,19.0,7,pertrace_unsupervised_movement_signal,pertrace_tau19_embed7
monkeyM_session-o081202008-11_lfp-2,M,o081202008-11,2,post_go,delay,torus_geometry_15,ok,0.5060240963855421,0.5059523809523809,2,166,83,19,19.0,7,pertrace_unsupervised_movement_signal,pertrace_tau19_embed7
monkeyM_session-o081202008-11_lfp-2,M,o081202008-11,2,post_go,condition,torus_geometry_15,ok,0.30625,0.30273166435358173,4,160,40,19,19.0,7,pertrace_unsupervised_movement_signal,pertrace_tau19_embed7
monkeyM_session-o081202012-14_lfp-2,M,o081202012-14,2,pre_go,direction,torus_geometry_15,ok,0.5074626865671642,0.5057008718980549,2,134,67,17,17.0,9,pertrace_unsupervised_movement_signal,pertrace_tau17_embed9
monkeyM_session-o081202012-14_lfp-2,M,o081202012-14,2,pre_go,delay,torus_geometry_15,ok,0.7014925373134329,0.7014260249554367,2,134,67,17,17.0,9,pertrace_unsupervised_movement_signal,pertrace_tau17_embed9
monkeyM_session-o081202012-14_lfp-2,M,o081202012-14,2,pre_go,condition,torus_geometry_15,ok,0.36363636363636365,0.35807222326170496,4,132,33,17,17.0,9,pertrace_unsupervised_movement_signal,pertrace_tau17_embed9
monkeyM_session-o081202012-14_lfp-2,M,o081202012-14,2,peri_go,direction,torus_geometry_15,ok,0.5522388059701493,0.5513392857142857,2,134,67,17,17.0,9,pertrace_unsupervised_movement_signal,pertrace_tau17_embed9
monkeyM_session-o081202012-14_lfp-2,M,o081202012-14,2,peri_go,delay,torus_geometry_15,ok,0.5447761194029851,0.5427132867132867,2,134,67,17,17.0,9,pertrace_unsupervised_movement_signal,pertrace_tau17_embed9
monkeyM_session-o081202012-14_lfp-2,M,o081202012-14,2,peri_go,condition,torus_geometry_15,ok,0.19696969696969696,0.19761029411764708,4,132,33,17,17.0,9,pertrace_unsupervised_movement_signal,pertrace_tau17_embed9
monkeyM_session-o081202012-14_lfp-2,M,o081202012-14,2,movement,direction,torus_geometry_15,ok,0.6119402985074627,0.6097670250896057,2,134,67,17,17.0,9,pertrace_unsupervised_movement_signal,pertrace_tau17_embed9
monkeyM_session-o081202012-14_lfp-2,M,o081202012-14,2,movement,delay,torus_geometry_15,ok,0.6119402985074627,0.6118538324420677,2,134,67,17,17.0,9,pertrace_unsupervised_movement_signal,pertrace_tau17_embed9
monkeyM_session-o081202012-14_lfp-2,M,o081202012-14,2,movement,condition,torus_geometry_15,ok,0.22727272727272727,0.2193997377820907,4,132,33,17,17.0,9,pertrace_unsupervised_movement_signal,pertrace_tau17_embed9
monkeyM_session-o081202012-14_lfp-2,M,o081202012-14,2,post_go,direction,torus_geometry_15,ok,0.6194029850746269,0.6193817878028405,2,134,67,17,17.0,9,pertrace_unsupervised_movement_signal,pertrace_tau17_embed9
monkeyM_session-o081202012-14_lfp-2,M,o081202012-14,2,post_go,delay,torus_geometry_15,ok,0.5597014925373134,0.5584966772770426,2,134,67,17,17.0,9,pertrace_unsupervised_movement_signal,pertrace_tau17_embed9
monkeyM_session-o081202012-14_lfp-2,M,o081202012-14,2,post_go,condition,torus_geometry_15,ok,0.24242424242424243,0.24029927760577918,4,132,33,17,17.0,9,pertrace_unsupervised_movement_signal,pertrace_tau17_embed9
monkeyM_session-o081202012-14_lfp-4,M,o081202012-14,4,pre_go,direction,torus_geometry_15,ok,0.5447761194029851,0.5447507658033974,2,134,67,12,12.0,5,pertrace_unsupervised_movement_signal,pertrace_tau12_embed5
monkeyM_session-o081202012-14_lfp-4,M,o081202012-14,4,pre_go,delay,torus_geometry_15,ok,0.5895522388059702,0.5895293790030631,2,134,67,12,12.0,5,pertrace_unsupervised_movement_signal,pertrace_tau12_embed5
monkeyM_session-o081202012-14_lfp-4,M,o081202012-14,4,pre_go,condition,torus_geometry_15,ok,0.3106060606060606,0.3045392718637117,4,132,33,12,12.0,5,pertrace_unsupervised_movement_signal,pertrace_tau12_embed5
monkeyM_session-o081202012-14_lfp-4,M,o081202012-14,4,peri_go,direction,torus_geometry_15,ok,0.48507462686567165,0.48504594820384295,2,134,67,12,12.0,5,pertrace_unsupervised_movement_signal,pertrace_tau12_embed5
monkeyM_session-o081202012-14_lfp-4,M,o081202012-14,4,peri_go,delay,torus_geometry_15,ok,0.6044776119402985,0.6042792667298156,2,134,67,12,12.0,5,pertrace_unsupervised_movement_signal,pertrace_tau12_embed5
monkeyM_session-o081202012-14_lfp-4,M,o081202012-14,4,peri_go,condition,torus_geometry_15,ok,0.3409090909090909,0.3364887602638309,4,132,33,12,12.0,5,pertrace_unsupervised_movement_signal,pertrace_tau12_embed5
monkeyM_session-o081202012-14_lfp-4,M,o081202012-14,4,movement,direction,torus_geometry_15,ok,0.5970149253731343,0.5955734406438631,2,134,67,12,12.0,5,pertrace_unsupervised_movement_signal,pertrace_tau12_embed5
monkeyM_session-o081202012-14_lfp-4,M,o081202012-14,4,movement,delay,torus_geometry_15,ok,0.5447761194029851,0.5447507658033974,2,134,67,12,12.0,5,pertrace_unsupervised_movement_signal,pertrace_tau12_embed5
monkeyM_session-o081202012-14_lfp-4,M,o081202012-14,4,movement,condition,torus_geometry_15,ok,0.2803030303030303,0.2798024891774892,4,132,33,12,12.0,5,pertrace_unsupervised_movement_signal,pertrace_tau12_embed5
monkeyM_session-o081202012-14_lfp-4,M,o081202012-14,4,post_go,direction,torus_geometry_15,ok,0.5597014925373134,0.5584966772770426,2,134,67,12,12.0,5,pertrace_unsupervised_movement_signal,pertrace_tau12_embed5
monkeyM_session-o081202012-14_lfp-4,M,o081202012-14,4,post_go,delay,torus_geometry_15,ok,0.4925373134328358,0.49242424242424243,2,134,67,12,12.0,5,pertrace_unsupervised_movement_signal,pertrace_tau12_embed5
monkeyM_session-o081202012-14_lfp-4,M,o081202012-14,4,post_go,condition,torus_geometry_15,ok,0.20454545454545456,0.20234113712374582,4,132,33,12,12.0,5,pertrace_unsupervised_movement_signal,pertrace_tau12_embed5
monkeyT_session-y070130005-13_lfp-1,T,y070130005-13,1,pre_go,direction,torus_geometry_15,ok,0.19444444444444445,0.1820199479667709,6,252,42,19,19.0,5,pertrace_unsupervised_movement_signal,pertrace_tau19_embed5
monkeyT_session-y070130005-13_lfp-1,T,y070130005-13,1,pre_go,delay,torus_geometry_15,ok,0.6944444444444444,0.6914073060958349,2,252,126,19,19.0,5,pertrace_unsupervised_movement_signal,pertrace_tau19_embed5
monkeyT_session-y070130005-13_lfp-1,T,y070130005-13,1,pre_go,condition,torus_geometry_15,ok,0.12698412698412698,0.12176100273307126,12,252,21,19,19.0,5,pertrace_unsupervised_movement_signal,pertrace_tau19_embed5
monkeyT_session-y070130005-13_lfp-1,T,y070130005-13,1,peri_go,direction,torus_geometry_15,ok,0.12698412698412698,0.12139979565474956,6,252,42,19,19.0,5,pertrace_unsupervised_movement_signal,pertrace_tau19_embed5
monkeyT_session-y070130005-13_lfp-1,T,y070130005-13,1,peri_go,delay,torus_geometry_15,ok,0.5238095238095238,0.5230584821146931,2,252,126,19,19.0,5,pertrace_unsupervised_movement_signal,pertrace_tau19_embed5
monkeyT_session-y070130005-13_lfp-1,T,y070130005-13,1,peri_go,condition,torus_geometry_15,ok,0.09126984126984126,0.07976022613802902,12,252,21,19,19.0,5,pertrace_unsupervised_movement_signal,pertrace_tau19_embed5
monkeyT_session-y070130005-13_lfp-1,T,y070130005-13,1,movement,direction,torus_geometry_15,ok,0.17857142857142858,0.17020653270653271,6,252,42,19,19.0,5,pertrace_unsupervised_movement_signal,pertrace_tau19_embed5
monkeyT_session-y070130005-13_lfp-1,T,y070130005-13,1,movement,delay,torus_geometry_15,ok,0.5357142857142857,0.5357069744736469,2,252,126,19,19.0,5,pertrace_unsupervised_movement_signal,pertrace_tau19_embed5
monkeyT_session-y070130005-13_lfp-1,T,y070130005-13,1,movement,condition,torus_geometry_15,ok,0.1111111111111111,0.0978394654189434,12,252,21,19,19.0,5,pertrace_unsupervised_movement_signal,pertrace_tau19_embed5
monkeyT_session-y070130005-13_lfp-1,T,y070130005-13,1,post_go,direction,torus_geometry_15,ok,0.16666666666666666,0.16073453143651742,6,252,42,19,19.0,5,pertrace_unsupervised_movement_signal,pertrace_tau19_embed5
monkeyT_session-y070130005-13_lfp-1,T,y070130005-13,1,post_go,delay,torus_geometry_15,ok,0.5317460317460317,0.5317165354330708,2,252,126,19,19.0,5,pertrace_unsupervised_movement_signal,pertrace_tau19_embed5
monkeyT_session-y070130005-13_lfp-1,T,y070130005-13,1,post_go,condition,torus_geometry_15,ok,0.12698412698412698,0.11798864945287842,12,252,21,19,19.0,5,pertrace_unsupervised_movement_signal,pertrace_tau19_embed5
monkeyT_session-y070130005-13_lfp-2,T,y070130005-13,2,pre_go,direction,torus_geometry_15,ok,0.17063492063492064,0.16871124054386355,6,252,42,18,18.0,5,pertrace_unsupervised_movement_signal,pertrace_tau18_embed5
monkeyT_session-y070130005-13_lfp-2,T,y070130005-13,2,pre_go,delay,torus_geometry_15,ok,0.6825396825396826,0.6815568332596196,2,252,126,18,18.0,5,pertrace_unsupervised_movement_signal,pertrace_tau18_embed5
monkeyT_session-y070130005-13_lfp-2,T,y070130005-13,2,pre_go,condition,torus_geometry_15,ok,0.07936507936507936,0.07707091733492927,12,252,21,18,18.0,5,pertrace_unsupervised_movement_signal,pertrace_tau18_embed5
monkeyT_session-y070130005-13_lfp-2,T,y070130005-13,2,peri_go,direction,torus_geometry_15,ok,0.2261904761904762,0.21757593948712373,6,252,42,18,18.0,5,pertrace_unsupervised_movement_signal,pertrace_tau18_embed5
monkeyT_session-y070130005-13_lfp-2,T,y070130005-13,2,peri_go,delay,torus_geometry_15,ok,0.5,0.4992114062204277,2,252,126,18,18.0,5,pertrace_unsupervised_movement_signal,pertrace_tau18_embed5
monkeyT_session-y070130005-13_lfp-2,T,y070130005-13,2,peri_go,condition,torus_geometry_15,ok,0.1111111111111111,0.09799230454264778,12,252,21,18,18.0,5,pertrace_unsupervised_movement_signal,pertrace_tau18_embed5
monkeyT_session-y070130005-13_lfp-2,T,y070130005-13,2,movement,direction,torus_geometry_15,ok,0.17857142857142858,0.1625139288532291,6,252,42,18,18.0,5,pertrace_unsupervised_movement_signal,pertrace_tau18_embed5
monkeyT_session-y070130005-13_lfp-2,T,y070130005-13,2,movement,delay,torus_geometry_15,ok,0.5238095238095238,0.5235394214407261,2,252,126,18,18.0,5,pertrace_unsupervised_movement_signal,pertrace_tau18_embed5
monkeyT_session-y070130005-13_lfp-2,T,y070130005-13,2,movement,condition,torus_geometry_15,ok,0.10714285714285714,0.09511870357939621,12,252,21,18,18.0,5,pertrace_unsupervised_movement_signal,pertrace_tau18_embed5
monkeyT_session-y070130005-13_lfp-2,T,y070130005-13,2,post_go,direction,torus_geometry_15,ok,0.19047619047619047,0.18186030118232244,6,252,42,18,18.0,5,pertrace_unsupervised_movement_signal,pertrace_tau18_embed5
monkeyT_session-y070130005-13_lfp-2,T,y070130005-13,2,post_go,delay,torus_geometry_15,ok,0.47619047619047616,0.47615748031496063,2,252,126,18,18.0,5,pertrace_unsupervised_movement_signal,pertrace_tau18_embed5
monkeyT_session-y070130005-13_lfp-2,T,y070130005-13,2,post_go,condition,torus_geometry_15,ok,0.08333333333333333,0.07754806125534051,12,252,21,18,18.0,5,pertrace_unsupervised_movement_signal,pertrace_tau18_embed5
monkeyT_session-y070201001-6_lfp-1,T,y070201001-6,1,pre_go,direction,torus_geometry_15,ok,0.13333333333333333,0.1354402733447168,6,180,30,57,57.0,3,pertrace_unsupervised_movement_signal,pertrace_tau57_embed3
monkeyT_session-y070201001-6_lfp-1,T,y070201001-6,1,pre_go,delay,torus_geometry_15,ok,0.6956521739130435,0.6953282081608516,2,184,92,57,57.0,3,pertrace_unsupervised_movement_signal,pertrace_tau57_embed3
monkeyT_session-y070201001-6_lfp-1,T,y070201001-6,1,pre_go,condition,torus_geometry_15,ok,0.10714285714285714,0.10067905760110059,12,168,14,57,57.0,3,pertrace_unsupervised_movement_signal,pertrace_tau57_embed3
monkeyT_session-y070201001-6_lfp-1,T,y070201001-6,1,peri_go,direction,torus_geometry_15,ok,0.16666666666666666,0.16320540702459793,6,180,30,57,57.0,3,pertrace_unsupervised_movement_signal,pertrace_tau57_embed3
monkeyT_session-y070201001-6_lfp-1,T,y070201001-6,1,peri_go,delay,torus_geometry_15,ok,0.5760869565217391,0.575886524822695,2,184,92,57,57.0,3,pertrace_unsupervised_movement_signal,pertrace_tau57_embed3
monkeyT_session-y070201001-6_lfp-1,T,y070201001-6,1,peri_go,condition,torus_geometry_15,ok,0.13095238095238096,0.124791030048383,12,168,14,57,57.0,3,pertrace_unsupervised_movement_signal,pertrace_tau57_embed3
monkeyT_session-y070201001-6_lfp-1,T,y070201001-6,1,movement,direction,torus_geometry_15,ok,0.12777777777777777,0.12426338243023077,6,180,30,57,57.0,3,pertrace_unsupervised_movement_signal,pertrace_tau57_embed3
monkeyT_session-y070201001-6_lfp-1,T,y070201001-6,1,movement,delay,torus_geometry_15,ok,0.532608695652174,0.5325534680373389,2,184,92,57,57.0,3,pertrace_unsupervised_movement_signal,pertrace_tau57_embed3
monkeyT_session-y070201001-6_lfp-1,T,y070201001-6,1,movement,condition,torus_geometry_15,ok,0.07738095238095238,0.07526489136229807,12,168,14,57,57.0,3,pertrace_unsupervised_movement_signal,pertrace_tau57_embed3
monkeyT_session-y070201001-6_lfp-1,T,y070201001-6,1,post_go,direction,torus_geometry_15,ok,0.12777777777777777,0.12209236870676643,6,180,30,57,57.0,3,pertrace_unsupervised_movement_signal,pertrace_tau57_embed3
monkeyT_session-y070201001-6_lfp-1,T,y070201001-6,1,post_go,delay,torus_geometry_15,ok,0.532608695652174,0.5321111768184507,2,184,92,57,57.0,3,pertrace_unsupervised_movement_signal,pertrace_tau57_embed3
monkeyT_session-y070201001-6_lfp-1,T,y070201001-6,1,post_go,condition,torus_geometry_15,ok,0.08928571428571429,0.0863755519669498,12,168,14,57,57.0,3,pertrace_unsupervised_movement_signal,pertrace_tau57_embed3
monkeyT_session-y070201009-11_lfp-1,T,y070201009-11,1,pre_go,direction,torus_geometry_15,ok,0.5648148148148148,0.5647775015004716,2,108,54,24,24.0,9,pertrace_unsupervised_movement_signal,pertrace_tau24_embed9
monkeyT_session-y070201009-11_lfp-1,T,y070201009-11,1,pre_go,delay,torus_geometry_15,ok,0.5740740740740741,0.5739279588336192,2,108,54,24,24.0,9,pertrace_unsupervised_movement_signal,pertrace_tau24_embed9
monkeyT_session-y070201009-11_lfp-1,T,y070201009-11,1,pre_go,condition,torus_geometry_15,ok,0.4074074074074074,0.39573353559009294,4,108,27,24,24.0,9,pertrace_unsupervised_movement_signal,pertrace_tau24_embed9
monkeyT_session-y070201009-11_lfp-1,T,y070201009-11,1,peri_go,direction,torus_geometry_15,ok,0.6759259259259259,0.6725288053365677,2,108,54,24,24.0,9,pertrace_unsupervised_movement_signal,pertrace_tau24_embed9
monkeyT_session-y070201009-11_lfp-1,T,y070201009-11,1,peri_go,delay,torus_geometry_15,ok,0.6203703703703703,0.6195549445828679,2,108,54,24,24.0,9,pertrace_unsupervised_movement_signal,pertrace_tau24_embed9
monkeyT_session-y070201009-11_lfp-1,T,y070201009-11,1,peri_go,condition,torus_geometry_15,ok,0.4166666666666667,0.41405187547906935,4,108,27,24,24.0,9,pertrace_unsupervised_movement_signal,pertrace_tau24_embed9
monkeyT_session-y070201009-11_lfp-1,T,y070201009-11,1,movement,direction,torus_geometry_15,ok,0.7169811320754716,0.7165775401069518,2,106,53,24,24.0,9,pertrace_unsupervised_movement_signal,pertrace_tau24_embed9
monkeyT_session-y070201009-11_lfp-1,T,y070201009-11,1,movement,delay,torus_geometry_15,ok,0.6415094339622641,0.6415094339622641,2,106,53,24,24.0,9,pertrace_unsupervised_movement_signal,pertrace_tau24_embed9
monkeyT_session-y070201009-11_lfp-1,T,y070201009-11,1,movement,condition,torus_geometry_15,ok,0.47115384615384615,0.4733009521924616,4,104,26,24,24.0,9,pertrace_unsupervised_movement_signal,pertrace_tau24_embed9
monkeyT_session-y070201009-11_lfp-1,T,y070201009-11,1,post_go,direction,torus_geometry_15,ok,0.6759259259259259,0.6736596736596736,2,108,54,24,24.0,9,pertrace_unsupervised_movement_signal,pertrace_tau24_embed9
monkeyT_session-y070201009-11_lfp-1,T,y070201009-11,1,post_go,delay,torus_geometry_15,ok,0.6296296296296297,0.6296296296296297,2,108,54,24,24.0,9,pertrace_unsupervised_movement_signal,pertrace_tau24_embed9
monkeyT_session-y070201009-11_lfp-1,T,y070201009-11,1,post_go,condition,torus_geometry_15,ok,0.4444444444444444,0.44343662035307896,4,108,27,24,24.0,9,pertrace_unsupervised_movement_signal,pertrace_tau24_embed9
monkeyT_session-y070201009-11_lfp-2,T,y070201009-11,2,pre_go,direction,torus_geometry_15,ok,0.5277777777777778,0.5267634676518601,2,108,54,56,56.0,9,pertrace_unsupervised_movement_signal,pertrace_tau56_embed9
monkeyT_session-y070201009-11_lfp-2,T,y070201009-11,2,pre_go,delay,torus_geometry_15,ok,0.49074074074074076,0.4906970762239561,2,108,54,56,56.0,9,pertrace_unsupervised_movement_signal,pertrace_tau56_embed9
monkeyT_session-y070201009-11_lfp-2,T,y070201009-11,2,pre_go,condition,torus_geometry_15,ok,0.28703703703703703,0.2836628698330826,4,108,27,56,56.0,9,pertrace_unsupervised_movement_signal,pertrace_tau56_embed9
monkeyT_session-y070201009-11_lfp-2,T,y070201009-11,2,peri_go,direction,torus_geometry_15,ok,0.6018518518518519,0.6009966491966663,2,108,54,56,56.0,9,pertrace_unsupervised_movement_signal,pertrace_tau56_embed9
monkeyT_session-y070201009-11_lfp-2,T,y070201009-11,2,peri_go,delay,torus_geometry_15,ok,0.6018518518518519,0.6015444015444016,2,108,54,56,56.0,9,pertrace_unsupervised_movement_signal,pertrace_tau56_embed9
monkeyT_session-y070201009-11_lfp-2,T,y070201009-11,2,peri_go,condition,torus_geometry_15,ok,0.4351851851851852,0.42533906644418773,4,108,27,56,56.0,9,pertrace_unsupervised_movement_signal,pertrace_tau56_embed9
monkeyT_session-y070201009-11_lfp-2,T,y070201009-11,2,movement,direction,torus_geometry_15,ok,0.5943396226415094,0.5940144295003118,2,106,53,56,56.0,9,pertrace_unsupervised_movement_signal,pertrace_tau56_embed9
monkeyT_session-y070201009-11_lfp-2,T,y070201009-11,2,movement,delay,torus_geometry_15,ok,0.6698113207547169,0.6690750156096691,2,106,53,56,56.0,9,pertrace_unsupervised_movement_signal,pertrace_tau56_embed9
monkeyT_session-y070201009-11_lfp-2,T,y070201009-11,2,movement,condition,torus_geometry_15,ok,0.38461538461538464,0.37095791805094125,4,104,26,56,56.0,9,pertrace_unsupervised_movement_signal,pertrace_tau56_embed9
monkeyT_session-y070201009-11_lfp-2,T,y070201009-11,2,post_go,direction,torus_geometry_15,ok,0.6481481481481481,0.6480274442538594,2,108,54,56,56.0,9,pertrace_unsupervised_movement_signal,pertrace_tau56_embed9
monkeyT_session-y070201009-11_lfp-2,T,y070201009-11,2,post_go,delay,torus_geometry_15,ok,0.6111111111111112,0.6109777015437392,2,108,54,56,56.0,9,pertrace_unsupervised_movement_signal,pertrace_tau56_embed9
monkeyT_session-y070201009-11_lfp-2,T,y070201009-11,2,post_go,condition,torus_geometry_15,ok,0.4444444444444444,0.4322360075866485,4,108,27,56,56.0,9,pertrace_unsupervised_movement_signal,pertrace_tau56_embed9
monkeyT_session-y070202001-7_lfp-1,T,y070202001-7,1,pre_go,direction,torus_geometry_15,ok,0.19047619047619047,0.17569819668749664,6,252,42,27,27.0,5,pertrace_unsupervised_movement_signal,pertrace_tau27_embed5
monkeyT_session-y070202001-7_lfp-1,T,y070202001-7,1,pre_go,delay,torus_geometry_15,ok,0.4645669291338583,0.46336916671844897,2,254,127,27,27.0,5,pertrace_unsupervised_movement_signal,pertrace_tau27_embed5
monkeyT_session-y070202001-7_lfp-1,T,y070202001-7,1,pre_go,condition,torus_geometry_15,ok,0.09166666666666666,0.08522120406893881,12,240,20,27,27.0,5,pertrace_unsupervised_movement_signal,pertrace_tau27_embed5
monkeyT_session-y070202001-7_lfp-1,T,y070202001-7,1,peri_go,direction,torus_geometry_15,ok,0.15476190476190477,0.1481950241180745,6,252,42,27,27.0,5,pertrace_unsupervised_movement_signal,pertrace_tau27_embed5
monkeyT_session-y070202001-7_lfp-1,T,y070202001-7,1,peri_go,delay,torus_geometry_15,ok,0.5984251968503937,0.59802643827965,2,254,127,27,27.0,5,pertrace_unsupervised_movement_signal,pertrace_tau27_embed5
monkeyT_session-y070202001-7_lfp-1,T,y070202001-7,1,peri_go,condition,torus_geometry_15,ok,0.07083333333333333,0.05914567804930338,12,240,20,27,27.0,5,pertrace_unsupervised_movement_signal,pertrace_tau27_embed5
monkeyT_session-y070202001-7_lfp-1,T,y070202001-7,1,movement,direction,torus_geometry_15,ok,0.15476190476190477,0.15085962490010787,6,252,42,27,27.0,5,pertrace_unsupervised_movement_signal,pertrace_tau27_embed5
monkeyT_session-y070202001-7_lfp-1,T,y070202001-7,1,movement,delay,torus_geometry_15,ok,0.5669291338582677,0.5669291338582677,2,254,127,27,27.0,5,pertrace_unsupervised_movement_signal,pertrace_tau27_embed5
monkeyT_session-y070202001-7_lfp-1,T,y070202001-7,1,movement,condition,torus_geometry_15,ok,0.09166666666666666,0.08765497318358963,12,240,20,27,27.0,5,pertrace_unsupervised_movement_signal,pertrace_tau27_embed5
monkeyT_session-y070202001-7_lfp-1,T,y070202001-7,1,post_go,direction,torus_geometry_15,ok,0.1984126984126984,0.19377348931158514,6,252,42,27,27.0,5,pertrace_unsupervised_movement_signal,pertrace_tau27_embed5
monkeyT_session-y070202001-7_lfp-1,T,y070202001-7,1,post_go,delay,torus_geometry_15,ok,0.610236220472441,0.6101818407304633,2,254,127,27,27.0,5,pertrace_unsupervised_movement_signal,pertrace_tau27_embed5
monkeyT_session-y070202001-7_lfp-1,T,y070202001-7,1,post_go,condition,torus_geometry_15,ok,0.11666666666666667,0.1080699072194979,12,240,20,27,27.0,5,pertrace_unsupervised_movement_signal,pertrace_tau27_embed5
monkeyT_session-y070202009-16_lfp-1,T,y070202009-16,1,pre_go,direction,torus_geometry_15,ok,0.15151515151515152,0.14765846965459367,6,132,22,23,23.0,7,pertrace_unsupervised_movement_signal,pertrace_tau23_embed7
monkeyT_session-y070202009-16_lfp-1,T,y070202009-16,1,pre_go,delay,torus_geometry_15,ok,0.4772727272727273,0.4757985611510791,2,132,66,23,23.0,7,pertrace_unsupervised_movement_signal,pertrace_tau23_embed7
monkeyT_session-y070202009-16_lfp-1,T,y070202009-16,1,pre_go,condition,torus_geometry_15,ok,0.08333333333333333,0.07019690835480309,12,108,9,23,23.0,7,pertrace_unsupervised_movement_signal,pertrace_tau23_embed7
monkeyT_session-y070202009-16_lfp-1,T,y070202009-16,1,peri_go,direction,torus_geometry_15,ok,0.2196969696969697,0.21342244620580345,6,132,22,23,23.0,7,pertrace_unsupervised_movement_signal,pertrace_tau23_embed7
monkeyT_session-y070202009-16_lfp-1,T,y070202009-16,1,peri_go,delay,torus_geometry_15,ok,0.6060606060606061,0.6046082949308755,2,132,66,23,23.0,7,pertrace_unsupervised_movement_signal,pertrace_tau23_embed7
monkeyT_session-y070202009-16_lfp-1,T,y070202009-16,1,peri_go,condition,torus_geometry_15,ok,0.14814814814814814,0.1332070707070707,12,108,9,23,23.0,7,pertrace_unsupervised_movement_signal,pertrace_tau23_embed7
monkeyT_session-y070202009-16_lfp-1,T,y070202009-16,1,movement,direction,torus_geometry_15,ok,0.17424242424242425,0.17537364269887065,6,132,22,23,23.0,7,pertrace_unsupervised_movement_signal,pertrace_tau23_embed7
monkeyT_session-y070202009-16_lfp-1,T,y070202009-16,1,movement,delay,torus_geometry_15,ok,0.5757575757575758,0.5753676470588236,2,132,66,23,23.0,7,pertrace_unsupervised_movement_signal,pertrace_tau23_embed7
monkeyT_session-y070202009-16_lfp-1,T,y070202009-16,1,movement,condition,torus_geometry_15,ok,0.027777777777777776,0.025694444444444447,12,108,9,23,23.0,7,pertrace_unsupervised_movement_signal,pertrace_tau23_embed7
monkeyT_session-y070202009-16_lfp-1,T,y070202009-16,1,post_go,direction,torus_geometry_15,ok,0.16666666666666666,0.16569160184398965,6,132,22,23,23.0,7,pertrace_unsupervised_movement_signal,pertrace_tau23_embed7
monkeyT_session-y070202009-16_lfp-1,T,y070202009-16,1,post_go,delay,torus_geometry_15,ok,0.5833333333333334,0.5831180017226529,2,132,66,23,23.0,7,pertrace_unsupervised_movement_signal,pertrace_tau23_embed7
monkeyT_session-y070202009-16_lfp-1,T,y070202009-16,1,post_go,condition,torus_geometry_15,ok,0.08333333333333333,0.0761859091462672,12,108,9,23,23.0,7,pertrace_unsupervised_movement_signal,pertrace_tau23_embed7
monkeyT_session-y070202017-23_lfp-1,T,y070202017-23,1,pre_go,direction,torus_geometry_15,ok,0.6395348837209303,0.6383123049789716,2,86,43,24,24.0,9,pertrace_unsupervised_movement_signal,pertrace_tau24_embed9
monkeyT_session-y070202017-23_lfp-1,T,y070202017-23,1,pre_go,delay,torus_geometry_15,ok,0.5116279069767442,0.5073649754500819,2,86,43,24,24.0,9,pertrace_unsupervised_movement_signal,pertrace_tau24_embed9
monkeyT_session-y070202017-23_lfp-1,T,y070202017-23,1,pre_go,condition,torus_geometry_15,ok,0.3333333333333333,0.334087348217783,4,84,21,24,24.0,9,pertrace_unsupervised_movement_signal,pertrace_tau24_embed9
monkeyT_session-y070202017-23_lfp-1,T,y070202017-23,1,peri_go,direction,torus_geometry_15,ok,0.5697674418604651,0.569709263015551,2,86,43,24,24.0,9,pertrace_unsupervised_movement_signal,pertrace_tau24_embed9
monkeyT_session-y070202017-23_lfp-1,T,y070202017-23,1,peri_go,delay,torus_geometry_15,ok,0.6162790697674418,0.6137198856676194,2,86,43,24,24.0,9,pertrace_unsupervised_movement_signal,pertrace_tau24_embed9
monkeyT_session-y070202017-23_lfp-1,T,y070202017-23,1,peri_go,condition,torus_geometry_15,ok,0.35714285714285715,0.35671834625322996,4,84,21,24,24.0,9,pertrace_unsupervised_movement_signal,pertrace_tau24_embed9
monkeyT_session-y070202017-23_lfp-1,T,y070202017-23,1,movement,direction,torus_geometry_15,ok,0.5116279069767442,0.5113636363636364,2,86,43,24,24.0,9,pertrace_unsupervised_movement_signal,pertrace_tau24_embed9
monkeyT_session-y070202017-23_lfp-1,T,y070202017-23,1,movement,delay,torus_geometry_15,ok,0.6395348837209303,0.6383123049789716,2,86,43,24,24.0,9,pertrace_unsupervised_movement_signal,pertrace_tau24_embed9
monkeyT_session-y070202017-23_lfp-1,T,y070202017-23,1,movement,condition,torus_geometry_15,ok,0.27380952380952384,0.2714668217187814,4,84,21,24,24.0,9,pertrace_unsupervised_movement_signal,pertrace_tau24_embed9
monkeyT_session-y070202017-23_lfp-1,T,y070202017-23,1,post_go,direction,torus_geometry_15,ok,0.46511627906976744,0.4604473540643753,2,86,43,24,24.0,9,pertrace_unsupervised_movement_signal,pertrace_tau24_embed9
monkeyT_session-y070202017-23_lfp-1,T,y070202017-23,1,post_go,delay,torus_geometry_15,ok,0.5930232558139535,0.5929682217714672,2,86,43,24,24.0,9,pertrace_unsupervised_movement_signal,pertrace_tau24_embed9
monkeyT_session-y070202017-23_lfp-1,T,y070202017-23,1,post_go,condition,torus_geometry_15,ok,0.23809523809523808,0.22723728973728974,4,84,21,24,24.0,9,pertrace_unsupervised_movement_signal,pertrace_tau24_embed9
monkeyT_session-y070206006-12_lfp-1,T,y070206006-12,1,pre_go,direction,torus_geometry_15,ok,0.1794871794871795,0.17551450658858803,6,312,52,23,23.0,3,pertrace_unsupervised_movement_signal,pertrace_tau23_embed3
monkeyT_session-y070206006-12_lfp-1,T,y070206006-12,1,pre_go,delay,torus_geometry_15,ok,0.5636942675159236,0.5631581619700432,2,314,157,23,23.0,3,pertrace_unsupervised_movement_signal,pertrace_tau23_embed3
monkeyT_session-y070206006-12_lfp-1,T,y070206006-12,1,pre_go,condition,torus_geometry_15,ok,0.10897435897435898,0.10373001551505451,12,312,26,23,23.0,3,pertrace_unsupervised_movement_signal,pertrace_tau23_embed3
monkeyT_session-y070206006-12_lfp-1,T,y070206006-12,1,peri_go,direction,torus_geometry_15,ok,0.15064102564102563,0.13982020117953128,6,312,52,23,23.0,3,pertrace_unsupervised_movement_signal,pertrace_tau23_embed3
monkeyT_session-y070206006-12_lfp-1,T,y070206006-12,1,peri_go,delay,torus_geometry_15,ok,0.4840764331210191,0.48399269628727937,2,314,157,23,23.0,3,pertrace_unsupervised_movement_signal,pertrace_tau23_embed3
monkeyT_session-y070206006-12_lfp-1,T,y070206006-12,1,peri_go,condition,torus_geometry_15,ok,0.10897435897435898,0.1031657372917733,12,312,26,23,23.0,3,pertrace_unsupervised_movement_signal,pertrace_tau23_embed3
monkeyT_session-y070206006-12_lfp-1,T,y070206006-12,1,movement,direction,torus_geometry_15,ok,0.22756410256410256,0.21881223012604026,6,312,52,23,23.0,3,pertrace_unsupervised_movement_signal,pertrace_tau23_embed3
monkeyT_session-y070206006-12_lfp-1,T,y070206006-12,1,movement,delay,torus_geometry_15,ok,0.5573248407643312,0.5571047317523619,2,314,157,23,23.0,3,pertrace_unsupervised_movement_signal,pertrace_tau23_embed3
monkeyT_session-y070206006-12_lfp-1,T,y070206006-12,1,movement,condition,torus_geometry_15,ok,0.1346153846153846,0.12391464586267094,12,312,26,23,23.0,3,pertrace_unsupervised_movement_signal,pertrace_tau23_embed3
monkeyT_session-y070206006-12_lfp-1,T,y070206006-12,1,post_go,direction,torus_geometry_15,ok,0.20833333333333334,0.2019437398500259,6,312,52,23,23.0,3,pertrace_unsupervised_movement_signal,pertrace_tau23_embed3
monkeyT_session-y070206006-12_lfp-1,T,y070206006-12,1,post_go,delay,torus_geometry_15,ok,0.5,0.4999543550366681,2,314,157,23,23.0,3,pertrace_unsupervised_movement_signal,pertrace_tau23_embed3
monkeyT_session-y070206006-12_lfp-1,T,y070206006-12,1,post_go,condition,torus_geometry_15,ok,0.125,0.1064190105199279,12,312,26,23,23.0,3,pertrace_unsupervised_movement_signal,pertrace_tau23_embed3
monkeyT_session-y070207001-3_lfp-1,T,y070207001-3,1,pre_go,direction,torus_geometry_15,ok,0.16666666666666666,0.16414582730372204,6,108,18,20,20.0,5,pertrace_unsupervised_movement_signal,pertrace_tau20_embed5
monkeyT_session-y070207001-3_lfp-1,T,y070207001-3,1,pre_go,delay,torus_geometry_15,ok,0.6428571428571429,0.6428571428571429,2,112,56,20,20.0,5,pertrace_unsupervised_movement_signal,pertrace_tau20_embed5
monkeyT_session-y070207001-3_lfp-1,T,y070207001-3,1,pre_go,condition,torus_geometry_15,ok,0.046296296296296294,0.03956228956228956,12,108,9,20,20.0,5,pertrace_unsupervised_movement_signal,pertrace_tau20_embed5
monkeyT_session-y070207001-3_lfp-1,T,y070207001-3,1,peri_go,direction,torus_geometry_15,ok,0.1574074074074074,0.1507234492240612,6,108,18,20,20.0,5,pertrace_unsupervised_movement_signal,pertrace_tau20_embed5
monkeyT_session-y070207001-3_lfp-1,T,y070207001-3,1,peri_go,delay,torus_geometry_15,ok,0.5982142857142857,0.5966386554621849,2,112,56,20,20.0,5,pertrace_unsupervised_movement_signal,pertrace_tau20_embed5
monkeyT_session-y070207001-3_lfp-1,T,y070207001-3,1,peri_go,condition,torus_geometry_15,ok,0.046296296296296294,0.0472943722943723,12,108,9,20,20.0,5,pertrace_unsupervised_movement_signal,pertrace_tau20_embed5
monkeyT_session-y070207001-3_lfp-1,T,y070207001-3,1,movement,direction,torus_geometry_15,ok,0.18518518518518517,0.1726362569221717,6,108,18,20,20.0,5,pertrace_unsupervised_movement_signal,pertrace_tau20_embed5
monkeyT_session-y070207001-3_lfp-1,T,y070207001-3,1,movement,delay,torus_geometry_15,ok,0.5267857142857143,0.5264459513362585,2,112,56,20,20.0,5,pertrace_unsupervised_movement_signal,pertrace_tau20_embed5
monkeyT_session-y070207001-3_lfp-1,T,y070207001-3,1,movement,condition,torus_geometry_15,ok,0.12037037037037036,0.12381586922995592,12,108,9,20,20.0,5,pertrace_unsupervised_movement_signal,pertrace_tau20_embed5
monkeyT_session-y070207001-3_lfp-1,T,y070207001-3,1,post_go,direction,torus_geometry_15,ok,0.32407407407407407,0.315995115995116,6,108,18,20,20.0,5,pertrace_unsupervised_movement_signal,pertrace_tau20_embed5
monkeyT_session-y070207001-3_lfp-1,T,y070207001-3,1,post_go,delay,torus_geometry_15,ok,0.48214285714285715,0.4819776714513556,2,112,56,20,20.0,5,pertrace_unsupervised_movement_signal,pertrace_tau20_embed5
monkeyT_session-y070207001-3_lfp-1,T,y070207001-3,1,post_go,condition,torus_geometry_15,ok,0.14814814814814814,0.13061780267662623,12,108,9,20,20.0,5,pertrace_unsupervised_movement_signal,pertrace_tau20_embed5
monkeyT_session-y070207001-3_lfp-2,T,y070207001-3,2,pre_go,direction,torus_geometry_15,ok,0.17592592592592593,0.172542696834593,6,108,18,55,55.0,5,pertrace_unsupervised_movement_signal,pertrace_tau55_embed5
monkeyT_session-y070207001-3_lfp-2,T,y070207001-3,2,pre_go,delay,torus_geometry_15,ok,0.48214285714285715,0.4819776714513556,2,112,56,55,55.0,5,pertrace_unsupervised_movement_signal,pertrace_tau55_embed5
monkeyT_session-y070207001-3_lfp-2,T,y070207001-3,2,pre_go,condition,torus_geometry_15,ok,0.08333333333333333,0.08020884802618548,12,108,9,55,55.0,5,pertrace_unsupervised_movement_signal,pertrace_tau55_embed5
monkeyT_session-y070207001-3_lfp-2,T,y070207001-3,2,peri_go,direction,torus_geometry_15,ok,0.25925925925925924,0.25105397303539717,6,108,18,55,55.0,5,pertrace_unsupervised_movement_signal,pertrace_tau55_embed5
monkeyT_session-y070207001-3_lfp-2,T,y070207001-3,2,peri_go,delay,torus_geometry_15,ok,0.45535714285714285,0.4549660949341843,2,112,56,55,55.0,5,pertrace_unsupervised_movement_signal,pertrace_tau55_embed5
monkeyT_session-y070207001-3_lfp-2,T,y070207001-3,2,peri_go,condition,torus_geometry_15,ok,0.14814814814814814,0.1444001678289604,12,108,9,55,55.0,5,pertrace_unsupervised_movement_signal,pertrace_tau55_embed5
monkeyT_session-y070207001-3_lfp-2,T,y070207001-3,2,movement,direction,torus_geometry_15,ok,0.18518518518518517,0.18013728128505746,6,108,18,55,55.0,5,pertrace_unsupervised_movement_signal,pertrace_tau55_embed5
monkeyT_session-y070207001-3_lfp-2,T,y070207001-3,2,movement,delay,torus_geometry_15,ok,0.48214285714285715,0.4819776714513556,2,112,56,55,55.0,5,pertrace_unsupervised_movement_signal,pertrace_tau55_embed5
monkeyT_session-y070207001-3_lfp-2,T,y070207001-3,2,movement,condition,torus_geometry_15,ok,0.10185185185185185,0.08652117862644178,12,108,9,55,55.0,5,pertrace_unsupervised_movement_signal,pertrace_tau55_embed5
monkeyT_session-y070207001-3_lfp-2,T,y070207001-3,2,post_go,direction,torus_geometry_15,ok,0.19444444444444445,0.19728528838435958,6,108,18,55,55.0,5,pertrace_unsupervised_movement_signal,pertrace_tau55_embed5
monkeyT_session-y070207001-3_lfp-2,T,y070207001-3,2,post_go,delay,torus_geometry_15,ok,0.49107142857142855,0.4900551162233405,2,112,56,55,55.0,5,pertrace_unsupervised_movement_signal,pertrace_tau55_embed5
monkeyT_session-y070207001-3_lfp-2,T,y070207001-3,2,post_go,condition,torus_geometry_15,ok,0.08333333333333333,0.07391818453603351,12,108,9,55,55.0,5,pertrace_unsupervised_movement_signal,pertrace_tau55_embed5
monkeyT_session-y070207004-11_lfp-1,T,y070207004-11,1,pre_go,direction,torus_geometry_15,ok,0.1540880503144654,0.14770027871797783,6,318,53,19,19.0,3,pertrace_unsupervised_movement_signal,pertrace_tau19_embed3
monkeyT_session-y070207004-11_lfp-1,T,y070207004-11,1,pre_go,delay,torus_geometry_15,ok,0.5245398773006135,0.5244996094742489,2,326,163,19,19.0,3,pertrace_unsupervised_movement_signal,pertrace_tau19_embed3
monkeyT_session-y070207004-11_lfp-1,T,y070207004-11,1,pre_go,condition,torus_geometry_15,ok,0.08333333333333333,0.08027792699071375,12,312,26,19,19.0,3,pertrace_unsupervised_movement_signal,pertrace_tau19_embed3
monkeyT_session-y070207004-11_lfp-1,T,y070207004-11,1,peri_go,direction,torus_geometry_15,ok,0.19811320754716982,0.19591938919148452,6,318,53,19,19.0,3,pertrace_unsupervised_movement_signal,pertrace_tau19_embed3
monkeyT_session-y070207004-11_lfp-1,T,y070207004-11,1,peri_go,delay,torus_geometry_15,ok,0.4938650306748466,0.49363156259707985,2,326,163,19,19.0,3,pertrace_unsupervised_movement_signal,pertrace_tau19_embed3
monkeyT_session-y070207004-11_lfp-1,T,y070207004-11,1,peri_go,condition,torus_geometry_15,ok,0.08012820512820513,0.07560494401695987,12,312,26,19,19.0,3,pertrace_unsupervised_movement_signal,pertrace_tau19_embed3
monkeyT_session-y070207004-11_lfp-1,T,y070207004-11,1,movement,direction,torus_geometry_15,ok,0.2358490566037736,0.23377920557410772,6,318,53,19,19.0,3,pertrace_unsupervised_movement_signal,pertrace_tau19_embed3
monkeyT_session-y070207004-11_lfp-1,T,y070207004-11,1,movement,delay,torus_geometry_15,ok,0.5184049079754601,0.517637856126363,2,326,163,19,19.0,3,pertrace_unsupervised_movement_signal,pertrace_tau19_embed3
monkeyT_session-y070207004-11_lfp-1,T,y070207004-11,1,movement,condition,torus_geometry_15,ok,0.11538461538461539,0.10694802997626517,12,312,26,19,19.0,3,pertrace_unsupervised_movement_signal,pertrace_tau19_embed3
monkeyT_session-y070207004-11_lfp-1,T,y070207004-11,1,post_go,direction,torus_geometry_15,ok,0.24213836477987422,0.24030809314901203,6,318,53,19,19.0,3,pertrace_unsupervised_movement_signal,pertrace_tau19_embed3
monkeyT_session-y070207004-11_lfp-1,T,y070207004-11,1,post_go,delay,torus_geometry_15,ok,0.5644171779141104,0.564269578313253,2,326,163,19,19.0,3,pertrace_unsupervised_movement_signal,pertrace_tau19_embed3
monkeyT_session-y070207004-11_lfp-1,T,y070207004-11,1,post_go,condition,torus_geometry_15,ok,0.12179487179487179,0.11914428860581182,12,312,26,19,19.0,3,pertrace_unsupervised_movement_signal,pertrace_tau19_embed3
monkeyT_session-y070207004-11_lfp-2,T,y070207004-11,2,pre_go,direction,torus_geometry_15,ok,0.1792452830188679,0.17792393400179182,6,318,53,59,59.0,3,pertrace_unsupervised_movement_signal,pertrace_tau59_embed3
monkeyT_session-y070207004-11_lfp-2,T,y070207004-11,2,pre_go,delay,torus_geometry_15,ok,0.6748466257668712,0.6748343872327612,2,326,163,59,59.0,3,pertrace_unsupervised_movement_signal,pertrace_tau59_embed3
monkeyT_session-y070207004-11_lfp-2,T,y070207004-11,2,pre_go,condition,torus_geometry_15,ok,0.1282051282051282,0.12626715123527643,12,312,26,59,59.0,3,pertrace_unsupervised_movement_signal,pertrace_tau59_embed3
monkeyT_session-y070207004-11_lfp-2,T,y070207004-11,2,peri_go,direction,torus_geometry_15,ok,0.22955974842767296,0.2270055879326495,6,318,53,59,59.0,3,pertrace_unsupervised_movement_signal,pertrace_tau59_embed3
monkeyT_session-y070207004-11_lfp-2,T,y070207004-11,2,peri_go,delay,torus_geometry_15,ok,0.5184049079754601,0.5182915925497171,2,326,163,59,59.0,3,pertrace_unsupervised_movement_signal,pertrace_tau59_embed3
monkeyT_session-y070207004-11_lfp-2,T,y070207004-11,2,peri_go,condition,torus_geometry_15,ok,0.10897435897435898,0.10116200351172837,12,312,26,59,59.0,3,pertrace_unsupervised_movement_signal,pertrace_tau59_embed3
monkeyT_session-y070207004-11_lfp-2,T,y070207004-11,2,movement,direction,torus_geometry_15,ok,0.19811320754716982,0.19616732068445988,6,318,53,59,59.0,3,pertrace_unsupervised_movement_signal,pertrace_tau59_embed3
monkeyT_session-y070207004-11_lfp-2,T,y070207004-11,2,movement,delay,torus_geometry_15,ok,0.5276073619631901,0.5271624472573839,2,326,163,59,59.0,3,pertrace_unsupervised_movement_signal,pertrace_tau59_embed3
monkeyT_session-y070207004-11_lfp-2,T,y070207004-11,2,movement,condition,torus_geometry_15,ok,0.10897435897435898,0.10727771737397442,12,312,26,59,59.0,3,pertrace_unsupervised_movement_signal,pertrace_tau59_embed3
monkeyT_session-y070207004-11_lfp-2,T,y070207004-11,2,post_go,direction,torus_geometry_15,ok,0.23270440251572327,0.23081787586230332,6,318,53,59,59.0,3,pertrace_unsupervised_movement_signal,pertrace_tau59_embed3
monkeyT_session-y070207004-11_lfp-2,T,y070207004-11,2,post_go,delay,torus_geometry_15,ok,0.6012269938650306,0.6009867058336158,2,326,163,59,59.0,3,pertrace_unsupervised_movement_signal,pertrace_tau59_embed3
monkeyT_session-y070207004-11_lfp-2,T,y070207004-11,2,post_go,condition,torus_geometry_15,ok,0.1346153846153846,0.127286250757613,12,312,26,59,59.0,3,pertrace_unsupervised_movement_signal,pertrace_tau59_embed3
monkeyT_session-y070207012-19_lfp-1,T,y070207012-19,1,pre_go,direction,torus_geometry_15,ok,0.17424242424242425,0.17022505228982657,6,264,44,20,20.0,3,pertrace_unsupervised_movement_signal,pertrace_tau20_embed3
monkeyT_session-y070207012-19_lfp-1,T,y070207012-19,1,pre_go,delay,torus_geometry_15,ok,0.5757575757575758,0.5757332261952591,2,264,132,20,20.0,3,pertrace_unsupervised_movement_signal,pertrace_tau20_embed3
monkeyT_session-y070207012-19_lfp-1,T,y070207012-19,1,pre_go,condition,torus_geometry_15,ok,0.10606060606060606,0.10809392978510624,12,264,22,20,20.0,3,pertrace_unsupervised_movement_signal,pertrace_tau20_embed3
monkeyT_session-y070207012-19_lfp-1,T,y070207012-19,1,peri_go,direction,torus_geometry_15,ok,0.19318181818181818,0.19396278286444213,6,264,44,20,20.0,3,pertrace_unsupervised_movement_signal,pertrace_tau20_embed3
monkeyT_session-y070207012-19_lfp-1,T,y070207012-19,1,peri_go,delay,torus_geometry_15,ok,0.6098484848484849,0.6097084870319072,2,264,132,20,20.0,3,pertrace_unsupervised_movement_signal,pertrace_tau20_embed3
monkeyT_session-y070207012-19_lfp-1,T,y070207012-19,1,peri_go,condition,torus_geometry_15,ok,0.14772727272727273,0.14583390654721667,12,264,22,20,20.0,3,pertrace_unsupervised_movement_signal,pertrace_tau20_embed3
monkeyT_session-y070207012-19_lfp-1,T,y070207012-19,1,movement,direction,torus_geometry_15,ok,0.1856060606060606,0.17658435003426912,6,264,44,20,20.0,3,pertrace_unsupervised_movement_signal,pertrace_tau20_embed3
monkeyT_session-y070207012-19_lfp-1,T,y070207012-19,1,movement,delay,torus_geometry_15,ok,0.6136363636363636,0.613614188142111,2,264,132,20,20.0,3,pertrace_unsupervised_movement_signal,pertrace_tau20_embed3
monkeyT_session-y070207012-19_lfp-1,T,y070207012-19,1,movement,condition,torus_geometry_15,ok,0.11363636363636363,0.11116075979610264,12,264,22,20,20.0,3,pertrace_unsupervised_movement_signal,pertrace_tau20_embed3
monkeyT_session-y070207012-19_lfp-1,T,y070207012-19,1,post_go,direction,torus_geometry_15,ok,0.20454545454545456,0.19614366841315078,6,264,44,20,20.0,3,pertrace_unsupervised_movement_signal,pertrace_tau20_embed3
monkeyT_session-y070207012-19_lfp-1,T,y070207012-19,1,post_go,delay,torus_geometry_15,ok,0.5606060606060606,0.5605808414165184,2,264,132,20,20.0,3,pertrace_unsupervised_movement_signal,pertrace_tau20_embed3
monkeyT_session-y070207012-19_lfp-1,T,y070207012-19,1,post_go,condition,torus_geometry_15,ok,0.10606060606060606,0.10279894412716406,12,264,22,20,20.0,3,pertrace_unsupervised_movement_signal,pertrace_tau20_embed3
monkeyT_session-y070207012-19_lfp-2,T,y070207012-19,2,pre_go,direction,torus_geometry_15,ok,0.16287878787878787,0.15574433734313933,6,264,44,54,54.0,5,pertrace_unsupervised_movement_signal,pertrace_tau54_embed5
monkeyT_session-y070207012-19_lfp-2,T,y070207012-19,2,pre_go,delay,torus_geometry_15,ok,0.5909090909090909,0.5903212828323467,2,264,132,54,54.0,5,pertrace_unsupervised_movement_signal,pertrace_tau54_embed5
monkeyT_session-y070207012-19_lfp-2,T,y070207012-19,2,pre_go,condition,torus_geometry_15,ok,0.11363636363636363,0.1080955522475383,12,264,22,54,54.0,5,pertrace_unsupervised_movement_signal,pertrace_tau54_embed5
monkeyT_session-y070207012-19_lfp-2,T,y070207012-19,2,peri_go,direction,torus_geometry_15,ok,0.22348484848484848,0.21130000437931962,6,264,44,54,54.0,5,pertrace_unsupervised_movement_signal,pertrace_tau54_embed5
monkeyT_session-y070207012-19_lfp-2,T,y070207012-19,2,peri_go,delay,torus_geometry_15,ok,0.6174242424242424,0.6174187531386757,2,264,132,54,54.0,5,pertrace_unsupervised_movement_signal,pertrace_tau54_embed5
monkeyT_session-y070207012-19_lfp-2,T,y070207012-19,2,peri_go,condition,torus_geometry_15,ok,0.06818181818181818,0.06903702508329852,12,264,22,54,54.0,5,pertrace_unsupervised_movement_signal,pertrace_tau54_embed5
monkeyT_session-y070207012-19_lfp-2,T,y070207012-19,2,movement,direction,torus_geometry_15,ok,0.19696969696969696,0.17508373781477848,6,264,44,54,54.0,5,pertrace_unsupervised_movement_signal,pertrace_tau54_embed5
monkeyT_session-y070207012-19_lfp-2,T,y070207012-19,2,movement,delay,torus_geometry_15,ok,0.6136363636363636,0.6136363636363636,2,264,132,54,54.0,5,pertrace_unsupervised_movement_signal,pertrace_tau54_embed5
monkeyT_session-y070207012-19_lfp-2,T,y070207012-19,2,movement,condition,torus_geometry_15,ok,0.09090909090909091,0.07734983542332104,12,264,22,54,54.0,5,pertrace_unsupervised_movement_signal,pertrace_tau54_embed5
monkeyT_session-y070207012-19_lfp-2,T,y070207012-19,2,post_go,direction,torus_geometry_15,ok,0.21212121212121213,0.2108079001582115,6,264,44,54,54.0,5,pertrace_unsupervised_movement_signal,pertrace_tau54_embed5
monkeyT_session-y070207012-19_lfp-2,T,y070207012-19,2,post_go,delay,torus_geometry_15,ok,0.6212121212121212,0.6208639705882353,2,264,132,54,54.0,5,pertrace_unsupervised_movement_signal,pertrace_tau54_embed5
monkeyT_session-y070207012-19_lfp-2,T,y070207012-19,2,post_go,condition,torus_geometry_15,ok,0.10984848484848485,0.10564941827667564,12,264,22,54,54.0,5,pertrace_unsupervised_movement_signal,pertrace_tau54_embed5
monkeyT_session-y070208003-8_lfp-1,T,y070208003-8,1,pre_go,direction,torus_geometry_15,ok,0.17777777777777778,0.17345611705367803,6,270,45,57,57.0,5,pertrace_unsupervised_movement_signal,pertrace_tau57_embed5
monkeyT_session-y070208003-8_lfp-1,T,y070208003-8,1,pre_go,delay,torus_geometry_15,ok,0.5539568345323741,0.5537489643744822,2,278,139,57,57.0,5,pertrace_unsupervised_movement_signal,pertrace_tau57_embed5
monkeyT_session-y070208003-8_lfp-1,T,y070208003-8,1,pre_go,condition,torus_geometry_15,ok,0.10227272727272728,0.09108535138310996,12,264,22,57,57.0,5,pertrace_unsupervised_movement_signal,pertrace_tau57_embed5
monkeyT_session-y070208003-8_lfp-1,T,y070208003-8,1,peri_go,direction,torus_geometry_15,ok,0.17407407407407408,0.16050696480669951,6,270,45,57,57.0,5,pertrace_unsupervised_movement_signal,pertrace_tau57_embed5
monkeyT_session-y070208003-8_lfp-1,T,y070208003-8,1,peri_go,delay,torus_geometry_15,ok,0.539568345323741,0.5395445134575569,2,278,139,57,57.0,5,pertrace_unsupervised_movement_signal,pertrace_tau57_embed5
monkeyT_session-y070208003-8_lfp-1,T,y070208003-8,1,peri_go,condition,torus_geometry_15,ok,0.07575757575757576,0.06663821725634227,12,264,22,57,57.0,5,pertrace_unsupervised_movement_signal,pertrace_tau57_embed5
monkeyT_session-y070208003-8_lfp-1,T,y070208003-8,1,movement,direction,torus_geometry_15,ok,0.24074074074074073,0.23436051029074287,6,270,45,57,57.0,5,pertrace_unsupervised_movement_signal,pertrace_tau57_embed5
monkeyT_session-y070208003-8_lfp-1,T,y070208003-8,1,movement,delay,torus_geometry_15,ok,0.5143884892086331,0.5143822056597182,2,278,139,57,57.0,5,pertrace_unsupervised_movement_signal,pertrace_tau57_embed5
monkeyT_session-y070208003-8_lfp-1,T,y070208003-8,1,movement,condition,torus_geometry_15,ok,0.125,0.0989907129973334,12,264,22,57,57.0,5,pertrace_unsupervised_movement_signal,pertrace_tau57_embed5
monkeyT_session-y070208003-8_lfp-1,T,y070208003-8,1,post_go,direction,torus_geometry_15,ok,0.17777777777777778,0.1759348120221409,6,270,45,57,57.0,5,pertrace_unsupervised_movement_signal,pertrace_tau57_embed5
monkeyT_session-y070208003-8_lfp-1,T,y070208003-8,1,post_go,delay,torus_geometry_15,ok,0.5827338129496403,0.5823879823879824,2,278,139,57,57.0,5,pertrace_unsupervised_movement_signal,pertrace_tau57_embed5
monkeyT_session-y070208003-8_lfp-1,T,y070208003-8,1,post_go,condition,torus_geometry_15,ok,0.14393939393939395,0.12046501842390078,12,264,22,57,57.0,5,pertrace_unsupervised_movement_signal,pertrace_tau57_embed5
monkeyT_session-y070208003-8_lfp-2,T,y070208003-8,2,pre_go,direction,torus_geometry_15,ok,0.15185185185185185,0.1483931370488186,6,270,45,21,21.0,7,pertrace_unsupervised_movement_signal,pertrace_tau21_embed7
monkeyT_session-y070208003-8_lfp-2,T,y070208003-8,2,pre_go,delay,torus_geometry_15,ok,0.5215827338129496,0.5214279242547794,2,278,139,21,21.0,7,pertrace_unsupervised_movement_signal,pertrace_tau21_embed7
monkeyT_session-y070208003-8_lfp-2,T,y070208003-8,2,pre_go,condition,torus_geometry_15,ok,0.10606060606060606,0.10195255718737815,12,264,22,21,21.0,7,pertrace_unsupervised_movement_signal,pertrace_tau21_embed7
monkeyT_session-y070208003-8_lfp-2,T,y070208003-8,2,peri_go,direction,torus_geometry_15,ok,0.1962962962962963,0.1891528436695168,6,270,45,21,21.0,7,pertrace_unsupervised_movement_signal,pertrace_tau21_embed7
monkeyT_session-y070208003-8_lfp-2,T,y070208003-8,2,peri_go,delay,torus_geometry_15,ok,0.564748201438849,0.5646975088967972,2,278,139,21,21.0,7,pertrace_unsupervised_movement_signal,pertrace_tau21_embed7
monkeyT_session-y070208003-8_lfp-2,T,y070208003-8,2,peri_go,condition,torus_geometry_15,ok,0.10984848484848485,0.10050937042816148,12,264,22,21,21.0,7,pertrace_unsupervised_movement_signal,pertrace_tau21_embed7
monkeyT_session-y070208003-8_lfp-2,T,y070208003-8,2,movement,direction,torus_geometry_15,ok,0.21851851851851853,0.21250287857693861,6,270,45,21,21.0,7,pertrace_unsupervised_movement_signal,pertrace_tau21_embed7
monkeyT_session-y070208003-8_lfp-2,T,y070208003-8,2,movement,delay,torus_geometry_15,ok,0.5503597122302158,0.5498879577218502,2,278,139,21,21.0,7,pertrace_unsupervised_movement_signal,pertrace_tau21_embed7
monkeyT_session-y070208003-8_lfp-2,T,y070208003-8,2,movement,condition,torus_geometry_15,ok,0.10984848484848485,0.1055894271460547,12,264,22,21,21.0,7,pertrace_unsupervised_movement_signal,pertrace_tau21_embed7
monkeyT_session-y070208003-8_lfp-2,T,y070208003-8,2,post_go,direction,torus_geometry_15,ok,0.16296296296296298,0.1619405964760064,6,270,45,21,21.0,7,pertrace_unsupervised_movement_signal,pertrace_tau21_embed7
monkeyT_session-y070208003-8_lfp-2,T,y070208003-8,2,post_go,delay,torus_geometry_15,ok,0.5899280575539568,0.5897369511184756,2,278,139,21,21.0,7,pertrace_unsupervised_movement_signal,pertrace_tau21_embed7
monkeyT_session-y070208003-8_lfp-2,T,y070208003-8,2,post_go,condition,torus_geometry_15,ok,0.10606060606060606,0.10144127199849122,12,264,22,21,21.0,7,pertrace_unsupervised_movement_signal,pertrace_tau21_embed7
monkeyT_session-y070209004-10_lfp-1,T,y070209004-10,1,pre_go,direction,torus_geometry_15,ok,0.20512820512820512,0.19521445114073813,6,312,52,24,24.0,5,pertrace_unsupervised_movement_signal,pertrace_tau24_embed5
monkeyT_session-y070209004-10_lfp-1,T,y070209004-10,1,pre_go,delay,torus_geometry_15,ok,0.5160256410256411,0.5151839464882944,2,312,156,24,24.0,5,pertrace_unsupervised_movement_signal,pertrace_tau24_embed5
monkeyT_session-y070209004-10_lfp-1,T,y070209004-10,1,pre_go,condition,torus_geometry_15,ok,0.11538461538461539,0.1017819184353327,12,312,26,24,24.0,5,pertrace_unsupervised_movement_signal,pertrace_tau24_embed5
monkeyT_session-y070209004-10_lfp-1,T,y070209004-10,1,peri_go,direction,torus_geometry_15,ok,0.20192307692307693,0.19471163867030186,6,312,52,24,24.0,5,pertrace_unsupervised_movement_signal,pertrace_tau24_embed5
monkeyT_session-y070209004-10_lfp-1,T,y070209004-10,1,peri_go,delay,torus_geometry_15,ok,0.5705128205128205,0.5700711612027477,2,312,156,24,24.0,5,pertrace_unsupervised_movement_signal,pertrace_tau24_embed5
monkeyT_session-y070209004-10_lfp-1,T,y070209004-10,1,peri_go,condition,torus_geometry_15,ok,0.09294871794871795,0.08628591393908791,12,312,26,24,24.0,5,pertrace_unsupervised_movement_signal,pertrace_tau24_embed5
monkeyT_session-y070209004-10_lfp-1,T,y070209004-10,1,movement,direction,torus_geometry_15,ok,0.2692307692307692,0.24560796552917416,6,312,52,24,24.0,5,pertrace_unsupervised_movement_signal,pertrace_tau24_embed5
monkeyT_session-y070209004-10_lfp-1,T,y070209004-10,1,movement,delay,torus_geometry_15,ok,0.6089743589743589,0.6088296954001726,2,312,156,24,24.0,5,pertrace_unsupervised_movement_signal,pertrace_tau24_embed5
monkeyT_session-y070209004-10_lfp-1,T,y070209004-10,1,movement,condition,torus_geometry_15,ok,0.18269230769230768,0.16894658028716245,12,312,26,24,24.0,5,pertrace_unsupervised_movement_signal,pertrace_tau24_embed5
monkeyT_session-y070209004-10_lfp-1,T,y070209004-10,1,post_go,direction,torus_geometry_15,ok,0.22756410256410256,0.22481680905949553,6,312,52,24,24.0,5,pertrace_unsupervised_movement_signal,pertrace_tau24_embed5
monkeyT_session-y070209004-10_lfp-1,T,y070209004-10,1,post_go,delay,torus_geometry_15,ok,0.5576923076923077,0.5576741319087734,2,312,156,24,24.0,5,pertrace_unsupervised_movement_signal,pertrace_tau24_embed5
monkeyT_session-y070209004-10_lfp-1,T,y070209004-10,1,post_go,condition,torus_geometry_15,ok,0.11858974358974358,0.11142395785479675,12,312,26,24,24.0,5,pertrace_unsupervised_movement_signal,pertrace_tau24_embed5
monkeyT_session-y070209004-10_lfp-2,T,y070209004-10,2,pre_go,direction,torus_geometry_15,ok,0.16025641025641027,0.14839869863130015,6,312,52,14,14.0,9,pertrace_unsupervised_movement_signal,pertrace_tau14_embed9
monkeyT_session-y070209004-10_lfp-2,T,y070209004-10,2,pre_go,delay,torus_geometry_15,ok,0.7307692307692307,0.7300593276203032,2,312,156,14,14.0,9,pertrace_unsupervised_movement_signal,pertrace_tau14_embed9
monkeyT_session-y070209004-10_lfp-2,T,y070209004-10,2,pre_go,condition,torus_geometry_15,ok,0.07692307692307693,0.07638065717690266,12,312,26,14,14.0,9,pertrace_unsupervised_movement_signal,pertrace_tau14_embed9
monkeyT_session-y070209004-10_lfp-2,T,y070209004-10,2,peri_go,direction,torus_geometry_15,ok,0.25961538461538464,0.2532635029061017,6,312,52,14,14.0,9,pertrace_unsupervised_movement_signal,pertrace_tau14_embed9
monkeyT_session-y070209004-10_lfp-2,T,y070209004-10,2,peri_go,delay,torus_geometry_15,ok,0.47115384615384615,0.46918532113875633,2,312,156,14,14.0,9,pertrace_unsupervised_movement_signal,pertrace_tau14_embed9
monkeyT_session-y070209004-10_lfp-2,T,y070209004-10,2,peri_go,condition,torus_geometry_15,ok,0.12179487179487179,0.11866439199360435,12,312,26,14,14.0,9,pertrace_unsupervised_movement_signal,pertrace_tau14_embed9
monkeyT_session-y070209004-10_lfp-2,T,y070209004-10,2,movement,direction,torus_geometry_15,ok,0.22115384615384615,0.20789078211745818,6,312,52,14,14.0,9,pertrace_unsupervised_movement_signal,pertrace_tau14_embed9
monkeyT_session-y070209004-10_lfp-2,T,y070209004-10,2,movement,delay,torus_geometry_15,ok,0.46474358974358976,0.4646060892528694,2,312,156,14,14.0,9,pertrace_unsupervised_movement_signal,pertrace_tau14_embed9
monkeyT_session-y070209004-10_lfp-2,T,y070209004-10,2,movement,condition,torus_geometry_15,ok,0.09294871794871795,0.08836951593213821,12,312,26,14,14.0,9,pertrace_unsupervised_movement_signal,pertrace_tau14_embed9
monkeyT_session-y070209004-10_lfp-2,T,y070209004-10,2,post_go,direction,torus_geometry_15,ok,0.1955128205128205,0.18959670204748702,6,312,52,14,14.0,9,pertrace_unsupervised_movement_signal,pertrace_tau14_embed9
monkeyT_session-y070209004-10_lfp-2,T,y070209004-10,2,post_go,delay,torus_geometry_15,ok,0.5384615384615384,0.5382907880133185,2,312,156,14,14.0,9,pertrace_unsupervised_movement_signal,pertrace_tau14_embed9
monkeyT_session-y070209004-10_lfp-2,T,y070209004-10,2,post_go,condition,torus_geometry_15,ok,0.08653846153846154,0.08244600296133726,12,312,26,14,14.0,9,pertrace_unsupervised_movement_signal,pertrace_tau14_embed9
monkeyT_session-y070213003-8_lfp-1,T,y070213003-8,1,pre_go,direction,torus_geometry_15,ok,0.17407407407407408,0.1694582104682881,6,270,45,22,22.0,5,pertrace_unsupervised_movement_signal,pertrace_tau22_embed5
monkeyT_session-y070213003-8_lfp-1,T,y070213003-8,1,pre_go,delay,torus_geometry_15,ok,0.5101351351351351,0.5100848105744975,2,296,148,22,22.0,5,pertrace_unsupervised_movement_signal,pertrace_tau22_embed5
monkeyT_session-y070213003-8_lfp-1,T,y070213003-8,1,pre_go,condition,torus_geometry_15,ok,0.08333333333333333,0.07094633130090422,12,264,22,22,22.0,5,pertrace_unsupervised_movement_signal,pertrace_tau22_embed5
monkeyT_session-y070213003-8_lfp-1,T,y070213003-8,1,peri_go,direction,torus_geometry_15,ok,0.2222222222222222,0.21201470613705212,6,270,45,22,22.0,5,pertrace_unsupervised_movement_signal,pertrace_tau22_embed5
monkeyT_session-y070213003-8_lfp-1,T,y070213003-8,1,peri_go,delay,torus_geometry_15,ok,0.5608108108108109,0.5607305936073059,2,296,148,22,22.0,5,pertrace_unsupervised_movement_signal,pertrace_tau22_embed5
monkeyT_session-y070213003-8_lfp-1,T,y070213003-8,1,peri_go,condition,torus_geometry_15,ok,0.125,0.11822689252554353,12,264,22,22,22.0,5,pertrace_unsupervised_movement_signal,pertrace_tau22_embed5
monkeyT_session-y070213003-8_lfp-1,T,y070213003-8,1,movement,direction,torus_geometry_15,ok,0.21851851851851853,0.2143574764404134,6,270,45,22,22.0,5,pertrace_unsupervised_movement_signal,pertrace_tau22_embed5
monkeyT_session-y070213003-8_lfp-1,T,y070213003-8,1,movement,delay,torus_geometry_15,ok,0.597972972972973,0.5979316721266565,2,296,148,22,22.0,5,pertrace_unsupervised_movement_signal,pertrace_tau22_embed5
monkeyT_session-y070213003-8_lfp-1,T,y070213003-8,1,movement,condition,torus_geometry_15,ok,0.09848484848484848,0.09135660628501185,12,264,22,22,22.0,5,pertrace_unsupervised_movement_signal,pertrace_tau22_embed5
monkeyT_session-y070213003-8_lfp-1,T,y070213003-8,1,post_go,direction,torus_geometry_15,ok,0.18518518518518517,0.17978147780851472,6,270,45,22,22.0,5,pertrace_unsupervised_movement_signal,pertrace_tau22_embed5
monkeyT_session-y070213003-8_lfp-1,T,y070213003-8,1,post_go,delay,torus_geometry_15,ok,0.6182432432432432,0.6181342832026122,2,296,148,22,22.0,5,pertrace_unsupervised_movement_signal,pertrace_tau22_embed5
monkeyT_session-y070213003-8_lfp-1,T,y070213003-8,1,post_go,condition,torus_geometry_15,ok,0.09848484848484848,0.09398192475370715,12,264,22,22,22.0,5,pertrace_unsupervised_movement_signal,pertrace_tau22_embed5
monkeyT_session-y070214006-11_lfp-2,T,y070214006-11,2,pre_go,direction,torus_geometry_15,ok,0.20075757575757575,0.1964752645853272,6,264,44,51,51.0,5,pertrace_unsupervised_movement_signal,pertrace_tau51_embed5
monkeyT_session-y070214006-11_lfp-2,T,y070214006-11,2,pre_go,delay,torus_geometry_15,ok,0.5681818181818182,0.5677849264705883,2,264,132,51,51.0,5,pertrace_unsupervised_movement_signal,pertrace_tau51_embed5
monkeyT_session-y070214006-11_lfp-2,T,y070214006-11,2,pre_go,condition,torus_geometry_15,ok,0.10227272727272728,0.09329040273333751,12,264,22,51,51.0,5,pertrace_unsupervised_movement_signal,pertrace_tau51_embed5
monkeyT_session-y070214006-11_lfp-2,T,y070214006-11,2,peri_go,direction,torus_geometry_15,ok,0.20833333333333334,0.20297829756566269,6,264,44,51,51.0,5,pertrace_unsupervised_movement_signal,pertrace_tau51_embed5
monkeyT_session-y070214006-11_lfp-2,T,y070214006-11,2,peri_go,delay,torus_geometry_15,ok,0.5946969696969697,0.5944118196045773,2,264,132,51,51.0,5,pertrace_unsupervised_movement_signal,pertrace_tau51_embed5
monkeyT_session-y070214006-11_lfp-2,T,y070214006-11,2,peri_go,condition,torus_geometry_15,ok,0.10606060606060606,0.09707777917767037,12,264,22,51,51.0,5,pertrace_unsupervised_movement_signal,pertrace_tau51_embed5
monkeyT_session-y070214006-11_lfp-2,T,y070214006-11,2,movement,direction,torus_geometry_15,ok,0.24621212121212122,0.2292301214757162,6,264,44,51,51.0,5,pertrace_unsupervised_movement_signal,pertrace_tau51_embed5
monkeyT_session-y070214006-11_lfp-2,T,y070214006-11,2,movement,delay,torus_geometry_15,ok,0.6022727272727273,0.6013059674658766,2,264,132,51,51.0,5,pertrace_unsupervised_movement_signal,pertrace_tau51_embed5
monkeyT_session-y070214006-11_lfp-2,T,y070214006-11,2,movement,condition,torus_geometry_15,ok,0.12121212121212122,0.10197779198128909,12,264,22,51,51.0,5,pertrace_unsupervised_movement_signal,pertrace_tau51_embed5
monkeyT_session-y070214006-11_lfp-2,T,y070214006-11,2,post_go,direction,torus_geometry_15,ok,0.19696969696969696,0.18722360032453025,6,264,44,51,51.0,5,pertrace_unsupervised_movement_signal,pertrace_tau51_embed5
monkeyT_session-y070214006-11_lfp-2,T,y070214006-11,2,post_go,delay,torus_geometry_15,ok,0.5643939393939394,0.5629831152567258,2,264,132,51,51.0,5,pertrace_unsupervised_movement_signal,pertrace_tau51_embed5
monkeyT_session-y070214006-11_lfp-2,T,y070214006-11,2,post_go,condition,torus_geometry_15,ok,0.10227272727272728,0.08519375114121196,12,264,22,51,51.0,5,pertrace_unsupervised_movement_signal,pertrace_tau51_embed5
monkeyT_session-y070214012-17_lfp-2,T,y070214012-17,2,pre_go,direction,torus_geometry_15,ok,0.16666666666666666,0.16534083397050905,6,252,42,53,53.0,5,pertrace_unsupervised_movement_signal,pertrace_tau53_embed5
monkeyT_session-y070214012-17_lfp-2,T,y070214012-17,2,pre_go,delay,torus_geometry_15,ok,0.54296875,0.5426267808878098,2,256,128,53,53.0,5,pertrace_unsupervised_movement_signal,pertrace_tau53_embed5
monkeyT_session-y070214012-17_lfp-2,T,y070214012-17,2,pre_go,condition,torus_geometry_15,ok,0.10317460317460317,0.09853718336089545,12,252,21,53,53.0,5,pertrace_unsupervised_movement_signal,pertrace_tau53_embed5
monkeyT_session-y070214012-17_lfp-2,T,y070214012-17,2,peri_go,direction,torus_geometry_15,ok,0.20634920634920634,0.20278400853212508,6,252,42,53,53.0,5,pertrace_unsupervised_movement_signal,pertrace_tau53_embed5
monkeyT_session-y070214012-17_lfp-2,T,y070214012-17,2,peri_go,delay,torus_geometry_15,ok,0.6328125,0.6327228327228327,2,256,128,53,53.0,5,pertrace_unsupervised_movement_signal,pertrace_tau53_embed5
monkeyT_session-y070214012-17_lfp-2,T,y070214012-17,2,peri_go,condition,torus_geometry_15,ok,0.1349206349206349,0.12391434966875327,12,252,21,53,53.0,5,pertrace_unsupervised_movement_signal,pertrace_tau53_embed5
monkeyT_session-y070214012-17_lfp-2,T,y070214012-17,2,movement,direction,torus_geometry_15,ok,0.24206349206349206,0.23488371013847129,6,252,42,53,53.0,5,pertrace_unsupervised_movement_signal,pertrace_tau53_embed5
monkeyT_session-y070214012-17_lfp-2,T,y070214012-17,2,movement,delay,torus_geometry_15,ok,0.609375,0.6087780426676448,2,256,128,53,53.0,5,pertrace_unsupervised_movement_signal,pertrace_tau53_embed5
monkeyT_session-y070214012-17_lfp-2,T,y070214012-17,2,movement,condition,torus_geometry_15,ok,0.17063492063492064,0.15739578649575134,12,252,21,53,53.0,5,pertrace_unsupervised_movement_signal,pertrace_tau53_embed5
monkeyT_session-y070214012-17_lfp-2,T,y070214012-17,2,post_go,direction,torus_geometry_15,ok,0.24206349206349206,0.23386162207319702,6,252,42,53,53.0,5,pertrace_unsupervised_movement_signal,pertrace_tau53_embed5
monkeyT_session-y070214012-17_lfp-2,T,y070214012-17,2,post_go,delay,torus_geometry_15,ok,0.6484375,0.6484160410181286,2,256,128,53,53.0,5,pertrace_unsupervised_movement_signal,pertrace_tau53_embed5
monkeyT_session-y070214012-17_lfp-2,T,y070214012-17,2,post_go,condition,torus_geometry_15,ok,0.12301587301587301,0.11116359469759822,12,252,21,53,53.0,5,pertrace_unsupervised_movement_signal,pertrace_tau53_embed5
monkeyT_session-y070214018-19_lfp-1,T,y070214018-19,1,pre_go,direction,torus_geometry_15,ok,0.4772727272727273,0.47619047619047616,2,88,44,17,17.0,5,pertrace_unsupervised_movement_signal,pertrace_tau17_embed5
monkeyT_session-y070214018-19_lfp-1,T,y070214018-19,1,pre_go,delay,torus_geometry_15,ok,0.6590909090909091,0.6583850931677019,2,88,44,17,17.0,5,pertrace_unsupervised_movement_signal,pertrace_tau17_embed5
monkeyT_session-y070214018-19_lfp-1,T,y070214018-19,1,pre_go,condition,torus_geometry_15,ok,0.32954545454545453,0.32163265306122446,4,88,22,17,17.0,5,pertrace_unsupervised_movement_signal,pertrace_tau17_embed5
monkeyT_session-y070214018-19_lfp-1,T,y070214018-19,1,peri_go,direction,torus_geometry_15,ok,0.6022727272727273,0.6022213612294977,2,88,44,17,17.0,5,pertrace_unsupervised_movement_signal,pertrace_tau17_embed5
monkeyT_session-y070214018-19_lfp-1,T,y070214018-19,1,peri_go,delay,torus_geometry_15,ok,0.5454545454545454,0.545219638242894,2,88,44,17,17.0,5,pertrace_unsupervised_movement_signal,pertrace_tau17_embed5
monkeyT_session-y070214018-19_lfp-1,T,y070214018-19,1,peri_go,condition,torus_geometry_15,ok,0.26136363636363635,0.2609290580220813,4,88,22,17,17.0,5,pertrace_unsupervised_movement_signal,pertrace_tau17_embed5
monkeyT_session-y070214018-19_lfp-1,T,y070214018-19,1,movement,direction,torus_geometry_15,ok,0.3977272727272727,0.38816738816738816,2,88,44,17,17.0,5,pertrace_unsupervised_movement_signal,pertrace_tau17_embed5
monkeyT_session-y070214018-19_lfp-1,T,y070214018-19,1,movement,delay,torus_geometry_15,ok,0.4772727272727273,0.4772727272727273,2,88,44,17,17.0,5,pertrace_unsupervised_movement_signal,pertrace_tau17_embed5
monkeyT_session-y070214018-19_lfp-1,T,y070214018-19,1,movement,condition,torus_geometry_15,ok,0.125,0.1249871206681838,4,88,22,17,17.0,5,pertrace_unsupervised_movement_signal,pertrace_tau17_embed5
monkeyT_session-y070214018-19_lfp-1,T,y070214018-19,1,post_go,direction,torus_geometry_15,ok,0.5681818181818182,0.5661650233523612,2,88,44,17,17.0,5,pertrace_unsupervised_movement_signal,pertrace_tau17_embed5
monkeyT_session-y070214018-19_lfp-1,T,y070214018-19,1,post_go,delay,torus_geometry_15,ok,0.5568181818181818,0.5553828216090168,2,88,44,17,17.0,5,pertrace_unsupervised_movement_signal,pertrace_tau17_embed5
monkeyT_session-y070214018-19_lfp-1,T,y070214018-19,1,post_go,condition,torus_geometry_15,ok,0.3522727272727273,0.35154139486058894,4,88,22,17,17.0,5,pertrace_unsupervised_movement_signal,pertrace_tau17_embed5
monkeyT_session-y070214018-19_lfp-2,T,y070214018-19,2,pre_go,direction,torus_geometry_15,ok,0.48863636363636365,0.4885703215807826,2,88,44,59,59.0,5,pertrace_unsupervised_movement_signal,pertrace_tau59_embed5
monkeyT_session-y070214018-19_lfp-2,T,y070214018-19,2,pre_go,delay,torus_geometry_15,ok,0.5,0.49974160206718343,2,88,44,59,59.0,5,pertrace_unsupervised_movement_signal,pertrace_tau59_embed5
monkeyT_session-y070214018-19_lfp-2,T,y070214018-19,2,pre_go,condition,torus_geometry_15,ok,0.19318181818181818,0.18946664055359708,4,88,22,59,59.0,5,pertrace_unsupervised_movement_signal,pertrace_tau59_embed5
monkeyT_session-y070214018-19_lfp-2,T,y070214018-19,2,peri_go,direction,torus_geometry_15,ok,0.5795454545454546,0.5781837025521441,2,88,44,59,59.0,5,pertrace_unsupervised_movement_signal,pertrace_tau59_embed5
monkeyT_session-y070214018-19_lfp-2,T,y070214018-19,2,peri_go,delay,torus_geometry_15,ok,0.4431818181818182,0.43963612735542557,2,88,44,59,59.0,5,pertrace_unsupervised_movement_signal,pertrace_tau59_embed5
monkeyT_session-y070214018-19_lfp-2,T,y070214018-19,2,peri_go,condition,torus_geometry_15,ok,0.20454545454545456,0.20400197628458497,4,88,22,59,59.0,5,pertrace_unsupervised_movement_signal,pertrace_tau59_embed5
monkeyT_session-y070214018-19_lfp-2,T,y070214018-19,2,movement,direction,torus_geometry_15,ok,0.625,0.6249515691592407,2,88,44,59,59.0,5,pertrace_unsupervised_movement_signal,pertrace_tau59_embed5
monkeyT_session-y070214018-19_lfp-2,T,y070214018-19,2,movement,delay,torus_geometry_15,ok,0.5795454545454546,0.5781837025521441,2,88,44,59,59.0,5,pertrace_unsupervised_movement_signal,pertrace_tau59_embed5
monkeyT_session-y070214018-19_lfp-2,T,y070214018-19,2,movement,condition,torus_geometry_15,ok,0.3522727272727273,0.3494692417279904,4,88,22,59,59.0,5,pertrace_unsupervised_movement_signal,pertrace_tau59_embed5
monkeyT_session-y070214018-19_lfp-2,T,y070214018-19,2,post_go,direction,torus_geometry_15,ok,0.5681818181818182,0.5679586563307493,2,88,44,59,59.0,5,pertrace_unsupervised_movement_signal,pertrace_tau59_embed5
monkeyT_session-y070214018-19_lfp-2,T,y070214018-19,2,post_go,delay,torus_geometry_15,ok,0.5,0.49766476388168135,2,88,44,59,59.0,5,pertrace_unsupervised_movement_signal,pertrace_tau59_embed5
monkeyT_session-y070214018-19_lfp-2,T,y070214018-19,2,post_go,condition,torus_geometry_15,ok,0.29545454545454547,0.293016368016368,4,88,22,59,59.0,5,pertrace_unsupervised_movement_signal,pertrace_tau59_embed5
monkeyT_session-y070214020-23_lfp-1,T,y070214020-23,1,pre_go,direction,torus_geometry_15,ok,0.5636363636363636,0.5630585898709037,2,110,55,16,16.0,7,pertrace_unsupervised_movement_signal,pertrace_tau16_embed7
monkeyT_session-y070214020-23_lfp-1,T,y070214020-23,1,pre_go,delay,torus_geometry_15,ok,0.5909090909090909,0.5908752789486735,2,110,55,16,16.0,7,pertrace_unsupervised_movement_signal,pertrace_tau16_embed7
monkeyT_session-y070214020-23_lfp-1,T,y070214020-23,1,pre_go,condition,torus_geometry_15,ok,0.35185185185185186,0.344228817037085,4,108,27,16,16.0,7,pertrace_unsupervised_movement_signal,pertrace_tau16_embed7
monkeyT_session-y070214020-23_lfp-1,T,y070214020-23,1,peri_go,direction,torus_geometry_15,ok,0.6181818181818182,0.6180555555555556,2,110,55,16,16.0,7,pertrace_unsupervised_movement_signal,pertrace_tau16_embed7
monkeyT_session-y070214020-23_lfp-1,T,y070214020-23,1,peri_go,delay,torus_geometry_15,ok,0.6,0.5994703740483284,2,110,55,16,16.0,7,pertrace_unsupervised_movement_signal,pertrace_tau16_embed7
monkeyT_session-y070214020-23_lfp-1,T,y070214020-23,1,peri_go,condition,torus_geometry_15,ok,0.4074074074074074,0.40129180746614157,4,108,27,16,16.0,7,pertrace_unsupervised_movement_signal,pertrace_tau16_embed7
monkeyT_session-y070214020-23_lfp-1,T,y070214020-23,1,movement,direction,torus_geometry_15,ok,0.5818181818181818,0.5818181818181818,2,110,55,16,16.0,7,pertrace_unsupervised_movement_signal,pertrace_tau16_embed7
monkeyT_session-y070214020-23_lfp-1,T,y070214020-23,1,movement,delay,torus_geometry_15,ok,0.4909090909090909,0.4902350215160543,2,110,55,16,16.0,7,pertrace_unsupervised_movement_signal,pertrace_tau16_embed7
monkeyT_session-y070214020-23_lfp-1,T,y070214020-23,1,movement,condition,torus_geometry_15,ok,0.26851851851851855,0.26307692307692304,4,108,27,16,16.0,7,pertrace_unsupervised_movement_signal,pertrace_tau16_embed7
monkeyT_session-y070214020-23_lfp-1,T,y070214020-23,1,post_go,direction,torus_geometry_15,ok,0.44545454545454544,0.4454087114637574,2,110,55,16,16.0,7,pertrace_unsupervised_movement_signal,pertrace_tau16_embed7
monkeyT_session-y070214020-23_lfp-1,T,y070214020-23,1,post_go,delay,torus_geometry_15,ok,0.4818181818181818,0.4814324704325531,2,110,55,16,16.0,7,pertrace_unsupervised_movement_signal,pertrace_tau16_embed7
monkeyT_session-y070214020-23_lfp-1,T,y070214020-23,1,post_go,condition,torus_geometry_15,ok,0.26851851851851855,0.26371389577768456,4,108,27,16,16.0,7,pertrace_unsupervised_movement_signal,pertrace_tau16_embed7
monkeyT_session-y070214020-23_lfp-2,T,y070214020-23,2,pre_go,direction,torus_geometry_15,ok,0.6,0.5994703740483284,2,110,55,53,53.0,7,pertrace_unsupervised_movement_signal,pertrace_tau53_embed7
monkeyT_session-y070214020-23_lfp-2,T,y070214020-23,2,pre_go,delay,torus_geometry_15,ok,0.5909090909090909,0.5908752789486735,2,110,55,53,53.0,7,pertrace_unsupervised_movement_signal,pertrace_tau53_embed7
monkeyT_session-y070214020-23_lfp-2,T,y070214020-23,2,pre_go,condition,torus_geometry_15,ok,0.35185185185185186,0.3353015374152869,4,108,27,53,53.0,7,pertrace_unsupervised_movement_signal,pertrace_tau53_embed7
monkeyT_session-y070214020-23_lfp-2,T,y070214020-23,2,peri_go,direction,torus_geometry_15,ok,0.6090909090909091,0.6090585998842879,2,110,55,53,53.0,7,pertrace_unsupervised_movement_signal,pertrace_tau53_embed7
monkeyT_session-y070214020-23_lfp-2,T,y070214020-23,2,peri_go,delay,torus_geometry_15,ok,0.5454545454545454,0.5448526977821913,2,110,55,53,53.0,7,pertrace_unsupervised_movement_signal,pertrace_tau53_embed7
monkeyT_session-y070214020-23_lfp-2,T,y070214020-23,2,peri_go,condition,torus_geometry_15,ok,0.25925925925925924,0.2535066833664303,4,108,27,53,53.0,7,pertrace_unsupervised_movement_signal,pertrace_tau53_embed7
monkeyT_session-y070214020-23_lfp-2,T,y070214020-23,2,movement,direction,torus_geometry_15,ok,0.5181818181818182,0.5181419952062154,2,110,55,53,53.0,7,pertrace_unsupervised_movement_signal,pertrace_tau53_embed7
monkeyT_session-y070214020-23_lfp-2,T,y070214020-23,2,movement,delay,torus_geometry_15,ok,0.6,0.5978730475240943,2,110,55,53,53.0,7,pertrace_unsupervised_movement_signal,pertrace_tau53_embed7
monkeyT_session-y070214020-23_lfp-2,T,y070214020-23,2,movement,condition,torus_geometry_15,ok,0.26851851851851855,0.2703044712017793,4,108,27,53,53.0,7,pertrace_unsupervised_movement_signal,pertrace_tau53_embed7
monkeyT_session-y070214020-23_lfp-2,T,y070214020-23,2,post_go,direction,torus_geometry_15,ok,0.6090909090909091,0.6087999338350839,2,110,55,53,53.0,7,pertrace_unsupervised_movement_signal,pertrace_tau53_embed7
monkeyT_session-y070214020-23_lfp-2,T,y070214020-23,2,post_go,delay,torus_geometry_15,ok,0.6090909090909091,0.6075014521616463,2,110,55,53,53.0,7,pertrace_unsupervised_movement_signal,pertrace_tau53_embed7
monkeyT_session-y070214020-23_lfp-2,T,y070214020-23,2,post_go,condition,torus_geometry_15,ok,0.32407407407407407,0.3047077922077922,4,108,27,53,53.0,7,pertrace_unsupervised_movement_signal,pertrace_tau53_embed7
monkeyT_session-y070215001-4_lfp-1,T,y070215001-4,1,pre_go,direction,torus_geometry_15,ok,0.1282051282051282,0.1262272098095763,6,156,26,53,53.0,5,pertrace_unsupervised_movement_signal,pertrace_tau53_embed5
monkeyT_session-y070215001-4_lfp-1,T,y070215001-4,1,pre_go,delay,torus_geometry_15,ok,0.575,0.5707070707070707,2,160,80,53,53.0,5,pertrace_unsupervised_movement_signal,pertrace_tau53_embed5
monkeyT_session-y070215001-4_lfp-1,T,y070215001-4,1,pre_go,condition,torus_geometry_15,ok,0.09722222222222222,0.08836940836940838,12,144,12,53,53.0,5,pertrace_unsupervised_movement_signal,pertrace_tau53_embed5
monkeyT_session-y070215001-4_lfp-1,T,y070215001-4,1,peri_go,direction,torus_geometry_15,ok,0.22435897435897437,0.2128873755936074,6,156,26,53,53.0,5,pertrace_unsupervised_movement_signal,pertrace_tau53_embed5
monkeyT_session-y070215001-4_lfp-1,T,y070215001-4,1,peri_go,delay,torus_geometry_15,ok,0.55625,0.5562326653384897,2,160,80,53,53.0,5,pertrace_unsupervised_movement_signal,pertrace_tau53_embed5
monkeyT_session-y070215001-4_lfp-1,T,y070215001-4,1,peri_go,condition,torus_geometry_15,ok,0.09027777777777778,0.07529569892473117,12,144,12,53,53.0,5,pertrace_unsupervised_movement_signal,pertrace_tau53_embed5
monkeyT_session-y070215001-4_lfp-1,T,y070215001-4,1,movement,direction,torus_geometry_15,ok,0.1987179487179487,0.20103876453280622,6,156,26,53,53.0,5,pertrace_unsupervised_movement_signal,pertrace_tau53_embed5
monkeyT_session-y070215001-4_lfp-1,T,y070215001-4,1,movement,delay,torus_geometry_15,ok,0.5625,0.5607843137254902,2,160,80,53,53.0,5,pertrace_unsupervised_movement_signal,pertrace_tau53_embed5
monkeyT_session-y070215001-4_lfp-1,T,y070215001-4,1,movement,condition,torus_geometry_15,ok,0.0763888888888889,0.061266826479808224,12,144,12,53,53.0,5,pertrace_unsupervised_movement_signal,pertrace_tau53_embed5
monkeyT_session-y070215001-4_lfp-1,T,y070215001-4,1,post_go,direction,torus_geometry_15,ok,0.1346153846153846,0.13047666732348537,6,156,26,53,53.0,5,pertrace_unsupervised_movement_signal,pertrace_tau53_embed5
monkeyT_session-y070215001-4_lfp-1,T,y070215001-4,1,post_go,delay,torus_geometry_15,ok,0.475,0.4709494567784601,2,160,80,53,53.0,5,pertrace_unsupervised_movement_signal,pertrace_tau53_embed5
monkeyT_session-y070215001-4_lfp-1,T,y070215001-4,1,post_go,condition,torus_geometry_15,ok,0.034722222222222224,0.03268112156043191,12,144,12,53,53.0,5,pertrace_unsupervised_movement_signal,pertrace_tau53_embed5
monkeyT_session-y070215001-4_lfp-2,T,y070215001-4,2,pre_go,direction,torus_geometry_15,ok,0.13768115942028986,0.12863367569249926,6,138,23,49,49.0,7,pertrace_unsupervised_movement_signal,pertrace_tau49_embed7
monkeyT_session-y070215001-4_lfp-2,T,y070215001-4,2,pre_go,delay,torus_geometry_15,ok,0.6283783783783784,0.6283614116787655,2,148,74,49,49.0,7,pertrace_unsupervised_movement_signal,pertrace_tau49_embed7
monkeyT_session-y070215001-4_lfp-2,T,y070215001-4,2,pre_go,condition,torus_geometry_15,ok,0.15,0.1356410958098601,12,120,10,49,49.0,7,pertrace_unsupervised_movement_signal,pertrace_tau49_embed7
monkeyT_session-y070215001-4_lfp-2,T,y070215001-4,2,peri_go,direction,torus_geometry_15,ok,0.21014492753623187,0.1971097658660854,6,138,23,49,49.0,7,pertrace_unsupervised_movement_signal,pertrace_tau49_embed7
monkeyT_session-y070215001-4_lfp-2,T,y070215001-4,2,peri_go,delay,torus_geometry_15,ok,0.5608108108108109,0.560630280886047,2,148,74,49,49.0,7,pertrace_unsupervised_movement_signal,pertrace_tau49_embed7
monkeyT_session-y070215001-4_lfp-2,T,y070215001-4,2,peri_go,condition,torus_geometry_15,ok,0.10833333333333334,0.10400111086895984,12,120,10,49,49.0,7,pertrace_unsupervised_movement_signal,pertrace_tau49_embed7
monkeyT_session-y070215001-4_lfp-2,T,y070215001-4,2,movement,direction,torus_geometry_15,ok,0.2028985507246377,0.1861558198820847,6,138,23,49,49.0,7,pertrace_unsupervised_movement_signal,pertrace_tau49_embed7
monkeyT_session-y070215001-4_lfp-2,T,y070215001-4,2,movement,delay,torus_geometry_15,ok,0.5540540540540541,0.5533199195171026,2,148,74,49,49.0,7,pertrace_unsupervised_movement_signal,pertrace_tau49_embed7
monkeyT_session-y070215001-4_lfp-2,T,y070215001-4,2,movement,condition,torus_geometry_15,ok,0.15,0.13998558624685964,12,120,10,49,49.0,7,pertrace_unsupervised_movement_signal,pertrace_tau49_embed7
monkeyT_session-y070215001-4_lfp-2,T,y070215001-4,2,post_go,direction,torus_geometry_15,ok,0.1956521739130435,0.18962660505402887,6,138,23,49,49.0,7,pertrace_unsupervised_movement_signal,pertrace_tau49_embed7
monkeyT_session-y070215001-4_lfp-2,T,y070215001-4,2,post_go,delay,torus_geometry_15,ok,0.47297297297297297,0.4725877192982456,2,148,74,49,49.0,7,pertrace_unsupervised_movement_signal,pertrace_tau49_embed7
monkeyT_session-y070215001-4_lfp-2,T,y070215001-4,2,post_go,condition,torus_geometry_15,ok,0.14166666666666666,0.13731069883670058,12,120,10,49,49.0,7,pertrace_unsupervised_movement_signal,pertrace_tau49_embed7
monkeyT_session-y070215005-10_lfp-1,T,y070215005-10,1,pre_go,direction,torus_geometry_15,ok,0.1744186046511628,0.16671828465989413,6,258,43,20,20.0,5,pertrace_unsupervised_movement_signal,pertrace_tau20_embed5
monkeyT_session-y070215005-10_lfp-1,T,y070215005-10,1,pre_go,delay,torus_geometry_15,ok,0.40458015267175573,0.4003521126760563,2,262,131,20,20.0,5,pertrace_unsupervised_movement_signal,pertrace_tau20_embed5
monkeyT_session-y070215005-10_lfp-1,T,y070215005-10,1,pre_go,condition,torus_geometry_15,ok,0.0873015873015873,0.08013864298742154,12,252,21,20,20.0,5,pertrace_unsupervised_movement_signal,pertrace_tau20_embed5
monkeyT_session-y070215005-10_lfp-1,T,y070215005-10,1,peri_go,direction,torus_geometry_15,ok,0.17829457364341086,0.17705078235363939,6,258,43,20,20.0,5,pertrace_unsupervised_movement_signal,pertrace_tau20_embed5
monkeyT_session-y070215005-10_lfp-1,T,y070215005-10,1,peri_go,delay,torus_geometry_15,ok,0.583969465648855,0.5836722793206501,2,262,131,20,20.0,5,pertrace_unsupervised_movement_signal,pertrace_tau20_embed5
monkeyT_session-y070215005-10_lfp-1,T,y070215005-10,1,peri_go,condition,torus_geometry_15,ok,0.1111111111111111,0.10313438815381575,12,252,21,20,20.0,5,pertrace_unsupervised_movement_signal,pertrace_tau20_embed5
monkeyT_session-y070215005-10_lfp-1,T,y070215005-10,1,movement,direction,torus_geometry_15,ok,0.18604651162790697,0.18319401731771687,6,258,43,20,20.0,5,pertrace_unsupervised_movement_signal,pertrace_tau20_embed5
monkeyT_session-y070215005-10_lfp-1,T,y070215005-10,1,movement,delay,torus_geometry_15,ok,0.5725190839694656,0.572294776119403,2,262,131,20,20.0,5,pertrace_unsupervised_movement_signal,pertrace_tau20_embed5
monkeyT_session-y070215005-10_lfp-1,T,y070215005-10,1,movement,condition,torus_geometry_15,ok,0.1388888888888889,0.11610159995436635,12,252,21,20,20.0,5,pertrace_unsupervised_movement_signal,pertrace_tau20_embed5
monkeyT_session-y070215005-10_lfp-1,T,y070215005-10,1,post_go,direction,torus_geometry_15,ok,0.14728682170542637,0.1481664167149023,6,258,43,20,20.0,5,pertrace_unsupervised_movement_signal,pertrace_tau20_embed5
monkeyT_session-y070215005-10_lfp-1,T,y070215005-10,1,post_go,delay,torus_geometry_15,ok,0.4732824427480916,0.47325174825174826,2,262,131,20,20.0,5,pertrace_unsupervised_movement_signal,pertrace_tau20_embed5
monkeyT_session-y070215005-10_lfp-1,T,y070215005-10,1,post_go,condition,torus_geometry_15,ok,0.11507936507936507,0.10233397740939938,12,252,21,20,20.0,5,pertrace_unsupervised_movement_signal,pertrace_tau20_embed5
monkeyT_session-y070215005-10_lfp-2,T,y070215005-10,2,pre_go,direction,torus_geometry_15,ok,0.15503875968992248,0.14747567646874266,6,258,43,21,21.0,7,pertrace_unsupervised_movement_signal,pertrace_tau21_embed7
monkeyT_session-y070215005-10_lfp-2,T,y070215005-10,2,pre_go,delay,torus_geometry_15,ok,0.5572519083969466,0.5570195895522387,2,262,131,21,21.0,7,pertrace_unsupervised_movement_signal,pertrace_tau21_embed7
monkeyT_session-y070215005-10_lfp-2,T,y070215005-10,2,pre_go,condition,torus_geometry_15,ok,0.08333333333333333,0.07367401117401116,12,252,21,21,21.0,7,pertrace_unsupervised_movement_signal,pertrace_tau21_embed7
monkeyT_session-y070215005-10_lfp-2,T,y070215005-10,2,peri_go,direction,torus_geometry_15,ok,0.17829457364341086,0.17060083019298344,6,258,43,21,21.0,7,pertrace_unsupervised_movement_signal,pertrace_tau21_embed7
monkeyT_session-y070215005-10_lfp-2,T,y070215005-10,2,peri_go,delay,torus_geometry_15,ok,0.5610687022900763,0.56075515708142,2,262,131,21,21.0,7,pertrace_unsupervised_movement_signal,pertrace_tau21_embed7
monkeyT_session-y070215005-10_lfp-2,T,y070215005-10,2,peri_go,condition,torus_geometry_15,ok,0.08333333333333333,0.07543503383300708,12,252,21,21,21.0,7,pertrace_unsupervised_movement_signal,pertrace_tau21_embed7
monkeyT_session-y070215005-10_lfp-2,T,y070215005-10,2,movement,direction,torus_geometry_15,ok,0.20155038759689922,0.19486070697636756,6,258,43,21,21.0,7,pertrace_unsupervised_movement_signal,pertrace_tau21_embed7
monkeyT_session-y070215005-10_lfp-2,T,y070215005-10,2,movement,delay,torus_geometry_15,ok,0.6068702290076335,0.606726999810548,2,262,131,21,21.0,7,pertrace_unsupervised_movement_signal,pertrace_tau21_embed7
monkeyT_session-y070215005-10_lfp-2,T,y070215005-10,2,movement,condition,torus_geometry_15,ok,0.1388888888888889,0.1277641383718597,12,252,21,21,21.0,7,pertrace_unsupervised_movement_signal,pertrace_tau21_embed7
monkeyT_session-y070215005-10_lfp-2,T,y070215005-10,2,post_go,direction,torus_geometry_15,ok,0.16279069767441862,0.1536482511892757,6,258,43,21,21.0,7,pertrace_unsupervised_movement_signal,pertrace_tau21_embed7
monkeyT_session-y070215005-10_lfp-2,T,y070215005-10,2,post_go,delay,torus_geometry_15,ok,0.5877862595419847,0.5877622377622378,2,262,131,21,21.0,7,pertrace_unsupervised_movement_signal,pertrace_tau21_embed7
monkeyT_session-y070215005-10_lfp-2,T,y070215005-10,2,post_go,condition,torus_geometry_15,ok,0.11904761904761904,0.09796769298530233,12,252,21,21,21.0,7,pertrace_unsupervised_movement_signal,pertrace_tau21_embed7
monkeyT_session-y070215011-16_lfp-1,T,y070215011-16,1,pre_go,direction,torus_geometry_15,ok,0.12162162162162163,0.12029364521051918,6,222,37,19,19.0,5,pertrace_unsupervised_movement_signal,pertrace_tau19_embed5
monkeyT_session-y070215011-16_lfp-1,T,y070215011-16,1,pre_go,delay,torus_geometry_15,ok,0.5442477876106194,0.544238864415076,2,226,113,19,19.0,5,pertrace_unsupervised_movement_signal,pertrace_tau19_embed5
monkeyT_session-y070215011-16_lfp-1,T,y070215011-16,1,pre_go,condition,torus_geometry_15,ok,0.07352941176470588,0.06841320687659425,12,204,17,19,19.0,5,pertrace_unsupervised_movement_signal,pertrace_tau19_embed5
monkeyT_session-y070215011-16_lfp-1,T,y070215011-16,1,peri_go,direction,torus_geometry_15,ok,0.13063063063063063,0.12803128844663403,6,222,37,19,19.0,5,pertrace_unsupervised_movement_signal,pertrace_tau19_embed5
monkeyT_session-y070215011-16_lfp-1,T,y070215011-16,1,peri_go,delay,torus_geometry_15,ok,0.5796460176991151,0.5794401676754618,2,226,113,19,19.0,5,pertrace_unsupervised_movement_signal,pertrace_tau19_embed5
monkeyT_session-y070215011-16_lfp-1,T,y070215011-16,1,peri_go,condition,torus_geometry_15,ok,0.09803921568627451,0.0881427292953955,12,204,17,19,19.0,5,pertrace_unsupervised_movement_signal,pertrace_tau19_embed5
monkeyT_session-y070215011-16_lfp-1,T,y070215011-16,1,movement,direction,torus_geometry_15,ok,0.15315315315315314,0.15345074481203066,6,222,37,19,19.0,5,pertrace_unsupervised_movement_signal,pertrace_tau19_embed5
monkeyT_session-y070215011-16_lfp-1,T,y070215011-16,1,movement,delay,torus_geometry_15,ok,0.5929203539823009,0.5926332288401254,2,226,113,19,19.0,5,pertrace_unsupervised_movement_signal,pertrace_tau19_embed5
monkeyT_session-y070215011-16_lfp-1,T,y070215011-16,1,movement,condition,torus_geometry_15,ok,0.10784313725490197,0.10007523713197473,12,204,17,19,19.0,5,pertrace_unsupervised_movement_signal,pertrace_tau19_embed5
monkeyT_session-y070215011-16_lfp-1,T,y070215011-16,1,post_go,direction,torus_geometry_15,ok,0.1891891891891892,0.18438610640084077,6,222,37,19,19.0,5,pertrace_unsupervised_movement_signal,pertrace_tau19_embed5
monkeyT_session-y070215011-16_lfp-1,T,y070215011-16,1,post_go,delay,torus_geometry_15,ok,0.5707964601769911,0.5707208177492313,2,226,113,19,19.0,5,pertrace_unsupervised_movement_signal,pertrace_tau19_embed5
monkeyT_session-y070215011-16_lfp-1,T,y070215011-16,1,post_go,condition,torus_geometry_15,ok,0.0784313725490196,0.08016320479162484,12,204,17,19,19.0,5,pertrace_unsupervised_movement_signal,pertrace_tau19_embed5
monkeyT_session-y070215011-16_lfp-2,T,y070215011-16,2,pre_go,direction,torus_geometry_15,ok,0.15765765765765766,0.15235534666025627,6,222,37,54,54.0,5,pertrace_unsupervised_movement_signal,pertrace_tau54_embed5
monkeyT_session-y070215011-16_lfp-2,T,y070215011-16,2,pre_go,delay,torus_geometry_15,ok,0.584070796460177,0.5840382205513786,2,226,113,54,54.0,5,pertrace_unsupervised_movement_signal,pertrace_tau54_embed5
monkeyT_session-y070215011-16_lfp-2,T,y070215011-16,2,pre_go,condition,torus_geometry_15,ok,0.10784313725490197,0.09712662212662211,12,204,17,54,54.0,5,pertrace_unsupervised_movement_signal,pertrace_tau54_embed5
monkeyT_session-y070215011-16_lfp-2,T,y070215011-16,2,peri_go,direction,torus_geometry_15,ok,0.14414414414414414,0.14021298846348382,6,222,37,54,54.0,5,pertrace_unsupervised_movement_signal,pertrace_tau54_embed5
monkeyT_session-y070215011-16_lfp-2,T,y070215011-16,2,peri_go,delay,torus_geometry_15,ok,0.5176991150442478,0.5176896720509055,2,226,113,54,54.0,5,pertrace_unsupervised_movement_signal,pertrace_tau54_embed5
monkeyT_session-y070215011-16_lfp-2,T,y070215011-16,2,peri_go,condition,torus_geometry_15,ok,0.08333333333333333,0.07856853223891207,12,204,17,54,54.0,5,pertrace_unsupervised_movement_signal,pertrace_tau54_embed5
monkeyT_session-y070215011-16_lfp-2,T,y070215011-16,2,movement,direction,torus_geometry_15,ok,0.1891891891891892,0.1852426339670792,6,222,37,54,54.0,5,pertrace_unsupervised_movement_signal,pertrace_tau54_embed5
monkeyT_session-y070215011-16_lfp-2,T,y070215011-16,2,movement,delay,torus_geometry_15,ok,0.5265486725663717,0.526465231950183,2,226,113,54,54.0,5,pertrace_unsupervised_movement_signal,pertrace_tau54_embed5
monkeyT_session-y070215011-16_lfp-2,T,y070215011-16,2,movement,condition,torus_geometry_15,ok,0.10294117647058823,0.08680315526111643,12,204,17,54,54.0,5,pertrace_unsupervised_movement_signal,pertrace_tau54_embed5
monkeyT_session-y070215011-16_lfp-2,T,y070215011-16,2,post_go,direction,torus_geometry_15,ok,0.20270270270270271,0.20056812111245825,6,222,37,54,54.0,5,pertrace_unsupervised_movement_signal,pertrace_tau54_embed5
monkeyT_session-y070215011-16_lfp-2,T,y070215011-16,2,post_go,delay,torus_geometry_15,ok,0.5398230088495575,0.5396788092440266,2,226,113,54,54.0,5,pertrace_unsupervised_movement_signal,pertrace_tau54_embed5
monkeyT_session-y070215011-16_lfp-2,T,y070215011-16,2,post_go,condition,torus_geometry_15,ok,0.10294117647058823,0.09125499303130881,12,204,17,54,54.0,5,pertrace_unsupervised_movement_signal,pertrace_tau54_embed5
monkeyT_session-y070215017-21_lfp-2,T,y070215017-21,2,pre_go,direction,torus_geometry_15,ok,0.5112359550561798,0.5108499952620108,2,178,89,24,24.0,5,pertrace_unsupervised_movement_signal,pertrace_tau24_embed5
monkeyT_session-y070215017-21_lfp-2,T,y070215017-21,2,pre_go,delay,torus_geometry_15,ok,0.5777777777777777,0.5777256451413755,2,180,90,24,24.0,5,pertrace_unsupervised_movement_signal,pertrace_tau24_embed5
monkeyT_session-y070215017-21_lfp-2,T,y070215017-21,2,pre_go,condition,torus_geometry_15,ok,0.2556818181818182,0.24978823588031587,4,176,44,24,24.0,5,pertrace_unsupervised_movement_signal,pertrace_tau24_embed5
monkeyT_session-y070215017-21_lfp-2,T,y070215017-21,2,peri_go,direction,torus_geometry_15,ok,0.6123595505617978,0.6087912087912088,2,178,89,24,24.0,5,pertrace_unsupervised_movement_signal,pertrace_tau24_embed5
monkeyT_session-y070215017-21_lfp-2,T,y070215017-21,2,peri_go,delay,torus_geometry_15,ok,0.5888888888888889,0.5876160990712074,2,180,90,24,24.0,5,pertrace_unsupervised_movement_signal,pertrace_tau24_embed5
monkeyT_session-y070215017-21_lfp-2,T,y070215017-21,2,peri_go,condition,torus_geometry_15,ok,0.4431818181818182,0.4316889064781563,4,176,44,24,24.0,5,pertrace_unsupervised_movement_signal,pertrace_tau24_embed5
monkeyT_session-y070215017-21_lfp-2,T,y070215017-21,2,movement,direction,torus_geometry_15,ok,0.5561797752808989,0.5537997778835475,2,178,89,24,24.0,5,pertrace_unsupervised_movement_signal,pertrace_tau24_embed5
monkeyT_session-y070215017-21_lfp-2,T,y070215017-21,2,movement,delay,torus_geometry_15,ok,0.6444444444444445,0.6442687747035574,2,180,90,24,24.0,5,pertrace_unsupervised_movement_signal,pertrace_tau24_embed5
monkeyT_session-y070215017-21_lfp-2,T,y070215017-21,2,movement,condition,torus_geometry_15,ok,0.32954545454545453,0.3164139790704996,4,176,44,24,24.0,5,pertrace_unsupervised_movement_signal,pertrace_tau24_embed5
monkeyT_session-y070215017-21_lfp-2,T,y070215017-21,2,post_go,direction,torus_geometry_15,ok,0.5280898876404494,0.5220560030686613,2,178,89,24,24.0,5,pertrace_unsupervised_movement_signal,pertrace_tau24_embed5
monkeyT_session-y070215017-21_lfp-2,T,y070215017-21,2,post_go,delay,torus_geometry_15,ok,0.6388888888888888,0.6375352396294804,2,180,90,24,24.0,5,pertrace_unsupervised_movement_signal,pertrace_tau24_embed5
monkeyT_session-y070215017-21_lfp-2,T,y070215017-21,2,post_go,condition,torus_geometry_15,ok,0.35795454545454547,0.359010143240611,4,176,44,24,24.0,5,pertrace_unsupervised_movement_signal,pertrace_tau24_embed5
monkeyT_session-y070215017-21_lfp-4,T,y070215017-21,4,pre_go,direction,torus_geometry_15,ok,0.5833333333333334,0.583011583011583,2,108,54,16,16.0,5,pertrace_unsupervised_movement_signal,pertrace_tau16_embed5
monkeyT_session-y070215017-21_lfp-4,T,y070215017-21,4,pre_go,delay,torus_geometry_15,ok,0.5104166666666666,0.5060755336617406,2,96,48,16,16.0,5,pertrace_unsupervised_movement_signal,pertrace_tau16_embed5
monkeyT_session-y070215017-21_lfp-4,T,y070215017-21,4,pre_go,condition,torus_geometry_15,ok,0.2840909090909091,0.2759129450305921,4,88,22,16,16.0,5,pertrace_unsupervised_movement_signal,pertrace_tau16_embed5
monkeyT_session-y070215017-21_lfp-4,T,y070215017-21,4,peri_go,direction,torus_geometry_15,ok,0.4537037037037037,0.4532818532818533,2,108,54,16,16.0,5,pertrace_unsupervised_movement_signal,pertrace_tau16_embed5
monkeyT_session-y070215017-21_lfp-4,T,y070215017-21,4,peri_go,delay,torus_geometry_15,ok,0.5,0.49978289188015634,2,96,48,16,16.0,5,pertrace_unsupervised_movement_signal,pertrace_tau16_embed5
monkeyT_session-y070215017-21_lfp-4,T,y070215017-21,4,peri_go,condition,torus_geometry_15,ok,0.29545454545454547,0.2889750445632798,4,88,22,16,16.0,5,pertrace_unsupervised_movement_signal,pertrace_tau16_embed5
monkeyT_session-y070215017-21_lfp-4,T,y070215017-21,4,movement,direction,torus_geometry_15,ok,0.6296296296296297,0.6291208791208791,2,108,54,16,16.0,5,pertrace_unsupervised_movement_signal,pertrace_tau16_embed5
monkeyT_session-y070215017-21_lfp-4,T,y070215017-21,4,movement,delay,torus_geometry_15,ok,0.4791666666666667,0.47894051237516283,2,96,48,16,16.0,5,pertrace_unsupervised_movement_signal,pertrace_tau16_embed5
monkeyT_session-y070215017-21_lfp-4,T,y070215017-21,4,movement,condition,torus_geometry_15,ok,0.3522727272727273,0.3442982456140351,4,88,22,16,16.0,5,pertrace_unsupervised_movement_signal,pertrace_tau16_embed5
monkeyT_session-y070215017-21_lfp-4,T,y070215017-21,4,post_go,direction,torus_geometry_15,ok,0.6111111111111112,0.609907120743034,2,108,54,16,16.0,5,pertrace_unsupervised_movement_signal,pertrace_tau16_embed5
monkeyT_session-y070215017-21_lfp-4,T,y070215017-21,4,post_go,delay,torus_geometry_15,ok,0.5208333333333334,0.5189542483660131,2,96,48,16,16.0,5,pertrace_unsupervised_movement_signal,pertrace_tau16_embed5
monkeyT_session-y070215017-21_lfp-4,T,y070215017-21,4,post_go,condition,torus_geometry_15,ok,0.2840909090909091,0.27246902461262024,4,88,22,16,16.0,5,pertrace_unsupervised_movement_signal,pertrace_tau16_embed5
monkeyT_session-y070228001-5_lfp-8,T,y070228001-5,8,pre_go,direction,torus_geometry_15,ok,0.18181818181818182,0.179586556422662,6,198,33,16,16.0,5,pertrace_unsupervised_movement_signal,pertrace_tau16_embed5
monkeyT_session-y070228001-5_lfp-8,T,y070228001-5,8,pre_go,delay,torus_geometry_15,ok,0.861904761904762,0.8611965811965812,2,210,105,16,16.0,5,pertrace_unsupervised_movement_signal,pertrace_tau16_embed5
monkeyT_session-y070228001-5_lfp-8,T,y070228001-5,8,pre_go,condition,torus_geometry_15,ok,0.13020833333333334,0.12928205492878506,12,192,16,16,16.0,5,pertrace_unsupervised_movement_signal,pertrace_tau16_embed5
monkeyT_session-y070228001-5_lfp-8,T,y070228001-5,8,peri_go,direction,torus_geometry_15,ok,0.1414141414141414,0.14085726480092678,6,198,33,16,16.0,5,pertrace_unsupervised_movement_signal,pertrace_tau16_embed5
monkeyT_session-y070228001-5_lfp-8,T,y070228001-5,8,peri_go,delay,torus_geometry_15,ok,0.6476190476190476,0.6464646464646464,2,210,105,16,16.0,5,pertrace_unsupervised_movement_signal,pertrace_tau16_embed5
monkeyT_session-y070228001-5_lfp-8,T,y070228001-5,8,peri_go,condition,torus_geometry_15,ok,0.08333333333333333,0.08041739449686214,12,192,16,16,16.0,5,pertrace_unsupervised_movement_signal,pertrace_tau16_embed5
monkeyT_session-y070228001-5_lfp-8,T,y070228001-5,8,movement,direction,torus_geometry_15,ok,0.15656565656565657,0.15639988537355987,6,198,33,16,16.0,5,pertrace_unsupervised_movement_signal,pertrace_tau16_embed5
monkeyT_session-y070228001-5_lfp-8,T,y070228001-5,8,movement,delay,torus_geometry_15,ok,0.6666666666666666,0.6641995614035088,2,210,105,16,16.0,5,pertrace_unsupervised_movement_signal,pertrace_tau16_embed5
monkeyT_session-y070228001-5_lfp-8,T,y070228001-5,8,movement,condition,torus_geometry_15,ok,0.11979166666666667,0.11078618327181544,12,192,16,16,16.0,5,pertrace_unsupervised_movement_signal,pertrace_tau16_embed5
monkeyT_session-y070228001-5_lfp-8,T,y070228001-5,8,post_go,direction,torus_geometry_15,ok,0.20202020202020202,0.19903506475258972,6,198,33,16,16.0,5,pertrace_unsupervised_movement_signal,pertrace_tau16_embed5
monkeyT_session-y070228001-5_lfp-8,T,y070228001-5,8,post_go,delay,torus_geometry_15,ok,0.6476190476190476,0.6450109649122807,2,210,105,16,16.0,5,pertrace_unsupervised_movement_signal,pertrace_tau16_embed5
monkeyT_session-y070228001-5_lfp-8,T,y070228001-5,8,post_go,condition,torus_geometry_15,ok,0.13541666666666666,0.13422730348543357,12,192,16,16,16.0,5,pertrace_unsupervised_movement_signal,pertrace_tau16_embed5
monkeyT_session-y070301002-6_lfp-8,T,y070301002-6,8,pre_go,direction,torus_geometry_15,ok,0.17424242424242425,0.16810473297755238,6,264,44,52,52.0,9,pertrace_unsupervised_movement_signal,pertrace_tau52_embed9
monkeyT_session-y070301002-6_lfp-8,T,y070301002-6,8,pre_go,delay,torus_geometry_15,ok,0.7613636363636364,0.7584489143853024,2,264,132,52,52.0,9,pertrace_unsupervised_movement_signal,pertrace_tau52_embed9
monkeyT_session-y070301002-6_lfp-8,T,y070301002-6,8,pre_go,condition,torus_geometry_15,ok,0.10984848484848485,0.10319473674413619,12,264,22,52,52.0,9,pertrace_unsupervised_movement_signal,pertrace_tau52_embed9
monkeyT_session-y070301002-6_lfp-8,T,y070301002-6,8,peri_go,direction,torus_geometry_15,ok,0.2159090909090909,0.21352950316738153,6,264,44,52,52.0,9,pertrace_unsupervised_movement_signal,pertrace_tau52_embed9
monkeyT_session-y070301002-6_lfp-8,T,y070301002-6,8,peri_go,delay,torus_geometry_15,ok,0.6628787878787878,0.6603004322870734,2,264,132,52,52.0,9,pertrace_unsupervised_movement_signal,pertrace_tau52_embed9
monkeyT_session-y070301002-6_lfp-8,T,y070301002-6,8,peri_go,condition,torus_geometry_15,ok,0.12878787878787878,0.12186742421397863,12,264,22,52,52.0,9,pertrace_unsupervised_movement_signal,pertrace_tau52_embed9
monkeyT_session-y070301002-6_lfp-8,T,y070301002-6,8,movement,direction,torus_geometry_15,ok,0.16666666666666666,0.16596205077856285,6,264,44,52,52.0,9,pertrace_unsupervised_movement_signal,pertrace_tau52_embed9
monkeyT_session-y070301002-6_lfp-8,T,y070301002-6,8,movement,delay,torus_geometry_15,ok,0.5984848484848485,0.5966095831171078,2,264,132,52,52.0,9,pertrace_unsupervised_movement_signal,pertrace_tau52_embed9
monkeyT_session-y070301002-6_lfp-8,T,y070301002-6,8,movement,condition,torus_geometry_15,ok,0.10227272727272728,0.08919289762483194,12,264,22,52,52.0,9,pertrace_unsupervised_movement_signal,pertrace_tau52_embed9
monkeyT_session-y070301002-6_lfp-8,T,y070301002-6,8,post_go,direction,torus_geometry_15,ok,0.23484848484848486,0.22855300157693903,6,264,44,52,52.0,9,pertrace_unsupervised_movement_signal,pertrace_tau52_embed9
monkeyT_session-y070301002-6_lfp-8,T,y070301002-6,8,post_go,delay,torus_geometry_15,ok,0.5871212121212122,0.5839634507785505,2,264,132,52,52.0,9,pertrace_unsupervised_movement_signal,pertrace_tau52_embed9
monkeyT_session-y070301002-6_lfp-8,T,y070301002-6,8,post_go,condition,torus_geometry_15,ok,0.0946969696969697,0.08767627747455126,12,264,22,52,52.0,9,pertrace_unsupervised_movement_signal,pertrace_tau52_embed9
monkeyT_session-y070301012-19_lfp-7,T,y070301012-19,7,pre_go,direction,torus_geometry_15,ok,0.15819209039548024,0.15980241788909602,6,354,59,18,18.0,9,pertrace_unsupervised_movement_signal,pertrace_tau18_embed9
monkeyT_session-y070301012-19_lfp-7,T,y070301012-19,7,pre_go,delay,torus_geometry_15,ok,0.6703910614525139,0.6657911392405063,2,358,179,18,18.0,9,pertrace_unsupervised_movement_signal,pertrace_tau18_embed9
monkeyT_session-y070301012-19_lfp-7,T,y070301012-19,7,pre_go,condition,torus_geometry_15,ok,0.09195402298850575,0.0826135316470598,12,348,29,18,18.0,9,pertrace_unsupervised_movement_signal,pertrace_tau18_embed9
monkeyT_session-y070301012-19_lfp-7,T,y070301012-19,7,peri_go,direction,torus_geometry_15,ok,0.17796610169491525,0.16114030643477875,6,354,59,18,18.0,9,pertrace_unsupervised_movement_signal,pertrace_tau18_embed9
monkeyT_session-y070301012-19_lfp-7,T,y070301012-19,7,peri_go,delay,torus_geometry_15,ok,0.6424581005586593,0.6415519399249061,2,358,179,18,18.0,9,pertrace_unsupervised_movement_signal,pertrace_tau18_embed9
monkeyT_session-y070301012-19_lfp-7,T,y070301012-19,7,peri_go,condition,torus_geometry_15,ok,0.09482758620689655,0.09059771199300025,12,348,29,18,18.0,9,pertrace_unsupervised_movement_signal,pertrace_tau18_embed9
monkeyT_session-y070301012-19_lfp-7,T,y070301012-19,7,movement,direction,torus_geometry_15,ok,0.1807909604519774,0.17243619485207362,6,354,59,18,18.0,9,pertrace_unsupervised_movement_signal,pertrace_tau18_embed9
monkeyT_session-y070301012-19_lfp-7,T,y070301012-19,7,movement,delay,torus_geometry_15,ok,0.5837988826815642,0.5835356760850385,2,358,179,18,18.0,9,pertrace_unsupervised_movement_signal,pertrace_tau18_embed9
monkeyT_session-y070301012-19_lfp-7,T,y070301012-19,7,movement,condition,torus_geometry_15,ok,0.11781609195402298,0.10698659269479692,12,348,29,18,18.0,9,pertrace_unsupervised_movement_signal,pertrace_tau18_embed9
monkeyT_session-y070301012-19_lfp-7,T,y070301012-19,7,post_go,direction,torus_geometry_15,ok,0.1864406779661017,0.1685812108732713,6,354,59,18,18.0,9,pertrace_unsupervised_movement_signal,pertrace_tau18_embed9
monkeyT_session-y070301012-19_lfp-7,T,y070301012-19,7,post_go,delay,torus_geometry_15,ok,0.6005586592178771,0.6000312512207508,2,358,179,18,18.0,9,pertrace_unsupervised_movement_signal,pertrace_tau18_embed9
monkeyT_session-y070301012-19_lfp-7,T,y070301012-19,7,post_go,condition,torus_geometry_15,ok,0.10632183908045977,0.09287018753178895,12,348,29,18,18.0,9,pertrace_unsupervised_movement_signal,pertrace_tau18_embed9
monkeyT_session-y070306001-5_lfp-5,T,y070306001-5,5,pre_go,direction,torus_geometry_15,ok,0.1414141414141414,0.13316693316693318,6,198,33,17,17.0,7,pertrace_unsupervised_movement_signal,pertrace_tau17_embed7
monkeyT_session-y070306001-5_lfp-5,T,y070306001-5,5,pre_go,delay,torus_geometry_15,ok,0.5544554455445545,0.5544117647058824,2,202,101,17,17.0,7,pertrace_unsupervised_movement_signal,pertrace_tau17_embed7
monkeyT_session-y070306001-5_lfp-5,T,y070306001-5,5,pre_go,condition,torus_geometry_15,ok,0.07291666666666667,0.0613664293584202,12,192,16,17,17.0,7,pertrace_unsupervised_movement_signal,pertrace_tau17_embed7
monkeyT_session-y070306001-5_lfp-5,T,y070306001-5,5,peri_go,direction,torus_geometry_15,ok,0.1717171717171717,0.16966645590994425,6,198,33,17,17.0,7,pertrace_unsupervised_movement_signal,pertrace_tau17_embed7
monkeyT_session-y070306001-5_lfp-5,T,y070306001-5,5,peri_go,delay,torus_geometry_15,ok,0.5742574257425742,0.5738814756671899,2,202,101,17,17.0,7,pertrace_unsupervised_movement_signal,pertrace_tau17_embed7
monkeyT_session-y070306001-5_lfp-5,T,y070306001-5,5,peri_go,condition,torus_geometry_15,ok,0.109375,0.09613837452444011,12,192,16,17,17.0,7,pertrace_unsupervised_movement_signal,pertrace_tau17_embed7
monkeyT_session-y070306001-5_lfp-5,T,y070306001-5,5,movement,direction,torus_geometry_15,ok,0.19696969696969696,0.19186359766458727,6,198,33,17,17.0,7,pertrace_unsupervised_movement_signal,pertrace_tau17_embed7
monkeyT_session-y070306001-5_lfp-5,T,y070306001-5,5,movement,delay,torus_geometry_15,ok,0.5346534653465347,0.53171549768176,2,202,101,17,17.0,7,pertrace_unsupervised_movement_signal,pertrace_tau17_embed7
monkeyT_session-y070306001-5_lfp-5,T,y070306001-5,5,movement,condition,torus_geometry_15,ok,0.10416666666666667,0.10067172316491735,12,192,16,17,17.0,7,pertrace_unsupervised_movement_signal,pertrace_tau17_embed7
monkeyT_session-y070306001-5_lfp-5,T,y070306001-5,5,post_go,direction,torus_geometry_15,ok,0.22727272727272727,0.2237289758448268,6,198,33,17,17.0,7,pertrace_unsupervised_movement_signal,pertrace_tau17_embed7
monkeyT_session-y070306001-5_lfp-5,T,y070306001-5,5,post_go,delay,torus_geometry_15,ok,0.6287128712871287,0.6282664703717336,2,202,101,17,17.0,7,pertrace_unsupervised_movement_signal,pertrace_tau17_embed7
monkeyT_session-y070306001-5_lfp-5,T,y070306001-5,5,post_go,condition,torus_geometry_15,ok,0.15625,0.14819604617042945,12,192,16,17,17.0,7,pertrace_unsupervised_movement_signal,pertrace_tau17_embed7
monkeyT_session-y070306001-5_lfp-7,T,y070306001-5,7,pre_go,direction,torus_geometry_15,ok,0.16666666666666666,0.1655769480396877,6,198,33,24,24.0,5,pertrace_unsupervised_movement_signal,pertrace_tau24_embed5
monkeyT_session-y070306001-5_lfp-7,T,y070306001-5,7,pre_go,delay,torus_geometry_15,ok,0.5891089108910891,0.5890182620419169,2,202,101,24,24.0,5,pertrace_unsupervised_movement_signal,pertrace_tau24_embed5
monkeyT_session-y070306001-5_lfp-7,T,y070306001-5,7,pre_go,condition,torus_geometry_15,ok,0.07291666666666667,0.06486912277353454,12,192,16,24,24.0,5,pertrace_unsupervised_movement_signal,pertrace_tau24_embed5
monkeyT_session-y070306001-5_lfp-7,T,y070306001-5,7,peri_go,direction,torus_geometry_15,ok,0.18181818181818182,0.17694666641289217,6,198,33,24,24.0,5,pertrace_unsupervised_movement_signal,pertrace_tau24_embed5
monkeyT_session-y070306001-5_lfp-7,T,y070306001-5,7,peri_go,delay,torus_geometry_15,ok,0.5742574257425742,0.5742156862745098,2,202,101,24,24.0,5,pertrace_unsupervised_movement_signal,pertrace_tau24_embed5
monkeyT_session-y070306001-5_lfp-7,T,y070306001-5,7,peri_go,condition,torus_geometry_15,ok,0.09375,0.08140496808259966,12,192,16,24,24.0,5,pertrace_unsupervised_movement_signal,pertrace_tau24_embed5
monkeyT_session-y070306001-5_lfp-7,T,y070306001-5,7,movement,direction,torus_geometry_15,ok,0.1919191919191919,0.18427824612968724,6,198,33,24,24.0,5,pertrace_unsupervised_movement_signal,pertrace_tau24_embed5
monkeyT_session-y070306001-5_lfp-7,T,y070306001-5,7,movement,delay,torus_geometry_15,ok,0.49504950495049505,0.4946036106750392,2,202,101,24,24.0,5,pertrace_unsupervised_movement_signal,pertrace_tau24_embed5
monkeyT_session-y070306001-5_lfp-7,T,y070306001-5,7,movement,condition,torus_geometry_15,ok,0.09375,0.08038514120570861,12,192,16,24,24.0,5,pertrace_unsupervised_movement_signal,pertrace_tau24_embed5
monkeyT_session-y070306001-5_lfp-7,T,y070306001-5,7,post_go,direction,torus_geometry_15,ok,0.2474747474747475,0.24192805138336607,6,198,33,24,24.0,5,pertrace_unsupervised_movement_signal,pertrace_tau24_embed5
monkeyT_session-y070306001-5_lfp-7,T,y070306001-5,7,post_go,delay,torus_geometry_15,ok,0.6336633663366337,0.633339874411303,2,202,101,24,24.0,5,pertrace_unsupervised_movement_signal,pertrace_tau24_embed5
monkeyT_session-y070306001-5_lfp-7,T,y070306001-5,7,post_go,condition,torus_geometry_15,ok,0.09895833333333333,0.08482930041828156,12,192,16,24,24.0,5,pertrace_unsupervised_movement_signal,pertrace_tau24_embed5
monkeyT_session-y070306006-11_lfp-5,T,y070306006-11,5,pre_go,direction,torus_geometry_15,ok,0.15196078431372548,0.1505101693859774,6,204,34,16,16.0,5,pertrace_unsupervised_movement_signal,pertrace_tau16_embed5
monkeyT_session-y070306006-11_lfp-5,T,y070306006-11,5,pre_go,delay,torus_geometry_15,ok,0.5373831775700935,0.537373075663282,2,214,107,16,16.0,5,pertrace_unsupervised_movement_signal,pertrace_tau16_embed5
monkeyT_session-y070306006-11_lfp-5,T,y070306006-11,5,pre_go,condition,torus_geometry_15,ok,0.058823529411764705,0.05123739299940674,12,204,17,16,16.0,5,pertrace_unsupervised_movement_signal,pertrace_tau16_embed5
monkeyT_session-y070306006-11_lfp-5,T,y070306006-11,5,peri_go,direction,torus_geometry_15,ok,0.20098039215686275,0.18801022487278904,6,204,34,16,16.0,5,pertrace_unsupervised_movement_signal,pertrace_tau16_embed5
monkeyT_session-y070306006-11_lfp-5,T,y070306006-11,5,peri_go,delay,torus_geometry_15,ok,0.4953271028037383,0.49462083442665966,2,214,107,16,16.0,5,pertrace_unsupervised_movement_signal,pertrace_tau16_embed5
monkeyT_session-y070306006-11_lfp-5,T,y070306006-11,5,peri_go,condition,torus_geometry_15,ok,0.11764705882352941,0.10508557769752362,12,204,17,16,16.0,5,pertrace_unsupervised_movement_signal,pertrace_tau16_embed5
monkeyT_session-y070306006-11_lfp-5,T,y070306006-11,5,movement,direction,torus_geometry_15,ok,0.16176470588235295,0.16201481122356487,6,204,34,16,16.0,5,pertrace_unsupervised_movement_signal,pertrace_tau16_embed5
monkeyT_session-y070306006-11_lfp-5,T,y070306006-11,5,movement,delay,torus_geometry_15,ok,0.5467289719626168,0.5462434695171268,2,214,107,16,16.0,5,pertrace_unsupervised_movement_signal,pertrace_tau16_embed5
monkeyT_session-y070306006-11_lfp-5,T,y070306006-11,5,movement,condition,torus_geometry_15,ok,0.049019607843137254,0.040635851562625024,12,204,17,16,16.0,5,pertrace_unsupervised_movement_signal,pertrace_tau16_embed5
monkeyT_session-y070306006-11_lfp-5,T,y070306006-11,5,post_go,direction,torus_geometry_15,ok,0.1568627450980392,0.14921575145823113,6,204,34,16,16.0,5,pertrace_unsupervised_movement_signal,pertrace_tau16_embed5
monkeyT_session-y070306006-11_lfp-5,T,y070306006-11,5,post_go,delay,torus_geometry_15,ok,0.5514018691588785,0.5488801054018445,2,214,107,16,16.0,5,pertrace_unsupervised_movement_signal,pertrace_tau16_embed5
monkeyT_session-y070306006-11_lfp-5,T,y070306006-11,5,post_go,condition,torus_geometry_15,ok,0.10784313725490197,0.09626969665635994,12,204,17,16,16.0,5,pertrace_unsupervised_movement_signal,pertrace_tau16_embed5
monkeyT_session-y070306006-11_lfp-7,T,y070306006-11,7,pre_go,direction,torus_geometry_15,ok,0.22058823529411764,0.2152868878753582,6,204,34,54,54.0,5,pertrace_unsupervised_movement_signal,pertrace_tau54_embed5
monkeyT_session-y070306006-11_lfp-7,T,y070306006-11,7,pre_go,delay,torus_geometry_15,ok,0.5560747663551402,0.5558322955583229,2,214,107,54,54.0,5,pertrace_unsupervised_movement_signal,pertrace_tau54_embed5
monkeyT_session-y070306006-11_lfp-7,T,y070306006-11,7,pre_go,condition,torus_geometry_15,ok,0.10294117647058823,0.09260782271711814,12,204,17,54,54.0,5,pertrace_unsupervised_movement_signal,pertrace_tau54_embed5
monkeyT_session-y070306006-11_lfp-7,T,y070306006-11,7,peri_go,direction,torus_geometry_15,ok,0.20588235294117646,0.19684640254260508,6,204,34,54,54.0,5,pertrace_unsupervised_movement_signal,pertrace_tau54_embed5
monkeyT_session-y070306006-11_lfp-7,T,y070306006-11,7,peri_go,delay,torus_geometry_15,ok,0.6074766355140186,0.6073394495412844,2,214,107,54,54.0,5,pertrace_unsupervised_movement_signal,pertrace_tau54_embed5
monkeyT_session-y070306006-11_lfp-7,T,y070306006-11,7,peri_go,condition,torus_geometry_15,ok,0.15196078431372548,0.1249565834178525,12,204,17,54,54.0,5,pertrace_unsupervised_movement_signal,pertrace_tau54_embed5
monkeyT_session-y070306006-11_lfp-7,T,y070306006-11,7,movement,direction,torus_geometry_15,ok,0.16176470588235295,0.1626095428183857,6,204,34,54,54.0,5,pertrace_unsupervised_movement_signal,pertrace_tau54_embed5
monkeyT_session-y070306006-11_lfp-7,T,y070306006-11,7,movement,delay,torus_geometry_15,ok,0.5841121495327103,0.5841030680205263,2,214,107,54,54.0,5,pertrace_unsupervised_movement_signal,pertrace_tau54_embed5
monkeyT_session-y070306006-11_lfp-7,T,y070306006-11,7,movement,condition,torus_geometry_15,ok,0.12254901960784313,0.11703123642322327,12,204,17,54,54.0,5,pertrace_unsupervised_movement_signal,pertrace_tau54_embed5
monkeyT_session-y070306006-11_lfp-7,T,y070306006-11,7,post_go,direction,torus_geometry_15,ok,0.1715686274509804,0.162800243306266,6,204,34,54,54.0,5,pertrace_unsupervised_movement_signal,pertrace_tau54_embed5
monkeyT_session-y070306006-11_lfp-7,T,y070306006-11,7,post_go,delay,torus_geometry_15,ok,0.5560747663551402,0.5560650726061798,2,214,107,54,54.0,5,pertrace_unsupervised_movement_signal,pertrace_tau54_embed5
monkeyT_session-y070306006-11_lfp-7,T,y070306006-11,7,post_go,condition,torus_geometry_15,ok,0.11274509803921569,0.10113182372929296,12,204,17,54,54.0,5,pertrace_unsupervised_movement_signal,pertrace_tau54_embed5
monkeyT_session-y070307002-6_lfp-5,T,y070307002-6,5,pre_go,direction,torus_geometry_15,ok,0.15853658536585366,0.15356659287127383,6,246,41,16,16.0,7,pertrace_unsupervised_movement_signal,pertrace_tau16_embed7
monkeyT_session-y070307002-6_lfp-5,T,y070307002-6,5,pre_go,delay,torus_geometry_15,ok,0.7165354330708661,0.7020527859237536,2,254,127,16,16.0,7,pertrace_unsupervised_movement_signal,pertrace_tau16_embed7
monkeyT_session-y070307002-6_lfp-5,T,y070307002-6,5,pre_go,condition,torus_geometry_15,ok,0.08771929824561403,0.0805124449515749,12,228,19,16,16.0,7,pertrace_unsupervised_movement_signal,pertrace_tau16_embed7
monkeyT_session-y070307002-6_lfp-5,T,y070307002-6,5,peri_go,direction,torus_geometry_15,ok,0.17073170731707318,0.16399686173128417,6,246,41,16,16.0,7,pertrace_unsupervised_movement_signal,pertrace_tau16_embed7
monkeyT_session-y070307002-6_lfp-5,T,y070307002-6,5,peri_go,delay,torus_geometry_15,ok,0.5669291338582677,0.5662568306010929,2,254,127,16,16.0,7,pertrace_unsupervised_movement_signal,pertrace_tau16_embed7
monkeyT_session-y070307002-6_lfp-5,T,y070307002-6,5,peri_go,condition,torus_geometry_15,ok,0.043859649122807015,0.03528000479665604,12,228,19,16,16.0,7,pertrace_unsupervised_movement_signal,pertrace_tau16_embed7
monkeyT_session-y070307002-6_lfp-5,T,y070307002-6,5,movement,direction,torus_geometry_15,ok,0.14634146341463414,0.1282150591641338,6,246,41,16,16.0,7,pertrace_unsupervised_movement_signal,pertrace_tau16_embed7
monkeyT_session-y070307002-6_lfp-5,T,y070307002-6,5,movement,delay,torus_geometry_15,ok,0.5984251968503937,0.5959198951899682,2,254,127,16,16.0,7,pertrace_unsupervised_movement_signal,pertrace_tau16_embed7
monkeyT_session-y070307002-6_lfp-5,T,y070307002-6,5,movement,condition,torus_geometry_15,ok,0.12280701754385964,0.10963902858275132,12,228,19,16,16.0,7,pertrace_unsupervised_movement_signal,pertrace_tau16_embed7
monkeyT_session-y070307002-6_lfp-5,T,y070307002-6,5,post_go,direction,torus_geometry_15,ok,0.18292682926829268,0.17111601528859952,6,246,41,16,16.0,7,pertrace_unsupervised_movement_signal,pertrace_tau16_embed7
monkeyT_session-y070307002-6_lfp-5,T,y070307002-6,5,post_go,delay,torus_geometry_15,ok,0.5866141732283464,0.5855284628654016,2,254,127,16,16.0,7,pertrace_unsupervised_movement_signal,pertrace_tau16_embed7
monkeyT_session-y070307002-6_lfp-5,T,y070307002-6,5,post_go,condition,torus_geometry_15,ok,0.07894736842105263,0.07050998392220438,12,228,19,16,16.0,7,pertrace_unsupervised_movement_signal,pertrace_tau16_embed7
monkeyT_session-y070307008-13_lfp-5,T,y070307008-13,5,pre_go,direction,torus_geometry_15,ok,0.17803030303030304,0.16691442628754297,6,264,44,15,15.0,9,pertrace_unsupervised_movement_signal,pertrace_tau15_embed9
monkeyT_session-y070307008-13_lfp-5,T,y070307008-13,5,pre_go,delay,torus_geometry_15,ok,0.8138686131386861,0.8096055589617821,2,274,137,15,15.0,9,pertrace_unsupervised_movement_signal,pertrace_tau15_embed9
monkeyT_session-y070307008-13_lfp-5,T,y070307008-13,5,pre_go,condition,torus_geometry_15,ok,0.10606060606060606,0.09662373905219446,12,264,22,15,15.0,9,pertrace_unsupervised_movement_signal,pertrace_tau15_embed9
monkeyT_session-y070307008-13_lfp-5,T,y070307008-13,5,peri_go,direction,torus_geometry_15,ok,0.14015151515151514,0.13599009773748308,6,264,44,15,15.0,9,pertrace_unsupervised_movement_signal,pertrace_tau15_embed9
monkeyT_session-y070307008-13_lfp-5,T,y070307008-13,5,peri_go,delay,torus_geometry_15,ok,0.572992700729927,0.5729415055883411,2,274,137,15,15.0,9,pertrace_unsupervised_movement_signal,pertrace_tau15_embed9
monkeyT_session-y070307008-13_lfp-5,T,y070307008-13,5,peri_go,condition,torus_geometry_15,ok,0.07575757575757576,0.0752421076646613,12,264,22,15,15.0,9,pertrace_unsupervised_movement_signal,pertrace_tau15_embed9
monkeyT_session-y070307008-13_lfp-5,T,y070307008-13,5,movement,direction,torus_geometry_15,ok,0.16666666666666666,0.16435623008268294,6,264,44,15,15.0,9,pertrace_unsupervised_movement_signal,pertrace_tau15_embed9
monkeyT_session-y070307008-13_lfp-5,T,y070307008-13,5,movement,delay,torus_geometry_15,ok,0.5985401459854015,0.5983475479744136,2,274,137,15,15.0,9,pertrace_unsupervised_movement_signal,pertrace_tau15_embed9
monkeyT_session-y070307008-13_lfp-5,T,y070307008-13,5,movement,condition,torus_geometry_15,ok,0.07954545454545454,0.07757629855060931,12,264,22,15,15.0,9,pertrace_unsupervised_movement_signal,pertrace_tau15_embed9
monkeyT_session-y070307008-13_lfp-5,T,y070307008-13,5,post_go,direction,torus_geometry_15,ok,0.14772727272727273,0.13840521533892247,6,264,44,15,15.0,9,pertrace_unsupervised_movement_signal,pertrace_tau15_embed9
monkeyT_session-y070307008-13_lfp-5,T,y070307008-13,5,post_go,delay,torus_geometry_15,ok,0.5656934306569343,0.5640151363204835,2,274,137,15,15.0,9,pertrace_unsupervised_movement_signal,pertrace_tau15_embed9
monkeyT_session-y070307008-13_lfp-5,T,y070307008-13,5,post_go,condition,torus_geometry_15,ok,0.0946969696969697,0.08086043508367569,12,264,22,15,15.0,9,pertrace_unsupervised_movement_signal,pertrace_tau15_embed9
monkeyT_session-y070307014-16_lfp-5,T,y070307014-16,5,pre_go,direction,torus_geometry_15,ok,0.4621212121212121,0.45960906417574815,2,132,66,15,15.0,9,pertrace_unsupervised_movement_signal,pertrace_tau15_embed9
monkeyT_session-y070307014-16_lfp-5,T,y070307014-16,5,pre_go,delay,torus_geometry_15,ok,0.7803030303030303,0.7774289202860631,2,132,66,15,15.0,9,pertrace_unsupervised_movement_signal,pertrace_tau15_embed9
monkeyT_session-y070307014-16_lfp-5,T,y070307014-16,5,pre_go,condition,torus_geometry_15,ok,0.3828125,0.3718073821776927,4,128,32,15,15.0,9,pertrace_unsupervised_movement_signal,pertrace_tau15_embed9
monkeyT_session-y070307014-16_lfp-5,T,y070307014-16,5,peri_go,direction,torus_geometry_15,ok,0.5151515151515151,0.5147058823529411,2,132,66,15,15.0,9,pertrace_unsupervised_movement_signal,pertrace_tau15_embed9
monkeyT_session-y070307014-16_lfp-5,T,y070307014-16,5,peri_go,delay,torus_geometry_15,ok,0.6439393939393939,0.64045204288612,2,132,66,15,15.0,9,pertrace_unsupervised_movement_signal,pertrace_tau15_embed9
monkeyT_session-y070307014-16_lfp-5,T,y070307014-16,5,peri_go,condition,torus_geometry_15,ok,0.2890625,0.286875,4,128,32,15,15.0,9,pertrace_unsupervised_movement_signal,pertrace_tau15_embed9
monkeyT_session-y070307014-16_lfp-5,T,y070307014-16,5,movement,direction,torus_geometry_15,ok,0.5151515151515151,0.5111111111111111,2,132,66,15,15.0,9,pertrace_unsupervised_movement_signal,pertrace_tau15_embed9
monkeyT_session-y070307014-16_lfp-5,T,y070307014-16,5,movement,delay,torus_geometry_15,ok,0.7348484848484849,0.7347114556416882,2,132,66,15,15.0,9,pertrace_unsupervised_movement_signal,pertrace_tau15_embed9
monkeyT_session-y070307014-16_lfp-5,T,y070307014-16,5,movement,condition,torus_geometry_15,ok,0.421875,0.4219994862699178,4,128,32,15,15.0,9,pertrace_unsupervised_movement_signal,pertrace_tau15_embed9
monkeyT_session-y070307014-16_lfp-5,T,y070307014-16,5,post_go,direction,torus_geometry_15,ok,0.5833333333333334,0.5827346399218346,2,132,66,15,15.0,9,pertrace_unsupervised_movement_signal,pertrace_tau15_embed9
monkeyT_session-y070307014-16_lfp-5,T,y070307014-16,5,post_go,delay,torus_geometry_15,ok,0.7348484848484849,0.7341007194244604,2,132,66,15,15.0,9,pertrace_unsupervised_movement_signal,pertrace_tau15_embed9
monkeyT_session-y070307014-16_lfp-5,T,y070307014-16,5,post_go,condition,torus_geometry_15,ok,0.390625,0.3865341101174012,4,128,32,15,15.0,9,pertrace_unsupervised_movement_signal,pertrace_tau15_embed9
monkeyT_session-y070308002-6_lfp-6,T,y070308002-6,6,pre_go,direction,torus_geometry_15,ok,0.18253968253968253,0.17778596669460367,6,252,42,43,43.0,7,pertrace_unsupervised_movement_signal,pertrace_tau43_embed7
monkeyT_session-y070308002-6_lfp-6,T,y070308002-6,6,pre_go,delay,torus_geometry_15,ok,0.8492063492063492,0.8478260869565217,2,252,126,43,43.0,7,pertrace_unsupervised_movement_signal,pertrace_tau43_embed7
monkeyT_session-y070308002-6_lfp-6,T,y070308002-6,6,pre_go,condition,torus_geometry_15,ok,0.1626984126984127,0.15334718887350468,12,252,21,43,43.0,7,pertrace_unsupervised_movement_signal,pertrace_tau43_embed7
monkeyT_session-y070308002-6_lfp-6,T,y070308002-6,6,peri_go,direction,torus_geometry_15,ok,0.16666666666666666,0.16154671253163513,6,252,42,43,43.0,7,pertrace_unsupervised_movement_signal,pertrace_tau43_embed7
monkeyT_session-y070308002-6_lfp-6,T,y070308002-6,6,peri_go,delay,torus_geometry_15,ok,0.7380952380952381,0.7320012890750887,2,252,126,43,43.0,7,pertrace_unsupervised_movement_signal,pertrace_tau43_embed7
monkeyT_session-y070308002-6_lfp-6,T,y070308002-6,6,peri_go,condition,torus_geometry_15,ok,0.15873015873015872,0.1441010865616126,12,252,21,43,43.0,7,pertrace_unsupervised_movement_signal,pertrace_tau43_embed7
monkeyT_session-y070308002-6_lfp-6,T,y070308002-6,6,movement,direction,torus_geometry_15,ok,0.17857142857142858,0.17283452586397985,6,252,42,43,43.0,7,pertrace_unsupervised_movement_signal,pertrace_tau43_embed7
monkeyT_session-y070308002-6_lfp-6,T,y070308002-6,6,movement,delay,torus_geometry_15,ok,0.6785714285714286,0.6748387096774193,2,252,126,43,43.0,7,pertrace_unsupervised_movement_signal,pertrace_tau43_embed7
monkeyT_session-y070308002-6_lfp-6,T,y070308002-6,6,movement,condition,torus_geometry_15,ok,0.12301587301587301,0.10762013345007561,12,252,21,43,43.0,7,pertrace_unsupervised_movement_signal,pertrace_tau43_embed7
monkeyT_session-y070308002-6_lfp-6,T,y070308002-6,6,post_go,direction,torus_geometry_15,ok,0.1349206349206349,0.1337811313196192,6,252,42,43,43.0,7,pertrace_unsupervised_movement_signal,pertrace_tau43_embed7
monkeyT_session-y070308002-6_lfp-6,T,y070308002-6,6,post_go,delay,torus_geometry_15,ok,0.6309523809523809,0.6288424686821976,2,252,126,43,43.0,7,pertrace_unsupervised_movement_signal,pertrace_tau43_embed7
monkeyT_session-y070308002-6_lfp-6,T,y070308002-6,6,post_go,condition,torus_geometry_15,ok,0.0992063492063492,0.09797231174780752,12,252,21,43,43.0,7,pertrace_unsupervised_movement_signal,pertrace_tau43_embed7
monkeyT_session-y070308014-17_lfp-5,T,y070308014-17,5,pre_go,direction,torus_geometry_15,ok,0.4551282051282051,0.4540289043521225,2,156,78,11,11.0,5,pertrace_unsupervised_movement_signal,pertrace_tau11_embed5
monkeyT_session-y070308014-17_lfp-5,T,y070308014-17,5,pre_go,delay,torus_geometry_15,ok,0.8376623376623377,0.8361074454046231,2,154,77,11,11.0,5,pertrace_unsupervised_movement_signal,pertrace_tau11_embed5
monkeyT_session-y070308014-17_lfp-5,T,y070308014-17,5,pre_go,condition,torus_geometry_15,ok,0.45394736842105265,0.4267905208788011,4,152,38,11,11.0,5,pertrace_unsupervised_movement_signal,pertrace_tau11_embed5
monkeyT_session-y070308014-17_lfp-5,T,y070308014-17,5,peri_go,direction,torus_geometry_15,ok,0.6410256410256411,0.6407894736842106,2,156,78,11,11.0,5,pertrace_unsupervised_movement_signal,pertrace_tau11_embed5
monkeyT_session-y070308014-17_lfp-5,T,y070308014-17,5,peri_go,delay,torus_geometry_15,ok,0.6168831168831169,0.6160899142265601,2,154,77,11,11.0,5,pertrace_unsupervised_movement_signal,pertrace_tau11_embed5
monkeyT_session-y070308014-17_lfp-5,T,y070308014-17,5,peri_go,condition,torus_geometry_15,ok,0.3157894736842105,0.3126474560497554,4,152,38,11,11.0,5,pertrace_unsupervised_movement_signal,pertrace_tau11_embed5
monkeyT_session-y070308014-17_lfp-5,T,y070308014-17,5,movement,direction,torus_geometry_15,ok,0.6217948717948718,0.6217793301828642,2,156,78,11,11.0,5,pertrace_unsupervised_movement_signal,pertrace_tau11_embed5
monkeyT_session-y070308014-17_lfp-5,T,y070308014-17,5,movement,delay,torus_geometry_15,ok,0.474025974025974,0.4734709383310118,2,154,77,11,11.0,5,pertrace_unsupervised_movement_signal,pertrace_tau11_embed5
monkeyT_session-y070308014-17_lfp-5,T,y070308014-17,5,movement,condition,torus_geometry_15,ok,0.32894736842105265,0.30653288786228894,4,152,38,11,11.0,5,pertrace_unsupervised_movement_signal,pertrace_tau11_embed5
monkeyT_session-y070308014-17_lfp-5,T,y070308014-17,5,post_go,direction,torus_geometry_15,ok,0.4935897435897436,0.49356893363468257,2,156,78,11,11.0,5,pertrace_unsupervised_movement_signal,pertrace_tau11_embed5
monkeyT_session-y070308014-17_lfp-5,T,y070308014-17,5,post_go,delay,torus_geometry_15,ok,0.487012987012987,0.48068468007000464,2,154,77,11,11.0,5,pertrace_unsupervised_movement_signal,pertrace_tau11_embed5
monkeyT_session-y070308014-17_lfp-5,T,y070308014-17,5,post_go,condition,torus_geometry_15,ok,0.2565789473684211,0.253765412687702,4,152,38,11,11.0,5,pertrace_unsupervised_movement_signal,pertrace_tau11_embed5
monkeyT_session-y070312001-5_lfp-7,T,y070312001-5,7,pre_go,direction,torus_geometry_15,ok,0.17829457364341086,0.17526957424823097,6,258,43,49,49.0,9,pertrace_unsupervised_movement_signal,pertrace_tau49_embed9
monkeyT_session-y070312001-5_lfp-7,T,y070312001-5,7,pre_go,delay,torus_geometry_15,ok,0.7633587786259542,0.762472948470492,2,262,131,49,49.0,9,pertrace_unsupervised_movement_signal,pertrace_tau49_embed9
monkeyT_session-y070312001-5_lfp-7,T,y070312001-5,7,pre_go,condition,torus_geometry_15,ok,0.12698412698412698,0.1131971366393169,12,252,21,49,49.0,9,pertrace_unsupervised_movement_signal,pertrace_tau49_embed9
monkeyT_session-y070312001-5_lfp-7,T,y070312001-5,7,peri_go,direction,torus_geometry_15,ok,0.2054263565891473,0.19583974638120613,6,258,43,49,49.0,9,pertrace_unsupervised_movement_signal,pertrace_tau49_embed9
monkeyT_session-y070312001-5_lfp-7,T,y070312001-5,7,peri_go,delay,torus_geometry_15,ok,0.5572519083969466,0.5541079812206573,2,262,131,49,49.0,9,pertrace_unsupervised_movement_signal,pertrace_tau49_embed9
monkeyT_session-y070312001-5_lfp-7,T,y070312001-5,7,peri_go,condition,torus_geometry_15,ok,0.10317460317460317,0.08838267728374476,12,252,21,49,49.0,9,pertrace_unsupervised_movement_signal,pertrace_tau49_embed9
monkeyT_session-y070312001-5_lfp-7,T,y070312001-5,7,movement,direction,torus_geometry_15,ok,0.19767441860465115,0.19264880514877666,6,258,43,49,49.0,9,pertrace_unsupervised_movement_signal,pertrace_tau49_embed9
monkeyT_session-y070312001-5_lfp-7,T,y070312001-5,7,movement,delay,torus_geometry_15,ok,0.5992366412213741,0.5992308028495259,2,262,131,49,49.0,9,pertrace_unsupervised_movement_signal,pertrace_tau49_embed9
monkeyT_session-y070312001-5_lfp-7,T,y070312001-5,7,movement,condition,torus_geometry_15,ok,0.10714285714285714,0.08625893507919236,12,252,21,49,49.0,9,pertrace_unsupervised_movement_signal,pertrace_tau49_embed9
monkeyT_session-y070312001-5_lfp-7,T,y070312001-5,7,post_go,direction,torus_geometry_15,ok,0.20155038759689922,0.19876598438250406,6,258,43,49,49.0,9,pertrace_unsupervised_movement_signal,pertrace_tau49_embed9
monkeyT_session-y070312001-5_lfp-7,T,y070312001-5,7,post_go,delay,torus_geometry_15,ok,0.5877862595419847,0.5874015748031496,2,262,131,49,49.0,9,pertrace_unsupervised_movement_signal,pertrace_tau49_embed9
monkeyT_session-y070312001-5_lfp-7,T,y070312001-5,7,post_go,condition,torus_geometry_15,ok,0.12301587301587301,0.12133832374905484,12,252,21,49,49.0,9,pertrace_unsupervised_movement_signal,pertrace_tau49_embed9
monkeyT_session-y070312001-5_lfp-8,T,y070312001-5,8,pre_go,direction,torus_geometry_15,ok,0.14728682170542637,0.14762827445089202,6,258,43,20,20.0,3,pertrace_unsupervised_movement_signal,pertrace_tau20_embed3
monkeyT_session-y070312001-5_lfp-8,T,y070312001-5,8,pre_go,delay,torus_geometry_15,ok,0.7709923664122137,0.7703366058906032,2,262,131,20,20.0,3,pertrace_unsupervised_movement_signal,pertrace_tau20_embed3
monkeyT_session-y070312001-5_lfp-8,T,y070312001-5,8,pre_go,condition,torus_geometry_15,ok,0.10714285714285714,0.09687848541339326,12,252,21,20,20.0,3,pertrace_unsupervised_movement_signal,pertrace_tau20_embed3
monkeyT_session-y070312001-5_lfp-8,T,y070312001-5,8,peri_go,direction,torus_geometry_15,ok,0.17829457364341086,0.1795944828340249,6,258,43,20,20.0,3,pertrace_unsupervised_movement_signal,pertrace_tau20_embed3
monkeyT_session-y070312001-5_lfp-8,T,y070312001-5,8,peri_go,delay,torus_geometry_15,ok,0.549618320610687,0.5474824355971897,2,262,131,20,20.0,3,pertrace_unsupervised_movement_signal,pertrace_tau20_embed3
monkeyT_session-y070312001-5_lfp-8,T,y070312001-5,8,peri_go,condition,torus_geometry_15,ok,0.11507936507936507,0.1119145758238496,12,252,21,20,20.0,3,pertrace_unsupervised_movement_signal,pertrace_tau20_embed3
monkeyT_session-y070312001-5_lfp-8,T,y070312001-5,8,movement,direction,torus_geometry_15,ok,0.16666666666666666,0.16611450712754292,6,258,43,20,20.0,3,pertrace_unsupervised_movement_signal,pertrace_tau20_embed3
monkeyT_session-y070312001-5_lfp-8,T,y070312001-5,8,movement,delay,torus_geometry_15,ok,0.5763358778625954,0.576181524067678,2,262,131,20,20.0,3,pertrace_unsupervised_movement_signal,pertrace_tau20_embed3
monkeyT_session-y070312001-5_lfp-8,T,y070312001-5,8,movement,condition,torus_geometry_15,ok,0.10317460317460317,0.10769680406487353,12,252,21,20,20.0,3,pertrace_unsupervised_movement_signal,pertrace_tau20_embed3
monkeyT_session-y070312001-5_lfp-8,T,y070312001-5,8,post_go,direction,torus_geometry_15,ok,0.18604651162790697,0.1807994095745132,6,258,43,20,20.0,3,pertrace_unsupervised_movement_signal,pertrace_tau20_embed3
monkeyT_session-y070312001-5_lfp-8,T,y070312001-5,8,post_go,delay,torus_geometry_15,ok,0.5343511450381679,0.533017765310893,2,262,131,20,20.0,3,pertrace_unsupervised_movement_signal,pertrace_tau20_embed3
monkeyT_session-y070312001-5_lfp-8,T,y070312001-5,8,post_go,condition,torus_geometry_15,ok,0.11507936507936507,0.11613694083056547,12,252,21,20,20.0,3,pertrace_unsupervised_movement_signal,pertrace_tau20_embed3
monkeyT_session-y070312011-14_lfp-7,T,y070312011-14,7,pre_go,direction,torus_geometry_15,ok,0.1346153846153846,0.12650935426457682,6,156,26,49,49.0,9,pertrace_unsupervised_movement_signal,pertrace_tau49_embed9
monkeyT_session-y070312011-14_lfp-7,T,y070312011-14,7,pre_go,delay,torus_geometry_15,ok,0.8164556962025317,0.8158582164529999,2,158,79,49,49.0,9,pertrace_unsupervised_movement_signal,pertrace_tau49_embed9
monkeyT_session-y070312011-14_lfp-7,T,y070312011-14,7,pre_go,condition,torus_geometry_15,ok,0.14102564102564102,0.12744519694235065,12,156,13,49,49.0,9,pertrace_unsupervised_movement_signal,pertrace_tau49_embed9
monkeyT_session-y070312011-14_lfp-7,T,y070312011-14,7,peri_go,direction,torus_geometry_15,ok,0.22435897435897437,0.21851176649832404,6,156,26,49,49.0,9,pertrace_unsupervised_movement_signal,pertrace_tau49_embed9
monkeyT_session-y070312011-14_lfp-7,T,y070312011-14,7,peri_go,delay,torus_geometry_15,ok,0.6455696202531646,0.6446586345381526,2,158,79,49,49.0,9,pertrace_unsupervised_movement_signal,pertrace_tau49_embed9
monkeyT_session-y070312011-14_lfp-7,T,y070312011-14,7,peri_go,condition,torus_geometry_15,ok,0.15384615384615385,0.14319886590590925,12,156,13,49,49.0,9,pertrace_unsupervised_movement_signal,pertrace_tau49_embed9
monkeyT_session-y070312011-14_lfp-7,T,y070312011-14,7,movement,direction,torus_geometry_15,ok,0.1858974358974359,0.17059292360367628,6,156,26,49,49.0,9,pertrace_unsupervised_movement_signal,pertrace_tau49_embed9
monkeyT_session-y070312011-14_lfp-7,T,y070312011-14,7,movement,delay,torus_geometry_15,ok,0.6012658227848101,0.6008661133164923,2,158,79,49,49.0,9,pertrace_unsupervised_movement_signal,pertrace_tau49_embed9
monkeyT_session-y070312011-14_lfp-7,T,y070312011-14,7,movement,condition,torus_geometry_15,ok,0.1282051282051282,0.11742437532667417,12,156,13,49,49.0,9,pertrace_unsupervised_movement_signal,pertrace_tau49_embed9
monkeyT_session-y070312011-14_lfp-7,T,y070312011-14,7,post_go,direction,torus_geometry_15,ok,0.1794871794871795,0.17410441669211707,6,156,26,49,49.0,9,pertrace_unsupervised_movement_signal,pertrace_tau49_embed9
monkeyT_session-y070312011-14_lfp-7,T,y070312011-14,7,post_go,delay,torus_geometry_15,ok,0.5316455696202531,0.5315705128205128,2,158,79,49,49.0,9,pertrace_unsupervised_movement_signal,pertrace_tau49_embed9
monkeyT_session-y070312011-14_lfp-7,T,y070312011-14,7,post_go,condition,torus_geometry_15,ok,0.10256410256410256,0.08998418023265893,12,156,13,49,49.0,9,pertrace_unsupervised_movement_signal,pertrace_tau49_embed9
monkeyT_session-y070312011-14_lfp-8,T,y070312011-14,8,pre_go,direction,torus_geometry_15,ok,0.16666666666666666,0.15995585985037009,6,156,26,57,57.0,5,pertrace_unsupervised_movement_signal,pertrace_tau57_embed5
monkeyT_session-y070312011-14_lfp-8,T,y070312011-14,8,pre_go,delay,torus_geometry_15,ok,0.6075949367088608,0.6075949367088608,2,158,79,57,57.0,5,pertrace_unsupervised_movement_signal,pertrace_tau57_embed5
monkeyT_session-y070312011-14_lfp-8,T,y070312011-14,8,pre_go,condition,torus_geometry_15,ok,0.12179487179487179,0.11095434633069041,12,156,13,57,57.0,5,pertrace_unsupervised_movement_signal,pertrace_tau57_embed5
monkeyT_session-y070312011-14_lfp-8,T,y070312011-14,8,peri_go,direction,torus_geometry_15,ok,0.16666666666666666,0.15823370283786029,6,156,26,57,57.0,5,pertrace_unsupervised_movement_signal,pertrace_tau57_embed5
monkeyT_session-y070312011-14_lfp-8,T,y070312011-14,8,peri_go,delay,torus_geometry_15,ok,0.6139240506329114,0.6126672828838966,2,158,79,57,57.0,5,pertrace_unsupervised_movement_signal,pertrace_tau57_embed5
monkeyT_session-y070312011-14_lfp-8,T,y070312011-14,8,peri_go,condition,torus_geometry_15,ok,0.08974358974358974,0.0852648835838491,12,156,13,57,57.0,5,pertrace_unsupervised_movement_signal,pertrace_tau57_embed5
monkeyT_session-y070312011-14_lfp-8,T,y070312011-14,8,movement,direction,torus_geometry_15,ok,0.19230769230769232,0.18223245008959296,6,156,26,57,57.0,5,pertrace_unsupervised_movement_signal,pertrace_tau57_embed5
monkeyT_session-y070312011-14_lfp-8,T,y070312011-14,8,movement,delay,torus_geometry_15,ok,0.6645569620253164,0.6645435244161358,2,158,79,57,57.0,5,pertrace_unsupervised_movement_signal,pertrace_tau57_embed5
monkeyT_session-y070312011-14_lfp-8,T,y070312011-14,8,movement,condition,torus_geometry_15,ok,0.1346153846153846,0.12614837662938613,12,156,13,57,57.0,5,pertrace_unsupervised_movement_signal,pertrace_tau57_embed5
monkeyT_session-y070312011-14_lfp-8,T,y070312011-14,8,post_go,direction,torus_geometry_15,ok,0.1282051282051282,0.12279304450861313,6,156,26,57,57.0,5,pertrace_unsupervised_movement_signal,pertrace_tau57_embed5
monkeyT_session-y070312011-14_lfp-8,T,y070312011-14,8,post_go,delay,torus_geometry_15,ok,0.6392405063291139,0.6388788644292073,2,158,79,57,57.0,5,pertrace_unsupervised_movement_signal,pertrace_tau57_embed5
monkeyT_session-y070312011-14_lfp-8,T,y070312011-14,8,post_go,condition,torus_geometry_15,ok,0.16666666666666666,0.1549402605617027,12,156,13,57,57.0,5,pertrace_unsupervised_movement_signal,pertrace_tau57_embed5
monkeyT_session-y070314001-8_lfp-5,T,y070314001-8,5,pre_go,direction,torus_geometry_15,ok,0.14215686274509803,0.13191511351519994,6,204,34,15,15.0,7,pertrace_unsupervised_movement_signal,pertrace_tau15_embed7
monkeyT_session-y070314001-8_lfp-5,T,y070314001-8,5,pre_go,delay,torus_geometry_15,ok,0.8,0.7993447993447993,2,210,105,15,15.0,7,pertrace_unsupervised_movement_signal,pertrace_tau15_embed7
monkeyT_session-y070314001-8_lfp-5,T,y070314001-8,5,pre_go,condition,torus_geometry_15,ok,0.10784313725490197,0.09560003860569376,12,204,17,15,15.0,7,pertrace_unsupervised_movement_signal,pertrace_tau15_embed7
monkeyT_session-y070314001-8_lfp-5,T,y070314001-8,5,peri_go,direction,torus_geometry_15,ok,0.21568627450980393,0.208625049713724,6,204,34,15,15.0,7,pertrace_unsupervised_movement_signal,pertrace_tau15_embed7
monkeyT_session-y070314001-8_lfp-5,T,y070314001-8,5,peri_go,delay,torus_geometry_15,ok,0.6619047619047619,0.6615286826632767,2,210,105,15,15.0,7,pertrace_unsupervised_movement_signal,pertrace_tau15_embed7
monkeyT_session-y070314001-8_lfp-5,T,y070314001-8,5,peri_go,condition,torus_geometry_15,ok,0.10784313725490197,0.09498687384418507,12,204,17,15,15.0,7,pertrace_unsupervised_movement_signal,pertrace_tau15_embed7
monkeyT_session-y070314001-8_lfp-5,T,y070314001-8,5,movement,direction,torus_geometry_15,ok,0.20098039215686275,0.19317188504945296,6,204,34,15,15.0,7,pertrace_unsupervised_movement_signal,pertrace_tau15_embed7
monkeyT_session-y070314001-8_lfp-5,T,y070314001-8,5,movement,delay,torus_geometry_15,ok,0.6238095238095238,0.6237327345716812,2,210,105,15,15.0,7,pertrace_unsupervised_movement_signal,pertrace_tau15_embed7
monkeyT_session-y070314001-8_lfp-5,T,y070314001-8,5,movement,condition,torus_geometry_15,ok,0.10294117647058823,0.09032401216031248,12,204,17,15,15.0,7,pertrace_unsupervised_movement_signal,pertrace_tau15_embed7
monkeyT_session-y070314001-8_lfp-5,T,y070314001-8,5,post_go,direction,torus_geometry_15,ok,0.21568627450980393,0.1965885215831579,6,204,34,15,15.0,7,pertrace_unsupervised_movement_signal,pertrace_tau15_embed7
monkeyT_session-y070314001-8_lfp-5,T,y070314001-8,5,post_go,delay,torus_geometry_15,ok,0.6,0.5963386727688786,2,210,105,15,15.0,7,pertrace_unsupervised_movement_signal,pertrace_tau15_embed7
monkeyT_session-y070314001-8_lfp-5,T,y070314001-8,5,post_go,condition,torus_geometry_15,ok,0.10294117647058823,0.09493655098080821,12,204,17,15,15.0,7,pertrace_unsupervised_movement_signal,pertrace_tau15_embed7
monkeyT_session-y070314001-8_lfp-7,T,y070314001-8,7,pre_go,direction,torus_geometry_15,ok,0.24019607843137256,0.22552139761646806,6,204,34,17,17.0,7,pertrace_unsupervised_movement_signal,pertrace_tau17_embed7
monkeyT_session-y070314001-8_lfp-7,T,y070314001-8,7,pre_go,delay,torus_geometry_15,ok,0.5285714285714286,0.5280470363896392,2,210,105,17,17.0,7,pertrace_unsupervised_movement_signal,pertrace_tau17_embed7
monkeyT_session-y070314001-8_lfp-7,T,y070314001-8,7,pre_go,condition,torus_geometry_15,ok,0.06862745098039216,0.05985411638240623,12,204,17,17,17.0,7,pertrace_unsupervised_movement_signal,pertrace_tau17_embed7
monkeyT_session-y070314001-8_lfp-7,T,y070314001-8,7,peri_go,direction,torus_geometry_15,ok,0.19117647058823528,0.19070015221154493,6,204,34,17,17.0,7,pertrace_unsupervised_movement_signal,pertrace_tau17_embed7
monkeyT_session-y070314001-8_lfp-7,T,y070314001-8,7,peri_go,delay,torus_geometry_15,ok,0.6190476190476191,0.6190130624092889,2,210,105,17,17.0,7,pertrace_unsupervised_movement_signal,pertrace_tau17_embed7
monkeyT_session-y070314001-8_lfp-7,T,y070314001-8,7,peri_go,condition,torus_geometry_15,ok,0.11764705882352941,0.10906029550093051,12,204,17,17,17.0,7,pertrace_unsupervised_movement_signal,pertrace_tau17_embed7
monkeyT_session-y070314001-8_lfp-7,T,y070314001-8,7,movement,direction,torus_geometry_15,ok,0.17647058823529413,0.1661265064912633,6,204,34,17,17.0,7,pertrace_unsupervised_movement_signal,pertrace_tau17_embed7
monkeyT_session-y070314001-8_lfp-7,T,y070314001-8,7,movement,delay,torus_geometry_15,ok,0.5571428571428572,0.5568916619398752,2,210,105,17,17.0,7,pertrace_unsupervised_movement_signal,pertrace_tau17_embed7
monkeyT_session-y070314001-8_lfp-7,T,y070314001-8,7,movement,condition,torus_geometry_15,ok,0.10784313725490197,0.09305647485558316,12,204,17,17,17.0,7,pertrace_unsupervised_movement_signal,pertrace_tau17_embed7
monkeyT_session-y070314001-8_lfp-7,T,y070314001-8,7,post_go,direction,torus_geometry_15,ok,0.20098039215686275,0.19133087244838945,6,204,34,17,17.0,7,pertrace_unsupervised_movement_signal,pertrace_tau17_embed7
monkeyT_session-y070314001-8_lfp-7,T,y070314001-8,7,post_go,delay,torus_geometry_15,ok,0.5190476190476191,0.5165811965811966,2,210,105,17,17.0,7,pertrace_unsupervised_movement_signal,pertrace_tau17_embed7
monkeyT_session-y070314001-8_lfp-7,T,y070314001-8,7,post_go,condition,torus_geometry_15,ok,0.0784313725490196,0.0700051763350996,12,204,17,17,17.0,7,pertrace_unsupervised_movement_signal,pertrace_tau17_embed7
monkeyT_session-y070315003-8_lfp-5,T,y070315003-8,5,pre_go,direction,torus_geometry_15,ok,0.18292682926829268,0.18304139050012613,6,246,41,21,21.0,5,pertrace_unsupervised_movement_signal,pertrace_tau21_embed5
monkeyT_session-y070315003-8_lfp-5,T,y070315003-8,5,pre_go,delay,torus_geometry_15,ok,0.5515873015873016,0.5512410369553227,2,252,126,21,21.0,5,pertrace_unsupervised_movement_signal,pertrace_tau21_embed5
monkeyT_session-y070315003-8_lfp-5,T,y070315003-8,5,pre_go,condition,torus_geometry_15,ok,0.13333333333333333,0.12455016137769986,12,240,20,21,21.0,5,pertrace_unsupervised_movement_signal,pertrace_tau21_embed5
monkeyT_session-y070315003-8_lfp-5,T,y070315003-8,5,peri_go,direction,torus_geometry_15,ok,0.22764227642276422,0.21190658190658188,6,246,41,21,21.0,5,pertrace_unsupervised_movement_signal,pertrace_tau21_embed5
monkeyT_session-y070315003-8_lfp-5,T,y070315003-8,5,peri_go,delay,torus_geometry_15,ok,0.5,0.4984520123839009,2,252,126,21,21.0,5,pertrace_unsupervised_movement_signal,pertrace_tau21_embed5
monkeyT_session-y070315003-8_lfp-5,T,y070315003-8,5,peri_go,condition,torus_geometry_15,ok,0.10833333333333334,0.10403048113979052,12,240,20,21,21.0,5,pertrace_unsupervised_movement_signal,pertrace_tau21_embed5
monkeyT_session-y070315003-8_lfp-5,T,y070315003-8,5,movement,direction,torus_geometry_15,ok,0.1991869918699187,0.19610475166335706,6,246,41,21,21.0,5,pertrace_unsupervised_movement_signal,pertrace_tau21_embed5
monkeyT_session-y070315003-8_lfp-5,T,y070315003-8,5,movement,delay,torus_geometry_15,ok,0.5952380952380952,0.5952125984251968,2,252,126,21,21.0,5,pertrace_unsupervised_movement_signal,pertrace_tau21_embed5
monkeyT_session-y070315003-8_lfp-5,T,y070315003-8,5,movement,condition,torus_geometry_15,ok,0.12083333333333333,0.11815416950527058,12,240,20,21,21.0,5,pertrace_unsupervised_movement_signal,pertrace_tau21_embed5
monkeyT_session-y070315003-8_lfp-5,T,y070315003-8,5,post_go,direction,torus_geometry_15,ok,0.2073170731707317,0.20252452489294592,6,246,41,21,21.0,5,pertrace_unsupervised_movement_signal,pertrace_tau21_embed5
monkeyT_session-y070315003-8_lfp-5,T,y070315003-8,5,post_go,delay,torus_geometry_15,ok,0.5634920634920635,0.5612535612535612,2,252,126,21,21.0,5,pertrace_unsupervised_movement_signal,pertrace_tau21_embed5
monkeyT_session-y070315003-8_lfp-5,T,y070315003-8,5,post_go,condition,torus_geometry_15,ok,0.125,0.11431231513188793,12,240,20,21,21.0,5,pertrace_unsupervised_movement_signal,pertrace_tau21_embed5
monkeyT_session-y070315003-8_lfp-6,T,y070315003-8,6,pre_go,direction,torus_geometry_15,ok,0.17073170731707318,0.1653457680011895,6,246,41,20,20.0,3,pertrace_unsupervised_movement_signal,pertrace_tau20_embed3
monkeyT_session-y070315003-8_lfp-6,T,y070315003-8,6,pre_go,delay,torus_geometry_15,ok,0.6468253968253969,0.6463743436923514,2,252,126,20,20.0,3,pertrace_unsupervised_movement_signal,pertrace_tau20_embed3
monkeyT_session-y070315003-8_lfp-6,T,y070315003-8,6,pre_go,condition,torus_geometry_15,ok,0.12083333333333333,0.1206645244551624,12,240,20,20,20.0,3,pertrace_unsupervised_movement_signal,pertrace_tau20_embed3
monkeyT_session-y070315003-8_lfp-6,T,y070315003-8,6,peri_go,direction,torus_geometry_15,ok,0.2032520325203252,0.2001896375617981,6,246,41,20,20.0,3,pertrace_unsupervised_movement_signal,pertrace_tau20_embed3
monkeyT_session-y070315003-8_lfp-6,T,y070315003-8,6,peri_go,delay,torus_geometry_15,ok,0.5436507936507936,0.5432984004412575,2,252,126,20,20.0,3,pertrace_unsupervised_movement_signal,pertrace_tau20_embed3
monkeyT_session-y070315003-8_lfp-6,T,y070315003-8,6,peri_go,condition,torus_geometry_15,ok,0.14166666666666666,0.13583847859461656,12,240,20,20,20.0,3,pertrace_unsupervised_movement_signal,pertrace_tau20_embed3
monkeyT_session-y070315003-8_lfp-6,T,y070315003-8,6,movement,direction,torus_geometry_15,ok,0.2804878048780488,0.2724467243707928,6,246,41,20,20.0,3,pertrace_unsupervised_movement_signal,pertrace_tau20_embed3
monkeyT_session-y070315003-8_lfp-6,T,y070315003-8,6,movement,delay,torus_geometry_15,ok,0.5317460317460317,0.5316280241935484,2,252,126,20,20.0,3,pertrace_unsupervised_movement_signal,pertrace_tau20_embed3
monkeyT_session-y070315003-8_lfp-6,T,y070315003-8,6,movement,condition,torus_geometry_15,ok,0.14166666666666666,0.13521305715488205,12,240,20,20,20.0,3,pertrace_unsupervised_movement_signal,pertrace_tau20_embed3
monkeyT_session-y070315003-8_lfp-6,T,y070315003-8,6,post_go,direction,torus_geometry_15,ok,0.2845528455284553,0.2763310519347802,6,246,41,20,20.0,3,pertrace_unsupervised_movement_signal,pertrace_tau20_embed3
monkeyT_session-y070315003-8_lfp-6,T,y070315003-8,6,post_go,delay,torus_geometry_15,ok,0.4801587301587302,0.47975730832873686,2,252,126,20,20.0,3,pertrace_unsupervised_movement_signal,pertrace_tau20_embed3
monkeyT_session-y070315003-8_lfp-6,T,y070315003-8,6,post_go,condition,torus_geometry_15,ok,0.13333333333333333,0.13327072852416552,12,240,20,20,20.0,3,pertrace_unsupervised_movement_signal,pertrace_tau20_embed3
monkeyT_session-y070315003-8_lfp-8,T,y070315003-8,8,pre_go,direction,torus_geometry_15,ok,0.12195121951219512,0.11690506576076831,6,246,41,13,13.0,9,pertrace_unsupervised_movement_signal,pertrace_tau13_embed9
monkeyT_session-y070315003-8_lfp-8,T,y070315003-8,8,pre_go,delay,torus_geometry_15,ok,0.8412698412698413,0.8407784166298098,2,252,126,13,13.0,9,pertrace_unsupervised_movement_signal,pertrace_tau13_embed9
monkeyT_session-y070315003-8_lfp-8,T,y070315003-8,8,pre_go,condition,torus_geometry_15,ok,0.15416666666666667,0.14378602406610638,12,240,20,13,13.0,9,pertrace_unsupervised_movement_signal,pertrace_tau13_embed9
monkeyT_session-y070315003-8_lfp-8,T,y070315003-8,8,peri_go,direction,torus_geometry_15,ok,0.14227642276422764,0.13469182092125523,6,246,41,13,13.0,9,pertrace_unsupervised_movement_signal,pertrace_tau13_embed9
monkeyT_session-y070315003-8_lfp-8,T,y070315003-8,8,peri_go,delay,torus_geometry_15,ok,0.6150793650793651,0.6140522617825847,2,252,126,13,13.0,9,pertrace_unsupervised_movement_signal,pertrace_tau13_embed9
monkeyT_session-y070315003-8_lfp-8,T,y070315003-8,8,peri_go,condition,torus_geometry_15,ok,0.09166666666666666,0.0820368113861502,12,240,20,13,13.0,9,pertrace_unsupervised_movement_signal,pertrace_tau13_embed9
monkeyT_session-y070315003-8_lfp-8,T,y070315003-8,8,movement,direction,torus_geometry_15,ok,0.13821138211382114,0.13399261931850923,6,246,41,13,13.0,9,pertrace_unsupervised_movement_signal,pertrace_tau13_embed9
monkeyT_session-y070315003-8_lfp-8,T,y070315003-8,8,movement,delay,torus_geometry_15,ok,0.626984126984127,0.625829279080053,2,252,126,13,13.0,9,pertrace_unsupervised_movement_signal,pertrace_tau13_embed9
monkeyT_session-y070315003-8_lfp-8,T,y070315003-8,8,movement,condition,torus_geometry_15,ok,0.12916666666666668,0.10980901052294016,12,240,20,13,13.0,9,pertrace_unsupervised_movement_signal,pertrace_tau13_embed9
monkeyT_session-y070315003-8_lfp-8,T,y070315003-8,8,post_go,direction,torus_geometry_15,ok,0.16666666666666666,0.16656286926169198,6,246,41,13,13.0,9,pertrace_unsupervised_movement_signal,pertrace_tau13_embed9
monkeyT_session-y070315003-8_lfp-8,T,y070315003-8,8,post_go,delay,torus_geometry_15,ok,0.6031746031746031,0.6025487350955776,2,252,126,13,13.0,9,pertrace_unsupervised_movement_signal,pertrace_tau13_embed9
monkeyT_session-y070315003-8_lfp-8,T,y070315003-8,8,post_go,condition,torus_geometry_15,ok,0.09166666666666666,0.08459324816697404,12,240,20,13,13.0,9,pertrace_unsupervised_movement_signal,pertrace_tau13_embed9
monkeyT_session-y070315009-14_lfp-5,T,y070315009-14,5,pre_go,direction,torus_geometry_15,ok,0.1388888888888889,0.14062509526185918,6,252,42,23,23.0,5,pertrace_unsupervised_movement_signal,pertrace_tau23_embed5
monkeyT_session-y070315009-14_lfp-5,T,y070315009-14,5,pre_go,delay,torus_geometry_15,ok,0.6474820143884892,0.6474820143884892,2,278,139,23,23.0,5,pertrace_unsupervised_movement_signal,pertrace_tau23_embed5
monkeyT_session-y070315009-14_lfp-5,T,y070315009-14,5,pre_go,condition,torus_geometry_15,ok,0.12083333333333333,0.12494205522155834,12,240,20,23,23.0,5,pertrace_unsupervised_movement_signal,pertrace_tau23_embed5
monkeyT_session-y070315009-14_lfp-5,T,y070315009-14,5,peri_go,direction,torus_geometry_15,ok,0.1626984126984127,0.16114069848969537,6,252,42,23,23.0,5,pertrace_unsupervised_movement_signal,pertrace_tau23_embed5
monkeyT_session-y070315009-14_lfp-5,T,y070315009-14,5,peri_go,delay,torus_geometry_15,ok,0.5431654676258992,0.5430176419575713,2,278,139,23,23.0,5,pertrace_unsupervised_movement_signal,pertrace_tau23_embed5
monkeyT_session-y070315009-14_lfp-5,T,y070315009-14,5,peri_go,condition,torus_geometry_15,ok,0.06666666666666667,0.06257942766154949,12,240,20,23,23.0,5,pertrace_unsupervised_movement_signal,pertrace_tau23_embed5
monkeyT_session-y070315009-14_lfp-5,T,y070315009-14,5,movement,direction,torus_geometry_15,ok,0.24603174603174602,0.23032792550372502,6,252,42,23,23.0,5,pertrace_unsupervised_movement_signal,pertrace_tau23_embed5
monkeyT_session-y070315009-14_lfp-5,T,y070315009-14,5,movement,delay,torus_geometry_15,ok,0.6151079136690647,0.6150630863798123,2,278,139,23,23.0,5,pertrace_unsupervised_movement_signal,pertrace_tau23_embed5
monkeyT_session-y070315009-14_lfp-5,T,y070315009-14,5,movement,condition,torus_geometry_15,ok,0.12083333333333333,0.11878571837005818,12,240,20,23,23.0,5,pertrace_unsupervised_movement_signal,pertrace_tau23_embed5
monkeyT_session-y070315009-14_lfp-5,T,y070315009-14,5,post_go,direction,torus_geometry_15,ok,0.23015873015873015,0.22537696159296636,6,252,42,23,23.0,5,pertrace_unsupervised_movement_signal,pertrace_tau23_embed5
monkeyT_session-y070315009-14_lfp-5,T,y070315009-14,5,post_go,delay,torus_geometry_15,ok,0.5755395683453237,0.5741288881965,2,278,139,23,23.0,5,pertrace_unsupervised_movement_signal,pertrace_tau23_embed5
monkeyT_session-y070315009-14_lfp-5,T,y070315009-14,5,post_go,condition,torus_geometry_15,ok,0.12083333333333333,0.10603121861671794,12,240,20,23,23.0,5,pertrace_unsupervised_movement_signal,pertrace_tau23_embed5
monkeyT_session-y070315009-14_lfp-6,T,y070315009-14,6,pre_go,direction,torus_geometry_15,ok,0.18253968253968253,0.18225247970585132,6,252,42,19,19.0,5,pertrace_unsupervised_movement_signal,pertrace_tau19_embed5
monkeyT_session-y070315009-14_lfp-6,T,y070315009-14,6,pre_go,delay,torus_geometry_15,ok,0.5683453237410072,0.563921568627451,2,278,139,19,19.0,5,pertrace_unsupervised_movement_signal,pertrace_tau19_embed5
monkeyT_session-y070315009-14_lfp-6,T,y070315009-14,6,pre_go,condition,torus_geometry_15,ok,0.0625,0.05782561150208209,12,240,20,19,19.0,5,pertrace_unsupervised_movement_signal,pertrace_tau19_embed5
monkeyT_session-y070315009-14_lfp-6,T,y070315009-14,6,peri_go,direction,torus_geometry_15,ok,0.24603174603174602,0.22919577069219885,6,252,42,19,19.0,5,pertrace_unsupervised_movement_signal,pertrace_tau19_embed5
monkeyT_session-y070315009-14_lfp-6,T,y070315009-14,6,peri_go,delay,torus_geometry_15,ok,0.5287769784172662,0.5286244968223768,2,278,139,19,19.0,5,pertrace_unsupervised_movement_signal,pertrace_tau19_embed5
monkeyT_session-y070315009-14_lfp-6,T,y070315009-14,6,peri_go,condition,torus_geometry_15,ok,0.1625,0.14903397580359856,12,240,20,19,19.0,5,pertrace_unsupervised_movement_signal,pertrace_tau19_embed5
monkeyT_session-y070315009-14_lfp-6,T,y070315009-14,6,movement,direction,torus_geometry_15,ok,0.2976190476190476,0.28312519953354925,6,252,42,19,19.0,5,pertrace_unsupervised_movement_signal,pertrace_tau19_embed5
monkeyT_session-y070315009-14_lfp-6,T,y070315009-14,6,movement,delay,torus_geometry_15,ok,0.49640287769784175,0.4961681855840928,2,278,139,19,19.0,5,pertrace_unsupervised_movement_signal,pertrace_tau19_embed5
monkeyT_session-y070315009-14_lfp-6,T,y070315009-14,6,movement,condition,torus_geometry_15,ok,0.17916666666666667,0.16417852951115516,12,240,20,19,19.0,5,pertrace_unsupervised_movement_signal,pertrace_tau19_embed5
monkeyT_session-y070315009-14_lfp-6,T,y070315009-14,6,post_go,direction,torus_geometry_15,ok,0.21031746031746032,0.19810661501032714,6,252,42,19,19.0,5,pertrace_unsupervised_movement_signal,pertrace_tau19_embed5
monkeyT_session-y070315009-14_lfp-6,T,y070315009-14,6,post_go,delay,torus_geometry_15,ok,0.49640287769784175,0.4951224574512246,2,278,139,19,19.0,5,pertrace_unsupervised_movement_signal,pertrace_tau19_embed5
monkeyT_session-y070315009-14_lfp-6,T,y070315009-14,6,post_go,condition,torus_geometry_15,ok,0.1,0.08890826629797217,12,240,20,19,19.0,5,pertrace_unsupervised_movement_signal,pertrace_tau19_embed5
monkeyT_session-y070315009-14_lfp-7,T,y070315009-14,7,pre_go,direction,torus_geometry_15,ok,0.1746031746031746,0.1729604790261209,6,252,42,14,14.0,7,pertrace_unsupervised_movement_signal,pertrace_tau14_embed7
monkeyT_session-y070315009-14_lfp-7,T,y070315009-14,7,pre_go,delay,torus_geometry_15,ok,0.4712230215827338,0.47088755098077295,2,278,139,14,14.0,7,pertrace_unsupervised_movement_signal,pertrace_tau14_embed7
monkeyT_session-y070315009-14_lfp-7,T,y070315009-14,7,pre_go,condition,torus_geometry_15,ok,0.08333333333333333,0.07124878555025614,12,240,20,14,14.0,7,pertrace_unsupervised_movement_signal,pertrace_tau14_embed7
monkeyT_session-y070315009-14_lfp-7,T,y070315009-14,7,peri_go,direction,torus_geometry_15,ok,0.1349206349206349,0.12638813193326823,6,252,42,14,14.0,7,pertrace_unsupervised_movement_signal,pertrace_tau14_embed7
monkeyT_session-y070315009-14_lfp-7,T,y070315009-14,7,peri_go,delay,torus_geometry_15,ok,0.5107913669064749,0.5106900657451985,2,278,139,14,14.0,7,pertrace_unsupervised_movement_signal,pertrace_tau14_embed7
monkeyT_session-y070315009-14_lfp-7,T,y070315009-14,7,peri_go,condition,torus_geometry_15,ok,0.075,0.06602805102553459,12,240,20,14,14.0,7,pertrace_unsupervised_movement_signal,pertrace_tau14_embed7
monkeyT_session-y070315009-14_lfp-7,T,y070315009-14,7,movement,direction,torus_geometry_15,ok,0.19047619047619047,0.18565784661024654,6,252,42,14,14.0,7,pertrace_unsupervised_movement_signal,pertrace_tau14_embed7
monkeyT_session-y070315009-14_lfp-7,T,y070315009-14,7,movement,delay,torus_geometry_15,ok,0.4784172661870504,0.475969475969476,2,278,139,14,14.0,7,pertrace_unsupervised_movement_signal,pertrace_tau14_embed7
monkeyT_session-y070315009-14_lfp-7,T,y070315009-14,7,movement,condition,torus_geometry_15,ok,0.11666666666666667,0.11190601218508357,12,240,20,14,14.0,7,pertrace_unsupervised_movement_signal,pertrace_tau14_embed7
monkeyT_session-y070315009-14_lfp-7,T,y070315009-14,7,post_go,direction,torus_geometry_15,ok,0.20634920634920634,0.1934002950889595,6,252,42,14,14.0,7,pertrace_unsupervised_movement_signal,pertrace_tau14_embed7
monkeyT_session-y070315009-14_lfp-7,T,y070315009-14,7,post_go,delay,torus_geometry_15,ok,0.564748201438849,0.5646975088967972,2,278,139,14,14.0,7,pertrace_unsupervised_movement_signal,pertrace_tau14_embed7
monkeyT_session-y070315009-14_lfp-7,T,y070315009-14,7,post_go,condition,torus_geometry_15,ok,0.0875,0.07748084217388644,12,240,20,14,14.0,7,pertrace_unsupervised_movement_signal,pertrace_tau14_embed7
monkeyT_session-y070315015-17_lfp-6,T,y070315015-17,6,pre_go,direction,torus_geometry_15,ok,0.5571428571428572,0.5563279492946227,2,140,70,20,20.0,5,pertrace_unsupervised_movement_signal,pertrace_tau20_embed5
monkeyT_session-y070315015-17_lfp-6,T,y070315015-17,6,pre_go,delay,torus_geometry_15,ok,0.5294117647058824,0.5293099718797318,2,136,68,20,20.0,5,pertrace_unsupervised_movement_signal,pertrace_tau20_embed5
monkeyT_session-y070315015-17_lfp-6,T,y070315015-17,6,pre_go,condition,torus_geometry_15,ok,0.2727272727272727,0.2762365220060627,4,132,33,20,20.0,5,pertrace_unsupervised_movement_signal,pertrace_tau20_embed5
monkeyT_session-y070315015-17_lfp-6,T,y070315015-17,6,peri_go,direction,torus_geometry_15,ok,0.6071428571428571,0.6066411238825031,2,140,70,20,20.0,5,pertrace_unsupervised_movement_signal,pertrace_tau20_embed5
monkeyT_session-y070315015-17_lfp-6,T,y070315015-17,6,peri_go,delay,torus_geometry_15,ok,0.5588235294117647,0.5564253098499674,2,136,68,20,20.0,5,pertrace_unsupervised_movement_signal,pertrace_tau20_embed5
monkeyT_session-y070315015-17_lfp-6,T,y070315015-17,6,peri_go,condition,torus_geometry_15,ok,0.3939393939393939,0.37829633479017877,4,132,33,20,20.0,5,pertrace_unsupervised_movement_signal,pertrace_tau20_embed5
monkeyT_session-y070315015-17_lfp-6,T,y070315015-17,6,movement,direction,torus_geometry_15,ok,0.4928571428571429,0.4922094508301405,2,140,70,20,20.0,5,pertrace_unsupervised_movement_signal,pertrace_tau20_embed5
monkeyT_session-y070315015-17_lfp-6,T,y070315015-17,6,movement,delay,torus_geometry_15,ok,0.5588235294117647,0.5584415584415584,2,136,68,20,20.0,5,pertrace_unsupervised_movement_signal,pertrace_tau20_embed5
monkeyT_session-y070315015-17_lfp-6,T,y070315015-17,6,movement,condition,torus_geometry_15,ok,0.3787878787878788,0.380360642864116,4,132,33,20,20.0,5,pertrace_unsupervised_movement_signal,pertrace_tau20_embed5
monkeyT_session-y070315015-17_lfp-6,T,y070315015-17,6,post_go,direction,torus_geometry_15,ok,0.4928571428571429,0.4922094508301405,2,140,70,20,20.0,5,pertrace_unsupervised_movement_signal,pertrace_tau20_embed5
monkeyT_session-y070315015-17_lfp-6,T,y070315015-17,6,post_go,delay,torus_geometry_15,ok,0.5367647058823529,0.5365391897008709,2,136,68,20,20.0,5,pertrace_unsupervised_movement_signal,pertrace_tau20_embed5
monkeyT_session-y070315015-17_lfp-6,T,y070315015-17,6,post_go,condition,torus_geometry_15,ok,0.22727272727272727,0.22145110005641316,4,132,33,20,20.0,5,pertrace_unsupervised_movement_signal,pertrace_tau20_embed5
monkeyT_session-y070315015-17_lfp-7,T,y070315015-17,7,pre_go,direction,torus_geometry_15,ok,0.6428571428571429,0.6428571428571429,2,140,70,17,17.0,9,pertrace_unsupervised_movement_signal,pertrace_tau17_embed9
monkeyT_session-y070315015-17_lfp-7,T,y070315015-17,7,pre_go,delay,torus_geometry_15,ok,0.4632352941176471,0.46320627196539604,2,136,68,17,17.0,9,pertrace_unsupervised_movement_signal,pertrace_tau17_embed9
monkeyT_session-y070315015-17_lfp-7,T,y070315015-17,7,pre_go,condition,torus_geometry_15,ok,0.3409090909090909,0.3333056000657381,4,132,33,17,17.0,9,pertrace_unsupervised_movement_signal,pertrace_tau17_embed9
monkeyT_session-y070315015-17_lfp-7,T,y070315015-17,7,peri_go,direction,torus_geometry_15,ok,0.5571428571428572,0.5556920556920557,2,140,70,17,17.0,9,pertrace_unsupervised_movement_signal,pertrace_tau17_embed9
monkeyT_session-y070315015-17_lfp-7,T,y070315015-17,7,peri_go,delay,torus_geometry_15,ok,0.5073529411764706,0.5060443432536456,2,136,68,17,17.0,9,pertrace_unsupervised_movement_signal,pertrace_tau17_embed9
monkeyT_session-y070315015-17_lfp-7,T,y070315015-17,7,peri_go,condition,torus_geometry_15,ok,0.30303030303030304,0.3020676769960827,4,132,33,17,17.0,9,pertrace_unsupervised_movement_signal,pertrace_tau17_embed9
monkeyT_session-y070315015-17_lfp-7,T,y070315015-17,7,movement,direction,torus_geometry_15,ok,0.5928571428571429,0.5926701036190087,2,140,70,17,17.0,9,pertrace_unsupervised_movement_signal,pertrace_tau17_embed9
monkeyT_session-y070315015-17_lfp-7,T,y070315015-17,7,movement,delay,torus_geometry_15,ok,0.5882352941176471,0.5868055555555556,2,136,68,17,17.0,9,pertrace_unsupervised_movement_signal,pertrace_tau17_embed9
monkeyT_session-y070315015-17_lfp-7,T,y070315015-17,7,movement,condition,torus_geometry_15,ok,0.3106060606060606,0.3092885872297637,4,132,33,17,17.0,9,pertrace_unsupervised_movement_signal,pertrace_tau17_embed9
monkeyT_session-y070315015-17_lfp-7,T,y070315015-17,7,post_go,direction,torus_geometry_15,ok,0.6285714285714286,0.6248196248196248,2,140,70,17,17.0,9,pertrace_unsupervised_movement_signal,pertrace_tau17_embed9
monkeyT_session-y070315015-17_lfp-7,T,y070315015-17,7,post_go,delay,torus_geometry_15,ok,0.5955882352941176,0.5950408748849547,2,136,68,17,17.0,9,pertrace_unsupervised_movement_signal,pertrace_tau17_embed9
monkeyT_session-y070315015-17_lfp-7,T,y070315015-17,7,post_go,condition,torus_geometry_15,ok,0.2803030303030303,0.27415347625726305,4,132,33,17,17.0,9,pertrace_unsupervised_movement_signal,pertrace_tau17_embed9
monkeyT_session-y070316001-4_lfp-7,T,y070316001-4,7,pre_go,direction,torus_geometry_15,ok,0.19047619047619047,0.18571907168813562,6,252,42,32,32.0,7,pertrace_unsupervised_movement_signal,pertrace_tau32_embed7
monkeyT_session-y070316001-4_lfp-7,T,y070316001-4,7,pre_go,delay,torus_geometry_15,ok,0.5275590551181102,0.5261194029850746,2,254,127,32,32.0,7,pertrace_unsupervised_movement_signal,pertrace_tau32_embed7
monkeyT_session-y070316001-4_lfp-7,T,y070316001-4,7,pre_go,condition,torus_geometry_15,ok,0.1,0.09221896249573203,12,240,20,32,32.0,7,pertrace_unsupervised_movement_signal,pertrace_tau32_embed7
monkeyT_session-y070316001-4_lfp-7,T,y070316001-4,7,peri_go,direction,torus_geometry_15,ok,0.23809523809523808,0.2338330200677253,6,252,42,32,32.0,7,pertrace_unsupervised_movement_signal,pertrace_tau32_embed7
monkeyT_session-y070316001-4_lfp-7,T,y070316001-4,7,peri_go,delay,torus_geometry_15,ok,0.5393700787401575,0.5393058117723657,2,254,127,32,32.0,7,pertrace_unsupervised_movement_signal,pertrace_tau32_embed7
monkeyT_session-y070316001-4_lfp-7,T,y070316001-4,7,peri_go,condition,torus_geometry_15,ok,0.1,0.09018371884039722,12,240,20,32,32.0,7,pertrace_unsupervised_movement_signal,pertrace_tau32_embed7
monkeyT_session-y070316001-4_lfp-7,T,y070316001-4,7,movement,direction,torus_geometry_15,ok,0.18253968253968253,0.18102603710205287,6,252,42,32,32.0,7,pertrace_unsupervised_movement_signal,pertrace_tau32_embed7
monkeyT_session-y070316001-4_lfp-7,T,y070316001-4,7,movement,delay,torus_geometry_15,ok,0.6259842519685039,0.6255140839605804,2,254,127,32,32.0,7,pertrace_unsupervised_movement_signal,pertrace_tau32_embed7
monkeyT_session-y070316001-4_lfp-7,T,y070316001-4,7,movement,condition,torus_geometry_15,ok,0.07916666666666666,0.07214118529588134,12,240,20,32,32.0,7,pertrace_unsupervised_movement_signal,pertrace_tau32_embed7
monkeyT_session-y070316001-4_lfp-7,T,y070316001-4,7,post_go,direction,torus_geometry_15,ok,0.2222222222222222,0.21756141338679777,6,252,42,32,32.0,7,pertrace_unsupervised_movement_signal,pertrace_tau32_embed7
monkeyT_session-y070316001-4_lfp-7,T,y070316001-4,7,post_go,delay,torus_geometry_15,ok,0.5039370078740157,0.5024253731343283,2,254,127,32,32.0,7,pertrace_unsupervised_movement_signal,pertrace_tau32_embed7
monkeyT_session-y070316001-4_lfp-7,T,y070316001-4,7,post_go,condition,torus_geometry_15,ok,0.12916666666666668,0.12964223185936222,12,240,20,32,32.0,7,pertrace_unsupervised_movement_signal,pertrace_tau32_embed7
monkeyT_session-y070316001-4_lfp-8,T,y070316001-4,8,pre_go,direction,torus_geometry_15,ok,0.15079365079365079,0.14704473317550956,6,252,42,16,16.0,9,pertrace_unsupervised_movement_signal,pertrace_tau16_embed9
monkeyT_session-y070316001-4_lfp-8,T,y070316001-4,8,pre_go,delay,torus_geometry_15,ok,0.62109375,0.6090126119884745,2,256,128,16,16.0,9,pertrace_unsupervised_movement_signal,pertrace_tau16_embed9
monkeyT_session-y070316001-4_lfp-8,T,y070316001-4,8,pre_go,condition,torus_geometry_15,ok,0.05952380952380952,0.05368628445383116,12,252,21,16,16.0,9,pertrace_unsupervised_movement_signal,pertrace_tau16_embed9
monkeyT_session-y070316001-4_lfp-8,T,y070316001-4,8,peri_go,direction,torus_geometry_15,ok,0.18253968253968253,0.17866029558536015,6,252,42,16,16.0,9,pertrace_unsupervised_movement_signal,pertrace_tau16_embed9
monkeyT_session-y070316001-4_lfp-8,T,y070316001-4,8,peri_go,delay,torus_geometry_15,ok,0.578125,0.5778931297709924,2,256,128,16,16.0,9,pertrace_unsupervised_movement_signal,pertrace_tau16_embed9
monkeyT_session-y070316001-4_lfp-8,T,y070316001-4,8,peri_go,condition,torus_geometry_15,ok,0.09523809523809523,0.09546574466072126,12,252,21,16,16.0,9,pertrace_unsupervised_movement_signal,pertrace_tau16_embed9
monkeyT_session-y070316001-4_lfp-8,T,y070316001-4,8,movement,direction,torus_geometry_15,ok,0.14285714285714285,0.14160123556675278,6,252,42,16,16.0,9,pertrace_unsupervised_movement_signal,pertrace_tau16_embed9
monkeyT_session-y070316001-4_lfp-8,T,y070316001-4,8,movement,delay,torus_geometry_15,ok,0.58203125,0.5820248722056917,2,256,128,16,16.0,9,pertrace_unsupervised_movement_signal,pertrace_tau16_embed9
monkeyT_session-y070316001-4_lfp-8,T,y070316001-4,8,movement,condition,torus_geometry_15,ok,0.11507936507936507,0.10568337040886822,12,252,21,16,16.0,9,pertrace_unsupervised_movement_signal,pertrace_tau16_embed9
monkeyT_session-y070316001-4_lfp-8,T,y070316001-4,8,post_go,direction,torus_geometry_15,ok,0.23015873015873015,0.22091240007718838,6,252,42,16,16.0,9,pertrace_unsupervised_movement_signal,pertrace_tau16_embed9
monkeyT_session-y070316001-4_lfp-8,T,y070316001-4,8,post_go,delay,torus_geometry_15,ok,0.60546875,0.6053181908381798,2,256,128,16,16.0,9,pertrace_unsupervised_movement_signal,pertrace_tau16_embed9
monkeyT_session-y070316001-4_lfp-8,T,y070316001-4,8,post_go,condition,torus_geometry_15,ok,0.07539682539682539,0.0736002059557765,12,252,21,16,16.0,9,pertrace_unsupervised_movement_signal,pertrace_tau16_embed9
monkeyT_session-y070316006-8_lfp-7,T,y070316006-8,7,pre_go,direction,torus_geometry_15,ok,0.16666666666666666,0.16395763610227132,6,264,44,31,31.0,5,pertrace_unsupervised_movement_signal,pertrace_tau31_embed5
monkeyT_session-y070316006-8_lfp-7,T,y070316006-8,7,pre_go,delay,torus_geometry_15,ok,0.5845588235294118,0.5845082798242649,2,272,136,31,31.0,5,pertrace_unsupervised_movement_signal,pertrace_tau31_embed5
monkeyT_session-y070316006-8_lfp-7,T,y070316006-8,7,pre_go,condition,torus_geometry_15,ok,0.10606060606060606,0.09335460876560076,12,264,22,31,31.0,5,pertrace_unsupervised_movement_signal,pertrace_tau31_embed5
monkeyT_session-y070316006-8_lfp-7,T,y070316006-8,7,peri_go,direction,torus_geometry_15,ok,0.1856060606060606,0.17785093971069577,6,264,44,31,31.0,5,pertrace_unsupervised_movement_signal,pertrace_tau31_embed5
monkeyT_session-y070316006-8_lfp-7,T,y070316006-8,7,peri_go,delay,torus_geometry_15,ok,0.6066176470588235,0.6065697870902332,2,272,136,31,31.0,5,pertrace_unsupervised_movement_signal,pertrace_tau31_embed5
monkeyT_session-y070316006-8_lfp-7,T,y070316006-8,7,peri_go,condition,torus_geometry_15,ok,0.06439393939393939,0.06196484634396787,12,264,22,31,31.0,5,pertrace_unsupervised_movement_signal,pertrace_tau31_embed5
monkeyT_session-y070316006-8_lfp-7,T,y070316006-8,7,movement,direction,torus_geometry_15,ok,0.22348484848484848,0.21682522318249398,6,264,44,31,31.0,5,pertrace_unsupervised_movement_signal,pertrace_tau31_embed5
monkeyT_session-y070316006-8_lfp-7,T,y070316006-8,7,movement,delay,torus_geometry_15,ok,0.6029411764705882,0.6018864856074159,2,272,136,31,31.0,5,pertrace_unsupervised_movement_signal,pertrace_tau31_embed5
monkeyT_session-y070316006-8_lfp-7,T,y070316006-8,7,movement,condition,torus_geometry_15,ok,0.11742424242424243,0.11101400842988267,12,264,22,31,31.0,5,pertrace_unsupervised_movement_signal,pertrace_tau31_embed5
monkeyT_session-y070316006-8_lfp-7,T,y070316006-8,7,post_go,direction,torus_geometry_15,ok,0.1856060606060606,0.1815751113282267,6,264,44,31,31.0,5,pertrace_unsupervised_movement_signal,pertrace_tau31_embed5
monkeyT_session-y070316006-8_lfp-7,T,y070316006-8,7,post_go,delay,torus_geometry_15,ok,0.5220588235294118,0.5220588235294118,2,272,136,31,31.0,5,pertrace_unsupervised_movement_signal,pertrace_tau31_embed5
monkeyT_session-y070316006-8_lfp-7,T,y070316006-8,7,post_go,condition,torus_geometry_15,ok,0.09090909090909091,0.0833190035562716,12,264,22,31,31.0,5,pertrace_unsupervised_movement_signal,pertrace_tau31_embed5
monkeyT_session-y070316006-8_lfp-8,T,y070316006-8,8,pre_go,direction,torus_geometry_15,ok,0.13953488372093023,0.13944345761868912,6,258,43,16,16.0,7,pertrace_unsupervised_movement_signal,pertrace_tau16_embed7
monkeyT_session-y070316006-8_lfp-8,T,y070316006-8,8,pre_go,delay,torus_geometry_15,ok,0.5444444444444444,0.544138035167671,2,270,135,16,16.0,7,pertrace_unsupervised_movement_signal,pertrace_tau16_embed7
monkeyT_session-y070316006-8_lfp-8,T,y070316006-8,8,pre_go,condition,torus_geometry_15,ok,0.06746031746031746,0.06501330673409687,12,252,21,16,16.0,7,pertrace_unsupervised_movement_signal,pertrace_tau16_embed7
monkeyT_session-y070316006-8_lfp-8,T,y070316006-8,8,peri_go,direction,torus_geometry_15,ok,0.17054263565891473,0.1570191845349653,6,258,43,16,16.0,7,pertrace_unsupervised_movement_signal,pertrace_tau16_embed7
monkeyT_session-y070316006-8_lfp-8,T,y070316006-8,8,peri_go,delay,torus_geometry_15,ok,0.562962962962963,0.562962962962963,2,270,135,16,16.0,7,pertrace_unsupervised_movement_signal,pertrace_tau16_embed7
monkeyT_session-y070316006-8_lfp-8,T,y070316006-8,8,peri_go,condition,torus_geometry_15,ok,0.1111111111111111,0.10269905726767532,12,252,21,16,16.0,7,pertrace_unsupervised_movement_signal,pertrace_tau16_embed7
monkeyT_session-y070316006-8_lfp-8,T,y070316006-8,8,movement,direction,torus_geometry_15,ok,0.1511627906976744,0.14639795513037035,6,258,43,16,16.0,7,pertrace_unsupervised_movement_signal,pertrace_tau16_embed7
monkeyT_session-y070316006-8_lfp-8,T,y070316006-8,8,movement,delay,torus_geometry_15,ok,0.5296296296296297,0.5288476071394221,2,270,135,16,16.0,7,pertrace_unsupervised_movement_signal,pertrace_tau16_embed7
monkeyT_session-y070316006-8_lfp-8,T,y070316006-8,8,movement,condition,torus_geometry_15,ok,0.10317460317460317,0.0999156873063753,12,252,21,16,16.0,7,pertrace_unsupervised_movement_signal,pertrace_tau16_embed7
monkeyT_session-y070316006-8_lfp-8,T,y070316006-8,8,post_go,direction,torus_geometry_15,ok,0.15891472868217055,0.15987904758158797,6,258,43,16,16.0,7,pertrace_unsupervised_movement_signal,pertrace_tau16_embed7
monkeyT_session-y070316006-8_lfp-8,T,y070316006-8,8,post_go,delay,torus_geometry_15,ok,0.4703703703703704,0.47036310511804,2,270,135,16,16.0,7,pertrace_unsupervised_movement_signal,pertrace_tau16_embed7
monkeyT_session-y070316006-8_lfp-8,T,y070316006-8,8,post_go,condition,torus_geometry_15,ok,0.0992063492063492,0.09260000000756635,12,252,21,16,16.0,7,pertrace_unsupervised_movement_signal,pertrace_tau16_embed7
monkeyT_session-y070316009-12_lfp-7,T,y070316009-12,7,pre_go,direction,torus_geometry_15,ok,0.14646464646464646,0.13817835103630863,6,396,66,32,32.0,5,pertrace_unsupervised_movement_signal,pertrace_tau32_embed5
monkeyT_session-y070316009-12_lfp-7,T,y070316009-12,7,pre_go,delay,torus_geometry_15,ok,0.599502487562189,0.599440521354879,2,402,201,32,32.0,5,pertrace_unsupervised_movement_signal,pertrace_tau32_embed5
monkeyT_session-y070316009-12_lfp-7,T,y070316009-12,7,pre_go,condition,torus_geometry_15,ok,0.0967741935483871,0.08332213367765384,12,372,31,32,32.0,5,pertrace_unsupervised_movement_signal,pertrace_tau32_embed5
monkeyT_session-y070316009-12_lfp-7,T,y070316009-12,7,peri_go,direction,torus_geometry_15,ok,0.21717171717171718,0.20466162583156997,6,396,66,32,32.0,5,pertrace_unsupervised_movement_signal,pertrace_tau32_embed5
monkeyT_session-y070316009-12_lfp-7,T,y070316009-12,7,peri_go,delay,torus_geometry_15,ok,0.5796019900497512,0.57866077907258,2,402,201,32,32.0,5,pertrace_unsupervised_movement_signal,pertrace_tau32_embed5
monkeyT_session-y070316009-12_lfp-7,T,y070316009-12,7,peri_go,condition,torus_geometry_15,ok,0.12365591397849462,0.10534848654801636,12,372,31,32,32.0,5,pertrace_unsupervised_movement_signal,pertrace_tau32_embed5
monkeyT_session-y070316009-12_lfp-7,T,y070316009-12,7,movement,direction,torus_geometry_15,ok,0.20959595959595959,0.2031651215124445,6,396,66,32,32.0,5,pertrace_unsupervised_movement_signal,pertrace_tau32_embed5
monkeyT_session-y070316009-12_lfp-7,T,y070316009-12,7,movement,delay,torus_geometry_15,ok,0.582089552238806,0.5810525793404631,2,402,201,32,32.0,5,pertrace_unsupervised_movement_signal,pertrace_tau32_embed5
monkeyT_session-y070316009-12_lfp-7,T,y070316009-12,7,movement,condition,torus_geometry_15,ok,0.0967741935483871,0.088731763564883,12,372,31,32,32.0,5,pertrace_unsupervised_movement_signal,pertrace_tau32_embed5
monkeyT_session-y070316009-12_lfp-7,T,y070316009-12,7,post_go,direction,torus_geometry_15,ok,0.17424242424242425,0.16952019754472455,6,396,66,32,32.0,5,pertrace_unsupervised_movement_signal,pertrace_tau32_embed5
monkeyT_session-y070316009-12_lfp-7,T,y070316009-12,7,post_go,delay,torus_geometry_15,ok,0.6119402985074627,0.610552202101498,2,402,201,32,32.0,5,pertrace_unsupervised_movement_signal,pertrace_tau32_embed5
monkeyT_session-y070316009-12_lfp-7,T,y070316009-12,7,post_go,condition,torus_geometry_15,ok,0.12634408602150538,0.125371382603686,12,372,31,32,32.0,5,pertrace_unsupervised_movement_signal,pertrace_tau32_embed5
monkeyT_session-y070316009-12_lfp-8,T,y070316009-12,8,pre_go,direction,torus_geometry_15,ok,0.17929292929292928,0.1708946440980779,6,396,66,15,15.0,5,pertrace_unsupervised_movement_signal,pertrace_tau15_embed5
monkeyT_session-y070316009-12_lfp-8,T,y070316009-12,8,pre_go,delay,torus_geometry_15,ok,0.582089552238806,0.5820481718939525,2,402,201,15,15.0,5,pertrace_unsupervised_movement_signal,pertrace_tau15_embed5
monkeyT_session-y070316009-12_lfp-8,T,y070316009-12,8,pre_go,condition,torus_geometry_15,ok,0.08333333333333333,0.07898236232080173,12,372,31,15,15.0,5,pertrace_unsupervised_movement_signal,pertrace_tau15_embed5
monkeyT_session-y070316009-12_lfp-8,T,y070316009-12,8,peri_go,direction,torus_geometry_15,ok,0.21464646464646464,0.20888592743017279,6,396,66,15,15.0,5,pertrace_unsupervised_movement_signal,pertrace_tau15_embed5
monkeyT_session-y070316009-12_lfp-8,T,y070316009-12,8,peri_go,delay,torus_geometry_15,ok,0.5149253731343284,0.5103165233035363,2,402,201,15,15.0,5,pertrace_unsupervised_movement_signal,pertrace_tau15_embed5
monkeyT_session-y070316009-12_lfp-8,T,y070316009-12,8,peri_go,condition,torus_geometry_15,ok,0.10483870967741936,0.0933680376281546,12,372,31,15,15.0,5,pertrace_unsupervised_movement_signal,pertrace_tau15_embed5
monkeyT_session-y070316009-12_lfp-8,T,y070316009-12,8,movement,direction,torus_geometry_15,ok,0.2222222222222222,0.21838631581995938,6,396,66,15,15.0,5,pertrace_unsupervised_movement_signal,pertrace_tau15_embed5
monkeyT_session-y070316009-12_lfp-8,T,y070316009-12,8,movement,delay,torus_geometry_15,ok,0.5870646766169154,0.5860400486340289,2,402,201,15,15.0,5,pertrace_unsupervised_movement_signal,pertrace_tau15_embed5
monkeyT_session-y070316009-12_lfp-8,T,y070316009-12,8,movement,condition,torus_geometry_15,ok,0.1693548387096774,0.1556781160236517,12,372,31,15,15.0,5,pertrace_unsupervised_movement_signal,pertrace_tau15_embed5
monkeyT_session-y070316009-12_lfp-8,T,y070316009-12,8,post_go,direction,torus_geometry_15,ok,0.20454545454545456,0.1974540351055465,6,396,66,15,15.0,5,pertrace_unsupervised_movement_signal,pertrace_tau15_embed5
monkeyT_session-y070316009-12_lfp-8,T,y070316009-12,8,post_go,delay,torus_geometry_15,ok,0.5174129353233831,0.5110102327447833,2,402,201,15,15.0,5,pertrace_unsupervised_movement_signal,pertrace_tau15_embed5
monkeyT_session-y070316009-12_lfp-8,T,y070316009-12,8,post_go,condition,torus_geometry_15,ok,0.13978494623655913,0.13981205103485558,12,372,31,15,15.0,5,pertrace_unsupervised_movement_signal,pertrace_tau15_embed5
monkeyT_session-y070412002-3_lfp-7,T,y070412002-3,7,pre_go,direction,torus_geometry_15,ok,0.4318181818181818,0.4243851386708529,2,88,44,54,54.0,7,pertrace_unsupervised_movement_signal,pertrace_tau54_embed7
monkeyT_session-y070412002-3_lfp-7,T,y070412002-3,7,pre_go,delay,torus_geometry_15,ok,0.8181818181818182,0.8166666666666667,2,88,44,54,54.0,7,pertrace_unsupervised_movement_signal,pertrace_tau54_embed7
monkeyT_session-y070412002-3_lfp-7,T,y070412002-3,7,pre_go,condition,torus_geometry_15,ok,0.4659090909090909,0.4633434415894961,4,88,22,54,54.0,7,pertrace_unsupervised_movement_signal,pertrace_tau54_embed7
monkeyT_session-y070412002-3_lfp-7,T,y070412002-3,7,peri_go,direction,torus_geometry_15,ok,0.5340909090909091,0.5335488041370395,2,88,44,54,54.0,7,pertrace_unsupervised_movement_signal,pertrace_tau54_embed7
monkeyT_session-y070412002-3_lfp-7,T,y070412002-3,7,peri_go,delay,torus_geometry_15,ok,0.6363636363636364,0.634665282823041,2,88,44,54,54.0,7,pertrace_unsupervised_movement_signal,pertrace_tau54_embed7
monkeyT_session-y070412002-3_lfp-7,T,y070412002-3,7,peri_go,condition,torus_geometry_15,ok,0.3181818181818182,0.3144027269027269,4,88,22,54,54.0,7,pertrace_unsupervised_movement_signal,pertrace_tau54_embed7
monkeyT_session-y070412002-3_lfp-7,T,y070412002-3,7,movement,direction,torus_geometry_15,ok,0.5113636363636364,0.509781059722762,2,88,44,54,54.0,7,pertrace_unsupervised_movement_signal,pertrace_tau54_embed7
monkeyT_session-y070412002-3_lfp-7,T,y070412002-3,7,movement,delay,torus_geometry_15,ok,0.5113636363636364,0.5082521117608837,2,88,44,54,54.0,7,pertrace_unsupervised_movement_signal,pertrace_tau54_embed7
monkeyT_session-y070412002-3_lfp-7,T,y070412002-3,7,movement,condition,torus_geometry_15,ok,0.25,0.2526501451867984,4,88,22,54,54.0,7,pertrace_unsupervised_movement_signal,pertrace_tau54_embed7
monkeyT_session-y070412002-3_lfp-7,T,y070412002-3,7,post_go,direction,torus_geometry_15,ok,0.6704545454545454,0.6704119850187266,2,88,44,54,54.0,7,pertrace_unsupervised_movement_signal,pertrace_tau54_embed7
monkeyT_session-y070412002-3_lfp-7,T,y070412002-3,7,post_go,delay,torus_geometry_15,ok,0.5340909090909091,0.5266955266955267,2,88,44,54,54.0,7,pertrace_unsupervised_movement_signal,pertrace_tau54_embed7
monkeyT_session-y070412002-3_lfp-7,T,y070412002-3,7,post_go,condition,torus_geometry_15,ok,0.3409090909090909,0.336119733924612,4,88,22,54,54.0,7,pertrace_unsupervised_movement_signal,pertrace_tau54_embed7
monkeyT_session-y070412004-6_lfp-5,T,y070412004-6,5,pre_go,direction,torus_geometry_15,ok,0.46153846153846156,0.45691095726903797,2,130,65,21,21.0,7,pertrace_unsupervised_movement_signal,pertrace_tau21_embed7
monkeyT_session-y070412004-6_lfp-5,T,y070412004-6,5,pre_go,delay,torus_geometry_15,ok,0.78125,0.7793103448275862,2,128,64,21,21.0,7,pertrace_unsupervised_movement_signal,pertrace_tau21_embed7
monkeyT_session-y070412004-6_lfp-5,T,y070412004-6,5,pre_go,condition,torus_geometry_15,ok,0.3984375,0.39759258520233054,4,128,32,21,21.0,7,pertrace_unsupervised_movement_signal,pertrace_tau21_embed7
monkeyT_session-y070412004-6_lfp-5,T,y070412004-6,5,peri_go,direction,torus_geometry_15,ok,0.45384615384615384,0.45225802622989736,2,130,65,21,21.0,7,pertrace_unsupervised_movement_signal,pertrace_tau21_embed7
monkeyT_session-y070412004-6_lfp-5,T,y070412004-6,5,peri_go,delay,torus_geometry_15,ok,0.6171875,0.6171641335530733,2,128,64,21,21.0,7,pertrace_unsupervised_movement_signal,pertrace_tau21_embed7
monkeyT_session-y070412004-6_lfp-5,T,y070412004-6,5,peri_go,condition,torus_geometry_15,ok,0.2265625,0.22569421772441575,4,128,32,21,21.0,7,pertrace_unsupervised_movement_signal,pertrace_tau21_embed7
monkeyT_session-y070412004-6_lfp-5,T,y070412004-6,5,movement,direction,torus_geometry_15,ok,0.5769230769230769,0.5762962962962963,2,130,65,21,21.0,7,pertrace_unsupervised_movement_signal,pertrace_tau21_embed7
monkeyT_session-y070412004-6_lfp-5,T,y070412004-6,5,movement,delay,torus_geometry_15,ok,0.6015625,0.6009536035209976,2,128,64,21,21.0,7,pertrace_unsupervised_movement_signal,pertrace_tau21_embed7
monkeyT_session-y070412004-6_lfp-5,T,y070412004-6,5,movement,condition,torus_geometry_15,ok,0.328125,0.3291523498637671,4,128,32,21,21.0,7,pertrace_unsupervised_movement_signal,pertrace_tau21_embed7
monkeyT_session-y070412004-6_lfp-5,T,y070412004-6,5,post_go,direction,torus_geometry_15,ok,0.6461538461538462,0.6458185264155414,2,130,65,21,21.0,7,pertrace_unsupervised_movement_signal,pertrace_tau21_embed7
monkeyT_session-y070412004-6_lfp-5,T,y070412004-6,5,post_go,delay,torus_geometry_15,ok,0.6953125,0.6948468732807629,2,128,64,21,21.0,7,pertrace_unsupervised_movement_signal,pertrace_tau21_embed7
monkeyT_session-y070412004-6_lfp-5,T,y070412004-6,5,post_go,condition,torus_geometry_15,ok,0.46875,0.4697136197136197,4,128,32,21,21.0,7,pertrace_unsupervised_movement_signal,pertrace_tau21_embed7
monkeyT_session-y070412004-6_lfp-6,T,y070412004-6,6,pre_go,direction,torus_geometry_15,ok,0.5538461538461539,0.5534233593935086,2,130,65,48,48.0,9,pertrace_unsupervised_movement_signal,pertrace_tau48_embed9
monkeyT_session-y070412004-6_lfp-6,T,y070412004-6,6,pre_go,delay,torus_geometry_15,ok,0.8046875,0.8026518655565834,2,128,64,48,48.0,9,pertrace_unsupervised_movement_signal,pertrace_tau48_embed9
monkeyT_session-y070412004-6_lfp-6,T,y070412004-6,6,pre_go,condition,torus_geometry_15,ok,0.4375,0.4343298322200086,4,128,32,48,48.0,9,pertrace_unsupervised_movement_signal,pertrace_tau48_embed9
monkeyT_session-y070412004-6_lfp-6,T,y070412004-6,6,peri_go,direction,torus_geometry_15,ok,0.5307692307692308,0.5294047830989259,2,130,65,48,48.0,9,pertrace_unsupervised_movement_signal,pertrace_tau48_embed9
monkeyT_session-y070412004-6_lfp-6,T,y070412004-6,6,peri_go,delay,torus_geometry_15,ok,0.65625,0.6532019704433498,2,128,64,48,48.0,9,pertrace_unsupervised_movement_signal,pertrace_tau48_embed9
monkeyT_session-y070412004-6_lfp-6,T,y070412004-6,6,peri_go,condition,torus_geometry_15,ok,0.296875,0.28233274661846086,4,128,32,48,48.0,9,pertrace_unsupervised_movement_signal,pertrace_tau48_embed9
monkeyT_session-y070412004-6_lfp-6,T,y070412004-6,6,movement,direction,torus_geometry_15,ok,0.5615384615384615,0.5615125155334635,2,130,65,48,48.0,9,pertrace_unsupervised_movement_signal,pertrace_tau48_embed9
monkeyT_session-y070412004-6_lfp-6,T,y070412004-6,6,movement,delay,torus_geometry_15,ok,0.5859375,0.5859122260880181,2,128,64,48,48.0,9,pertrace_unsupervised_movement_signal,pertrace_tau48_embed9
monkeyT_session-y070412004-6_lfp-6,T,y070412004-6,6,movement,condition,torus_geometry_15,ok,0.375,0.3691552701557523,4,128,32,48,48.0,9,pertrace_unsupervised_movement_signal,pertrace_tau48_embed9
monkeyT_session-y070412004-6_lfp-6,T,y070412004-6,6,post_go,direction,torus_geometry_15,ok,0.49230769230769234,0.4918265813788202,2,130,65,48,48.0,9,pertrace_unsupervised_movement_signal,pertrace_tau48_embed9
monkeyT_session-y070412004-6_lfp-6,T,y070412004-6,6,post_go,delay,torus_geometry_15,ok,0.546875,0.546875,2,128,64,48,48.0,9,pertrace_unsupervised_movement_signal,pertrace_tau48_embed9
monkeyT_session-y070412004-6_lfp-6,T,y070412004-6,6,post_go,condition,torus_geometry_15,ok,0.28125,0.27828254367332783,4,128,32,48,48.0,9,pertrace_unsupervised_movement_signal,pertrace_tau48_embed9
monkeyT_session-y070412004-6_lfp-7,T,y070412004-6,7,pre_go,direction,torus_geometry_15,ok,0.46153846153846156,0.4603889943074004,2,130,65,52,52.0,7,pertrace_unsupervised_movement_signal,pertrace_tau52_embed7
monkeyT_session-y070412004-6_lfp-7,T,y070412004-6,7,pre_go,delay,torus_geometry_15,ok,0.734375,0.7320197044334975,2,128,64,52,52.0,7,pertrace_unsupervised_movement_signal,pertrace_tau52_embed7
monkeyT_session-y070412004-6_lfp-7,T,y070412004-6,7,pre_go,condition,torus_geometry_15,ok,0.2890625,0.28349248790425263,4,128,32,52,52.0,7,pertrace_unsupervised_movement_signal,pertrace_tau52_embed7
monkeyT_session-y070412004-6_lfp-7,T,y070412004-6,7,peri_go,direction,torus_geometry_15,ok,0.5461538461538461,0.5459120241548754,2,130,65,52,52.0,7,pertrace_unsupervised_movement_signal,pertrace_tau52_embed7
monkeyT_session-y070412004-6_lfp-7,T,y070412004-6,7,peri_go,delay,torus_geometry_15,ok,0.515625,0.5151515151515151,2,128,64,52,52.0,7,pertrace_unsupervised_movement_signal,pertrace_tau52_embed7
monkeyT_session-y070412004-6_lfp-7,T,y070412004-6,7,peri_go,condition,torus_geometry_15,ok,0.3125,0.3059556889496291,4,128,32,52,52.0,7,pertrace_unsupervised_movement_signal,pertrace_tau52_embed7
monkeyT_session-y070412004-6_lfp-7,T,y070412004-6,7,movement,direction,torus_geometry_15,ok,0.5384615384615384,0.5380241648898365,2,130,65,52,52.0,7,pertrace_unsupervised_movement_signal,pertrace_tau52_embed7
monkeyT_session-y070412004-6_lfp-7,T,y070412004-6,7,movement,delay,torus_geometry_15,ok,0.4921875,0.48511665325824616,2,128,64,52,52.0,7,pertrace_unsupervised_movement_signal,pertrace_tau52_embed7
monkeyT_session-y070412004-6_lfp-7,T,y070412004-6,7,movement,condition,torus_geometry_15,ok,0.28125,0.2819385691861548,4,128,32,52,52.0,7,pertrace_unsupervised_movement_signal,pertrace_tau52_embed7
monkeyT_session-y070412004-6_lfp-7,T,y070412004-6,7,post_go,direction,torus_geometry_15,ok,0.47692307692307695,0.4764273868751481,2,130,65,52,52.0,7,pertrace_unsupervised_movement_signal,pertrace_tau52_embed7
monkeyT_session-y070412004-6_lfp-7,T,y070412004-6,7,post_go,delay,torus_geometry_15,ok,0.5390625,0.5367723731828498,2,128,64,52,52.0,7,pertrace_unsupervised_movement_signal,pertrace_tau52_embed7
monkeyT_session-y070412004-6_lfp-7,T,y070412004-6,7,post_go,condition,torus_geometry_15,ok,0.3046875,0.3051364128828917,4,128,32,52,52.0,7,pertrace_unsupervised_movement_signal,pertrace_tau52_embed7
monkeyT_session-y070412007-9_lfp-5,T,y070412007-9,5,pre_go,direction,torus_geometry_15,ok,0.5573770491803278,0.5572580645161291,2,122,61,22,22.0,5,pertrace_unsupervised_movement_signal,pertrace_tau22_embed5
monkeyT_session-y070412007-9_lfp-5,T,y070412007-9,5,pre_go,delay,torus_geometry_15,ok,0.6451612903225806,0.6391534391534391,2,124,62,22,22.0,5,pertrace_unsupervised_movement_signal,pertrace_tau22_embed5
monkeyT_session-y070412007-9_lfp-5,T,y070412007-9,5,pre_go,condition,torus_geometry_15,ok,0.35,0.35178821060613574,4,120,30,22,22.0,5,pertrace_unsupervised_movement_signal,pertrace_tau22_embed5
monkeyT_session-y070412007-9_lfp-5,T,y070412007-9,5,peri_go,direction,torus_geometry_15,ok,0.48360655737704916,0.4832941176470588,2,122,61,22,22.0,5,pertrace_unsupervised_movement_signal,pertrace_tau22_embed5
monkeyT_session-y070412007-9_lfp-5,T,y070412007-9,5,peri_go,delay,torus_geometry_15,ok,0.8145161290322581,0.8145040650406503,2,124,62,22,22.0,5,pertrace_unsupervised_movement_signal,pertrace_tau22_embed5
monkeyT_session-y070412007-9_lfp-5,T,y070412007-9,5,peri_go,condition,torus_geometry_15,ok,0.4166666666666667,0.41620478792609944,4,120,30,22,22.0,5,pertrace_unsupervised_movement_signal,pertrace_tau22_embed5
monkeyT_session-y070412007-9_lfp-5,T,y070412007-9,5,movement,direction,torus_geometry_15,ok,0.639344262295082,0.6392473118279569,2,122,61,22,22.0,5,pertrace_unsupervised_movement_signal,pertrace_tau22_embed5
monkeyT_session-y070412007-9_lfp-5,T,y070412007-9,5,movement,delay,torus_geometry_15,ok,0.6774193548387096,0.6770833333333333,2,124,62,22,22.0,5,pertrace_unsupervised_movement_signal,pertrace_tau22_embed5
monkeyT_session-y070412007-9_lfp-5,T,y070412007-9,5,movement,condition,torus_geometry_15,ok,0.375,0.3745063000208265,4,120,30,22,22.0,5,pertrace_unsupervised_movement_signal,pertrace_tau22_embed5
monkeyT_session-y070412007-9_lfp-5,T,y070412007-9,5,post_go,direction,torus_geometry_15,ok,0.5737704918032787,0.5727370689655172,2,122,61,22,22.0,5,pertrace_unsupervised_movement_signal,pertrace_tau22_embed5
monkeyT_session-y070412007-9_lfp-5,T,y070412007-9,5,post_go,delay,torus_geometry_15,ok,0.6370967741935484,0.6368842324461508,2,124,62,22,22.0,5,pertrace_unsupervised_movement_signal,pertrace_tau22_embed5
monkeyT_session-y070412007-9_lfp-5,T,y070412007-9,5,post_go,condition,torus_geometry_15,ok,0.4,0.40093048174503093,4,120,30,22,22.0,5,pertrace_unsupervised_movement_signal,pertrace_tau22_embed5
monkeyT_session-y070412007-9_lfp-6,T,y070412007-9,6,pre_go,direction,torus_geometry_15,ok,0.4672131147540984,0.4671773164012632,2,122,61,46,46.0,9,pertrace_unsupervised_movement_signal,pertrace_tau46_embed9
monkeyT_session-y070412007-9_lfp-6,T,y070412007-9,6,pre_go,delay,torus_geometry_15,ok,0.8225806451612904,0.8209033613445378,2,124,62,46,46.0,9,pertrace_unsupervised_movement_signal,pertrace_tau46_embed9
monkeyT_session-y070412007-9_lfp-6,T,y070412007-9,6,pre_go,condition,torus_geometry_15,ok,0.39166666666666666,0.39816580478345187,4,120,30,46,46.0,9,pertrace_unsupervised_movement_signal,pertrace_tau46_embed9
monkeyT_session-y070412007-9_lfp-6,T,y070412007-9,6,peri_go,direction,torus_geometry_15,ok,0.5245901639344263,0.5245901639344263,2,122,61,46,46.0,9,pertrace_unsupervised_movement_signal,pertrace_tau46_embed9
monkeyT_session-y070412007-9_lfp-6,T,y070412007-9,6,peri_go,delay,torus_geometry_15,ok,0.6693548387096774,0.6667322189446083,2,124,62,46,46.0,9,pertrace_unsupervised_movement_signal,pertrace_tau46_embed9
monkeyT_session-y070412007-9_lfp-6,T,y070412007-9,6,peri_go,condition,torus_geometry_15,ok,0.375,0.36773126682802126,4,120,30,46,46.0,9,pertrace_unsupervised_movement_signal,pertrace_tau46_embed9
monkeyT_session-y070412007-9_lfp-6,T,y070412007-9,6,movement,direction,torus_geometry_15,ok,0.6065573770491803,0.6065573770491803,2,122,61,46,46.0,9,pertrace_unsupervised_movement_signal,pertrace_tau46_embed9
monkeyT_session-y070412007-9_lfp-6,T,y070412007-9,6,movement,delay,torus_geometry_15,ok,0.7016129032258065,0.7000326904217065,2,124,62,46,46.0,9,pertrace_unsupervised_movement_signal,pertrace_tau46_embed9
monkeyT_session-y070412007-9_lfp-6,T,y070412007-9,6,movement,condition,torus_geometry_15,ok,0.3,0.28599664224664223,4,120,30,46,46.0,9,pertrace_unsupervised_movement_signal,pertrace_tau46_embed9
monkeyT_session-y070412007-9_lfp-6,T,y070412007-9,6,post_go,direction,torus_geometry_15,ok,0.5081967213114754,0.5080645161290323,2,122,61,46,46.0,9,pertrace_unsupervised_movement_signal,pertrace_tau46_embed9
monkeyT_session-y070412007-9_lfp-6,T,y070412007-9,6,post_go,delay,torus_geometry_15,ok,0.6370967741935484,0.6368842324461508,2,124,62,46,46.0,9,pertrace_unsupervised_movement_signal,pertrace_tau46_embed9
monkeyT_session-y070412007-9_lfp-6,T,y070412007-9,6,post_go,condition,torus_geometry_15,ok,0.36666666666666664,0.3619086370919848,4,120,30,46,46.0,9,pertrace_unsupervised_movement_signal,pertrace_tau46_embed9
monkeyT_session-y070412010-15_lfp-5,T,y070412010-15,5,pre_go,direction,torus_geometry_15,ok,0.20075757575757575,0.1989243730859107,6,264,44,23,23.0,5,pertrace_unsupervised_movement_signal,pertrace_tau23_embed5
monkeyT_session-y070412010-15_lfp-5,T,y070412010-15,5,pre_go,delay,torus_geometry_15,ok,0.7444444444444445,0.7418630751964085,2,270,135,23,23.0,5,pertrace_unsupervised_movement_signal,pertrace_tau23_embed5
monkeyT_session-y070412010-15_lfp-5,T,y070412010-15,5,pre_go,condition,torus_geometry_15,ok,0.16666666666666666,0.16436917321078737,12,264,22,23,23.0,5,pertrace_unsupervised_movement_signal,pertrace_tau23_embed5
monkeyT_session-y070412010-15_lfp-5,T,y070412010-15,5,peri_go,direction,torus_geometry_15,ok,0.17803030303030304,0.17264727525055126,6,264,44,23,23.0,5,pertrace_unsupervised_movement_signal,pertrace_tau23_embed5
monkeyT_session-y070412010-15_lfp-5,T,y070412010-15,5,peri_go,delay,torus_geometry_15,ok,0.6407407407407407,0.6371118593340817,2,270,135,23,23.0,5,pertrace_unsupervised_movement_signal,pertrace_tau23_embed5
monkeyT_session-y070412010-15_lfp-5,T,y070412010-15,5,peri_go,condition,torus_geometry_15,ok,0.12878787878787878,0.12492109658672108,12,264,22,23,23.0,5,pertrace_unsupervised_movement_signal,pertrace_tau23_embed5
monkeyT_session-y070412010-15_lfp-5,T,y070412010-15,5,movement,direction,torus_geometry_15,ok,0.16287878787878787,0.15510337892088996,6,264,44,23,23.0,5,pertrace_unsupervised_movement_signal,pertrace_tau23_embed5
monkeyT_session-y070412010-15_lfp-5,T,y070412010-15,5,movement,delay,torus_geometry_15,ok,0.6555555555555556,0.6541846276734931,2,270,135,23,23.0,5,pertrace_unsupervised_movement_signal,pertrace_tau23_embed5
monkeyT_session-y070412010-15_lfp-5,T,y070412010-15,5,movement,condition,torus_geometry_15,ok,0.10227272727272728,0.09413616369527984,12,264,22,23,23.0,5,pertrace_unsupervised_movement_signal,pertrace_tau23_embed5
monkeyT_session-y070412010-15_lfp-5,T,y070412010-15,5,post_go,direction,torus_geometry_15,ok,0.20833333333333334,0.19967573543012496,6,264,44,23,23.0,5,pertrace_unsupervised_movement_signal,pertrace_tau23_embed5
monkeyT_session-y070412010-15_lfp-5,T,y070412010-15,5,post_go,delay,torus_geometry_15,ok,0.674074074074074,0.6731954225352113,2,270,135,23,23.0,5,pertrace_unsupervised_movement_signal,pertrace_tau23_embed5
monkeyT_session-y070412010-15_lfp-5,T,y070412010-15,5,post_go,condition,torus_geometry_15,ok,0.14015151515151514,0.13045122735168968,12,264,22,23,23.0,5,pertrace_unsupervised_movement_signal,pertrace_tau23_embed5
monkeyT_session-y070412010-15_lfp-6,T,y070412010-15,6,pre_go,direction,torus_geometry_15,ok,0.19318181818181818,0.18417862549132294,6,264,44,48,48.0,9,pertrace_unsupervised_movement_signal,pertrace_tau48_embed9
monkeyT_session-y070412010-15_lfp-6,T,y070412010-15,6,pre_go,delay,torus_geometry_15,ok,0.8296296296296296,0.8284909412284578,2,270,135,48,48.0,9,pertrace_unsupervised_movement_signal,pertrace_tau48_embed9
monkeyT_session-y070412010-15_lfp-6,T,y070412010-15,6,pre_go,condition,torus_geometry_15,ok,0.16666666666666666,0.1541375158893486,12,264,22,48,48.0,9,pertrace_unsupervised_movement_signal,pertrace_tau48_embed9
monkeyT_session-y070412010-15_lfp-6,T,y070412010-15,6,peri_go,direction,torus_geometry_15,ok,0.19318181818181818,0.17939070887286002,6,264,44,48,48.0,9,pertrace_unsupervised_movement_signal,pertrace_tau48_embed9
monkeyT_session-y070412010-15_lfp-6,T,y070412010-15,6,peri_go,delay,torus_geometry_15,ok,0.6592592592592592,0.6555549392645184,2,270,135,48,48.0,9,pertrace_unsupervised_movement_signal,pertrace_tau48_embed9
monkeyT_session-y070412010-15_lfp-6,T,y070412010-15,6,peri_go,condition,torus_geometry_15,ok,0.12121212121212122,0.11278132448639866,12,264,22,48,48.0,9,pertrace_unsupervised_movement_signal,pertrace_tau48_embed9
monkeyT_session-y070412010-15_lfp-6,T,y070412010-15,6,movement,direction,torus_geometry_15,ok,0.1856060606060606,0.17442449926494952,6,264,44,48,48.0,9,pertrace_unsupervised_movement_signal,pertrace_tau48_embed9
monkeyT_session-y070412010-15_lfp-6,T,y070412010-15,6,movement,delay,torus_geometry_15,ok,0.6555555555555556,0.6547551937963179,2,270,135,48,48.0,9,pertrace_unsupervised_movement_signal,pertrace_tau48_embed9
monkeyT_session-y070412010-15_lfp-6,T,y070412010-15,6,movement,condition,torus_geometry_15,ok,0.10984848484848485,0.10551980406670847,12,264,22,48,48.0,9,pertrace_unsupervised_movement_signal,pertrace_tau48_embed9
monkeyT_session-y070412010-15_lfp-6,T,y070412010-15,6,post_go,direction,torus_geometry_15,ok,0.1893939393939394,0.17921816244150848,6,264,44,48,48.0,9,pertrace_unsupervised_movement_signal,pertrace_tau48_embed9
monkeyT_session-y070412010-15_lfp-6,T,y070412010-15,6,post_go,delay,torus_geometry_15,ok,0.6111111111111112,0.609907120743034,2,270,135,48,48.0,9,pertrace_unsupervised_movement_signal,pertrace_tau48_embed9
monkeyT_session-y070412010-15_lfp-6,T,y070412010-15,6,post_go,condition,torus_geometry_15,ok,0.08333333333333333,0.08296173535407876,12,264,22,48,48.0,9,pertrace_unsupervised_movement_signal,pertrace_tau48_embed9
monkeyT_session-y070412010-15_lfp-7,T,y070412010-15,7,pre_go,direction,torus_geometry_15,ok,0.1856060606060606,0.16967188447081674,6,264,44,27,27.0,7,pertrace_unsupervised_movement_signal,pertrace_tau27_embed7
monkeyT_session-y070412010-15_lfp-7,T,y070412010-15,7,pre_go,delay,torus_geometry_15,ok,0.7296296296296296,0.727984101353869,2,270,135,27,27.0,7,pertrace_unsupervised_movement_signal,pertrace_tau27_embed7
monkeyT_session-y070412010-15_lfp-7,T,y070412010-15,7,pre_go,condition,torus_geometry_15,ok,0.13636363636363635,0.1301045865745659,12,264,22,27,27.0,7,pertrace_unsupervised_movement_signal,pertrace_tau27_embed7
monkeyT_session-y070412010-15_lfp-7,T,y070412010-15,7,peri_go,direction,torus_geometry_15,ok,0.1553030303030303,0.1448892575459039,6,264,44,27,27.0,7,pertrace_unsupervised_movement_signal,pertrace_tau27_embed7
monkeyT_session-y070412010-15_lfp-7,T,y070412010-15,7,peri_go,delay,torus_geometry_15,ok,0.5888888888888889,0.5886123732000933,2,270,135,27,27.0,7,pertrace_unsupervised_movement_signal,pertrace_tau27_embed7
monkeyT_session-y070412010-15_lfp-7,T,y070412010-15,7,peri_go,condition,torus_geometry_15,ok,0.15151515151515152,0.1320103769545705,12,264,22,27,27.0,7,pertrace_unsupervised_movement_signal,pertrace_tau27_embed7
monkeyT_session-y070412010-15_lfp-7,T,y070412010-15,7,movement,direction,torus_geometry_15,ok,0.25,0.2406207003822601,6,264,44,27,27.0,7,pertrace_unsupervised_movement_signal,pertrace_tau27_embed7
monkeyT_session-y070412010-15_lfp-7,T,y070412010-15,7,movement,delay,torus_geometry_15,ok,0.5481481481481482,0.5472538347352796,2,270,135,27,27.0,7,pertrace_unsupervised_movement_signal,pertrace_tau27_embed7
monkeyT_session-y070412010-15_lfp-7,T,y070412010-15,7,movement,condition,torus_geometry_15,ok,0.14015151515151514,0.12220483005366728,12,264,22,27,27.0,7,pertrace_unsupervised_movement_signal,pertrace_tau27_embed7
monkeyT_session-y070412010-15_lfp-7,T,y070412010-15,7,post_go,direction,torus_geometry_15,ok,0.20075757575757575,0.19513531318805155,6,264,44,27,27.0,7,pertrace_unsupervised_movement_signal,pertrace_tau27_embed7
monkeyT_session-y070412010-15_lfp-7,T,y070412010-15,7,post_go,delay,torus_geometry_15,ok,0.5777777777777777,0.5771978021978021,2,270,135,27,27.0,7,pertrace_unsupervised_movement_signal,pertrace_tau27_embed7
monkeyT_session-y070412010-15_lfp-7,T,y070412010-15,7,post_go,condition,torus_geometry_15,ok,0.08333333333333333,0.07448772769186231,12,264,22,27,27.0,7,pertrace_unsupervised_movement_signal,pertrace_tau27_embed7
monkeyT_session-y070412010-15_lfp-8,T,y070412010-15,8,pre_go,direction,torus_geometry_15,ok,0.17803030303030304,0.17274725535563984,6,264,44,52,52.0,9,pertrace_unsupervised_movement_signal,pertrace_tau52_embed9
monkeyT_session-y070412010-15_lfp-8,T,y070412010-15,8,pre_go,delay,torus_geometry_15,ok,0.793233082706767,0.7913903979695143,2,266,133,52,52.0,9,pertrace_unsupervised_movement_signal,pertrace_tau52_embed9
monkeyT_session-y070412010-15_lfp-8,T,y070412010-15,8,pre_go,condition,torus_geometry_15,ok,0.14285714285714285,0.12905819151648423,12,252,21,52,52.0,9,pertrace_unsupervised_movement_signal,pertrace_tau52_embed9
monkeyT_session-y070412010-15_lfp-8,T,y070412010-15,8,peri_go,direction,torus_geometry_15,ok,0.16287878787878787,0.15837335498423716,6,264,44,52,52.0,9,pertrace_unsupervised_movement_signal,pertrace_tau52_embed9
monkeyT_session-y070412010-15_lfp-8,T,y070412010-15,8,peri_go,delay,torus_geometry_15,ok,0.5864661654135338,0.5864427860696517,2,266,133,52,52.0,9,pertrace_unsupervised_movement_signal,pertrace_tau52_embed9
monkeyT_session-y070412010-15_lfp-8,T,y070412010-15,8,peri_go,condition,torus_geometry_15,ok,0.12301587301587301,0.11606355648433118,12,252,21,52,52.0,9,pertrace_unsupervised_movement_signal,pertrace_tau52_embed9
monkeyT_session-y070412010-15_lfp-8,T,y070412010-15,8,movement,direction,torus_geometry_15,ok,0.23106060606060605,0.22506326853157196,6,264,44,52,52.0,9,pertrace_unsupervised_movement_signal,pertrace_tau52_embed9
monkeyT_session-y070412010-15_lfp-8,T,y070412010-15,8,movement,delay,torus_geometry_15,ok,0.48872180451127817,0.48869289914066033,2,266,133,52,52.0,9,pertrace_unsupervised_movement_signal,pertrace_tau52_embed9
monkeyT_session-y070412010-15_lfp-8,T,y070412010-15,8,movement,condition,torus_geometry_15,ok,0.10714285714285714,0.09671801557766468,12,252,21,52,52.0,9,pertrace_unsupervised_movement_signal,pertrace_tau52_embed9
monkeyT_session-y070412010-15_lfp-8,T,y070412010-15,8,post_go,direction,torus_geometry_15,ok,0.20833333333333334,0.20316896831434747,6,264,44,52,52.0,9,pertrace_unsupervised_movement_signal,pertrace_tau52_embed9
monkeyT_session-y070412010-15_lfp-8,T,y070412010-15,8,post_go,delay,torus_geometry_15,ok,0.518796992481203,0.5187697874265038,2,266,133,52,52.0,9,pertrace_unsupervised_movement_signal,pertrace_tau52_embed9
monkeyT_session-y070412010-15_lfp-8,T,y070412010-15,8,post_go,condition,torus_geometry_15,ok,0.0873015873015873,0.08221005946883457,12,252,21,52,52.0,9,pertrace_unsupervised_movement_signal,pertrace_tau52_embed9
monkeyT_session-y070412017-19_lfp-5,T,y070412017-19,5,pre_go,direction,torus_geometry_15,ok,0.5568181818181818,0.5567609453700116,2,88,44,24,24.0,9,pertrace_unsupervised_movement_signal,pertrace_tau24_embed9
monkeyT_session-y070412017-19_lfp-5,T,y070412017-19,5,pre_go,delay,torus_geometry_15,ok,0.8333333333333334,0.8316498316498316,2,90,45,24,24.0,9,pertrace_unsupervised_movement_signal,pertrace_tau24_embed9
monkeyT_session-y070412017-19_lfp-5,T,y070412017-19,5,pre_go,condition,torus_geometry_15,ok,0.3522727272727273,0.36311428195253614,4,88,22,24,24.0,9,pertrace_unsupervised_movement_signal,pertrace_tau24_embed9
monkeyT_session-y070412017-19_lfp-5,T,y070412017-19,5,peri_go,direction,torus_geometry_15,ok,0.5795454545454546,0.5794911532997546,2,88,44,24,24.0,9,pertrace_unsupervised_movement_signal,pertrace_tau24_embed9
monkeyT_session-y070412017-19_lfp-5,T,y070412017-19,5,peri_go,delay,torus_geometry_15,ok,0.6333333333333333,0.6311017264936033,2,90,45,24,24.0,9,pertrace_unsupervised_movement_signal,pertrace_tau24_embed9
monkeyT_session-y070412017-19_lfp-5,T,y070412017-19,5,peri_go,condition,torus_geometry_15,ok,0.3181818181818182,0.31200940216715084,4,88,22,24,24.0,9,pertrace_unsupervised_movement_signal,pertrace_tau24_embed9
monkeyT_session-y070412017-19_lfp-5,T,y070412017-19,5,movement,direction,torus_geometry_15,ok,0.48863636363636365,0.48804137039431156,2,88,44,24,24.0,9,pertrace_unsupervised_movement_signal,pertrace_tau24_embed9
monkeyT_session-y070412017-19_lfp-5,T,y070412017-19,5,movement,delay,torus_geometry_15,ok,0.6,0.6,2,90,45,24,24.0,9,pertrace_unsupervised_movement_signal,pertrace_tau24_embed9
monkeyT_session-y070412017-19_lfp-5,T,y070412017-19,5,movement,condition,torus_geometry_15,ok,0.29545454545454547,0.28976177486815785,4,88,22,24,24.0,9,pertrace_unsupervised_movement_signal,pertrace_tau24_embed9
monkeyT_session-y070412017-19_lfp-5,T,y070412017-19,5,post_go,direction,torus_geometry_15,ok,0.48863636363636365,0.48804137039431156,2,88,44,24,24.0,9,pertrace_unsupervised_movement_signal,pertrace_tau24_embed9
monkeyT_session-y070412017-19_lfp-5,T,y070412017-19,5,post_go,delay,torus_geometry_15,ok,0.6666666666666666,0.6640119462419114,2,90,45,24,24.0,9,pertrace_unsupervised_movement_signal,pertrace_tau24_embed9
monkeyT_session-y070412017-19_lfp-5,T,y070412017-19,5,post_go,condition,torus_geometry_15,ok,0.32954545454545453,0.3186238406983088,4,88,22,24,24.0,9,pertrace_unsupervised_movement_signal,pertrace_tau24_embed9
monkeyT_session-y070412017-19_lfp-6,T,y070412017-19,6,pre_go,direction,torus_geometry_15,ok,0.45454545454545453,0.45,2,88,44,46,46.0,9,pertrace_unsupervised_movement_signal,pertrace_tau46_embed9
monkeyT_session-y070412017-19_lfp-6,T,y070412017-19,6,pre_go,delay,torus_geometry_15,ok,0.8333333333333334,0.8328173374613003,2,90,45,46,46.0,9,pertrace_unsupervised_movement_signal,pertrace_tau46_embed9
monkeyT_session-y070412017-19_lfp-6,T,y070412017-19,6,pre_go,condition,torus_geometry_15,ok,0.3181818181818182,0.31602443609022557,4,88,22,46,46.0,9,pertrace_unsupervised_movement_signal,pertrace_tau46_embed9
monkeyT_session-y070412017-19_lfp-6,T,y070412017-19,6,peri_go,direction,torus_geometry_15,ok,0.5795454545454546,0.5794911532997546,2,88,44,46,46.0,9,pertrace_unsupervised_movement_signal,pertrace_tau46_embed9
monkeyT_session-y070412017-19_lfp-6,T,y070412017-19,6,peri_go,delay,torus_geometry_15,ok,0.6,0.595,2,90,45,46,46.0,9,pertrace_unsupervised_movement_signal,pertrace_tau46_embed9
monkeyT_session-y070412017-19_lfp-6,T,y070412017-19,6,peri_go,condition,torus_geometry_15,ok,0.3522727272727273,0.34992967308805467,4,88,22,46,46.0,9,pertrace_unsupervised_movement_signal,pertrace_tau46_embed9
monkeyT_session-y070412017-19_lfp-6,T,y070412017-19,6,movement,direction,torus_geometry_15,ok,0.5340909090909091,0.5340307374402686,2,88,44,46,46.0,9,pertrace_unsupervised_movement_signal,pertrace_tau46_embed9
monkeyT_session-y070412017-19_lfp-6,T,y070412017-19,6,movement,delay,torus_geometry_15,ok,0.5888888888888889,0.5888381281639709,2,90,45,46,46.0,9,pertrace_unsupervised_movement_signal,pertrace_tau46_embed9
monkeyT_session-y070412017-19_lfp-6,T,y070412017-19,6,movement,condition,torus_geometry_15,ok,0.26136363636363635,0.2565765629719118,4,88,22,46,46.0,9,pertrace_unsupervised_movement_signal,pertrace_tau46_embed9
monkeyT_session-y070412017-19_lfp-6,T,y070412017-19,6,post_go,direction,torus_geometry_15,ok,0.5568181818181818,0.5553828216090168,2,88,44,46,46.0,9,pertrace_unsupervised_movement_signal,pertrace_tau46_embed9
monkeyT_session-y070412017-19_lfp-6,T,y070412017-19,6,post_go,delay,torus_geometry_15,ok,0.5666666666666667,0.5640293131288039,2,90,45,46,46.0,9,pertrace_unsupervised_movement_signal,pertrace_tau46_embed9
monkeyT_session-y070412017-19_lfp-6,T,y070412017-19,6,post_go,condition,torus_geometry_15,ok,0.29545454545454547,0.2892207289419833,4,88,22,46,46.0,9,pertrace_unsupervised_movement_signal,pertrace_tau46_embed9
monkeyT_session-y070412017-19_lfp-7,T,y070412017-19,7,pre_go,direction,torus_geometry_15,ok,0.5227272727272727,0.51875,2,88,44,30,30.0,9,pertrace_unsupervised_movement_signal,pertrace_tau30_embed9
monkeyT_session-y070412017-19_lfp-7,T,y070412017-19,7,pre_go,delay,torus_geometry_15,ok,0.7333333333333333,0.7312095569935291,2,90,45,30,30.0,9,pertrace_unsupervised_movement_signal,pertrace_tau30_embed9
monkeyT_session-y070412017-19_lfp-7,T,y070412017-19,7,pre_go,condition,torus_geometry_15,ok,0.4090909090909091,0.4089767237593324,4,88,22,30,30.0,9,pertrace_unsupervised_movement_signal,pertrace_tau30_embed9
monkeyT_session-y070412017-19_lfp-7,T,y070412017-19,7,peri_go,direction,torus_geometry_15,ok,0.5227272727272727,0.5227272727272727,2,88,44,30,30.0,9,pertrace_unsupervised_movement_signal,pertrace_tau30_embed9
monkeyT_session-y070412017-19_lfp-7,T,y070412017-19,7,peri_go,delay,torus_geometry_15,ok,0.5555555555555556,0.5535714285714286,2,90,45,30,30.0,9,pertrace_unsupervised_movement_signal,pertrace_tau30_embed9
monkeyT_session-y070412017-19_lfp-7,T,y070412017-19,7,peri_go,condition,torus_geometry_15,ok,0.2727272727272727,0.2513808256732785,4,88,22,30,30.0,9,pertrace_unsupervised_movement_signal,pertrace_tau30_embed9
monkeyT_session-y070412017-19_lfp-7,T,y070412017-19,7,movement,direction,torus_geometry_15,ok,0.5681818181818182,0.5672877846790891,2,88,44,30,30.0,9,pertrace_unsupervised_movement_signal,pertrace_tau30_embed9
monkeyT_session-y070412017-19_lfp-7,T,y070412017-19,7,movement,delay,torus_geometry_15,ok,0.5333333333333333,0.533102766798419,2,90,45,30,30.0,9,pertrace_unsupervised_movement_signal,pertrace_tau30_embed9
monkeyT_session-y070412017-19_lfp-7,T,y070412017-19,7,movement,condition,torus_geometry_15,ok,0.23863636363636365,0.23301078119476848,4,88,22,30,30.0,9,pertrace_unsupervised_movement_signal,pertrace_tau30_embed9
monkeyT_session-y070412017-19_lfp-7,T,y070412017-19,7,post_go,direction,torus_geometry_15,ok,0.6022727272727273,0.6018099547511313,2,88,44,30,30.0,9,pertrace_unsupervised_movement_signal,pertrace_tau30_embed9
monkeyT_session-y070412017-19_lfp-7,T,y070412017-19,7,post_go,delay,torus_geometry_15,ok,0.4,0.3973214285714286,2,90,45,30,30.0,9,pertrace_unsupervised_movement_signal,pertrace_tau30_embed9
monkeyT_session-y070412017-19_lfp-7,T,y070412017-19,7,post_go,condition,torus_geometry_15,ok,0.23863636363636365,0.24429279915231433,4,88,22,30,30.0,9,pertrace_unsupervised_movement_signal,pertrace_tau30_embed9
monkeyT_session-y070412017-19_lfp-8,T,y070412017-19,8,pre_go,direction,torus_geometry_15,ok,0.4431818181818182,0.4425339366515837,2,88,44,34,34.0,9,pertrace_unsupervised_movement_signal,pertrace_tau34_embed9
monkeyT_session-y070412017-19_lfp-8,T,y070412017-19,8,pre_go,delay,torus_geometry_15,ok,0.7444444444444445,0.7436532507739938,2,90,45,34,34.0,9,pertrace_unsupervised_movement_signal,pertrace_tau34_embed9
monkeyT_session-y070412017-19_lfp-8,T,y070412017-19,8,pre_go,condition,torus_geometry_15,ok,0.2840909090909091,0.2786254490451881,4,88,22,34,34.0,9,pertrace_unsupervised_movement_signal,pertrace_tau34_embed9
monkeyT_session-y070412017-19_lfp-8,T,y070412017-19,8,peri_go,direction,torus_geometry_15,ok,0.5681818181818182,0.5681818181818182,2,88,44,34,34.0,9,pertrace_unsupervised_movement_signal,pertrace_tau34_embed9
monkeyT_session-y070412017-19_lfp-8,T,y070412017-19,8,peri_go,delay,torus_geometry_15,ok,0.5888888888888889,0.5884315906562847,2,90,45,34,34.0,9,pertrace_unsupervised_movement_signal,pertrace_tau34_embed9
monkeyT_session-y070412017-19_lfp-8,T,y070412017-19,8,peri_go,condition,torus_geometry_15,ok,0.3522727272727273,0.34920687522092614,4,88,22,34,34.0,9,pertrace_unsupervised_movement_signal,pertrace_tau34_embed9
monkeyT_session-y070412017-19_lfp-8,T,y070412017-19,8,movement,direction,torus_geometry_15,ok,0.4318181818181818,0.4315245478036176,2,88,44,34,34.0,9,pertrace_unsupervised_movement_signal,pertrace_tau34_embed9
monkeyT_session-y070412017-19_lfp-8,T,y070412017-19,8,movement,delay,torus_geometry_15,ok,0.5444444444444444,0.5430340557275541,2,90,45,34,34.0,9,pertrace_unsupervised_movement_signal,pertrace_tau34_embed9
monkeyT_session-y070412017-19_lfp-8,T,y070412017-19,8,movement,condition,torus_geometry_15,ok,0.25,0.24924258596784038,4,88,22,34,34.0,9,pertrace_unsupervised_movement_signal,pertrace_tau34_embed9
monkeyT_session-y070412017-19_lfp-8,T,y070412017-19,8,post_go,direction,torus_geometry_15,ok,0.4659090909090909,0.46528765352294765,2,88,44,34,34.0,9,pertrace_unsupervised_movement_signal,pertrace_tau34_embed9
monkeyT_session-y070412017-19_lfp-8,T,y070412017-19,8,post_go,delay,torus_geometry_15,ok,0.6,0.595,2,90,45,34,34.0,9,pertrace_unsupervised_movement_signal,pertrace_tau34_embed9
monkeyT_session-y070412017-19_lfp-8,T,y070412017-19,8,post_go,condition,torus_geometry_15,ok,0.22727272727272727,0.21170265207532288,4,88,22,34,34.0,9,pertrace_unsupervised_movement_signal,pertrace_tau34_embed9
monkeyT_session-y070413002-8_lfp-6,T,y070413002-8,6,pre_go,direction,torus_geometry_15,ok,0.23958333333333334,0.23924412377942494,6,288,48,14,14.0,9,pertrace_unsupervised_movement_signal,pertrace_tau14_embed9
monkeyT_session-y070413002-8_lfp-6,T,y070413002-8,6,pre_go,delay,torus_geometry_15,ok,0.85,0.8497980618386942,2,300,150,14,14.0,9,pertrace_unsupervised_movement_signal,pertrace_tau14_embed9
monkeyT_session-y070413002-8_lfp-6,T,y070413002-8,6,pre_go,condition,torus_geometry_15,ok,0.17803030303030304,0.1677491622613574,12,264,22,14,14.0,9,pertrace_unsupervised_movement_signal,pertrace_tau14_embed9
monkeyT_session-y070413002-8_lfp-6,T,y070413002-8,6,peri_go,direction,torus_geometry_15,ok,0.2222222222222222,0.21664318651603312,6,288,48,14,14.0,9,pertrace_unsupervised_movement_signal,pertrace_tau14_embed9
monkeyT_session-y070413002-8_lfp-6,T,y070413002-8,6,peri_go,delay,torus_geometry_15,ok,0.66,0.6596218020022246,2,300,150,14,14.0,9,pertrace_unsupervised_movement_signal,pertrace_tau14_embed9
monkeyT_session-y070413002-8_lfp-6,T,y070413002-8,6,peri_go,condition,torus_geometry_15,ok,0.10606060606060606,0.09384450249185211,12,264,22,14,14.0,9,pertrace_unsupervised_movement_signal,pertrace_tau14_embed9
monkeyT_session-y070413002-8_lfp-6,T,y070413002-8,6,movement,direction,torus_geometry_15,ok,0.16666666666666666,0.15424566026396688,6,288,48,14,14.0,9,pertrace_unsupervised_movement_signal,pertrace_tau14_embed9
monkeyT_session-y070413002-8_lfp-6,T,y070413002-8,6,movement,delay,torus_geometry_15,ok,0.55,0.5468531468531468,2,300,150,14,14.0,9,pertrace_unsupervised_movement_signal,pertrace_tau14_embed9
monkeyT_session-y070413002-8_lfp-6,T,y070413002-8,6,movement,condition,torus_geometry_15,ok,0.09090909090909091,0.0844822749661478,12,264,22,14,14.0,9,pertrace_unsupervised_movement_signal,pertrace_tau14_embed9
monkeyT_session-y070413002-8_lfp-6,T,y070413002-8,6,post_go,direction,torus_geometry_15,ok,0.1909722222222222,0.18142471703885943,6,288,48,14,14.0,9,pertrace_unsupervised_movement_signal,pertrace_tau14_embed9
monkeyT_session-y070413002-8_lfp-6,T,y070413002-8,6,post_go,delay,torus_geometry_15,ok,0.5833333333333334,0.5819910601821404,2,300,150,14,14.0,9,pertrace_unsupervised_movement_signal,pertrace_tau14_embed9
monkeyT_session-y070413002-8_lfp-6,T,y070413002-8,6,post_go,condition,torus_geometry_15,ok,0.14015151515151514,0.12475741288471708,12,264,22,14,14.0,9,pertrace_unsupervised_movement_signal,pertrace_tau14_embed9
monkeyT_session-y070413009-13_lfp-5,T,y070413009-13,5,pre_go,direction,torus_geometry_15,ok,0.15476190476190477,0.14623254049185372,6,252,42,7,7.0,5,pertrace_unsupervised_movement_signal,pertrace_tau7_embed5
monkeyT_session-y070413009-13_lfp-5,T,y070413009-13,5,pre_go,delay,torus_geometry_15,ok,0.75,0.7491110795050491,2,252,126,7,7.0,5,pertrace_unsupervised_movement_signal,pertrace_tau7_embed5
monkeyT_session-y070413009-13_lfp-5,T,y070413009-13,5,pre_go,condition,torus_geometry_15,ok,0.12698412698412698,0.12152014509382007,12,252,21,7,7.0,5,pertrace_unsupervised_movement_signal,pertrace_tau7_embed5
monkeyT_session-y070413009-13_lfp-5,T,y070413009-13,5,peri_go,direction,torus_geometry_15,ok,0.18253968253968253,0.17274344490659654,6,252,42,7,7.0,5,pertrace_unsupervised_movement_signal,pertrace_tau7_embed5
monkeyT_session-y070413009-13_lfp-5,T,y070413009-13,5,peri_go,delay,torus_geometry_15,ok,0.5873015873015873,0.5868852459016394,2,252,126,7,7.0,5,pertrace_unsupervised_movement_signal,pertrace_tau7_embed5
monkeyT_session-y070413009-13_lfp-5,T,y070413009-13,5,peri_go,condition,torus_geometry_15,ok,0.0873015873015873,0.07682441024266332,12,252,21,7,7.0,5,pertrace_unsupervised_movement_signal,pertrace_tau7_embed5
monkeyT_session-y070413009-13_lfp-5,T,y070413009-13,5,movement,direction,torus_geometry_15,ok,0.20634920634920634,0.1993751227845284,6,252,42,7,7.0,5,pertrace_unsupervised_movement_signal,pertrace_tau7_embed5
monkeyT_session-y070413009-13_lfp-5,T,y070413009-13,5,movement,delay,torus_geometry_15,ok,0.5158730158730159,0.5155984117980714,2,252,126,7,7.0,5,pertrace_unsupervised_movement_signal,pertrace_tau7_embed5
monkeyT_session-y070413009-13_lfp-5,T,y070413009-13,5,movement,condition,torus_geometry_15,ok,0.11507936507936507,0.10742098742697237,12,252,21,7,7.0,5,pertrace_unsupervised_movement_signal,pertrace_tau7_embed5
monkeyT_session-y070413009-13_lfp-5,T,y070413009-13,5,post_go,direction,torus_geometry_15,ok,0.17063492063492064,0.1611209314814433,6,252,42,7,7.0,5,pertrace_unsupervised_movement_signal,pertrace_tau7_embed5
monkeyT_session-y070413009-13_lfp-5,T,y070413009-13,5,post_go,delay,torus_geometry_15,ok,0.5714285714285714,0.566817342586108,2,252,126,7,7.0,5,pertrace_unsupervised_movement_signal,pertrace_tau7_embed5
monkeyT_session-y070413009-13_lfp-5,T,y070413009-13,5,post_go,condition,torus_geometry_15,ok,0.0873015873015873,0.08454273855344467,12,252,21,7,7.0,5,pertrace_unsupervised_movement_signal,pertrace_tau7_embed5
monkeyT_session-y070413009-13_lfp-6,T,y070413009-13,6,pre_go,direction,torus_geometry_15,ok,0.20238095238095238,0.197567572546387,6,252,42,14,14.0,9,pertrace_unsupervised_movement_signal,pertrace_tau14_embed9
monkeyT_session-y070413009-13_lfp-6,T,y070413009-13,6,pre_go,delay,torus_geometry_15,ok,0.8015873015873016,0.8007842145206172,2,252,126,14,14.0,9,pertrace_unsupervised_movement_signal,pertrace_tau14_embed9
monkeyT_session-y070413009-13_lfp-6,T,y070413009-13,6,pre_go,condition,torus_geometry_15,ok,0.11904761904761904,0.11140940004425065,12,252,21,14,14.0,9,pertrace_unsupervised_movement_signal,pertrace_tau14_embed9
monkeyT_session-y070413009-13_lfp-6,T,y070413009-13,6,peri_go,direction,torus_geometry_15,ok,0.1865079365079365,0.18042517910938963,6,252,42,14,14.0,9,pertrace_unsupervised_movement_signal,pertrace_tau14_embed9
monkeyT_session-y070413009-13_lfp-6,T,y070413009-13,6,peri_go,delay,torus_geometry_15,ok,0.626984126984127,0.626890120967742,2,252,126,14,14.0,9,pertrace_unsupervised_movement_signal,pertrace_tau14_embed9
monkeyT_session-y070413009-13_lfp-6,T,y070413009-13,6,peri_go,condition,torus_geometry_15,ok,0.10714285714285714,0.0936045648696518,12,252,21,14,14.0,9,pertrace_unsupervised_movement_signal,pertrace_tau14_embed9
monkeyT_session-y070413009-13_lfp-6,T,y070413009-13,6,movement,direction,torus_geometry_15,ok,0.17857142857142858,0.17831926868654513,6,252,42,14,14.0,9,pertrace_unsupervised_movement_signal,pertrace_tau14_embed9
monkeyT_session-y070413009-13_lfp-6,T,y070413009-13,6,movement,delay,torus_geometry_15,ok,0.5952380952380952,0.5948297604035309,2,252,126,14,14.0,9,pertrace_unsupervised_movement_signal,pertrace_tau14_embed9
monkeyT_session-y070413009-13_lfp-6,T,y070413009-13,6,movement,condition,torus_geometry_15,ok,0.12698412698412698,0.11150667774156296,12,252,21,14,14.0,9,pertrace_unsupervised_movement_signal,pertrace_tau14_embed9
monkeyT_session-y070413009-13_lfp-6,T,y070413009-13,6,post_go,direction,torus_geometry_15,ok,0.1111111111111111,0.10150052861717497,6,252,42,14,14.0,9,pertrace_unsupervised_movement_signal,pertrace_tau14_embed9
monkeyT_session-y070413009-13_lfp-6,T,y070413009-13,6,post_go,delay,torus_geometry_15,ok,0.5753968253968254,0.5734556671676027,2,252,126,14,14.0,9,pertrace_unsupervised_movement_signal,pertrace_tau14_embed9
monkeyT_session-y070413009-13_lfp-6,T,y070413009-13,6,post_go,condition,torus_geometry_15,ok,0.12698412698412698,0.1084096173971086,12,252,21,14,14.0,9,pertrace_unsupervised_movement_signal,pertrace_tau14_embed9
monkeyT_session-y070413009-13_lfp-7,T,y070413009-13,7,pre_go,direction,torus_geometry_15,ok,0.12301587301587301,0.11997211576270383,6,252,42,7,7.0,9,pertrace_unsupervised_movement_signal,pertrace_tau7_embed9
monkeyT_session-y070413009-13_lfp-7,T,y070413009-13,7,pre_go,delay,torus_geometry_15,ok,0.7341269841269841,0.7331816242355285,2,252,126,7,7.0,9,pertrace_unsupervised_movement_signal,pertrace_tau7_embed9
monkeyT_session-y070413009-13_lfp-7,T,y070413009-13,7,pre_go,condition,torus_geometry_15,ok,0.09126984126984126,0.0815212675620797,12,252,21,7,7.0,9,pertrace_unsupervised_movement_signal,pertrace_tau7_embed9
monkeyT_session-y070413009-13_lfp-7,T,y070413009-13,7,peri_go,direction,torus_geometry_15,ok,0.20238095238095238,0.20187431321866042,6,252,42,7,7.0,9,pertrace_unsupervised_movement_signal,pertrace_tau7_embed9
monkeyT_session-y070413009-13_lfp-7,T,y070413009-13,7,peri_go,delay,torus_geometry_15,ok,0.5119047619047619,0.5115278543849973,2,252,126,7,7.0,9,pertrace_unsupervised_movement_signal,pertrace_tau7_embed9
monkeyT_session-y070413009-13_lfp-7,T,y070413009-13,7,peri_go,condition,torus_geometry_15,ok,0.12698412698412698,0.11934942322326636,12,252,21,7,7.0,9,pertrace_unsupervised_movement_signal,pertrace_tau7_embed9
monkeyT_session-y070413009-13_lfp-7,T,y070413009-13,7,movement,direction,torus_geometry_15,ok,0.17857142857142858,0.1737502792994784,6,252,42,7,7.0,9,pertrace_unsupervised_movement_signal,pertrace_tau7_embed9
monkeyT_session-y070413009-13_lfp-7,T,y070413009-13,7,movement,delay,torus_geometry_15,ok,0.5158730158730159,0.5157510080645161,2,252,126,7,7.0,9,pertrace_unsupervised_movement_signal,pertrace_tau7_embed9
monkeyT_session-y070413009-13_lfp-7,T,y070413009-13,7,movement,condition,torus_geometry_15,ok,0.12698412698412698,0.11945440342195968,12,252,21,7,7.0,9,pertrace_unsupervised_movement_signal,pertrace_tau7_embed9
monkeyT_session-y070413009-13_lfp-7,T,y070413009-13,7,post_go,direction,torus_geometry_15,ok,0.19047619047619047,0.1856573666796293,6,252,42,7,7.0,9,pertrace_unsupervised_movement_signal,pertrace_tau7_embed9
monkeyT_session-y070413009-13_lfp-7,T,y070413009-13,7,post_go,delay,torus_geometry_15,ok,0.503968253968254,0.503334752376898,2,252,126,7,7.0,9,pertrace_unsupervised_movement_signal,pertrace_tau7_embed9
monkeyT_session-y070413009-13_lfp-7,T,y070413009-13,7,post_go,condition,torus_geometry_15,ok,0.11507936507936507,0.10683961158328958,12,252,21,7,7.0,9,pertrace_unsupervised_movement_signal,pertrace_tau7_embed9
monkeyT_session-y070413009-13_lfp-8,T,y070413009-13,8,pre_go,direction,torus_geometry_15,ok,0.10714285714285714,0.10419338747884281,6,252,42,7,7.0,9,pertrace_unsupervised_movement_signal,pertrace_tau7_embed9
monkeyT_session-y070413009-13_lfp-8,T,y070413009-13,8,pre_go,delay,torus_geometry_15,ok,0.876984126984127,0.8765467216612146,2,252,126,7,7.0,9,pertrace_unsupervised_movement_signal,pertrace_tau7_embed9
monkeyT_session-y070413009-13_lfp-8,T,y070413009-13,8,pre_go,condition,torus_geometry_15,ok,0.10714285714285714,0.09653928377836567,12,252,21,7,7.0,9,pertrace_unsupervised_movement_signal,pertrace_tau7_embed9
monkeyT_session-y070413009-13_lfp-8,T,y070413009-13,8,peri_go,direction,torus_geometry_15,ok,0.21825396825396826,0.21397528598615556,6,252,42,7,7.0,9,pertrace_unsupervised_movement_signal,pertrace_tau7_embed9
monkeyT_session-y070413009-13_lfp-8,T,y070413009-13,8,peri_go,delay,torus_geometry_15,ok,0.5555555555555556,0.5545454545454546,2,252,126,7,7.0,9,pertrace_unsupervised_movement_signal,pertrace_tau7_embed9
monkeyT_session-y070413009-13_lfp-8,T,y070413009-13,8,peri_go,condition,torus_geometry_15,ok,0.12301587301587301,0.10858613116061357,12,252,21,7,7.0,9,pertrace_unsupervised_movement_signal,pertrace_tau7_embed9
monkeyT_session-y070413009-13_lfp-8,T,y070413009-13,8,movement,direction,torus_geometry_15,ok,0.20634920634920634,0.20391157129990423,6,252,42,7,7.0,9,pertrace_unsupervised_movement_signal,pertrace_tau7_embed9
monkeyT_session-y070413009-13_lfp-8,T,y070413009-13,8,movement,delay,torus_geometry_15,ok,0.5396825396825397,0.5396535433070866,2,252,126,7,7.0,9,pertrace_unsupervised_movement_signal,pertrace_tau7_embed9
monkeyT_session-y070413009-13_lfp-8,T,y070413009-13,8,movement,condition,torus_geometry_15,ok,0.13095238095238096,0.12055142880762344,12,252,21,7,7.0,9,pertrace_unsupervised_movement_signal,pertrace_tau7_embed9
monkeyT_session-y070413009-13_lfp-8,T,y070413009-13,8,post_go,direction,torus_geometry_15,ok,0.20634920634920634,0.20225051715321804,6,252,42,7,7.0,9,pertrace_unsupervised_movement_signal,pertrace_tau7_embed9
monkeyT_session-y070413009-13_lfp-8,T,y070413009-13,8,post_go,delay,torus_geometry_15,ok,0.5317460317460317,0.5293447293447293,2,252,126,7,7.0,9,pertrace_unsupervised_movement_signal,pertrace_tau7_embed9
monkeyT_session-y070413009-13_lfp-8,T,y070413009-13,8,post_go,condition,torus_geometry_15,ok,0.10714285714285714,0.0986744100440909,12,252,21,7,7.0,9,pertrace_unsupervised_movement_signal,pertrace_tau7_embed9
monkeyT_session-y070416003-7_lfp-5,T,y070416003-7,5,pre_go,direction,torus_geometry_15,ok,0.17063492063492064,0.16246294350871401,6,252,42,14,14.0,3,pertrace_unsupervised_movement_signal,pertrace_tau14_embed3
monkeyT_session-y070416003-7_lfp-5,T,y070416003-7,5,pre_go,delay,torus_geometry_15,ok,0.5196850393700787,0.5195658914728682,2,254,127,14,14.0,3,pertrace_unsupervised_movement_signal,pertrace_tau14_embed3
monkeyT_session-y070416003-7_lfp-5,T,y070416003-7,5,pre_go,condition,torus_geometry_15,ok,0.10317460317460317,0.10081008159743933,12,252,21,14,14.0,3,pertrace_unsupervised_movement_signal,pertrace_tau14_embed3
monkeyT_session-y070416003-7_lfp-5,T,y070416003-7,5,peri_go,direction,torus_geometry_15,ok,0.2261904761904762,0.2181326442414084,6,252,42,14,14.0,3,pertrace_unsupervised_movement_signal,pertrace_tau14_embed3
monkeyT_session-y070416003-7_lfp-5,T,y070416003-7,5,peri_go,delay,torus_geometry_15,ok,0.4921259842519685,0.49205512580030075,2,254,127,14,14.0,3,pertrace_unsupervised_movement_signal,pertrace_tau14_embed3
monkeyT_session-y070416003-7_lfp-5,T,y070416003-7,5,peri_go,condition,torus_geometry_15,ok,0.0873015873015873,0.08134799682700654,12,252,21,14,14.0,3,pertrace_unsupervised_movement_signal,pertrace_tau14_embed3
monkeyT_session-y070416003-7_lfp-5,T,y070416003-7,5,movement,direction,torus_geometry_15,ok,0.18253968253968253,0.17826787994891444,6,252,42,14,14.0,3,pertrace_unsupervised_movement_signal,pertrace_tau14_embed3
monkeyT_session-y070416003-7_lfp-5,T,y070416003-7,5,movement,delay,torus_geometry_15,ok,0.5354330708661418,0.5354330708661418,2,254,127,14,14.0,3,pertrace_unsupervised_movement_signal,pertrace_tau14_embed3
monkeyT_session-y070416003-7_lfp-5,T,y070416003-7,5,movement,condition,torus_geometry_15,ok,0.10317460317460317,0.0972610458324744,12,252,21,14,14.0,3,pertrace_unsupervised_movement_signal,pertrace_tau14_embed3
monkeyT_session-y070416003-7_lfp-5,T,y070416003-7,5,post_go,direction,torus_geometry_15,ok,0.2222222222222222,0.21747660058753523,6,252,42,14,14.0,3,pertrace_unsupervised_movement_signal,pertrace_tau14_embed3
monkeyT_session-y070416003-7_lfp-5,T,y070416003-7,5,post_go,delay,torus_geometry_15,ok,0.5039370078740157,0.5034444237572147,2,254,127,14,14.0,3,pertrace_unsupervised_movement_signal,pertrace_tau14_embed3
monkeyT_session-y070416003-7_lfp-5,T,y070416003-7,5,post_go,condition,torus_geometry_15,ok,0.07142857142857142,0.06864771638671636,12,252,21,14,14.0,3,pertrace_unsupervised_movement_signal,pertrace_tau14_embed3
monkeyT_session-y070416003-7_lfp-6,T,y070416003-7,6,pre_go,direction,torus_geometry_15,ok,0.15873015873015872,0.15460228944960905,6,252,42,19,19.0,3,pertrace_unsupervised_movement_signal,pertrace_tau19_embed3
monkeyT_session-y070416003-7_lfp-6,T,y070416003-7,6,pre_go,delay,torus_geometry_15,ok,0.6062992125984252,0.6060794044665012,2,254,127,19,19.0,3,pertrace_unsupervised_movement_signal,pertrace_tau19_embed3
monkeyT_session-y070416003-7_lfp-6,T,y070416003-7,6,pre_go,condition,torus_geometry_15,ok,0.12698412698412698,0.11844430073736383,12,252,21,19,19.0,3,pertrace_unsupervised_movement_signal,pertrace_tau19_embed3
monkeyT_session-y070416003-7_lfp-6,T,y070416003-7,6,peri_go,direction,torus_geometry_15,ok,0.19444444444444445,0.1888739370077266,6,252,42,19,19.0,3,pertrace_unsupervised_movement_signal,pertrace_tau19_embed3
monkeyT_session-y070416003-7_lfp-6,T,y070416003-7,6,peri_go,delay,torus_geometry_15,ok,0.5708661417322834,0.5705399661842494,2,254,127,19,19.0,3,pertrace_unsupervised_movement_signal,pertrace_tau19_embed3
monkeyT_session-y070416003-7_lfp-6,T,y070416003-7,6,peri_go,condition,torus_geometry_15,ok,0.11507936507936507,0.11034763218287959,12,252,21,19,19.0,3,pertrace_unsupervised_movement_signal,pertrace_tau19_embed3
monkeyT_session-y070416003-7_lfp-6,T,y070416003-7,6,movement,direction,torus_geometry_15,ok,0.2261904761904762,0.22060597957341724,6,252,42,19,19.0,3,pertrace_unsupervised_movement_signal,pertrace_tau19_embed3
monkeyT_session-y070416003-7_lfp-6,T,y070416003-7,6,movement,delay,torus_geometry_15,ok,0.4763779527559055,0.47636983647213826,2,254,127,19,19.0,3,pertrace_unsupervised_movement_signal,pertrace_tau19_embed3
monkeyT_session-y070416003-7_lfp-6,T,y070416003-7,6,movement,condition,torus_geometry_15,ok,0.09523809523809523,0.09015567922970079,12,252,21,19,19.0,3,pertrace_unsupervised_movement_signal,pertrace_tau19_embed3
monkeyT_session-y070416003-7_lfp-6,T,y070416003-7,6,post_go,direction,torus_geometry_15,ok,0.1746031746031746,0.1687558232864158,6,252,42,19,19.0,3,pertrace_unsupervised_movement_signal,pertrace_tau19_embed3
monkeyT_session-y070416003-7_lfp-6,T,y070416003-7,6,post_go,delay,torus_geometry_15,ok,0.5393700787401575,0.5391915150951296,2,254,127,19,19.0,3,pertrace_unsupervised_movement_signal,pertrace_tau19_embed3
monkeyT_session-y070416003-7_lfp-6,T,y070416003-7,6,post_go,condition,torus_geometry_15,ok,0.09126984126984126,0.0872376233159637,12,252,21,19,19.0,3,pertrace_unsupervised_movement_signal,pertrace_tau19_embed3
monkeyT_session-y070416009-13_lfp-5,T,y070416009-13,5,pre_go,direction,torus_geometry_15,ok,0.23412698412698413,0.22102331573295717,6,252,42,19,19.0,3,pertrace_unsupervised_movement_signal,pertrace_tau19_embed3
monkeyT_session-y070416009-13_lfp-5,T,y070416009-13,5,pre_go,delay,torus_geometry_15,ok,0.6071428571428571,0.6066411238825031,2,252,126,19,19.0,3,pertrace_unsupervised_movement_signal,pertrace_tau19_embed3
monkeyT_session-y070416009-13_lfp-5,T,y070416009-13,5,pre_go,condition,torus_geometry_15,ok,0.10317460317460317,0.09741459736869773,12,252,21,19,19.0,3,pertrace_unsupervised_movement_signal,pertrace_tau19_embed3
monkeyT_session-y070416009-13_lfp-5,T,y070416009-13,5,peri_go,direction,torus_geometry_15,ok,0.21428571428571427,0.2099310114063968,6,252,42,19,19.0,3,pertrace_unsupervised_movement_signal,pertrace_tau19_embed3
monkeyT_session-y070416009-13_lfp-5,T,y070416009-13,5,peri_go,delay,torus_geometry_15,ok,0.5436507936507936,0.5404595404595405,2,252,126,19,19.0,3,pertrace_unsupervised_movement_signal,pertrace_tau19_embed3
monkeyT_session-y070416009-13_lfp-5,T,y070416009-13,5,peri_go,condition,torus_geometry_15,ok,0.1111111111111111,0.10994984285023678,12,252,21,19,19.0,3,pertrace_unsupervised_movement_signal,pertrace_tau19_embed3
monkeyT_session-y070416009-13_lfp-5,T,y070416009-13,5,movement,direction,torus_geometry_15,ok,0.1865079365079365,0.18496007679014217,6,252,42,19,19.0,3,pertrace_unsupervised_movement_signal,pertrace_tau19_embed3
monkeyT_session-y070416009-13_lfp-5,T,y070416009-13,5,movement,delay,torus_geometry_15,ok,0.4880952380952381,0.4871179969392424,2,252,126,19,19.0,3,pertrace_unsupervised_movement_signal,pertrace_tau19_embed3
monkeyT_session-y070416009-13_lfp-5,T,y070416009-13,5,movement,condition,torus_geometry_15,ok,0.1111111111111111,0.10743558954353917,12,252,21,19,19.0,3,pertrace_unsupervised_movement_signal,pertrace_tau19_embed3
monkeyT_session-y070416009-13_lfp-5,T,y070416009-13,5,post_go,direction,torus_geometry_15,ok,0.17857142857142858,0.1775697718961552,6,252,42,19,19.0,3,pertrace_unsupervised_movement_signal,pertrace_tau19_embed3
monkeyT_session-y070416009-13_lfp-5,T,y070416009-13,5,post_go,delay,torus_geometry_15,ok,0.4642857142857143,0.46407473337639216,2,252,126,19,19.0,3,pertrace_unsupervised_movement_signal,pertrace_tau19_embed3
monkeyT_session-y070416009-13_lfp-5,T,y070416009-13,5,post_go,condition,torus_geometry_15,ok,0.07539682539682539,0.07405608827945157,12,252,21,19,19.0,3,pertrace_unsupervised_movement_signal,pertrace_tau19_embed3
monkeyT_session-y070416009-13_lfp-6,T,y070416009-13,6,pre_go,direction,torus_geometry_15,ok,0.14285714285714285,0.13669620707664187,6,252,42,18,18.0,3,pertrace_unsupervised_movement_signal,pertrace_tau18_embed3
monkeyT_session-y070416009-13_lfp-6,T,y070416009-13,6,pre_go,delay,torus_geometry_15,ok,0.5317460317460317,0.5312736443883985,2,252,126,18,18.0,3,pertrace_unsupervised_movement_signal,pertrace_tau18_embed3
monkeyT_session-y070416009-13_lfp-6,T,y070416009-13,6,pre_go,condition,torus_geometry_15,ok,0.10714285714285714,0.10400737653312021,12,252,21,18,18.0,3,pertrace_unsupervised_movement_signal,pertrace_tau18_embed3
monkeyT_session-y070416009-13_lfp-6,T,y070416009-13,6,peri_go,direction,torus_geometry_15,ok,0.23412698412698413,0.22597196649277063,6,252,42,18,18.0,3,pertrace_unsupervised_movement_signal,pertrace_tau18_embed3
monkeyT_session-y070416009-13_lfp-6,T,y070416009-13,6,peri_go,delay,torus_geometry_15,ok,0.5833333333333334,0.582221520486303,2,252,126,18,18.0,3,pertrace_unsupervised_movement_signal,pertrace_tau18_embed3
monkeyT_session-y070416009-13_lfp-6,T,y070416009-13,6,peri_go,condition,torus_geometry_15,ok,0.1111111111111111,0.10433076219667319,12,252,21,18,18.0,3,pertrace_unsupervised_movement_signal,pertrace_tau18_embed3
monkeyT_session-y070416009-13_lfp-6,T,y070416009-13,6,movement,direction,torus_geometry_15,ok,0.17063492063492064,0.1691617908746643,6,252,42,18,18.0,3,pertrace_unsupervised_movement_signal,pertrace_tau18_embed3
monkeyT_session-y070416009-13_lfp-6,T,y070416009-13,6,movement,delay,torus_geometry_15,ok,0.4880952380952381,0.48789363411521924,2,252,126,18,18.0,3,pertrace_unsupervised_movement_signal,pertrace_tau18_embed3
monkeyT_session-y070416009-13_lfp-6,T,y070416009-13,6,movement,condition,torus_geometry_15,ok,0.10317460317460317,0.09575925536277763,12,252,21,18,18.0,3,pertrace_unsupervised_movement_signal,pertrace_tau18_embed3
monkeyT_session-y070416009-13_lfp-6,T,y070416009-13,6,post_go,direction,torus_geometry_15,ok,0.23015873015873015,0.22651833197877239,6,252,42,18,18.0,3,pertrace_unsupervised_movement_signal,pertrace_tau18_embed3
monkeyT_session-y070416009-13_lfp-6,T,y070416009-13,6,post_go,delay,torus_geometry_15,ok,0.5912698412698413,0.5901792058103734,2,252,126,18,18.0,3,pertrace_unsupervised_movement_signal,pertrace_tau18_embed3
monkeyT_session-y070416009-13_lfp-6,T,y070416009-13,6,post_go,condition,torus_geometry_15,ok,0.08333333333333333,0.07861037796957351,12,252,21,18,18.0,3,pertrace_unsupervised_movement_signal,pertrace_tau18_embed3
monkeyT_session-y070419002-5_lfp-5,T,y070419002-5,5,pre_go,direction,torus_geometry_15,ok,0.1865079365079365,0.18342396980820241,6,252,42,12,12.0,5,pertrace_unsupervised_movement_signal,pertrace_tau12_embed5
monkeyT_session-y070419002-5_lfp-5,T,y070419002-5,5,pre_go,delay,torus_geometry_15,ok,0.6706349206349206,0.6683316683316682,2,252,126,12,12.0,5,pertrace_unsupervised_movement_signal,pertrace_tau12_embed5
monkeyT_session-y070419002-5_lfp-5,T,y070419002-5,5,pre_go,condition,torus_geometry_15,ok,0.11507936507936507,0.1085219561976971,12,252,21,12,12.0,5,pertrace_unsupervised_movement_signal,pertrace_tau12_embed5
monkeyT_session-y070419002-5_lfp-5,T,y070419002-5,5,peri_go,direction,torus_geometry_15,ok,0.12301587301587301,0.11482654947820199,6,252,42,12,12.0,5,pertrace_unsupervised_movement_signal,pertrace_tau12_embed5
monkeyT_session-y070419002-5_lfp-5,T,y070419002-5,5,peri_go,delay,torus_geometry_15,ok,0.5317460317460317,0.5310075074127816,2,252,126,12,12.0,5,pertrace_unsupervised_movement_signal,pertrace_tau12_embed5
monkeyT_session-y070419002-5_lfp-5,T,y070419002-5,5,peri_go,condition,torus_geometry_15,ok,0.08333333333333333,0.0718484591934929,12,252,21,12,12.0,5,pertrace_unsupervised_movement_signal,pertrace_tau12_embed5
monkeyT_session-y070419002-5_lfp-5,T,y070419002-5,5,movement,direction,torus_geometry_15,ok,0.20238095238095238,0.17857621790024406,6,252,42,12,12.0,5,pertrace_unsupervised_movement_signal,pertrace_tau12_embed5
monkeyT_session-y070419002-5_lfp-5,T,y070419002-5,5,movement,delay,torus_geometry_15,ok,0.5793650793650794,0.5792590725806452,2,252,126,12,12.0,5,pertrace_unsupervised_movement_signal,pertrace_tau12_embed5
monkeyT_session-y070419002-5_lfp-5,T,y070419002-5,5,movement,condition,torus_geometry_15,ok,0.1111111111111111,0.100975678013848,12,252,21,12,12.0,5,pertrace_unsupervised_movement_signal,pertrace_tau12_embed5
monkeyT_session-y070419002-5_lfp-5,T,y070419002-5,5,post_go,direction,torus_geometry_15,ok,0.24206349206349206,0.22908757499625246,6,252,42,12,12.0,5,pertrace_unsupervised_movement_signal,pertrace_tau12_embed5
monkeyT_session-y070419002-5_lfp-5,T,y070419002-5,5,post_go,delay,torus_geometry_15,ok,0.5873015873015873,0.5863636363636364,2,252,126,12,12.0,5,pertrace_unsupervised_movement_signal,pertrace_tau12_embed5
monkeyT_session-y070419002-5_lfp-5,T,y070419002-5,5,post_go,condition,torus_geometry_15,ok,0.12698412698412698,0.11849413341339231,12,252,21,12,12.0,5,pertrace_unsupervised_movement_signal,pertrace_tau12_embed5
monkeyT_session-y070419002-5_lfp-7,T,y070419002-5,7,pre_go,direction,torus_geometry_15,ok,0.1984126984126984,0.18688318768571777,6,252,42,11,11.0,5,pertrace_unsupervised_movement_signal,pertrace_tau11_embed5
monkeyT_session-y070419002-5_lfp-7,T,y070419002-5,7,pre_go,delay,torus_geometry_15,ok,0.7380952380952381,0.7352772649137327,2,252,126,11,11.0,5,pertrace_unsupervised_movement_signal,pertrace_tau11_embed5
monkeyT_session-y070419002-5_lfp-7,T,y070419002-5,7,pre_go,condition,torus_geometry_15,ok,0.1349206349206349,0.12755195333116331,12,252,21,11,11.0,5,pertrace_unsupervised_movement_signal,pertrace_tau11_embed5
monkeyT_session-y070419002-5_lfp-7,T,y070419002-5,7,peri_go,direction,torus_geometry_15,ok,0.1626984126984127,0.1593776177979388,6,252,42,11,11.0,5,pertrace_unsupervised_movement_signal,pertrace_tau11_embed5
monkeyT_session-y070419002-5_lfp-7,T,y070419002-5,7,peri_go,delay,torus_geometry_15,ok,0.6111111111111112,0.6104977603936661,2,252,126,11,11.0,5,pertrace_unsupervised_movement_signal,pertrace_tau11_embed5
monkeyT_session-y070419002-5_lfp-7,T,y070419002-5,7,peri_go,condition,torus_geometry_15,ok,0.09126984126984126,0.08384688678825834,12,252,21,11,11.0,5,pertrace_unsupervised_movement_signal,pertrace_tau11_embed5
monkeyT_session-y070419002-5_lfp-7,T,y070419002-5,7,movement,direction,torus_geometry_15,ok,0.1626984126984127,0.15139611727059984,6,252,42,11,11.0,5,pertrace_unsupervised_movement_signal,pertrace_tau11_embed5
monkeyT_session-y070419002-5_lfp-7,T,y070419002-5,7,movement,delay,torus_geometry_15,ok,0.6031746031746031,0.6031496062992125,2,252,126,11,11.0,5,pertrace_unsupervised_movement_signal,pertrace_tau11_embed5
monkeyT_session-y070419002-5_lfp-7,T,y070419002-5,7,movement,condition,torus_geometry_15,ok,0.09126984126984126,0.08853133711612089,12,252,21,11,11.0,5,pertrace_unsupervised_movement_signal,pertrace_tau11_embed5
monkeyT_session-y070419002-5_lfp-7,T,y070419002-5,7,post_go,direction,torus_geometry_15,ok,0.21825396825396826,0.21122156092022645,6,252,42,11,11.0,5,pertrace_unsupervised_movement_signal,pertrace_tau11_embed5
monkeyT_session-y070419002-5_lfp-7,T,y070419002-5,7,post_go,delay,torus_geometry_15,ok,0.5238095238095238,0.5235394214407261,2,252,126,11,11.0,5,pertrace_unsupervised_movement_signal,pertrace_tau11_embed5
monkeyT_session-y070419002-5_lfp-7,T,y070419002-5,7,post_go,condition,torus_geometry_15,ok,0.12301587301587301,0.11305548180386478,12,252,21,11,11.0,5,pertrace_unsupervised_movement_signal,pertrace_tau11_embed5
monkeyT_session-y070419007-8_lfp-5,T,y070419007-8,5,pre_go,direction,torus_geometry_15,ok,0.6639344262295082,0.6639118457300275,2,122,61,12,12.0,5,pertrace_unsupervised_movement_signal,pertrace_tau12_embed5
monkeyT_session-y070419007-8_lfp-5,T,y070419007-8,5,pre_go,delay,torus_geometry_15,ok,0.8225806451612904,0.8209033613445378,2,124,62,12,12.0,5,pertrace_unsupervised_movement_signal,pertrace_tau12_embed5
monkeyT_session-y070419007-8_lfp-5,T,y070419007-8,5,pre_go,condition,torus_geometry_15,ok,0.55,0.5290901251792427,4,120,30,12,12.0,5,pertrace_unsupervised_movement_signal,pertrace_tau12_embed5
monkeyT_session-y070419007-8_lfp-5,T,y070419007-8,5,peri_go,direction,torus_geometry_15,ok,0.5901639344262295,0.5897228948076405,2,122,61,12,12.0,5,pertrace_unsupervised_movement_signal,pertrace_tau12_embed5
monkeyT_session-y070419007-8_lfp-5,T,y070419007-8,5,peri_go,delay,torus_geometry_15,ok,0.5080645161290323,0.5080325203252032,2,124,62,12,12.0,5,pertrace_unsupervised_movement_signal,pertrace_tau12_embed5
monkeyT_session-y070419007-8_lfp-5,T,y070419007-8,5,peri_go,condition,torus_geometry_15,ok,0.2916666666666667,0.28695890493623527,4,120,30,12,12.0,5,pertrace_unsupervised_movement_signal,pertrace_tau12_embed5
monkeyT_session-y070419007-8_lfp-5,T,y070419007-8,5,movement,direction,torus_geometry_15,ok,0.5819672131147541,0.5805864509605663,2,122,61,12,12.0,5,pertrace_unsupervised_movement_signal,pertrace_tau12_embed5
monkeyT_session-y070419007-8_lfp-5,T,y070419007-8,5,movement,delay,torus_geometry_15,ok,0.5806451612903226,0.5802083333333333,2,124,62,12,12.0,5,pertrace_unsupervised_movement_signal,pertrace_tau12_embed5
monkeyT_session-y070419007-8_lfp-5,T,y070419007-8,5,movement,condition,torus_geometry_15,ok,0.2833333333333333,0.28416276346604213,4,120,30,12,12.0,5,pertrace_unsupervised_movement_signal,pertrace_tau12_embed5
monkeyT_session-y070419007-8_lfp-5,T,y070419007-8,5,post_go,direction,torus_geometry_15,ok,0.5655737704918032,0.5653109243697478,2,122,61,12,12.0,5,pertrace_unsupervised_movement_signal,pertrace_tau12_embed5
monkeyT_session-y070419007-8_lfp-5,T,y070419007-8,5,post_go,delay,torus_geometry_15,ok,0.4274193548387097,0.4228777450016388,2,124,62,12,12.0,5,pertrace_unsupervised_movement_signal,pertrace_tau12_embed5
monkeyT_session-y070419007-8_lfp-5,T,y070419007-8,5,post_go,condition,torus_geometry_15,ok,0.23333333333333334,0.23499115826702033,4,120,30,12,12.0,5,pertrace_unsupervised_movement_signal,pertrace_tau12_embed5
monkeyT_session-y070419007-8_lfp-7,T,y070419007-8,7,pre_go,direction,torus_geometry_15,ok,0.5573770491803278,0.5572580645161291,2,122,61,12,12.0,5,pertrace_unsupervised_movement_signal,pertrace_tau12_embed5
monkeyT_session-y070419007-8_lfp-7,T,y070419007-8,7,pre_go,delay,torus_geometry_15,ok,0.8790322580645161,0.8783916312520431,2,124,62,12,12.0,5,pertrace_unsupervised_movement_signal,pertrace_tau12_embed5
monkeyT_session-y070419007-8_lfp-7,T,y070419007-8,7,pre_go,condition,torus_geometry_15,ok,0.4583333333333333,0.4533428226363009,4,120,30,12,12.0,5,pertrace_unsupervised_movement_signal,pertrace_tau12_embed5
monkeyT_session-y070419007-8_lfp-7,T,y070419007-8,7,peri_go,direction,torus_geometry_15,ok,0.5327868852459017,0.5327554928441847,2,122,61,12,12.0,5,pertrace_unsupervised_movement_signal,pertrace_tau12_embed5
monkeyT_session-y070419007-8_lfp-7,T,y070419007-8,7,peri_go,delay,torus_geometry_15,ok,0.5403225806451613,0.5402926829268293,2,124,62,12,12.0,5,pertrace_unsupervised_movement_signal,pertrace_tau12_embed5
monkeyT_session-y070419007-8_lfp-7,T,y070419007-8,7,peri_go,condition,torus_geometry_15,ok,0.30833333333333335,0.3044025583391357,4,120,30,12,12.0,5,pertrace_unsupervised_movement_signal,pertrace_tau12_embed5
monkeyT_session-y070419007-8_lfp-7,T,y070419007-8,7,movement,direction,torus_geometry_15,ok,0.5901639344262295,0.587391774891775,2,122,61,12,12.0,5,pertrace_unsupervised_movement_signal,pertrace_tau12_embed5
monkeyT_session-y070419007-8_lfp-7,T,y070419007-8,7,movement,delay,torus_geometry_15,ok,0.4596774193548387,0.4593609683087135,2,124,62,12,12.0,5,pertrace_unsupervised_movement_signal,pertrace_tau12_embed5
monkeyT_session-y070419007-8_lfp-7,T,y070419007-8,7,movement,condition,torus_geometry_15,ok,0.325,0.32758033769063183,4,120,30,12,12.0,5,pertrace_unsupervised_movement_signal,pertrace_tau12_embed5
monkeyT_session-y070419007-8_lfp-7,T,y070419007-8,7,post_go,direction,torus_geometry_15,ok,0.5983606557377049,0.5981176470588235,2,122,61,12,12.0,5,pertrace_unsupervised_movement_signal,pertrace_tau12_embed5
monkeyT_session-y070419007-8_lfp-7,T,y070419007-8,7,post_go,delay,torus_geometry_15,ok,0.5403225806451613,0.5400533610984577,2,124,62,12,12.0,5,pertrace_unsupervised_movement_signal,pertrace_tau12_embed5
monkeyT_session-y070419007-8_lfp-7,T,y070419007-8,7,post_go,condition,torus_geometry_15,ok,0.23333333333333334,0.23195874456537025,4,120,30,12,12.0,5,pertrace_unsupervised_movement_signal,pertrace_tau12_embed5
monkeyT_session-y070420002-5_lfp-5,T,y070420002-5,5,pre_go,direction,torus_geometry_15,ok,0.1865079365079365,0.18481232178809556,6,252,42,12,12.0,5,pertrace_unsupervised_movement_signal,pertrace_tau12_embed5
monkeyT_session-y070420002-5_lfp-5,T,y070420002-5,5,pre_go,delay,torus_geometry_15,ok,0.6666666666666666,0.6664862914862915,2,258,129,12,12.0,5,pertrace_unsupervised_movement_signal,pertrace_tau12_embed5
monkeyT_session-y070420002-5_lfp-5,T,y070420002-5,5,pre_go,condition,torus_geometry_15,ok,0.06349206349206349,0.0575575846449815,12,252,21,12,12.0,5,pertrace_unsupervised_movement_signal,pertrace_tau12_embed5
monkeyT_session-y070420002-5_lfp-5,T,y070420002-5,5,peri_go,direction,torus_geometry_15,ok,0.19047619047619047,0.17616549688088545,6,252,42,12,12.0,5,pertrace_unsupervised_movement_signal,pertrace_tau12_embed5
monkeyT_session-y070420002-5_lfp-5,T,y070420002-5,5,peri_go,delay,torus_geometry_15,ok,0.5116279069767442,0.5105691056910568,2,258,129,12,12.0,5,pertrace_unsupervised_movement_signal,pertrace_tau12_embed5
monkeyT_session-y070420002-5_lfp-5,T,y070420002-5,5,peri_go,condition,torus_geometry_15,ok,0.08333333333333333,0.07892473733973973,12,252,21,12,12.0,5,pertrace_unsupervised_movement_signal,pertrace_tau12_embed5
monkeyT_session-y070420002-5_lfp-5,T,y070420002-5,5,movement,direction,torus_geometry_15,ok,0.18253968253968253,0.17640303289870243,6,252,42,12,12.0,5,pertrace_unsupervised_movement_signal,pertrace_tau12_embed5
monkeyT_session-y070420002-5_lfp-5,T,y070420002-5,5,movement,delay,torus_geometry_15,ok,0.43410852713178294,0.43325710158883,2,258,129,12,12.0,5,pertrace_unsupervised_movement_signal,pertrace_tau12_embed5
monkeyT_session-y070420002-5_lfp-5,T,y070420002-5,5,movement,condition,torus_geometry_15,ok,0.07936507936507936,0.07413463940923894,12,252,21,12,12.0,5,pertrace_unsupervised_movement_signal,pertrace_tau12_embed5
monkeyT_session-y070420002-5_lfp-5,T,y070420002-5,5,post_go,direction,torus_geometry_15,ok,0.21825396825396826,0.21327487871605522,6,252,42,12,12.0,5,pertrace_unsupervised_movement_signal,pertrace_tau12_embed5
monkeyT_session-y070420002-5_lfp-5,T,y070420002-5,5,post_go,delay,torus_geometry_15,ok,0.5155038759689923,0.5153218413261396,2,258,129,12,12.0,5,pertrace_unsupervised_movement_signal,pertrace_tau12_embed5
monkeyT_session-y070420002-5_lfp-5,T,y070420002-5,5,post_go,condition,torus_geometry_15,ok,0.11507936507936507,0.10677112622717548,12,252,21,12,12.0,5,pertrace_unsupervised_movement_signal,pertrace_tau12_embed5
monkeyT_session-y070420002-5_lfp-8,T,y070420002-5,8,pre_go,direction,torus_geometry_15,ok,0.19047619047619047,0.18744136724273783,6,252,42,13,13.0,7,pertrace_unsupervised_movement_signal,pertrace_tau13_embed7
monkeyT_session-y070420002-5_lfp-8,T,y070420002-5,8,pre_go,delay,torus_geometry_15,ok,0.7790697674418605,0.7786674292250501,2,258,129,13,13.0,7,pertrace_unsupervised_movement_signal,pertrace_tau13_embed7
monkeyT_session-y070420002-5_lfp-8,T,y070420002-5,8,pre_go,condition,torus_geometry_15,ok,0.10714285714285714,0.10489050964660722,12,252,21,13,13.0,7,pertrace_unsupervised_movement_signal,pertrace_tau13_embed7
monkeyT_session-y070420002-5_lfp-8,T,y070420002-5,8,peri_go,direction,torus_geometry_15,ok,0.1865079365079365,0.17132461076031344,6,252,42,13,13.0,7,pertrace_unsupervised_movement_signal,pertrace_tau13_embed7
monkeyT_session-y070420002-5_lfp-8,T,y070420002-5,8,peri_go,delay,torus_geometry_15,ok,0.6085271317829457,0.6084741942754113,2,258,129,13,13.0,7,pertrace_unsupervised_movement_signal,pertrace_tau13_embed7
monkeyT_session-y070420002-5_lfp-8,T,y070420002-5,8,peri_go,condition,torus_geometry_15,ok,0.07936507936507936,0.06851609885146472,12,252,21,13,13.0,7,pertrace_unsupervised_movement_signal,pertrace_tau13_embed7
monkeyT_session-y070420002-5_lfp-8,T,y070420002-5,8,movement,direction,torus_geometry_15,ok,0.16666666666666666,0.16242796034065707,6,252,42,13,13.0,7,pertrace_unsupervised_movement_signal,pertrace_tau13_embed7
monkeyT_session-y070420002-5_lfp-8,T,y070420002-5,8,movement,delay,torus_geometry_15,ok,0.5232558139534884,0.5230766918649213,2,258,129,13,13.0,7,pertrace_unsupervised_movement_signal,pertrace_tau13_embed7
monkeyT_session-y070420002-5_lfp-8,T,y070420002-5,8,movement,condition,torus_geometry_15,ok,0.07936507936507936,0.0724340365917146,12,252,21,13,13.0,7,pertrace_unsupervised_movement_signal,pertrace_tau13_embed7
monkeyT_session-y070420002-5_lfp-8,T,y070420002-5,8,post_go,direction,torus_geometry_15,ok,0.21428571428571427,0.21321491607980728,6,252,42,13,13.0,7,pertrace_unsupervised_movement_signal,pertrace_tau13_embed7
monkeyT_session-y070420002-5_lfp-8,T,y070420002-5,8,post_go,delay,torus_geometry_15,ok,0.5193798449612403,0.5164742155855148,2,258,129,13,13.0,7,pertrace_unsupervised_movement_signal,pertrace_tau13_embed7
monkeyT_session-y070420002-5_lfp-8,T,y070420002-5,8,post_go,condition,torus_geometry_15,ok,0.0992063492063492,0.08721925783594332,12,252,21,13,13.0,7,pertrace_unsupervised_movement_signal,pertrace_tau13_embed7
monkeyT_session-y070420006-10_lfp-5,T,y070420006-10,5,pre_go,direction,torus_geometry_15,ok,0.1388888888888889,0.13513438200482783,6,252,42,12,12.0,5,pertrace_unsupervised_movement_signal,pertrace_tau12_embed5
monkeyT_session-y070420006-10_lfp-5,T,y070420006-10,5,pre_go,delay,torus_geometry_15,ok,0.5813953488372093,0.5809924812030075,2,258,129,12,12.0,5,pertrace_unsupervised_movement_signal,pertrace_tau12_embed5
monkeyT_session-y070420006-10_lfp-5,T,y070420006-10,5,pre_go,condition,torus_geometry_15,ok,0.11904761904761904,0.11661702083396562,12,252,21,12,12.0,5,pertrace_unsupervised_movement_signal,pertrace_tau12_embed5
monkeyT_session-y070420006-10_lfp-5,T,y070420006-10,5,peri_go,direction,torus_geometry_15,ok,0.19444444444444445,0.1856294544219668,6,252,42,12,12.0,5,pertrace_unsupervised_movement_signal,pertrace_tau12_embed5
monkeyT_session-y070420006-10_lfp-5,T,y070420006-10,5,peri_go,delay,torus_geometry_15,ok,0.5465116279069767,0.5463412434812667,2,258,129,12,12.0,5,pertrace_unsupervised_movement_signal,pertrace_tau12_embed5
monkeyT_session-y070420006-10_lfp-5,T,y070420006-10,5,peri_go,condition,torus_geometry_15,ok,0.11904761904761904,0.11063784959589536,12,252,21,12,12.0,5,pertrace_unsupervised_movement_signal,pertrace_tau12_embed5
monkeyT_session-y070420006-10_lfp-5,T,y070420006-10,5,movement,direction,torus_geometry_15,ok,0.20238095238095238,0.18572131788506055,6,252,42,12,12.0,5,pertrace_unsupervised_movement_signal,pertrace_tau12_embed5
monkeyT_session-y070420006-10_lfp-5,T,y070420006-10,5,movement,delay,torus_geometry_15,ok,0.5426356589147286,0.5425256957384144,2,258,129,12,12.0,5,pertrace_unsupervised_movement_signal,pertrace_tau12_embed5
monkeyT_session-y070420006-10_lfp-5,T,y070420006-10,5,movement,condition,torus_geometry_15,ok,0.11904761904761904,0.10985159961326875,12,252,21,12,12.0,5,pertrace_unsupervised_movement_signal,pertrace_tau12_embed5
monkeyT_session-y070420006-10_lfp-5,T,y070420006-10,5,post_go,direction,torus_geometry_15,ok,0.1746031746031746,0.1640939560861812,6,252,42,12,12.0,5,pertrace_unsupervised_movement_signal,pertrace_tau12_embed5
monkeyT_session-y070420006-10_lfp-5,T,y070420006-10,5,post_go,delay,torus_geometry_15,ok,0.4844961240310077,0.48430243917101246,2,258,129,12,12.0,5,pertrace_unsupervised_movement_signal,pertrace_tau12_embed5
monkeyT_session-y070420006-10_lfp-5,T,y070420006-10,5,post_go,condition,torus_geometry_15,ok,0.07936507936507936,0.07768949349894122,12,252,21,12,12.0,5,pertrace_unsupervised_movement_signal,pertrace_tau12_embed5
monkeyT_session-y070420006-10_lfp-7,T,y070420006-10,7,pre_go,direction,torus_geometry_15,ok,0.21031746031746032,0.1992426325701997,6,252,42,14,14.0,7,pertrace_unsupervised_movement_signal,pertrace_tau14_embed7
monkeyT_session-y070420006-10_lfp-7,T,y070420006-10,7,pre_go,delay,torus_geometry_15,ok,0.8410852713178295,0.8409682026610539,2,258,129,14,14.0,7,pertrace_unsupervised_movement_signal,pertrace_tau14_embed7
monkeyT_session-y070420006-10_lfp-7,T,y070420006-10,7,pre_go,condition,torus_geometry_15,ok,0.17857142857142858,0.15995686632693304,12,252,21,14,14.0,7,pertrace_unsupervised_movement_signal,pertrace_tau14_embed7
monkeyT_session-y070420006-10_lfp-7,T,y070420006-10,7,peri_go,direction,torus_geometry_15,ok,0.20634920634920634,0.19407576812102978,6,252,42,14,14.0,7,pertrace_unsupervised_movement_signal,pertrace_tau14_embed7
monkeyT_session-y070420006-10_lfp-7,T,y070420006-10,7,peri_go,delay,torus_geometry_15,ok,0.5426356589147286,0.5425256957384144,2,258,129,14,14.0,7,pertrace_unsupervised_movement_signal,pertrace_tau14_embed7
monkeyT_session-y070420006-10_lfp-7,T,y070420006-10,7,peri_go,condition,torus_geometry_15,ok,0.12698412698412698,0.11784503927025829,12,252,21,14,14.0,7,pertrace_unsupervised_movement_signal,pertrace_tau14_embed7
monkeyT_session-y070420006-10_lfp-7,T,y070420006-10,7,movement,direction,torus_geometry_15,ok,0.1746031746031746,0.1719340930254024,6,252,42,14,14.0,7,pertrace_unsupervised_movement_signal,pertrace_tau14_embed7
monkeyT_session-y070420006-10_lfp-7,T,y070420006-10,7,movement,delay,torus_geometry_15,ok,0.5232558139534884,0.5187370145134139,2,258,129,14,14.0,7,pertrace_unsupervised_movement_signal,pertrace_tau14_embed7
monkeyT_session-y070420006-10_lfp-7,T,y070420006-10,7,movement,condition,torus_geometry_15,ok,0.05952380952380952,0.0598718448698272,12,252,21,14,14.0,7,pertrace_unsupervised_movement_signal,pertrace_tau14_embed7
monkeyT_session-y070420006-10_lfp-7,T,y070420006-10,7,post_go,direction,torus_geometry_15,ok,0.1984126984126984,0.1865024957219451,6,252,42,14,14.0,7,pertrace_unsupervised_movement_signal,pertrace_tau14_embed7
monkeyT_session-y070420006-10_lfp-7,T,y070420006-10,7,post_go,delay,torus_geometry_15,ok,0.5077519379844961,0.5023012075643655,2,258,129,14,14.0,7,pertrace_unsupervised_movement_signal,pertrace_tau14_embed7
monkeyT_session-y070420006-10_lfp-7,T,y070420006-10,7,post_go,condition,torus_geometry_15,ok,0.1388888888888889,0.13187021551680253,12,252,21,14,14.0,7,pertrace_unsupervised_movement_signal,pertrace_tau14_embed7
monkeyT_session-y070423002-6_lfp-5,T,y070423002-6,5,pre_go,direction,torus_geometry_15,ok,0.1984126984126984,0.18257508250610313,6,252,42,9,9.0,7,pertrace_unsupervised_movement_signal,pertrace_tau9_embed7
monkeyT_session-y070423002-6_lfp-5,T,y070423002-6,5,pre_go,delay,torus_geometry_15,ok,0.6811023622047244,0.681097419204836,2,254,127,9,9.0,7,pertrace_unsupervised_movement_signal,pertrace_tau9_embed7
monkeyT_session-y070423002-6_lfp-5,T,y070423002-6,5,pre_go,condition,torus_geometry_15,ok,0.12698412698412698,0.110813226259236,12,252,21,9,9.0,7,pertrace_unsupervised_movement_signal,pertrace_tau9_embed7
monkeyT_session-y070423002-6_lfp-5,T,y070423002-6,5,peri_go,direction,torus_geometry_15,ok,0.1746031746031746,0.16993852056260547,6,252,42,9,9.0,7,pertrace_unsupervised_movement_signal,pertrace_tau9_embed7
monkeyT_session-y070423002-6_lfp-5,T,y070423002-6,5,peri_go,delay,torus_geometry_15,ok,0.5393700787401575,0.5391915150951296,2,254,127,9,9.0,7,pertrace_unsupervised_movement_signal,pertrace_tau9_embed7
monkeyT_session-y070423002-6_lfp-5,T,y070423002-6,5,peri_go,condition,torus_geometry_15,ok,0.07539682539682539,0.0675143619483242,12,252,21,9,9.0,7,pertrace_unsupervised_movement_signal,pertrace_tau9_embed7
monkeyT_session-y070423002-6_lfp-5,T,y070423002-6,5,movement,direction,torus_geometry_15,ok,0.15873015873015872,0.15200994797048512,6,252,42,9,9.0,7,pertrace_unsupervised_movement_signal,pertrace_tau9_embed7
monkeyT_session-y070423002-6_lfp-5,T,y070423002-6,5,movement,delay,torus_geometry_15,ok,0.5236220472440944,0.5234373788590656,2,254,127,9,9.0,7,pertrace_unsupervised_movement_signal,pertrace_tau9_embed7
monkeyT_session-y070423002-6_lfp-5,T,y070423002-6,5,movement,condition,torus_geometry_15,ok,0.0873015873015873,0.07645146928221551,12,252,21,9,9.0,7,pertrace_unsupervised_movement_signal,pertrace_tau9_embed7
monkeyT_session-y070423002-6_lfp-5,T,y070423002-6,5,post_go,direction,torus_geometry_15,ok,0.19047619047619047,0.1763526734858901,6,252,42,9,9.0,7,pertrace_unsupervised_movement_signal,pertrace_tau9_embed7
monkeyT_session-y070423002-6_lfp-5,T,y070423002-6,5,post_go,delay,torus_geometry_15,ok,0.4881889763779528,0.48739443616492795,2,254,127,9,9.0,7,pertrace_unsupervised_movement_signal,pertrace_tau9_embed7
monkeyT_session-y070423002-6_lfp-5,T,y070423002-6,5,post_go,condition,torus_geometry_15,ok,0.1111111111111111,0.0914418124348458,12,252,21,9,9.0,7,pertrace_unsupervised_movement_signal,pertrace_tau9_embed7
monkeyT_session-y070423002-6_lfp-6,T,y070423002-6,6,pre_go,direction,torus_geometry_15,ok,0.1626984126984127,0.15066058877894084,6,252,42,13,13.0,7,pertrace_unsupervised_movement_signal,pertrace_tau13_embed7
monkeyT_session-y070423002-6_lfp-6,T,y070423002-6,6,pre_go,delay,torus_geometry_15,ok,0.6299212598425197,0.6293467461500248,2,254,127,13,13.0,7,pertrace_unsupervised_movement_signal,pertrace_tau13_embed7
monkeyT_session-y070423002-6_lfp-6,T,y070423002-6,6,pre_go,condition,torus_geometry_15,ok,0.09523809523809523,0.08776479491018498,12,252,21,13,13.0,7,pertrace_unsupervised_movement_signal,pertrace_tau13_embed7
monkeyT_session-y070423002-6_lfp-6,T,y070423002-6,6,peri_go,direction,torus_geometry_15,ok,0.16666666666666666,0.16342434100586092,6,252,42,13,13.0,7,pertrace_unsupervised_movement_signal,pertrace_tau13_embed7
monkeyT_session-y070423002-6_lfp-6,T,y070423002-6,6,peri_go,delay,torus_geometry_15,ok,0.5,0.49999224986437263,2,254,127,13,13.0,7,pertrace_unsupervised_movement_signal,pertrace_tau13_embed7
monkeyT_session-y070423002-6_lfp-6,T,y070423002-6,6,peri_go,condition,torus_geometry_15,ok,0.05555555555555555,0.05101634602175514,12,252,21,13,13.0,7,pertrace_unsupervised_movement_signal,pertrace_tau13_embed7
monkeyT_session-y070423002-6_lfp-6,T,y070423002-6,6,movement,direction,torus_geometry_15,ok,0.21031746031746032,0.2011563258204969,6,252,42,13,13.0,7,pertrace_unsupervised_movement_signal,pertrace_tau13_embed7
monkeyT_session-y070423002-6_lfp-6,T,y070423002-6,6,movement,delay,torus_geometry_15,ok,0.5118110236220472,0.5110531544957775,2,254,127,13,13.0,7,pertrace_unsupervised_movement_signal,pertrace_tau13_embed7
monkeyT_session-y070423002-6_lfp-6,T,y070423002-6,6,movement,condition,torus_geometry_15,ok,0.05952380952380952,0.05467763155453125,12,252,21,13,13.0,7,pertrace_unsupervised_movement_signal,pertrace_tau13_embed7
monkeyT_session-y070423002-6_lfp-6,T,y070423002-6,6,post_go,direction,torus_geometry_15,ok,0.17063492063492064,0.16266795233779133,6,252,42,13,13.0,7,pertrace_unsupervised_movement_signal,pertrace_tau13_embed7
monkeyT_session-y070423002-6_lfp-6,T,y070423002-6,6,post_go,delay,torus_geometry_15,ok,0.5039370078740157,0.5034444237572147,2,254,127,13,13.0,7,pertrace_unsupervised_movement_signal,pertrace_tau13_embed7
monkeyT_session-y070423002-6_lfp-6,T,y070423002-6,6,post_go,condition,torus_geometry_15,ok,0.07936507936507936,0.06912735322049048,12,252,21,13,13.0,7,pertrace_unsupervised_movement_signal,pertrace_tau13_embed7
monkeyT_session-y070423008-14_lfp-5,T,y070423008-14,5,pre_go,direction,torus_geometry_15,ok,0.17063492063492064,0.16218949184731427,6,252,42,14,14.0,5,pertrace_unsupervised_movement_signal,pertrace_tau14_embed5
monkeyT_session-y070423008-14_lfp-5,T,y070423008-14,5,pre_go,delay,torus_geometry_15,ok,0.6535433070866141,0.6521630874572051,2,254,127,14,14.0,5,pertrace_unsupervised_movement_signal,pertrace_tau14_embed5
monkeyT_session-y070423008-14_lfp-5,T,y070423008-14,5,pre_go,condition,torus_geometry_15,ok,0.12083333333333333,0.11437847830613816,12,240,20,14,14.0,5,pertrace_unsupervised_movement_signal,pertrace_tau14_embed5
monkeyT_session-y070423008-14_lfp-5,T,y070423008-14,5,peri_go,direction,torus_geometry_15,ok,0.1984126984126984,0.1919876821504142,6,252,42,14,14.0,5,pertrace_unsupervised_movement_signal,pertrace_tau14_embed5
monkeyT_session-y070423008-14_lfp-5,T,y070423008-14,5,peri_go,delay,torus_geometry_15,ok,0.47244094488188976,0.47191708558306955,2,254,127,14,14.0,5,pertrace_unsupervised_movement_signal,pertrace_tau14_embed5
monkeyT_session-y070423008-14_lfp-5,T,y070423008-14,5,peri_go,condition,torus_geometry_15,ok,0.05,0.04647266445056845,12,240,20,14,14.0,5,pertrace_unsupervised_movement_signal,pertrace_tau14_embed5
monkeyT_session-y070423008-14_lfp-5,T,y070423008-14,5,movement,direction,torus_geometry_15,ok,0.20238095238095238,0.19287402881737348,6,252,42,14,14.0,5,pertrace_unsupervised_movement_signal,pertrace_tau14_embed5
monkeyT_session-y070423008-14_lfp-5,T,y070423008-14,5,movement,delay,torus_geometry_15,ok,0.5826771653543307,0.5826512896825398,2,254,127,14,14.0,5,pertrace_unsupervised_movement_signal,pertrace_tau14_embed5
monkeyT_session-y070423008-14_lfp-5,T,y070423008-14,5,movement,condition,torus_geometry_15,ok,0.10833333333333334,0.09860810601747384,12,240,20,14,14.0,5,pertrace_unsupervised_movement_signal,pertrace_tau14_embed5
monkeyT_session-y070423008-14_lfp-5,T,y070423008-14,5,post_go,direction,torus_geometry_15,ok,0.18253968253968253,0.17466016849274535,6,252,42,14,14.0,5,pertrace_unsupervised_movement_signal,pertrace_tau14_embed5
monkeyT_session-y070423008-14_lfp-5,T,y070423008-14,5,post_go,delay,torus_geometry_15,ok,0.5826771653543307,0.5825736434108527,2,254,127,14,14.0,5,pertrace_unsupervised_movement_signal,pertrace_tau14_embed5
monkeyT_session-y070423008-14_lfp-5,T,y070423008-14,5,post_go,condition,torus_geometry_15,ok,0.09166666666666666,0.08445962403762915,12,240,20,14,14.0,5,pertrace_unsupervised_movement_signal,pertrace_tau14_embed5
monkeyT_session-y070423008-14_lfp-7,T,y070423008-14,7,pre_go,direction,torus_geometry_15,ok,0.13095238095238096,0.12251333458678387,6,252,42,8,8.0,7,pertrace_unsupervised_movement_signal,pertrace_tau8_embed7
monkeyT_session-y070423008-14_lfp-7,T,y070423008-14,7,pre_go,delay,torus_geometry_15,ok,0.7420634920634921,0.739068100358423,2,252,126,8,8.0,7,pertrace_unsupervised_movement_signal,pertrace_tau8_embed7
monkeyT_session-y070423008-14_lfp-7,T,y070423008-14,7,pre_go,condition,torus_geometry_15,ok,0.15,0.1245700057652498,12,240,20,8,8.0,7,pertrace_unsupervised_movement_signal,pertrace_tau8_embed7
monkeyT_session-y070423008-14_lfp-7,T,y070423008-14,7,peri_go,direction,torus_geometry_15,ok,0.17857142857142858,0.17024694307303,6,252,42,8,8.0,7,pertrace_unsupervised_movement_signal,pertrace_tau8_embed7
monkeyT_session-y070423008-14_lfp-7,T,y070423008-14,7,peri_go,delay,torus_geometry_15,ok,0.4126984126984127,0.41210592686002523,2,252,126,8,8.0,7,pertrace_unsupervised_movement_signal,pertrace_tau8_embed7
monkeyT_session-y070423008-14_lfp-7,T,y070423008-14,7,peri_go,condition,torus_geometry_15,ok,0.08333333333333333,0.08113565221245383,12,240,20,8,8.0,7,pertrace_unsupervised_movement_signal,pertrace_tau8_embed7
monkeyT_session-y070423008-14_lfp-7,T,y070423008-14,7,movement,direction,torus_geometry_15,ok,0.19444444444444445,0.18483290090503354,6,252,42,8,8.0,7,pertrace_unsupervised_movement_signal,pertrace_tau8_embed7
monkeyT_session-y070423008-14_lfp-7,T,y070423008-14,7,movement,delay,torus_geometry_15,ok,0.45634920634920634,0.4532410560157104,2,252,126,8,8.0,7,pertrace_unsupervised_movement_signal,pertrace_tau8_embed7
monkeyT_session-y070423008-14_lfp-7,T,y070423008-14,7,movement,condition,torus_geometry_15,ok,0.07916666666666666,0.07340986184780014,12,240,20,8,8.0,7,pertrace_unsupervised_movement_signal,pertrace_tau8_embed7
monkeyT_session-y070423008-14_lfp-7,T,y070423008-14,7,post_go,direction,torus_geometry_15,ok,0.10714285714285714,0.10211762163228184,6,252,42,8,8.0,7,pertrace_unsupervised_movement_signal,pertrace_tau8_embed7
monkeyT_session-y070423008-14_lfp-7,T,y070423008-14,7,post_go,delay,torus_geometry_15,ok,0.44841269841269843,0.4464514293841559,2,252,126,8,8.0,7,pertrace_unsupervised_movement_signal,pertrace_tau8_embed7
monkeyT_session-y070423008-14_lfp-7,T,y070423008-14,7,post_go,condition,torus_geometry_15,ok,0.09583333333333334,0.0832151246494484,12,240,20,8,8.0,7,pertrace_unsupervised_movement_signal,pertrace_tau8_embed7
monkeyT_session-y070424001-6_lfp-5,T,y070424001-6,5,pre_go,direction,torus_geometry_15,ok,0.22868217054263565,0.22465481907990617,6,258,43,14,14.0,7,pertrace_unsupervised_movement_signal,pertrace_tau14_embed7
monkeyT_session-y070424001-6_lfp-5,T,y070424001-6,5,pre_go,delay,torus_geometry_15,ok,0.7115384615384616,0.7102999509738379,2,260,130,14,14.0,7,pertrace_unsupervised_movement_signal,pertrace_tau14_embed7
monkeyT_session-y070424001-6_lfp-5,T,y070424001-6,5,pre_go,condition,torus_geometry_15,ok,0.1865079365079365,0.18668364093914477,12,252,21,14,14.0,7,pertrace_unsupervised_movement_signal,pertrace_tau14_embed7
monkeyT_session-y070424001-6_lfp-5,T,y070424001-6,5,peri_go,direction,torus_geometry_15,ok,0.2131782945736434,0.20985681454233587,6,258,43,14,14.0,7,pertrace_unsupervised_movement_signal,pertrace_tau14_embed7
monkeyT_session-y070424001-6_lfp-5,T,y070424001-6,5,peri_go,delay,torus_geometry_15,ok,0.6538461538461539,0.6538256701579975,2,260,130,14,14.0,7,pertrace_unsupervised_movement_signal,pertrace_tau14_embed7
monkeyT_session-y070424001-6_lfp-5,T,y070424001-6,5,peri_go,condition,torus_geometry_15,ok,0.1111111111111111,0.10953742300229981,12,252,21,14,14.0,7,pertrace_unsupervised_movement_signal,pertrace_tau14_embed7
monkeyT_session-y070424001-6_lfp-5,T,y070424001-6,5,movement,direction,torus_geometry_15,ok,0.18992248062015504,0.185391573822049,6,258,43,14,14.0,7,pertrace_unsupervised_movement_signal,pertrace_tau14_embed7
monkeyT_session-y070424001-6_lfp-5,T,y070424001-6,5,movement,delay,torus_geometry_15,ok,0.5153846153846153,0.5153559382211965,2,260,130,14,14.0,7,pertrace_unsupervised_movement_signal,pertrace_tau14_embed7
monkeyT_session-y070424001-6_lfp-5,T,y070424001-6,5,movement,condition,torus_geometry_15,ok,0.0873015873015873,0.07691185639713875,12,252,21,14,14.0,7,pertrace_unsupervised_movement_signal,pertrace_tau14_embed7
monkeyT_session-y070424001-6_lfp-5,T,y070424001-6,5,post_go,direction,torus_geometry_15,ok,0.20930232558139536,0.20370088069382133,6,258,43,14,14.0,7,pertrace_unsupervised_movement_signal,pertrace_tau14_embed7
monkeyT_session-y070424001-6_lfp-5,T,y070424001-6,5,post_go,delay,torus_geometry_15,ok,0.6076923076923076,0.6074832751169261,2,260,130,14,14.0,7,pertrace_unsupervised_movement_signal,pertrace_tau14_embed7
monkeyT_session-y070424001-6_lfp-5,T,y070424001-6,5,post_go,condition,torus_geometry_15,ok,0.10317460317460317,0.09147522199229631,12,252,21,14,14.0,7,pertrace_unsupervised_movement_signal,pertrace_tau14_embed7
monkeyT_session-y070424001-6_lfp-6,T,y070424001-6,6,pre_go,direction,torus_geometry_15,ok,0.20930232558139536,0.20330212952784646,6,258,43,13,13.0,7,pertrace_unsupervised_movement_signal,pertrace_tau13_embed7
monkeyT_session-y070424001-6_lfp-6,T,y070424001-6,6,pre_go,delay,torus_geometry_15,ok,0.5653846153846154,0.5652238253792083,2,260,130,13,13.0,7,pertrace_unsupervised_movement_signal,pertrace_tau13_embed7
monkeyT_session-y070424001-6_lfp-6,T,y070424001-6,6,pre_go,condition,torus_geometry_15,ok,0.0992063492063492,0.0940938651778042,12,252,21,13,13.0,7,pertrace_unsupervised_movement_signal,pertrace_tau13_embed7
monkeyT_session-y070424001-6_lfp-6,T,y070424001-6,6,peri_go,direction,torus_geometry_15,ok,0.2131782945736434,0.19916455337908154,6,258,43,13,13.0,7,pertrace_unsupervised_movement_signal,pertrace_tau13_embed7
monkeyT_session-y070424001-6_lfp-6,T,y070424001-6,6,peri_go,delay,torus_geometry_15,ok,0.55,0.5499933430967914,2,260,130,13,13.0,7,pertrace_unsupervised_movement_signal,pertrace_tau13_embed7
monkeyT_session-y070424001-6_lfp-6,T,y070424001-6,6,peri_go,condition,torus_geometry_15,ok,0.12698412698412698,0.12655575406859104,12,252,21,13,13.0,7,pertrace_unsupervised_movement_signal,pertrace_tau13_embed7
monkeyT_session-y070424001-6_lfp-6,T,y070424001-6,6,movement,direction,torus_geometry_15,ok,0.18604651162790697,0.17593445626133952,6,258,43,13,13.0,7,pertrace_unsupervised_movement_signal,pertrace_tau13_embed7
monkeyT_session-y070424001-6_lfp-6,T,y070424001-6,6,movement,delay,torus_geometry_15,ok,0.49615384615384617,0.49614639269811683,2,260,130,13,13.0,7,pertrace_unsupervised_movement_signal,pertrace_tau13_embed7
monkeyT_session-y070424001-6_lfp-6,T,y070424001-6,6,movement,condition,torus_geometry_15,ok,0.09523809523809523,0.0860354447737227,12,252,21,13,13.0,7,pertrace_unsupervised_movement_signal,pertrace_tau13_embed7
monkeyT_session-y070424001-6_lfp-6,T,y070424001-6,6,post_go,direction,torus_geometry_15,ok,0.19767441860465115,0.18859548754710045,6,258,43,13,13.0,7,pertrace_unsupervised_movement_signal,pertrace_tau13_embed7
monkeyT_session-y070424001-6_lfp-6,T,y070424001-6,6,post_go,delay,torus_geometry_15,ok,0.5269230769230769,0.5265799173957455,2,260,130,13,13.0,7,pertrace_unsupervised_movement_signal,pertrace_tau13_embed7
monkeyT_session-y070424001-6_lfp-6,T,y070424001-6,6,post_go,condition,torus_geometry_15,ok,0.11507936507936507,0.11511187237778736,12,252,21,13,13.0,7,pertrace_unsupervised_movement_signal,pertrace_tau13_embed7
monkeyT_session-y070424001-6_lfp-7,T,y070424001-6,7,pre_go,direction,torus_geometry_15,ok,0.1744186046511628,0.1727580206282032,6,258,43,12,12.0,5,pertrace_unsupervised_movement_signal,pertrace_tau12_embed5
monkeyT_session-y070424001-6_lfp-7,T,y070424001-6,7,pre_go,delay,torus_geometry_15,ok,0.5653846153846154,0.5650693550058474,2,260,130,12,12.0,5,pertrace_unsupervised_movement_signal,pertrace_tau12_embed5
monkeyT_session-y070424001-6_lfp-7,T,y070424001-6,7,pre_go,condition,torus_geometry_15,ok,0.1111111111111111,0.09782535820271669,12,252,21,12,12.0,5,pertrace_unsupervised_movement_signal,pertrace_tau12_embed5
monkeyT_session-y070424001-6_lfp-7,T,y070424001-6,7,peri_go,direction,torus_geometry_15,ok,0.1744186046511628,0.17206059801140938,6,258,43,12,12.0,5,pertrace_unsupervised_movement_signal,pertrace_tau12_embed5
monkeyT_session-y070424001-6_lfp-7,T,y070424001-6,7,peri_go,delay,torus_geometry_15,ok,0.5576923076923077,0.5568991834496658,2,260,130,12,12.0,5,pertrace_unsupervised_movement_signal,pertrace_tau12_embed5
monkeyT_session-y070424001-6_lfp-7,T,y070424001-6,7,peri_go,condition,torus_geometry_15,ok,0.10714285714285714,0.0957927931406785,12,252,21,12,12.0,5,pertrace_unsupervised_movement_signal,pertrace_tau12_embed5
monkeyT_session-y070424001-6_lfp-7,T,y070424001-6,7,movement,direction,torus_geometry_15,ok,0.17829457364341086,0.1736573047548657,6,258,43,12,12.0,5,pertrace_unsupervised_movement_signal,pertrace_tau12_embed5
monkeyT_session-y070424001-6_lfp-7,T,y070424001-6,7,movement,delay,torus_geometry_15,ok,0.5384615384615384,0.5351332022170571,2,260,130,12,12.0,5,pertrace_unsupervised_movement_signal,pertrace_tau12_embed5
monkeyT_session-y070424001-6_lfp-7,T,y070424001-6,7,movement,condition,torus_geometry_15,ok,0.0992063492063492,0.08460663220962124,12,252,21,12,12.0,5,pertrace_unsupervised_movement_signal,pertrace_tau12_embed5
monkeyT_session-y070424001-6_lfp-7,T,y070424001-6,7,post_go,direction,torus_geometry_15,ok,0.14728682170542637,0.146543827577615,6,258,43,12,12.0,5,pertrace_unsupervised_movement_signal,pertrace_tau12_embed5
monkeyT_session-y070424001-6_lfp-7,T,y070424001-6,7,post_go,delay,torus_geometry_15,ok,0.55,0.5464507760432974,2,260,130,12,12.0,5,pertrace_unsupervised_movement_signal,pertrace_tau12_embed5
monkeyT_session-y070424001-6_lfp-7,T,y070424001-6,7,post_go,condition,torus_geometry_15,ok,0.07936507936507936,0.07079958265945553,12,252,21,12,12.0,5,pertrace_unsupervised_movement_signal,pertrace_tau12_embed5
monkeyT_session-y070424001-6_lfp-8,T,y070424001-6,8,pre_go,direction,torus_geometry_15,ok,0.19767441860465115,0.19383813094458768,6,258,43,20,20.0,5,pertrace_unsupervised_movement_signal,pertrace_tau20_embed5
monkeyT_session-y070424001-6_lfp-8,T,y070424001-6,8,pre_go,delay,torus_geometry_15,ok,0.5923076923076923,0.591921345652689,2,260,130,20,20.0,5,pertrace_unsupervised_movement_signal,pertrace_tau20_embed5
monkeyT_session-y070424001-6_lfp-8,T,y070424001-6,8,pre_go,condition,torus_geometry_15,ok,0.10317460317460317,0.09362755080379603,12,252,21,20,20.0,5,pertrace_unsupervised_movement_signal,pertrace_tau20_embed5
monkeyT_session-y070424001-6_lfp-8,T,y070424001-6,8,peri_go,direction,torus_geometry_15,ok,0.24031007751937986,0.2363087927470696,6,258,43,20,20.0,5,pertrace_unsupervised_movement_signal,pertrace_tau20_embed5
monkeyT_session-y070424001-6_lfp-8,T,y070424001-6,8,peri_go,delay,torus_geometry_15,ok,0.4807692307692308,0.477981528577165,2,260,130,20,20.0,5,pertrace_unsupervised_movement_signal,pertrace_tau20_embed5
monkeyT_session-y070424001-6_lfp-8,T,y070424001-6,8,peri_go,condition,torus_geometry_15,ok,0.14285714285714285,0.13794494079965602,12,252,21,20,20.0,5,pertrace_unsupervised_movement_signal,pertrace_tau20_embed5
monkeyT_session-y070424001-6_lfp-8,T,y070424001-6,8,movement,direction,torus_geometry_15,ok,0.26356589147286824,0.2497529094263465,6,258,43,20,20.0,5,pertrace_unsupervised_movement_signal,pertrace_tau20_embed5
monkeyT_session-y070424001-6_lfp-8,T,y070424001-6,8,movement,delay,torus_geometry_15,ok,0.5307692307692308,0.5300740740740741,2,260,130,20,20.0,5,pertrace_unsupervised_movement_signal,pertrace_tau20_embed5
monkeyT_session-y070424001-6_lfp-8,T,y070424001-6,8,movement,condition,torus_geometry_15,ok,0.1388888888888889,0.1348213262844494,12,252,21,20,20.0,5,pertrace_unsupervised_movement_signal,pertrace_tau20_embed5
monkeyT_session-y070424001-6_lfp-8,T,y070424001-6,8,post_go,direction,torus_geometry_15,ok,0.20930232558139536,0.19782473861421232,6,258,43,20,20.0,5,pertrace_unsupervised_movement_signal,pertrace_tau20_embed5
monkeyT_session-y070424001-6_lfp-8,T,y070424001-6,8,post_go,delay,torus_geometry_15,ok,0.5,0.4975920090373982,2,260,130,20,20.0,5,pertrace_unsupervised_movement_signal,pertrace_tau20_embed5
monkeyT_session-y070424001-6_lfp-8,T,y070424001-6,8,post_go,condition,torus_geometry_15,ok,0.10714285714285714,0.09570538231253879,12,252,21,20,20.0,5,pertrace_unsupervised_movement_signal,pertrace_tau20_embed5
monkeyT_session-y070424007-15_lfp-5,T,y070424007-15,5,pre_go,direction,torus_geometry_15,ok,0.1810344827586207,0.17789257667693414,6,348,58,14,14.0,9,pertrace_unsupervised_movement_signal,pertrace_tau14_embed9
monkeyT_session-y070424007-15_lfp-5,T,y070424007-15,5,pre_go,delay,torus_geometry_15,ok,0.75,0.7485536517812502,2,356,178,14,14.0,9,pertrace_unsupervised_movement_signal,pertrace_tau14_embed9
monkeyT_session-y070424007-15_lfp-5,T,y070424007-15,5,pre_go,condition,torus_geometry_15,ok,0.10416666666666667,0.09534116463197334,12,336,28,14,14.0,9,pertrace_unsupervised_movement_signal,pertrace_tau14_embed9
monkeyT_session-y070424007-15_lfp-5,T,y070424007-15,5,peri_go,direction,torus_geometry_15,ok,0.20114942528735633,0.19393247344460585,6,348,58,14,14.0,9,pertrace_unsupervised_movement_signal,pertrace_tau14_embed9
monkeyT_session-y070424007-15_lfp-5,T,y070424007-15,5,peri_go,delay,torus_geometry_15,ok,0.6123595505617978,0.6120534445181465,2,356,178,14,14.0,9,pertrace_unsupervised_movement_signal,pertrace_tau14_embed9
monkeyT_session-y070424007-15_lfp-5,T,y070424007-15,5,peri_go,condition,torus_geometry_15,ok,0.10119047619047619,0.09297297540994563,12,336,28,14,14.0,9,pertrace_unsupervised_movement_signal,pertrace_tau14_embed9
monkeyT_session-y070424007-15_lfp-5,T,y070424007-15,5,movement,direction,torus_geometry_15,ok,0.1896551724137931,0.17742081428178835,6,348,58,14,14.0,9,pertrace_unsupervised_movement_signal,pertrace_tau14_embed9
monkeyT_session-y070424007-15_lfp-5,T,y070424007-15,5,movement,delay,torus_geometry_15,ok,0.5786516853932584,0.5785984848484849,2,356,178,14,14.0,9,pertrace_unsupervised_movement_signal,pertrace_tau14_embed9
monkeyT_session-y070424007-15_lfp-5,T,y070424007-15,5,movement,condition,torus_geometry_15,ok,0.11607142857142858,0.11127822478057865,12,336,28,14,14.0,9,pertrace_unsupervised_movement_signal,pertrace_tau14_embed9
monkeyT_session-y070424007-15_lfp-5,T,y070424007-15,5,post_go,direction,torus_geometry_15,ok,0.19540229885057472,0.19237130725945284,6,348,58,14,14.0,9,pertrace_unsupervised_movement_signal,pertrace_tau14_embed9
monkeyT_session-y070424007-15_lfp-5,T,y070424007-15,5,post_go,delay,torus_geometry_15,ok,0.6292134831460674,0.6287917087967644,2,356,178,14,14.0,9,pertrace_unsupervised_movement_signal,pertrace_tau14_embed9
monkeyT_session-y070424007-15_lfp-5,T,y070424007-15,5,post_go,condition,torus_geometry_15,ok,0.14285714285714285,0.13676002554082475,12,336,28,14,14.0,9,pertrace_unsupervised_movement_signal,pertrace_tau14_embed9
monkeyT_session-y070424007-15_lfp-8,T,y070424007-15,8,pre_go,direction,torus_geometry_15,ok,0.15,0.14625299556892238,6,300,50,33,33.0,5,pertrace_unsupervised_movement_signal,pertrace_tau33_embed5
monkeyT_session-y070424007-15_lfp-8,T,y070424007-15,8,pre_go,delay,torus_geometry_15,ok,0.6739130434782609,0.6735320529532749,2,322,161,33,33.0,5,pertrace_unsupervised_movement_signal,pertrace_tau33_embed5
monkeyT_session-y070424007-15_lfp-8,T,y070424007-15,8,pre_go,condition,torus_geometry_15,ok,0.09375,0.08726904670796472,12,288,24,33,33.0,5,pertrace_unsupervised_movement_signal,pertrace_tau33_embed5
monkeyT_session-y070424007-15_lfp-8,T,y070424007-15,8,peri_go,direction,torus_geometry_15,ok,0.20333333333333334,0.18317306498663558,6,300,50,33,33.0,5,pertrace_unsupervised_movement_signal,pertrace_tau33_embed5
monkeyT_session-y070424007-15_lfp-8,T,y070424007-15,8,peri_go,delay,torus_geometry_15,ok,0.515527950310559,0.5146103896103896,2,322,161,33,33.0,5,pertrace_unsupervised_movement_signal,pertrace_tau33_embed5
monkeyT_session-y070424007-15_lfp-8,T,y070424007-15,8,peri_go,condition,torus_geometry_15,ok,0.125,0.11272129371306538,12,288,24,33,33.0,5,pertrace_unsupervised_movement_signal,pertrace_tau33_embed5
monkeyT_session-y070424007-15_lfp-8,T,y070424007-15,8,movement,direction,torus_geometry_15,ok,0.23666666666666666,0.2309378601517422,6,300,50,33,33.0,5,pertrace_unsupervised_movement_signal,pertrace_tau33_embed5
monkeyT_session-y070424007-15_lfp-8,T,y070424007-15,8,movement,delay,torus_geometry_15,ok,0.5186335403726708,0.5185917530745117,2,322,161,33,33.0,5,pertrace_unsupervised_movement_signal,pertrace_tau33_embed5
monkeyT_session-y070424007-15_lfp-8,T,y070424007-15,8,movement,condition,torus_geometry_15,ok,0.11458333333333333,0.09966422589770442,12,288,24,33,33.0,5,pertrace_unsupervised_movement_signal,pertrace_tau33_embed5
monkeyT_session-y070424007-15_lfp-8,T,y070424007-15,8,post_go,direction,torus_geometry_15,ok,0.2,0.1900895842166966,6,300,50,33,33.0,5,pertrace_unsupervised_movement_signal,pertrace_tau33_embed5
monkeyT_session-y070424007-15_lfp-8,T,y070424007-15,8,post_go,delay,torus_geometry_15,ok,0.48757763975155277,0.4869789403551461,2,322,161,33,33.0,5,pertrace_unsupervised_movement_signal,pertrace_tau33_embed5
monkeyT_session-y070424007-15_lfp-8,T,y070424007-15,8,post_go,condition,torus_geometry_15,ok,0.125,0.11872794270814933,12,288,24,33,33.0,5,pertrace_unsupervised_movement_signal,pertrace_tau33_embed5
monkeyT_session-y070425001-6_lfp-6,T,y070425001-6,6,pre_go,direction,torus_geometry_15,ok,0.14743589743589744,0.14724416476993799,6,312,52,19,19.0,3,pertrace_unsupervised_movement_signal,pertrace_tau19_embed3
monkeyT_session-y070425001-6_lfp-6,T,y070425001-6,6,pre_go,delay,torus_geometry_15,ok,0.7436708860759493,0.7435450419309266,2,316,158,19,19.0,3,pertrace_unsupervised_movement_signal,pertrace_tau19_embed3
monkeyT_session-y070425001-6_lfp-6,T,y070425001-6,6,pre_go,condition,torus_geometry_15,ok,0.15064102564102563,0.1457403415715962,12,312,26,19,19.0,3,pertrace_unsupervised_movement_signal,pertrace_tau19_embed3
monkeyT_session-y070425001-6_lfp-6,T,y070425001-6,6,peri_go,direction,torus_geometry_15,ok,0.2692307692307692,0.2613275956203433,6,312,52,19,19.0,3,pertrace_unsupervised_movement_signal,pertrace_tau19_embed3
monkeyT_session-y070425001-6_lfp-6,T,y070425001-6,6,peri_go,delay,torus_geometry_15,ok,0.5664556962025317,0.5664513544639728,2,316,158,19,19.0,3,pertrace_unsupervised_movement_signal,pertrace_tau19_embed3
monkeyT_session-y070425001-6_lfp-6,T,y070425001-6,6,peri_go,condition,torus_geometry_15,ok,0.12179487179487179,0.12084547363405211,12,312,26,19,19.0,3,pertrace_unsupervised_movement_signal,pertrace_tau19_embed3
monkeyT_session-y070425001-6_lfp-6,T,y070425001-6,6,movement,direction,torus_geometry_15,ok,0.16666666666666666,0.16806659176805439,6,312,52,19,19.0,3,pertrace_unsupervised_movement_signal,pertrace_tau19_embed3
monkeyT_session-y070425001-6_lfp-6,T,y070425001-6,6,movement,delay,torus_geometry_15,ok,0.4588607594936709,0.4584214482585818,2,316,158,19,19.0,3,pertrace_unsupervised_movement_signal,pertrace_tau19_embed3
monkeyT_session-y070425001-6_lfp-6,T,y070425001-6,6,movement,condition,torus_geometry_15,ok,0.10897435897435898,0.10107995425606481,12,312,26,19,19.0,3,pertrace_unsupervised_movement_signal,pertrace_tau19_embed3
monkeyT_session-y070425001-6_lfp-6,T,y070425001-6,6,post_go,direction,torus_geometry_15,ok,0.18269230769230768,0.17831434510805375,6,312,52,19,19.0,3,pertrace_unsupervised_movement_signal,pertrace_tau19_embed3
monkeyT_session-y070425001-6_lfp-6,T,y070425001-6,6,post_go,delay,torus_geometry_15,ok,0.4462025316455696,0.446063847902956,2,316,158,19,19.0,3,pertrace_unsupervised_movement_signal,pertrace_tau19_embed3
monkeyT_session-y070425001-6_lfp-6,T,y070425001-6,6,post_go,condition,torus_geometry_15,ok,0.10256410256410256,0.10168025361747231,12,312,26,19,19.0,3,pertrace_unsupervised_movement_signal,pertrace_tau19_embed3
monkeyT_session-y070425001-6_lfp-8,T,y070425001-6,8,pre_go,direction,torus_geometry_15,ok,0.17307692307692307,0.16310257287987984,6,312,52,21,21.0,3,pertrace_unsupervised_movement_signal,pertrace_tau21_embed3
monkeyT_session-y070425001-6_lfp-8,T,y070425001-6,8,pre_go,delay,torus_geometry_15,ok,0.6146496815286624,0.6145519473273072,2,314,157,21,21.0,3,pertrace_unsupervised_movement_signal,pertrace_tau21_embed3
monkeyT_session-y070425001-6_lfp-8,T,y070425001-6,8,pre_go,condition,torus_geometry_15,ok,0.12333333333333334,0.11704050556172434,12,300,25,21,21.0,3,pertrace_unsupervised_movement_signal,pertrace_tau21_embed3
monkeyT_session-y070425001-6_lfp-8,T,y070425001-6,8,peri_go,direction,torus_geometry_15,ok,0.25,0.2423548350133098,6,312,52,21,21.0,3,pertrace_unsupervised_movement_signal,pertrace_tau21_embed3
monkeyT_session-y070425001-6_lfp-8,T,y070425001-6,8,peri_go,delay,torus_geometry_15,ok,0.47770700636942676,0.47762223574761614,2,314,157,21,21.0,3,pertrace_unsupervised_movement_signal,pertrace_tau21_embed3
monkeyT_session-y070425001-6_lfp-8,T,y070425001-6,8,peri_go,condition,torus_geometry_15,ok,0.13333333333333333,0.12664181447783598,12,300,25,21,21.0,3,pertrace_unsupervised_movement_signal,pertrace_tau21_embed3
monkeyT_session-y070425001-6_lfp-8,T,y070425001-6,8,movement,direction,torus_geometry_15,ok,0.22115384615384615,0.21971585981834652,6,312,52,21,21.0,3,pertrace_unsupervised_movement_signal,pertrace_tau21_embed3
monkeyT_session-y070425001-6_lfp-8,T,y070425001-6,8,movement,delay,torus_geometry_15,ok,0.4968152866242038,0.4967948717948718,2,314,157,21,21.0,3,pertrace_unsupervised_movement_signal,pertrace_tau21_embed3
monkeyT_session-y070425001-6_lfp-8,T,y070425001-6,8,movement,condition,torus_geometry_15,ok,0.12,0.11804775753980522,12,300,25,21,21.0,3,pertrace_unsupervised_movement_signal,pertrace_tau21_embed3
monkeyT_session-y070425001-6_lfp-8,T,y070425001-6,8,post_go,direction,torus_geometry_15,ok,0.20833333333333334,0.20644433553628297,6,312,52,21,21.0,3,pertrace_unsupervised_movement_signal,pertrace_tau21_embed3
monkeyT_session-y070425001-6_lfp-8,T,y070425001-6,8,post_go,delay,torus_geometry_15,ok,0.5159235668789809,0.5158449989855954,2,314,157,21,21.0,3,pertrace_unsupervised_movement_signal,pertrace_tau21_embed3
monkeyT_session-y070425001-6_lfp-8,T,y070425001-6,8,post_go,condition,torus_geometry_15,ok,0.10666666666666667,0.1046356526906889,12,300,25,21,21.0,3,pertrace_unsupervised_movement_signal,pertrace_tau21_embed3
monkeyT_session-y070425007-12_lfp-5,T,y070425007-12,5,pre_go,direction,torus_geometry_15,ok,0.1840277777777778,0.18059829395693505,6,288,48,15,15.0,5,pertrace_unsupervised_movement_signal,pertrace_tau15_embed5
monkeyT_session-y070425007-12_lfp-5,T,y070425007-12,5,pre_go,delay,torus_geometry_15,ok,0.7585034013605442,0.7574905605576532,2,294,147,15,15.0,5,pertrace_unsupervised_movement_signal,pertrace_tau15_embed5
monkeyT_session-y070425007-12_lfp-5,T,y070425007-12,5,pre_go,condition,torus_geometry_15,ok,0.10227272727272728,0.09163909553372962,12,264,22,15,15.0,5,pertrace_unsupervised_movement_signal,pertrace_tau15_embed5
monkeyT_session-y070425007-12_lfp-5,T,y070425007-12,5,peri_go,direction,torus_geometry_15,ok,0.2326388888888889,0.22359014092869847,6,288,48,15,15.0,5,pertrace_unsupervised_movement_signal,pertrace_tau15_embed5
monkeyT_session-y070425007-12_lfp-5,T,y070425007-12,5,peri_go,delay,torus_geometry_15,ok,0.4897959183673469,0.4889445139758031,2,294,147,15,15.0,5,pertrace_unsupervised_movement_signal,pertrace_tau15_embed5
monkeyT_session-y070425007-12_lfp-5,T,y070425007-12,5,peri_go,condition,torus_geometry_15,ok,0.10227272727272728,0.08612081220983564,12,264,22,15,15.0,5,pertrace_unsupervised_movement_signal,pertrace_tau15_embed5
monkeyT_session-y070425007-12_lfp-5,T,y070425007-12,5,movement,direction,torus_geometry_15,ok,0.1736111111111111,0.17225929805345933,6,288,48,15,15.0,5,pertrace_unsupervised_movement_signal,pertrace_tau15_embed5
monkeyT_session-y070425007-12_lfp-5,T,y070425007-12,5,movement,delay,torus_geometry_15,ok,0.48639455782312924,0.48638861572279746,2,294,147,15,15.0,5,pertrace_unsupervised_movement_signal,pertrace_tau15_embed5
monkeyT_session-y070425007-12_lfp-5,T,y070425007-12,5,movement,condition,torus_geometry_15,ok,0.07575757575757576,0.06635701812732243,12,264,22,15,15.0,5,pertrace_unsupervised_movement_signal,pertrace_tau15_embed5
monkeyT_session-y070425007-12_lfp-5,T,y070425007-12,5,post_go,direction,torus_geometry_15,ok,0.24305555555555555,0.24200856240244117,6,288,48,15,15.0,5,pertrace_unsupervised_movement_signal,pertrace_tau15_embed5
monkeyT_session-y070425007-12_lfp-5,T,y070425007-12,5,post_go,delay,torus_geometry_15,ok,0.43537414965986393,0.43537414965986393,2,294,147,15,15.0,5,pertrace_unsupervised_movement_signal,pertrace_tau15_embed5
monkeyT_session-y070425007-12_lfp-5,T,y070425007-12,5,post_go,condition,torus_geometry_15,ok,0.11363636363636363,0.09868870741887652,12,264,22,15,15.0,5,pertrace_unsupervised_movement_signal,pertrace_tau15_embed5
monkeyT_session-y070425007-12_lfp-6,T,y070425007-12,6,pre_go,direction,torus_geometry_15,ok,0.17391304347826086,0.17042613241346363,6,276,46,20,20.0,5,pertrace_unsupervised_movement_signal,pertrace_tau20_embed5
monkeyT_session-y070425007-12_lfp-6,T,y070425007-12,6,pre_go,delay,torus_geometry_15,ok,0.6608391608391608,0.6603367003367003,2,286,143,20,20.0,5,pertrace_unsupervised_movement_signal,pertrace_tau20_embed5
monkeyT_session-y070425007-12_lfp-6,T,y070425007-12,6,pre_go,condition,torus_geometry_15,ok,0.07936507936507936,0.0759785492101693,12,252,21,20,20.0,5,pertrace_unsupervised_movement_signal,pertrace_tau20_embed5
monkeyT_session-y070425007-12_lfp-6,T,y070425007-12,6,peri_go,direction,torus_geometry_15,ok,0.21739130434782608,0.2136882376323005,6,276,46,20,20.0,5,pertrace_unsupervised_movement_signal,pertrace_tau20_embed5
monkeyT_session-y070425007-12_lfp-6,T,y070425007-12,6,peri_go,delay,torus_geometry_15,ok,0.4825174825174825,0.47943722943722944,2,286,143,20,20.0,5,pertrace_unsupervised_movement_signal,pertrace_tau20_embed5
monkeyT_session-y070425007-12_lfp-6,T,y070425007-12,6,peri_go,condition,torus_geometry_15,ok,0.0992063492063492,0.08164884498217832,12,252,21,20,20.0,5,pertrace_unsupervised_movement_signal,pertrace_tau20_embed5
monkeyT_session-y070425007-12_lfp-6,T,y070425007-12,6,movement,direction,torus_geometry_15,ok,0.19927536231884058,0.19813557177238814,6,276,46,20,20.0,5,pertrace_unsupervised_movement_signal,pertrace_tau20_embed5
monkeyT_session-y070425007-12_lfp-6,T,y070425007-12,6,movement,delay,torus_geometry_15,ok,0.479020979020979,0.4779423475075649,2,286,143,20,20.0,5,pertrace_unsupervised_movement_signal,pertrace_tau20_embed5
monkeyT_session-y070425007-12_lfp-6,T,y070425007-12,6,movement,condition,torus_geometry_15,ok,0.11507936507936507,0.10281475635624826,12,252,21,20,20.0,5,pertrace_unsupervised_movement_signal,pertrace_tau20_embed5
monkeyT_session-y070425007-12_lfp-6,T,y070425007-12,6,post_go,direction,torus_geometry_15,ok,0.21739130434782608,0.2123134781102778,6,276,46,20,20.0,5,pertrace_unsupervised_movement_signal,pertrace_tau20_embed5
monkeyT_session-y070425007-12_lfp-6,T,y070425007-12,6,post_go,delay,torus_geometry_15,ok,0.5384615384615384,0.5376475775241267,2,286,143,20,20.0,5,pertrace_unsupervised_movement_signal,pertrace_tau20_embed5
monkeyT_session-y070425007-12_lfp-6,T,y070425007-12,6,post_go,condition,torus_geometry_15,ok,0.10317460317460317,0.09698980917479187,12,252,21,20,20.0,5,pertrace_unsupervised_movement_signal,pertrace_tau20_embed5
monkeyT_session-y070425007-12_lfp-7,T,y070425007-12,7,pre_go,direction,torus_geometry_15,ok,0.16319444444444445,0.1595679946105034,6,288,48,14,14.0,3,pertrace_unsupervised_movement_signal,pertrace_tau14_embed3
monkeyT_session-y070425007-12_lfp-7,T,y070425007-12,7,pre_go,delay,torus_geometry_15,ok,0.6462585034013606,0.6456681963565568,2,294,147,14,14.0,3,pertrace_unsupervised_movement_signal,pertrace_tau14_embed3
monkeyT_session-y070425007-12_lfp-7,T,y070425007-12,7,pre_go,condition,torus_geometry_15,ok,0.10227272727272728,0.10365576550564957,12,264,22,14,14.0,3,pertrace_unsupervised_movement_signal,pertrace_tau14_embed3
monkeyT_session-y070425007-12_lfp-7,T,y070425007-12,7,peri_go,direction,torus_geometry_15,ok,0.28125,0.27744411749623255,6,288,48,14,14.0,3,pertrace_unsupervised_movement_signal,pertrace_tau14_embed3
monkeyT_session-y070425007-12_lfp-7,T,y070425007-12,7,peri_go,delay,torus_geometry_15,ok,0.5544217687074829,0.5537971383884609,2,294,147,14,14.0,3,pertrace_unsupervised_movement_signal,pertrace_tau14_embed3
monkeyT_session-y070425007-12_lfp-7,T,y070425007-12,7,peri_go,condition,torus_geometry_15,ok,0.10984848484848485,0.10179534966317672,12,264,22,14,14.0,3,pertrace_unsupervised_movement_signal,pertrace_tau14_embed3
monkeyT_session-y070425007-12_lfp-7,T,y070425007-12,7,movement,direction,torus_geometry_15,ok,0.2222222222222222,0.22130373549649088,6,288,48,14,14.0,3,pertrace_unsupervised_movement_signal,pertrace_tau14_embed3
monkeyT_session-y070425007-12_lfp-7,T,y070425007-12,7,movement,delay,torus_geometry_15,ok,0.5544217687074829,0.5542928562335814,2,294,147,14,14.0,3,pertrace_unsupervised_movement_signal,pertrace_tau14_embed3
monkeyT_session-y070425007-12_lfp-7,T,y070425007-12,7,movement,condition,torus_geometry_15,ok,0.09090909090909091,0.08570643078931056,12,264,22,14,14.0,3,pertrace_unsupervised_movement_signal,pertrace_tau14_embed3
monkeyT_session-y070425007-12_lfp-7,T,y070425007-12,7,post_go,direction,torus_geometry_15,ok,0.21875,0.21635280852646668,6,288,48,14,14.0,3,pertrace_unsupervised_movement_signal,pertrace_tau14_embed3
monkeyT_session-y070425007-12_lfp-7,T,y070425007-12,7,post_go,delay,torus_geometry_15,ok,0.5136054421768708,0.5123360128057904,2,294,147,14,14.0,3,pertrace_unsupervised_movement_signal,pertrace_tau14_embed3
monkeyT_session-y070425007-12_lfp-7,T,y070425007-12,7,post_go,condition,torus_geometry_15,ok,0.11742424242424243,0.11488043625724782,12,264,22,14,14.0,3,pertrace_unsupervised_movement_signal,pertrace_tau14_embed3
monkeyT_session-y070425007-12_lfp-8,T,y070425007-12,8,pre_go,direction,torus_geometry_15,ok,0.19444444444444445,0.19304167847906126,6,288,48,20,20.0,3,pertrace_unsupervised_movement_signal,pertrace_tau20_embed3
monkeyT_session-y070425007-12_lfp-8,T,y070425007-12,8,pre_go,delay,torus_geometry_15,ok,0.6768707482993197,0.6768670098918261,2,294,147,20,20.0,3,pertrace_unsupervised_movement_signal,pertrace_tau20_embed3
monkeyT_session-y070425007-12_lfp-8,T,y070425007-12,8,pre_go,condition,torus_geometry_15,ok,0.09090909090909091,0.090028260563486,12,264,22,20,20.0,3,pertrace_unsupervised_movement_signal,pertrace_tau20_embed3
monkeyT_session-y070425007-12_lfp-8,T,y070425007-12,8,peri_go,direction,torus_geometry_15,ok,0.19791666666666666,0.17872351756791116,6,288,48,20,20.0,3,pertrace_unsupervised_movement_signal,pertrace_tau20_embed3
monkeyT_session-y070425007-12_lfp-8,T,y070425007-12,8,peri_go,delay,torus_geometry_15,ok,0.47278911564625853,0.4727342150022562,2,294,147,20,20.0,3,pertrace_unsupervised_movement_signal,pertrace_tau20_embed3
monkeyT_session-y070425007-12_lfp-8,T,y070425007-12,8,peri_go,condition,torus_geometry_15,ok,0.10606060606060606,0.09678872152276408,12,264,22,20,20.0,3,pertrace_unsupervised_movement_signal,pertrace_tau20_embed3
monkeyT_session-y070425007-12_lfp-8,T,y070425007-12,8,movement,direction,torus_geometry_15,ok,0.19444444444444445,0.1915543626463859,6,288,48,20,20.0,3,pertrace_unsupervised_movement_signal,pertrace_tau20_embed3
monkeyT_session-y070425007-12_lfp-8,T,y070425007-12,8,movement,delay,torus_geometry_15,ok,0.47619047619047616,0.4758023433520122,2,294,147,20,20.0,3,pertrace_unsupervised_movement_signal,pertrace_tau20_embed3
monkeyT_session-y070425007-12_lfp-8,T,y070425007-12,8,movement,condition,torus_geometry_15,ok,0.12878787878787878,0.12768179073043417,12,264,22,20,20.0,3,pertrace_unsupervised_movement_signal,pertrace_tau20_embed3
monkeyT_session-y070425007-12_lfp-8,T,y070425007-12,8,post_go,direction,torus_geometry_15,ok,0.2048611111111111,0.2021189387335951,6,288,48,20,20.0,3,pertrace_unsupervised_movement_signal,pertrace_tau20_embed3
monkeyT_session-y070425007-12_lfp-8,T,y070425007-12,8,post_go,delay,torus_geometry_15,ok,0.47278911564625853,0.47263658561988636,2,294,147,20,20.0,3,pertrace_unsupervised_movement_signal,pertrace_tau20_embed3
monkeyT_session-y070425007-12_lfp-8,T,y070425007-12,8,post_go,condition,torus_geometry_15,ok,0.14772727272727273,0.14912073649748672,12,264,22,20,20.0,3,pertrace_unsupervised_movement_signal,pertrace_tau20_embed3
monkeyT_session-y070426001-5_lfp-5,T,y070426001-5,5,pre_go,direction,torus_geometry_15,ok,0.15873015873015872,0.15521191259340542,6,252,42,13,13.0,9,pertrace_unsupervised_movement_signal,pertrace_tau13_embed9
monkeyT_session-y070426001-5_lfp-5,T,y070426001-5,5,pre_go,delay,torus_geometry_15,ok,0.8515625,0.8506509457135839,2,256,128,13,13.0,9,pertrace_unsupervised_movement_signal,pertrace_tau13_embed9
monkeyT_session-y070426001-5_lfp-5,T,y070426001-5,5,pre_go,condition,torus_geometry_15,ok,0.17063492063492064,0.1593328876223613,12,252,21,13,13.0,9,pertrace_unsupervised_movement_signal,pertrace_tau13_embed9
monkeyT_session-y070426001-5_lfp-5,T,y070426001-5,5,peri_go,direction,torus_geometry_15,ok,0.17857142857142858,0.18059149758099816,6,252,42,13,13.0,9,pertrace_unsupervised_movement_signal,pertrace_tau13_embed9
monkeyT_session-y070426001-5_lfp-5,T,y070426001-5,5,peri_go,delay,torus_geometry_15,ok,0.67578125,0.6757763027389945,2,256,128,13,13.0,9,pertrace_unsupervised_movement_signal,pertrace_tau13_embed9
monkeyT_session-y070426001-5_lfp-5,T,y070426001-5,5,peri_go,condition,torus_geometry_15,ok,0.10714285714285714,0.10252233433483175,12,252,21,13,13.0,9,pertrace_unsupervised_movement_signal,pertrace_tau13_embed9
monkeyT_session-y070426001-5_lfp-5,T,y070426001-5,5,movement,direction,torus_geometry_15,ok,0.19047619047619047,0.18126839423519628,6,252,42,13,13.0,9,pertrace_unsupervised_movement_signal,pertrace_tau13_embed9
monkeyT_session-y070426001-5_lfp-5,T,y070426001-5,5,movement,delay,torus_geometry_15,ok,0.58984375,0.5897874158743723,2,256,128,13,13.0,9,pertrace_unsupervised_movement_signal,pertrace_tau13_embed9
monkeyT_session-y070426001-5_lfp-5,T,y070426001-5,5,movement,condition,torus_geometry_15,ok,0.07142857142857142,0.057882207401658205,12,252,21,13,13.0,9,pertrace_unsupervised_movement_signal,pertrace_tau13_embed9
monkeyT_session-y070426001-5_lfp-5,T,y070426001-5,5,post_go,direction,torus_geometry_15,ok,0.1626984126984127,0.15808833418674698,6,252,42,13,13.0,9,pertrace_unsupervised_movement_signal,pertrace_tau13_embed9
monkeyT_session-y070426001-5_lfp-5,T,y070426001-5,5,post_go,delay,torus_geometry_15,ok,0.53125,0.53125,2,256,128,13,13.0,9,pertrace_unsupervised_movement_signal,pertrace_tau13_embed9
monkeyT_session-y070426001-5_lfp-5,T,y070426001-5,5,post_go,condition,torus_geometry_15,ok,0.10317460317460317,0.08845132344551848,12,252,21,13,13.0,9,pertrace_unsupervised_movement_signal,pertrace_tau13_embed9
monkeyT_session-y070426006-13_lfp-7,T,y070426006-13,7,pre_go,direction,torus_geometry_15,ok,0.17037037037037037,0.16780196320023186,6,270,45,14,14.0,5,pertrace_unsupervised_movement_signal,pertrace_tau14_embed5
monkeyT_session-y070426006-13_lfp-7,T,y070426006-13,7,pre_go,delay,torus_geometry_15,ok,0.6592592592592592,0.6590909090909091,2,270,135,14,14.0,5,pertrace_unsupervised_movement_signal,pertrace_tau14_embed5
monkeyT_session-y070426006-13_lfp-7,T,y070426006-13,7,pre_go,condition,torus_geometry_15,ok,0.06060606060606061,0.058096322071056396,12,264,22,14,14.0,5,pertrace_unsupervised_movement_signal,pertrace_tau14_embed5
monkeyT_session-y070426006-13_lfp-7,T,y070426006-13,7,peri_go,direction,torus_geometry_15,ok,0.14814814814814814,0.14746891808503212,6,270,45,14,14.0,5,pertrace_unsupervised_movement_signal,pertrace_tau14_embed5
monkeyT_session-y070426006-13_lfp-7,T,y070426006-13,7,peri_go,delay,torus_geometry_15,ok,0.5814814814814815,0.5805089989138057,2,270,135,14,14.0,5,pertrace_unsupervised_movement_signal,pertrace_tau14_embed5
monkeyT_session-y070426006-13_lfp-7,T,y070426006-13,7,peri_go,condition,torus_geometry_15,ok,0.12121212121212122,0.11178624540089276,12,264,22,14,14.0,5,pertrace_unsupervised_movement_signal,pertrace_tau14_embed5
monkeyT_session-y070426006-13_lfp-7,T,y070426006-13,7,movement,direction,torus_geometry_15,ok,0.2,0.1991302650031069,6,270,45,14,14.0,5,pertrace_unsupervised_movement_signal,pertrace_tau14_embed5
monkeyT_session-y070426006-13_lfp-7,T,y070426006-13,7,movement,delay,torus_geometry_15,ok,0.5111111111111111,0.5084137931034483,2,270,135,14,14.0,5,pertrace_unsupervised_movement_signal,pertrace_tau14_embed5
monkeyT_session-y070426006-13_lfp-7,T,y070426006-13,7,movement,condition,torus_geometry_15,ok,0.10606060606060606,0.0872924269368008,12,264,22,14,14.0,5,pertrace_unsupervised_movement_signal,pertrace_tau14_embed5
monkeyT_session-y070426006-13_lfp-7,T,y070426006-13,7,post_go,direction,torus_geometry_15,ok,0.17407407407407408,0.17219512788463345,6,270,45,14,14.0,5,pertrace_unsupervised_movement_signal,pertrace_tau14_embed5
monkeyT_session-y070426006-13_lfp-7,T,y070426006-13,7,post_go,delay,torus_geometry_15,ok,0.4444444444444444,0.44441395961369623,2,270,135,14,14.0,5,pertrace_unsupervised_movement_signal,pertrace_tau14_embed5
monkeyT_session-y070426006-13_lfp-7,T,y070426006-13,7,post_go,condition,torus_geometry_15,ok,0.06060606060606061,0.04924433317902766,12,264,22,14,14.0,5,pertrace_unsupervised_movement_signal,pertrace_tau14_embed5
monkeyT_session-y070426006-13_lfp-8,T,y070426006-13,8,pre_go,direction,torus_geometry_15,ok,0.16296296296296298,0.15313674142922304,6,270,45,13,13.0,9,pertrace_unsupervised_movement_signal,pertrace_tau13_embed9
monkeyT_session-y070426006-13_lfp-8,T,y070426006-13,8,pre_go,delay,torus_geometry_15,ok,0.8296296296296296,0.8295922287470501,2,270,135,13,13.0,9,pertrace_unsupervised_movement_signal,pertrace_tau13_embed9
monkeyT_session-y070426006-13_lfp-8,T,y070426006-13,8,pre_go,condition,torus_geometry_15,ok,0.16287878787878787,0.1600527198485284,12,264,22,13,13.0,9,pertrace_unsupervised_movement_signal,pertrace_tau13_embed9
monkeyT_session-y070426006-13_lfp-8,T,y070426006-13,8,peri_go,direction,torus_geometry_15,ok,0.18518518518518517,0.17758206776634547,6,270,45,13,13.0,9,pertrace_unsupervised_movement_signal,pertrace_tau13_embed9
monkeyT_session-y070426006-13_lfp-8,T,y070426006-13,8,peri_go,delay,torus_geometry_15,ok,0.5851851851851851,0.5849802371541502,2,270,135,13,13.0,9,pertrace_unsupervised_movement_signal,pertrace_tau13_embed9
monkeyT_session-y070426006-13_lfp-8,T,y070426006-13,8,peri_go,condition,torus_geometry_15,ok,0.13636363636363635,0.11372701671088768,12,264,22,13,13.0,9,pertrace_unsupervised_movement_signal,pertrace_tau13_embed9
monkeyT_session-y070426006-13_lfp-8,T,y070426006-13,8,movement,direction,torus_geometry_15,ok,0.17407407407407408,0.16801483175382806,6,270,45,13,13.0,9,pertrace_unsupervised_movement_signal,pertrace_tau13_embed9
monkeyT_session-y070426006-13_lfp-8,T,y070426006-13,8,movement,delay,torus_geometry_15,ok,0.5740740740740741,0.5739279588336192,2,270,135,13,13.0,9,pertrace_unsupervised_movement_signal,pertrace_tau13_embed9
monkeyT_session-y070426006-13_lfp-8,T,y070426006-13,8,movement,condition,torus_geometry_15,ok,0.06818181818181818,0.06571479362138309,12,264,22,13,13.0,9,pertrace_unsupervised_movement_signal,pertrace_tau13_embed9
monkeyT_session-y070426006-13_lfp-8,T,y070426006-13,8,post_go,direction,torus_geometry_15,ok,0.18518518518518517,0.18212073447265087,6,270,45,13,13.0,9,pertrace_unsupervised_movement_signal,pertrace_tau13_embed9
monkeyT_session-y070426006-13_lfp-8,T,y070426006-13,8,post_go,delay,torus_geometry_15,ok,0.5111111111111111,0.5104395604395604,2,270,135,13,13.0,9,pertrace_unsupervised_movement_signal,pertrace_tau13_embed9
monkeyT_session-y070426006-13_lfp-8,T,y070426006-13,8,post_go,condition,torus_geometry_15,ok,0.07196969696969698,0.07112715664666193,12,264,22,13,13.0,9,pertrace_unsupervised_movement_signal,pertrace_tau13_embed9
monkeyT_session-y070502002-7_lfp-6,T,y070502002-7,6,pre_go,direction,torus_geometry_15,ok,0.14492753623188406,0.1435441393774727,6,276,46,57,57.0,7,pertrace_unsupervised_movement_signal,pertrace_tau57_embed7
monkeyT_session-y070502002-7_lfp-6,T,y070502002-7,6,pre_go,delay,torus_geometry_15,ok,0.7482014388489209,0.7459795321637427,2,278,139,57,57.0,7,pertrace_unsupervised_movement_signal,pertrace_tau57_embed7
monkeyT_session-y070502002-7_lfp-6,T,y070502002-7,6,pre_go,condition,torus_geometry_15,ok,0.11742424242424243,0.1140090799735232,12,264,22,57,57.0,7,pertrace_unsupervised_movement_signal,pertrace_tau57_embed7
monkeyT_session-y070502002-7_lfp-6,T,y070502002-7,6,peri_go,direction,torus_geometry_15,ok,0.22826086956521738,0.2258405320717163,6,276,46,57,57.0,7,pertrace_unsupervised_movement_signal,pertrace_tau57_embed7
monkeyT_session-y070502002-7_lfp-6,T,y070502002-7,6,peri_go,delay,torus_geometry_15,ok,0.5755395683453237,0.5728645833333333,2,278,139,57,57.0,7,pertrace_unsupervised_movement_signal,pertrace_tau57_embed7
monkeyT_session-y070502002-7_lfp-6,T,y070502002-7,6,peri_go,condition,torus_geometry_15,ok,0.10984848484848485,0.09590048019530184,12,264,22,57,57.0,7,pertrace_unsupervised_movement_signal,pertrace_tau57_embed7
monkeyT_session-y070502002-7_lfp-6,T,y070502002-7,6,movement,direction,torus_geometry_15,ok,0.2572463768115942,0.2525140447812588,6,276,46,57,57.0,7,pertrace_unsupervised_movement_signal,pertrace_tau57_embed7
monkeyT_session-y070502002-7_lfp-6,T,y070502002-7,6,movement,delay,torus_geometry_15,ok,0.5287769784172662,0.5287708810475784,2,278,139,57,57.0,7,pertrace_unsupervised_movement_signal,pertrace_tau57_embed7
monkeyT_session-y070502002-7_lfp-6,T,y070502002-7,6,movement,condition,torus_geometry_15,ok,0.12878787878787878,0.12227238013403573,12,264,22,57,57.0,7,pertrace_unsupervised_movement_signal,pertrace_tau57_embed7
monkeyT_session-y070502002-7_lfp-6,T,y070502002-7,6,post_go,direction,torus_geometry_15,ok,0.26811594202898553,0.2532698484684857,6,276,46,57,57.0,7,pertrace_unsupervised_movement_signal,pertrace_tau57_embed7
monkeyT_session-y070502002-7_lfp-6,T,y070502002-7,6,post_go,delay,torus_geometry_15,ok,0.5467625899280576,0.5456102117061021,2,278,139,57,57.0,7,pertrace_unsupervised_movement_signal,pertrace_tau57_embed7
monkeyT_session-y070502002-7_lfp-6,T,y070502002-7,6,post_go,condition,torus_geometry_15,ok,0.12878787878787878,0.12344800448417337,12,264,22,57,57.0,7,pertrace_unsupervised_movement_signal,pertrace_tau57_embed7
monkeyT_session-y070502002-7_lfp-7,T,y070502002-7,7,pre_go,direction,torus_geometry_15,ok,0.13768115942028986,0.13719603431585778,6,276,46,62,62.0,3,pertrace_unsupervised_movement_signal,pertrace_tau62_embed3
monkeyT_session-y070502002-7_lfp-7,T,y070502002-7,7,pre_go,delay,torus_geometry_15,ok,0.7050359712230215,0.7044853513093077,2,278,139,62,62.0,3,pertrace_unsupervised_movement_signal,pertrace_tau62_embed3
monkeyT_session-y070502002-7_lfp-7,T,y070502002-7,7,pre_go,condition,torus_geometry_15,ok,0.12878787878787878,0.1271110550685879,12,264,22,62,62.0,3,pertrace_unsupervised_movement_signal,pertrace_tau62_embed3
monkeyT_session-y070502002-7_lfp-7,T,y070502002-7,7,peri_go,direction,torus_geometry_15,ok,0.23550724637681159,0.23410862937603175,6,276,46,62,62.0,3,pertrace_unsupervised_movement_signal,pertrace_tau62_embed3
monkeyT_session-y070502002-7_lfp-7,T,y070502002-7,7,peri_go,delay,torus_geometry_15,ok,0.49640287769784175,0.495985495985496,2,278,139,62,62.0,3,pertrace_unsupervised_movement_signal,pertrace_tau62_embed3
monkeyT_session-y070502002-7_lfp-7,T,y070502002-7,7,peri_go,condition,torus_geometry_15,ok,0.12121212121212122,0.11415311425404591,12,264,22,62,62.0,3,pertrace_unsupervised_movement_signal,pertrace_tau62_embed3
monkeyT_session-y070502002-7_lfp-7,T,y070502002-7,7,movement,direction,torus_geometry_15,ok,0.2536231884057971,0.24659320223258785,6,276,46,62,62.0,3,pertrace_unsupervised_movement_signal,pertrace_tau62_embed3
monkeyT_session-y070502002-7_lfp-7,T,y070502002-7,7,movement,delay,torus_geometry_15,ok,0.5179856115107914,0.5173611111111112,2,278,139,62,62.0,3,pertrace_unsupervised_movement_signal,pertrace_tau62_embed3
monkeyT_session-y070502002-7_lfp-7,T,y070502002-7,7,movement,condition,torus_geometry_15,ok,0.11742424242424243,0.11220655914870674,12,264,22,62,62.0,3,pertrace_unsupervised_movement_signal,pertrace_tau62_embed3
monkeyT_session-y070502002-7_lfp-7,T,y070502002-7,7,post_go,direction,torus_geometry_15,ok,0.2536231884057971,0.24357723939592033,6,276,46,62,62.0,3,pertrace_unsupervised_movement_signal,pertrace_tau62_embed3
monkeyT_session-y070502002-7_lfp-7,T,y070502002-7,7,post_go,delay,torus_geometry_15,ok,0.5431654676258992,0.5431122614040764,2,278,139,62,62.0,3,pertrace_unsupervised_movement_signal,pertrace_tau62_embed3
monkeyT_session-y070502002-7_lfp-7,T,y070502002-7,7,post_go,condition,torus_geometry_15,ok,0.19696969696969696,0.17968724494073998,12,264,22,62,62.0,3,pertrace_unsupervised_movement_signal,pertrace_tau62_embed3
monkeyT_session-y070502008-15_lfp-5,T,y070502008-15,5,pre_go,direction,torus_geometry_15,ok,0.16287878787878787,0.1567012198300237,6,264,44,7,7.0,9,pertrace_unsupervised_movement_signal,pertrace_tau7_embed9
monkeyT_session-y070502008-15_lfp-5,T,y070502008-15,5,pre_go,delay,torus_geometry_15,ok,0.9060150375939849,0.9057900179919816,2,266,133,7,7.0,9,pertrace_unsupervised_movement_signal,pertrace_tau7_embed9
monkeyT_session-y070502008-15_lfp-5,T,y070502008-15,5,pre_go,condition,torus_geometry_15,ok,0.15151515151515152,0.1453065502184057,12,264,22,7,7.0,9,pertrace_unsupervised_movement_signal,pertrace_tau7_embed9
monkeyT_session-y070502008-15_lfp-5,T,y070502008-15,5,peri_go,direction,torus_geometry_15,ok,0.17045454545454544,0.1608106854894206,6,264,44,7,7.0,9,pertrace_unsupervised_movement_signal,pertrace_tau7_embed9
monkeyT_session-y070502008-15_lfp-5,T,y070502008-15,5,peri_go,delay,torus_geometry_15,ok,0.7406015037593985,0.7395376559240496,2,266,133,7,7.0,9,pertrace_unsupervised_movement_signal,pertrace_tau7_embed9
monkeyT_session-y070502008-15_lfp-5,T,y070502008-15,5,peri_go,condition,torus_geometry_15,ok,0.13257575757575757,0.11969463501262316,12,264,22,7,7.0,9,pertrace_unsupervised_movement_signal,pertrace_tau7_embed9
monkeyT_session-y070502008-15_lfp-5,T,y070502008-15,5,movement,direction,torus_geometry_15,ok,0.14393939393939395,0.1393119474181167,6,264,44,7,7.0,9,pertrace_unsupervised_movement_signal,pertrace_tau7_embed9
monkeyT_session-y070502008-15_lfp-5,T,y070502008-15,5,movement,delay,torus_geometry_15,ok,0.6766917293233082,0.6766186033361605,2,266,133,7,7.0,9,pertrace_unsupervised_movement_signal,pertrace_tau7_embed9
monkeyT_session-y070502008-15_lfp-5,T,y070502008-15,5,movement,condition,torus_geometry_15,ok,0.09848484848484848,0.0958181900894849,12,264,22,7,7.0,9,pertrace_unsupervised_movement_signal,pertrace_tau7_embed9
monkeyT_session-y070502008-15_lfp-5,T,y070502008-15,5,post_go,direction,torus_geometry_15,ok,0.13257575757575757,0.12997374387470373,6,264,44,7,7.0,9,pertrace_unsupervised_movement_signal,pertrace_tau7_embed9
monkeyT_session-y070502008-15_lfp-5,T,y070502008-15,5,post_go,delay,torus_geometry_15,ok,0.6842105263157895,0.682035519125683,2,266,133,7,7.0,9,pertrace_unsupervised_movement_signal,pertrace_tau7_embed9
monkeyT_session-y070502008-15_lfp-5,T,y070502008-15,5,post_go,condition,torus_geometry_15,ok,0.11363636363636363,0.10593328065276215,12,264,22,7,7.0,9,pertrace_unsupervised_movement_signal,pertrace_tau7_embed9
monkeyT_session-y070502008-15_lfp-6,T,y070502008-15,6,pre_go,direction,torus_geometry_15,ok,0.18181818181818182,0.1714539169284699,6,264,44,8,8.0,9,pertrace_unsupervised_movement_signal,pertrace_tau8_embed9
monkeyT_session-y070502008-15_lfp-6,T,y070502008-15,6,pre_go,delay,torus_geometry_15,ok,0.8007518796992481,0.8004105613364478,2,266,133,8,8.0,9,pertrace_unsupervised_movement_signal,pertrace_tau8_embed9
monkeyT_session-y070502008-15_lfp-6,T,y070502008-15,6,pre_go,condition,torus_geometry_15,ok,0.12878787878787878,0.11787063923190277,12,264,22,8,8.0,9,pertrace_unsupervised_movement_signal,pertrace_tau8_embed9
monkeyT_session-y070502008-15_lfp-6,T,y070502008-15,6,peri_go,direction,torus_geometry_15,ok,0.13257575757575757,0.1301854476085776,6,264,44,8,8.0,9,pertrace_unsupervised_movement_signal,pertrace_tau8_embed9
monkeyT_session-y070502008-15_lfp-6,T,y070502008-15,6,peri_go,delay,torus_geometry_15,ok,0.5338345864661654,0.5338082315694256,2,266,133,8,8.0,9,pertrace_unsupervised_movement_signal,pertrace_tau8_embed9
monkeyT_session-y070502008-15_lfp-6,T,y070502008-15,6,peri_go,condition,torus_geometry_15,ok,0.11742424242424243,0.11234737640258569,12,264,22,8,8.0,9,pertrace_unsupervised_movement_signal,pertrace_tau8_embed9
monkeyT_session-y070502008-15_lfp-6,T,y070502008-15,6,movement,direction,torus_geometry_15,ok,0.2159090909090909,0.21631781665990377,6,264,44,8,8.0,9,pertrace_unsupervised_movement_signal,pertrace_tau8_embed9
monkeyT_session-y070502008-15_lfp-6,T,y070502008-15,6,movement,delay,torus_geometry_15,ok,0.5902255639097744,0.5838201731092196,2,266,133,8,8.0,9,pertrace_unsupervised_movement_signal,pertrace_tau8_embed9
monkeyT_session-y070502008-15_lfp-6,T,y070502008-15,6,movement,condition,torus_geometry_15,ok,0.13636363636363635,0.11950831156747564,12,264,22,8,8.0,9,pertrace_unsupervised_movement_signal,pertrace_tau8_embed9
monkeyT_session-y070502008-15_lfp-6,T,y070502008-15,6,post_go,direction,torus_geometry_15,ok,0.17424242424242425,0.16963095598931513,6,264,44,8,8.0,9,pertrace_unsupervised_movement_signal,pertrace_tau8_embed9
monkeyT_session-y070502008-15_lfp-6,T,y070502008-15,6,post_go,delay,torus_geometry_15,ok,0.5639097744360902,0.563885119855269,2,266,133,8,8.0,9,pertrace_unsupervised_movement_signal,pertrace_tau8_embed9
monkeyT_session-y070502008-15_lfp-6,T,y070502008-15,6,post_go,condition,torus_geometry_15,ok,0.09848484848484848,0.09621298564261034,12,264,22,8,8.0,9,pertrace_unsupervised_movement_signal,pertrace_tau8_embed9
monkeyT_session-y070502008-15_lfp-7,T,y070502008-15,7,pre_go,direction,torus_geometry_15,ok,0.20075757575757575,0.19432614467962547,6,264,44,12,12.0,5,pertrace_unsupervised_movement_signal,pertrace_tau12_embed5
monkeyT_session-y070502008-15_lfp-7,T,y070502008-15,7,pre_go,delay,torus_geometry_15,ok,0.7105263157894737,0.7087108013937282,2,266,133,12,12.0,5,pertrace_unsupervised_movement_signal,pertrace_tau12_embed5
monkeyT_session-y070502008-15_lfp-7,T,y070502008-15,7,pre_go,condition,torus_geometry_15,ok,0.14015151515151514,0.12417876498203845,12,264,22,12,12.0,5,pertrace_unsupervised_movement_signal,pertrace_tau12_embed5
monkeyT_session-y070502008-15_lfp-7,T,y070502008-15,7,peri_go,direction,torus_geometry_15,ok,0.22348484848484848,0.21225369404346897,6,264,44,12,12.0,5,pertrace_unsupervised_movement_signal,pertrace_tau12_embed5
monkeyT_session-y070502008-15_lfp-7,T,y070502008-15,7,peri_go,delay,torus_geometry_15,ok,0.5639097744360902,0.563885119855269,2,266,133,12,12.0,5,pertrace_unsupervised_movement_signal,pertrace_tau12_embed5
monkeyT_session-y070502008-15_lfp-7,T,y070502008-15,7,peri_go,condition,torus_geometry_15,ok,0.0946969696969697,0.07960934479667753,12,264,22,12,12.0,5,pertrace_unsupervised_movement_signal,pertrace_tau12_embed5
monkeyT_session-y070502008-15_lfp-7,T,y070502008-15,7,movement,direction,torus_geometry_15,ok,0.18181818181818182,0.1809966301654868,6,264,44,12,12.0,5,pertrace_unsupervised_movement_signal,pertrace_tau12_embed5
monkeyT_session-y070502008-15_lfp-7,T,y070502008-15,7,movement,delay,torus_geometry_15,ok,0.5413533834586466,0.5409381542465909,2,266,133,12,12.0,5,pertrace_unsupervised_movement_signal,pertrace_tau12_embed5
monkeyT_session-y070502008-15_lfp-7,T,y070502008-15,7,movement,condition,torus_geometry_15,ok,0.0946969696969697,0.09113872683822062,12,264,22,12,12.0,5,pertrace_unsupervised_movement_signal,pertrace_tau12_embed5
monkeyT_session-y070502008-15_lfp-7,T,y070502008-15,7,post_go,direction,torus_geometry_15,ok,0.2196969696969697,0.21121412770286166,6,264,44,12,12.0,5,pertrace_unsupervised_movement_signal,pertrace_tau12_embed5
monkeyT_session-y070502008-15_lfp-7,T,y070502008-15,7,post_go,delay,torus_geometry_15,ok,0.5939849624060151,0.5938931297709924,2,266,133,12,12.0,5,pertrace_unsupervised_movement_signal,pertrace_tau12_embed5
monkeyT_session-y070502008-15_lfp-7,T,y070502008-15,7,post_go,condition,torus_geometry_15,ok,0.08712121212121213,0.0792719996392845,12,264,22,12,12.0,5,pertrace_unsupervised_movement_signal,pertrace_tau12_embed5
monkeyT_session-y070502008-15_lfp-8,T,y070502008-15,8,pre_go,direction,torus_geometry_15,ok,0.20454545454545456,0.18793504905637518,6,264,44,7,7.0,7,pertrace_unsupervised_movement_signal,pertrace_tau7_embed7
monkeyT_session-y070502008-15_lfp-8,T,y070502008-15,8,pre_go,delay,torus_geometry_15,ok,0.8383458646616542,0.8379588309462083,2,266,133,7,7.0,7,pertrace_unsupervised_movement_signal,pertrace_tau7_embed7
monkeyT_session-y070502008-15_lfp-8,T,y070502008-15,8,pre_go,condition,torus_geometry_15,ok,0.1856060606060606,0.17495320980788331,12,264,22,7,7.0,7,pertrace_unsupervised_movement_signal,pertrace_tau7_embed7
monkeyT_session-y070502008-15_lfp-8,T,y070502008-15,8,peri_go,direction,torus_geometry_15,ok,0.17803030303030304,0.16329215659545016,6,264,44,7,7.0,7,pertrace_unsupervised_movement_signal,pertrace_tau7_embed7
monkeyT_session-y070502008-15_lfp-8,T,y070502008-15,8,peri_go,delay,torus_geometry_15,ok,0.5225563909774437,0.5224956535259446,2,266,133,7,7.0,7,pertrace_unsupervised_movement_signal,pertrace_tau7_embed7
monkeyT_session-y070502008-15_lfp-8,T,y070502008-15,8,peri_go,condition,torus_geometry_15,ok,0.06439393939393939,0.05597549394610871,12,264,22,7,7.0,7,pertrace_unsupervised_movement_signal,pertrace_tau7_embed7
monkeyT_session-y070502008-15_lfp-8,T,y070502008-15,8,movement,direction,torus_geometry_15,ok,0.1893939393939394,0.18941135492859631,6,264,44,7,7.0,7,pertrace_unsupervised_movement_signal,pertrace_tau7_embed7
monkeyT_session-y070502008-15_lfp-8,T,y070502008-15,8,movement,delay,torus_geometry_15,ok,0.5375939849624061,0.5352226720647772,2,266,133,7,7.0,7,pertrace_unsupervised_movement_signal,pertrace_tau7_embed7
monkeyT_session-y070502008-15_lfp-8,T,y070502008-15,8,movement,condition,torus_geometry_15,ok,0.0946969696969697,0.08975028184878202,12,264,22,7,7.0,7,pertrace_unsupervised_movement_signal,pertrace_tau7_embed7
monkeyT_session-y070502008-15_lfp-8,T,y070502008-15,8,post_go,direction,torus_geometry_15,ok,0.1893939393939394,0.18901020429680382,6,264,44,7,7.0,7,pertrace_unsupervised_movement_signal,pertrace_tau7_embed7
monkeyT_session-y070502008-15_lfp-8,T,y070502008-15,8,post_go,delay,torus_geometry_15,ok,0.5375939849624061,0.5374305467192604,2,266,133,7,7.0,7,pertrace_unsupervised_movement_signal,pertrace_tau7_embed7
monkeyT_session-y070502008-15_lfp-8,T,y070502008-15,8,post_go,condition,torus_geometry_15,ok,0.09848484848484848,0.09307961632606569,12,264,22,7,7.0,7,pertrace_unsupervised_movement_signal,pertrace_tau7_embed7
monkeyT_session-y070503001-7_lfp-5,T,y070503001-7,5,pre_go,direction,torus_geometry_15,ok,0.22,0.21626610609602426,6,300,50,8,8.0,7,pertrace_unsupervised_movement_signal,pertrace_tau8_embed7
monkeyT_session-y070503001-7_lfp-5,T,y070503001-7,5,pre_go,delay,torus_geometry_15,ok,0.630718954248366,0.6295756692769987,2,306,153,8,8.0,7,pertrace_unsupervised_movement_signal,pertrace_tau8_embed7
monkeyT_session-y070503001-7_lfp-5,T,y070503001-7,5,pre_go,condition,torus_geometry_15,ok,0.12666666666666668,0.11429569898330268,12,300,25,8,8.0,7,pertrace_unsupervised_movement_signal,pertrace_tau8_embed7
monkeyT_session-y070503001-7_lfp-5,T,y070503001-7,5,peri_go,direction,torus_geometry_15,ok,0.18333333333333332,0.17383382226481095,6,300,50,8,8.0,7,pertrace_unsupervised_movement_signal,pertrace_tau8_embed7
monkeyT_session-y070503001-7_lfp-5,T,y070503001-7,5,peri_go,delay,torus_geometry_15,ok,0.5,0.49879564505250984,2,306,153,8,8.0,7,pertrace_unsupervised_movement_signal,pertrace_tau8_embed7
monkeyT_session-y070503001-7_lfp-5,T,y070503001-7,5,peri_go,condition,torus_geometry_15,ok,0.08333333333333333,0.0732570045230879,12,300,25,8,8.0,7,pertrace_unsupervised_movement_signal,pertrace_tau8_embed7
monkeyT_session-y070503001-7_lfp-5,T,y070503001-7,5,movement,direction,torus_geometry_15,ok,0.22,0.21189736050778862,6,300,50,8,8.0,7,pertrace_unsupervised_movement_signal,pertrace_tau8_embed7
monkeyT_session-y070503001-7_lfp-5,T,y070503001-7,5,movement,delay,torus_geometry_15,ok,0.5490196078431373,0.5487111529089899,2,306,153,8,8.0,7,pertrace_unsupervised_movement_signal,pertrace_tau8_embed7
monkeyT_session-y070503001-7_lfp-5,T,y070503001-7,5,movement,condition,torus_geometry_15,ok,0.08666666666666667,0.08036485553579918,12,300,25,8,8.0,7,pertrace_unsupervised_movement_signal,pertrace_tau8_embed7
monkeyT_session-y070503001-7_lfp-5,T,y070503001-7,5,post_go,direction,torus_geometry_15,ok,0.18666666666666668,0.17489861600298415,6,300,50,8,8.0,7,pertrace_unsupervised_movement_signal,pertrace_tau8_embed7
monkeyT_session-y070503001-7_lfp-5,T,y070503001-7,5,post_go,delay,torus_geometry_15,ok,0.4673202614379085,0.4663571099960414,2,306,153,8,8.0,7,pertrace_unsupervised_movement_signal,pertrace_tau8_embed7
monkeyT_session-y070503001-7_lfp-5,T,y070503001-7,5,post_go,condition,torus_geometry_15,ok,0.07333333333333333,0.06655330729910269,12,300,25,8,8.0,7,pertrace_unsupervised_movement_signal,pertrace_tau8_embed7
monkeyT_session-y070503001-7_lfp-6,T,y070503001-7,6,pre_go,direction,torus_geometry_15,ok,0.18,0.17850096177793043,6,300,50,13,13.0,5,pertrace_unsupervised_movement_signal,pertrace_tau13_embed5
monkeyT_session-y070503001-7_lfp-6,T,y070503001-7,6,pre_go,delay,torus_geometry_15,ok,0.6535947712418301,0.6528681506849314,2,306,153,13,13.0,5,pertrace_unsupervised_movement_signal,pertrace_tau13_embed5
monkeyT_session-y070503001-7_lfp-6,T,y070503001-7,6,pre_go,condition,torus_geometry_15,ok,0.09666666666666666,0.09483571790339677,12,300,25,13,13.0,5,pertrace_unsupervised_movement_signal,pertrace_tau13_embed5
monkeyT_session-y070503001-7_lfp-6,T,y070503001-7,6,peri_go,direction,torus_geometry_15,ok,0.17,0.16640741681650012,6,300,50,13,13.0,5,pertrace_unsupervised_movement_signal,pertrace_tau13_embed5
monkeyT_session-y070503001-7_lfp-6,T,y070503001-7,6,peri_go,delay,torus_geometry_15,ok,0.5098039215686274,0.509782980177717,2,306,153,13,13.0,5,pertrace_unsupervised_movement_signal,pertrace_tau13_embed5
monkeyT_session-y070503001-7_lfp-6,T,y070503001-7,6,peri_go,condition,torus_geometry_15,ok,0.1,0.09585533605738676,12,300,25,13,13.0,5,pertrace_unsupervised_movement_signal,pertrace_tau13_embed5
monkeyT_session-y070503001-7_lfp-6,T,y070503001-7,6,movement,direction,torus_geometry_15,ok,0.19333333333333333,0.19134606178991764,6,300,50,13,13.0,5,pertrace_unsupervised_movement_signal,pertrace_tau13_embed5
monkeyT_session-y070503001-7_lfp-6,T,y070503001-7,6,movement,delay,torus_geometry_15,ok,0.48366013071895425,0.4831081081081081,2,306,153,13,13.0,5,pertrace_unsupervised_movement_signal,pertrace_tau13_embed5
monkeyT_session-y070503001-7_lfp-6,T,y070503001-7,6,movement,condition,torus_geometry_15,ok,0.11,0.10189642865329746,12,300,25,13,13.0,5,pertrace_unsupervised_movement_signal,pertrace_tau13_embed5
monkeyT_session-y070503001-7_lfp-6,T,y070503001-7,6,post_go,direction,torus_geometry_15,ok,0.17,0.1674660850436058,6,300,50,13,13.0,5,pertrace_unsupervised_movement_signal,pertrace_tau13_embed5
monkeyT_session-y070503001-7_lfp-6,T,y070503001-7,6,post_go,delay,torus_geometry_15,ok,0.45098039215686275,0.45095693779904306,2,306,153,13,13.0,5,pertrace_unsupervised_movement_signal,pertrace_tau13_embed5
monkeyT_session-y070503001-7_lfp-6,T,y070503001-7,6,post_go,condition,torus_geometry_15,ok,0.10333333333333333,0.0907729399934512,12,300,25,13,13.0,5,pertrace_unsupervised_movement_signal,pertrace_tau13_embed5
monkeyT_session-y070503011-16_lfp-5,T,y070503011-16,5,pre_go,direction,torus_geometry_15,ok,0.20634920634920634,0.20436960403004548,6,252,42,7,7.0,7,pertrace_unsupervised_movement_signal,pertrace_tau7_embed7
monkeyT_session-y070503011-16_lfp-5,T,y070503011-16,5,pre_go,delay,torus_geometry_15,ok,0.6007751937984496,0.5994211549767106,2,258,129,7,7.0,7,pertrace_unsupervised_movement_signal,pertrace_tau7_embed7
monkeyT_session-y070503011-16_lfp-5,T,y070503011-16,5,pre_go,condition,torus_geometry_15,ok,0.14583333333333334,0.12525831228046244,12,240,20,7,7.0,7,pertrace_unsupervised_movement_signal,pertrace_tau7_embed7
monkeyT_session-y070503011-16_lfp-5,T,y070503011-16,5,peri_go,direction,torus_geometry_15,ok,0.14682539682539683,0.14231515206359066,6,252,42,7,7.0,7,pertrace_unsupervised_movement_signal,pertrace_tau7_embed7
monkeyT_session-y070503011-16_lfp-5,T,y070503011-16,5,peri_go,delay,torus_geometry_15,ok,0.5,0.4978196906827612,2,258,129,7,7.0,7,pertrace_unsupervised_movement_signal,pertrace_tau7_embed7
monkeyT_session-y070503011-16_lfp-5,T,y070503011-16,5,peri_go,condition,torus_geometry_15,ok,0.08333333333333333,0.07676535238173626,12,240,20,7,7.0,7,pertrace_unsupervised_movement_signal,pertrace_tau7_embed7
monkeyT_session-y070503011-16_lfp-5,T,y070503011-16,5,movement,direction,torus_geometry_15,ok,0.11507936507936507,0.11493152816682228,6,252,42,7,7.0,7,pertrace_unsupervised_movement_signal,pertrace_tau7_embed7
monkeyT_session-y070503011-16_lfp-5,T,y070503011-16,5,movement,delay,torus_geometry_15,ok,0.6085271317829457,0.6071993849771627,2,258,129,7,7.0,7,pertrace_unsupervised_movement_signal,pertrace_tau7_embed7
monkeyT_session-y070503011-16_lfp-5,T,y070503011-16,5,movement,condition,torus_geometry_15,ok,0.08333333333333333,0.06843984591438655,12,240,20,7,7.0,7,pertrace_unsupervised_movement_signal,pertrace_tau7_embed7
monkeyT_session-y070503011-16_lfp-5,T,y070503011-16,5,post_go,direction,torus_geometry_15,ok,0.15476190476190477,0.15140522848634463,6,252,42,7,7.0,7,pertrace_unsupervised_movement_signal,pertrace_tau7_embed7
monkeyT_session-y070503011-16_lfp-5,T,y070503011-16,5,post_go,delay,torus_geometry_15,ok,0.5813953488372093,0.5811688311688312,2,258,129,7,7.0,7,pertrace_unsupervised_movement_signal,pertrace_tau7_embed7
monkeyT_session-y070503011-16_lfp-5,T,y070503011-16,5,post_go,condition,torus_geometry_15,ok,0.10833333333333334,0.08869755688964727,12,240,20,7,7.0,7,pertrace_unsupervised_movement_signal,pertrace_tau7_embed7
monkeyT_session-y070503011-16_lfp-6,T,y070503011-16,6,pre_go,direction,torus_geometry_15,ok,0.19444444444444445,0.18514166309539337,6,252,42,13,13.0,5,pertrace_unsupervised_movement_signal,pertrace_tau13_embed5
monkeyT_session-y070503011-16_lfp-6,T,y070503011-16,6,pre_go,delay,torus_geometry_15,ok,0.6937984496124031,0.6936834037181202,2,258,129,13,13.0,5,pertrace_unsupervised_movement_signal,pertrace_tau13_embed5
monkeyT_session-y070503011-16_lfp-6,T,y070503011-16,6,pre_go,condition,torus_geometry_15,ok,0.1375,0.12923655657433566,12,240,20,13,13.0,5,pertrace_unsupervised_movement_signal,pertrace_tau13_embed5
monkeyT_session-y070503011-16_lfp-6,T,y070503011-16,6,peri_go,direction,torus_geometry_15,ok,0.19047619047619047,0.18950289223779462,6,252,42,13,13.0,5,pertrace_unsupervised_movement_signal,pertrace_tau13_embed5
monkeyT_session-y070503011-16_lfp-6,T,y070503011-16,6,peri_go,delay,torus_geometry_15,ok,0.5232558139534884,0.5232486516533209,2,258,129,13,13.0,5,pertrace_unsupervised_movement_signal,pertrace_tau13_embed5
monkeyT_session-y070503011-16_lfp-6,T,y070503011-16,6,peri_go,condition,torus_geometry_15,ok,0.1,0.0886887677821982,12,240,20,13,13.0,5,pertrace_unsupervised_movement_signal,pertrace_tau13_embed5
monkeyT_session-y070503011-16_lfp-6,T,y070503011-16,6,movement,direction,torus_geometry_15,ok,0.21825396825396826,0.20400469696244347,6,252,42,13,13.0,5,pertrace_unsupervised_movement_signal,pertrace_tau13_embed5
monkeyT_session-y070503011-16_lfp-6,T,y070503011-16,6,movement,delay,torus_geometry_15,ok,0.44573643410852715,0.4453281214763587,2,258,129,13,13.0,5,pertrace_unsupervised_movement_signal,pertrace_tau13_embed5
monkeyT_session-y070503011-16_lfp-6,T,y070503011-16,6,movement,condition,torus_geometry_15,ok,0.1,0.08614886194131229,12,240,20,13,13.0,5,pertrace_unsupervised_movement_signal,pertrace_tau13_embed5
monkeyT_session-y070503011-16_lfp-6,T,y070503011-16,6,post_go,direction,torus_geometry_15,ok,0.21428571428571427,0.19684322871955426,6,252,42,13,13.0,5,pertrace_unsupervised_movement_signal,pertrace_tau13_embed5
monkeyT_session-y070503011-16_lfp-6,T,y070503011-16,6,post_go,delay,torus_geometry_15,ok,0.5,0.49908944508827113,2,258,129,13,13.0,5,pertrace_unsupervised_movement_signal,pertrace_tau13_embed5
monkeyT_session-y070503011-16_lfp-6,T,y070503011-16,6,post_go,condition,torus_geometry_15,ok,0.12083333333333333,0.10731496463630397,12,240,20,13,13.0,5,pertrace_unsupervised_movement_signal,pertrace_tau13_embed5
monkeyT_session-y070503011-16_lfp-8,T,y070503011-16,8,pre_go,direction,torus_geometry_15,ok,0.2032520325203252,0.1847070802256964,6,246,41,13,13.0,5,pertrace_unsupervised_movement_signal,pertrace_tau13_embed5
monkeyT_session-y070503011-16_lfp-8,T,y070503011-16,8,pre_go,delay,torus_geometry_15,ok,0.6162790697674418,0.6159963917913253,2,258,129,13,13.0,5,pertrace_unsupervised_movement_signal,pertrace_tau13_embed5
monkeyT_session-y070503011-16_lfp-8,T,y070503011-16,8,pre_go,condition,torus_geometry_15,ok,0.075,0.0693694583409722,12,240,20,13,13.0,5,pertrace_unsupervised_movement_signal,pertrace_tau13_embed5
monkeyT_session-y070503011-16_lfp-8,T,y070503011-16,8,peri_go,direction,torus_geometry_15,ok,0.16260162601626016,0.1594751651303258,6,246,41,13,13.0,5,pertrace_unsupervised_movement_signal,pertrace_tau13_embed5
monkeyT_session-y070503011-16_lfp-8,T,y070503011-16,8,peri_go,delay,torus_geometry_15,ok,0.5348837209302325,0.5348557692307692,2,258,129,13,13.0,5,pertrace_unsupervised_movement_signal,pertrace_tau13_embed5
monkeyT_session-y070503011-16_lfp-8,T,y070503011-16,8,peri_go,condition,torus_geometry_15,ok,0.07916666666666666,0.0762993724783356,12,240,20,13,13.0,5,pertrace_unsupervised_movement_signal,pertrace_tau13_embed5
monkeyT_session-y070503011-16_lfp-8,T,y070503011-16,8,movement,direction,torus_geometry_15,ok,0.11382113821138211,0.11171092854602786,6,246,41,13,13.0,5,pertrace_unsupervised_movement_signal,pertrace_tau13_embed5
monkeyT_session-y070503011-16_lfp-8,T,y070503011-16,8,movement,delay,torus_geometry_15,ok,0.5077519379844961,0.5071522043229095,2,258,129,13,13.0,5,pertrace_unsupervised_movement_signal,pertrace_tau13_embed5
monkeyT_session-y070503011-16_lfp-8,T,y070503011-16,8,movement,condition,torus_geometry_15,ok,0.05416666666666667,0.051293210638934834,12,240,20,13,13.0,5,pertrace_unsupervised_movement_signal,pertrace_tau13_embed5
monkeyT_session-y070503011-16_lfp-8,T,y070503011-16,8,post_go,direction,torus_geometry_15,ok,0.21138211382113822,0.19729406197148128,6,246,41,13,13.0,5,pertrace_unsupervised_movement_signal,pertrace_tau13_embed5
monkeyT_session-y070503011-16_lfp-8,T,y070503011-16,8,post_go,delay,torus_geometry_15,ok,0.5193798449612403,0.5189172932330828,2,258,129,13,13.0,5,pertrace_unsupervised_movement_signal,pertrace_tau13_embed5
monkeyT_session-y070503011-16_lfp-8,T,y070503011-16,8,post_go,condition,torus_geometry_15,ok,0.125,0.10586080596322715,12,240,20,13,13.0,5,pertrace_unsupervised_movement_signal,pertrace_tau13_embed5
