homology_dimension,direction,grid_index,distance,n_trials,mean,q25,median,q75
1,1,0,0.0,33,0.0,0.0,0.0,0.0
1,1,1,0.0052738614278296,33,0.0,0.0,0.0,0.0
1,1,2,0.0105477228556593,33,0.0,0.0,0.0,0.0
1,1,3,0.015821584283489,33,0.0,0.0,0.0,0.0
1,1,4,0.0210954457113187,33,0.0,0.0,0.0,0.0
1,1,5,0.0263693071391484,33,0.0,0.0,0.0,0.0
1,1,6,0.0316431685669781,33,0.0303030303030303,0.0,0.0,0.0
1,1,7,0.0369170299948078,33,0.0303030303030303,0.0,0.0,0.0
1,1,8,0.0421908914226375,33,0.0303030303030303,0.0,0.0,0.0
1,1,9,0.0474647528504672,33,0.1818181818181818,0.0,0.0,0.0
1,1,10,0.0527386142782969,33,0.1818181818181818,0.0,0.0,0.0
1,1,11,0.0580124757061265,33,0.1818181818181818,0.0,0.0,0.0
1,1,12,0.0632863371339562,33,0.2727272727272727,0.0,0.0,0.0
1,1,13,0.0685601985617859,33,0.3636363636363636,0.0,0.0,1.0
1,1,14,0.0738340599896156,33,0.5151515151515151,0.0,0.0,1.0
1,1,15,0.0791079214174453,33,0.9696969696969696,0.0,0.0,1.0
1,1,16,0.084381782845275,33,1.1515151515151516,0.0,1.0,2.0
1,1,17,0.0896556442731047,33,1.6666666666666667,0.0,1.0,2.0
1,1,18,0.0949295057009344,33,1.9696969696969695,0.0,1.0,3.0
1,1,19,0.1002033671287641,33,1.9696969696969695,0.0,1.0,3.0
1,1,20,0.1054772285565938,33,2.4242424242424243,1.0,1.0,4.0
1,1,21,0.1107510899844235,33,3.242424242424242,1.0,2.0,5.0
1,1,22,0.1160249514122531,33,4.121212121212121,2.0,3.0,6.0
1,1,23,0.1212988128400828,33,5.363636363636363,3.0,4.0,8.0
1,1,24,0.1265726742679125,33,6.818181818181818,4.0,6.0,9.0
1,1,25,0.1318465356957422,33,7.96969696969697,5.0,8.0,10.0
1,1,26,0.1371203971235719,33,9.151515151515152,5.0,9.0,12.0
1,1,27,0.1423942585514016,33,10.12121212121212,7.0,9.0,13.0
1,1,28,0.1476681199792313,33,12.363636363636363,8.0,12.0,17.0
1,1,29,0.152941981407061,33,13.696969696969695,10.0,13.0,16.0
1,1,30,0.1582158428348907,33,15.545454545454543,12.0,15.0,19.0
1,1,31,0.1634897042627204,33,17.606060606060606,14.0,16.0,20.0
1,1,32,0.1687635656905501,33,19.545454545454547,15.0,19.0,23.0
1,1,33,0.1740374271183797,33,20.90909090909091,16.0,20.0,26.0
1,1,34,0.1793112885462094,33,22.454545454545453,18.0,20.0,29.0
1,1,35,0.1845851499740391,33,23.424242424242426,17.0,24.0,28.0
1,1,36,0.1898590114018688,33,25.09090909090909,20.0,25.0,29.0
1,1,37,0.1951328728296985,33,26.484848484848484,20.0,26.0,29.0
1,1,38,0.2004067342575282,33,27.181818181818183,23.0,26.0,31.0
1,1,39,0.2056805956853579,33,27.939393939393938,22.0,27.0,33.0
1,1,40,0.2109544571131876,33,27.454545454545453,21.0,27.0,33.0
1,1,41,0.2162283185410173,33,27.63636363636364,21.0,28.0,34.0
1,1,42,0.221502179968847,33,28.21212121212121,22.0,28.0,36.0
1,1,43,0.2267760413966766,33,28.78787878787879,23.0,29.0,32.0
1,1,44,0.2320499028245063,33,28.60606060606061,24.0,27.0,32.0
1,1,45,0.237323764252336,33,28.24242424242424,23.0,28.0,33.0
1,1,46,0.2425976256801657,33,27.545454545454547,22.0,26.0,32.0
1,1,47,0.2478714871079954,33,26.75757575757576,22.0,27.0,32.0
1,1,48,0.2531453485358251,33,26.12121212121212,22.0,26.0,31.0
1,1,49,0.2584192099636548,33,25.454545454545453,20.0,25.0,30.0
1,1,50,0.2636930713914845,33,25.151515151515152,20.0,26.0,29.0
1,1,51,0.2689669328193142,33,24.272727272727277,19.0,24.0,29.0
1,1,52,0.2742407942471439,33,24.181818181818183,19.0,24.0,28.0
1,1,53,0.2795146556749736,33,23.484848484848484,20.0,23.0,28.0
1,1,54,0.2847885171028033,33,22.545454545454547,18.0,23.0,26.0
1,1,55,0.290062378530633,33,21.63636363636364,17.0,21.0,24.0
1,1,56,0.2953362399584626,33,20.545454545454547,16.0,20.0,24.0
1,1,57,0.3006101013862923,33,19.90909090909091,16.0,19.0,22.0
1,1,58,0.305883962814122,33,19.33333333333333,16.0,19.0,21.0
1,1,59,0.3111578242419517,33,18.454545454545453,15.0,18.0,20.0
1,1,60,0.3164316856697814,33,17.696969696969695,14.0,16.0,19.0
1,1,61,0.3217055470976111,33,16.939393939393938,14.0,15.0,18.0
1,1,62,0.3269794085254408,33,16.484848484848484,14.0,15.0,18.0
1,1,63,0.3322532699532705,33,15.484848484848484,12.0,15.0,17.0
1,1,64,0.3375271313811002,33,15.090909090909092,11.0,14.0,16.0
1,1,65,0.3428009928089299,33,14.393939393939394,11.0,13.0,16.0
1,1,66,0.3480748542367595,33,13.606060606060606,11.0,13.0,16.0
1,1,67,0.3533487156645892,33,13.545454545454543,10.0,12.0,16.0
1,1,68,0.3586225770924189,33,12.87878787878788,10.0,13.0,15.0
1,1,69,0.3638964385202486,33,12.303030303030305,9.0,12.0,15.0
1,1,70,0.3691702999480783,33,11.666666666666666,9.0,12.0,14.0
1,1,71,0.374444161375908,33,11.12121212121212,8.0,10.0,14.0
1,1,72,0.3797180228037377,33,10.969696969696969,8.0,10.0,13.0
1,1,73,0.3849918842315674,33,10.515151515151516,7.0,10.0,13.0
1,1,74,0.3902657456593971,33,10.12121212121212,7.0,9.0,12.0
1,1,75,0.3955396070872268,33,9.93939393939394,7.0,9.0,12.0
1,1,76,0.4008134685150564,33,9.666666666666666,6.0,10.0,12.0
1,1,77,0.4060873299428861,33,9.272727272727272,6.0,9.0,12.0
1,1,78,0.4113611913707158,33,9.242424242424242,6.0,9.0,11.0
1,1,79,0.4166350527985455,33,8.878787878787879,6.0,8.0,11.0
1,1,80,0.4219089142263752,33,8.696969696969697,6.0,8.0,10.0
1,1,81,0.4271827756542049,33,8.303030303030303,6.0,7.0,9.0
1,1,82,0.4324566370820346,33,7.96969696969697,6.0,6.0,10.0
1,1,83,0.4377304985098643,33,7.636363636363637,5.0,6.0,9.0
1,1,84,0.443004359937694,33,7.515151515151516,5.0,6.0,8.0
1,1,85,0.4482782213655237,33,7.393939393939394,5.0,6.0,9.0
1,1,86,0.4535520827933533,33,7.151515151515151,5.0,6.0,9.0
1,1,87,0.458825944221183,33,7.0,5.0,6.0,8.0
1,1,88,0.4640998056490127,33,6.545454545454546,4.0,6.0,8.0
1,1,89,0.4693736670768424,33,6.393939393939394,4.0,6.0,8.0
1,1,90,0.4746475285046721,33,6.393939393939394,4.0,6.0,8.0
1,1,91,0.4799213899325018,33,6.363636363636363,4.0,5.0,8.0
1,1,92,0.4851952513603315,33,6.0606060606060606,4.0,5.0,8.0
1,1,93,0.4904691127881612,33,5.878787878787879,4.0,5.0,8.0
1,1,94,0.4957429742159909,33,6.03030303030303,4.0,5.0,8.0
1,1,95,0.5010168356438206,33,6.0,3.0,5.0,8.0
1,1,96,0.5062906970716503,33,5.636363636363637,3.0,5.0,8.0
1,1,97,0.51156455849948,33,5.606060606060606,3.0,6.0,8.0
1,1,98,0.5168384199273096,33,5.363636363636363,3.0,5.0,8.0
1,1,99,0.5221122813551393,33,5.333333333333333,3.0,5.0,8.0
1,1,100,0.527386142782969,33,5.363636363636363,3.0,5.0,9.0
1,1,101,0.5326600042107987,33,5.090909090909091,3.0,4.0,8.0
1,1,102,0.5379338656386284,33,5.03030303030303,3.0,4.0,7.0
1,1,103,0.5432077270664581,33,4.9393939393939394,3.0,4.0,7.0
1,1,104,0.5484815884942879,33,4.878787878787879,4.0,5.0,7.0
1,1,105,0.5537554499221174,33,4.787878787878788,3.0,5.0,6.0
1,1,106,0.5590293113499472,33,4.818181818181818,3.0,4.0,7.0
1,1,107,0.5643031727777769,33,4.757575757575758,3.0,5.0,7.0
1,1,108,0.5695770342056066,33,4.696969696969697,3.0,5.0,7.0
1,1,109,0.5748508956334363,33,4.575757575757576,3.0,5.0,6.0
1,1,110,0.580124757061266,33,4.424242424242424,3.0,4.0,6.0
1,1,111,0.5853986184890957,33,4.333333333333333,3.0,4.0,6.0
1,1,112,0.5906724799169253,33,4.303030303030303,3.0,4.0,6.0
1,1,113,0.595946341344755,33,4.212121212121212,3.0,4.0,6.0
1,1,114,0.6012202027725847,33,4.424242424242424,3.0,4.0,6.0
1,1,115,0.6064940642004144,33,4.363636363636363,3.0,5.0,6.0
1,1,116,0.6117679256282441,33,4.212121212121212,3.0,4.0,6.0
1,1,117,0.6170417870560738,33,4.0606060606060606,2.0,4.0,6.0
1,1,118,0.6223156484839034,33,3.9696969696969697,2.0,4.0,6.0
1,1,119,0.6275895099117331,33,3.878787878787879,2.0,4.0,5.0
1,1,120,0.6328633713395628,33,3.696969696969697,2.0,4.0,5.0
1,1,121,0.6381372327673925,33,3.696969696969697,2.0,3.0,5.0
1,1,122,0.6434110941952222,33,3.5454545454545454,2.0,3.0,4.0
1,1,123,0.648684955623052,33,3.5454545454545454,2.0,3.0,4.0
1,1,124,0.6539588170508817,33,3.4242424242424243,2.0,3.0,4.0
1,1,125,0.6592326784787113,33,3.303030303030303,1.0,3.0,5.0
1,1,126,0.664506539906541,33,3.303030303030303,1.0,3.0,5.0
1,1,127,0.6697804013343707,33,3.1515151515151514,1.0,3.0,4.0
1,1,128,0.6750542627622004,33,3.060606060606061,1.0,3.0,4.0
1,1,129,0.6803281241900301,33,3.0303030303030303,1.0,3.0,4.0
1,1,130,0.6856019856178598,33,2.9696969696969697,1.0,3.0,5.0
1,1,131,0.6908758470456895,33,3.060606060606061,1.0,3.0,5.0
1,1,132,0.6961497084735191,33,2.909090909090909,1.0,3.0,4.0
1,1,133,0.7014235699013488,33,2.8181818181818183,1.0,3.0,4.0
1,1,134,0.7066974313291785,33,2.787878787878788,1.0,3.0,4.0
1,1,135,0.7119712927570082,33,2.606060606060606,1.0,2.0,4.0
1,1,136,0.7172451541848379,33,2.6666666666666665,1.0,3.0,4.0
1,1,137,0.7225190156126676,33,2.696969696969697,1.0,3.0,4.0
1,1,138,0.7277928770404973,33,2.727272727272727,1.0,2.0,4.0
1,1,139,0.7330667384683269,33,2.727272727272727,1.0,3.0,4.0
1,1,140,0.7383405998961566,33,2.6666666666666665,1.0,3.0,4.0
1,1,141,0.7436144613239863,33,2.636363636363636,1.0,2.0,4.0
1,1,142,0.748888322751816,33,2.606060606060606,1.0,3.0,4.0
1,1,143,0.7541621841796458,33,2.4242424242424243,1.0,3.0,3.0
1,1,144,0.7594360456074755,33,2.4242424242424243,1.0,2.0,4.0
1,1,145,0.7647099070353051,33,2.333333333333333,1.0,2.0,4.0
1,1,146,0.7699837684631348,33,2.303030303030303,1.0,2.0,4.0
1,1,147,0.7752576298909645,33,2.1818181818181817,1.0,2.0,3.0
1,1,148,0.7805314913187942,33,2.060606060606061,0.0,2.0,3.0
1,1,149,0.7858053527466239,33,2.060606060606061,0.0,2.0,3.0
1,1,150,0.7910792141744536,33,1.9696969696969695,0.0,2.0,3.0
1,1,151,0.7963530756022833,33,1.9393939393939397,0.0,2.0,3.0
1,1,152,0.8016269370301129,33,1.878787878787879,0.0,2.0,3.0
1,1,153,0.8069007984579426,33,1.878787878787879,0.0,2.0,3.0
1,1,154,0.8121746598857723,33,1.7272727272727273,0.0,2.0,3.0
1,1,155,0.817448521313602,33,1.7575757575757576,0.0,2.0,3.0
1,1,156,0.8227223827414317,33,1.7272727272727273,0.0,2.0,3.0
1,1,157,0.8279962441692614,33,1.696969696969697,0.0,2.0,3.0
1,1,158,0.8332701055970911,33,1.6666666666666667,0.0,2.0,3.0
1,1,159,0.8385439670249207,33,1.6666666666666667,0.0,2.0,3.0
1,1,160,0.8438178284527504,33,1.6666666666666667,0.0,2.0,3.0
1,1,161,0.8490916898805801,33,1.606060606060606,0.0,2.0,3.0
1,1,162,0.8543655513084099,33,1.5757575757575757,0.0,2.0,2.0
1,1,163,0.8596394127362396,33,1.5454545454545454,0.0,2.0,2.0
1,1,164,0.8649132741640693,33,1.5151515151515151,0.0,2.0,2.0
1,1,165,0.870187135591899,33,1.393939393939394,0.0,1.0,2.0
1,1,166,0.8754609970197286,33,1.2727272727272727,0.0,1.0,2.0
1,1,167,0.8807348584475583,33,1.303030303030303,0.0,1.0,2.0
1,1,168,0.886008719875388,33,1.3333333333333333,0.0,1.0,2.0
1,1,169,0.8912825813032177,33,1.2727272727272727,0.0,1.0,2.0
1,1,170,0.8965564427310474,33,1.2727272727272727,0.0,1.0,2.0
1,1,171,0.9018303041588772,33,1.303030303030303,0.0,1.0,2.0
1,1,172,0.9071041655867068,33,1.2727272727272727,0.0,1.0,2.0
1,1,173,0.9123780270145364,33,1.181818181818182,0.0,1.0,2.0
1,1,174,0.917651888442366,33,1.181818181818182,0.0,1.0,2.0
1,1,175,0.9229257498701958,33,1.0909090909090908,0.0,1.0,2.0
1,1,176,0.9281996112980256,33,1.0909090909090908,0.0,1.0,2.0
1,1,177,0.9334734727258552,33,1.0909090909090908,0.0,1.0,2.0
1,1,178,0.9387473341536848,33,1.0303030303030305,0.0,1.0,2.0
1,1,179,0.9440211955815144,33,1.0303030303030305,0.0,1.0,2.0
1,1,180,0.9492950570093442,33,0.9696969696969696,0.0,1.0,2.0
1,1,181,0.954568918437174,33,0.9393939393939394,0.0,1.0,2.0
1,1,182,0.9598427798650035,33,0.9696969696969696,0.0,1.0,2.0
1,1,183,0.9651166412928334,33,0.9393939393939394,0.0,1.0,2.0
1,1,184,0.9703905027206632,33,0.9090909090909092,0.0,1.0,2.0
1,1,185,0.9756643641484928,33,0.8787878787878788,0.0,1.0,2.0
1,1,186,0.9809382255763224,33,0.9090909090909092,0.0,1.0,2.0
1,1,187,0.986212087004152,33,0.9393939393939394,0.0,1.0,2.0
1,1,188,0.9914859484319818,33,0.9393939393939394,0.0,1.0,2.0
1,1,189,0.9967598098598116,33,0.9090909090909092,0.0,0.0,2.0
1,1,190,1.0020336712876412,33,0.9090909090909092,0.0,0.0,2.0
1,1,191,1.0073075327154708,33,0.8787878787878788,0.0,0.0,2.0
1,1,192,1.0125813941433006,33,0.8787878787878788,0.0,0.0,2.0
1,1,193,1.0178552555711302,33,0.8787878787878788,0.0,0.0,2.0
1,1,194,1.02312911699896,33,0.8787878787878788,0.0,0.0,1.0
1,1,195,1.0284029784267896,33,0.8484848484848485,0.0,0.0,1.0
1,1,196,1.0336768398546192,33,0.8484848484848485,0.0,0.0,1.0
1,1,197,1.038950701282449,33,0.7575757575757576,0.0,0.0,1.0
1,1,198,1.0442245627102786,33,0.696969696969697,0.0,0.0,1.0
1,1,199,1.0494984241381085,33,0.7272727272727273,0.0,0.0,1.0
1,1,200,1.054772285565938,33,0.696969696969697,0.0,0.0,1.0
1,1,201,1.060046146993768,33,0.6666666666666666,0.0,0.0,1.0
1,1,202,1.0653200084215977,33,0.6060606060606061,0.0,0.0,1.0
1,1,203,1.070593869849427,33,0.6060606060606061,0.0,0.0,1.0
1,1,204,1.0758677312772569,33,0.6363636363636364,0.0,0.0,1.0
1,1,205,1.0811415927050865,33,0.6060606060606061,0.0,0.0,1.0
1,1,206,1.0864154541329163,33,0.6060606060606061,0.0,0.0,1.0
1,1,207,1.091689315560746,33,0.6060606060606061,0.0,0.0,1.0
1,1,208,1.0969631769885757,33,0.6060606060606061,0.0,0.0,1.0
1,1,209,1.1022370384164053,33,0.5454545454545454,0.0,0.0,1.0
1,1,210,1.107510899844235,33,0.5454545454545454,0.0,0.0,1.0
1,1,211,1.1127847612720647,33,0.5454545454545454,0.0,0.0,1.0
1,1,212,1.1180586226998943,33,0.5454545454545454,0.0,0.0,1.0
1,1,213,1.123332484127724,33,0.5454545454545454,0.0,0.0,1.0
1,1,214,1.1286063455555535,33,0.5454545454545454,0.0,0.0,1.0
1,1,215,1.1338802069833835,33,0.5454545454545454,0.0,0.0,1.0
1,1,216,1.1391540684112131,33,0.5454545454545454,0.0,0.0,1.0
1,1,217,1.1444279298390427,33,0.4848484848484848,0.0,0.0,1.0
1,1,218,1.1497017912668726,33,0.4848484848484848,0.0,0.0,1.0
1,1,219,1.154975652694702,33,0.4545454545454545,0.0,0.0,1.0
1,1,220,1.160249514122532,33,0.4545454545454545,0.0,0.0,1.0
1,1,221,1.1655233755503616,33,0.4545454545454545,0.0,0.0,1.0
1,1,222,1.1707972369781914,33,0.4545454545454545,0.0,0.0,1.0
1,1,223,1.176071098406021,33,0.4545454545454545,0.0,0.0,1.0
1,1,224,1.1813449598338506,33,0.4545454545454545,0.0,0.0,1.0
1,1,225,1.1866188212616804,33,0.4545454545454545,0.0,0.0,1.0
1,1,226,1.19189268268951,33,0.4242424242424242,0.0,0.0,1.0
1,1,227,1.1971665441173398,33,0.3939393939393939,0.0,0.0,1.0
1,1,228,1.2024404055451694,33,0.3939393939393939,0.0,0.0,1.0
1,1,229,1.2077142669729992,33,0.3939393939393939,0.0,0.0,1.0
1,1,230,1.2129881284008288,33,0.3939393939393939,0.0,0.0,1.0
1,1,231,1.2182619898286584,33,0.3939393939393939,0.0,0.0,1.0
1,1,232,1.2235358512564882,33,0.3636363636363636,0.0,0.0,1.0
1,1,233,1.2288097126843178,33,0.3636363636363636,0.0,0.0,1.0
1,1,234,1.2340835741121476,33,0.3333333333333333,0.0,0.0,1.0
1,1,235,1.2393574355399772,33,0.303030303030303,0.0,0.0,1.0
1,1,236,1.2446312969678068,33,0.303030303030303,0.0,0.0,1.0
1,1,237,1.2499051583956369,33,0.2424242424242424,0.0,0.0,0.0
1,1,238,1.2551790198234662,33,0.2424242424242424,0.0,0.0,0.0
1,1,239,1.260452881251296,33,0.2424242424242424,0.0,0.0,0.0
1,1,240,1.2657267426791257,33,0.2424242424242424,0.0,0.0,0.0
1,1,241,1.2710006041069557,33,0.2424242424242424,0.0,0.0,0.0
1,1,242,1.276274465534785,33,0.2424242424242424,0.0,0.0,0.0
1,1,243,1.281548326962615,33,0.2424242424242424,0.0,0.0,0.0
1,1,244,1.2868221883904445,33,0.2424242424242424,0.0,0.0,0.0
1,1,245,1.292096049818274,33,0.2424242424242424,0.0,0.0,0.0
1,1,246,1.297369911246104,33,0.2424242424242424,0.0,0.0,0.0
1,1,247,1.3026437726739335,33,0.2424242424242424,0.0,0.0,0.0
1,1,248,1.307917634101763,33,0.2424242424242424,0.0,0.0,0.0
1,1,249,1.313191495529593,33,0.2424242424242424,0.0,0.0,0.0
1,1,250,1.3184653569574225,33,0.2121212121212121,0.0,0.0,0.0
1,1,251,1.3237392183852523,33,0.2121212121212121,0.0,0.0,0.0
1,1,252,1.329013079813082,33,0.2121212121212121,0.0,0.0,0.0
1,1,253,1.3342869412409115,33,0.2121212121212121,0.0,0.0,0.0
1,1,254,1.3395608026687411,33,0.2121212121212121,0.0,0.0,0.0
1,1,255,1.3448346640965712,33,0.2121212121212121,0.0,0.0,0.0
1,1,256,1.3501085255244007,33,0.2424242424242424,0.0,0.0,0.0
1,1,257,1.3553823869522303,33,0.2424242424242424,0.0,0.0,0.0
1,1,258,1.3606562483800602,33,0.2424242424242424,0.0,0.0,0.0
1,1,259,1.3659301098078898,33,0.2424242424242424,0.0,0.0,0.0
1,1,260,1.3712039712357196,33,0.2424242424242424,0.0,0.0,0.0
1,1,261,1.3764778326635492,33,0.2424242424242424,0.0,0.0,0.0
1,1,262,1.381751694091379,33,0.2424242424242424,0.0,0.0,0.0
1,1,263,1.3870255555192086,33,0.2424242424242424,0.0,0.0,0.0
1,1,264,1.3922994169470382,33,0.2424242424242424,0.0,0.0,0.0
1,1,265,1.397573278374868,33,0.2424242424242424,0.0,0.0,0.0
1,1,266,1.4028471398026976,33,0.1818181818181818,0.0,0.0,0.0
1,1,267,1.4081210012305274,33,0.1818181818181818,0.0,0.0,0.0
1,1,268,1.413394862658357,33,0.1818181818181818,0.0,0.0,0.0
1,1,269,1.4186687240861868,33,0.1818181818181818,0.0,0.0,0.0
1,1,270,1.4239425855140164,33,0.1818181818181818,0.0,0.0,0.0
1,1,271,1.429216446941846,33,0.1818181818181818,0.0,0.0,0.0
1,1,272,1.4344903083696758,33,0.1818181818181818,0.0,0.0,0.0
1,1,273,1.4397641697975054,33,0.1818181818181818,0.0,0.0,0.0
1,1,274,1.4450380312253353,33,0.1818181818181818,0.0,0.0,0.0
1,1,275,1.4503118926531648,33,0.1818181818181818,0.0,0.0,0.0
1,1,276,1.4555857540809949,33,0.1515151515151515,0.0,0.0,0.0
1,1,277,1.4608596155088245,33,0.1515151515151515,0.0,0.0,0.0
1,1,278,1.466133476936654,33,0.1515151515151515,0.0,0.0,0.0
1,1,279,1.4714073383644837,33,0.1515151515151515,0.0,0.0,0.0
1,1,280,1.4766811997923133,33,0.1515151515151515,0.0,0.0,0.0
1,1,281,1.481955061220143,33,0.1515151515151515,0.0,0.0,0.0
1,1,282,1.487228922647973,33,0.1515151515151515,0.0,0.0,0.0
1,1,283,1.4925027840758025,33,0.1515151515151515,0.0,0.0,0.0
1,1,284,1.497776645503632,33,0.1515151515151515,0.0,0.0,0.0
1,1,285,1.5030505069314617,33,0.1515151515151515,0.0,0.0,0.0
1,1,286,1.5083243683592915,33,0.1515151515151515,0.0,0.0,0.0
1,1,287,1.513598229787121,33,0.1515151515151515,0.0,0.0,0.0
1,1,288,1.518872091214951,33,0.1515151515151515,0.0,0.0,0.0
1,1,289,1.5241459526427803,33,0.1515151515151515,0.0,0.0,0.0
1,1,290,1.52941981407061,33,0.1212121212121212,0.0,0.0,0.0
1,1,291,1.53469367549844,33,0.1212121212121212,0.0,0.0,0.0
1,1,292,1.5399675369262695,33,0.1212121212121212,0.0,0.0,0.0
1,1,293,1.5452413983540991,33,0.1212121212121212,0.0,0.0,0.0
1,1,294,1.550515259781929,33,0.1212121212121212,0.0,0.0,0.0
1,1,295,1.5557891212097588,33,0.1212121212121212,0.0,0.0,0.0
1,1,296,1.5610629826375884,33,0.1212121212121212,0.0,0.0,0.0
1,1,297,1.566336844065418,33,0.1212121212121212,0.0,0.0,0.0
1,1,298,1.5716107054932478,33,0.1212121212121212,0.0,0.0,0.0
1,1,299,1.5768845669210774,33,0.1212121212121212,0.0,0.0,0.0
1,1,300,1.5821584283489072,33,0.1212121212121212,0.0,0.0,0.0
1,1,301,1.5874322897767368,33,0.1212121212121212,0.0,0.0,0.0
1,1,302,1.5927061512045666,33,0.1212121212121212,0.0,0.0,0.0
1,1,303,1.5979800126323962,33,0.1212121212121212,0.0,0.0,0.0
1,1,304,1.6032538740602258,33,0.0909090909090909,0.0,0.0,0.0
1,1,305,1.6085277354880556,33,0.0909090909090909,0.0,0.0,0.0
1,1,306,1.6138015969158852,33,0.0909090909090909,0.0,0.0,0.0
1,1,307,1.619075458343715,33,0.0909090909090909,0.0,0.0,0.0
1,1,308,1.6243493197715446,33,0.0909090909090909,0.0,0.0,0.0
1,1,309,1.6296231811993744,33,0.0909090909090909,0.0,0.0,0.0
1,1,310,1.634897042627204,33,0.0909090909090909,0.0,0.0,0.0
1,1,311,1.6401709040550336,33,0.0909090909090909,0.0,0.0,0.0
1,1,312,1.6454447654828634,33,0.0909090909090909,0.0,0.0,0.0
1,1,313,1.650718626910693,33,0.0909090909090909,0.0,0.0,0.0
1,1,314,1.6559924883385229,33,0.0909090909090909,0.0,0.0,0.0
1,1,315,1.6612663497663525,33,0.0909090909090909,0.0,0.0,0.0
1,1,316,1.6665402111941825,33,0.0909090909090909,0.0,0.0,0.0
1,1,317,1.671814072622012,33,0.0909090909090909,0.0,0.0,0.0
1,1,318,1.6770879340498417,33,0.0909090909090909,0.0,0.0,0.0
1,1,319,1.6823617954776713,33,0.0909090909090909,0.0,0.0,0.0
1,1,320,1.6876356569055009,33,0.0909090909090909,0.0,0.0,0.0
1,1,321,1.6929095183333307,33,0.0909090909090909,0.0,0.0,0.0
1,1,322,1.6981833797611603,33,0.0909090909090909,0.0,0.0,0.0
1,1,323,1.70345724118899,33,0.0606060606060606,0.0,0.0,0.0
1,1,324,1.7087311026168197,33,0.0606060606060606,0.0,0.0,0.0
1,1,325,1.7140049640446493,33,0.0606060606060606,0.0,0.0,0.0
1,1,326,1.7192788254724791,33,0.0606060606060606,0.0,0.0,0.0
1,1,327,1.7245526869003087,33,0.0606060606060606,0.0,0.0,0.0
1,1,328,1.7298265483281383,33,0.0606060606060606,0.0,0.0,0.0
1,1,329,1.735100409755968,33,0.0606060606060606,0.0,0.0,0.0
1,1,330,1.740374271183798,33,0.0606060606060606,0.0,0.0,0.0
1,1,331,1.7456481326116275,33,0.0606060606060606,0.0,0.0,0.0
1,1,332,1.7509219940394571,33,0.0606060606060606,0.0,0.0,0.0
1,1,333,1.756195855467287,33,0.0606060606060606,0.0,0.0,0.0
1,1,334,1.7614697168951166,33,0.0606060606060606,0.0,0.0,0.0
1,1,335,1.7667435783229464,33,0.0606060606060606,0.0,0.0,0.0
1,1,336,1.772017439750776,33,0.0606060606060606,0.0,0.0,0.0
1,1,337,1.7772913011786056,33,0.0606060606060606,0.0,0.0,0.0
1,1,338,1.7825651626064354,33,0.0606060606060606,0.0,0.0,0.0
1,1,339,1.787839024034265,33,0.0606060606060606,0.0,0.0,0.0
1,1,340,1.7931128854620948,33,0.0606060606060606,0.0,0.0,0.0
1,1,341,1.7983867468899244,33,0.0606060606060606,0.0,0.0,0.0
1,1,342,1.8036606083177544,33,0.0606060606060606,0.0,0.0,0.0
1,1,343,1.808934469745584,33,0.0606060606060606,0.0,0.0,0.0
1,1,344,1.8142083311734132,33,0.0606060606060606,0.0,0.0,0.0
1,1,345,1.8194821926012432,33,0.0606060606060606,0.0,0.0,0.0
1,1,346,1.8247560540290728,33,0.0606060606060606,0.0,0.0,0.0
1,1,347,1.8300299154569024,33,0.0606060606060606,0.0,0.0,0.0
1,1,348,1.835303776884732,33,0.0606060606060606,0.0,0.0,0.0
1,1,349,1.840577638312562,33,0.0606060606060606,0.0,0.0,0.0
1,1,350,1.845851499740392,33,0.0606060606060606,0.0,0.0,0.0
1,1,351,1.8511253611682208,33,0.0606060606060606,0.0,0.0,0.0
1,1,352,1.856399222596051,33,0.0606060606060606,0.0,0.0,0.0
1,1,353,1.8616730840238809,33,0.0606060606060606,0.0,0.0,0.0
1,1,354,1.8669469454517105,33,0.0606060606060606,0.0,0.0,0.0
1,1,355,1.87222080687954,33,0.0303030303030303,0.0,0.0,0.0
1,1,356,1.8774946683073697,33,0.0303030303030303,0.0,0.0,0.0
1,1,357,1.8827685297351997,33,0.0303030303030303,0.0,0.0,0.0
1,1,358,1.888042391163029,33,0.0303030303030303,0.0,0.0,0.0
1,1,359,1.893316252590859,33,0.0303030303030303,0.0,0.0,0.0
1,1,360,1.8985901140186885,33,0.0303030303030303,0.0,0.0,0.0
1,1,361,1.9038639754465183,33,0.0303030303030303,0.0,0.0,0.0
1,1,362,1.909137836874348,33,0.0303030303030303,0.0,0.0,0.0
1,1,363,1.9144116983021775,33,0.0303030303030303,0.0,0.0,0.0
1,1,364,1.9196855597300075,33,0.0303030303030303,0.0,0.0,0.0
1,1,365,1.924959421157837,33,0.0303030303030303,0.0,0.0,0.0
1,1,366,1.9302332825856667,33,0.0303030303030303,0.0,0.0,0.0
1,1,367,1.9355071440134963,33,0.0303030303030303,0.0,0.0,0.0
1,1,368,1.940781005441326,33,0.0303030303030303,0.0,0.0,0.0
1,1,369,1.946054866869156,33,0.0303030303030303,0.0,0.0,0.0
1,1,370,1.9513287282969856,33,0.0303030303030303,0.0,0.0,0.0
1,1,371,1.9566025897248152,33,0.0303030303030303,0.0,0.0,0.0
1,1,372,1.9618764511526448,33,0.0303030303030303,0.0,0.0,0.0
1,1,373,1.9671503125804743,33,0.0303030303030303,0.0,0.0,0.0
1,1,374,1.972424174008304,33,0.0303030303030303,0.0,0.0,0.0
1,1,375,1.977698035436134,33,0.0303030303030303,0.0,0.0,0.0
1,1,376,1.982971896863964,33,0.0303030303030303,0.0,0.0,0.0
1,1,377,1.9882457582917932,33,0.0303030303030303,0.0,0.0,0.0
1,1,378,1.993519619719623,33,0.0303030303030303,0.0,0.0,0.0
1,1,379,1.9987934811474528,33,0.0303030303030303,0.0,0.0,0.0
1,1,380,2.0040673425752824,33,0.0303030303030303,0.0,0.0,0.0
1,1,381,2.009341204003112,33,0.0303030303030303,0.0,0.0,0.0
1,1,382,2.0146150654309416,33,0.0303030303030303,0.0,0.0,0.0
1,1,383,2.0198889268587714,33,0.0303030303030303,0.0,0.0,0.0
1,1,384,2.025162788286601,33,0.0303030303030303,0.0,0.0,0.0
1,1,385,2.0304366497144306,33,0.0303030303030303,0.0,0.0,0.0
1,1,386,2.0357105111422604,33,0.0303030303030303,0.0,0.0,0.0
1,1,387,2.0409843725700902,33,0.0303030303030303,0.0,0.0,0.0
1,1,388,2.04625823399792,33,0.0303030303030303,0.0,0.0,0.0
1,1,389,2.051532095425749,33,0.0303030303030303,0.0,0.0,0.0
1,1,390,2.0568059568535797,33,0.0303030303030303,0.0,0.0,0.0
1,1,391,2.062079818281409,33,0.0303030303030303,0.0,0.0,0.0
1,1,392,2.0673536797092384,33,0.0303030303030303,0.0,0.0,0.0
1,1,393,2.0726275411370683,33,0.0303030303030303,0.0,0.0,0.0
1,1,394,2.077901402564898,33,0.0303030303030303,0.0,0.0,0.0
1,1,395,2.083175263992728,33,0.0303030303030303,0.0,0.0,0.0
1,1,396,2.0884491254205573,33,0.0303030303030303,0.0,0.0,0.0
1,1,397,2.093722986848387,33,0.0303030303030303,0.0,0.0,0.0
1,1,398,2.098996848276217,33,0.0303030303030303,0.0,0.0,0.0
1,1,399,2.1042707097040463,33,0.0303030303030303,0.0,0.0,0.0
1,1,400,2.109544571131876,33,0.0303030303030303,0.0,0.0,0.0
1,1,401,2.114818432559706,33,0.0303030303030303,0.0,0.0,0.0
1,1,402,2.120092293987536,33,0.0303030303030303,0.0,0.0,0.0
1,1,403,2.125366155415365,33,0.0303030303030303,0.0,0.0,0.0
1,1,404,2.130640016843195,33,0.0303030303030303,0.0,0.0,0.0
1,1,405,2.1359138782710247,33,0.0303030303030303,0.0,0.0,0.0
1,1,406,2.141187739698854,33,0.0303030303030303,0.0,0.0,0.0
1,1,407,2.146461601126684,33,0.0303030303030303,0.0,0.0,0.0
1,1,408,2.1517354625545138,33,0.0303030303030303,0.0,0.0,0.0
1,1,409,2.157009323982344,33,0.0303030303030303,0.0,0.0,0.0
1,1,410,2.162283185410173,33,0.0303030303030303,0.0,0.0,0.0
1,1,411,2.1675570468380028,33,0.0303030303030303,0.0,0.0,0.0
1,1,412,2.1728309082658326,33,0.0303030303030303,0.0,0.0,0.0
1,1,413,2.178104769693662,33,0.0303030303030303,0.0,0.0,0.0
1,1,414,2.183378631121492,33,0.0303030303030303,0.0,0.0,0.0
1,1,415,2.1886524925493216,33,0.0303030303030303,0.0,0.0,0.0
1,1,416,2.1939263539771514,33,0.0303030303030303,0.0,0.0,0.0
1,1,417,2.199200215404981,33,0.0303030303030303,0.0,0.0,0.0
1,1,418,2.2044740768328106,33,0.0303030303030303,0.0,0.0,0.0
1,1,419,2.2097479382606404,33,0.0303030303030303,0.0,0.0,0.0
1,1,420,2.21502179968847,33,0.0303030303030303,0.0,0.0,0.0
1,1,421,2.2202956611163,33,0.0303030303030303,0.0,0.0,0.0
1,1,422,2.225569522544129,33,0.0303030303030303,0.0,0.0,0.0
1,1,423,2.2308433839719592,33,0.0303030303030303,0.0,0.0,0.0
1,1,424,2.2361172453997886,33,0.0303030303030303,0.0,0.0,0.0
1,1,425,2.2413911068276184,33,0.0303030303030303,0.0,0.0,0.0
1,1,426,2.2466649682554483,33,0.0303030303030303,0.0,0.0,0.0
1,1,427,2.2519388296832776,33,0.0303030303030303,0.0,0.0,0.0
1,1,428,2.2572126911111074,33,0.0303030303030303,0.0,0.0,0.0
1,1,429,2.2624865525389373,33,0.0303030303030303,0.0,0.0,0.0
1,1,430,2.267760413966767,33,0.0303030303030303,0.0,0.0,0.0
1,1,431,2.2730342753945965,33,0.0303030303030303,0.0,0.0,0.0
1,1,432,2.2783081368224263,33,0.0303030303030303,0.0,0.0,0.0
1,1,433,2.283581998250256,33,0.0303030303030303,0.0,0.0,0.0
1,1,434,2.288855859678085,33,0.0303030303030303,0.0,0.0,0.0
1,1,435,2.2941297211059157,33,0.0303030303030303,0.0,0.0,0.0
1,1,436,2.299403582533745,33,0.0303030303030303,0.0,0.0,0.0
1,1,437,2.304677443961575,33,0.0303030303030303,0.0,0.0,0.0
1,1,438,2.3099513053894043,33,0.0303030303030303,0.0,0.0,0.0
1,1,439,2.315225166817234,33,0.0303030303030303,0.0,0.0,0.0
1,1,440,2.320499028245064,33,0.0303030303030303,0.0,0.0,0.0
1,1,441,2.3257728896728933,33,0.0303030303030303,0.0,0.0,0.0
1,1,442,2.331046751100723,33,0.0303030303030303,0.0,0.0,0.0
1,1,443,2.336320612528553,33,0.0303030303030303,0.0,0.0,0.0
1,1,444,2.3415944739563828,33,0.0303030303030303,0.0,0.0,0.0
1,1,445,2.346868335384212,33,0.0303030303030303,0.0,0.0,0.0
1,1,446,2.352142196812042,33,0.0303030303030303,0.0,0.0,0.0
1,1,447,2.357416058239872,33,0.0303030303030303,0.0,0.0,0.0
1,1,448,2.362689919667701,33,0.0303030303030303,0.0,0.0,0.0
1,1,449,2.367963781095531,33,0.0303030303030303,0.0,0.0,0.0
1,1,450,2.373237642523361,33,0.0303030303030303,0.0,0.0,0.0
1,1,451,2.3785115039511906,33,0.0303030303030303,0.0,0.0,0.0
1,1,452,2.38378536537902,33,0.0303030303030303,0.0,0.0,0.0
1,1,453,2.38905922680685,33,0.0303030303030303,0.0,0.0,0.0
1,1,454,2.39433308823468,33,0.0303030303030303,0.0,0.0,0.0
1,1,455,2.399606949662509,33,0.0303030303030303,0.0,0.0,0.0
1,1,456,2.404880811090339,33,0.0303030303030303,0.0,0.0,0.0
1,1,457,2.4101546725181686,33,0.0303030303030303,0.0,0.0,0.0
1,1,458,2.4154285339459984,33,0.0303030303030303,0.0,0.0,0.0
1,1,459,2.420702395373828,33,0.0303030303030303,0.0,0.0,0.0
1,1,460,2.4259762568016576,33,0.0303030303030303,0.0,0.0,0.0
1,1,461,2.4312501182294874,33,0.0303030303030303,0.0,0.0,0.0
1,1,462,2.436523979657317,33,0.0303030303030303,0.0,0.0,0.0
1,1,463,2.441797841085146,33,0.0303030303030303,0.0,0.0,0.0
1,1,464,2.4470717025129765,33,0.0303030303030303,0.0,0.0,0.0
1,1,465,2.452345563940806,33,0.0303030303030303,0.0,0.0,0.0
1,1,466,2.457619425368636,33,0.0303030303030303,0.0,0.0,0.0
1,1,467,2.462893286796465,33,0.0303030303030303,0.0,0.0,0.0
1,1,468,2.4681671482242957,33,0.0303030303030303,0.0,0.0,0.0
1,1,469,2.4734410096521247,33,0.0303030303030303,0.0,0.0,0.0
1,1,470,2.4787148710799545,33,0.0303030303030303,0.0,0.0,0.0
1,1,471,2.4839887325077843,33,0.0303030303030303,0.0,0.0,0.0
1,1,472,2.4892625939356137,33,0.0303030303030303,0.0,0.0,0.0
1,1,473,2.4945364553634435,33,0.0303030303030303,0.0,0.0,0.0
1,1,474,2.4998103167912733,33,0.0303030303030303,0.0,0.0,0.0
1,1,475,2.505084178219103,33,0.0303030303030303,0.0,0.0,0.0
1,1,476,2.5103580396469325,33,0.0303030303030303,0.0,0.0,0.0
1,1,477,2.5156319010747623,33,0.0303030303030303,0.0,0.0,0.0
1,1,478,2.520905762502592,33,0.0303030303030303,0.0,0.0,0.0
1,1,479,2.526179623930421,33,0.0303030303030303,0.0,0.0,0.0
1,1,480,2.5314534853582518,33,0.0303030303030303,0.0,0.0,0.0
1,1,481,2.536727346786081,33,0.0303030303030303,0.0,0.0,0.0
1,1,482,2.542001208213911,33,0.0303030303030303,0.0,0.0,0.0
1,1,483,2.5472750696417403,33,0.0303030303030303,0.0,0.0,0.0
1,1,484,2.55254893106957,33,0.0303030303030303,0.0,0.0,0.0
1,1,485,2.5578227924974,33,0.0303030303030303,0.0,0.0,0.0
1,1,486,2.5630966539252293,33,0.0303030303030303,0.0,0.0,0.0
1,1,487,2.568370515353059,33,0.0303030303030303,0.0,0.0,0.0
1,1,488,2.573644376780889,33,0.0303030303030303,0.0,0.0,0.0
1,1,489,2.578918238208719,33,0.0303030303030303,0.0,0.0,0.0
1,1,490,2.584192099636548,33,0.0303030303030303,0.0,0.0,0.0
1,1,491,2.589465961064378,33,0.0303030303030303,0.0,0.0,0.0
1,1,492,2.594739822492208,33,0.0303030303030303,0.0,0.0,0.0
1,1,493,2.600013683920037,33,0.0303030303030303,0.0,0.0,0.0
1,1,494,2.605287545347867,33,0.0303030303030303,0.0,0.0,0.0
1,1,495,2.610561406775697,33,0.0303030303030303,0.0,0.0,0.0
1,1,496,2.615835268203526,33,0.0303030303030303,0.0,0.0,0.0
1,1,497,2.621109129631356,33,0.0303030303030303,0.0,0.0,0.0
1,1,498,2.626382991059186,33,0.0303030303030303,0.0,0.0,0.0
1,1,499,2.631656852487016,33,0.0303030303030303,0.0,0.0,0.0
1,1,500,2.636930713914845,33,0.0303030303030303,0.0,0.0,0.0
1,1,501,2.642204575342675,33,0.0303030303030303,0.0,0.0,0.0
1,1,502,2.6474784367705047,33,0.0303030303030303,0.0,0.0,0.0
1,1,503,2.6527522981983345,33,0.0303030303030303,0.0,0.0,0.0
1,1,504,2.658026159626164,33,0.0303030303030303,0.0,0.0,0.0
1,1,505,2.6633000210539937,33,0.0303030303030303,0.0,0.0,0.0
1,1,506,2.6685738824818235,33,0.0303030303030303,0.0,0.0,0.0
1,1,507,2.673847743909653,33,0.0303030303030303,0.0,0.0,0.0
1,1,508,2.6791216053374827,33,0.0303030303030303,0.0,0.0,0.0
1,1,509,2.6843954667653125,33,0.0303030303030303,0.0,0.0,0.0
1,1,510,2.6896693281931423,33,0.0303030303030303,0.0,0.0,0.0
1,1,511,2.694943189620972,33,0.0,0.0,0.0,0.0
1,2,0,0.0,33,0.0,0.0,0.0,0.0
1,2,1,0.0052738614278296,33,0.0,0.0,0.0,0.0
1,2,2,0.0105477228556593,33,0.0,0.0,0.0,0.0
1,2,3,0.015821584283489,33,0.0,0.0,0.0,0.0
1,2,4,0.0210954457113187,33,0.0,0.0,0.0,0.0
1,2,5,0.0263693071391484,33,0.0303030303030303,0.0,0.0,0.0
1,2,6,0.0316431685669781,33,0.0909090909090909,0.0,0.0,0.0
1,2,7,0.0369170299948078,33,0.1212121212121212,0.0,0.0,0.0
1,2,8,0.0421908914226375,33,0.0909090909090909,0.0,0.0,0.0
1,2,9,0.0474647528504672,33,0.1515151515151515,0.0,0.0,0.0
1,2,10,0.0527386142782969,33,0.2424242424242424,0.0,0.0,0.0
1,2,11,0.0580124757061265,33,0.3333333333333333,0.0,0.0,0.0
1,2,12,0.0632863371339562,33,0.6060606060606061,0.0,0.0,1.0
1,2,13,0.0685601985617859,33,0.6666666666666666,0.0,0.0,1.0
1,2,14,0.0738340599896156,33,0.7272727272727273,0.0,0.0,1.0
1,2,15,0.0791079214174453,33,1.0303030303030305,0.0,0.0,1.0
1,2,16,0.084381782845275,33,1.4848484848484849,0.0,1.0,2.0
1,2,17,0.0896556442731047,33,1.606060606060606,0.0,1.0,2.0
1,2,18,0.0949295057009344,33,1.9393939393939397,0.0,1.0,3.0
1,2,19,0.1002033671287641,33,2.1515151515151514,0.0,2.0,4.0
1,2,20,0.1054772285565938,33,3.0303030303030303,1.0,3.0,4.0
1,2,21,0.1107510899844235,33,4.2727272727272725,3.0,4.0,6.0
1,2,22,0.1160249514122531,33,5.545454545454546,3.0,5.0,8.0
1,2,23,0.1212988128400828,33,6.242424242424242,4.0,6.0,9.0
1,2,24,0.1265726742679125,33,6.848484848484849,5.0,6.0,9.0
1,2,25,0.1318465356957422,33,7.9393939393939394,4.0,9.0,11.0
1,2,26,0.1371203971235719,33,9.333333333333334,5.0,10.0,12.0
1,2,27,0.1423942585514016,33,9.87878787878788,7.0,10.0,13.0
1,2,28,0.1476681199792313,33,10.848484848484848,8.0,11.0,14.0
1,2,29,0.152941981407061,33,11.515151515151516,8.0,11.0,14.0
1,2,30,0.1582158428348907,33,12.636363636363637,9.0,12.0,14.0
1,2,31,0.1634897042627204,33,14.87878787878788,10.0,14.0,18.0
1,2,32,0.1687635656905501,33,16.272727272727273,13.0,15.0,19.0
1,2,33,0.1740374271183797,33,17.96969696969697,14.0,16.0,22.0
1,2,34,0.1793112885462094,33,18.848484848484848,15.0,17.0,20.0
1,2,35,0.1845851499740391,33,19.545454545454547,15.0,19.0,21.0
1,2,36,0.1898590114018688,33,20.21212121212121,16.0,19.0,24.0
1,2,37,0.1951328728296985,33,21.60606060606061,16.0,20.0,27.0
1,2,38,0.2004067342575282,33,22.060606060606062,18.0,20.0,27.0
1,2,39,0.2056805956853579,33,23.24242424242424,20.0,23.0,26.0
1,2,40,0.2109544571131876,33,23.96969696969697,19.0,23.0,29.0
1,2,41,0.2162283185410173,33,24.03030303030303,19.0,21.0,29.0
1,2,42,0.221502179968847,33,24.33333333333333,20.0,22.0,28.0
1,2,43,0.2267760413966766,33,24.87878787878788,20.0,23.0,29.0
1,2,44,0.2320499028245063,33,25.272727272727277,20.0,23.0,29.0
1,2,45,0.237323764252336,33,25.484848484848484,21.0,24.0,28.0
1,2,46,0.2425976256801657,33,25.181818181818183,20.0,22.0,30.0
1,2,47,0.2478714871079954,33,24.33333333333333,19.0,22.0,29.0
1,2,48,0.2531453485358251,33,24.060606060606062,19.0,22.0,27.0
1,2,49,0.2584192099636548,33,23.09090909090909,18.0,21.0,28.0
1,2,50,0.2636930713914845,33,22.454545454545453,18.0,21.0,29.0
1,2,51,0.2689669328193142,33,22.57575757575757,17.0,21.0,28.0
1,2,52,0.2742407942471439,33,21.78787878787879,18.0,21.0,26.0
1,2,53,0.2795146556749736,33,20.63636363636364,16.0,20.0,25.0
1,2,54,0.2847885171028033,33,20.24242424242424,16.0,19.0,24.0
1,2,55,0.290062378530633,33,20.060606060606062,15.0,20.0,23.0
1,2,56,0.2953362399584626,33,20.33333333333333,15.0,20.0,24.0
1,2,57,0.3006101013862923,33,19.78787878787879,15.0,19.0,24.0
1,2,58,0.305883962814122,33,19.33333333333333,15.0,19.0,22.0
1,2,59,0.3111578242419517,33,18.96969696969697,14.0,18.0,21.0
1,2,60,0.3164316856697814,33,18.60606060606061,15.0,18.0,21.0
1,2,61,0.3217055470976111,33,18.060606060606062,13.0,18.0,21.0
1,2,62,0.3269794085254408,33,17.272727272727273,14.0,17.0,20.0
1,2,63,0.3322532699532705,33,16.848484848484848,13.0,16.0,20.0
1,2,64,0.3375271313811002,33,16.03030303030303,13.0,16.0,19.0
1,2,65,0.3428009928089299,33,15.575757575757576,13.0,15.0,18.0
1,2,66,0.3480748542367595,33,15.424242424242424,12.0,15.0,19.0
1,2,67,0.3533487156645892,33,14.636363636363637,11.0,14.0,17.0
1,2,68,0.3586225770924189,33,14.242424242424242,10.0,14.0,18.0
1,2,69,0.3638964385202486,33,13.757575757575758,10.0,13.0,18.0
1,2,70,0.3691702999480783,33,12.87878787878788,10.0,12.0,16.0
1,2,71,0.374444161375908,33,12.363636363636363,9.0,11.0,16.0
1,2,72,0.3797180228037377,33,12.151515151515152,10.0,12.0,16.0
1,2,73,0.3849918842315674,33,12.181818181818182,9.0,12.0,15.0
1,2,74,0.3902657456593971,33,11.787878787878787,9.0,12.0,15.0
1,2,75,0.3955396070872268,33,11.515151515151516,8.0,11.0,14.0
1,2,76,0.4008134685150564,33,10.93939393939394,8.0,11.0,13.0
1,2,77,0.4060873299428861,33,10.545454545454543,9.0,10.0,13.0
1,2,78,0.4113611913707158,33,10.484848484848484,8.0,10.0,13.0
1,2,79,0.4166350527985455,33,10.030303030303031,8.0,9.0,12.0
1,2,80,0.4219089142263752,33,9.696969696969695,8.0,9.0,12.0
1,2,81,0.4271827756542049,33,9.333333333333334,8.0,8.0,13.0
1,2,82,0.4324566370820346,33,9.212121212121213,6.0,9.0,12.0
1,2,83,0.4377304985098643,33,8.575757575757576,6.0,8.0,11.0
1,2,84,0.443004359937694,33,8.303030303030303,6.0,8.0,10.0
1,2,85,0.4482782213655237,33,8.242424242424242,5.0,8.0,11.0
1,2,86,0.4535520827933533,33,7.96969696969697,5.0,7.0,11.0
1,2,87,0.458825944221183,33,8.06060606060606,5.0,7.0,10.0
1,2,88,0.4640998056490127,33,7.878787878787879,6.0,8.0,10.0
1,2,89,0.4693736670768424,33,7.696969696969697,6.0,7.0,10.0
1,2,90,0.4746475285046721,33,7.454545454545454,6.0,7.0,9.0
1,2,91,0.4799213899325018,33,7.303030303030303,5.0,7.0,9.0
1,2,92,0.4851952513603315,33,7.303030303030303,6.0,7.0,9.0
1,2,93,0.4904691127881612,33,7.242424242424242,5.0,7.0,9.0
1,2,94,0.4957429742159909,33,7.0,5.0,6.0,9.0
1,2,95,0.5010168356438206,33,6.545454545454546,5.0,6.0,8.0
1,2,96,0.5062906970716503,33,6.454545454545454,4.0,6.0,8.0
1,2,97,0.51156455849948,33,6.212121212121212,4.0,6.0,8.0
1,2,98,0.5168384199273096,33,5.96969696969697,4.0,5.0,7.0
1,2,99,0.5221122813551393,33,5.96969696969697,4.0,5.0,7.0
1,2,100,0.527386142782969,33,5.878787878787879,4.0,5.0,8.0
1,2,101,0.5326600042107987,33,5.696969696969697,3.0,5.0,8.0
1,2,102,0.5379338656386284,33,5.545454545454546,3.0,5.0,7.0
1,2,103,0.5432077270664581,33,5.606060606060606,3.0,5.0,7.0
1,2,104,0.5484815884942879,33,5.393939393939394,3.0,4.0,8.0
1,2,105,0.5537554499221174,33,5.242424242424242,3.0,5.0,8.0
1,2,106,0.5590293113499472,33,5.090909090909091,3.0,5.0,7.0
1,2,107,0.5643031727777769,33,4.696969696969697,3.0,4.0,6.0
1,2,108,0.5695770342056066,33,4.757575757575758,3.0,4.0,7.0
1,2,109,0.5748508956334363,33,4.96969696969697,3.0,5.0,7.0
1,2,110,0.580124757061266,33,5.0,3.0,5.0,7.0
1,2,111,0.5853986184890957,33,5.0,3.0,5.0,6.0
1,2,112,0.5906724799169253,33,4.848484848484849,3.0,4.0,6.0
1,2,113,0.595946341344755,33,4.757575757575758,3.0,5.0,6.0
1,2,114,0.6012202027725847,33,4.606060606060606,3.0,4.0,6.0
1,2,115,0.6064940642004144,33,4.333333333333333,3.0,4.0,6.0
1,2,116,0.6117679256282441,33,4.363636363636363,3.0,4.0,6.0
1,2,117,0.6170417870560738,33,4.454545454545454,3.0,4.0,6.0
1,2,118,0.6223156484839034,33,4.181818181818182,3.0,4.0,6.0
1,2,119,0.6275895099117331,33,4.151515151515151,3.0,4.0,6.0
1,2,120,0.6328633713395628,33,4.03030303030303,2.0,4.0,6.0
1,2,121,0.6381372327673925,33,4.151515151515151,2.0,4.0,6.0
1,2,122,0.6434110941952222,33,4.151515151515151,2.0,3.0,6.0
1,2,123,0.648684955623052,33,4.212121212121212,2.0,4.0,6.0
1,2,124,0.6539588170508817,33,4.121212121212121,3.0,3.0,5.0
1,2,125,0.6592326784787113,33,4.242424242424242,3.0,4.0,5.0
1,2,126,0.664506539906541,33,4.212121212121212,3.0,4.0,5.0
1,2,127,0.6697804013343707,33,4.090909090909091,2.0,4.0,5.0
1,2,128,0.6750542627622004,33,3.9696969696969697,2.0,3.0,5.0
1,2,129,0.6803281241900301,33,3.8181818181818175,2.0,3.0,5.0
1,2,130,0.6856019856178598,33,3.696969696969697,2.0,3.0,5.0
1,2,131,0.6908758470456895,33,3.515151515151515,2.0,3.0,5.0
1,2,132,0.6961497084735191,33,3.333333333333333,2.0,3.0,5.0
1,2,133,0.7014235699013488,33,3.242424242424242,2.0,3.0,5.0
1,2,134,0.7066974313291785,33,3.242424242424242,2.0,3.0,5.0
1,2,135,0.7119712927570082,33,2.878787878787879,2.0,3.0,4.0
1,2,136,0.7172451541848379,33,2.878787878787879,2.0,3.0,4.0
1,2,137,0.7225190156126676,33,2.787878787878788,2.0,3.0,4.0
1,2,138,0.7277928770404973,33,2.727272727272727,1.0,2.0,4.0
1,2,139,0.7330667384683269,33,2.757575757575758,1.0,2.0,4.0
1,2,140,0.7383405998961566,33,2.6666666666666665,1.0,2.0,4.0
1,2,141,0.7436144613239863,33,2.636363636363636,1.0,2.0,4.0
1,2,142,0.748888322751816,33,2.696969696969697,1.0,2.0,4.0
1,2,143,0.7541621841796458,33,2.696969696969697,1.0,2.0,4.0
1,2,144,0.7594360456074755,33,2.606060606060606,1.0,2.0,4.0
1,2,145,0.7647099070353051,33,2.575757575757576,1.0,2.0,4.0
1,2,146,0.7699837684631348,33,2.575757575757576,1.0,2.0,4.0
1,2,147,0.7752576298909645,33,2.696969696969697,1.0,2.0,4.0
1,2,148,0.7805314913187942,33,2.5454545454545454,1.0,2.0,4.0
1,2,149,0.7858053527466239,33,2.484848484848485,1.0,2.0,4.0
1,2,150,0.7910792141744536,33,2.515151515151515,1.0,2.0,3.0
1,2,151,0.7963530756022833,33,2.4242424242424243,1.0,2.0,3.0
1,2,152,0.8016269370301129,33,2.272727272727273,1.0,2.0,3.0
1,2,153,0.8069007984579426,33,2.212121212121212,1.0,2.0,3.0
1,2,154,0.8121746598857723,33,2.212121212121212,1.0,2.0,3.0
1,2,155,0.817448521313602,33,2.242424242424242,1.0,2.0,3.0
1,2,156,0.8227223827414317,33,2.212121212121212,1.0,2.0,3.0
1,2,157,0.8279962441692614,33,2.212121212121212,1.0,2.0,3.0
1,2,158,0.8332701055970911,33,2.090909090909091,1.0,2.0,3.0
1,2,159,0.8385439670249207,33,2.0,1.0,2.0,3.0
1,2,160,0.8438178284527504,33,1.878787878787879,1.0,2.0,3.0
1,2,161,0.8490916898805801,33,1.7878787878787878,1.0,1.0,3.0
1,2,162,0.8543655513084099,33,1.7272727272727273,1.0,1.0,3.0
1,2,163,0.8596394127362396,33,1.606060606060606,1.0,1.0,2.0
1,2,164,0.8649132741640693,33,1.5454545454545454,1.0,1.0,2.0
1,2,165,0.870187135591899,33,1.5151515151515151,1.0,1.0,2.0
1,2,166,0.8754609970197286,33,1.4242424242424243,1.0,1.0,2.0
1,2,167,0.8807348584475583,33,1.3636363636363635,1.0,1.0,2.0
1,2,168,0.886008719875388,33,1.303030303030303,1.0,1.0,2.0
1,2,169,0.8912825813032177,33,1.2121212121212122,1.0,1.0,2.0
1,2,170,0.8965564427310474,33,1.2121212121212122,1.0,1.0,2.0
1,2,171,0.9018303041588772,33,1.181818181818182,1.0,1.0,2.0
1,2,172,0.9071041655867068,33,1.181818181818182,1.0,1.0,2.0
1,2,173,0.9123780270145364,33,1.1515151515151516,1.0,1.0,2.0
1,2,174,0.917651888442366,33,1.0909090909090908,0.0,1.0,2.0
1,2,175,0.9229257498701958,33,1.0606060606060606,0.0,1.0,2.0
1,2,176,0.9281996112980256,33,1.0303030303030305,0.0,1.0,2.0
1,2,177,0.9334734727258552,33,0.9393939393939394,0.0,1.0,1.0
1,2,178,0.9387473341536848,33,0.9090909090909092,0.0,1.0,1.0
1,2,179,0.9440211955815144,33,0.8787878787878788,0.0,1.0,1.0
1,2,180,0.9492950570093442,33,0.8787878787878788,0.0,1.0,1.0
1,2,181,0.954568918437174,33,0.8787878787878788,0.0,1.0,1.0
1,2,182,0.9598427798650035,33,0.8787878787878788,0.0,1.0,1.0
1,2,183,0.9651166412928334,33,0.8787878787878788,0.0,1.0,1.0
1,2,184,0.9703905027206632,33,0.8484848484848485,0.0,1.0,1.0
1,2,185,0.9756643641484928,33,0.8484848484848485,0.0,1.0,1.0
1,2,186,0.9809382255763224,33,0.8181818181818182,0.0,1.0,1.0
1,2,187,0.986212087004152,33,0.8181818181818182,0.0,1.0,1.0
1,2,188,0.9914859484319818,33,0.7878787878787878,0.0,1.0,1.0
1,2,189,0.9967598098598116,33,0.7878787878787878,0.0,1.0,1.0
1,2,190,1.0020336712876412,33,0.8181818181818182,0.0,1.0,1.0
1,2,191,1.0073075327154708,33,0.7878787878787878,0.0,1.0,1.0
1,2,192,1.0125813941433006,33,0.7878787878787878,0.0,1.0,1.0
1,2,193,1.0178552555711302,33,0.7878787878787878,0.0,1.0,1.0
1,2,194,1.02312911699896,33,0.7575757575757576,0.0,1.0,1.0
1,2,195,1.0284029784267896,33,0.7272727272727273,0.0,1.0,1.0
1,2,196,1.0336768398546192,33,0.7272727272727273,0.0,1.0,1.0
1,2,197,1.038950701282449,33,0.6666666666666666,0.0,1.0,1.0
1,2,198,1.0442245627102786,33,0.6666666666666666,0.0,1.0,1.0
1,2,199,1.0494984241381085,33,0.6363636363636364,0.0,0.0,1.0
1,2,200,1.054772285565938,33,0.6363636363636364,0.0,0.0,1.0
1,2,201,1.060046146993768,33,0.6363636363636364,0.0,0.0,1.0
1,2,202,1.0653200084215977,33,0.6363636363636364,0.0,0.0,1.0
1,2,203,1.070593869849427,33,0.6060606060606061,0.0,0.0,1.0
1,2,204,1.0758677312772569,33,0.6060606060606061,0.0,0.0,1.0
1,2,205,1.0811415927050865,33,0.6363636363636364,0.0,0.0,1.0
1,2,206,1.0864154541329163,33,0.6363636363636364,0.0,0.0,1.0
1,2,207,1.091689315560746,33,0.6363636363636364,0.0,0.0,1.0
1,2,208,1.0969631769885757,33,0.6363636363636364,0.0,0.0,1.0
1,2,209,1.1022370384164053,33,0.6363636363636364,0.0,0.0,1.0
1,2,210,1.107510899844235,33,0.6060606060606061,0.0,0.0,1.0
1,2,211,1.1127847612720647,33,0.5454545454545454,0.0,0.0,1.0
1,2,212,1.1180586226998943,33,0.5151515151515151,0.0,0.0,1.0
1,2,213,1.123332484127724,33,0.4848484848484848,0.0,0.0,1.0
1,2,214,1.1286063455555535,33,0.4848484848484848,0.0,0.0,1.0
1,2,215,1.1338802069833835,33,0.4242424242424242,0.0,0.0,1.0
1,2,216,1.1391540684112131,33,0.4242424242424242,0.0,0.0,1.0
1,2,217,1.1444279298390427,33,0.4242424242424242,0.0,0.0,1.0
1,2,218,1.1497017912668726,33,0.4242424242424242,0.0,0.0,1.0
1,2,219,1.154975652694702,33,0.4242424242424242,0.0,0.0,1.0
1,2,220,1.160249514122532,33,0.4242424242424242,0.0,0.0,1.0
1,2,221,1.1655233755503616,33,0.4242424242424242,0.0,0.0,1.0
1,2,222,1.1707972369781914,33,0.4242424242424242,0.0,0.0,1.0
1,2,223,1.176071098406021,33,0.4242424242424242,0.0,0.0,1.0
1,2,224,1.1813449598338506,33,0.4242424242424242,0.0,0.0,1.0
1,2,225,1.1866188212616804,33,0.4242424242424242,0.0,0.0,1.0
1,2,226,1.19189268268951,33,0.4242424242424242,0.0,0.0,1.0
1,2,227,1.1971665441173398,33,0.4242424242424242,0.0,0.0,1.0
1,2,228,1.2024404055451694,33,0.4242424242424242,0.0,0.0,1.0
1,2,229,1.2077142669729992,33,0.3939393939393939,0.0,0.0,1.0
1,2,230,1.2129881284008288,33,0.3939393939393939,0.0,0.0,1.0
1,2,231,1.2182619898286584,33,0.3636363636363636,0.0,0.0,1.0
1,2,232,1.2235358512564882,33,0.3636363636363636,0.0,0.0,1.0
1,2,233,1.2288097126843178,33,0.3636363636363636,0.0,0.0,1.0
1,2,234,1.2340835741121476,33,0.3636363636363636,0.0,0.0,1.0
1,2,235,1.2393574355399772,33,0.3636363636363636,0.0,0.0,1.0
1,2,236,1.2446312969678068,33,0.3636363636363636,0.0,0.0,1.0
1,2,237,1.2499051583956369,33,0.3636363636363636,0.0,0.0,1.0
1,2,238,1.2551790198234662,33,0.3636363636363636,0.0,0.0,1.0
1,2,239,1.260452881251296,33,0.3636363636363636,0.0,0.0,1.0
1,2,240,1.2657267426791257,33,0.3636363636363636,0.0,0.0,1.0
1,2,241,1.2710006041069557,33,0.3636363636363636,0.0,0.0,1.0
1,2,242,1.276274465534785,33,0.3636363636363636,0.0,0.0,1.0
1,2,243,1.281548326962615,33,0.3636363636363636,0.0,0.0,1.0
1,2,244,1.2868221883904445,33,0.3636363636363636,0.0,0.0,1.0
1,2,245,1.292096049818274,33,0.3333333333333333,0.0,0.0,1.0
1,2,246,1.297369911246104,33,0.303030303030303,0.0,0.0,1.0
1,2,247,1.3026437726739335,33,0.303030303030303,0.0,0.0,1.0
1,2,248,1.307917634101763,33,0.303030303030303,0.0,0.0,1.0
1,2,249,1.313191495529593,33,0.303030303030303,0.0,0.0,1.0
1,2,250,1.3184653569574225,33,0.303030303030303,0.0,0.0,1.0
1,2,251,1.3237392183852523,33,0.303030303030303,0.0,0.0,1.0
1,2,252,1.329013079813082,33,0.303030303030303,0.0,0.0,1.0
1,2,253,1.3342869412409115,33,0.303030303030303,0.0,0.0,1.0
1,2,254,1.3395608026687411,33,0.303030303030303,0.0,0.0,1.0
1,2,255,1.3448346640965712,33,0.303030303030303,0.0,0.0,1.0
1,2,256,1.3501085255244007,33,0.303030303030303,0.0,0.0,1.0
1,2,257,1.3553823869522303,33,0.303030303030303,0.0,0.0,1.0
1,2,258,1.3606562483800602,33,0.2727272727272727,0.0,0.0,0.0
1,2,259,1.3659301098078898,33,0.2727272727272727,0.0,0.0,0.0
1,2,260,1.3712039712357196,33,0.2727272727272727,0.0,0.0,0.0
1,2,261,1.3764778326635492,33,0.2727272727272727,0.0,0.0,0.0
1,2,262,1.381751694091379,33,0.2727272727272727,0.0,0.0,0.0
1,2,263,1.3870255555192086,33,0.2727272727272727,0.0,0.0,0.0
1,2,264,1.3922994169470382,33,0.2727272727272727,0.0,0.0,0.0
1,2,265,1.397573278374868,33,0.2727272727272727,0.0,0.0,0.0
1,2,266,1.4028471398026976,33,0.2727272727272727,0.0,0.0,0.0
1,2,267,1.4081210012305274,33,0.2424242424242424,0.0,0.0,0.0
1,2,268,1.413394862658357,33,0.2424242424242424,0.0,0.0,0.0
1,2,269,1.4186687240861868,33,0.2424242424242424,0.0,0.0,0.0
1,2,270,1.4239425855140164,33,0.2424242424242424,0.0,0.0,0.0
1,2,271,1.429216446941846,33,0.2424242424242424,0.0,0.0,0.0
1,2,272,1.4344903083696758,33,0.2424242424242424,0.0,0.0,0.0
1,2,273,1.4397641697975054,33,0.2424242424242424,0.0,0.0,0.0
1,2,274,1.4450380312253353,33,0.2121212121212121,0.0,0.0,0.0
1,2,275,1.4503118926531648,33,0.2121212121212121,0.0,0.0,0.0
1,2,276,1.4555857540809949,33,0.2121212121212121,0.0,0.0,0.0
1,2,277,1.4608596155088245,33,0.2121212121212121,0.0,0.0,0.0
1,2,278,1.466133476936654,33,0.2121212121212121,0.0,0.0,0.0
1,2,279,1.4714073383644837,33,0.2121212121212121,0.0,0.0,0.0
1,2,280,1.4766811997923133,33,0.2121212121212121,0.0,0.0,0.0
1,2,281,1.481955061220143,33,0.2121212121212121,0.0,0.0,0.0
1,2,282,1.487228922647973,33,0.2121212121212121,0.0,0.0,0.0
1,2,283,1.4925027840758025,33,0.2121212121212121,0.0,0.0,0.0
1,2,284,1.497776645503632,33,0.2121212121212121,0.0,0.0,0.0
1,2,285,1.5030505069314617,33,0.1818181818181818,0.0,0.0,0.0
1,2,286,1.5083243683592915,33,0.1515151515151515,0.0,0.0,0.0
1,2,287,1.513598229787121,33,0.1515151515151515,0.0,0.0,0.0
1,2,288,1.518872091214951,33,0.1515151515151515,0.0,0.0,0.0
1,2,289,1.5241459526427803,33,0.1515151515151515,0.0,0.0,0.0
1,2,290,1.52941981407061,33,0.1515151515151515,0.0,0.0,0.0
1,2,291,1.53469367549844,33,0.1515151515151515,0.0,0.0,0.0
1,2,292,1.5399675369262695,33,0.1515151515151515,0.0,0.0,0.0
1,2,293,1.5452413983540991,33,0.1515151515151515,0.0,0.0,0.0
1,2,294,1.550515259781929,33,0.1515151515151515,0.0,0.0,0.0
1,2,295,1.5557891212097588,33,0.1515151515151515,0.0,0.0,0.0
1,2,296,1.5610629826375884,33,0.1515151515151515,0.0,0.0,0.0
1,2,297,1.566336844065418,33,0.1515151515151515,0.0,0.0,0.0
1,2,298,1.5716107054932478,33,0.1515151515151515,0.0,0.0,0.0
1,2,299,1.5768845669210774,33,0.1212121212121212,0.0,0.0,0.0
1,2,300,1.5821584283489072,33,0.1212121212121212,0.0,0.0,0.0
1,2,301,1.5874322897767368,33,0.1212121212121212,0.0,0.0,0.0
1,2,302,1.5927061512045666,33,0.1212121212121212,0.0,0.0,0.0
1,2,303,1.5979800126323962,33,0.1212121212121212,0.0,0.0,0.0
1,2,304,1.6032538740602258,33,0.1212121212121212,0.0,0.0,0.0
1,2,305,1.6085277354880556,33,0.1212121212121212,0.0,0.0,0.0
1,2,306,1.6138015969158852,33,0.1212121212121212,0.0,0.0,0.0
1,2,307,1.619075458343715,33,0.1212121212121212,0.0,0.0,0.0
1,2,308,1.6243493197715446,33,0.1212121212121212,0.0,0.0,0.0
1,2,309,1.6296231811993744,33,0.1212121212121212,0.0,0.0,0.0
1,2,310,1.634897042627204,33,0.0909090909090909,0.0,0.0,0.0
1,2,311,1.6401709040550336,33,0.0909090909090909,0.0,0.0,0.0
1,2,312,1.6454447654828634,33,0.0909090909090909,0.0,0.0,0.0
1,2,313,1.650718626910693,33,0.0909090909090909,0.0,0.0,0.0
1,2,314,1.6559924883385229,33,0.0909090909090909,0.0,0.0,0.0
1,2,315,1.6612663497663525,33,0.0909090909090909,0.0,0.0,0.0
1,2,316,1.6665402111941825,33,0.0909090909090909,0.0,0.0,0.0
1,2,317,1.671814072622012,33,0.0909090909090909,0.0,0.0,0.0
1,2,318,1.6770879340498417,33,0.0909090909090909,0.0,0.0,0.0
1,2,319,1.6823617954776713,33,0.0909090909090909,0.0,0.0,0.0
1,2,320,1.6876356569055009,33,0.0909090909090909,0.0,0.0,0.0
1,2,321,1.6929095183333307,33,0.0909090909090909,0.0,0.0,0.0
1,2,322,1.6981833797611603,33,0.0909090909090909,0.0,0.0,0.0
1,2,323,1.70345724118899,33,0.0909090909090909,0.0,0.0,0.0
1,2,324,1.7087311026168197,33,0.0909090909090909,0.0,0.0,0.0
1,2,325,1.7140049640446493,33,0.0909090909090909,0.0,0.0,0.0
1,2,326,1.7192788254724791,33,0.0909090909090909,0.0,0.0,0.0
1,2,327,1.7245526869003087,33,0.0909090909090909,0.0,0.0,0.0
1,2,328,1.7298265483281383,33,0.0909090909090909,0.0,0.0,0.0
1,2,329,1.735100409755968,33,0.0909090909090909,0.0,0.0,0.0
1,2,330,1.740374271183798,33,0.0909090909090909,0.0,0.0,0.0
1,2,331,1.7456481326116275,33,0.0909090909090909,0.0,0.0,0.0
1,2,332,1.7509219940394571,33,0.0909090909090909,0.0,0.0,0.0
1,2,333,1.756195855467287,33,0.0909090909090909,0.0,0.0,0.0
1,2,334,1.7614697168951166,33,0.0909090909090909,0.0,0.0,0.0
1,2,335,1.7667435783229464,33,0.0909090909090909,0.0,0.0,0.0
1,2,336,1.772017439750776,33,0.0909090909090909,0.0,0.0,0.0
1,2,337,1.7772913011786056,33,0.0909090909090909,0.0,0.0,0.0
1,2,338,1.7825651626064354,33,0.0909090909090909,0.0,0.0,0.0
1,2,339,1.787839024034265,33,0.0909090909090909,0.0,0.0,0.0
1,2,340,1.7931128854620948,33,0.0909090909090909,0.0,0.0,0.0
1,2,341,1.7983867468899244,33,0.0909090909090909,0.0,0.0,0.0
1,2,342,1.8036606083177544,33,0.0909090909090909,0.0,0.0,0.0
1,2,343,1.808934469745584,33,0.0909090909090909,0.0,0.0,0.0
1,2,344,1.8142083311734132,33,0.0909090909090909,0.0,0.0,0.0
1,2,345,1.8194821926012432,33,0.0909090909090909,0.0,0.0,0.0
1,2,346,1.8247560540290728,33,0.0909090909090909,0.0,0.0,0.0
1,2,347,1.8300299154569024,33,0.0909090909090909,0.0,0.0,0.0
1,2,348,1.835303776884732,33,0.0909090909090909,0.0,0.0,0.0
1,2,349,1.840577638312562,33,0.0909090909090909,0.0,0.0,0.0
1,2,350,1.845851499740392,33,0.0909090909090909,0.0,0.0,0.0
1,2,351,1.8511253611682208,33,0.0909090909090909,0.0,0.0,0.0
1,2,352,1.856399222596051,33,0.0909090909090909,0.0,0.0,0.0
1,2,353,1.8616730840238809,33,0.0909090909090909,0.0,0.0,0.0
1,2,354,1.8669469454517105,33,0.0909090909090909,0.0,0.0,0.0
1,2,355,1.87222080687954,33,0.0909090909090909,0.0,0.0,0.0
1,2,356,1.8774946683073697,33,0.0909090909090909,0.0,0.0,0.0
1,2,357,1.8827685297351997,33,0.0909090909090909,0.0,0.0,0.0
1,2,358,1.888042391163029,33,0.0909090909090909,0.0,0.0,0.0
1,2,359,1.893316252590859,33,0.0909090909090909,0.0,0.0,0.0
1,2,360,1.8985901140186885,33,0.0909090909090909,0.0,0.0,0.0
1,2,361,1.9038639754465183,33,0.0303030303030303,0.0,0.0,0.0
1,2,362,1.909137836874348,33,0.0303030303030303,0.0,0.0,0.0
1,2,363,1.9144116983021775,33,0.0303030303030303,0.0,0.0,0.0
1,2,364,1.9196855597300075,33,0.0303030303030303,0.0,0.0,0.0
1,2,365,1.924959421157837,33,0.0303030303030303,0.0,0.0,0.0
1,2,366,1.9302332825856667,33,0.0303030303030303,0.0,0.0,0.0
1,2,367,1.9355071440134963,33,0.0,0.0,0.0,0.0
1,2,368,1.940781005441326,33,0.0,0.0,0.0,0.0
1,2,369,1.946054866869156,33,0.0,0.0,0.0,0.0
1,2,370,1.9513287282969856,33,0.0,0.0,0.0,0.0
1,2,371,1.9566025897248152,33,0.0,0.0,0.0,0.0
1,2,372,1.9618764511526448,33,0.0,0.0,0.0,0.0
1,2,373,1.9671503125804743,33,0.0,0.0,0.0,0.0
1,2,374,1.972424174008304,33,0.0,0.0,0.0,0.0
1,2,375,1.977698035436134,33,0.0,0.0,0.0,0.0
1,2,376,1.982971896863964,33,0.0,0.0,0.0,0.0
1,2,377,1.9882457582917932,33,0.0,0.0,0.0,0.0
1,2,378,1.993519619719623,33,0.0,0.0,0.0,0.0
1,2,379,1.9987934811474528,33,0.0,0.0,0.0,0.0
1,2,380,2.0040673425752824,33,0.0,0.0,0.0,0.0
1,2,381,2.009341204003112,33,0.0,0.0,0.0,0.0
1,2,382,2.0146150654309416,33,0.0,0.0,0.0,0.0
1,2,383,2.0198889268587714,33,0.0,0.0,0.0,0.0
1,2,384,2.025162788286601,33,0.0,0.0,0.0,0.0
1,2,385,2.0304366497144306,33,0.0,0.0,0.0,0.0
1,2,386,2.0357105111422604,33,0.0,0.0,0.0,0.0
1,2,387,2.0409843725700902,33,0.0,0.0,0.0,0.0
1,2,388,2.04625823399792,33,0.0,0.0,0.0,0.0
1,2,389,2.051532095425749,33,0.0,0.0,0.0,0.0
1,2,390,2.0568059568535797,33,0.0,0.0,0.0,0.0
1,2,391,2.062079818281409,33,0.0,0.0,0.0,0.0
1,2,392,2.0673536797092384,33,0.0,0.0,0.0,0.0
1,2,393,2.0726275411370683,33,0.0,0.0,0.0,0.0
1,2,394,2.077901402564898,33,0.0,0.0,0.0,0.0
1,2,395,2.083175263992728,33,0.0,0.0,0.0,0.0
1,2,396,2.0884491254205573,33,0.0,0.0,0.0,0.0
1,2,397,2.093722986848387,33,0.0,0.0,0.0,0.0
1,2,398,2.098996848276217,33,0.0,0.0,0.0,0.0
1,2,399,2.1042707097040463,33,0.0,0.0,0.0,0.0
1,2,400,2.109544571131876,33,0.0,0.0,0.0,0.0
1,2,401,2.114818432559706,33,0.0,0.0,0.0,0.0
1,2,402,2.120092293987536,33,0.0,0.0,0.0,0.0
1,2,403,2.125366155415365,33,0.0,0.0,0.0,0.0
1,2,404,2.130640016843195,33,0.0,0.0,0.0,0.0
1,2,405,2.1359138782710247,33,0.0,0.0,0.0,0.0
1,2,406,2.141187739698854,33,0.0,0.0,0.0,0.0
1,2,407,2.146461601126684,33,0.0,0.0,0.0,0.0
1,2,408,2.1517354625545138,33,0.0,0.0,0.0,0.0
1,2,409,2.157009323982344,33,0.0,0.0,0.0,0.0
1,2,410,2.162283185410173,33,0.0,0.0,0.0,0.0
1,2,411,2.1675570468380028,33,0.0,0.0,0.0,0.0
1,2,412,2.1728309082658326,33,0.0,0.0,0.0,0.0
1,2,413,2.178104769693662,33,0.0,0.0,0.0,0.0
1,2,414,2.183378631121492,33,0.0,0.0,0.0,0.0
1,2,415,2.1886524925493216,33,0.0,0.0,0.0,0.0
1,2,416,2.1939263539771514,33,0.0,0.0,0.0,0.0
1,2,417,2.199200215404981,33,0.0,0.0,0.0,0.0
1,2,418,2.2044740768328106,33,0.0,0.0,0.0,0.0
1,2,419,2.2097479382606404,33,0.0,0.0,0.0,0.0
1,2,420,2.21502179968847,33,0.0,0.0,0.0,0.0
1,2,421,2.2202956611163,33,0.0,0.0,0.0,0.0
1,2,422,2.225569522544129,33,0.0,0.0,0.0,0.0
1,2,423,2.2308433839719592,33,0.0,0.0,0.0,0.0
1,2,424,2.2361172453997886,33,0.0,0.0,0.0,0.0
1,2,425,2.2413911068276184,33,0.0,0.0,0.0,0.0
1,2,426,2.2466649682554483,33,0.0,0.0,0.0,0.0
1,2,427,2.2519388296832776,33,0.0,0.0,0.0,0.0
1,2,428,2.2572126911111074,33,0.0,0.0,0.0,0.0
1,2,429,2.2624865525389373,33,0.0,0.0,0.0,0.0
1,2,430,2.267760413966767,33,0.0,0.0,0.0,0.0
1,2,431,2.2730342753945965,33,0.0,0.0,0.0,0.0
1,2,432,2.2783081368224263,33,0.0,0.0,0.0,0.0
1,2,433,2.283581998250256,33,0.0,0.0,0.0,0.0
1,2,434,2.288855859678085,33,0.0,0.0,0.0,0.0
1,2,435,2.2941297211059157,33,0.0,0.0,0.0,0.0
1,2,436,2.299403582533745,33,0.0,0.0,0.0,0.0
1,2,437,2.304677443961575,33,0.0,0.0,0.0,0.0
1,2,438,2.3099513053894043,33,0.0,0.0,0.0,0.0
1,2,439,2.315225166817234,33,0.0,0.0,0.0,0.0
1,2,440,2.320499028245064,33,0.0,0.0,0.0,0.0
1,2,441,2.3257728896728933,33,0.0,0.0,0.0,0.0
1,2,442,2.331046751100723,33,0.0,0.0,0.0,0.0
1,2,443,2.336320612528553,33,0.0,0.0,0.0,0.0
1,2,444,2.3415944739563828,33,0.0,0.0,0.0,0.0
1,2,445,2.346868335384212,33,0.0,0.0,0.0,0.0
1,2,446,2.352142196812042,33,0.0,0.0,0.0,0.0
1,2,447,2.357416058239872,33,0.0,0.0,0.0,0.0
1,2,448,2.362689919667701,33,0.0,0.0,0.0,0.0
1,2,449,2.367963781095531,33,0.0,0.0,0.0,0.0
1,2,450,2.373237642523361,33,0.0,0.0,0.0,0.0
1,2,451,2.3785115039511906,33,0.0,0.0,0.0,0.0
1,2,452,2.38378536537902,33,0.0,0.0,0.0,0.0
1,2,453,2.38905922680685,33,0.0,0.0,0.0,0.0
1,2,454,2.39433308823468,33,0.0,0.0,0.0,0.0
1,2,455,2.399606949662509,33,0.0,0.0,0.0,0.0
1,2,456,2.404880811090339,33,0.0,0.0,0.0,0.0
1,2,457,2.4101546725181686,33,0.0,0.0,0.0,0.0
1,2,458,2.4154285339459984,33,0.0,0.0,0.0,0.0
1,2,459,2.420702395373828,33,0.0,0.0,0.0,0.0
1,2,460,2.4259762568016576,33,0.0,0.0,0.0,0.0
1,2,461,2.4312501182294874,33,0.0,0.0,0.0,0.0
1,2,462,2.436523979657317,33,0.0,0.0,0.0,0.0
1,2,463,2.441797841085146,33,0.0,0.0,0.0,0.0
1,2,464,2.4470717025129765,33,0.0,0.0,0.0,0.0
1,2,465,2.452345563940806,33,0.0,0.0,0.0,0.0
1,2,466,2.457619425368636,33,0.0,0.0,0.0,0.0
1,2,467,2.462893286796465,33,0.0,0.0,0.0,0.0
1,2,468,2.4681671482242957,33,0.0,0.0,0.0,0.0
1,2,469,2.4734410096521247,33,0.0,0.0,0.0,0.0
1,2,470,2.4787148710799545,33,0.0,0.0,0.0,0.0
1,2,471,2.4839887325077843,33,0.0,0.0,0.0,0.0
1,2,472,2.4892625939356137,33,0.0,0.0,0.0,0.0
1,2,473,2.4945364553634435,33,0.0,0.0,0.0,0.0
1,2,474,2.4998103167912733,33,0.0,0.0,0.0,0.0
1,2,475,2.505084178219103,33,0.0,0.0,0.0,0.0
1,2,476,2.5103580396469325,33,0.0,0.0,0.0,0.0
1,2,477,2.5156319010747623,33,0.0,0.0,0.0,0.0
1,2,478,2.520905762502592,33,0.0,0.0,0.0,0.0
1,2,479,2.526179623930421,33,0.0,0.0,0.0,0.0
1,2,480,2.5314534853582518,33,0.0,0.0,0.0,0.0
1,2,481,2.536727346786081,33,0.0,0.0,0.0,0.0
1,2,482,2.542001208213911,33,0.0,0.0,0.0,0.0
1,2,483,2.5472750696417403,33,0.0,0.0,0.0,0.0
1,2,484,2.55254893106957,33,0.0,0.0,0.0,0.0
1,2,485,2.5578227924974,33,0.0,0.0,0.0,0.0
1,2,486,2.5630966539252293,33,0.0,0.0,0.0,0.0
1,2,487,2.568370515353059,33,0.0,0.0,0.0,0.0
1,2,488,2.573644376780889,33,0.0,0.0,0.0,0.0
1,2,489,2.578918238208719,33,0.0,0.0,0.0,0.0
1,2,490,2.584192099636548,33,0.0,0.0,0.0,0.0
1,2,491,2.589465961064378,33,0.0,0.0,0.0,0.0
1,2,492,2.594739822492208,33,0.0,0.0,0.0,0.0
1,2,493,2.600013683920037,33,0.0,0.0,0.0,0.0
1,2,494,2.605287545347867,33,0.0,0.0,0.0,0.0
1,2,495,2.610561406775697,33,0.0,0.0,0.0,0.0
1,2,496,2.615835268203526,33,0.0,0.0,0.0,0.0
1,2,497,2.621109129631356,33,0.0,0.0,0.0,0.0
1,2,498,2.626382991059186,33,0.0,0.0,0.0,0.0
1,2,499,2.631656852487016,33,0.0,0.0,0.0,0.0
1,2,500,2.636930713914845,33,0.0,0.0,0.0,0.0
1,2,501,2.642204575342675,33,0.0,0.0,0.0,0.0
1,2,502,2.6474784367705047,33,0.0,0.0,0.0,0.0
1,2,503,2.6527522981983345,33,0.0,0.0,0.0,0.0
1,2,504,2.658026159626164,33,0.0,0.0,0.0,0.0
1,2,505,2.6633000210539937,33,0.0,0.0,0.0,0.0
1,2,506,2.6685738824818235,33,0.0,0.0,0.0,0.0
1,2,507,2.673847743909653,33,0.0,0.0,0.0,0.0
1,2,508,2.6791216053374827,33,0.0,0.0,0.0,0.0
1,2,509,2.6843954667653125,33,0.0,0.0,0.0,0.0
1,2,510,2.6896693281931423,33,0.0,0.0,0.0,0.0
1,2,511,2.694943189620972,33,0.0,0.0,0.0,0.0
1,3,0,0.0,33,0.0,0.0,0.0,0.0
1,3,1,0.0052738614278296,33,0.0,0.0,0.0,0.0
1,3,2,0.0105477228556593,33,0.0,0.0,0.0,0.0
1,3,3,0.015821584283489,33,0.0,0.0,0.0,0.0
1,3,4,0.0210954457113187,33,0.0,0.0,0.0,0.0
1,3,5,0.0263693071391484,33,0.0,0.0,0.0,0.0
1,3,6,0.0316431685669781,33,0.0,0.0,0.0,0.0
1,3,7,0.0369170299948078,33,0.0,0.0,0.0,0.0
1,3,8,0.0421908914226375,33,0.0,0.0,0.0,0.0
1,3,9,0.0474647528504672,33,0.0303030303030303,0.0,0.0,0.0
1,3,10,0.0527386142782969,33,0.1515151515151515,0.0,0.0,0.0
1,3,11,0.0580124757061265,33,0.2121212121212121,0.0,0.0,0.0
1,3,12,0.0632863371339562,33,0.3333333333333333,0.0,0.0,0.0
1,3,13,0.0685601985617859,33,0.5454545454545454,0.0,0.0,0.0
1,3,14,0.0738340599896156,33,0.8181818181818182,0.0,0.0,1.0
1,3,15,0.0791079214174453,33,1.0606060606060606,0.0,0.0,2.0
1,3,16,0.084381782845275,33,1.393939393939394,0.0,1.0,2.0
1,3,17,0.0896556442731047,33,1.696969696969697,0.0,1.0,2.0
1,3,18,0.0949295057009344,33,1.9090909090909087,0.0,1.0,2.0
1,3,19,0.1002033671287641,33,2.575757575757576,1.0,2.0,4.0
1,3,20,0.1054772285565938,33,3.393939393939394,1.0,3.0,5.0
1,3,21,0.1107510899844235,33,4.03030303030303,2.0,3.0,6.0
1,3,22,0.1160249514122531,33,4.818181818181818,2.0,4.0,7.0
1,3,23,0.1212988128400828,33,5.575757575757576,3.0,5.0,7.0
1,3,24,0.1265726742679125,33,6.333333333333333,3.0,5.0,9.0
1,3,25,0.1318465356957422,33,8.454545454545455,5.0,7.0,10.0
1,3,26,0.1371203971235719,33,9.93939393939394,6.0,9.0,13.0
1,3,27,0.1423942585514016,33,11.212121212121213,7.0,10.0,16.0
1,3,28,0.1476681199792313,33,12.606060606060606,10.0,12.0,15.0
1,3,29,0.152941981407061,33,13.909090909090908,11.0,13.0,18.0
1,3,30,0.1582158428348907,33,15.090909090909092,10.0,16.0,19.0
1,3,31,0.1634897042627204,33,16.636363636363637,11.0,16.0,20.0
1,3,32,0.1687635656905501,33,18.24242424242424,12.0,17.0,22.0
1,3,33,0.1740374271183797,33,19.87878787878788,14.0,19.0,24.0
1,3,34,0.1793112885462094,33,20.848484848484848,15.0,20.0,23.0
1,3,35,0.1845851499740391,33,23.666666666666668,16.0,23.0,29.0
1,3,36,0.1898590114018688,33,25.727272727272727,18.0,24.0,32.0
1,3,37,0.1951328728296985,33,26.87878787878788,20.0,25.0,33.0
1,3,38,0.2004067342575282,33,26.90909090909091,18.0,26.0,35.0
1,3,39,0.2056805956853579,33,27.24242424242424,22.0,27.0,34.0
1,3,40,0.2109544571131876,33,27.63636363636364,23.0,27.0,32.0
1,3,41,0.2162283185410173,33,27.57575757575757,22.0,27.0,33.0
1,3,42,0.221502179968847,33,28.09090909090909,23.0,27.0,33.0
1,3,43,0.2267760413966766,33,28.151515151515152,23.0,27.0,32.0
1,3,44,0.2320499028245063,33,27.303030303030305,22.0,26.0,32.0
1,3,45,0.237323764252336,33,27.12121212121212,23.0,26.0,31.0
1,3,46,0.2425976256801657,33,27.12121212121212,23.0,26.0,30.0
1,3,47,0.2478714871079954,33,26.57575757575757,22.0,25.0,32.0
1,3,48,0.2531453485358251,33,25.272727272727277,19.0,25.0,31.0
1,3,49,0.2584192099636548,33,25.060606060606062,19.0,24.0,31.0
1,3,50,0.2636930713914845,33,24.424242424242426,19.0,23.0,30.0
1,3,51,0.2689669328193142,33,24.12121212121212,19.0,23.0,30.0
1,3,52,0.2742407942471439,33,23.21212121212121,17.0,23.0,29.0
1,3,53,0.2795146556749736,33,22.90909090909091,17.0,23.0,27.0
1,3,54,0.2847885171028033,33,22.0,16.0,22.0,26.0
1,3,55,0.290062378530633,33,21.484848484848484,14.0,22.0,27.0
1,3,56,0.2953362399584626,33,20.939393939393938,16.0,21.0,25.0
1,3,57,0.3006101013862923,33,20.09090909090909,17.0,20.0,24.0
1,3,58,0.305883962814122,33,19.33333333333333,16.0,20.0,23.0
1,3,59,0.3111578242419517,33,18.666666666666668,17.0,19.0,21.0
1,3,60,0.3164316856697814,33,17.727272727272727,14.0,18.0,21.0
1,3,61,0.3217055470976111,33,17.0,15.0,17.0,20.0
1,3,62,0.3269794085254408,33,16.484848484848484,14.0,17.0,19.0
1,3,63,0.3322532699532705,33,16.181818181818183,14.0,16.0,19.0
1,3,64,0.3375271313811002,33,15.696969696969695,12.0,15.0,19.0
1,3,65,0.3428009928089299,33,15.303030303030305,12.0,16.0,17.0
1,3,66,0.3480748542367595,33,14.666666666666666,11.0,15.0,18.0
1,3,67,0.3533487156645892,33,13.666666666666666,10.0,13.0,16.0
1,3,68,0.3586225770924189,33,12.969696969696969,11.0,13.0,16.0
1,3,69,0.3638964385202486,33,12.272727272727272,10.0,13.0,15.0
1,3,70,0.3691702999480783,33,11.575757575757576,8.0,12.0,14.0
1,3,71,0.374444161375908,33,11.242424242424242,8.0,12.0,14.0
1,3,72,0.3797180228037377,33,11.0,8.0,11.0,14.0
1,3,73,0.3849918842315674,33,10.545454545454543,8.0,10.0,13.0
1,3,74,0.3902657456593971,33,10.515151515151516,8.0,10.0,13.0
1,3,75,0.3955396070872268,33,9.818181818181818,8.0,9.0,10.0
1,3,76,0.4008134685150564,33,9.606060606060606,7.0,9.0,11.0
1,3,77,0.4060873299428861,33,9.393939393939394,7.0,8.0,11.0
1,3,78,0.4113611913707158,33,9.06060606060606,6.0,9.0,12.0
1,3,79,0.4166350527985455,33,9.06060606060606,6.0,8.0,11.0
1,3,80,0.4219089142263752,33,8.93939393939394,6.0,8.0,12.0
1,3,81,0.4271827756542049,33,9.12121212121212,6.0,8.0,12.0
1,3,82,0.4324566370820346,33,8.848484848484848,5.0,8.0,11.0
1,3,83,0.4377304985098643,33,8.454545454545455,5.0,8.0,11.0
1,3,84,0.443004359937694,33,8.303030303030303,5.0,8.0,11.0
1,3,85,0.4482782213655237,33,8.030303030303031,5.0,8.0,10.0
1,3,86,0.4535520827933533,33,8.242424242424242,5.0,8.0,10.0
1,3,87,0.458825944221183,33,8.303030303030303,5.0,8.0,11.0
1,3,88,0.4640998056490127,33,8.303030303030303,5.0,8.0,11.0
1,3,89,0.4693736670768424,33,7.848484848484849,5.0,7.0,10.0
1,3,90,0.4746475285046721,33,7.727272727272727,5.0,7.0,10.0
1,3,91,0.4799213899325018,33,7.333333333333333,5.0,6.0,9.0
1,3,92,0.4851952513603315,33,7.090909090909091,4.0,6.0,9.0
1,3,93,0.4904691127881612,33,6.9393939393939394,4.0,7.0,9.0
1,3,94,0.4957429742159909,33,6.636363636363637,4.0,6.0,9.0
1,3,95,0.5010168356438206,33,6.303030303030303,4.0,6.0,8.0
1,3,96,0.5062906970716503,33,6.151515151515151,4.0,6.0,9.0
1,3,97,0.51156455849948,33,6.0,4.0,6.0,8.0
1,3,98,0.5168384199273096,33,5.878787878787879,3.0,6.0,8.0
1,3,99,0.5221122813551393,33,5.757575757575758,3.0,6.0,8.0
1,3,100,0.527386142782969,33,5.515151515151516,3.0,6.0,8.0
1,3,101,0.5326600042107987,33,5.363636363636363,4.0,5.0,7.0
1,3,102,0.5379338656386284,33,5.2727272727272725,4.0,5.0,7.0
1,3,103,0.5432077270664581,33,5.363636363636363,3.0,5.0,7.0
1,3,104,0.5484815884942879,33,5.303030303030303,4.0,5.0,7.0
1,3,105,0.5537554499221174,33,5.121212121212121,3.0,5.0,7.0
1,3,106,0.5590293113499472,33,4.96969696969697,3.0,5.0,7.0
1,3,107,0.5643031727777769,33,4.848484848484849,3.0,4.0,7.0
1,3,108,0.5695770342056066,33,4.515151515151516,3.0,4.0,6.0
1,3,109,0.5748508956334363,33,4.393939393939394,3.0,4.0,6.0
1,3,110,0.580124757061266,33,4.424242424242424,3.0,3.0,6.0
1,3,111,0.5853986184890957,33,4.393939393939394,3.0,4.0,6.0
1,3,112,0.5906724799169253,33,4.2727272727272725,3.0,4.0,6.0
1,3,113,0.595946341344755,33,4.151515151515151,3.0,4.0,6.0
1,3,114,0.6012202027725847,33,4.0606060606060606,2.0,4.0,6.0
1,3,115,0.6064940642004144,33,3.8181818181818175,2.0,4.0,5.0
1,3,116,0.6117679256282441,33,3.757575757575758,2.0,4.0,5.0
1,3,117,0.6170417870560738,33,3.757575757575758,2.0,4.0,5.0
1,3,118,0.6223156484839034,33,3.757575757575758,2.0,4.0,5.0
1,3,119,0.6275895099117331,33,3.636363636363636,2.0,4.0,5.0
1,3,120,0.6328633713395628,33,3.5454545454545454,2.0,4.0,5.0
1,3,121,0.6381372327673925,33,3.4242424242424243,2.0,4.0,5.0
1,3,122,0.6434110941952222,33,3.393939393939394,2.0,4.0,4.0
1,3,123,0.648684955623052,33,3.363636363636364,2.0,3.0,4.0
1,3,124,0.6539588170508817,33,3.242424242424242,2.0,3.0,4.0
1,3,125,0.6592326784787113,33,3.090909090909091,2.0,3.0,4.0
1,3,126,0.664506539906541,33,3.1818181818181817,2.0,3.0,4.0
1,3,127,0.6697804013343707,33,3.060606060606061,2.0,2.0,4.0
1,3,128,0.6750542627622004,33,3.060606060606061,2.0,2.0,4.0
1,3,129,0.6803281241900301,33,2.9696969696969697,2.0,2.0,4.0
1,3,130,0.6856019856178598,33,3.1515151515151514,2.0,3.0,4.0
1,3,131,0.6908758470456895,33,3.060606060606061,2.0,3.0,4.0
1,3,132,0.6961497084735191,33,3.0303030303030303,1.0,3.0,4.0
1,3,133,0.7014235699013488,33,3.0303030303030303,1.0,3.0,4.0
1,3,134,0.7066974313291785,33,2.9393939393939394,1.0,2.0,3.0
1,3,135,0.7119712927570082,33,3.0,1.0,2.0,4.0
1,3,136,0.7172451541848379,33,2.909090909090909,1.0,2.0,4.0
1,3,137,0.7225190156126676,33,2.787878787878788,1.0,2.0,4.0
1,3,138,0.7277928770404973,33,2.757575757575758,1.0,2.0,4.0
1,3,139,0.7330667384683269,33,2.696969696969697,1.0,2.0,3.0
1,3,140,0.7383405998961566,33,2.575757575757576,1.0,2.0,3.0
1,3,141,0.7436144613239863,33,2.575757575757576,1.0,2.0,3.0
1,3,142,0.748888322751816,33,2.5454545454545454,1.0,2.0,3.0
1,3,143,0.7541621841796458,33,2.515151515151515,1.0,2.0,3.0
1,3,144,0.7594360456074755,33,2.484848484848485,1.0,2.0,3.0
1,3,145,0.7647099070353051,33,2.393939393939394,1.0,2.0,3.0
1,3,146,0.7699837684631348,33,2.303030303030303,1.0,2.0,3.0
1,3,147,0.7752576298909645,33,2.212121212121212,1.0,2.0,3.0
1,3,148,0.7805314913187942,33,2.1818181818181817,1.0,2.0,3.0
1,3,149,0.7858053527466239,33,2.1515151515151514,1.0,2.0,3.0
1,3,150,0.7910792141744536,33,2.060606060606061,1.0,2.0,3.0
1,3,151,0.7963530756022833,33,1.9696969696969695,1.0,2.0,2.0
1,3,152,0.8016269370301129,33,1.9393939393939397,1.0,2.0,2.0
1,3,153,0.8069007984579426,33,1.9090909090909087,1.0,2.0,2.0
1,3,154,0.8121746598857723,33,1.8484848484848484,1.0,1.0,2.0
1,3,155,0.817448521313602,33,1.8484848484848484,1.0,1.0,2.0
1,3,156,0.8227223827414317,33,1.8484848484848484,1.0,1.0,2.0
1,3,157,0.8279962441692614,33,1.7575757575757576,1.0,1.0,2.0
1,3,158,0.8332701055970911,33,1.7272727272727273,1.0,1.0,2.0
1,3,159,0.8385439670249207,33,1.696969696969697,1.0,1.0,2.0
1,3,160,0.8438178284527504,33,1.696969696969697,1.0,1.0,2.0
1,3,161,0.8490916898805801,33,1.6666666666666667,1.0,1.0,2.0
1,3,162,0.8543655513084099,33,1.6363636363636365,1.0,1.0,2.0
1,3,163,0.8596394127362396,33,1.5151515151515151,1.0,1.0,2.0
1,3,164,0.8649132741640693,33,1.5151515151515151,1.0,1.0,2.0
1,3,165,0.870187135591899,33,1.5454545454545454,1.0,1.0,2.0
1,3,166,0.8754609970197286,33,1.5454545454545454,1.0,1.0,2.0
1,3,167,0.8807348584475583,33,1.5151515151515151,1.0,1.0,2.0
1,3,168,0.886008719875388,33,1.4848484848484849,1.0,1.0,2.0
1,3,169,0.8912825813032177,33,1.4242424242424243,1.0,1.0,2.0
1,3,170,0.8965564427310474,33,1.393939393939394,1.0,1.0,2.0
1,3,171,0.9018303041588772,33,1.3636363636363635,1.0,1.0,2.0
1,3,172,0.9071041655867068,33,1.303030303030303,1.0,1.0,2.0
1,3,173,0.9123780270145364,33,1.2727272727272727,1.0,1.0,2.0
1,3,174,0.917651888442366,33,1.1515151515151516,0.0,1.0,2.0
1,3,175,0.9229257498701958,33,1.1515151515151516,0.0,1.0,2.0
1,3,176,0.9281996112980256,33,1.121212121212121,0.0,1.0,2.0
1,3,177,0.9334734727258552,33,1.1515151515151516,0.0,1.0,2.0
1,3,178,0.9387473341536848,33,1.0909090909090908,0.0,1.0,2.0
1,3,179,0.9440211955815144,33,1.0606060606060606,0.0,1.0,2.0
1,3,180,0.9492950570093442,33,1.0909090909090908,0.0,1.0,2.0
1,3,181,0.954568918437174,33,1.0909090909090908,0.0,1.0,2.0
1,3,182,0.9598427798650035,33,1.0303030303030305,0.0,1.0,2.0
1,3,183,0.9651166412928334,33,1.0,0.0,1.0,2.0
1,3,184,0.9703905027206632,33,1.0,0.0,1.0,2.0
1,3,185,0.9756643641484928,33,1.0,0.0,1.0,2.0
1,3,186,0.9809382255763224,33,1.0,0.0,1.0,2.0
1,3,187,0.986212087004152,33,1.0,0.0,1.0,2.0
1,3,188,0.9914859484319818,33,0.9696969696969696,0.0,1.0,2.0
1,3,189,0.9967598098598116,33,0.9696969696969696,0.0,1.0,2.0
1,3,190,1.0020336712876412,33,0.9696969696969696,0.0,1.0,2.0
1,3,191,1.0073075327154708,33,0.9393939393939394,0.0,1.0,2.0
1,3,192,1.0125813941433006,33,0.9393939393939394,0.0,1.0,2.0
1,3,193,1.0178552555711302,33,0.8787878787878788,0.0,1.0,1.0
1,3,194,1.02312911699896,33,0.8787878787878788,0.0,1.0,2.0
1,3,195,1.0284029784267896,33,0.8484848484848485,0.0,0.0,2.0
1,3,196,1.0336768398546192,33,0.8484848484848485,0.0,0.0,2.0
1,3,197,1.038950701282449,33,0.8181818181818182,0.0,0.0,2.0
1,3,198,1.0442245627102786,33,0.7878787878787878,0.0,0.0,1.0
1,3,199,1.0494984241381085,33,0.7878787878787878,0.0,0.0,1.0
1,3,200,1.054772285565938,33,0.7878787878787878,0.0,0.0,1.0
1,3,201,1.060046146993768,33,0.8181818181818182,0.0,0.0,2.0
1,3,202,1.0653200084215977,33,0.8181818181818182,0.0,0.0,2.0
1,3,203,1.070593869849427,33,0.8181818181818182,0.0,0.0,2.0
1,3,204,1.0758677312772569,33,0.7878787878787878,0.0,0.0,1.0
1,3,205,1.0811415927050865,33,0.7878787878787878,0.0,0.0,1.0
1,3,206,1.0864154541329163,33,0.7575757575757576,0.0,0.0,1.0
1,3,207,1.091689315560746,33,0.7575757575757576,0.0,0.0,1.0
1,3,208,1.0969631769885757,33,0.7272727272727273,0.0,0.0,1.0
1,3,209,1.1022370384164053,33,0.7272727272727273,0.0,0.0,1.0
1,3,210,1.107510899844235,33,0.696969696969697,0.0,0.0,1.0
1,3,211,1.1127847612720647,33,0.696969696969697,0.0,0.0,1.0
1,3,212,1.1180586226998943,33,0.6666666666666666,0.0,0.0,1.0
1,3,213,1.123332484127724,33,0.6666666666666666,0.0,0.0,1.0
1,3,214,1.1286063455555535,33,0.6363636363636364,0.0,0.0,1.0
1,3,215,1.1338802069833835,33,0.6060606060606061,0.0,0.0,1.0
1,3,216,1.1391540684112131,33,0.6060606060606061,0.0,0.0,1.0
1,3,217,1.1444279298390427,33,0.6060606060606061,0.0,0.0,1.0
1,3,218,1.1497017912668726,33,0.6060606060606061,0.0,0.0,1.0
1,3,219,1.154975652694702,33,0.6060606060606061,0.0,0.0,1.0
1,3,220,1.160249514122532,33,0.5757575757575758,0.0,0.0,1.0
1,3,221,1.1655233755503616,33,0.5757575757575758,0.0,0.0,1.0
1,3,222,1.1707972369781914,33,0.5757575757575758,0.0,0.0,1.0
1,3,223,1.176071098406021,33,0.5454545454545454,0.0,0.0,1.0
1,3,224,1.1813449598338506,33,0.5151515151515151,0.0,0.0,1.0
1,3,225,1.1866188212616804,33,0.5151515151515151,0.0,0.0,1.0
1,3,226,1.19189268268951,33,0.5151515151515151,0.0,0.0,1.0
1,3,227,1.1971665441173398,33,0.4848484848484848,0.0,0.0,1.0
1,3,228,1.2024404055451694,33,0.4848484848484848,0.0,0.0,1.0
1,3,229,1.2077142669729992,33,0.4848484848484848,0.0,0.0,1.0
1,3,230,1.2129881284008288,33,0.4848484848484848,0.0,0.0,1.0
1,3,231,1.2182619898286584,33,0.5151515151515151,0.0,0.0,1.0
1,3,232,1.2235358512564882,33,0.5151515151515151,0.0,0.0,1.0
1,3,233,1.2288097126843178,33,0.4848484848484848,0.0,0.0,1.0
1,3,234,1.2340835741121476,33,0.4545454545454545,0.0,0.0,1.0
1,3,235,1.2393574355399772,33,0.4545454545454545,0.0,0.0,1.0
1,3,236,1.2446312969678068,33,0.4242424242424242,0.0,0.0,1.0
1,3,237,1.2499051583956369,33,0.4242424242424242,0.0,0.0,1.0
1,3,238,1.2551790198234662,33,0.4242424242424242,0.0,0.0,1.0
1,3,239,1.260452881251296,33,0.4242424242424242,0.0,0.0,1.0
1,3,240,1.2657267426791257,33,0.3939393939393939,0.0,0.0,1.0
1,3,241,1.2710006041069557,33,0.3939393939393939,0.0,0.0,1.0
1,3,242,1.276274465534785,33,0.3939393939393939,0.0,0.0,1.0
1,3,243,1.281548326962615,33,0.3939393939393939,0.0,0.0,1.0
1,3,244,1.2868221883904445,33,0.3939393939393939,0.0,0.0,1.0
1,3,245,1.292096049818274,33,0.3939393939393939,0.0,0.0,1.0
1,3,246,1.297369911246104,33,0.3939393939393939,0.0,0.0,1.0
1,3,247,1.3026437726739335,33,0.3939393939393939,0.0,0.0,1.0
1,3,248,1.307917634101763,33,0.3939393939393939,0.0,0.0,1.0
1,3,249,1.313191495529593,33,0.3333333333333333,0.0,0.0,1.0
1,3,250,1.3184653569574225,33,0.3333333333333333,0.0,0.0,1.0
1,3,251,1.3237392183852523,33,0.3333333333333333,0.0,0.0,1.0
1,3,252,1.329013079813082,33,0.3333333333333333,0.0,0.0,1.0
1,3,253,1.3342869412409115,33,0.3333333333333333,0.0,0.0,1.0
1,3,254,1.3395608026687411,33,0.3333333333333333,0.0,0.0,1.0
1,3,255,1.3448346640965712,33,0.3333333333333333,0.0,0.0,1.0
1,3,256,1.3501085255244007,33,0.3333333333333333,0.0,0.0,1.0
1,3,257,1.3553823869522303,33,0.303030303030303,0.0,0.0,0.0
1,3,258,1.3606562483800602,33,0.303030303030303,0.0,0.0,0.0
1,3,259,1.3659301098078898,33,0.303030303030303,0.0,0.0,0.0
1,3,260,1.3712039712357196,33,0.2727272727272727,0.0,0.0,0.0
1,3,261,1.3764778326635492,33,0.2727272727272727,0.0,0.0,0.0
1,3,262,1.381751694091379,33,0.2727272727272727,0.0,0.0,0.0
1,3,263,1.3870255555192086,33,0.2727272727272727,0.0,0.0,0.0
1,3,264,1.3922994169470382,33,0.2424242424242424,0.0,0.0,0.0
1,3,265,1.397573278374868,33,0.2424242424242424,0.0,0.0,0.0
1,3,266,1.4028471398026976,33,0.2424242424242424,0.0,0.0,0.0
1,3,267,1.4081210012305274,33,0.2424242424242424,0.0,0.0,0.0
1,3,268,1.413394862658357,33,0.2424242424242424,0.0,0.0,0.0
1,3,269,1.4186687240861868,33,0.2424242424242424,0.0,0.0,0.0
1,3,270,1.4239425855140164,33,0.2424242424242424,0.0,0.0,0.0
1,3,271,1.429216446941846,33,0.2424242424242424,0.0,0.0,0.0
1,3,272,1.4344903083696758,33,0.2424242424242424,0.0,0.0,0.0
1,3,273,1.4397641697975054,33,0.2424242424242424,0.0,0.0,0.0
1,3,274,1.4450380312253353,33,0.2424242424242424,0.0,0.0,0.0
1,3,275,1.4503118926531648,33,0.2424242424242424,0.0,0.0,0.0
1,3,276,1.4555857540809949,33,0.2424242424242424,0.0,0.0,0.0
1,3,277,1.4608596155088245,33,0.2121212121212121,0.0,0.0,0.0
1,3,278,1.466133476936654,33,0.2121212121212121,0.0,0.0,0.0
1,3,279,1.4714073383644837,33,0.2121212121212121,0.0,0.0,0.0
1,3,280,1.4766811997923133,33,0.1818181818181818,0.0,0.0,0.0
1,3,281,1.481955061220143,33,0.1818181818181818,0.0,0.0,0.0
1,3,282,1.487228922647973,33,0.1818181818181818,0.0,0.0,0.0
1,3,283,1.4925027840758025,33,0.1515151515151515,0.0,0.0,0.0
1,3,284,1.497776645503632,33,0.1515151515151515,0.0,0.0,0.0
1,3,285,1.5030505069314617,33,0.1515151515151515,0.0,0.0,0.0
1,3,286,1.5083243683592915,33,0.1515151515151515,0.0,0.0,0.0
1,3,287,1.513598229787121,33,0.1515151515151515,0.0,0.0,0.0
1,3,288,1.518872091214951,33,0.1515151515151515,0.0,0.0,0.0
1,3,289,1.5241459526427803,33,0.1515151515151515,0.0,0.0,0.0
1,3,290,1.52941981407061,33,0.1515151515151515,0.0,0.0,0.0
1,3,291,1.53469367549844,33,0.1515151515151515,0.0,0.0,0.0
1,3,292,1.5399675369262695,33,0.1515151515151515,0.0,0.0,0.0
1,3,293,1.5452413983540991,33,0.1515151515151515,0.0,0.0,0.0
1,3,294,1.550515259781929,33,0.1515151515151515,0.0,0.0,0.0
1,3,295,1.5557891212097588,33,0.1515151515151515,0.0,0.0,0.0
1,3,296,1.5610629826375884,33,0.1515151515151515,0.0,0.0,0.0
1,3,297,1.566336844065418,33,0.1515151515151515,0.0,0.0,0.0
1,3,298,1.5716107054932478,33,0.1515151515151515,0.0,0.0,0.0
1,3,299,1.5768845669210774,33,0.1212121212121212,0.0,0.0,0.0
1,3,300,1.5821584283489072,33,0.0909090909090909,0.0,0.0,0.0
1,3,301,1.5874322897767368,33,0.0909090909090909,0.0,0.0,0.0
1,3,302,1.5927061512045666,33,0.0909090909090909,0.0,0.0,0.0
1,3,303,1.5979800126323962,33,0.0909090909090909,0.0,0.0,0.0
1,3,304,1.6032538740602258,33,0.0909090909090909,0.0,0.0,0.0
1,3,305,1.6085277354880556,33,0.0909090909090909,0.0,0.0,0.0
1,3,306,1.6138015969158852,33,0.0909090909090909,0.0,0.0,0.0
1,3,307,1.619075458343715,33,0.0909090909090909,0.0,0.0,0.0
1,3,308,1.6243493197715446,33,0.0909090909090909,0.0,0.0,0.0
1,3,309,1.6296231811993744,33,0.0909090909090909,0.0,0.0,0.0
1,3,310,1.634897042627204,33,0.0909090909090909,0.0,0.0,0.0
1,3,311,1.6401709040550336,33,0.0909090909090909,0.0,0.0,0.0
1,3,312,1.6454447654828634,33,0.0606060606060606,0.0,0.0,0.0
1,3,313,1.650718626910693,33,0.0606060606060606,0.0,0.0,0.0
1,3,314,1.6559924883385229,33,0.0606060606060606,0.0,0.0,0.0
1,3,315,1.6612663497663525,33,0.0606060606060606,0.0,0.0,0.0
1,3,316,1.6665402111941825,33,0.0606060606060606,0.0,0.0,0.0
1,3,317,1.671814072622012,33,0.0606060606060606,0.0,0.0,0.0
1,3,318,1.6770879340498417,33,0.0606060606060606,0.0,0.0,0.0
1,3,319,1.6823617954776713,33,0.0606060606060606,0.0,0.0,0.0
1,3,320,1.6876356569055009,33,0.0606060606060606,0.0,0.0,0.0
1,3,321,1.6929095183333307,33,0.0606060606060606,0.0,0.0,0.0
1,3,322,1.6981833797611603,33,0.0606060606060606,0.0,0.0,0.0
1,3,323,1.70345724118899,33,0.0606060606060606,0.0,0.0,0.0
1,3,324,1.7087311026168197,33,0.0606060606060606,0.0,0.0,0.0
1,3,325,1.7140049640446493,33,0.0606060606060606,0.0,0.0,0.0
1,3,326,1.7192788254724791,33,0.0606060606060606,0.0,0.0,0.0
1,3,327,1.7245526869003087,33,0.0606060606060606,0.0,0.0,0.0
1,3,328,1.7298265483281383,33,0.0606060606060606,0.0,0.0,0.0
1,3,329,1.735100409755968,33,0.0606060606060606,0.0,0.0,0.0
1,3,330,1.740374271183798,33,0.0606060606060606,0.0,0.0,0.0
1,3,331,1.7456481326116275,33,0.0606060606060606,0.0,0.0,0.0
1,3,332,1.7509219940394571,33,0.0606060606060606,0.0,0.0,0.0
1,3,333,1.756195855467287,33,0.0606060606060606,0.0,0.0,0.0
1,3,334,1.7614697168951166,33,0.0606060606060606,0.0,0.0,0.0
1,3,335,1.7667435783229464,33,0.0606060606060606,0.0,0.0,0.0
1,3,336,1.772017439750776,33,0.0606060606060606,0.0,0.0,0.0
1,3,337,1.7772913011786056,33,0.0606060606060606,0.0,0.0,0.0
1,3,338,1.7825651626064354,33,0.0606060606060606,0.0,0.0,0.0
1,3,339,1.787839024034265,33,0.0606060606060606,0.0,0.0,0.0
1,3,340,1.7931128854620948,33,0.0606060606060606,0.0,0.0,0.0
1,3,341,1.7983867468899244,33,0.0606060606060606,0.0,0.0,0.0
1,3,342,1.8036606083177544,33,0.0606060606060606,0.0,0.0,0.0
1,3,343,1.808934469745584,33,0.0606060606060606,0.0,0.0,0.0
1,3,344,1.8142083311734132,33,0.0606060606060606,0.0,0.0,0.0
1,3,345,1.8194821926012432,33,0.0606060606060606,0.0,0.0,0.0
1,3,346,1.8247560540290728,33,0.0606060606060606,0.0,0.0,0.0
1,3,347,1.8300299154569024,33,0.0606060606060606,0.0,0.0,0.0
1,3,348,1.835303776884732,33,0.0606060606060606,0.0,0.0,0.0
1,3,349,1.840577638312562,33,0.0606060606060606,0.0,0.0,0.0
1,3,350,1.845851499740392,33,0.0606060606060606,0.0,0.0,0.0
1,3,351,1.8511253611682208,33,0.0606060606060606,0.0,0.0,0.0
1,3,352,1.856399222596051,33,0.0606060606060606,0.0,0.0,0.0
1,3,353,1.8616730840238809,33,0.0606060606060606,0.0,0.0,0.0
1,3,354,1.8669469454517105,33,0.0606060606060606,0.0,0.0,0.0
1,3,355,1.87222080687954,33,0.0606060606060606,0.0,0.0,0.0
1,3,356,1.8774946683073697,33,0.0606060606060606,0.0,0.0,0.0
1,3,357,1.8827685297351997,33,0.0606060606060606,0.0,0.0,0.0
1,3,358,1.888042391163029,33,0.0606060606060606,0.0,0.0,0.0
1,3,359,1.893316252590859,33,0.0606060606060606,0.0,0.0,0.0
1,3,360,1.8985901140186885,33,0.0606060606060606,0.0,0.0,0.0
1,3,361,1.9038639754465183,33,0.0606060606060606,0.0,0.0,0.0
1,3,362,1.909137836874348,33,0.0606060606060606,0.0,0.0,0.0
1,3,363,1.9144116983021775,33,0.0606060606060606,0.0,0.0,0.0
1,3,364,1.9196855597300075,33,0.0606060606060606,0.0,0.0,0.0
1,3,365,1.924959421157837,33,0.0606060606060606,0.0,0.0,0.0
1,3,366,1.9302332825856667,33,0.0606060606060606,0.0,0.0,0.0
1,3,367,1.9355071440134963,33,0.0606060606060606,0.0,0.0,0.0
1,3,368,1.940781005441326,33,0.0606060606060606,0.0,0.0,0.0
1,3,369,1.946054866869156,33,0.0606060606060606,0.0,0.0,0.0
1,3,370,1.9513287282969856,33,0.0606060606060606,0.0,0.0,0.0
1,3,371,1.9566025897248152,33,0.0606060606060606,0.0,0.0,0.0
1,3,372,1.9618764511526448,33,0.0909090909090909,0.0,0.0,0.0
1,3,373,1.9671503125804743,33,0.0909090909090909,0.0,0.0,0.0
1,3,374,1.972424174008304,33,0.0909090909090909,0.0,0.0,0.0
1,3,375,1.977698035436134,33,0.0606060606060606,0.0,0.0,0.0
1,3,376,1.982971896863964,33,0.0606060606060606,0.0,0.0,0.0
1,3,377,1.9882457582917932,33,0.0606060606060606,0.0,0.0,0.0
1,3,378,1.993519619719623,33,0.0606060606060606,0.0,0.0,0.0
1,3,379,1.9987934811474528,33,0.0606060606060606,0.0,0.0,0.0
1,3,380,2.0040673425752824,33,0.0303030303030303,0.0,0.0,0.0
1,3,381,2.009341204003112,33,0.0303030303030303,0.0,0.0,0.0
1,3,382,2.0146150654309416,33,0.0303030303030303,0.0,0.0,0.0
1,3,383,2.0198889268587714,33,0.0303030303030303,0.0,0.0,0.0
1,3,384,2.025162788286601,33,0.0303030303030303,0.0,0.0,0.0
1,3,385,2.0304366497144306,33,0.0303030303030303,0.0,0.0,0.0
1,3,386,2.0357105111422604,33,0.0303030303030303,0.0,0.0,0.0
1,3,387,2.0409843725700902,33,0.0303030303030303,0.0,0.0,0.0
1,3,388,2.04625823399792,33,0.0303030303030303,0.0,0.0,0.0
1,3,389,2.051532095425749,33,0.0303030303030303,0.0,0.0,0.0
1,3,390,2.0568059568535797,33,0.0303030303030303,0.0,0.0,0.0
1,3,391,2.062079818281409,33,0.0303030303030303,0.0,0.0,0.0
1,3,392,2.0673536797092384,33,0.0303030303030303,0.0,0.0,0.0
1,3,393,2.0726275411370683,33,0.0303030303030303,0.0,0.0,0.0
1,3,394,2.077901402564898,33,0.0303030303030303,0.0,0.0,0.0
1,3,395,2.083175263992728,33,0.0303030303030303,0.0,0.0,0.0
1,3,396,2.0884491254205573,33,0.0303030303030303,0.0,0.0,0.0
1,3,397,2.093722986848387,33,0.0303030303030303,0.0,0.0,0.0
1,3,398,2.098996848276217,33,0.0303030303030303,0.0,0.0,0.0
1,3,399,2.1042707097040463,33,0.0303030303030303,0.0,0.0,0.0
1,3,400,2.109544571131876,33,0.0303030303030303,0.0,0.0,0.0
1,3,401,2.114818432559706,33,0.0303030303030303,0.0,0.0,0.0
1,3,402,2.120092293987536,33,0.0303030303030303,0.0,0.0,0.0
1,3,403,2.125366155415365,33,0.0303030303030303,0.0,0.0,0.0
1,3,404,2.130640016843195,33,0.0303030303030303,0.0,0.0,0.0
1,3,405,2.1359138782710247,33,0.0303030303030303,0.0,0.0,0.0
1,3,406,2.141187739698854,33,0.0303030303030303,0.0,0.0,0.0
1,3,407,2.146461601126684,33,0.0303030303030303,0.0,0.0,0.0
1,3,408,2.1517354625545138,33,0.0303030303030303,0.0,0.0,0.0
1,3,409,2.157009323982344,33,0.0303030303030303,0.0,0.0,0.0
1,3,410,2.162283185410173,33,0.0303030303030303,0.0,0.0,0.0
1,3,411,2.1675570468380028,33,0.0303030303030303,0.0,0.0,0.0
1,3,412,2.1728309082658326,33,0.0303030303030303,0.0,0.0,0.0
1,3,413,2.178104769693662,33,0.0303030303030303,0.0,0.0,0.0
1,3,414,2.183378631121492,33,0.0303030303030303,0.0,0.0,0.0
1,3,415,2.1886524925493216,33,0.0303030303030303,0.0,0.0,0.0
1,3,416,2.1939263539771514,33,0.0303030303030303,0.0,0.0,0.0
1,3,417,2.199200215404981,33,0.0303030303030303,0.0,0.0,0.0
1,3,418,2.2044740768328106,33,0.0303030303030303,0.0,0.0,0.0
1,3,419,2.2097479382606404,33,0.0303030303030303,0.0,0.0,0.0
1,3,420,2.21502179968847,33,0.0303030303030303,0.0,0.0,0.0
1,3,421,2.2202956611163,33,0.0303030303030303,0.0,0.0,0.0
1,3,422,2.225569522544129,33,0.0303030303030303,0.0,0.0,0.0
1,3,423,2.2308433839719592,33,0.0303030303030303,0.0,0.0,0.0
1,3,424,2.2361172453997886,33,0.0303030303030303,0.0,0.0,0.0
1,3,425,2.2413911068276184,33,0.0303030303030303,0.0,0.0,0.0
1,3,426,2.2466649682554483,33,0.0303030303030303,0.0,0.0,0.0
1,3,427,2.2519388296832776,33,0.0303030303030303,0.0,0.0,0.0
1,3,428,2.2572126911111074,33,0.0303030303030303,0.0,0.0,0.0
1,3,429,2.2624865525389373,33,0.0303030303030303,0.0,0.0,0.0
1,3,430,2.267760413966767,33,0.0303030303030303,0.0,0.0,0.0
1,3,431,2.2730342753945965,33,0.0303030303030303,0.0,0.0,0.0
1,3,432,2.2783081368224263,33,0.0303030303030303,0.0,0.0,0.0
1,3,433,2.283581998250256,33,0.0303030303030303,0.0,0.0,0.0
1,3,434,2.288855859678085,33,0.0303030303030303,0.0,0.0,0.0
1,3,435,2.2941297211059157,33,0.0,0.0,0.0,0.0
1,3,436,2.299403582533745,33,0.0,0.0,0.0,0.0
1,3,437,2.304677443961575,33,0.0,0.0,0.0,0.0
1,3,438,2.3099513053894043,33,0.0,0.0,0.0,0.0
1,3,439,2.315225166817234,33,0.0,0.0,0.0,0.0
1,3,440,2.320499028245064,33,0.0,0.0,0.0,0.0
1,3,441,2.3257728896728933,33,0.0,0.0,0.0,0.0
1,3,442,2.331046751100723,33,0.0,0.0,0.0,0.0
1,3,443,2.336320612528553,33,0.0,0.0,0.0,0.0
1,3,444,2.3415944739563828,33,0.0,0.0,0.0,0.0
1,3,445,2.346868335384212,33,0.0,0.0,0.0,0.0
1,3,446,2.352142196812042,33,0.0,0.0,0.0,0.0
1,3,447,2.357416058239872,33,0.0,0.0,0.0,0.0
1,3,448,2.362689919667701,33,0.0,0.0,0.0,0.0
1,3,449,2.367963781095531,33,0.0,0.0,0.0,0.0
1,3,450,2.373237642523361,33,0.0,0.0,0.0,0.0
1,3,451,2.3785115039511906,33,0.0,0.0,0.0,0.0
1,3,452,2.38378536537902,33,0.0,0.0,0.0,0.0
1,3,453,2.38905922680685,33,0.0,0.0,0.0,0.0
1,3,454,2.39433308823468,33,0.0,0.0,0.0,0.0
1,3,455,2.399606949662509,33,0.0,0.0,0.0,0.0
1,3,456,2.404880811090339,33,0.0,0.0,0.0,0.0
1,3,457,2.4101546725181686,33,0.0,0.0,0.0,0.0
1,3,458,2.4154285339459984,33,0.0,0.0,0.0,0.0
1,3,459,2.420702395373828,33,0.0,0.0,0.0,0.0
1,3,460,2.4259762568016576,33,0.0,0.0,0.0,0.0
1,3,461,2.4312501182294874,33,0.0,0.0,0.0,0.0
1,3,462,2.436523979657317,33,0.0,0.0,0.0,0.0
1,3,463,2.441797841085146,33,0.0,0.0,0.0,0.0
1,3,464,2.4470717025129765,33,0.0,0.0,0.0,0.0
1,3,465,2.452345563940806,33,0.0,0.0,0.0,0.0
1,3,466,2.457619425368636,33,0.0,0.0,0.0,0.0
1,3,467,2.462893286796465,33,0.0,0.0,0.0,0.0
1,3,468,2.4681671482242957,33,0.0,0.0,0.0,0.0
1,3,469,2.4734410096521247,33,0.0,0.0,0.0,0.0
1,3,470,2.4787148710799545,33,0.0,0.0,0.0,0.0
1,3,471,2.4839887325077843,33,0.0,0.0,0.0,0.0
1,3,472,2.4892625939356137,33,0.0,0.0,0.0,0.0
1,3,473,2.4945364553634435,33,0.0,0.0,0.0,0.0
1,3,474,2.4998103167912733,33,0.0,0.0,0.0,0.0
1,3,475,2.505084178219103,33,0.0,0.0,0.0,0.0
1,3,476,2.5103580396469325,33,0.0,0.0,0.0,0.0
1,3,477,2.5156319010747623,33,0.0,0.0,0.0,0.0
1,3,478,2.520905762502592,33,0.0,0.0,0.0,0.0
1,3,479,2.526179623930421,33,0.0,0.0,0.0,0.0
1,3,480,2.5314534853582518,33,0.0,0.0,0.0,0.0
1,3,481,2.536727346786081,33,0.0,0.0,0.0,0.0
1,3,482,2.542001208213911,33,0.0,0.0,0.0,0.0
1,3,483,2.5472750696417403,33,0.0,0.0,0.0,0.0
1,3,484,2.55254893106957,33,0.0,0.0,0.0,0.0
1,3,485,2.5578227924974,33,0.0,0.0,0.0,0.0
1,3,486,2.5630966539252293,33,0.0,0.0,0.0,0.0
1,3,487,2.568370515353059,33,0.0,0.0,0.0,0.0
1,3,488,2.573644376780889,33,0.0,0.0,0.0,0.0
1,3,489,2.578918238208719,33,0.0,0.0,0.0,0.0
1,3,490,2.584192099636548,33,0.0,0.0,0.0,0.0
1,3,491,2.589465961064378,33,0.0,0.0,0.0,0.0
1,3,492,2.594739822492208,33,0.0,0.0,0.0,0.0
1,3,493,2.600013683920037,33,0.0,0.0,0.0,0.0
1,3,494,2.605287545347867,33,0.0,0.0,0.0,0.0
1,3,495,2.610561406775697,33,0.0,0.0,0.0,0.0
1,3,496,2.615835268203526,33,0.0,0.0,0.0,0.0
1,3,497,2.621109129631356,33,0.0,0.0,0.0,0.0
1,3,498,2.626382991059186,33,0.0,0.0,0.0,0.0
1,3,499,2.631656852487016,33,0.0,0.0,0.0,0.0
1,3,500,2.636930713914845,33,0.0,0.0,0.0,0.0
1,3,501,2.642204575342675,33,0.0,0.0,0.0,0.0
1,3,502,2.6474784367705047,33,0.0,0.0,0.0,0.0
1,3,503,2.6527522981983345,33,0.0,0.0,0.0,0.0
1,3,504,2.658026159626164,33,0.0,0.0,0.0,0.0
1,3,505,2.6633000210539937,33,0.0,0.0,0.0,0.0
1,3,506,2.6685738824818235,33,0.0,0.0,0.0,0.0
1,3,507,2.673847743909653,33,0.0,0.0,0.0,0.0
1,3,508,2.6791216053374827,33,0.0,0.0,0.0,0.0
1,3,509,2.6843954667653125,33,0.0,0.0,0.0,0.0
1,3,510,2.6896693281931423,33,0.0,0.0,0.0,0.0
1,3,511,2.694943189620972,33,0.0,0.0,0.0,0.0
1,4,0,0.0,33,0.0,0.0,0.0,0.0
1,4,1,0.0052738614278296,33,0.0,0.0,0.0,0.0
1,4,2,0.0105477228556593,33,0.0,0.0,0.0,0.0
1,4,3,0.015821584283489,33,0.0,0.0,0.0,0.0
1,4,4,0.0210954457113187,33,0.0,0.0,0.0,0.0
1,4,5,0.0263693071391484,33,0.0,0.0,0.0,0.0
1,4,6,0.0316431685669781,33,0.0,0.0,0.0,0.0
1,4,7,0.0369170299948078,33,0.0303030303030303,0.0,0.0,0.0
1,4,8,0.0421908914226375,33,0.0,0.0,0.0,0.0
1,4,9,0.0474647528504672,33,0.0909090909090909,0.0,0.0,0.0
1,4,10,0.0527386142782969,33,0.2121212121212121,0.0,0.0,0.0
1,4,11,0.0580124757061265,33,0.1818181818181818,0.0,0.0,0.0
1,4,12,0.0632863371339562,33,0.2424242424242424,0.0,0.0,0.0
1,4,13,0.0685601985617859,33,0.4242424242424242,0.0,0.0,1.0
1,4,14,0.0738340599896156,33,0.5454545454545454,0.0,0.0,1.0
1,4,15,0.0791079214174453,33,0.7272727272727273,0.0,0.0,1.0
1,4,16,0.084381782845275,33,0.9090909090909092,0.0,1.0,2.0
1,4,17,0.0896556442731047,33,1.7272727272727273,0.0,1.0,3.0
1,4,18,0.0949295057009344,33,1.9696969696969695,1.0,2.0,3.0
1,4,19,0.1002033671287641,33,2.6666666666666665,1.0,2.0,5.0
1,4,20,0.1054772285565938,33,3.242424242424242,2.0,2.0,4.0
1,4,21,0.1107510899844235,33,4.212121212121212,2.0,3.0,6.0
1,4,22,0.1160249514122531,33,5.151515151515151,2.0,4.0,7.0
1,4,23,0.1212988128400828,33,6.606060606060606,3.0,6.0,9.0
1,4,24,0.1265726742679125,33,7.606060606060606,4.0,6.0,10.0
1,4,25,0.1318465356957422,33,8.818181818181818,5.0,8.0,12.0
1,4,26,0.1371203971235719,33,9.151515151515152,5.0,9.0,12.0
1,4,27,0.1423942585514016,33,10.363636363636363,6.0,9.0,13.0
1,4,28,0.1476681199792313,33,12.636363636363637,8.0,11.0,18.0
1,4,29,0.152941981407061,33,13.151515151515152,9.0,12.0,17.0
1,4,30,0.1582158428348907,33,14.636363636363637,11.0,13.0,19.0
1,4,31,0.1634897042627204,33,16.0,12.0,15.0,19.0
1,4,32,0.1687635656905501,33,17.0,13.0,17.0,20.0
1,4,33,0.1740374271183797,33,18.57575757575757,14.0,20.0,22.0
1,4,34,0.1793112885462094,33,19.818181818181817,15.0,19.0,23.0
1,4,35,0.1845851499740391,33,20.09090909090909,15.0,18.0,25.0
1,4,36,0.1898590114018688,33,20.818181818181817,16.0,20.0,25.0
1,4,37,0.1951328728296985,33,21.33333333333333,17.0,21.0,25.0
1,4,38,0.2004067342575282,33,23.03030303030303,18.0,23.0,28.0
1,4,39,0.2056805956853579,33,23.727272727272727,19.0,24.0,28.0
1,4,40,0.2109544571131876,33,24.0,19.0,24.0,27.0
1,4,41,0.2162283185410173,33,23.75757575757576,20.0,24.0,27.0
1,4,42,0.221502179968847,33,24.363636363636363,20.0,24.0,30.0
1,4,43,0.2267760413966766,33,24.90909090909091,18.0,25.0,30.0
1,4,44,0.2320499028245063,33,24.939393939393938,20.0,23.0,29.0
1,4,45,0.237323764252336,33,24.75757575757576,20.0,24.0,28.0
1,4,46,0.2425976256801657,33,25.424242424242426,21.0,23.0,30.0
1,4,47,0.2478714871079954,33,26.060606060606062,21.0,25.0,31.0
1,4,48,0.2531453485358251,33,26.21212121212121,20.0,26.0,32.0
1,4,49,0.2584192099636548,33,25.96969696969697,21.0,24.0,30.0
1,4,50,0.2636930713914845,33,24.24242424242424,20.0,23.0,30.0
1,4,51,0.2689669328193142,33,24.03030303030303,19.0,22.0,28.0
1,4,52,0.2742407942471439,33,22.363636363636363,18.0,21.0,27.0
1,4,53,0.2795146556749736,33,22.303030303030305,18.0,21.0,26.0
1,4,54,0.2847885171028033,33,21.51515151515152,17.0,20.0,26.0
1,4,55,0.290062378530633,33,20.454545454545453,15.0,20.0,24.0
1,4,56,0.2953362399584626,33,19.09090909090909,15.0,19.0,22.0
1,4,57,0.3006101013862923,33,18.75757575757576,15.0,18.0,21.0
1,4,58,0.305883962814122,33,18.151515151515152,14.0,17.0,21.0
1,4,59,0.3111578242419517,33,17.757575757575758,13.0,16.0,20.0
1,4,60,0.3164316856697814,33,17.303030303030305,12.0,16.0,19.0
1,4,61,0.3217055470976111,33,16.90909090909091,12.0,16.0,20.0
1,4,62,0.3269794085254408,33,16.696969696969695,12.0,15.0,20.0
1,4,63,0.3322532699532705,33,16.484848484848484,12.0,15.0,21.0
1,4,64,0.3375271313811002,33,16.424242424242426,12.0,15.0,20.0
1,4,65,0.3428009928089299,33,16.757575757575758,11.0,16.0,21.0
1,4,66,0.3480748542367595,33,16.606060606060606,10.0,17.0,22.0
1,4,67,0.3533487156645892,33,16.12121212121212,10.0,15.0,21.0
1,4,68,0.3586225770924189,33,15.303030303030305,9.0,15.0,20.0
1,4,69,0.3638964385202486,33,14.818181818181818,11.0,14.0,19.0
1,4,70,0.3691702999480783,33,14.666666666666666,11.0,13.0,19.0
1,4,71,0.374444161375908,33,14.181818181818182,11.0,13.0,18.0
1,4,72,0.3797180228037377,33,13.545454545454543,11.0,13.0,16.0
1,4,73,0.3849918842315674,33,12.454545454545457,10.0,12.0,15.0
1,4,74,0.3902657456593971,33,11.787878787878787,10.0,11.0,14.0
1,4,75,0.3955396070872268,33,11.272727272727272,9.0,11.0,13.0
1,4,76,0.4008134685150564,33,10.909090909090908,9.0,10.0,13.0
1,4,77,0.4060873299428861,33,10.515151515151516,8.0,11.0,12.0
1,4,78,0.4113611913707158,33,10.06060606060606,7.0,10.0,12.0
1,4,79,0.4166350527985455,33,9.87878787878788,7.0,10.0,12.0
1,4,80,0.4219089142263752,33,9.424242424242424,7.0,10.0,11.0
1,4,81,0.4271827756542049,33,9.12121212121212,6.0,9.0,11.0
1,4,82,0.4324566370820346,33,9.030303030303031,6.0,8.0,12.0
1,4,83,0.4377304985098643,33,8.606060606060606,5.0,7.0,11.0
1,4,84,0.443004359937694,33,8.272727272727273,5.0,8.0,11.0
1,4,85,0.4482782213655237,33,8.303030303030303,5.0,8.0,11.0
1,4,86,0.4535520827933533,33,7.878787878787879,5.0,7.0,10.0
1,4,87,0.458825944221183,33,7.757575757575758,5.0,7.0,10.0
1,4,88,0.4640998056490127,33,7.454545454545454,5.0,7.0,10.0
1,4,89,0.4693736670768424,33,7.303030303030303,4.0,7.0,9.0
1,4,90,0.4746475285046721,33,7.090909090909091,5.0,6.0,9.0
1,4,91,0.4799213899325018,33,6.666666666666667,4.0,5.0,8.0
1,4,92,0.4851952513603315,33,6.333333333333333,4.0,6.0,8.0
1,4,93,0.4904691127881612,33,6.181818181818182,4.0,5.0,8.0
1,4,94,0.4957429742159909,33,6.03030303030303,4.0,5.0,8.0
1,4,95,0.5010168356438206,33,5.787878787878788,4.0,5.0,8.0
1,4,96,0.5062906970716503,33,5.515151515151516,4.0,5.0,8.0
1,4,97,0.51156455849948,33,5.121212121212121,4.0,5.0,6.0
1,4,98,0.5168384199273096,33,5.0606060606060606,4.0,5.0,6.0
1,4,99,0.5221122813551393,33,5.0,4.0,5.0,6.0
1,4,100,0.527386142782969,33,5.03030303030303,4.0,5.0,7.0
1,4,101,0.5326600042107987,33,5.0,4.0,5.0,6.0
1,4,102,0.5379338656386284,33,4.878787878787879,4.0,5.0,6.0
1,4,103,0.5432077270664581,33,4.818181818181818,3.0,5.0,6.0
1,4,104,0.5484815884942879,33,4.818181818181818,3.0,5.0,6.0
1,4,105,0.5537554499221174,33,4.575757575757576,3.0,5.0,6.0
1,4,106,0.5590293113499472,33,4.454545454545454,3.0,5.0,6.0
1,4,107,0.5643031727777769,33,4.363636363636363,3.0,4.0,6.0
1,4,108,0.5695770342056066,33,4.2727272727272725,3.0,4.0,6.0
1,4,109,0.5748508956334363,33,4.151515151515151,2.0,4.0,6.0
1,4,110,0.580124757061266,33,4.2727272727272725,3.0,4.0,5.0
1,4,111,0.5853986184890957,33,3.909090909090909,2.0,4.0,5.0
1,4,112,0.5906724799169253,33,3.787878787878788,2.0,3.0,5.0
1,4,113,0.595946341344755,33,3.727272727272727,2.0,3.0,5.0
1,4,114,0.6012202027725847,33,3.6666666666666665,2.0,3.0,6.0
1,4,115,0.6064940642004144,33,3.606060606060606,2.0,3.0,6.0
1,4,116,0.6117679256282441,33,3.5454545454545454,2.0,3.0,5.0
1,4,117,0.6170417870560738,33,3.636363636363636,2.0,3.0,5.0
1,4,118,0.6223156484839034,33,3.575757575757576,2.0,3.0,5.0
1,4,119,0.6275895099117331,33,3.5454545454545454,2.0,3.0,5.0
1,4,120,0.6328633713395628,33,3.696969696969697,2.0,3.0,5.0
1,4,121,0.6381372327673925,33,3.606060606060606,2.0,3.0,5.0
1,4,122,0.6434110941952222,33,3.606060606060606,2.0,3.0,5.0
1,4,123,0.648684955623052,33,3.484848484848485,2.0,3.0,5.0
1,4,124,0.6539588170508817,33,3.1818181818181817,1.0,2.0,5.0
1,4,125,0.6592326784787113,33,3.1515151515151514,1.0,2.0,5.0
1,4,126,0.664506539906541,33,3.0303030303030303,1.0,2.0,5.0
1,4,127,0.6697804013343707,33,3.0,1.0,2.0,4.0
1,4,128,0.6750542627622004,33,2.9696969696969697,1.0,2.0,5.0
1,4,129,0.6803281241900301,33,2.8181818181818183,1.0,2.0,4.0
1,4,130,0.6856019856178598,33,2.757575757575758,1.0,2.0,4.0
1,4,131,0.6908758470456895,33,2.757575757575758,1.0,2.0,4.0
1,4,132,0.6961497084735191,33,2.696969696969697,1.0,2.0,4.0
1,4,133,0.7014235699013488,33,2.696969696969697,1.0,2.0,4.0
1,4,134,0.7066974313291785,33,2.696969696969697,1.0,2.0,4.0
1,4,135,0.7119712927570082,33,2.6666666666666665,1.0,2.0,4.0
1,4,136,0.7172451541848379,33,2.5454545454545454,1.0,2.0,4.0
1,4,137,0.7225190156126676,33,2.5454545454545454,1.0,2.0,4.0
1,4,138,0.7277928770404973,33,2.4545454545454546,1.0,2.0,4.0
1,4,139,0.7330667384683269,33,2.333333333333333,1.0,2.0,4.0
1,4,140,0.7383405998961566,33,2.212121212121212,1.0,2.0,3.0
1,4,141,0.7436144613239863,33,2.212121212121212,1.0,2.0,3.0
1,4,142,0.748888322751816,33,2.121212121212121,1.0,2.0,3.0
1,4,143,0.7541621841796458,33,2.121212121212121,1.0,2.0,3.0
1,4,144,0.7594360456074755,33,2.090909090909091,1.0,2.0,3.0
1,4,145,0.7647099070353051,33,2.090909090909091,1.0,2.0,3.0
1,4,146,0.7699837684631348,33,2.0,1.0,2.0,3.0
1,4,147,0.7752576298909645,33,1.9090909090909087,1.0,2.0,3.0
1,4,148,0.7805314913187942,33,1.8484848484848484,1.0,2.0,3.0
1,4,149,0.7858053527466239,33,1.8484848484848484,1.0,2.0,3.0
1,4,150,0.7910792141744536,33,1.818181818181818,1.0,2.0,2.0
1,4,151,0.7963530756022833,33,1.818181818181818,1.0,2.0,2.0
1,4,152,0.8016269370301129,33,1.7575757575757576,1.0,2.0,2.0
1,4,153,0.8069007984579426,33,1.696969696969697,1.0,2.0,2.0
1,4,154,0.8121746598857723,33,1.6363636363636365,1.0,2.0,2.0
1,4,155,0.817448521313602,33,1.5454545454545454,1.0,1.0,2.0
1,4,156,0.8227223827414317,33,1.606060606060606,1.0,1.0,2.0
1,4,157,0.8279962441692614,33,1.5151515151515151,1.0,1.0,2.0
1,4,158,0.8332701055970911,33,1.5151515151515151,1.0,1.0,2.0
1,4,159,0.8385439670249207,33,1.4848484848484849,1.0,1.0,2.0
1,4,160,0.8438178284527504,33,1.393939393939394,1.0,1.0,2.0
1,4,161,0.8490916898805801,33,1.3333333333333333,1.0,1.0,2.0
1,4,162,0.8543655513084099,33,1.3636363636363635,1.0,1.0,2.0
1,4,163,0.8596394127362396,33,1.2727272727272727,1.0,1.0,2.0
1,4,164,0.8649132741640693,33,1.2727272727272727,1.0,1.0,2.0
1,4,165,0.870187135591899,33,1.2121212121212122,0.0,1.0,2.0
1,4,166,0.8754609970197286,33,1.2121212121212122,0.0,1.0,2.0
1,4,167,0.8807348584475583,33,1.2121212121212122,0.0,1.0,2.0
1,4,168,0.886008719875388,33,1.2727272727272727,0.0,1.0,2.0
1,4,169,0.8912825813032177,33,1.2121212121212122,0.0,1.0,1.0
1,4,170,0.8965564427310474,33,1.2727272727272727,0.0,1.0,2.0
1,4,171,0.9018303041588772,33,1.2727272727272727,0.0,1.0,2.0
1,4,172,0.9071041655867068,33,1.2121212121212122,0.0,1.0,1.0
1,4,173,0.9123780270145364,33,1.181818181818182,0.0,1.0,1.0
1,4,174,0.917651888442366,33,1.0606060606060606,0.0,1.0,1.0
1,4,175,0.9229257498701958,33,1.0,0.0,1.0,1.0
1,4,176,0.9281996112980256,33,0.9696969696969696,0.0,1.0,1.0
1,4,177,0.9334734727258552,33,0.9696969696969696,0.0,1.0,1.0
1,4,178,0.9387473341536848,33,1.0,0.0,1.0,1.0
1,4,179,0.9440211955815144,33,1.0,0.0,1.0,1.0
1,4,180,0.9492950570093442,33,1.0,0.0,1.0,1.0
1,4,181,0.954568918437174,33,1.0,0.0,1.0,1.0
1,4,182,0.9598427798650035,33,1.0,0.0,1.0,1.0
1,4,183,0.9651166412928334,33,1.0,0.0,1.0,1.0
1,4,184,0.9703905027206632,33,1.0,0.0,1.0,1.0
1,4,185,0.9756643641484928,33,0.9696969696969696,0.0,1.0,1.0
1,4,186,0.9809382255763224,33,0.8787878787878788,0.0,1.0,1.0
1,4,187,0.986212087004152,33,0.8787878787878788,0.0,1.0,1.0
1,4,188,0.9914859484319818,33,0.8787878787878788,0.0,1.0,1.0
1,4,189,0.9967598098598116,33,0.8484848484848485,0.0,1.0,1.0
1,4,190,1.0020336712876412,33,0.8484848484848485,0.0,1.0,1.0
1,4,191,1.0073075327154708,33,0.8484848484848485,0.0,1.0,1.0
1,4,192,1.0125813941433006,33,0.8484848484848485,0.0,1.0,1.0
1,4,193,1.0178552555711302,33,0.8181818181818182,0.0,1.0,1.0
1,4,194,1.02312911699896,33,0.8181818181818182,0.0,1.0,1.0
1,4,195,1.0284029784267896,33,0.8181818181818182,0.0,1.0,1.0
1,4,196,1.0336768398546192,33,0.8181818181818182,0.0,1.0,1.0
1,4,197,1.038950701282449,33,0.8181818181818182,0.0,1.0,1.0
1,4,198,1.0442245627102786,33,0.8484848484848485,0.0,1.0,1.0
1,4,199,1.0494984241381085,33,0.8484848484848485,0.0,1.0,1.0
1,4,200,1.054772285565938,33,0.8484848484848485,0.0,1.0,1.0
1,4,201,1.060046146993768,33,0.8181818181818182,0.0,1.0,1.0
1,4,202,1.0653200084215977,33,0.7878787878787878,0.0,1.0,1.0
1,4,203,1.070593869849427,33,0.7575757575757576,0.0,1.0,1.0
1,4,204,1.0758677312772569,33,0.7575757575757576,0.0,1.0,1.0
1,4,205,1.0811415927050865,33,0.7878787878787878,0.0,1.0,1.0
1,4,206,1.0864154541329163,33,0.7878787878787878,0.0,1.0,1.0
1,4,207,1.091689315560746,33,0.7575757575757576,0.0,1.0,1.0
1,4,208,1.0969631769885757,33,0.7575757575757576,0.0,1.0,1.0
1,4,209,1.1022370384164053,33,0.696969696969697,0.0,1.0,1.0
1,4,210,1.107510899844235,33,0.696969696969697,0.0,1.0,1.0
1,4,211,1.1127847612720647,33,0.696969696969697,0.0,1.0,1.0
1,4,212,1.1180586226998943,33,0.6363636363636364,0.0,0.0,1.0
1,4,213,1.123332484127724,33,0.6363636363636364,0.0,0.0,1.0
1,4,214,1.1286063455555535,33,0.6363636363636364,0.0,0.0,1.0
1,4,215,1.1338802069833835,33,0.6363636363636364,0.0,0.0,1.0
1,4,216,1.1391540684112131,33,0.6363636363636364,0.0,0.0,1.0
1,4,217,1.1444279298390427,33,0.6666666666666666,0.0,0.0,1.0
1,4,218,1.1497017912668726,33,0.6363636363636364,0.0,0.0,1.0
1,4,219,1.154975652694702,33,0.5757575757575758,0.0,0.0,1.0
1,4,220,1.160249514122532,33,0.5454545454545454,0.0,0.0,1.0
1,4,221,1.1655233755503616,33,0.5454545454545454,0.0,0.0,1.0
1,4,222,1.1707972369781914,33,0.5454545454545454,0.0,0.0,1.0
1,4,223,1.176071098406021,33,0.5454545454545454,0.0,0.0,1.0
1,4,224,1.1813449598338506,33,0.5151515151515151,0.0,0.0,1.0
1,4,225,1.1866188212616804,33,0.4848484848484848,0.0,0.0,1.0
1,4,226,1.19189268268951,33,0.4848484848484848,0.0,0.0,1.0
1,4,227,1.1971665441173398,33,0.4545454545454545,0.0,0.0,1.0
1,4,228,1.2024404055451694,33,0.3939393939393939,0.0,0.0,1.0
1,4,229,1.2077142669729992,33,0.3939393939393939,0.0,0.0,1.0
1,4,230,1.2129881284008288,33,0.3939393939393939,0.0,0.0,1.0
1,4,231,1.2182619898286584,33,0.3939393939393939,0.0,0.0,1.0
1,4,232,1.2235358512564882,33,0.3636363636363636,0.0,0.0,1.0
1,4,233,1.2288097126843178,33,0.3333333333333333,0.0,0.0,1.0
1,4,234,1.2340835741121476,33,0.3333333333333333,0.0,0.0,1.0
1,4,235,1.2393574355399772,33,0.3333333333333333,0.0,0.0,1.0
1,4,236,1.2446312969678068,33,0.3333333333333333,0.0,0.0,1.0
1,4,237,1.2499051583956369,33,0.3333333333333333,0.0,0.0,1.0
1,4,238,1.2551790198234662,33,0.3333333333333333,0.0,0.0,1.0
1,4,239,1.260452881251296,33,0.3333333333333333,0.0,0.0,1.0
1,4,240,1.2657267426791257,33,0.3333333333333333,0.0,0.0,1.0
1,4,241,1.2710006041069557,33,0.3333333333333333,0.0,0.0,1.0
1,4,242,1.276274465534785,33,0.3333333333333333,0.0,0.0,1.0
1,4,243,1.281548326962615,33,0.2727272727272727,0.0,0.0,0.0
1,4,244,1.2868221883904445,33,0.2727272727272727,0.0,0.0,0.0
1,4,245,1.292096049818274,33,0.2727272727272727,0.0,0.0,0.0
1,4,246,1.297369911246104,33,0.2727272727272727,0.0,0.0,0.0
1,4,247,1.3026437726739335,33,0.2727272727272727,0.0,0.0,0.0
1,4,248,1.307917634101763,33,0.2727272727272727,0.0,0.0,0.0
1,4,249,1.313191495529593,33,0.2727272727272727,0.0,0.0,0.0
1,4,250,1.3184653569574225,33,0.2727272727272727,0.0,0.0,0.0
1,4,251,1.3237392183852523,33,0.2424242424242424,0.0,0.0,0.0
1,4,252,1.329013079813082,33,0.2424242424242424,0.0,0.0,0.0
1,4,253,1.3342869412409115,33,0.2424242424242424,0.0,0.0,0.0
1,4,254,1.3395608026687411,33,0.2424242424242424,0.0,0.0,0.0
1,4,255,1.3448346640965712,33,0.2424242424242424,0.0,0.0,0.0
1,4,256,1.3501085255244007,33,0.2424242424242424,0.0,0.0,0.0
1,4,257,1.3553823869522303,33,0.2424242424242424,0.0,0.0,0.0
1,4,258,1.3606562483800602,33,0.2424242424242424,0.0,0.0,0.0
1,4,259,1.3659301098078898,33,0.2121212121212121,0.0,0.0,0.0
1,4,260,1.3712039712357196,33,0.2121212121212121,0.0,0.0,0.0
1,4,261,1.3764778326635492,33,0.2121212121212121,0.0,0.0,0.0
1,4,262,1.381751694091379,33,0.2121212121212121,0.0,0.0,0.0
1,4,263,1.3870255555192086,33,0.2121212121212121,0.0,0.0,0.0
1,4,264,1.3922994169470382,33,0.1818181818181818,0.0,0.0,0.0
1,4,265,1.397573278374868,33,0.1818181818181818,0.0,0.0,0.0
1,4,266,1.4028471398026976,33,0.1818181818181818,0.0,0.0,0.0
1,4,267,1.4081210012305274,33,0.1515151515151515,0.0,0.0,0.0
1,4,268,1.413394862658357,33,0.1515151515151515,0.0,0.0,0.0
1,4,269,1.4186687240861868,33,0.1515151515151515,0.0,0.0,0.0
1,4,270,1.4239425855140164,33,0.1515151515151515,0.0,0.0,0.0
1,4,271,1.429216446941846,33,0.1515151515151515,0.0,0.0,0.0
1,4,272,1.4344903083696758,33,0.1515151515151515,0.0,0.0,0.0
1,4,273,1.4397641697975054,33,0.1515151515151515,0.0,0.0,0.0
1,4,274,1.4450380312253353,33,0.1515151515151515,0.0,0.0,0.0
1,4,275,1.4503118926531648,33,0.1515151515151515,0.0,0.0,0.0
1,4,276,1.4555857540809949,33,0.1515151515151515,0.0,0.0,0.0
1,4,277,1.4608596155088245,33,0.1515151515151515,0.0,0.0,0.0
1,4,278,1.466133476936654,33,0.1515151515151515,0.0,0.0,0.0
1,4,279,1.4714073383644837,33,0.1515151515151515,0.0,0.0,0.0
1,4,280,1.4766811997923133,33,0.1515151515151515,0.0,0.0,0.0
1,4,281,1.481955061220143,33,0.1515151515151515,0.0,0.0,0.0
1,4,282,1.487228922647973,33,0.1515151515151515,0.0,0.0,0.0
1,4,283,1.4925027840758025,33,0.1515151515151515,0.0,0.0,0.0
1,4,284,1.497776645503632,33,0.1515151515151515,0.0,0.0,0.0
1,4,285,1.5030505069314617,33,0.1212121212121212,0.0,0.0,0.0
1,4,286,1.5083243683592915,33,0.1212121212121212,0.0,0.0,0.0
1,4,287,1.513598229787121,33,0.1212121212121212,0.0,0.0,0.0
1,4,288,1.518872091214951,33,0.1212121212121212,0.0,0.0,0.0
1,4,289,1.5241459526427803,33,0.1212121212121212,0.0,0.0,0.0
1,4,290,1.52941981407061,33,0.1212121212121212,0.0,0.0,0.0
1,4,291,1.53469367549844,33,0.1212121212121212,0.0,0.0,0.0
1,4,292,1.5399675369262695,33,0.1212121212121212,0.0,0.0,0.0
1,4,293,1.5452413983540991,33,0.1212121212121212,0.0,0.0,0.0
1,4,294,1.550515259781929,33,0.1212121212121212,0.0,0.0,0.0
1,4,295,1.5557891212097588,33,0.1212121212121212,0.0,0.0,0.0
1,4,296,1.5610629826375884,33,0.0909090909090909,0.0,0.0,0.0
1,4,297,1.566336844065418,33,0.0909090909090909,0.0,0.0,0.0
1,4,298,1.5716107054932478,33,0.0909090909090909,0.0,0.0,0.0
1,4,299,1.5768845669210774,33,0.0909090909090909,0.0,0.0,0.0
1,4,300,1.5821584283489072,33,0.0909090909090909,0.0,0.0,0.0
1,4,301,1.5874322897767368,33,0.0909090909090909,0.0,0.0,0.0
1,4,302,1.5927061512045666,33,0.0909090909090909,0.0,0.0,0.0
1,4,303,1.5979800126323962,33,0.0909090909090909,0.0,0.0,0.0
1,4,304,1.6032538740602258,33,0.0606060606060606,0.0,0.0,0.0
1,4,305,1.6085277354880556,33,0.0606060606060606,0.0,0.0,0.0
1,4,306,1.6138015969158852,33,0.0303030303030303,0.0,0.0,0.0
1,4,307,1.619075458343715,33,0.0303030303030303,0.0,0.0,0.0
1,4,308,1.6243493197715446,33,0.0303030303030303,0.0,0.0,0.0
1,4,309,1.6296231811993744,33,0.0303030303030303,0.0,0.0,0.0
1,4,310,1.634897042627204,33,0.0303030303030303,0.0,0.0,0.0
1,4,311,1.6401709040550336,33,0.0303030303030303,0.0,0.0,0.0
1,4,312,1.6454447654828634,33,0.0303030303030303,0.0,0.0,0.0
1,4,313,1.650718626910693,33,0.0303030303030303,0.0,0.0,0.0
1,4,314,1.6559924883385229,33,0.0303030303030303,0.0,0.0,0.0
1,4,315,1.6612663497663525,33,0.0303030303030303,0.0,0.0,0.0
1,4,316,1.6665402111941825,33,0.0303030303030303,0.0,0.0,0.0
1,4,317,1.671814072622012,33,0.0303030303030303,0.0,0.0,0.0
1,4,318,1.6770879340498417,33,0.0303030303030303,0.0,0.0,0.0
1,4,319,1.6823617954776713,33,0.0303030303030303,0.0,0.0,0.0
1,4,320,1.6876356569055009,33,0.0303030303030303,0.0,0.0,0.0
1,4,321,1.6929095183333307,33,0.0303030303030303,0.0,0.0,0.0
1,4,322,1.6981833797611603,33,0.0303030303030303,0.0,0.0,0.0
1,4,323,1.70345724118899,33,0.0303030303030303,0.0,0.0,0.0
1,4,324,1.7087311026168197,33,0.0303030303030303,0.0,0.0,0.0
1,4,325,1.7140049640446493,33,0.0303030303030303,0.0,0.0,0.0
1,4,326,1.7192788254724791,33,0.0303030303030303,0.0,0.0,0.0
1,4,327,1.7245526869003087,33,0.0303030303030303,0.0,0.0,0.0
1,4,328,1.7298265483281383,33,0.0303030303030303,0.0,0.0,0.0
1,4,329,1.735100409755968,33,0.0303030303030303,0.0,0.0,0.0
1,4,330,1.740374271183798,33,0.0303030303030303,0.0,0.0,0.0
1,4,331,1.7456481326116275,33,0.0303030303030303,0.0,0.0,0.0
1,4,332,1.7509219940394571,33,0.0303030303030303,0.0,0.0,0.0
1,4,333,1.756195855467287,33,0.0303030303030303,0.0,0.0,0.0
1,4,334,1.7614697168951166,33,0.0303030303030303,0.0,0.0,0.0
1,4,335,1.7667435783229464,33,0.0303030303030303,0.0,0.0,0.0
1,4,336,1.772017439750776,33,0.0303030303030303,0.0,0.0,0.0
1,4,337,1.7772913011786056,33,0.0303030303030303,0.0,0.0,0.0
1,4,338,1.7825651626064354,33,0.0303030303030303,0.0,0.0,0.0
1,4,339,1.787839024034265,33,0.0303030303030303,0.0,0.0,0.0
1,4,340,1.7931128854620948,33,0.0303030303030303,0.0,0.0,0.0
1,4,341,1.7983867468899244,33,0.0303030303030303,0.0,0.0,0.0
1,4,342,1.8036606083177544,33,0.0303030303030303,0.0,0.0,0.0
1,4,343,1.808934469745584,33,0.0303030303030303,0.0,0.0,0.0
1,4,344,1.8142083311734132,33,0.0303030303030303,0.0,0.0,0.0
1,4,345,1.8194821926012432,33,0.0303030303030303,0.0,0.0,0.0
1,4,346,1.8247560540290728,33,0.0303030303030303,0.0,0.0,0.0
1,4,347,1.8300299154569024,33,0.0303030303030303,0.0,0.0,0.0
1,4,348,1.835303776884732,33,0.0303030303030303,0.0,0.0,0.0
1,4,349,1.840577638312562,33,0.0303030303030303,0.0,0.0,0.0
1,4,350,1.845851499740392,33,0.0303030303030303,0.0,0.0,0.0
1,4,351,1.8511253611682208,33,0.0303030303030303,0.0,0.0,0.0
1,4,352,1.856399222596051,33,0.0303030303030303,0.0,0.0,0.0
1,4,353,1.8616730840238809,33,0.0303030303030303,0.0,0.0,0.0
1,4,354,1.8669469454517105,33,0.0303030303030303,0.0,0.0,0.0
1,4,355,1.87222080687954,33,0.0303030303030303,0.0,0.0,0.0
1,4,356,1.8774946683073697,33,0.0303030303030303,0.0,0.0,0.0
1,4,357,1.8827685297351997,33,0.0303030303030303,0.0,0.0,0.0
1,4,358,1.888042391163029,33,0.0303030303030303,0.0,0.0,0.0
1,4,359,1.893316252590859,33,0.0303030303030303,0.0,0.0,0.0
1,4,360,1.8985901140186885,33,0.0303030303030303,0.0,0.0,0.0
1,4,361,1.9038639754465183,33,0.0303030303030303,0.0,0.0,0.0
1,4,362,1.909137836874348,33,0.0303030303030303,0.0,0.0,0.0
1,4,363,1.9144116983021775,33,0.0303030303030303,0.0,0.0,0.0
1,4,364,1.9196855597300075,33,0.0303030303030303,0.0,0.0,0.0
1,4,365,1.924959421157837,33,0.0303030303030303,0.0,0.0,0.0
1,4,366,1.9302332825856667,33,0.0303030303030303,0.0,0.0,0.0
1,4,367,1.9355071440134963,33,0.0303030303030303,0.0,0.0,0.0
1,4,368,1.940781005441326,33,0.0303030303030303,0.0,0.0,0.0
1,4,369,1.946054866869156,33,0.0303030303030303,0.0,0.0,0.0
1,4,370,1.9513287282969856,33,0.0303030303030303,0.0,0.0,0.0
1,4,371,1.9566025897248152,33,0.0303030303030303,0.0,0.0,0.0
1,4,372,1.9618764511526448,33,0.0303030303030303,0.0,0.0,0.0
1,4,373,1.9671503125804743,33,0.0303030303030303,0.0,0.0,0.0
1,4,374,1.972424174008304,33,0.0303030303030303,0.0,0.0,0.0
1,4,375,1.977698035436134,33,0.0303030303030303,0.0,0.0,0.0
1,4,376,1.982971896863964,33,0.0303030303030303,0.0,0.0,0.0
1,4,377,1.9882457582917932,33,0.0303030303030303,0.0,0.0,0.0
1,4,378,1.993519619719623,33,0.0303030303030303,0.0,0.0,0.0
1,4,379,1.9987934811474528,33,0.0303030303030303,0.0,0.0,0.0
1,4,380,2.0040673425752824,33,0.0303030303030303,0.0,0.0,0.0
1,4,381,2.009341204003112,33,0.0303030303030303,0.0,0.0,0.0
1,4,382,2.0146150654309416,33,0.0303030303030303,0.0,0.0,0.0
1,4,383,2.0198889268587714,33,0.0303030303030303,0.0,0.0,0.0
1,4,384,2.025162788286601,33,0.0303030303030303,0.0,0.0,0.0
1,4,385,2.0304366497144306,33,0.0303030303030303,0.0,0.0,0.0
1,4,386,2.0357105111422604,33,0.0303030303030303,0.0,0.0,0.0
1,4,387,2.0409843725700902,33,0.0303030303030303,0.0,0.0,0.0
1,4,388,2.04625823399792,33,0.0303030303030303,0.0,0.0,0.0
1,4,389,2.051532095425749,33,0.0303030303030303,0.0,0.0,0.0
1,4,390,2.0568059568535797,33,0.0303030303030303,0.0,0.0,0.0
1,4,391,2.062079818281409,33,0.0303030303030303,0.0,0.0,0.0
1,4,392,2.0673536797092384,33,0.0303030303030303,0.0,0.0,0.0
1,4,393,2.0726275411370683,33,0.0303030303030303,0.0,0.0,0.0
1,4,394,2.077901402564898,33,0.0303030303030303,0.0,0.0,0.0
1,4,395,2.083175263992728,33,0.0303030303030303,0.0,0.0,0.0
1,4,396,2.0884491254205573,33,0.0303030303030303,0.0,0.0,0.0
1,4,397,2.093722986848387,33,0.0303030303030303,0.0,0.0,0.0
1,4,398,2.098996848276217,33,0.0303030303030303,0.0,0.0,0.0
1,4,399,2.1042707097040463,33,0.0303030303030303,0.0,0.0,0.0
1,4,400,2.109544571131876,33,0.0303030303030303,0.0,0.0,0.0
1,4,401,2.114818432559706,33,0.0303030303030303,0.0,0.0,0.0
1,4,402,2.120092293987536,33,0.0303030303030303,0.0,0.0,0.0
1,4,403,2.125366155415365,33,0.0303030303030303,0.0,0.0,0.0
1,4,404,2.130640016843195,33,0.0303030303030303,0.0,0.0,0.0
1,4,405,2.1359138782710247,33,0.0303030303030303,0.0,0.0,0.0
1,4,406,2.141187739698854,33,0.0303030303030303,0.0,0.0,0.0
1,4,407,2.146461601126684,33,0.0303030303030303,0.0,0.0,0.0
1,4,408,2.1517354625545138,33,0.0303030303030303,0.0,0.0,0.0
1,4,409,2.157009323982344,33,0.0303030303030303,0.0,0.0,0.0
1,4,410,2.162283185410173,33,0.0303030303030303,0.0,0.0,0.0
1,4,411,2.1675570468380028,33,0.0303030303030303,0.0,0.0,0.0
1,4,412,2.1728309082658326,33,0.0303030303030303,0.0,0.0,0.0
1,4,413,2.178104769693662,33,0.0303030303030303,0.0,0.0,0.0
1,4,414,2.183378631121492,33,0.0303030303030303,0.0,0.0,0.0
1,4,415,2.1886524925493216,33,0.0303030303030303,0.0,0.0,0.0
1,4,416,2.1939263539771514,33,0.0303030303030303,0.0,0.0,0.0
1,4,417,2.199200215404981,33,0.0303030303030303,0.0,0.0,0.0
1,4,418,2.2044740768328106,33,0.0303030303030303,0.0,0.0,0.0
1,4,419,2.2097479382606404,33,0.0303030303030303,0.0,0.0,0.0
1,4,420,2.21502179968847,33,0.0303030303030303,0.0,0.0,0.0
1,4,421,2.2202956611163,33,0.0303030303030303,0.0,0.0,0.0
1,4,422,2.225569522544129,33,0.0303030303030303,0.0,0.0,0.0
1,4,423,2.2308433839719592,33,0.0303030303030303,0.0,0.0,0.0
1,4,424,2.2361172453997886,33,0.0303030303030303,0.0,0.0,0.0
1,4,425,2.2413911068276184,33,0.0303030303030303,0.0,0.0,0.0
1,4,426,2.2466649682554483,33,0.0303030303030303,0.0,0.0,0.0
1,4,427,2.2519388296832776,33,0.0303030303030303,0.0,0.0,0.0
1,4,428,2.2572126911111074,33,0.0,0.0,0.0,0.0
1,4,429,2.2624865525389373,33,0.0,0.0,0.0,0.0
1,4,430,2.267760413966767,33,0.0,0.0,0.0,0.0
1,4,431,2.2730342753945965,33,0.0,0.0,0.0,0.0
1,4,432,2.2783081368224263,33,0.0,0.0,0.0,0.0
1,4,433,2.283581998250256,33,0.0,0.0,0.0,0.0
1,4,434,2.288855859678085,33,0.0,0.0,0.0,0.0
1,4,435,2.2941297211059157,33,0.0,0.0,0.0,0.0
1,4,436,2.299403582533745,33,0.0,0.0,0.0,0.0
1,4,437,2.304677443961575,33,0.0,0.0,0.0,0.0
1,4,438,2.3099513053894043,33,0.0,0.0,0.0,0.0
1,4,439,2.315225166817234,33,0.0,0.0,0.0,0.0
1,4,440,2.320499028245064,33,0.0,0.0,0.0,0.0
1,4,441,2.3257728896728933,33,0.0,0.0,0.0,0.0
1,4,442,2.331046751100723,33,0.0,0.0,0.0,0.0
1,4,443,2.336320612528553,33,0.0,0.0,0.0,0.0
1,4,444,2.3415944739563828,33,0.0,0.0,0.0,0.0
1,4,445,2.346868335384212,33,0.0,0.0,0.0,0.0
1,4,446,2.352142196812042,33,0.0,0.0,0.0,0.0
1,4,447,2.357416058239872,33,0.0,0.0,0.0,0.0
1,4,448,2.362689919667701,33,0.0,0.0,0.0,0.0
1,4,449,2.367963781095531,33,0.0,0.0,0.0,0.0
1,4,450,2.373237642523361,33,0.0,0.0,0.0,0.0
1,4,451,2.3785115039511906,33,0.0,0.0,0.0,0.0
1,4,452,2.38378536537902,33,0.0,0.0,0.0,0.0
1,4,453,2.38905922680685,33,0.0,0.0,0.0,0.0
1,4,454,2.39433308823468,33,0.0,0.0,0.0,0.0
1,4,455,2.399606949662509,33,0.0,0.0,0.0,0.0
1,4,456,2.404880811090339,33,0.0,0.0,0.0,0.0
1,4,457,2.4101546725181686,33,0.0,0.0,0.0,0.0
1,4,458,2.4154285339459984,33,0.0,0.0,0.0,0.0
1,4,459,2.420702395373828,33,0.0,0.0,0.0,0.0
1,4,460,2.4259762568016576,33,0.0,0.0,0.0,0.0
1,4,461,2.4312501182294874,33,0.0,0.0,0.0,0.0
1,4,462,2.436523979657317,33,0.0,0.0,0.0,0.0
1,4,463,2.441797841085146,33,0.0,0.0,0.0,0.0
1,4,464,2.4470717025129765,33,0.0,0.0,0.0,0.0
1,4,465,2.452345563940806,33,0.0,0.0,0.0,0.0
1,4,466,2.457619425368636,33,0.0,0.0,0.0,0.0
1,4,467,2.462893286796465,33,0.0,0.0,0.0,0.0
1,4,468,2.4681671482242957,33,0.0,0.0,0.0,0.0
1,4,469,2.4734410096521247,33,0.0,0.0,0.0,0.0
1,4,470,2.4787148710799545,33,0.0,0.0,0.0,0.0
1,4,471,2.4839887325077843,33,0.0,0.0,0.0,0.0
1,4,472,2.4892625939356137,33,0.0,0.0,0.0,0.0
1,4,473,2.4945364553634435,33,0.0,0.0,0.0,0.0
1,4,474,2.4998103167912733,33,0.0,0.0,0.0,0.0
1,4,475,2.505084178219103,33,0.0,0.0,0.0,0.0
1,4,476,2.5103580396469325,33,0.0,0.0,0.0,0.0
1,4,477,2.5156319010747623,33,0.0,0.0,0.0,0.0
1,4,478,2.520905762502592,33,0.0,0.0,0.0,0.0
1,4,479,2.526179623930421,33,0.0,0.0,0.0,0.0
1,4,480,2.5314534853582518,33,0.0,0.0,0.0,0.0
1,4,481,2.536727346786081,33,0.0,0.0,0.0,0.0
1,4,482,2.542001208213911,33,0.0,0.0,0.0,0.0
1,4,483,2.5472750696417403,33,0.0,0.0,0.0,0.0
1,4,484,2.55254893106957,33,0.0,0.0,0.0,0.0
1,4,485,2.5578227924974,33,0.0,0.0,0.0,0.0
1,4,486,2.5630966539252293,33,0.0,0.0,0.0,0.0
1,4,487,2.568370515353059,33,0.0,0.0,0.0,0.0
1,4,488,2.573644376780889,33,0.0,0.0,0.0,0.0
1,4,489,2.578918238208719,33,0.0,0.0,0.0,0.0
1,4,490,2.584192099636548,33,0.0,0.0,0.0,0.0
1,4,491,2.589465961064378,33,0.0,0.0,0.0,0.0
1,4,492,2.594739822492208,33,0.0,0.0,0.0,0.0
1,4,493,2.600013683920037,33,0.0,0.0,0.0,0.0
1,4,494,2.605287545347867,33,0.0,0.0,0.0,0.0
1,4,495,2.610561406775697,33,0.0,0.0,0.0,0.0
1,4,496,2.615835268203526,33,0.0,0.0,0.0,0.0
1,4,497,2.621109129631356,33,0.0,0.0,0.0,0.0
1,4,498,2.626382991059186,33,0.0,0.0,0.0,0.0
1,4,499,2.631656852487016,33,0.0,0.0,0.0,0.0
1,4,500,2.636930713914845,33,0.0,0.0,0.0,0.0
1,4,501,2.642204575342675,33,0.0,0.0,0.0,0.0
1,4,502,2.6474784367705047,33,0.0,0.0,0.0,0.0
1,4,503,2.6527522981983345,33,0.0,0.0,0.0,0.0
1,4,504,2.658026159626164,33,0.0,0.0,0.0,0.0
1,4,505,2.6633000210539937,33,0.0,0.0,0.0,0.0
1,4,506,2.6685738824818235,33,0.0,0.0,0.0,0.0
1,4,507,2.673847743909653,33,0.0,0.0,0.0,0.0
1,4,508,2.6791216053374827,33,0.0,0.0,0.0,0.0
1,4,509,2.6843954667653125,33,0.0,0.0,0.0,0.0
1,4,510,2.6896693281931423,33,0.0,0.0,0.0,0.0
1,4,511,2.694943189620972,33,0.0,0.0,0.0,0.0
1,5,0,0.0,33,0.0,0.0,0.0,0.0
1,5,1,0.0052738614278296,33,0.0,0.0,0.0,0.0
1,5,2,0.0105477228556593,33,0.0,0.0,0.0,0.0
1,5,3,0.015821584283489,33,0.0,0.0,0.0,0.0
1,5,4,0.0210954457113187,33,0.0,0.0,0.0,0.0
1,5,5,0.0263693071391484,33,0.0,0.0,0.0,0.0
1,5,6,0.0316431685669781,33,0.0,0.0,0.0,0.0
1,5,7,0.0369170299948078,33,0.0606060606060606,0.0,0.0,0.0
1,5,8,0.0421908914226375,33,0.0606060606060606,0.0,0.0,0.0
1,5,9,0.0474647528504672,33,0.1212121212121212,0.0,0.0,0.0
1,5,10,0.0527386142782969,33,0.1515151515151515,0.0,0.0,0.0
1,5,11,0.0580124757061265,33,0.1212121212121212,0.0,0.0,0.0
1,5,12,0.0632863371339562,33,0.303030303030303,0.0,0.0,0.0
1,5,13,0.0685601985617859,33,0.303030303030303,0.0,0.0,0.0
1,5,14,0.0738340599896156,33,0.5454545454545454,0.0,0.0,1.0
1,5,15,0.0791079214174453,33,0.9696969696969696,0.0,0.0,2.0
1,5,16,0.084381782845275,33,1.5454545454545454,0.0,1.0,2.0
1,5,17,0.0896556442731047,33,2.090909090909091,1.0,2.0,3.0
1,5,18,0.0949295057009344,33,2.9393939393939394,1.0,2.0,4.0
1,5,19,0.1002033671287641,33,3.5454545454545454,2.0,4.0,5.0
1,5,20,0.1054772285565938,33,4.03030303030303,2.0,3.0,5.0
1,5,21,0.1107510899844235,33,4.666666666666667,2.0,4.0,6.0
1,5,22,0.1160249514122531,33,5.636363636363637,3.0,5.0,10.0
1,5,23,0.1212988128400828,33,6.393939393939394,3.0,6.0,8.0
1,5,24,0.1265726742679125,33,7.151515151515151,4.0,6.0,9.0
1,5,25,0.1318465356957422,33,8.818181818181818,4.0,7.0,13.0
1,5,26,0.1371203971235719,33,10.696969696969695,7.0,9.0,15.0
1,5,27,0.1423942585514016,33,12.363636363636363,7.0,11.0,16.0
1,5,28,0.1476681199792313,33,14.030303030303031,8.0,12.0,17.0
1,5,29,0.152941981407061,33,15.030303030303031,11.0,14.0,18.0
1,5,30,0.1582158428348907,33,16.78787878787879,13.0,16.0,20.0
1,5,31,0.1634897042627204,33,17.454545454545453,13.0,16.0,24.0
1,5,32,0.1687635656905501,33,18.03030303030303,14.0,17.0,23.0
1,5,33,0.1740374271183797,33,19.0,16.0,19.0,22.0
1,5,34,0.1793112885462094,33,20.454545454545453,18.0,21.0,23.0
1,5,35,0.1845851499740391,33,21.96969696969697,18.0,23.0,26.0
1,5,36,0.1898590114018688,33,22.727272727272727,20.0,22.0,26.0
1,5,37,0.1951328728296985,33,23.848484848484848,22.0,24.0,27.0
1,5,38,0.2004067342575282,33,24.939393939393938,21.0,24.0,30.0
1,5,39,0.2056805956853579,33,25.96969696969697,23.0,26.0,29.0
1,5,40,0.2109544571131876,33,26.454545454545453,22.0,27.0,30.0
1,5,41,0.2162283185410173,33,27.09090909090909,22.0,28.0,32.0
1,5,42,0.221502179968847,33,27.181818181818183,23.0,27.0,33.0
1,5,43,0.2267760413966766,33,27.272727272727277,23.0,25.0,32.0
1,5,44,0.2320499028245063,33,26.12121212121212,20.0,25.0,31.0
1,5,45,0.237323764252336,33,26.12121212121212,22.0,26.0,30.0
1,5,46,0.2425976256801657,33,26.303030303030305,22.0,26.0,29.0
1,5,47,0.2478714871079954,33,26.060606060606062,22.0,25.0,31.0
1,5,48,0.2531453485358251,33,25.78787878787879,21.0,25.0,30.0
1,5,49,0.2584192099636548,33,25.545454545454547,22.0,24.0,28.0
1,5,50,0.2636930713914845,33,24.57575757575757,20.0,23.0,27.0
1,5,51,0.2689669328193142,33,24.0,20.0,24.0,26.0
1,5,52,0.2742407942471439,33,22.87878787878788,19.0,22.0,26.0
1,5,53,0.2795146556749736,33,21.848484848484848,18.0,21.0,25.0
1,5,54,0.2847885171028033,33,20.545454545454547,16.0,20.0,25.0
1,5,55,0.290062378530633,33,20.393939393939394,16.0,20.0,24.0
1,5,56,0.2953362399584626,33,19.484848484848484,15.0,19.0,22.0
1,5,57,0.3006101013862923,33,18.96969696969697,15.0,18.0,23.0
1,5,58,0.305883962814122,33,18.939393939393938,15.0,18.0,23.0
1,5,59,0.3111578242419517,33,18.33333333333333,15.0,18.0,21.0
1,5,60,0.3164316856697814,33,17.636363636363637,14.0,18.0,21.0
1,5,61,0.3217055470976111,33,16.87878787878788,12.0,18.0,20.0
1,5,62,0.3269794085254408,33,16.363636363636363,12.0,16.0,20.0
1,5,63,0.3322532699532705,33,15.666666666666666,11.0,15.0,20.0
1,5,64,0.3375271313811002,33,14.848484848484848,11.0,15.0,18.0
1,5,65,0.3428009928089299,33,14.181818181818182,11.0,14.0,17.0
1,5,66,0.3480748542367595,33,14.06060606060606,11.0,12.0,17.0
1,5,67,0.3533487156645892,33,13.454545454545457,9.0,12.0,16.0
1,5,68,0.3586225770924189,33,13.212121212121213,10.0,13.0,16.0
1,5,69,0.3638964385202486,33,12.696969696969695,10.0,12.0,15.0
1,5,70,0.3691702999480783,33,11.969696969696969,9.0,11.0,15.0
1,5,71,0.374444161375908,33,11.333333333333334,8.0,10.0,14.0
1,5,72,0.3797180228037377,33,10.93939393939394,7.0,10.0,13.0
1,5,73,0.3849918842315674,33,10.0,7.0,9.0,12.0
1,5,74,0.3902657456593971,33,9.757575757575758,7.0,9.0,11.0
1,5,75,0.3955396070872268,33,9.393939393939394,6.0,9.0,12.0
1,5,76,0.4008134685150564,33,8.878787878787879,6.0,8.0,11.0
1,5,77,0.4060873299428861,33,8.969696969696969,6.0,8.0,11.0
1,5,78,0.4113611913707158,33,8.93939393939394,6.0,9.0,10.0
1,5,79,0.4166350527985455,33,8.818181818181818,5.0,8.0,12.0
1,5,80,0.4219089142263752,33,8.545454545454545,5.0,8.0,11.0
1,5,81,0.4271827756542049,33,8.515151515151516,5.0,8.0,11.0
1,5,82,0.4324566370820346,33,8.272727272727273,5.0,7.0,11.0
1,5,83,0.4377304985098643,33,7.9393939393939394,5.0,7.0,11.0
1,5,84,0.443004359937694,33,7.818181818181818,5.0,7.0,10.0
1,5,85,0.4482782213655237,33,7.909090909090909,5.0,7.0,10.0
1,5,86,0.4535520827933533,33,7.454545454545454,5.0,7.0,10.0
1,5,87,0.458825944221183,33,7.181818181818182,5.0,7.0,9.0
1,5,88,0.4640998056490127,33,7.03030303030303,5.0,7.0,9.0
1,5,89,0.4693736670768424,33,6.545454545454546,4.0,6.0,9.0
1,5,90,0.4746475285046721,33,6.2727272727272725,4.0,6.0,9.0
1,5,91,0.4799213899325018,33,6.242424242424242,4.0,6.0,8.0
1,5,92,0.4851952513603315,33,5.96969696969697,4.0,6.0,7.0
1,5,93,0.4904691127881612,33,5.696969696969697,4.0,5.0,7.0
1,5,94,0.4957429742159909,33,5.666666666666667,4.0,5.0,8.0
1,5,95,0.5010168356438206,33,5.393939393939394,4.0,5.0,7.0
1,5,96,0.5062906970716503,33,5.393939393939394,4.0,5.0,7.0
1,5,97,0.51156455849948,33,5.2727272727272725,3.0,5.0,7.0
1,5,98,0.5168384199273096,33,5.2727272727272725,4.0,5.0,7.0
1,5,99,0.5221122813551393,33,5.2727272727272725,3.0,5.0,7.0
1,5,100,0.527386142782969,33,5.212121212121212,3.0,5.0,6.0
1,5,101,0.5326600042107987,33,4.9393939393939394,3.0,5.0,6.0
1,5,102,0.5379338656386284,33,4.909090909090909,3.0,4.0,6.0
1,5,103,0.5432077270664581,33,4.727272727272728,3.0,4.0,6.0
1,5,104,0.5484815884942879,33,4.575757575757576,3.0,4.0,6.0
1,5,105,0.5537554499221174,33,4.606060606060606,3.0,4.0,6.0
1,5,106,0.5590293113499472,33,4.636363636363637,3.0,4.0,6.0
1,5,107,0.5643031727777769,33,4.424242424242424,3.0,4.0,5.0
1,5,108,0.5695770342056066,33,4.212121212121212,3.0,4.0,5.0
1,5,109,0.5748508956334363,33,3.9696969696969697,3.0,4.0,5.0
1,5,110,0.580124757061266,33,3.696969696969697,2.0,4.0,5.0
1,5,111,0.5853986184890957,33,3.606060606060606,2.0,4.0,5.0
1,5,112,0.5906724799169253,33,3.515151515151515,2.0,4.0,5.0
1,5,113,0.595946341344755,33,3.4545454545454546,2.0,3.0,4.0
1,5,114,0.6012202027725847,33,3.393939393939394,2.0,3.0,4.0
1,5,115,0.6064940642004144,33,3.575757575757576,2.0,3.0,4.0
1,5,116,0.6117679256282441,33,3.393939393939394,2.0,3.0,4.0
1,5,117,0.6170417870560738,33,3.242424242424242,2.0,3.0,4.0
1,5,118,0.6223156484839034,33,3.212121212121212,2.0,3.0,4.0
1,5,119,0.6275895099117331,33,3.121212121212121,2.0,3.0,4.0
1,5,120,0.6328633713395628,33,3.060606060606061,2.0,3.0,4.0
1,5,121,0.6381372327673925,33,2.9696969696969697,2.0,3.0,4.0
1,5,122,0.6434110941952222,33,2.9696969696969697,1.0,3.0,4.0
1,5,123,0.648684955623052,33,3.090909090909091,1.0,3.0,4.0
1,5,124,0.6539588170508817,33,2.909090909090909,1.0,3.0,4.0
1,5,125,0.6592326784787113,33,2.787878787878788,1.0,2.0,3.0
1,5,126,0.664506539906541,33,2.757575757575758,1.0,2.0,3.0
1,5,127,0.6697804013343707,33,2.484848484848485,1.0,2.0,3.0
1,5,128,0.6750542627622004,33,2.303030303030303,1.0,2.0,3.0
1,5,129,0.6803281241900301,33,2.242424242424242,1.0,2.0,2.0
1,5,130,0.6856019856178598,33,2.1818181818181817,1.0,2.0,2.0
1,5,131,0.6908758470456895,33,1.9090909090909087,1.0,1.0,2.0
1,5,132,0.6961497084735191,33,1.7272727272727273,1.0,1.0,2.0
1,5,133,0.7014235699013488,33,1.6363636363636365,1.0,1.0,2.0
1,5,134,0.7066974313291785,33,1.6666666666666667,1.0,1.0,2.0
1,5,135,0.7119712927570082,33,1.6363636363636365,0.0,1.0,2.0
1,5,136,0.7172451541848379,33,1.5151515151515151,0.0,1.0,2.0
1,5,137,0.7225190156126676,33,1.4242424242424243,0.0,1.0,2.0
1,5,138,0.7277928770404973,33,1.393939393939394,0.0,1.0,2.0
1,5,139,0.7330667384683269,33,1.3333333333333333,0.0,1.0,2.0
1,5,140,0.7383405998961566,33,1.303030303030303,0.0,1.0,2.0
1,5,141,0.7436144613239863,33,1.2121212121212122,0.0,1.0,2.0
1,5,142,0.748888322751816,33,1.2424242424242424,0.0,1.0,2.0
1,5,143,0.7541621841796458,33,1.1515151515151516,0.0,1.0,2.0
1,5,144,0.7594360456074755,33,1.121212121212121,0.0,1.0,2.0
1,5,145,0.7647099070353051,33,1.0909090909090908,0.0,1.0,2.0
1,5,146,0.7699837684631348,33,1.0303030303030305,0.0,1.0,2.0
1,5,147,0.7752576298909645,33,1.0303030303030305,0.0,1.0,2.0
1,5,148,0.7805314913187942,33,1.0303030303030305,0.0,1.0,2.0
1,5,149,0.7858053527466239,33,1.0909090909090908,0.0,1.0,2.0
1,5,150,0.7910792141744536,33,1.0303030303030305,0.0,0.0,2.0
1,5,151,0.7963530756022833,33,1.0,0.0,0.0,2.0
1,5,152,0.8016269370301129,33,1.0303030303030305,0.0,0.0,2.0
1,5,153,0.8069007984579426,33,1.0303030303030305,0.0,0.0,2.0
1,5,154,0.8121746598857723,33,0.9090909090909092,0.0,0.0,1.0
1,5,155,0.817448521313602,33,0.9393939393939394,0.0,0.0,1.0
1,5,156,0.8227223827414317,33,0.9090909090909092,0.0,0.0,1.0
1,5,157,0.8279962441692614,33,0.9090909090909092,0.0,0.0,1.0
1,5,158,0.8332701055970911,33,0.8787878787878788,0.0,0.0,1.0
1,5,159,0.8385439670249207,33,0.8181818181818182,0.0,0.0,1.0
1,5,160,0.8438178284527504,33,0.7878787878787878,0.0,0.0,1.0
1,5,161,0.8490916898805801,33,0.7575757575757576,0.0,0.0,1.0
1,5,162,0.8543655513084099,33,0.7272727272727273,0.0,0.0,1.0
1,5,163,0.8596394127362396,33,0.696969696969697,0.0,0.0,1.0
1,5,164,0.8649132741640693,33,0.696969696969697,0.0,0.0,1.0
1,5,165,0.870187135591899,33,0.696969696969697,0.0,0.0,1.0
1,5,166,0.8754609970197286,33,0.6666666666666666,0.0,0.0,1.0
1,5,167,0.8807348584475583,33,0.6363636363636364,0.0,0.0,1.0
1,5,168,0.886008719875388,33,0.6060606060606061,0.0,0.0,1.0
1,5,169,0.8912825813032177,33,0.5454545454545454,0.0,0.0,1.0
1,5,170,0.8965564427310474,33,0.5454545454545454,0.0,0.0,1.0
1,5,171,0.9018303041588772,33,0.5454545454545454,0.0,0.0,1.0
1,5,172,0.9071041655867068,33,0.5454545454545454,0.0,0.0,1.0
1,5,173,0.9123780270145364,33,0.5454545454545454,0.0,0.0,1.0
1,5,174,0.917651888442366,33,0.5151515151515151,0.0,0.0,1.0
1,5,175,0.9229257498701958,33,0.5151515151515151,0.0,0.0,1.0
1,5,176,0.9281996112980256,33,0.4848484848484848,0.0,0.0,1.0
1,5,177,0.9334734727258552,33,0.4545454545454545,0.0,0.0,1.0
1,5,178,0.9387473341536848,33,0.4848484848484848,0.0,0.0,1.0
1,5,179,0.9440211955815144,33,0.4545454545454545,0.0,0.0,1.0
1,5,180,0.9492950570093442,33,0.4545454545454545,0.0,0.0,1.0
1,5,181,0.954568918437174,33,0.4242424242424242,0.0,0.0,1.0
1,5,182,0.9598427798650035,33,0.4242424242424242,0.0,0.0,1.0
1,5,183,0.9651166412928334,33,0.3939393939393939,0.0,0.0,1.0
1,5,184,0.9703905027206632,33,0.3636363636363636,0.0,0.0,1.0
1,5,185,0.9756643641484928,33,0.3333333333333333,0.0,0.0,1.0
1,5,186,0.9809382255763224,33,0.3333333333333333,0.0,0.0,1.0
1,5,187,0.986212087004152,33,0.3333333333333333,0.0,0.0,1.0
1,5,188,0.9914859484319818,33,0.3333333333333333,0.0,0.0,1.0
1,5,189,0.9967598098598116,33,0.3333333333333333,0.0,0.0,1.0
1,5,190,1.0020336712876412,33,0.3333333333333333,0.0,0.0,1.0
1,5,191,1.0073075327154708,33,0.3333333333333333,0.0,0.0,1.0
1,5,192,1.0125813941433006,33,0.3333333333333333,0.0,0.0,1.0
1,5,193,1.0178552555711302,33,0.3333333333333333,0.0,0.0,1.0
1,5,194,1.02312911699896,33,0.3333333333333333,0.0,0.0,1.0
1,5,195,1.0284029784267896,33,0.3333333333333333,0.0,0.0,1.0
1,5,196,1.0336768398546192,33,0.3333333333333333,0.0,0.0,1.0
1,5,197,1.038950701282449,33,0.3333333333333333,0.0,0.0,1.0
1,5,198,1.0442245627102786,33,0.303030303030303,0.0,0.0,1.0
1,5,199,1.0494984241381085,33,0.3333333333333333,0.0,0.0,1.0
1,5,200,1.054772285565938,33,0.3333333333333333,0.0,0.0,1.0
1,5,201,1.060046146993768,33,0.3333333333333333,0.0,0.0,1.0
1,5,202,1.0653200084215977,33,0.2727272727272727,0.0,0.0,0.0
1,5,203,1.070593869849427,33,0.2424242424242424,0.0,0.0,0.0
1,5,204,1.0758677312772569,33,0.2424242424242424,0.0,0.0,0.0
1,5,205,1.0811415927050865,33,0.2424242424242424,0.0,0.0,0.0
1,5,206,1.0864154541329163,33,0.2424242424242424,0.0,0.0,0.0
1,5,207,1.091689315560746,33,0.2424242424242424,0.0,0.0,0.0
1,5,208,1.0969631769885757,33,0.2424242424242424,0.0,0.0,0.0
1,5,209,1.1022370384164053,33,0.2424242424242424,0.0,0.0,0.0
1,5,210,1.107510899844235,33,0.2121212121212121,0.0,0.0,0.0
1,5,211,1.1127847612720647,33,0.2121212121212121,0.0,0.0,0.0
1,5,212,1.1180586226998943,33,0.2121212121212121,0.0,0.0,0.0
1,5,213,1.123332484127724,33,0.2121212121212121,0.0,0.0,0.0
1,5,214,1.1286063455555535,33,0.2121212121212121,0.0,0.0,0.0
1,5,215,1.1338802069833835,33,0.2121212121212121,0.0,0.0,0.0
1,5,216,1.1391540684112131,33,0.2121212121212121,0.0,0.0,0.0
1,5,217,1.1444279298390427,33,0.2121212121212121,0.0,0.0,0.0
1,5,218,1.1497017912668726,33,0.2121212121212121,0.0,0.0,0.0
1,5,219,1.154975652694702,33,0.2121212121212121,0.0,0.0,0.0
1,5,220,1.160249514122532,33,0.2121212121212121,0.0,0.0,0.0
1,5,221,1.1655233755503616,33,0.1818181818181818,0.0,0.0,0.0
1,5,222,1.1707972369781914,33,0.1818181818181818,0.0,0.0,0.0
1,5,223,1.176071098406021,33,0.1818181818181818,0.0,0.0,0.0
1,5,224,1.1813449598338506,33,0.1515151515151515,0.0,0.0,0.0
1,5,225,1.1866188212616804,33,0.1515151515151515,0.0,0.0,0.0
1,5,226,1.19189268268951,33,0.1515151515151515,0.0,0.0,0.0
1,5,227,1.1971665441173398,33,0.1515151515151515,0.0,0.0,0.0
1,5,228,1.2024404055451694,33,0.1515151515151515,0.0,0.0,0.0
1,5,229,1.2077142669729992,33,0.1515151515151515,0.0,0.0,0.0
1,5,230,1.2129881284008288,33,0.1515151515151515,0.0,0.0,0.0
1,5,231,1.2182619898286584,33,0.1515151515151515,0.0,0.0,0.0
1,5,232,1.2235358512564882,33,0.1515151515151515,0.0,0.0,0.0
1,5,233,1.2288097126843178,33,0.1515151515151515,0.0,0.0,0.0
1,5,234,1.2340835741121476,33,0.1515151515151515,0.0,0.0,0.0
1,5,235,1.2393574355399772,33,0.1212121212121212,0.0,0.0,0.0
1,5,236,1.2446312969678068,33,0.1212121212121212,0.0,0.0,0.0
1,5,237,1.2499051583956369,33,0.1212121212121212,0.0,0.0,0.0
1,5,238,1.2551790198234662,33,0.1212121212121212,0.0,0.0,0.0
1,5,239,1.260452881251296,33,0.1212121212121212,0.0,0.0,0.0
1,5,240,1.2657267426791257,33,0.1212121212121212,0.0,0.0,0.0
1,5,241,1.2710006041069557,33,0.1212121212121212,0.0,0.0,0.0
1,5,242,1.276274465534785,33,0.1212121212121212,0.0,0.0,0.0
1,5,243,1.281548326962615,33,0.1212121212121212,0.0,0.0,0.0
1,5,244,1.2868221883904445,33,0.1212121212121212,0.0,0.0,0.0
1,5,245,1.292096049818274,33,0.1212121212121212,0.0,0.0,0.0
1,5,246,1.297369911246104,33,0.1212121212121212,0.0,0.0,0.0
1,5,247,1.3026437726739335,33,0.1212121212121212,0.0,0.0,0.0
1,5,248,1.307917634101763,33,0.1212121212121212,0.0,0.0,0.0
1,5,249,1.313191495529593,33,0.1212121212121212,0.0,0.0,0.0
1,5,250,1.3184653569574225,33,0.1212121212121212,0.0,0.0,0.0
1,5,251,1.3237392183852523,33,0.1212121212121212,0.0,0.0,0.0
1,5,252,1.329013079813082,33,0.1212121212121212,0.0,0.0,0.0
1,5,253,1.3342869412409115,33,0.1212121212121212,0.0,0.0,0.0
1,5,254,1.3395608026687411,33,0.1212121212121212,0.0,0.0,0.0
1,5,255,1.3448346640965712,33,0.1212121212121212,0.0,0.0,0.0
1,5,256,1.3501085255244007,33,0.1212121212121212,0.0,0.0,0.0
1,5,257,1.3553823869522303,33,0.1212121212121212,0.0,0.0,0.0
1,5,258,1.3606562483800602,33,0.1212121212121212,0.0,0.0,0.0
1,5,259,1.3659301098078898,33,0.1212121212121212,0.0,0.0,0.0
1,5,260,1.3712039712357196,33,0.1212121212121212,0.0,0.0,0.0
1,5,261,1.3764778326635492,33,0.1212121212121212,0.0,0.0,0.0
1,5,262,1.381751694091379,33,0.1212121212121212,0.0,0.0,0.0
1,5,263,1.3870255555192086,33,0.1212121212121212,0.0,0.0,0.0
1,5,264,1.3922994169470382,33,0.1212121212121212,0.0,0.0,0.0
1,5,265,1.397573278374868,33,0.1212121212121212,0.0,0.0,0.0
1,5,266,1.4028471398026976,33,0.1212121212121212,0.0,0.0,0.0
1,5,267,1.4081210012305274,33,0.1212121212121212,0.0,0.0,0.0
1,5,268,1.413394862658357,33,0.1212121212121212,0.0,0.0,0.0
1,5,269,1.4186687240861868,33,0.1212121212121212,0.0,0.0,0.0
1,5,270,1.4239425855140164,33,0.1212121212121212,0.0,0.0,0.0
1,5,271,1.429216446941846,33,0.1212121212121212,0.0,0.0,0.0
1,5,272,1.4344903083696758,33,0.1212121212121212,0.0,0.0,0.0
1,5,273,1.4397641697975054,33,0.1212121212121212,0.0,0.0,0.0
1,5,274,1.4450380312253353,33,0.1212121212121212,0.0,0.0,0.0
1,5,275,1.4503118926531648,33,0.1212121212121212,0.0,0.0,0.0
1,5,276,1.4555857540809949,33,0.1212121212121212,0.0,0.0,0.0
1,5,277,1.4608596155088245,33,0.1212121212121212,0.0,0.0,0.0
1,5,278,1.466133476936654,33,0.1212121212121212,0.0,0.0,0.0
1,5,279,1.4714073383644837,33,0.1212121212121212,0.0,0.0,0.0
1,5,280,1.4766811997923133,33,0.1212121212121212,0.0,0.0,0.0
1,5,281,1.481955061220143,33,0.1212121212121212,0.0,0.0,0.0
1,5,282,1.487228922647973,33,0.1212121212121212,0.0,0.0,0.0
1,5,283,1.4925027840758025,33,0.1212121212121212,0.0,0.0,0.0
1,5,284,1.497776645503632,33,0.1212121212121212,0.0,0.0,0.0
1,5,285,1.5030505069314617,33,0.1212121212121212,0.0,0.0,0.0
1,5,286,1.5083243683592915,33,0.1212121212121212,0.0,0.0,0.0
1,5,287,1.513598229787121,33,0.1212121212121212,0.0,0.0,0.0
1,5,288,1.518872091214951,33,0.1212121212121212,0.0,0.0,0.0
1,5,289,1.5241459526427803,33,0.1212121212121212,0.0,0.0,0.0
1,5,290,1.52941981407061,33,0.1212121212121212,0.0,0.0,0.0
1,5,291,1.53469367549844,33,0.1212121212121212,0.0,0.0,0.0
1,5,292,1.5399675369262695,33,0.1212121212121212,0.0,0.0,0.0
1,5,293,1.5452413983540991,33,0.1212121212121212,0.0,0.0,0.0
1,5,294,1.550515259781929,33,0.1212121212121212,0.0,0.0,0.0
1,5,295,1.5557891212097588,33,0.1212121212121212,0.0,0.0,0.0
1,5,296,1.5610629826375884,33,0.1212121212121212,0.0,0.0,0.0
1,5,297,1.566336844065418,33,0.1212121212121212,0.0,0.0,0.0
1,5,298,1.5716107054932478,33,0.1212121212121212,0.0,0.0,0.0
1,5,299,1.5768845669210774,33,0.1212121212121212,0.0,0.0,0.0
1,5,300,1.5821584283489072,33,0.1212121212121212,0.0,0.0,0.0
1,5,301,1.5874322897767368,33,0.1212121212121212,0.0,0.0,0.0
1,5,302,1.5927061512045666,33,0.1212121212121212,0.0,0.0,0.0
1,5,303,1.5979800126323962,33,0.1212121212121212,0.0,0.0,0.0
1,5,304,1.6032538740602258,33,0.1515151515151515,0.0,0.0,0.0
1,5,305,1.6085277354880556,33,0.1515151515151515,0.0,0.0,0.0
1,5,306,1.6138015969158852,33,0.1212121212121212,0.0,0.0,0.0
1,5,307,1.619075458343715,33,0.1212121212121212,0.0,0.0,0.0
1,5,308,1.6243493197715446,33,0.0909090909090909,0.0,0.0,0.0
1,5,309,1.6296231811993744,33,0.0909090909090909,0.0,0.0,0.0
1,5,310,1.634897042627204,33,0.0909090909090909,0.0,0.0,0.0
1,5,311,1.6401709040550336,33,0.0909090909090909,0.0,0.0,0.0
1,5,312,1.6454447654828634,33,0.0909090909090909,0.0,0.0,0.0
1,5,313,1.650718626910693,33,0.0909090909090909,0.0,0.0,0.0
1,5,314,1.6559924883385229,33,0.0909090909090909,0.0,0.0,0.0
1,5,315,1.6612663497663525,33,0.0909090909090909,0.0,0.0,0.0
1,5,316,1.6665402111941825,33,0.0909090909090909,0.0,0.0,0.0
1,5,317,1.671814072622012,33,0.0909090909090909,0.0,0.0,0.0
1,5,318,1.6770879340498417,33,0.0909090909090909,0.0,0.0,0.0
1,5,319,1.6823617954776713,33,0.0909090909090909,0.0,0.0,0.0
1,5,320,1.6876356569055009,33,0.0909090909090909,0.0,0.0,0.0
1,5,321,1.6929095183333307,33,0.0909090909090909,0.0,0.0,0.0
1,5,322,1.6981833797611603,33,0.0909090909090909,0.0,0.0,0.0
1,5,323,1.70345724118899,33,0.0909090909090909,0.0,0.0,0.0
1,5,324,1.7087311026168197,33,0.0909090909090909,0.0,0.0,0.0
1,5,325,1.7140049640446493,33,0.0909090909090909,0.0,0.0,0.0
1,5,326,1.7192788254724791,33,0.0909090909090909,0.0,0.0,0.0
1,5,327,1.7245526869003087,33,0.0909090909090909,0.0,0.0,0.0
1,5,328,1.7298265483281383,33,0.0909090909090909,0.0,0.0,0.0
1,5,329,1.735100409755968,33,0.0909090909090909,0.0,0.0,0.0
1,5,330,1.740374271183798,33,0.0909090909090909,0.0,0.0,0.0
1,5,331,1.7456481326116275,33,0.0909090909090909,0.0,0.0,0.0
1,5,332,1.7509219940394571,33,0.0909090909090909,0.0,0.0,0.0
1,5,333,1.756195855467287,33,0.0909090909090909,0.0,0.0,0.0
1,5,334,1.7614697168951166,33,0.0909090909090909,0.0,0.0,0.0
1,5,335,1.7667435783229464,33,0.0909090909090909,0.0,0.0,0.0
1,5,336,1.772017439750776,33,0.0909090909090909,0.0,0.0,0.0
1,5,337,1.7772913011786056,33,0.0909090909090909,0.0,0.0,0.0
1,5,338,1.7825651626064354,33,0.0909090909090909,0.0,0.0,0.0
1,5,339,1.787839024034265,33,0.0909090909090909,0.0,0.0,0.0
1,5,340,1.7931128854620948,33,0.0909090909090909,0.0,0.0,0.0
1,5,341,1.7983867468899244,33,0.0909090909090909,0.0,0.0,0.0
1,5,342,1.8036606083177544,33,0.0909090909090909,0.0,0.0,0.0
1,5,343,1.808934469745584,33,0.0909090909090909,0.0,0.0,0.0
1,5,344,1.8142083311734132,33,0.0606060606060606,0.0,0.0,0.0
1,5,345,1.8194821926012432,33,0.0606060606060606,0.0,0.0,0.0
1,5,346,1.8247560540290728,33,0.0606060606060606,0.0,0.0,0.0
1,5,347,1.8300299154569024,33,0.0606060606060606,0.0,0.0,0.0
1,5,348,1.835303776884732,33,0.0606060606060606,0.0,0.0,0.0
1,5,349,1.840577638312562,33,0.0606060606060606,0.0,0.0,0.0
1,5,350,1.845851499740392,33,0.0606060606060606,0.0,0.0,0.0
1,5,351,1.8511253611682208,33,0.0606060606060606,0.0,0.0,0.0
1,5,352,1.856399222596051,33,0.0606060606060606,0.0,0.0,0.0
1,5,353,1.8616730840238809,33,0.0909090909090909,0.0,0.0,0.0
1,5,354,1.8669469454517105,33,0.0909090909090909,0.0,0.0,0.0
1,5,355,1.87222080687954,33,0.0909090909090909,0.0,0.0,0.0
1,5,356,1.8774946683073697,33,0.0909090909090909,0.0,0.0,0.0
1,5,357,1.8827685297351997,33,0.0909090909090909,0.0,0.0,0.0
1,5,358,1.888042391163029,33,0.0909090909090909,0.0,0.0,0.0
1,5,359,1.893316252590859,33,0.0909090909090909,0.0,0.0,0.0
1,5,360,1.8985901140186885,33,0.0909090909090909,0.0,0.0,0.0
1,5,361,1.9038639754465183,33,0.1212121212121212,0.0,0.0,0.0
1,5,362,1.909137836874348,33,0.1212121212121212,0.0,0.0,0.0
1,5,363,1.9144116983021775,33,0.1212121212121212,0.0,0.0,0.0
1,5,364,1.9196855597300075,33,0.0909090909090909,0.0,0.0,0.0
1,5,365,1.924959421157837,33,0.0909090909090909,0.0,0.0,0.0
1,5,366,1.9302332825856667,33,0.0909090909090909,0.0,0.0,0.0
1,5,367,1.9355071440134963,33,0.0909090909090909,0.0,0.0,0.0
1,5,368,1.940781005441326,33,0.0909090909090909,0.0,0.0,0.0
1,5,369,1.946054866869156,33,0.0909090909090909,0.0,0.0,0.0
1,5,370,1.9513287282969856,33,0.0909090909090909,0.0,0.0,0.0
1,5,371,1.9566025897248152,33,0.0909090909090909,0.0,0.0,0.0
1,5,372,1.9618764511526448,33,0.0909090909090909,0.0,0.0,0.0
1,5,373,1.9671503125804743,33,0.0909090909090909,0.0,0.0,0.0
1,5,374,1.972424174008304,33,0.0909090909090909,0.0,0.0,0.0
1,5,375,1.977698035436134,33,0.0909090909090909,0.0,0.0,0.0
1,5,376,1.982971896863964,33,0.0909090909090909,0.0,0.0,0.0
1,5,377,1.9882457582917932,33,0.0909090909090909,0.0,0.0,0.0
1,5,378,1.993519619719623,33,0.0909090909090909,0.0,0.0,0.0
1,5,379,1.9987934811474528,33,0.0909090909090909,0.0,0.0,0.0
1,5,380,2.0040673425752824,33,0.0909090909090909,0.0,0.0,0.0
1,5,381,2.009341204003112,33,0.0909090909090909,0.0,0.0,0.0
1,5,382,2.0146150654309416,33,0.0909090909090909,0.0,0.0,0.0
1,5,383,2.0198889268587714,33,0.0909090909090909,0.0,0.0,0.0
1,5,384,2.025162788286601,33,0.0909090909090909,0.0,0.0,0.0
1,5,385,2.0304366497144306,33,0.0909090909090909,0.0,0.0,0.0
1,5,386,2.0357105111422604,33,0.0909090909090909,0.0,0.0,0.0
1,5,387,2.0409843725700902,33,0.0606060606060606,0.0,0.0,0.0
1,5,388,2.04625823399792,33,0.0606060606060606,0.0,0.0,0.0
1,5,389,2.051532095425749,33,0.0606060606060606,0.0,0.0,0.0
1,5,390,2.0568059568535797,33,0.0303030303030303,0.0,0.0,0.0
1,5,391,2.062079818281409,33,0.0303030303030303,0.0,0.0,0.0
1,5,392,2.0673536797092384,33,0.0303030303030303,0.0,0.0,0.0
1,5,393,2.0726275411370683,33,0.0303030303030303,0.0,0.0,0.0
1,5,394,2.077901402564898,33,0.0303030303030303,0.0,0.0,0.0
1,5,395,2.083175263992728,33,0.0303030303030303,0.0,0.0,0.0
1,5,396,2.0884491254205573,33,0.0303030303030303,0.0,0.0,0.0
1,5,397,2.093722986848387,33,0.0303030303030303,0.0,0.0,0.0
1,5,398,2.098996848276217,33,0.0303030303030303,0.0,0.0,0.0
1,5,399,2.1042707097040463,33,0.0303030303030303,0.0,0.0,0.0
1,5,400,2.109544571131876,33,0.0303030303030303,0.0,0.0,0.0
1,5,401,2.114818432559706,33,0.0303030303030303,0.0,0.0,0.0
1,5,402,2.120092293987536,33,0.0303030303030303,0.0,0.0,0.0
1,5,403,2.125366155415365,33,0.0303030303030303,0.0,0.0,0.0
1,5,404,2.130640016843195,33,0.0,0.0,0.0,0.0
1,5,405,2.1359138782710247,33,0.0,0.0,0.0,0.0
1,5,406,2.141187739698854,33,0.0,0.0,0.0,0.0
1,5,407,2.146461601126684,33,0.0,0.0,0.0,0.0
1,5,408,2.1517354625545138,33,0.0,0.0,0.0,0.0
1,5,409,2.157009323982344,33,0.0,0.0,0.0,0.0
1,5,410,2.162283185410173,33,0.0,0.0,0.0,0.0
1,5,411,2.1675570468380028,33,0.0,0.0,0.0,0.0
1,5,412,2.1728309082658326,33,0.0,0.0,0.0,0.0
1,5,413,2.178104769693662,33,0.0,0.0,0.0,0.0
1,5,414,2.183378631121492,33,0.0,0.0,0.0,0.0
1,5,415,2.1886524925493216,33,0.0,0.0,0.0,0.0
1,5,416,2.1939263539771514,33,0.0,0.0,0.0,0.0
1,5,417,2.199200215404981,33,0.0,0.0,0.0,0.0
1,5,418,2.2044740768328106,33,0.0,0.0,0.0,0.0
1,5,419,2.2097479382606404,33,0.0,0.0,0.0,0.0
1,5,420,2.21502179968847,33,0.0,0.0,0.0,0.0
1,5,421,2.2202956611163,33,0.0,0.0,0.0,0.0
1,5,422,2.225569522544129,33,0.0,0.0,0.0,0.0
1,5,423,2.2308433839719592,33,0.0,0.0,0.0,0.0
1,5,424,2.2361172453997886,33,0.0,0.0,0.0,0.0
1,5,425,2.2413911068276184,33,0.0,0.0,0.0,0.0
1,5,426,2.2466649682554483,33,0.0,0.0,0.0,0.0
1,5,427,2.2519388296832776,33,0.0,0.0,0.0,0.0
1,5,428,2.2572126911111074,33,0.0,0.0,0.0,0.0
1,5,429,2.2624865525389373,33,0.0,0.0,0.0,0.0
1,5,430,2.267760413966767,33,0.0,0.0,0.0,0.0
1,5,431,2.2730342753945965,33,0.0,0.0,0.0,0.0
1,5,432,2.2783081368224263,33,0.0,0.0,0.0,0.0
1,5,433,2.283581998250256,33,0.0,0.0,0.0,0.0
1,5,434,2.288855859678085,33,0.0,0.0,0.0,0.0
1,5,435,2.2941297211059157,33,0.0303030303030303,0.0,0.0,0.0
1,5,436,2.299403582533745,33,0.0303030303030303,0.0,0.0,0.0
1,5,437,2.304677443961575,33,0.0303030303030303,0.0,0.0,0.0
1,5,438,2.3099513053894043,33,0.0303030303030303,0.0,0.0,0.0
1,5,439,2.315225166817234,33,0.0303030303030303,0.0,0.0,0.0
1,5,440,2.320499028245064,33,0.0303030303030303,0.0,0.0,0.0
1,5,441,2.3257728896728933,33,0.0303030303030303,0.0,0.0,0.0
1,5,442,2.331046751100723,33,0.0303030303030303,0.0,0.0,0.0
1,5,443,2.336320612528553,33,0.0303030303030303,0.0,0.0,0.0
1,5,444,2.3415944739563828,33,0.0303030303030303,0.0,0.0,0.0
1,5,445,2.346868335384212,33,0.0303030303030303,0.0,0.0,0.0
1,5,446,2.352142196812042,33,0.0303030303030303,0.0,0.0,0.0
1,5,447,2.357416058239872,33,0.0303030303030303,0.0,0.0,0.0
1,5,448,2.362689919667701,33,0.0303030303030303,0.0,0.0,0.0
1,5,449,2.367963781095531,33,0.0303030303030303,0.0,0.0,0.0
1,5,450,2.373237642523361,33,0.0303030303030303,0.0,0.0,0.0
1,5,451,2.3785115039511906,33,0.0303030303030303,0.0,0.0,0.0
1,5,452,2.38378536537902,33,0.0303030303030303,0.0,0.0,0.0
1,5,453,2.38905922680685,33,0.0303030303030303,0.0,0.0,0.0
1,5,454,2.39433308823468,33,0.0303030303030303,0.0,0.0,0.0
1,5,455,2.399606949662509,33,0.0303030303030303,0.0,0.0,0.0
1,5,456,2.404880811090339,33,0.0303030303030303,0.0,0.0,0.0
1,5,457,2.4101546725181686,33,0.0303030303030303,0.0,0.0,0.0
1,5,458,2.4154285339459984,33,0.0303030303030303,0.0,0.0,0.0
1,5,459,2.420702395373828,33,0.0303030303030303,0.0,0.0,0.0
1,5,460,2.4259762568016576,33,0.0303030303030303,0.0,0.0,0.0
1,5,461,2.4312501182294874,33,0.0303030303030303,0.0,0.0,0.0
1,5,462,2.436523979657317,33,0.0303030303030303,0.0,0.0,0.0
1,5,463,2.441797841085146,33,0.0303030303030303,0.0,0.0,0.0
1,5,464,2.4470717025129765,33,0.0303030303030303,0.0,0.0,0.0
1,5,465,2.452345563940806,33,0.0303030303030303,0.0,0.0,0.0
1,5,466,2.457619425368636,33,0.0303030303030303,0.0,0.0,0.0
1,5,467,2.462893286796465,33,0.0303030303030303,0.0,0.0,0.0
1,5,468,2.4681671482242957,33,0.0303030303030303,0.0,0.0,0.0
1,5,469,2.4734410096521247,33,0.0303030303030303,0.0,0.0,0.0
1,5,470,2.4787148710799545,33,0.0303030303030303,0.0,0.0,0.0
1,5,471,2.4839887325077843,33,0.0303030303030303,0.0,0.0,0.0
1,5,472,2.4892625939356137,33,0.0303030303030303,0.0,0.0,0.0
1,5,473,2.4945364553634435,33,0.0303030303030303,0.0,0.0,0.0
1,5,474,2.4998103167912733,33,0.0303030303030303,0.0,0.0,0.0
1,5,475,2.505084178219103,33,0.0303030303030303,0.0,0.0,0.0
1,5,476,2.5103580396469325,33,0.0303030303030303,0.0,0.0,0.0
1,5,477,2.5156319010747623,33,0.0303030303030303,0.0,0.0,0.0
1,5,478,2.520905762502592,33,0.0303030303030303,0.0,0.0,0.0
1,5,479,2.526179623930421,33,0.0303030303030303,0.0,0.0,0.0
1,5,480,2.5314534853582518,33,0.0303030303030303,0.0,0.0,0.0
1,5,481,2.536727346786081,33,0.0303030303030303,0.0,0.0,0.0
1,5,482,2.542001208213911,33,0.0303030303030303,0.0,0.0,0.0
1,5,483,2.5472750696417403,33,0.0303030303030303,0.0,0.0,0.0
1,5,484,2.55254893106957,33,0.0303030303030303,0.0,0.0,0.0
1,5,485,2.5578227924974,33,0.0303030303030303,0.0,0.0,0.0
1,5,486,2.5630966539252293,33,0.0303030303030303,0.0,0.0,0.0
1,5,487,2.568370515353059,33,0.0303030303030303,0.0,0.0,0.0
1,5,488,2.573644376780889,33,0.0303030303030303,0.0,0.0,0.0
1,5,489,2.578918238208719,33,0.0303030303030303,0.0,0.0,0.0
1,5,490,2.584192099636548,33,0.0303030303030303,0.0,0.0,0.0
1,5,491,2.589465961064378,33,0.0303030303030303,0.0,0.0,0.0
1,5,492,2.594739822492208,33,0.0303030303030303,0.0,0.0,0.0
1,5,493,2.600013683920037,33,0.0303030303030303,0.0,0.0,0.0
1,5,494,2.605287545347867,33,0.0303030303030303,0.0,0.0,0.0
1,5,495,2.610561406775697,33,0.0303030303030303,0.0,0.0,0.0
1,5,496,2.615835268203526,33,0.0303030303030303,0.0,0.0,0.0
1,5,497,2.621109129631356,33,0.0303030303030303,0.0,0.0,0.0
1,5,498,2.626382991059186,33,0.0303030303030303,0.0,0.0,0.0
1,5,499,2.631656852487016,33,0.0303030303030303,0.0,0.0,0.0
1,5,500,2.636930713914845,33,0.0303030303030303,0.0,0.0,0.0
1,5,501,2.642204575342675,33,0.0303030303030303,0.0,0.0,0.0
1,5,502,2.6474784367705047,33,0.0303030303030303,0.0,0.0,0.0
1,5,503,2.6527522981983345,33,0.0303030303030303,0.0,0.0,0.0
1,5,504,2.658026159626164,33,0.0303030303030303,0.0,0.0,0.0
1,5,505,2.6633000210539937,33,0.0303030303030303,0.0,0.0,0.0
1,5,506,2.6685738824818235,33,0.0303030303030303,0.0,0.0,0.0
1,5,507,2.673847743909653,33,0.0303030303030303,0.0,0.0,0.0
1,5,508,2.6791216053374827,33,0.0303030303030303,0.0,0.0,0.0
1,5,509,2.6843954667653125,33,0.0303030303030303,0.0,0.0,0.0
1,5,510,2.6896693281931423,33,0.0303030303030303,0.0,0.0,0.0
1,5,511,2.694943189620972,33,0.0,0.0,0.0,0.0
1,6,0,0.0,33,0.0,0.0,0.0,0.0
1,6,1,0.0052738614278296,33,0.0,0.0,0.0,0.0
1,6,2,0.0105477228556593,33,0.0,0.0,0.0,0.0
1,6,3,0.015821584283489,33,0.0,0.0,0.0,0.0
1,6,4,0.0210954457113187,33,0.0,0.0,0.0,0.0
1,6,5,0.0263693071391484,33,0.0,0.0,0.0,0.0
1,6,6,0.0316431685669781,33,0.0,0.0,0.0,0.0
1,6,7,0.0369170299948078,33,0.0606060606060606,0.0,0.0,0.0
1,6,8,0.0421908914226375,33,0.0,0.0,0.0,0.0
1,6,9,0.0474647528504672,33,0.0606060606060606,0.0,0.0,0.0
1,6,10,0.0527386142782969,33,0.0303030303030303,0.0,0.0,0.0
1,6,11,0.0580124757061265,33,0.0606060606060606,0.0,0.0,0.0
1,6,12,0.0632863371339562,33,0.2121212121212121,0.0,0.0,0.0
1,6,13,0.0685601985617859,33,0.303030303030303,0.0,0.0,0.0
1,6,14,0.0738340599896156,33,0.3939393939393939,0.0,0.0,1.0
1,6,15,0.0791079214174453,33,0.4545454545454545,0.0,0.0,1.0
1,6,16,0.084381782845275,33,0.6666666666666666,0.0,0.0,1.0
1,6,17,0.0896556442731047,33,1.0,0.0,1.0,1.0
1,6,18,0.0949295057009344,33,1.2727272727272727,0.0,1.0,2.0
1,6,19,0.1002033671287641,33,1.878787878787879,0.0,1.0,3.0
1,6,20,0.1054772285565938,33,2.393939393939394,0.0,2.0,3.0
1,6,21,0.1107510899844235,33,3.1818181818181817,1.0,3.0,4.0
1,6,22,0.1160249514122531,33,3.909090909090909,2.0,3.0,6.0
1,6,23,0.1212988128400828,33,5.212121212121212,2.0,5.0,7.0
1,6,24,0.1265726742679125,33,6.545454545454546,4.0,6.0,8.0
1,6,25,0.1318465356957422,33,8.787878787878787,6.0,8.0,11.0
1,6,26,0.1371203971235719,33,10.212121212121213,7.0,10.0,13.0
1,6,27,0.1423942585514016,33,10.454545454545457,7.0,10.0,13.0
1,6,28,0.1476681199792313,33,12.606060606060606,11.0,12.0,14.0
1,6,29,0.152941981407061,33,14.303030303030305,11.0,14.0,17.0
1,6,30,0.1582158428348907,33,15.969696969696969,12.0,16.0,20.0
1,6,31,0.1634897042627204,33,17.78787878787879,13.0,17.0,22.0
1,6,32,0.1687635656905501,33,19.454545454545453,13.0,19.0,23.0
1,6,33,0.1740374271183797,33,21.0,14.0,21.0,25.0
1,6,34,0.1793112885462094,33,21.90909090909091,15.0,21.0,26.0
1,6,35,0.1845851499740391,33,22.96969696969697,16.0,24.0,28.0
1,6,36,0.1898590114018688,33,23.90909090909091,19.0,24.0,29.0
1,6,37,0.1951328728296985,33,23.75757575757576,20.0,24.0,29.0
1,6,38,0.2004067342575282,33,24.03030303030303,20.0,24.0,29.0
1,6,39,0.2056805956853579,33,24.09090909090909,19.0,25.0,31.0
1,6,40,0.2109544571131876,33,24.63636363636364,19.0,24.0,30.0
1,6,41,0.2162283185410173,33,24.939393939393938,20.0,24.0,30.0
1,6,42,0.221502179968847,33,24.818181818181817,20.0,25.0,31.0
1,6,43,0.2267760413966766,33,25.24242424242424,19.0,26.0,30.0
1,6,44,0.2320499028245063,33,25.393939393939394,19.0,25.0,29.0
1,6,45,0.237323764252336,33,25.96969696969697,18.0,25.0,31.0
1,6,46,0.2425976256801657,33,25.24242424242424,17.0,24.0,33.0
1,6,47,0.2478714871079954,33,25.272727272727277,18.0,25.0,32.0
1,6,48,0.2531453485358251,33,24.96969696969697,19.0,25.0,31.0
1,6,49,0.2584192099636548,33,24.90909090909091,21.0,25.0,28.0
1,6,50,0.2636930713914845,33,24.545454545454547,20.0,24.0,29.0
1,6,51,0.2689669328193142,33,24.0,20.0,24.0,28.0
1,6,52,0.2742407942471439,33,23.21212121212121,19.0,24.0,26.0
1,6,53,0.2795146556749736,33,22.454545454545453,17.0,24.0,25.0
1,6,54,0.2847885171028033,33,21.78787878787879,16.0,21.0,24.0
1,6,55,0.290062378530633,33,20.78787878787879,15.0,21.0,23.0
1,6,56,0.2953362399584626,33,20.57575757575757,16.0,20.0,23.0
1,6,57,0.3006101013862923,33,19.78787878787879,15.0,19.0,24.0
1,6,58,0.305883962814122,33,19.78787878787879,16.0,19.0,23.0
1,6,59,0.3111578242419517,33,19.21212121212121,16.0,19.0,23.0
1,6,60,0.3164316856697814,33,18.181818181818183,15.0,17.0,22.0
1,6,61,0.3217055470976111,33,17.848484848484848,15.0,17.0,22.0
1,6,62,0.3269794085254408,33,17.0,14.0,18.0,21.0
1,6,63,0.3322532699532705,33,16.333333333333332,12.0,16.0,21.0
1,6,64,0.3375271313811002,33,15.242424242424242,11.0,15.0,19.0
1,6,65,0.3428009928089299,33,14.93939393939394,11.0,14.0,18.0
1,6,66,0.3480748542367595,33,14.575757575757576,11.0,14.0,19.0
1,6,67,0.3533487156645892,33,14.181818181818182,10.0,14.0,18.0
1,6,68,0.3586225770924189,33,13.606060606060606,10.0,13.0,16.0
1,6,69,0.3638964385202486,33,13.06060606060606,10.0,13.0,15.0
1,6,70,0.3691702999480783,33,12.727272727272728,9.0,12.0,16.0
1,6,71,0.374444161375908,33,12.393939393939394,10.0,12.0,15.0
1,6,72,0.3797180228037377,33,11.727272727272728,9.0,12.0,14.0
1,6,73,0.3849918842315674,33,11.272727272727272,8.0,12.0,13.0
1,6,74,0.3902657456593971,33,10.696969696969695,8.0,11.0,13.0
1,6,75,0.3955396070872268,33,10.606060606060606,8.0,11.0,13.0
1,6,76,0.4008134685150564,33,10.181818181818182,8.0,10.0,12.0
1,6,77,0.4060873299428861,33,9.666666666666666,7.0,10.0,11.0
1,6,78,0.4113611913707158,33,9.454545454545457,7.0,10.0,11.0
1,6,79,0.4166350527985455,33,9.181818181818182,7.0,10.0,11.0
1,6,80,0.4219089142263752,33,9.151515151515152,7.0,10.0,11.0
1,6,81,0.4271827756542049,33,8.848484848484848,6.0,9.0,11.0
1,6,82,0.4324566370820346,33,8.636363636363637,5.0,9.0,11.0
1,6,83,0.4377304985098643,33,8.424242424242424,6.0,8.0,12.0
1,6,84,0.443004359937694,33,8.030303030303031,5.0,7.0,11.0
1,6,85,0.4482782213655237,33,7.787878787878788,5.0,7.0,10.0
1,6,86,0.4535520827933533,33,7.696969696969697,5.0,7.0,10.0
1,6,87,0.458825944221183,33,7.393939393939394,5.0,7.0,9.0
1,6,88,0.4640998056490127,33,7.454545454545454,5.0,7.0,9.0
1,6,89,0.4693736670768424,33,7.363636363636363,5.0,7.0,9.0
1,6,90,0.4746475285046721,33,7.363636363636363,5.0,7.0,9.0
1,6,91,0.4799213899325018,33,7.0606060606060606,5.0,7.0,9.0
1,6,92,0.4851952513603315,33,6.818181818181818,5.0,7.0,9.0
1,6,93,0.4904691127881612,33,6.545454545454546,4.0,5.0,9.0
1,6,94,0.4957429742159909,33,6.454545454545454,4.0,6.0,8.0
1,6,95,0.5010168356438206,33,6.151515151515151,4.0,6.0,8.0
1,6,96,0.5062906970716503,33,6.151515151515151,4.0,6.0,8.0
1,6,97,0.51156455849948,33,6.090909090909091,4.0,6.0,7.0
1,6,98,0.5168384199273096,33,5.9393939393939394,4.0,6.0,7.0
1,6,99,0.5221122813551393,33,6.0,5.0,6.0,7.0
1,6,100,0.527386142782969,33,5.909090909090909,5.0,6.0,7.0
1,6,101,0.5326600042107987,33,5.9393939393939394,4.0,6.0,8.0
1,6,102,0.5379338656386284,33,5.787878787878788,4.0,6.0,7.0
1,6,103,0.5432077270664581,33,5.666666666666667,4.0,5.0,7.0
1,6,104,0.5484815884942879,33,5.363636363636363,4.0,6.0,6.0
1,6,105,0.5537554499221174,33,5.2727272727272725,4.0,5.0,7.0
1,6,106,0.5590293113499472,33,5.121212121212121,4.0,5.0,7.0
1,6,107,0.5643031727777769,33,5.03030303030303,4.0,5.0,7.0
1,6,108,0.5695770342056066,33,5.090909090909091,3.0,5.0,7.0
1,6,109,0.5748508956334363,33,4.757575757575758,3.0,4.0,6.0
1,6,110,0.580124757061266,33,4.666666666666667,3.0,4.0,7.0
1,6,111,0.5853986184890957,33,4.484848484848484,3.0,4.0,6.0
1,6,112,0.5906724799169253,33,4.242424242424242,3.0,4.0,6.0
1,6,113,0.595946341344755,33,4.03030303030303,3.0,4.0,5.0
1,6,114,0.6012202027725847,33,4.0606060606060606,3.0,4.0,5.0
1,6,115,0.6064940642004144,33,3.909090909090909,3.0,4.0,5.0
1,6,116,0.6117679256282441,33,3.878787878787879,2.0,3.0,5.0
1,6,117,0.6170417870560738,33,3.787878787878788,2.0,3.0,5.0
1,6,118,0.6223156484839034,33,3.727272727272727,2.0,3.0,5.0
1,6,119,0.6275895099117331,33,3.6666666666666665,2.0,3.0,5.0
1,6,120,0.6328633713395628,33,3.696969696969697,2.0,3.0,5.0
1,6,121,0.6381372327673925,33,3.5454545454545454,2.0,3.0,5.0
1,6,122,0.6434110941952222,33,3.4545454545454546,2.0,3.0,4.0
1,6,123,0.648684955623052,33,3.393939393939394,2.0,3.0,4.0
1,6,124,0.6539588170508817,33,3.272727272727273,2.0,3.0,4.0
1,6,125,0.6592326784787113,33,3.121212121212121,1.0,3.0,4.0
1,6,126,0.664506539906541,33,3.212121212121212,2.0,3.0,4.0
1,6,127,0.6697804013343707,33,3.0,1.0,3.0,3.0
1,6,128,0.6750542627622004,33,2.9696969696969697,1.0,3.0,4.0
1,6,129,0.6803281241900301,33,2.9393939393939394,2.0,3.0,4.0
1,6,130,0.6856019856178598,33,2.8181818181818183,1.0,2.0,4.0
1,6,131,0.6908758470456895,33,2.757575757575758,2.0,2.0,4.0
1,6,132,0.6961497084735191,33,2.696969696969697,1.0,2.0,4.0
1,6,133,0.7014235699013488,33,2.575757575757576,1.0,2.0,4.0
1,6,134,0.7066974313291785,33,2.5454545454545454,1.0,2.0,3.0
1,6,135,0.7119712927570082,33,2.393939393939394,1.0,2.0,3.0
1,6,136,0.7172451541848379,33,2.363636363636364,1.0,2.0,3.0
1,6,137,0.7225190156126676,33,2.363636363636364,1.0,2.0,3.0
1,6,138,0.7277928770404973,33,2.212121212121212,1.0,2.0,3.0
1,6,139,0.7330667384683269,33,2.060606060606061,1.0,2.0,3.0
1,6,140,0.7383405998961566,33,2.0,1.0,2.0,3.0
1,6,141,0.7436144613239863,33,1.9696969696969695,1.0,2.0,3.0
1,6,142,0.748888322751816,33,1.9393939393939397,1.0,2.0,3.0
1,6,143,0.7541621841796458,33,1.9090909090909087,1.0,2.0,3.0
1,6,144,0.7594360456074755,33,1.9393939393939397,1.0,2.0,3.0
1,6,145,0.7647099070353051,33,1.9393939393939397,1.0,2.0,3.0
1,6,146,0.7699837684631348,33,1.878787878787879,1.0,2.0,3.0
1,6,147,0.7752576298909645,33,1.8484848484848484,1.0,2.0,3.0
1,6,148,0.7805314913187942,33,1.9090909090909087,1.0,2.0,3.0
1,6,149,0.7858053527466239,33,1.9393939393939397,1.0,2.0,3.0
1,6,150,0.7910792141744536,33,1.878787878787879,1.0,2.0,3.0
1,6,151,0.7963530756022833,33,1.7878787878787878,1.0,2.0,2.0
1,6,152,0.8016269370301129,33,1.7575757575757576,1.0,2.0,2.0
1,6,153,0.8069007984579426,33,1.7878787878787878,1.0,2.0,2.0
1,6,154,0.8121746598857723,33,1.7878787878787878,1.0,2.0,2.0
1,6,155,0.817448521313602,33,1.7575757575757576,1.0,2.0,2.0
1,6,156,0.8227223827414317,33,1.7272727272727273,1.0,2.0,2.0
1,6,157,0.8279962441692614,33,1.7272727272727273,1.0,2.0,2.0
1,6,158,0.8332701055970911,33,1.7878787878787878,1.0,2.0,2.0
1,6,159,0.8385439670249207,33,1.696969696969697,1.0,1.0,2.0
1,6,160,0.8438178284527504,33,1.6363636363636365,1.0,1.0,2.0
1,6,161,0.8490916898805801,33,1.6666666666666667,1.0,1.0,2.0
1,6,162,0.8543655513084099,33,1.6363636363636365,1.0,1.0,2.0
1,6,163,0.8596394127362396,33,1.5454545454545454,1.0,1.0,2.0
1,6,164,0.8649132741640693,33,1.4545454545454546,1.0,1.0,2.0
1,6,165,0.870187135591899,33,1.393939393939394,1.0,1.0,2.0
1,6,166,0.8754609970197286,33,1.3636363636363635,1.0,1.0,2.0
1,6,167,0.8807348584475583,33,1.3333333333333333,1.0,1.0,2.0
1,6,168,0.886008719875388,33,1.303030303030303,1.0,1.0,2.0
1,6,169,0.8912825813032177,33,1.2727272727272727,0.0,1.0,2.0
1,6,170,0.8965564427310474,33,1.303030303030303,0.0,1.0,2.0
1,6,171,0.9018303041588772,33,1.2424242424242424,0.0,1.0,2.0
1,6,172,0.9071041655867068,33,1.2121212121212122,0.0,1.0,2.0
1,6,173,0.9123780270145364,33,1.2121212121212122,0.0,1.0,2.0
1,6,174,0.917651888442366,33,1.181818181818182,0.0,1.0,2.0
1,6,175,0.9229257498701958,33,1.1515151515151516,0.0,1.0,2.0
1,6,176,0.9281996112980256,33,1.0909090909090908,0.0,1.0,2.0
1,6,177,0.9334734727258552,33,1.0909090909090908,0.0,1.0,2.0
1,6,178,0.9387473341536848,33,1.0303030303030305,0.0,1.0,2.0
1,6,179,0.9440211955815144,33,1.0,0.0,1.0,1.0
1,6,180,0.9492950570093442,33,1.0,0.0,1.0,1.0
1,6,181,0.954568918437174,33,1.0303030303030305,0.0,1.0,1.0
1,6,182,0.9598427798650035,33,0.9696969696969696,0.0,1.0,1.0
1,6,183,0.9651166412928334,33,0.9393939393939394,0.0,1.0,1.0
1,6,184,0.9703905027206632,33,0.9393939393939394,0.0,1.0,1.0
1,6,185,0.9756643641484928,33,0.9393939393939394,0.0,1.0,1.0
1,6,186,0.9809382255763224,33,0.9393939393939394,0.0,1.0,1.0
1,6,187,0.986212087004152,33,0.9696969696969696,0.0,1.0,1.0
1,6,188,0.9914859484319818,33,0.8787878787878788,0.0,1.0,1.0
1,6,189,0.9967598098598116,33,0.8787878787878788,0.0,1.0,1.0
1,6,190,1.0020336712876412,33,0.8484848484848485,0.0,1.0,1.0
1,6,191,1.0073075327154708,33,0.8181818181818182,0.0,0.0,1.0
1,6,192,1.0125813941433006,33,0.7575757575757576,0.0,0.0,1.0
1,6,193,1.0178552555711302,33,0.7272727272727273,0.0,0.0,1.0
1,6,194,1.02312911699896,33,0.696969696969697,0.0,0.0,1.0
1,6,195,1.0284029784267896,33,0.7272727272727273,0.0,0.0,1.0
1,6,196,1.0336768398546192,33,0.7272727272727273,0.0,0.0,1.0
1,6,197,1.038950701282449,33,0.7272727272727273,0.0,0.0,1.0
1,6,198,1.0442245627102786,33,0.7272727272727273,0.0,0.0,1.0
1,6,199,1.0494984241381085,33,0.7272727272727273,0.0,0.0,1.0
1,6,200,1.054772285565938,33,0.7272727272727273,0.0,0.0,1.0
1,6,201,1.060046146993768,33,0.6363636363636364,0.0,0.0,1.0
1,6,202,1.0653200084215977,33,0.6666666666666666,0.0,0.0,1.0
1,6,203,1.070593869849427,33,0.6666666666666666,0.0,0.0,1.0
1,6,204,1.0758677312772569,33,0.6666666666666666,0.0,0.0,1.0
1,6,205,1.0811415927050865,33,0.6666666666666666,0.0,0.0,1.0
1,6,206,1.0864154541329163,33,0.696969696969697,0.0,0.0,1.0
1,6,207,1.091689315560746,33,0.6666666666666666,0.0,0.0,1.0
1,6,208,1.0969631769885757,33,0.6666666666666666,0.0,0.0,1.0
1,6,209,1.1022370384164053,33,0.6363636363636364,0.0,0.0,1.0
1,6,210,1.107510899844235,33,0.6060606060606061,0.0,0.0,1.0
1,6,211,1.1127847612720647,33,0.6060606060606061,0.0,0.0,1.0
1,6,212,1.1180586226998943,33,0.6060606060606061,0.0,0.0,1.0
1,6,213,1.123332484127724,33,0.5757575757575758,0.0,0.0,1.0
1,6,214,1.1286063455555535,33,0.5757575757575758,0.0,0.0,1.0
1,6,215,1.1338802069833835,33,0.5757575757575758,0.0,0.0,1.0
1,6,216,1.1391540684112131,33,0.5757575757575758,0.0,0.0,1.0
1,6,217,1.1444279298390427,33,0.5454545454545454,0.0,0.0,1.0
1,6,218,1.1497017912668726,33,0.5454545454545454,0.0,0.0,1.0
1,6,219,1.154975652694702,33,0.5454545454545454,0.0,0.0,1.0
1,6,220,1.160249514122532,33,0.4848484848484848,0.0,0.0,1.0
1,6,221,1.1655233755503616,33,0.4848484848484848,0.0,0.0,1.0
1,6,222,1.1707972369781914,33,0.4848484848484848,0.0,0.0,1.0
1,6,223,1.176071098406021,33,0.4848484848484848,0.0,0.0,1.0
1,6,224,1.1813449598338506,33,0.4848484848484848,0.0,0.0,1.0
1,6,225,1.1866188212616804,33,0.4848484848484848,0.0,0.0,1.0
1,6,226,1.19189268268951,33,0.4545454545454545,0.0,0.0,1.0
1,6,227,1.1971665441173398,33,0.4545454545454545,0.0,0.0,1.0
1,6,228,1.2024404055451694,33,0.4545454545454545,0.0,0.0,1.0
1,6,229,1.2077142669729992,33,0.4545454545454545,0.0,0.0,1.0
1,6,230,1.2129881284008288,33,0.4545454545454545,0.0,0.0,1.0
1,6,231,1.2182619898286584,33,0.4545454545454545,0.0,0.0,1.0
1,6,232,1.2235358512564882,33,0.4242424242424242,0.0,0.0,1.0
1,6,233,1.2288097126843178,33,0.4242424242424242,0.0,0.0,1.0
1,6,234,1.2340835741121476,33,0.4242424242424242,0.0,0.0,1.0
1,6,235,1.2393574355399772,33,0.4242424242424242,0.0,0.0,1.0
1,6,236,1.2446312969678068,33,0.3939393939393939,0.0,0.0,1.0
1,6,237,1.2499051583956369,33,0.3939393939393939,0.0,0.0,1.0
1,6,238,1.2551790198234662,33,0.3939393939393939,0.0,0.0,1.0
1,6,239,1.260452881251296,33,0.3939393939393939,0.0,0.0,1.0
1,6,240,1.2657267426791257,33,0.3636363636363636,0.0,0.0,1.0
1,6,241,1.2710006041069557,33,0.3636363636363636,0.0,0.0,1.0
1,6,242,1.276274465534785,33,0.3636363636363636,0.0,0.0,1.0
1,6,243,1.281548326962615,33,0.3636363636363636,0.0,0.0,1.0
1,6,244,1.2868221883904445,33,0.3636363636363636,0.0,0.0,1.0
1,6,245,1.292096049818274,33,0.3636363636363636,0.0,0.0,1.0
1,6,246,1.297369911246104,33,0.3636363636363636,0.0,0.0,1.0
1,6,247,1.3026437726739335,33,0.3636363636363636,0.0,0.0,1.0
1,6,248,1.307917634101763,33,0.3636363636363636,0.0,0.0,1.0
1,6,249,1.313191495529593,33,0.3333333333333333,0.0,0.0,0.0
1,6,250,1.3184653569574225,33,0.3333333333333333,0.0,0.0,0.0
1,6,251,1.3237392183852523,33,0.3333333333333333,0.0,0.0,0.0
1,6,252,1.329013079813082,33,0.3333333333333333,0.0,0.0,0.0
1,6,253,1.3342869412409115,33,0.3636363636363636,0.0,0.0,0.0
1,6,254,1.3395608026687411,33,0.3636363636363636,0.0,0.0,0.0
1,6,255,1.3448346640965712,33,0.3636363636363636,0.0,0.0,0.0
1,6,256,1.3501085255244007,33,0.3636363636363636,0.0,0.0,0.0
1,6,257,1.3553823869522303,33,0.3636363636363636,0.0,0.0,0.0
1,6,258,1.3606562483800602,33,0.3636363636363636,0.0,0.0,0.0
1,6,259,1.3659301098078898,33,0.3636363636363636,0.0,0.0,0.0
1,6,260,1.3712039712357196,33,0.3333333333333333,0.0,0.0,0.0
1,6,261,1.3764778326635492,33,0.3333333333333333,0.0,0.0,0.0
1,6,262,1.381751694091379,33,0.3333333333333333,0.0,0.0,0.0
1,6,263,1.3870255555192086,33,0.2727272727272727,0.0,0.0,0.0
1,6,264,1.3922994169470382,33,0.2424242424242424,0.0,0.0,0.0
1,6,265,1.397573278374868,33,0.2424242424242424,0.0,0.0,0.0
1,6,266,1.4028471398026976,33,0.2424242424242424,0.0,0.0,0.0
1,6,267,1.4081210012305274,33,0.2424242424242424,0.0,0.0,0.0
1,6,268,1.413394862658357,33,0.2424242424242424,0.0,0.0,0.0
1,6,269,1.4186687240861868,33,0.2424242424242424,0.0,0.0,0.0
1,6,270,1.4239425855140164,33,0.2424242424242424,0.0,0.0,0.0
1,6,271,1.429216446941846,33,0.2424242424242424,0.0,0.0,0.0
1,6,272,1.4344903083696758,33,0.2424242424242424,0.0,0.0,0.0
1,6,273,1.4397641697975054,33,0.2424242424242424,0.0,0.0,0.0
1,6,274,1.4450380312253353,33,0.2424242424242424,0.0,0.0,0.0
1,6,275,1.4503118926531648,33,0.2424242424242424,0.0,0.0,0.0
1,6,276,1.4555857540809949,33,0.2424242424242424,0.0,0.0,0.0
1,6,277,1.4608596155088245,33,0.2424242424242424,0.0,0.0,0.0
1,6,278,1.466133476936654,33,0.2424242424242424,0.0,0.0,0.0
1,6,279,1.4714073383644837,33,0.2424242424242424,0.0,0.0,0.0
1,6,280,1.4766811997923133,33,0.2424242424242424,0.0,0.0,0.0
1,6,281,1.481955061220143,33,0.2121212121212121,0.0,0.0,0.0
1,6,282,1.487228922647973,33,0.2121212121212121,0.0,0.0,0.0
1,6,283,1.4925027840758025,33,0.2121212121212121,0.0,0.0,0.0
1,6,284,1.497776645503632,33,0.2121212121212121,0.0,0.0,0.0
1,6,285,1.5030505069314617,33,0.2121212121212121,0.0,0.0,0.0
1,6,286,1.5083243683592915,33,0.2121212121212121,0.0,0.0,0.0
1,6,287,1.513598229787121,33,0.2121212121212121,0.0,0.0,0.0
1,6,288,1.518872091214951,33,0.2121212121212121,0.0,0.0,0.0
1,6,289,1.5241459526427803,33,0.2121212121212121,0.0,0.0,0.0
1,6,290,1.52941981407061,33,0.2121212121212121,0.0,0.0,0.0
1,6,291,1.53469367549844,33,0.2121212121212121,0.0,0.0,0.0
1,6,292,1.5399675369262695,33,0.2121212121212121,0.0,0.0,0.0
1,6,293,1.5452413983540991,33,0.2121212121212121,0.0,0.0,0.0
1,6,294,1.550515259781929,33,0.2121212121212121,0.0,0.0,0.0
1,6,295,1.5557891212097588,33,0.2121212121212121,0.0,0.0,0.0
1,6,296,1.5610629826375884,33,0.2121212121212121,0.0,0.0,0.0
1,6,297,1.566336844065418,33,0.2121212121212121,0.0,0.0,0.0
1,6,298,1.5716107054932478,33,0.2121212121212121,0.0,0.0,0.0
1,6,299,1.5768845669210774,33,0.2121212121212121,0.0,0.0,0.0
1,6,300,1.5821584283489072,33,0.2121212121212121,0.0,0.0,0.0
1,6,301,1.5874322897767368,33,0.2121212121212121,0.0,0.0,0.0
1,6,302,1.5927061512045666,33,0.2121212121212121,0.0,0.0,0.0
1,6,303,1.5979800126323962,33,0.2121212121212121,0.0,0.0,0.0
1,6,304,1.6032538740602258,33,0.2121212121212121,0.0,0.0,0.0
1,6,305,1.6085277354880556,33,0.2121212121212121,0.0,0.0,0.0
1,6,306,1.6138015969158852,33,0.2121212121212121,0.0,0.0,0.0
1,6,307,1.619075458343715,33,0.2121212121212121,0.0,0.0,0.0
1,6,308,1.6243493197715446,33,0.2121212121212121,0.0,0.0,0.0
1,6,309,1.6296231811993744,33,0.2121212121212121,0.0,0.0,0.0
1,6,310,1.634897042627204,33,0.1818181818181818,0.0,0.0,0.0
1,6,311,1.6401709040550336,33,0.1818181818181818,0.0,0.0,0.0
1,6,312,1.6454447654828634,33,0.1818181818181818,0.0,0.0,0.0
1,6,313,1.650718626910693,33,0.1818181818181818,0.0,0.0,0.0
1,6,314,1.6559924883385229,33,0.1818181818181818,0.0,0.0,0.0
1,6,315,1.6612663497663525,33,0.1818181818181818,0.0,0.0,0.0
1,6,316,1.6665402111941825,33,0.1818181818181818,0.0,0.0,0.0
1,6,317,1.671814072622012,33,0.1818181818181818,0.0,0.0,0.0
1,6,318,1.6770879340498417,33,0.1818181818181818,0.0,0.0,0.0
1,6,319,1.6823617954776713,33,0.1818181818181818,0.0,0.0,0.0
1,6,320,1.6876356569055009,33,0.1818181818181818,0.0,0.0,0.0
1,6,321,1.6929095183333307,33,0.1818181818181818,0.0,0.0,0.0
1,6,322,1.6981833797611603,33,0.1818181818181818,0.0,0.0,0.0
1,6,323,1.70345724118899,33,0.1818181818181818,0.0,0.0,0.0
1,6,324,1.7087311026168197,33,0.1818181818181818,0.0,0.0,0.0
1,6,325,1.7140049640446493,33,0.1515151515151515,0.0,0.0,0.0
1,6,326,1.7192788254724791,33,0.1515151515151515,0.0,0.0,0.0
1,6,327,1.7245526869003087,33,0.1515151515151515,0.0,0.0,0.0
1,6,328,1.7298265483281383,33,0.1515151515151515,0.0,0.0,0.0
1,6,329,1.735100409755968,33,0.1515151515151515,0.0,0.0,0.0
1,6,330,1.740374271183798,33,0.1515151515151515,0.0,0.0,0.0
1,6,331,1.7456481326116275,33,0.1515151515151515,0.0,0.0,0.0
1,6,332,1.7509219940394571,33,0.1515151515151515,0.0,0.0,0.0
1,6,333,1.756195855467287,33,0.1515151515151515,0.0,0.0,0.0
1,6,334,1.7614697168951166,33,0.1515151515151515,0.0,0.0,0.0
1,6,335,1.7667435783229464,33,0.1515151515151515,0.0,0.0,0.0
1,6,336,1.772017439750776,33,0.1515151515151515,0.0,0.0,0.0
1,6,337,1.7772913011786056,33,0.1515151515151515,0.0,0.0,0.0
1,6,338,1.7825651626064354,33,0.1515151515151515,0.0,0.0,0.0
1,6,339,1.787839024034265,33,0.1515151515151515,0.0,0.0,0.0
1,6,340,1.7931128854620948,33,0.1515151515151515,0.0,0.0,0.0
1,6,341,1.7983867468899244,33,0.1515151515151515,0.0,0.0,0.0
1,6,342,1.8036606083177544,33,0.1515151515151515,0.0,0.0,0.0
1,6,343,1.808934469745584,33,0.1515151515151515,0.0,0.0,0.0
1,6,344,1.8142083311734132,33,0.1515151515151515,0.0,0.0,0.0
1,6,345,1.8194821926012432,33,0.1515151515151515,0.0,0.0,0.0
1,6,346,1.8247560540290728,33,0.1515151515151515,0.0,0.0,0.0
1,6,347,1.8300299154569024,33,0.1515151515151515,0.0,0.0,0.0
1,6,348,1.835303776884732,33,0.1515151515151515,0.0,0.0,0.0
1,6,349,1.840577638312562,33,0.1515151515151515,0.0,0.0,0.0
1,6,350,1.845851499740392,33,0.1515151515151515,0.0,0.0,0.0
1,6,351,1.8511253611682208,33,0.1515151515151515,0.0,0.0,0.0
1,6,352,1.856399222596051,33,0.1515151515151515,0.0,0.0,0.0
1,6,353,1.8616730840238809,33,0.1515151515151515,0.0,0.0,0.0
1,6,354,1.8669469454517105,33,0.1515151515151515,0.0,0.0,0.0
1,6,355,1.87222080687954,33,0.1515151515151515,0.0,0.0,0.0
1,6,356,1.8774946683073697,33,0.1515151515151515,0.0,0.0,0.0
1,6,357,1.8827685297351997,33,0.1515151515151515,0.0,0.0,0.0
1,6,358,1.888042391163029,33,0.1515151515151515,0.0,0.0,0.0
1,6,359,1.893316252590859,33,0.1515151515151515,0.0,0.0,0.0
1,6,360,1.8985901140186885,33,0.1515151515151515,0.0,0.0,0.0
1,6,361,1.9038639754465183,33,0.1515151515151515,0.0,0.0,0.0
1,6,362,1.909137836874348,33,0.1515151515151515,0.0,0.0,0.0
1,6,363,1.9144116983021775,33,0.1515151515151515,0.0,0.0,0.0
1,6,364,1.9196855597300075,33,0.1515151515151515,0.0,0.0,0.0
1,6,365,1.924959421157837,33,0.1515151515151515,0.0,0.0,0.0
1,6,366,1.9302332825856667,33,0.1515151515151515,0.0,0.0,0.0
1,6,367,1.9355071440134963,33,0.1515151515151515,0.0,0.0,0.0
1,6,368,1.940781005441326,33,0.1515151515151515,0.0,0.0,0.0
1,6,369,1.946054866869156,33,0.1515151515151515,0.0,0.0,0.0
1,6,370,1.9513287282969856,33,0.1515151515151515,0.0,0.0,0.0
1,6,371,1.9566025897248152,33,0.1515151515151515,0.0,0.0,0.0
1,6,372,1.9618764511526448,33,0.1515151515151515,0.0,0.0,0.0
1,6,373,1.9671503125804743,33,0.1515151515151515,0.0,0.0,0.0
1,6,374,1.972424174008304,33,0.1515151515151515,0.0,0.0,0.0
1,6,375,1.977698035436134,33,0.1515151515151515,0.0,0.0,0.0
1,6,376,1.982971896863964,33,0.1515151515151515,0.0,0.0,0.0
1,6,377,1.9882457582917932,33,0.1515151515151515,0.0,0.0,0.0
1,6,378,1.993519619719623,33,0.1515151515151515,0.0,0.0,0.0
1,6,379,1.9987934811474528,33,0.1515151515151515,0.0,0.0,0.0
1,6,380,2.0040673425752824,33,0.1515151515151515,0.0,0.0,0.0
1,6,381,2.009341204003112,33,0.1515151515151515,0.0,0.0,0.0
1,6,382,2.0146150654309416,33,0.1515151515151515,0.0,0.0,0.0
1,6,383,2.0198889268587714,33,0.1515151515151515,0.0,0.0,0.0
1,6,384,2.025162788286601,33,0.1515151515151515,0.0,0.0,0.0
1,6,385,2.0304366497144306,33,0.1515151515151515,0.0,0.0,0.0
1,6,386,2.0357105111422604,33,0.1515151515151515,0.0,0.0,0.0
1,6,387,2.0409843725700902,33,0.1515151515151515,0.0,0.0,0.0
1,6,388,2.04625823399792,33,0.1515151515151515,0.0,0.0,0.0
1,6,389,2.051532095425749,33,0.1515151515151515,0.0,0.0,0.0
1,6,390,2.0568059568535797,33,0.1515151515151515,0.0,0.0,0.0
1,6,391,2.062079818281409,33,0.1515151515151515,0.0,0.0,0.0
1,6,392,2.0673536797092384,33,0.1515151515151515,0.0,0.0,0.0
1,6,393,2.0726275411370683,33,0.1515151515151515,0.0,0.0,0.0
1,6,394,2.077901402564898,33,0.1515151515151515,0.0,0.0,0.0
1,6,395,2.083175263992728,33,0.1515151515151515,0.0,0.0,0.0
1,6,396,2.0884491254205573,33,0.1515151515151515,0.0,0.0,0.0
1,6,397,2.093722986848387,33,0.1515151515151515,0.0,0.0,0.0
1,6,398,2.098996848276217,33,0.1515151515151515,0.0,0.0,0.0
1,6,399,2.1042707097040463,33,0.1515151515151515,0.0,0.0,0.0
1,6,400,2.109544571131876,33,0.1515151515151515,0.0,0.0,0.0
1,6,401,2.114818432559706,33,0.1515151515151515,0.0,0.0,0.0
1,6,402,2.120092293987536,33,0.1515151515151515,0.0,0.0,0.0
1,6,403,2.125366155415365,33,0.1515151515151515,0.0,0.0,0.0
1,6,404,2.130640016843195,33,0.1515151515151515,0.0,0.0,0.0
1,6,405,2.1359138782710247,33,0.1515151515151515,0.0,0.0,0.0
1,6,406,2.141187739698854,33,0.1515151515151515,0.0,0.0,0.0
1,6,407,2.146461601126684,33,0.1515151515151515,0.0,0.0,0.0
1,6,408,2.1517354625545138,33,0.1515151515151515,0.0,0.0,0.0
1,6,409,2.157009323982344,33,0.1515151515151515,0.0,0.0,0.0
1,6,410,2.162283185410173,33,0.1212121212121212,0.0,0.0,0.0
1,6,411,2.1675570468380028,33,0.1212121212121212,0.0,0.0,0.0
1,6,412,2.1728309082658326,33,0.1212121212121212,0.0,0.0,0.0
1,6,413,2.178104769693662,33,0.1212121212121212,0.0,0.0,0.0
1,6,414,2.183378631121492,33,0.0909090909090909,0.0,0.0,0.0
1,6,415,2.1886524925493216,33,0.0909090909090909,0.0,0.0,0.0
1,6,416,2.1939263539771514,33,0.0909090909090909,0.0,0.0,0.0
1,6,417,2.199200215404981,33,0.0909090909090909,0.0,0.0,0.0
1,6,418,2.2044740768328106,33,0.0909090909090909,0.0,0.0,0.0
1,6,419,2.2097479382606404,33,0.0909090909090909,0.0,0.0,0.0
1,6,420,2.21502179968847,33,0.0909090909090909,0.0,0.0,0.0
1,6,421,2.2202956611163,33,0.0909090909090909,0.0,0.0,0.0
1,6,422,2.225569522544129,33,0.0909090909090909,0.0,0.0,0.0
1,6,423,2.2308433839719592,33,0.0909090909090909,0.0,0.0,0.0
1,6,424,2.2361172453997886,33,0.0909090909090909,0.0,0.0,0.0
1,6,425,2.2413911068276184,33,0.0909090909090909,0.0,0.0,0.0
1,6,426,2.2466649682554483,33,0.0909090909090909,0.0,0.0,0.0
1,6,427,2.2519388296832776,33,0.0909090909090909,0.0,0.0,0.0
1,6,428,2.2572126911111074,33,0.0909090909090909,0.0,0.0,0.0
1,6,429,2.2624865525389373,33,0.0909090909090909,0.0,0.0,0.0
1,6,430,2.267760413966767,33,0.0909090909090909,0.0,0.0,0.0
1,6,431,2.2730342753945965,33,0.0909090909090909,0.0,0.0,0.0
1,6,432,2.2783081368224263,33,0.0909090909090909,0.0,0.0,0.0
1,6,433,2.283581998250256,33,0.0909090909090909,0.0,0.0,0.0
1,6,434,2.288855859678085,33,0.0909090909090909,0.0,0.0,0.0
1,6,435,2.2941297211059157,33,0.0909090909090909,0.0,0.0,0.0
1,6,436,2.299403582533745,33,0.0909090909090909,0.0,0.0,0.0
1,6,437,2.304677443961575,33,0.0909090909090909,0.0,0.0,0.0
1,6,438,2.3099513053894043,33,0.0909090909090909,0.0,0.0,0.0
1,6,439,2.315225166817234,33,0.0909090909090909,0.0,0.0,0.0
1,6,440,2.320499028245064,33,0.0909090909090909,0.0,0.0,0.0
1,6,441,2.3257728896728933,33,0.0909090909090909,0.0,0.0,0.0
1,6,442,2.331046751100723,33,0.0909090909090909,0.0,0.0,0.0
1,6,443,2.336320612528553,33,0.0909090909090909,0.0,0.0,0.0
1,6,444,2.3415944739563828,33,0.0909090909090909,0.0,0.0,0.0
1,6,445,2.346868335384212,33,0.0909090909090909,0.0,0.0,0.0
1,6,446,2.352142196812042,33,0.0909090909090909,0.0,0.0,0.0
1,6,447,2.357416058239872,33,0.0909090909090909,0.0,0.0,0.0
1,6,448,2.362689919667701,33,0.0606060606060606,0.0,0.0,0.0
1,6,449,2.367963781095531,33,0.0606060606060606,0.0,0.0,0.0
1,6,450,2.373237642523361,33,0.0606060606060606,0.0,0.0,0.0
1,6,451,2.3785115039511906,33,0.0606060606060606,0.0,0.0,0.0
1,6,452,2.38378536537902,33,0.0606060606060606,0.0,0.0,0.0
1,6,453,2.38905922680685,33,0.0606060606060606,0.0,0.0,0.0
1,6,454,2.39433308823468,33,0.0606060606060606,0.0,0.0,0.0
1,6,455,2.399606949662509,33,0.0606060606060606,0.0,0.0,0.0
1,6,456,2.404880811090339,33,0.0606060606060606,0.0,0.0,0.0
1,6,457,2.4101546725181686,33,0.0606060606060606,0.0,0.0,0.0
1,6,458,2.4154285339459984,33,0.0606060606060606,0.0,0.0,0.0
1,6,459,2.420702395373828,33,0.0606060606060606,0.0,0.0,0.0
1,6,460,2.4259762568016576,33,0.0606060606060606,0.0,0.0,0.0
1,6,461,2.4312501182294874,33,0.0606060606060606,0.0,0.0,0.0
1,6,462,2.436523979657317,33,0.0606060606060606,0.0,0.0,0.0
1,6,463,2.441797841085146,33,0.0606060606060606,0.0,0.0,0.0
1,6,464,2.4470717025129765,33,0.0606060606060606,0.0,0.0,0.0
1,6,465,2.452345563940806,33,0.0606060606060606,0.0,0.0,0.0
1,6,466,2.457619425368636,33,0.0606060606060606,0.0,0.0,0.0
1,6,467,2.462893286796465,33,0.0606060606060606,0.0,0.0,0.0
1,6,468,2.4681671482242957,33,0.0606060606060606,0.0,0.0,0.0
1,6,469,2.4734410096521247,33,0.0606060606060606,0.0,0.0,0.0
1,6,470,2.4787148710799545,33,0.0606060606060606,0.0,0.0,0.0
1,6,471,2.4839887325077843,33,0.0606060606060606,0.0,0.0,0.0
1,6,472,2.4892625939356137,33,0.0303030303030303,0.0,0.0,0.0
1,6,473,2.4945364553634435,33,0.0303030303030303,0.0,0.0,0.0
1,6,474,2.4998103167912733,33,0.0303030303030303,0.0,0.0,0.0
1,6,475,2.505084178219103,33,0.0303030303030303,0.0,0.0,0.0
1,6,476,2.5103580396469325,33,0.0303030303030303,0.0,0.0,0.0
1,6,477,2.5156319010747623,33,0.0303030303030303,0.0,0.0,0.0
1,6,478,2.520905762502592,33,0.0303030303030303,0.0,0.0,0.0
1,6,479,2.526179623930421,33,0.0303030303030303,0.0,0.0,0.0
1,6,480,2.5314534853582518,33,0.0303030303030303,0.0,0.0,0.0
1,6,481,2.536727346786081,33,0.0303030303030303,0.0,0.0,0.0
1,6,482,2.542001208213911,33,0.0303030303030303,0.0,0.0,0.0
1,6,483,2.5472750696417403,33,0.0303030303030303,0.0,0.0,0.0
1,6,484,2.55254893106957,33,0.0303030303030303,0.0,0.0,0.0
1,6,485,2.5578227924974,33,0.0303030303030303,0.0,0.0,0.0
1,6,486,2.5630966539252293,33,0.0303030303030303,0.0,0.0,0.0
1,6,487,2.568370515353059,33,0.0303030303030303,0.0,0.0,0.0
1,6,488,2.573644376780889,33,0.0303030303030303,0.0,0.0,0.0
1,6,489,2.578918238208719,33,0.0303030303030303,0.0,0.0,0.0
1,6,490,2.584192099636548,33,0.0303030303030303,0.0,0.0,0.0
1,6,491,2.589465961064378,33,0.0303030303030303,0.0,0.0,0.0
1,6,492,2.594739822492208,33,0.0303030303030303,0.0,0.0,0.0
1,6,493,2.600013683920037,33,0.0303030303030303,0.0,0.0,0.0
1,6,494,2.605287545347867,33,0.0303030303030303,0.0,0.0,0.0
1,6,495,2.610561406775697,33,0.0303030303030303,0.0,0.0,0.0
1,6,496,2.615835268203526,33,0.0303030303030303,0.0,0.0,0.0
1,6,497,2.621109129631356,33,0.0303030303030303,0.0,0.0,0.0
1,6,498,2.626382991059186,33,0.0303030303030303,0.0,0.0,0.0
1,6,499,2.631656852487016,33,0.0,0.0,0.0,0.0
1,6,500,2.636930713914845,33,0.0,0.0,0.0,0.0
1,6,501,2.642204575342675,33,0.0,0.0,0.0,0.0
1,6,502,2.6474784367705047,33,0.0,0.0,0.0,0.0
1,6,503,2.6527522981983345,33,0.0,0.0,0.0,0.0
1,6,504,2.658026159626164,33,0.0,0.0,0.0,0.0
1,6,505,2.6633000210539937,33,0.0,0.0,0.0,0.0
1,6,506,2.6685738824818235,33,0.0,0.0,0.0,0.0
1,6,507,2.673847743909653,33,0.0,0.0,0.0,0.0
1,6,508,2.6791216053374827,33,0.0,0.0,0.0,0.0
1,6,509,2.6843954667653125,33,0.0,0.0,0.0,0.0
1,6,510,2.6896693281931423,33,0.0,0.0,0.0,0.0
1,6,511,2.694943189620972,33,0.0,0.0,0.0,0.0
