raw_trial_index,held_out,success,normalized_error,nfev,reason,temporal_design_rank,temporal_condition,shape_rank,shape_condition,frequency_at_bound,phase_gap_mode_1,phase_gap_mode_2,phase_gap_mode_3,recording,monkey,fold,phase_gap_mode_4
5,False,True,0.8102728186932867,14,,3,1.4174850940578816,2,1.458380409707248,True,0.0199999999999989,,,monkeyT_session-y070316009-12_lfp-8,T,0,
17,False,True,0.8122902055742552,15,,3,1.4146543720683524,2,1.209371512842451,False,0.0083180790301956,,,monkeyT_session-y070316009-12_lfp-8,T,0,
3,False,True,0.7037755756798386,6,,3,1.4236778919018434,2,1.2915455437760626,False,0.0051943736566437,,,monkeyT_session-y070316009-12_lfp-8,T,0,
13,False,True,0.9482941966060344,10,,3,1.4176744825878498,2,1.136373187252996,False,0.0034556276345565,,,monkeyT_session-y070316009-12_lfp-8,T,0,
11,False,True,0.9463269231509404,10,,3,1.4252038117334416,2,1.3178139473092627,False,0.0038790084716797,,,monkeyT_session-y070316009-12_lfp-8,T,0,
0,True,True,0.8791159348981793,7,,3,1.4252552685404312,2,1.2164905903621377,False,0.0033039456316679,,,monkeyT_session-y070316009-12_lfp-8,T,0,
12,False,True,0.8833586227161004,17,,3,1.4174850940747603,2,1.4049535489759886,True,0.0199999998107673,,,monkeyT_session-y070316009-12_lfp-8,T,0,
16,True,True,0.8592698776962014,5,,3,1.4185248511495712,2,1.2753483556517105,False,0.006937779382961,,,monkeyT_session-y070316009-12_lfp-8,T,0,
24,False,True,0.6496391605636335,12,,3,1.4241574251724245,2,1.3112444830568064,False,0.005420498389407,,,monkeyT_session-y070316009-12_lfp-8,T,0,
25,False,True,0.8077772454701772,19,,3,1.4222037640602965,2,1.1208367723256374,True,0.0079999999999995,,,monkeyT_session-y070316009-12_lfp-8,T,0,
10,False,True,0.480237832449527,6,,3,1.4192763099096248,2,1.3033534811366547,False,0.0104642003718636,,,monkeyT_session-y070316009-12_lfp-8,T,0,
1,False,True,0.7612275803698042,31,,3,1.419163706363579,2,1.2358620499806858,False,0.0038497144542004,,,monkeyT_session-y070316009-12_lfp-8,T,0,
9,True,True,0.8431172136243164,9,,3,1.4278921989186395,2,1.3192789310123163,False,0.0050266170376054,,,monkeyT_session-y070316009-12_lfp-8,T,0,
23,False,True,0.88605636456736,5,,3,1.4219706049867888,2,1.277268929709775,False,0.0038040929494256,,,monkeyT_session-y070316009-12_lfp-8,T,0,
18,False,True,0.6865219925433218,7,,3,1.4191289898895196,2,1.2337251637904678,False,0.0029352097226107,,,monkeyT_session-y070316009-12_lfp-8,T,0,
30,False,True,0.823249023345654,8,,3,1.4257923137790265,2,1.250813014048242,False,0.0031765772323697,,,monkeyT_session-y070316009-12_lfp-8,T,0,
15,True,True,0.676352513453208,21,,3,1.4154130404117922,2,1.266301283044948,False,0.019004778749512,,,monkeyT_session-y070316009-12_lfp-8,T,0,
6,False,True,0.8688342467427133,26,,3,1.4222037640602967,2,1.2177760201500143,True,0.0079999999999991,,,monkeyT_session-y070316009-12_lfp-8,T,0,
26,False,True,0.8377373718609592,6,,3,1.4245576384240972,2,1.3182410292863715,False,0.0034964375216439,,,monkeyT_session-y070316009-12_lfp-8,T,0,
31,False,True,0.6220464640208423,7,,3,1.4215186943351723,2,1.2830422706938245,False,0.0031889817924346,,,monkeyT_session-y070316009-12_lfp-8,T,0,
22,False,True,0.8597832630789303,18,,3,1.4174850940578816,2,1.2855481344430235,True,0.0199999999999989,,,monkeyT_session-y070316009-12_lfp-8,T,0,
28,False,True,0.8974173412192434,14,,3,1.4230290390160147,2,1.2886538632842528,False,0.0048185793473898,,,monkeyT_session-y070316009-12_lfp-8,T,0,
7,True,True,0.6607332805384996,8,,3,1.423822483334918,2,1.2726470944792097,False,0.0058949486552435,,,monkeyT_session-y070316009-12_lfp-8,T,0,
29,False,True,0.7552919680096088,9,,3,1.4194014585545818,2,1.2859375043634824,False,0.0103997918697587,,,monkeyT_session-y070316009-12_lfp-8,T,0,
33,False,True,0.9347505013977732,19,,3,1.4227731193531352,2,1.144969082721763,False,0.017755677596561,,,monkeyT_session-y070316009-12_lfp-8,T,0,
21,True,True,0.8625657239246365,5,,3,1.4209426770457647,2,1.2786766910873997,False,0.0131293497685556,,,monkeyT_session-y070316009-12_lfp-8,T,0,
19,False,True,0.7423390559200583,8,,3,1.418329446185841,2,1.237714453366043,False,0.007176713352321,,,monkeyT_session-y070316009-12_lfp-8,T,0,
2,True,True,0.6390444915635438,20,,3,1.426592230462128,2,1.3351935717221768,False,0.0029758277042706,,,monkeyT_session-y070316009-12_lfp-8,T,0,
32,False,True,0.943963439841728,4,,3,1.41711575451086,2,1.163691293538848,False,0.0038387581299845,,,monkeyT_session-y070316009-12_lfp-8,T,0,
8,False,True,0.8598811367327444,16,,3,1.4222037640607006,2,1.14313253679632,True,0.0079999999942694,,,monkeyT_session-y070316009-12_lfp-8,T,0,
20,False,True,0.755983682529912,15,,3,1.425152170332922,2,1.2991972741354163,False,0.0037775269957363,,,monkeyT_session-y070316009-12_lfp-8,T,0,
27,False,True,0.7133338474421383,11,,3,1.4244165139468996,2,1.2617528305137962,False,0.0059120654486952,,,monkeyT_session-y070316009-12_lfp-8,T,0,
14,False,True,0.8161084159484681,111,,3,1.418754344065785,2,1.3682992217914296,False,0.0022492499115251,,,monkeyT_session-y070316009-12_lfp-8,T,0,
37,True,True,0.8481404001558785,26,,3,1.423751150688357,2,1.268136795046578,False,0.0053486217191975,,,monkeyT_session-y070316009-12_lfp-8,T,0,
67,False,True,0.7677860141108204,22,,3,1.4169572956130625,2,1.2256425099624266,False,0.0054183275190897,,,monkeyT_session-y070316009-12_lfp-8,T,0,
34,True,True,0.7499975257116658,16,,3,1.4218174557796417,2,1.236276478031126,False,0.0028792642327406,,,monkeyT_session-y070316009-12_lfp-8,T,0,
58,False,True,0.5245055293830164,10,,3,1.4156142575913928,2,1.2209114613229384,False,0.0218455487806672,,,monkeyT_session-y070316009-12_lfp-8,T,0,
52,False,True,0.7448889079819768,5,,3,1.418677590846742,2,1.2788333093962636,False,0.0023595613281663,,,monkeyT_session-y070316009-12_lfp-8,T,0,
56,False,True,0.6705867466158294,14,,3,1.4183830023077306,2,1.332740646169467,False,0.0027811789524765,,,monkeyT_session-y070316009-12_lfp-8,T,0,
41,False,True,0.8269593756639226,10,,3,1.4171809215289386,2,1.450595721123915,False,0.0042060184249903,,,monkeyT_session-y070316009-12_lfp-8,T,0,
53,False,True,0.8663343412168368,14,,3,1.414817191466206,2,1.2145550455158312,False,0.0106100975856799,,,monkeyT_session-y070316009-12_lfp-8,T,0,
63,False,True,0.7534383932767046,8,,3,1.4249010311303631,2,1.274370093097528,False,0.0044172808015465,,,monkeyT_session-y070316009-12_lfp-8,T,0,
66,False,True,0.7624229681069138,27,,3,1.4222037640829364,2,1.209248767911815,True,0.0079999996791459,,,monkeyT_session-y070316009-12_lfp-8,T,0,
48,False,True,0.629065890644684,13,,3,1.4223676648190644,2,1.1461328040086995,False,0.0024938465701289,,,monkeyT_session-y070316009-12_lfp-8,T,0,
36,True,True,0.5897226720697092,8,,3,1.4163686659803578,2,1.3585659672659012,False,0.0048913864197905,,,monkeyT_session-y070316009-12_lfp-8,T,0,
42,True,True,0.7473529934566258,30,,3,1.4174850940579329,2,1.4360823700084129,True,0.01999999999943,,,monkeyT_session-y070316009-12_lfp-8,T,0,
46,True,True,0.643001322716207,18,,3,1.420571079592985,2,1.2441858191021338,False,0.0080327796745236,,,monkeyT_session-y070316009-12_lfp-8,T,0,
62,False,True,0.7943655588760061,9,,3,1.4143909862659938,2,1.2905923905138406,False,0.003718938374825,,,monkeyT_session-y070316009-12_lfp-8,T,0,
57,False,True,0.968452651913376,8,,3,1.424880394131103,2,1.2304595652778134,False,0.0039689127010005,,,monkeyT_session-y070316009-12_lfp-8,T,0,
35,False,True,0.770126669915405,22,,3,1.4222037640603042,2,1.0765385260133908,True,0.0079999999998854,,,monkeyT_session-y070316009-12_lfp-8,T,0,
55,False,True,0.7237459899155325,12,,3,1.4237337476956446,2,1.421024165478434,False,0.0044717374158373,,,monkeyT_session-y070316009-12_lfp-8,T,0,
47,False,True,0.9352235569571414,8,,3,1.4217205652791527,2,1.1883987594409482,False,0.0027707266480536,,,monkeyT_session-y070316009-12_lfp-8,T,0,
65,True,True,0.7107767383754218,14,,3,1.4142797330294803,2,1.2491321348203517,False,0.0022026897156575,,,monkeyT_session-y070316009-12_lfp-8,T,0,
49,False,True,0.9653049636885832,14,,3,1.4222742335583864,2,1.1935840500886683,False,0.0031738310413516,,,monkeyT_session-y070316009-12_lfp-8,T,0,
43,False,True,0.6873823319393604,10,,3,1.4233229874066784,2,1.2897701958224683,False,0.0025542700454979,,,monkeyT_session-y070316009-12_lfp-8,T,0,
40,True,True,0.7084615003244888,9,,3,1.4247295618945612,2,1.309806377518167,False,0.0030094423681825,,,monkeyT_session-y070316009-12_lfp-8,T,0,
38,False,True,0.7806006104163329,25,,3,1.4284564047962045,2,1.3438008400324226,False,0.0047383372410818,,,monkeyT_session-y070316009-12_lfp-8,T,0,
59,False,False,0.8097712036728457,120,The maximum number of function evaluations is exceeded.,3,1.4252897192541274,2,1.500827296363049,False,0.0078016869342445,,,monkeyT_session-y070316009-12_lfp-8,T,0,
60,False,True,0.7981847127234584,11,,3,1.4214753431829656,2,1.1761673741839296,False,0.0034077844030635,,,monkeyT_session-y070316009-12_lfp-8,T,0,
50,False,True,0.7035347327630151,7,,3,1.4233931483671118,2,1.3363032372888024,False,0.0029986666577022,,,monkeyT_session-y070316009-12_lfp-8,T,0,
44,False,True,0.5594481464948279,12,,3,1.4186078882065172,2,1.1980923269078994,False,0.0052153524052802,,,monkeyT_session-y070316009-12_lfp-8,T,0,
39,False,True,0.8677724890570806,31,,3,1.4255503477636728,2,1.2410633291488136,False,0.0030087662296898,,,monkeyT_session-y070316009-12_lfp-8,T,0,
61,False,True,0.668592426847355,20,,3,1.426438970312408,2,1.2861508805446462,False,0.0171837404013932,,,monkeyT_session-y070316009-12_lfp-8,T,0,
54,False,True,0.5711530820017081,18,,3,1.4242897118077258,2,1.1417077797122746,False,0.0063796279481938,,,monkeyT_session-y070316009-12_lfp-8,T,0,
45,False,True,0.6669242393521161,14,,3,1.4241215263025375,2,1.1385341386184158,False,0.0031114968503969,,,monkeyT_session-y070316009-12_lfp-8,T,0,
64,False,True,0.7753904215131725,18,,3,1.4256164491954308,2,1.300921667439657,False,0.00363878475182,,,monkeyT_session-y070316009-12_lfp-8,T,0,
84,False,True,0.6946566990794787,16,,3,1.4174537634520534,2,1.3138862054764822,False,0.0033837983425666,,,monkeyT_session-y070316009-12_lfp-8,T,0,
90,False,True,0.7923437074852342,5,,3,1.421410165353908,2,1.2608476427821045,False,0.004488026816686,,,monkeyT_session-y070316009-12_lfp-8,T,0,
83,True,True,0.7144293454430656,29,,3,1.41784964444424,2,1.3461850306563787,False,0.0159070667461724,,,monkeyT_session-y070316009-12_lfp-8,T,0,
78,False,True,0.4996004478767465,7,,3,1.4172988408082292,2,1.34558943269468,False,0.0041035687692652,,,monkeyT_session-y070316009-12_lfp-8,T,0,
98,False,True,0.8189919309213656,19,,3,1.4193512216546844,2,1.2770496955811474,False,0.0045153204021453,,,monkeyT_session-y070316009-12_lfp-8,T,0,
88,False,True,0.7842173922270742,25,,3,1.4222037661528175,2,1.1173028043580928,True,0.0079999703450122,,,monkeyT_session-y070316009-12_lfp-8,T,0,
95,True,True,0.7255478036328944,7,,3,1.4246977813487116,2,1.3284952341199132,False,0.0030243118892974,,,monkeyT_session-y070316009-12_lfp-8,T,0,
70,False,True,0.5807422962882663,10,,3,1.4188166164148075,2,1.336010648395228,False,0.0042225938924824,,,monkeyT_session-y070316009-12_lfp-8,T,0,
74,False,True,0.7236038156871135,7,,3,1.4191586263170248,2,1.268120615693124,False,0.0030684224126114,,,monkeyT_session-y070316009-12_lfp-8,T,0,
81,False,True,0.9308039138265636,8,,3,1.418849259438852,2,1.282683920540295,False,0.0046622379307504,,,monkeyT_session-y070316009-12_lfp-8,T,0,
96,False,True,0.9680126469755612,12,,3,1.4228178133080585,2,1.1945207786476804,False,0.0027047520569727,,,monkeyT_session-y070316009-12_lfp-8,T,0,
80,True,True,0.6718045603934331,34,,3,1.423725742434384,2,1.3950935090711702,False,0.0057601431706242,,,monkeyT_session-y070316009-12_lfp-8,T,0,
71,False,True,0.764763240162658,22,,3,1.4185903006437195,2,1.340524742782606,False,0.0064561415003918,,,monkeyT_session-y070316009-12_lfp-8,T,0,
97,False,True,0.7703100095007004,7,,3,1.4253542352405133,2,1.280972117679729,False,0.0030450782721844,,,monkeyT_session-y070316009-12_lfp-8,T,0,
87,False,True,0.8289442410355266,6,,3,1.4199734483873805,2,1.1691551540195195,False,0.002766949992317,,,monkeyT_session-y070316009-12_lfp-8,T,0,
86,False,True,0.7083399146059405,9,,3,1.4197732724594696,2,1.2880941757203983,False,0.0153419470773739,,,monkeyT_session-y070316009-12_lfp-8,T,0,
100,False,True,0.7263837635196059,16,,3,1.42009243160471,2,1.4204727365291614,False,0.0032417017183528,,,monkeyT_session-y070316009-12_lfp-8,T,0,
68,True,True,0.6820591731771478,18,,3,1.4205848897927889,2,1.3367145680793622,False,0.013624223841449,,,monkeyT_session-y070316009-12_lfp-8,T,0,
82,False,True,0.6871982447646185,6,,3,1.4218372529600023,2,1.2663354240376343,False,0.0033317579765741,,,monkeyT_session-y070316009-12_lfp-8,T,0,
92,False,True,0.8904985150287307,9,,3,1.4207802018302509,2,1.2569909657713831,False,0.0070673686606865,,,monkeyT_session-y070316009-12_lfp-8,T,0,
77,True,True,0.820941181181414,13,,3,1.416697433042101,2,1.232865233324573,False,0.0045903649254497,,,monkeyT_session-y070316009-12_lfp-8,T,0,
79,False,True,0.6212200400883429,14,,3,1.4183224984000262,2,1.3361645033592155,False,0.0067075412315746,,,monkeyT_session-y070316009-12_lfp-8,T,0,
69,False,True,0.7352058034225557,15,,3,1.4174850940578816,2,1.5180265572222909,True,0.0199999999999989,,,monkeyT_session-y070316009-12_lfp-8,T,0,
94,True,True,0.6576251744055902,15,,3,1.4249182313396669,2,1.437325132173926,False,0.0033256939006207,,,monkeyT_session-y070316009-12_lfp-8,T,0,
76,False,True,0.7686150271113806,14,,3,1.4243510910194954,2,1.4512285582342836,False,0.0025673549605331,,,monkeyT_session-y070316009-12_lfp-8,T,0,
85,False,True,0.9213621720589362,9,,3,1.4246020115137104,2,1.228923359381312,False,0.0065281995256514,,,monkeyT_session-y070316009-12_lfp-8,T,0,
75,False,True,0.8669130336722304,10,,3,1.4182531993861849,2,1.1876078140359088,False,0.0036666223917292,,,monkeyT_session-y070316009-12_lfp-8,T,0,
89,False,True,0.6946830129188325,10,,3,1.4249146306106373,2,1.2228690012277328,False,0.0041452381812687,,,monkeyT_session-y070316009-12_lfp-8,T,0,
72,False,True,0.8055763555862956,15,,3,1.4174850940579735,2,1.3932457335736046,True,0.0199999999989703,,,monkeyT_session-y070316009-12_lfp-8,T,0,
73,False,True,0.680271172263146,13,,3,1.4258919625217823,2,1.3648610886854056,False,0.0066569294816094,,,monkeyT_session-y070316009-12_lfp-8,T,0,
99,False,True,0.7618245055366321,25,,3,1.4276210100837534,2,1.2918594836263553,False,0.0059436265407468,,,monkeyT_session-y070316009-12_lfp-8,T,0,
91,False,True,0.8877952999547829,13,,3,1.4233063421311716,2,1.4361950801281504,False,0.0039458226814375,,,monkeyT_session-y070316009-12_lfp-8,T,0,
93,False,True,0.6753925281243265,18,,3,1.4248856075386025,2,1.191199417878292,False,0.0135395964062385,,,monkeyT_session-y070316009-12_lfp-8,T,0,
126,False,True,0.8135003826981325,15,,3,1.4181230673941307,2,1.281052155791235,False,0.0063907470027535,,,monkeyT_session-y070316009-12_lfp-8,T,0,
106,False,True,0.7733296584413413,7,,3,1.4247708834484478,2,1.2192806933505802,False,0.004607922091226,,,monkeyT_session-y070316009-12_lfp-8,T,0,
115,False,True,0.7818853401361967,9,,3,1.4259071875821585,2,1.280740975031578,False,0.0070894298889148,,,monkeyT_session-y070316009-12_lfp-8,T,0,
105,False,True,0.5750582108645926,9,,3,1.4263012797968373,2,1.215653409800989,False,0.0226583815106886,,,monkeyT_session-y070316009-12_lfp-8,T,0,
131,False,True,0.9831918478327312,10,,3,1.42567254669284,2,1.4134535595609838,False,0.0033724745591019,,,monkeyT_session-y070316009-12_lfp-8,T,0,
133,True,True,0.8681577813375603,30,,3,1.4174850940835926,2,1.2566394458801988,True,0.0199999997117459,,,monkeyT_session-y070316009-12_lfp-8,T,0,
113,True,True,0.6806347703767334,6,,3,1.416505960276155,2,1.3197356646375085,False,0.0049829835311974,,,monkeyT_session-y070316009-12_lfp-8,T,0,
119,True,True,0.541596472426596,10,,3,1.4174494647464,2,1.2201789769787346,False,0.0024812333831292,,,monkeyT_session-y070316009-12_lfp-8,T,0,
104,False,True,0.6018836714239523,6,,3,1.426791236799096,2,1.2540208124823922,False,0.004493494792773,,,monkeyT_session-y070316009-12_lfp-8,T,0,
103,False,True,0.8107078686877428,34,,3,1.4258996029770257,2,1.2773629790386425,False,0.0104073929900594,,,monkeyT_session-y070316009-12_lfp-8,T,0,
121,False,True,0.6995486988806695,5,,3,1.4204271770672776,2,1.237912744503387,False,0.0061754742035073,,,monkeyT_session-y070316009-12_lfp-8,T,0,
112,False,True,0.9639461285198336,6,,3,1.4199411127745818,2,1.3061921243357582,False,0.0175937981904867,,,monkeyT_session-y070316009-12_lfp-8,T,0,
129,False,True,0.6996871750698862,11,,3,1.4240306835343632,2,1.301771630148182,False,0.0024460137835804,,,monkeyT_session-y070316009-12_lfp-8,T,0,
120,True,True,0.5564380360624713,12,,3,1.4251748180163732,2,1.2887654248955631,False,0.0107356077790727,,,monkeyT_session-y070316009-12_lfp-8,T,0,
102,False,True,0.7600014288851712,16,,3,1.4263442824639696,2,1.402012730200354,False,0.0046183189681103,,,monkeyT_session-y070316009-12_lfp-8,T,0,
107,False,True,0.760559824818564,15,,3,1.417485094057882,2,1.432577826900584,True,0.0199999999999982,,,monkeyT_session-y070316009-12_lfp-8,T,0,
125,False,True,0.7921424117071089,8,,3,1.4160778854838332,2,1.12908876262262,False,0.0181242957876177,,,monkeyT_session-y070316009-12_lfp-8,T,0,
111,False,True,0.7819450638544176,9,,3,1.426860473638879,2,1.225106893483749,False,0.0036267299809926,,,monkeyT_session-y070316009-12_lfp-8,T,0,
130,False,True,0.7066502126659033,23,,3,1.4192699730032865,2,1.1191027209087434,False,0.0027274074322516,,,monkeyT_session-y070316009-12_lfp-8,T,0,
110,False,True,0.9131491125765878,37,,3,1.422203764060741,2,1.2572666230496774,True,0.0079999999936979,,,monkeyT_session-y070316009-12_lfp-8,T,0,
101,False,True,0.8742461576765466,37,,3,1.4267367425575692,2,1.1770080556325526,False,0.0023571513653521,,,monkeyT_session-y070316009-12_lfp-8,T,0,
124,False,True,0.8318611264533021,7,,3,1.4225183295403832,2,1.2730000957751362,False,0.0035656727121589,,,monkeyT_session-y070316009-12_lfp-8,T,0,
123,False,True,0.9378939815075842,7,,3,1.4248721558994126,2,1.2057999223575675,False,0.0042454480662472,,,monkeyT_session-y070316009-12_lfp-8,T,0,
117,True,True,0.6125194272572301,12,,3,1.4260653722954026,2,1.3067764922445957,False,0.0026367220833831,,,monkeyT_session-y070316009-12_lfp-8,T,0,
122,False,True,0.7427239647700967,21,,3,1.4174850940791828,2,1.2904858628878302,True,0.0199999997611823,,,monkeyT_session-y070316009-12_lfp-8,T,0,
116,False,True,0.4703945400986252,8,,3,1.4213573169659637,2,1.300463153218143,False,0.0051167003260785,,,monkeyT_session-y070316009-12_lfp-8,T,0,
109,True,True,0.5221434633672608,7,,3,1.4248629593486295,2,1.3277624094780194,False,0.0026112025788904,,,monkeyT_session-y070316009-12_lfp-8,T,0,
134,False,True,0.8646691040769429,13,,3,1.4245493886934708,2,1.2428388329671516,False,0.0024762184287485,,,monkeyT_session-y070316009-12_lfp-8,T,0,
114,False,True,0.4946472099564171,14,,3,1.4174850941138153,2,1.382721962325106,True,0.0199999993729016,,,monkeyT_session-y070316009-12_lfp-8,T,0,
132,False,True,0.9292728640340993,9,,3,1.4265779795368485,2,1.2590270436844262,False,0.0107754342948522,,,monkeyT_session-y070316009-12_lfp-8,T,0,
118,True,True,0.7714571955207864,13,,3,1.4260070526422346,2,1.4273862793571508,False,0.0048927780469814,,,monkeyT_session-y070316009-12_lfp-8,T,0,
108,False,True,0.775941888735956,25,,3,1.418776036670649,2,1.4122950965815753,False,0.0036767735469388,,,monkeyT_session-y070316009-12_lfp-8,T,0,
128,False,True,0.5824120165023453,19,,3,1.4202734279509377,2,1.4042664983635516,False,0.0039937105057559,,,monkeyT_session-y070316009-12_lfp-8,T,0,
160,False,True,0.6672977041893378,23,,3,1.4281534996594345,2,1.4017481094040956,False,0.0154299305204517,,,monkeyT_session-y070316009-12_lfp-8,T,0,
149,False,True,0.801815518063141,12,,3,1.4197682493446782,2,1.1717379717632703,False,0.0047023263194467,,,monkeyT_session-y070316009-12_lfp-8,T,0,
139,True,True,0.4575828382172558,8,,3,1.4236996587227375,2,1.3836717414638098,False,0.0116916517048666,,,monkeyT_session-y070316009-12_lfp-8,T,0,
153,True,True,0.54839890414541,13,,3,1.4222037640602965,2,1.1269829866244492,True,0.0079999999999995,,,monkeyT_session-y070316009-12_lfp-8,T,0,
145,False,True,0.6127339842256726,17,,3,1.4174850940578816,2,1.4091341213055482,True,0.0199999999999989,,,monkeyT_session-y070316009-12_lfp-8,T,0,
156,False,True,0.5853736182036313,15,,3,1.419315458399818,2,1.3902189817699342,False,0.0025983821615573,,,monkeyT_session-y070316009-12_lfp-8,T,0,
150,True,True,0.667840924832526,9,,3,1.4251639014981692,2,1.3376117433254784,False,0.0038005226135355,,,monkeyT_session-y070316009-12_lfp-8,T,0,
143,False,True,0.6962498117657465,29,,3,1.4268914661564296,2,1.2364295933212082,False,0.0042336685217092,,,monkeyT_session-y070316009-12_lfp-8,T,0,
161,False,True,0.6904184326872467,13,,3,1.428439036878068,2,1.3180327548432995,False,0.0036105725777817,,,monkeyT_session-y070316009-12_lfp-8,T,0,
165,False,True,0.8185667271570278,12,,3,1.426579357305543,2,1.331662869929246,False,0.0031956237066452,,,monkeyT_session-y070316009-12_lfp-8,T,0,
152,False,True,0.6693903028486743,10,,3,1.4162604607768607,2,1.2939907948029192,False,0.0033650694479492,,,monkeyT_session-y070316009-12_lfp-8,T,0,
166,False,True,0.9409164719766396,6,,3,1.4243288074086224,2,1.1844278451929378,False,0.0031733607937294,,,monkeyT_session-y070316009-12_lfp-8,T,0,
147,False,True,0.8862514226026824,10,,3,1.425304257966992,2,1.2870359042410418,False,0.0031767172063705,,,monkeyT_session-y070316009-12_lfp-8,T,0,
162,False,True,0.9809200942728096,12,,3,1.425004780169701,2,1.457528065636363,False,0.0023063434815517,,,monkeyT_session-y070316009-12_lfp-8,T,0,
136,False,True,0.6629173464574805,16,,3,1.42684223170645,2,1.3555256366000574,False,0.0034408234871303,,,monkeyT_session-y070316009-12_lfp-8,T,0,
138,True,True,0.8327122561209453,6,,3,1.4243132367157791,2,1.2577412630621492,False,0.0043587423917461,,,monkeyT_session-y070316009-12_lfp-8,T,0,
146,True,True,0.8242584679616369,15,,3,1.424220306042747,2,1.4423851433175183,False,0.0032460967085823,,,monkeyT_session-y070316009-12_lfp-8,T,0,
163,False,True,0.6614124621752359,12,,3,1.4262801623020696,2,1.3734099738607053,False,0.0033071270986435,,,monkeyT_session-y070316009-12_lfp-8,T,0,
142,False,True,0.7669782414485241,17,,3,1.4250705629606522,2,1.3851624632054251,False,0.0037301490611296,,,monkeyT_session-y070316009-12_lfp-8,T,0,
151,False,True,0.8330701595172505,10,,3,1.4238345153599357,2,1.2675221221030109,False,0.0060898382902931,,,monkeyT_session-y070316009-12_lfp-8,T,0,
158,False,True,0.6946171824758375,11,,3,1.4194458229016396,2,1.2644495290500255,False,0.004303995998276,,,monkeyT_session-y070316009-12_lfp-8,T,0,
135,False,True,0.751737892580004,15,,3,1.4174850943128623,2,1.3636110518677682,True,0.0199999971412956,,,monkeyT_session-y070316009-12_lfp-8,T,0,
155,True,True,0.7901796079241554,15,,3,1.4222037640603018,2,1.1827378598793448,True,0.0079999999999222,,,monkeyT_session-y070316009-12_lfp-8,T,0,
159,False,True,0.7140038338582764,10,,3,1.4226665769419198,2,1.3167111265485278,False,0.0164010104444789,,,monkeyT_session-y070316009-12_lfp-8,T,0,
137,False,True,0.8397722217190515,27,,3,1.4222037640602974,2,1.2144141924879943,True,0.0079999999999857,,,monkeyT_session-y070316009-12_lfp-8,T,0,
144,False,True,0.7772810077863443,29,,3,1.4229102106846618,2,1.3109231108008,False,0.0195111462688055,,,monkeyT_session-y070316009-12_lfp-8,T,0,
168,False,True,0.8624617229391904,11,,3,1.4195856610486357,2,1.217863377494316,False,0.0128405912936073,,,monkeyT_session-y070316009-12_lfp-8,T,0,
140,False,True,0.9533006716827096,11,,3,1.4229080241675942,2,1.1782059588342877,False,0.0036002713280356,,,monkeyT_session-y070316009-12_lfp-8,T,0,
154,False,True,0.9151757200983806,5,,3,1.419316189422405,2,1.3070772342281785,False,0.0092746969330981,,,monkeyT_session-y070316009-12_lfp-8,T,0,
148,False,True,0.9828390661464248,9,,3,1.4159143415857367,2,1.521922582518651,False,0.0087115588057935,,,monkeyT_session-y070316009-12_lfp-8,T,0,
164,False,True,0.8037792762888424,10,,3,1.424559714584969,2,1.2151388556364662,False,0.0022691008496158,,,monkeyT_session-y070316009-12_lfp-8,T,0,
157,False,True,0.6970932044846844,9,,3,1.4215796322268577,2,1.3068592533417112,False,0.0024547171513464,,,monkeyT_session-y070316009-12_lfp-8,T,0,
167,False,True,0.8394556661286087,13,,3,1.419351001290145,2,1.2878439072485677,False,0.0114892061109678,,,monkeyT_session-y070316009-12_lfp-8,T,0,
177,False,True,0.9678928002193182,11,,3,1.4267745359896762,2,1.1552642802837785,False,0.0026694711230241,,,monkeyT_session-y070316009-12_lfp-8,T,0,
179,False,True,0.992779317476042,9,,3,1.4260124415472963,2,1.2923530282072224,False,0.0094104791289639,,,monkeyT_session-y070316009-12_lfp-8,T,0,
187,True,True,0.613348228442978,16,,3,1.4211898063292303,2,1.304119648921806,False,0.007093218577165,,,monkeyT_session-y070316009-12_lfp-8,T,0,
186,False,True,0.9329262127424,6,,3,1.4255472587812492,2,1.2281203523828026,False,0.00251732664747,,,monkeyT_session-y070316009-12_lfp-8,T,0,
189,False,True,0.7147037474905448,13,,3,1.422466144547888,2,1.1789240337141496,False,0.0043616149685743,,,monkeyT_session-y070316009-12_lfp-8,T,0,
188,True,True,0.6489622021476543,7,,3,1.4269035179950804,2,1.2754290046608183,False,0.0031513239061169,,,monkeyT_session-y070316009-12_lfp-8,T,0,
196,False,True,0.7905991680797005,16,,3,1.4257608344382933,2,1.360277112073943,False,0.0127628127072184,,,monkeyT_session-y070316009-12_lfp-8,T,0,
192,False,True,0.6391895609810527,9,,3,1.4256516984326422,2,1.225749417768336,False,0.0050217226975375,,,monkeyT_session-y070316009-12_lfp-8,T,0,
178,False,True,0.7664329969769781,13,,3,1.4174850940578816,2,1.2770494196748454,True,0.0199999999999989,,,monkeyT_session-y070316009-12_lfp-8,T,0,
174,False,True,0.6472232378824695,11,,3,1.421099121410456,2,1.1847206652143258,False,0.0041933746306423,,,monkeyT_session-y070316009-12_lfp-8,T,0,
190,False,True,0.7155224039432305,18,,3,1.4174702731874589,2,1.3920763361953623,False,0.0033155867237875,,,monkeyT_session-y070316009-12_lfp-8,T,0,
176,False,True,0.6646266914313657,10,,3,1.4246392953249367,2,1.14299161597459,False,0.0150402475707898,,,monkeyT_session-y070316009-12_lfp-8,T,0,
193,False,True,0.8803097329858738,18,,3,1.4222037640602967,2,1.0846725931469356,True,0.007999999999996,,,monkeyT_session-y070316009-12_lfp-8,T,0,
182,True,True,0.9195640838900644,6,,3,1.4215327375969309,2,1.279863461081219,False,0.0024418461896322,,,monkeyT_session-y070316009-12_lfp-8,T,0,
175,False,True,0.8510707310974357,5,,3,1.4258821336431442,2,1.272599896547162,False,0.005468025834415,,,monkeyT_session-y070316009-12_lfp-8,T,0,
172,False,True,0.6351379780255463,13,,3,1.4222037640602971,2,1.139267041919026,True,0.0079999999999951,,,monkeyT_session-y070316009-12_lfp-8,T,0,
180,False,True,0.7487293149438287,26,,3,1.4205015155185818,2,1.4483027072128498,False,0.0027616313546348,,,monkeyT_session-y070316009-12_lfp-8,T,0,
199,False,True,0.7133492012198273,9,,3,1.4277360776363683,2,1.322962358113154,False,0.0095852999662158,,,monkeyT_session-y070316009-12_lfp-8,T,0,
170,False,True,0.9014690698671766,8,,3,1.4150789073721728,2,1.1370755531658152,False,0.0142951488818848,,,monkeyT_session-y070316009-12_lfp-8,T,0,
194,True,True,0.6812949515773445,11,,3,1.426876815755059,2,1.2912443088235563,False,0.0039023681144474,,,monkeyT_session-y070316009-12_lfp-8,T,0,
200,True,True,0.6648176972237231,11,,3,1.4183351344536883,2,1.3434506592852216,False,0.0059901893497786,,,monkeyT_session-y070316009-12_lfp-8,T,0,
191,False,True,0.7605395955751675,13,,3,1.4264541983977184,2,1.2907208733323117,False,0.0040776791146557,,,monkeyT_session-y070316009-12_lfp-8,T,0,
181,False,True,0.7541128333494548,14,,3,1.4280922027252962,2,1.4114286965905738,False,0.0034567880023281,,,monkeyT_session-y070316009-12_lfp-8,T,0,
183,False,True,0.7460108183312596,5,,3,1.422487722693476,2,1.281711297726349,False,0.0041755232883264,,,monkeyT_session-y070316009-12_lfp-8,T,0,
202,False,True,0.6664269565379624,17,,3,1.425761502196327,2,1.4266679090073984,False,0.0063635773921544,,,monkeyT_session-y070316009-12_lfp-8,T,0,
173,False,True,0.8293172690661742,31,,3,1.4188636731729074,2,1.325841593496268,False,0.0036953075884267,,,monkeyT_session-y070316009-12_lfp-8,T,0,
185,True,True,0.7660582511380472,14,,3,1.4232845267420406,2,1.352093598590965,False,0.0172674755658315,,,monkeyT_session-y070316009-12_lfp-8,T,0,
171,True,True,0.6559399939805303,7,,3,1.4250061639217535,2,1.3446657654773368,False,0.0067623672211776,,,monkeyT_session-y070316009-12_lfp-8,T,0,
184,False,True,0.7215121588831961,14,,3,1.4261758571630676,2,1.3032688294297188,False,0.0052666789747948,,,monkeyT_session-y070316009-12_lfp-8,T,0,
198,False,True,0.8070497980261603,37,,3,1.417485094057902,2,1.4378868972815364,True,0.0199999999997775,,,monkeyT_session-y070316009-12_lfp-8,T,0,
197,False,True,0.5221453978382116,12,,3,1.4203960376181746,2,1.3487846694159304,False,0.0163616234773706,,,monkeyT_session-y070316009-12_lfp-8,T,0,
195,False,True,0.8541506230798677,5,,3,1.426061218332218,2,1.3152256203409602,False,0.0041454554521083,,,monkeyT_session-y070316009-12_lfp-8,T,0,
201,False,True,0.8439863977456203,9,,3,1.4244085366970345,2,1.2507888783102672,False,0.0038984875236458,,,monkeyT_session-y070316009-12_lfp-8,T,0,
5,False,True,0.773052380547929,14,,5,1.4191170778217808,4,6.182991992894354,True,0.0199999999999751,0.0040432885049099,,monkeyT_session-y070316009-12_lfp-8,T,1,
17,False,True,0.791930994049073,17,,5,1.4465573109043348,4,9.597860935662917,False,0.0124752991103258,0.0030955720416123,,monkeyT_session-y070316009-12_lfp-8,T,1,
3,False,True,0.6601020211384747,14,,5,1.419600787148753,4,7.063363699088004,False,0.0025543524927114,0.0036934834052448,,monkeyT_session-y070316009-12_lfp-8,T,1,
13,False,True,0.8154638171994699,52,,5,1.436005744369753,4,22.38350677982344,True,0.008,0.0039998541080965,,monkeyT_session-y070316009-12_lfp-8,T,1,
11,True,True,0.9206359818340166,13,,5,1.4422915254865218,4,2.4966925144009675,False,0.005101785795099,0.0056736942088928,,monkeyT_session-y070316009-12_lfp-8,T,1,
0,False,True,0.8627139716634706,9,,5,1.4283925260273174,4,5.091253951325129,False,0.0040993556133641,0.0024342605966047,,monkeyT_session-y070316009-12_lfp-8,T,1,
12,True,True,0.8656841542632493,17,,5,1.4360086185134724,4,5.659424248010799,True,0.0199999999999969,0.0061918530398594,,monkeyT_session-y070316009-12_lfp-8,T,1,
16,False,True,0.8505904250588441,7,,5,1.426164196645544,4,4.901867142959534,False,0.003650181864879,0.0039303368298035,,monkeyT_session-y070316009-12_lfp-8,T,1,
24,False,True,0.659068016822776,16,,5,1.4266962558044167,4,15.436120386786577,False,0.005511337052134,0.0328088192118154,,monkeyT_session-y070316009-12_lfp-8,T,1,
25,True,True,0.7475365696081895,19,,5,1.4369099303371582,4,9.702421329293012,True,0.008,0.0037965368624797,,monkeyT_session-y070316009-12_lfp-8,T,1,
10,True,True,0.4500255657851832,8,,5,1.4430957275330627,4,8.538012806422982,False,0.0100578680059744,0.0069623969647469,,monkeyT_session-y070316009-12_lfp-8,T,1,
1,True,True,0.7003836275067026,40,,5,1.4456703033993368,4,6.353899963548665,False,0.0145954796694338,0.0050856694606125,,monkeyT_session-y070316009-12_lfp-8,T,1,
9,False,True,0.820822193692522,9,,5,1.4393287358516782,4,10.229405835861114,False,0.002662434212783,0.0023467008718629,,monkeyT_session-y070316009-12_lfp-8,T,1,
23,True,True,0.8713655638462979,5,,5,1.433156636996172,4,5.916043652638992,False,0.0062066633036499,0.0028049426676677,,monkeyT_session-y070316009-12_lfp-8,T,1,
18,False,True,0.6365048849891218,7,,5,1.447086373009052,4,6.927372369075367,False,0.007457626315813,0.0211278756094279,,monkeyT_session-y070316009-12_lfp-8,T,1,
30,False,True,0.8231342244786383,46,,5,1.4284691251362407,4,10.74774038403944,True,0.0083423822458763,0.0039999999330682,,monkeyT_session-y070316009-12_lfp-8,T,1,
15,False,True,0.6708496837493712,22,,5,1.4268714654260812,4,23.164685427754875,False,0.0058322674467286,0.0034024740591078,,monkeyT_session-y070316009-12_lfp-8,T,1,
6,False,True,0.8325746531270612,27,,5,1.4275637239103736,4,6.490871826928991,True,0.008,0.0030097829849502,,monkeyT_session-y070316009-12_lfp-8,T,1,
26,False,True,0.8203763059760897,12,,5,1.429280020294684,4,9.366207777417957,False,0.0026011297714898,0.0080043297159217,,monkeyT_session-y070316009-12_lfp-8,T,1,
31,False,True,0.6005068411602416,8,,5,1.4392723201036517,4,10.664509878464736,False,0.0057749163712719,0.0045727138376729,,monkeyT_session-y070316009-12_lfp-8,T,1,
22,False,True,0.8029058087940487,16,,5,1.4287612615068337,4,13.720481557067275,True,0.0079999999980877,0.0037981593242868,,monkeyT_session-y070316009-12_lfp-8,T,1,
28,False,True,0.894270050512394,14,,5,1.428602723740369,4,5.716268003434668,False,0.0053339506754239,0.002886213005171,,monkeyT_session-y070316009-12_lfp-8,T,1,
7,False,True,0.6187206208695323,8,,5,1.4330155045612003,4,7.8062471925930685,False,0.0026096056796234,0.0059037271829955,,monkeyT_session-y070316009-12_lfp-8,T,1,
29,False,True,0.7152957494881921,15,,5,1.4356262191107267,4,7.251432954913189,False,0.002894468004599,0.0048779490827177,,monkeyT_session-y070316009-12_lfp-8,T,1,
33,True,True,0.9014156225757732,22,,5,1.4368930263452186,4,6.159144492490051,False,0.0057689161465068,0.003662905614437,,monkeyT_session-y070316009-12_lfp-8,T,1,
21,False,True,0.8480816693675178,8,,5,1.4262878942934685,4,15.85785222022697,False,0.0044221071793604,0.0058621530103195,,monkeyT_session-y070316009-12_lfp-8,T,1,
19,False,True,0.707474479052545,29,,5,1.441698290790535,4,6.405062975328044,False,0.0036170633924959,0.0060368628861837,,monkeyT_session-y070316009-12_lfp-8,T,1,
2,False,True,0.6063373300265451,18,,5,1.4293809103209854,4,16.75040290064945,False,0.0037897931841062,0.0050211103791344,,monkeyT_session-y070316009-12_lfp-8,T,1,
32,False,True,0.9482390470889428,12,,5,1.430653418709366,4,4.1831512200565,False,0.0038785707322941,0.0031009820161482,,monkeyT_session-y070316009-12_lfp-8,T,1,
8,False,True,0.8576070836816168,16,,5,1.4284802538479122,4,26.719917897294227,True,0.0079999999999991,0.0030928704167392,,monkeyT_session-y070316009-12_lfp-8,T,1,
20,False,True,0.7597822481839341,18,,5,1.4376002846952003,4,8.405727114390945,False,0.0030330312312667,0.0035095189911427,,monkeyT_session-y070316009-12_lfp-8,T,1,
27,False,True,0.704542732441751,12,,5,1.4193090115881817,4,17.91905571122416,False,0.0029943599462667,0.0025827279224106,,monkeyT_session-y070316009-12_lfp-8,T,1,
14,False,True,0.7784287207118125,31,,5,1.4254936969756349,4,6.809868029522602,False,0.010457964142315,0.0036389987127627,,monkeyT_session-y070316009-12_lfp-8,T,1,
37,False,True,0.8336679178646472,15,,5,1.4346251829701673,4,51.85768805943164,False,0.0044110821449336,0.0041499906029081,,monkeyT_session-y070316009-12_lfp-8,T,1,
67,False,True,0.708127941986823,22,,5,1.4350832479754947,4,6.048553057648392,True,0.0044842271353688,0.0040000000000013,,monkeyT_session-y070316009-12_lfp-8,T,1,
34,False,True,0.708358020984076,15,,5,1.4422926130814095,4,8.808011803664948,False,0.003169474303923,0.0032446671290173,,monkeyT_session-y070316009-12_lfp-8,T,1,
58,False,True,0.4829378812597382,9,,5,1.4458426301767948,4,9.6325241046422,False,0.0055570301885434,0.0053826735907431,,monkeyT_session-y070316009-12_lfp-8,T,1,
52,True,True,0.7416632662121447,5,,5,1.4455105508798385,4,21.48989646262138,False,0.0047132415895823,0.0025725930416697,,monkeyT_session-y070316009-12_lfp-8,T,1,
56,False,True,0.6473610110263119,59,,5,1.4315223809919992,4,8.381370795262342,False,0.010809693658826,0.0023867634054206,,monkeyT_session-y070316009-12_lfp-8,T,1,
41,False,True,0.8129686387251467,11,,5,1.4218892448632257,4,29.13868712382532,False,0.0036990221723609,0.0042078424800475,,monkeyT_session-y070316009-12_lfp-8,T,1,
53,True,True,0.8364681799987652,16,,5,1.4487245976008578,4,6.339454509182842,False,0.0035587350813877,0.0027834418348309,,monkeyT_session-y070316009-12_lfp-8,T,1,
63,False,True,0.7712761534378924,10,,5,1.4285092428038335,4,37.32705962626533,False,0.0048493026938447,0.0126174942189694,,monkeyT_session-y070316009-12_lfp-8,T,1,
66,False,True,0.7293616040698644,24,,5,1.4377869626801258,4,11.753403957761355,True,0.0079999999999884,0.0038225340255078,,monkeyT_session-y070316009-12_lfp-8,T,1,
48,False,True,0.5916047804621769,12,,5,1.4314761134798604,4,8.818986176541946,False,0.0107265586254268,0.0033193019622022,,monkeyT_session-y070316009-12_lfp-8,T,1,
36,False,True,0.5985517267420905,10,,5,1.442310219130985,4,29.47167402043761,False,0.0037462065422184,0.0082747261897146,,monkeyT_session-y070316009-12_lfp-8,T,1,
42,False,True,0.695767161948196,23,,5,1.4244556465564502,4,6.036265878382772,False,0.0038975185603331,0.0027174362581972,,monkeyT_session-y070316009-12_lfp-8,T,1,
46,False,True,0.6002409728571917,16,,5,1.4442865881580609,4,8.531647030902374,False,0.004206594877556,0.0076254025528026,,monkeyT_session-y070316009-12_lfp-8,T,1,
62,False,True,0.793501525849373,10,,5,1.43634355439137,4,5.75039323965751,False,0.0041036186790996,0.0039773403371388,,monkeyT_session-y070316009-12_lfp-8,T,1,
57,False,True,0.970620055837366,14,,5,1.4399298843125,4,8.695407260650239,False,0.0040307236234244,0.0075325096585867,,monkeyT_session-y070316009-12_lfp-8,T,1,
35,False,True,0.7586729263242615,34,,5,1.4448740847073194,4,32.64829773780965,False,0.0043758508335809,0.0279400026197595,,monkeyT_session-y070316009-12_lfp-8,T,1,
55,False,True,0.7013319111305146,12,,5,1.4291026541302934,4,7.949424349535354,False,0.007930849772876,0.0196038007486185,,monkeyT_session-y070316009-12_lfp-8,T,1,
47,False,True,0.9364564306663952,15,,5,1.4289275088035245,4,5.12211776521302,False,0.0066977252241164,0.0046285296159886,,monkeyT_session-y070316009-12_lfp-8,T,1,
65,False,True,0.6874074226777707,17,,5,1.4420525008517648,4,13.096756716875442,False,0.0075885098705752,0.0034434582545177,,monkeyT_session-y070316009-12_lfp-8,T,1,
49,False,True,0.968191993935614,16,,5,1.4337390626101691,4,7.965478366933052,False,0.005599295861165,0.0033064427268403,,monkeyT_session-y070316009-12_lfp-8,T,1,
43,False,True,0.6659429212313214,14,,5,1.4342912814611544,4,8.380402261275494,False,0.007402908554364,0.0038016379163536,,monkeyT_session-y070316009-12_lfp-8,T,1,
40,False,True,0.6725974685282673,13,,5,1.4295869858542587,4,13.17838459835986,False,0.0050839351030007,0.0028120629514027,,monkeyT_session-y070316009-12_lfp-8,T,1,
38,True,True,0.7713947469955901,49,,5,1.4379222028617828,4,6.712499103263678,True,0.0037744946383009,0.008,,monkeyT_session-y070316009-12_lfp-8,T,1,
59,False,True,0.7634156481330182,14,,5,1.444392947820437,4,9.990657741153914,False,0.0052095380143617,0.0281622818228419,,monkeyT_session-y070316009-12_lfp-8,T,1,
60,False,True,0.7689626861403082,11,,5,1.441612175413845,4,17.14361272516423,False,0.0196951876697315,0.0034511796792351,,monkeyT_session-y070316009-12_lfp-8,T,1,
50,True,True,0.6797706316924023,12,,5,1.4338534502224527,4,28.92895673209619,False,0.0026914504987889,0.003593376579456,,monkeyT_session-y070316009-12_lfp-8,T,1,
44,False,True,0.4979107779062593,11,,5,1.4433826389969366,4,12.114431026062244,False,0.0103770694208265,0.0024771380305264,,monkeyT_session-y070316009-12_lfp-8,T,1,
39,True,True,0.8612460927773126,38,,5,1.4377964242274894,4,5.790863410352018,False,0.0023996216896784,0.0053081231689269,,monkeyT_session-y070316009-12_lfp-8,T,1,
61,False,True,0.6341173816531169,17,,5,1.4406126827690586,4,17.386637955268974,True,0.017709212581622,0.0040000000000013,,monkeyT_session-y070316009-12_lfp-8,T,1,
54,True,True,0.5280102636298543,16,,5,1.4423391101284482,4,10.60971102347468,False,0.0042470864252637,0.0043603592593139,,monkeyT_session-y070316009-12_lfp-8,T,1,
45,False,True,0.6639026434679004,13,,5,1.428103608807276,4,32.81291955035948,False,0.0109666210751622,0.0165818047194079,,monkeyT_session-y070316009-12_lfp-8,T,1,
64,False,True,0.7518638282026983,21,,5,1.4445029949454822,4,8.082659795828398,False,0.0050322179246427,0.0080428476772569,,monkeyT_session-y070316009-12_lfp-8,T,1,
84,False,True,0.681537243749761,17,,5,1.4478765183551023,4,8.30213867073592,False,0.0032210711911373,0.0027345683233352,,monkeyT_session-y070316009-12_lfp-8,T,1,
90,True,True,0.7557398892341728,10,,5,1.42898924803908,4,9.638399532014716,False,0.0030114797243347,0.0064013313953079,,monkeyT_session-y070316009-12_lfp-8,T,1,
83,False,True,0.687736272911227,28,,5,1.442063960611612,4,6.533339765557877,False,0.0031014000550291,0.0035952018125833,,monkeyT_session-y070316009-12_lfp-8,T,1,
78,False,True,0.4737209241641408,7,,5,1.4442431660279529,4,11.53335886945102,False,0.0039573429042549,0.003698211980188,,monkeyT_session-y070316009-12_lfp-8,T,1,
98,False,True,0.8124833949196872,23,,5,1.4448685961506569,4,7.770209179787987,False,0.0082048066132436,0.0032332334674531,,monkeyT_session-y070316009-12_lfp-8,T,1,
88,False,True,0.7426577541789149,17,,5,1.4424744360205002,4,15.643601674697468,False,0.0040021712132469,0.0272688445025215,,monkeyT_session-y070316009-12_lfp-8,T,1,
95,False,True,0.69429259552874,9,,5,1.4378988195501825,4,7.245500184001051,False,0.0029928210979868,0.0068595903390384,,monkeyT_session-y070316009-12_lfp-8,T,1,
70,True,True,0.5440389020223111,13,,5,1.4429119209246049,4,11.87291252929426,False,0.0096331565997642,0.0109624584715799,,monkeyT_session-y070316009-12_lfp-8,T,1,
74,False,True,0.7091315664632721,6,,5,1.4242048992757903,4,7.857678359924343,False,0.0037818469519952,0.0070470735744931,,monkeyT_session-y070316009-12_lfp-8,T,1,
81,True,True,0.9009097987017868,15,,5,1.443018913325642,4,5.461837595486518,False,0.0109499151783289,0.0085168273801192,,monkeyT_session-y070316009-12_lfp-8,T,1,
96,False,True,0.8251268268065246,14,,5,1.429537929074475,4,10.68274608531259,True,0.008,0.0036864215594185,,monkeyT_session-y070316009-12_lfp-8,T,1,
80,False,True,0.646422451996138,31,,5,1.418084212896855,4,20.124936013490508,False,0.0049416247418898,0.0036423075823979,,monkeyT_session-y070316009-12_lfp-8,T,1,
71,False,True,0.7125980700067673,20,,5,1.4413099579986086,4,8.72982154979541,False,0.0070108502342991,0.0038475147993084,,monkeyT_session-y070316009-12_lfp-8,T,1,
97,False,True,0.7593682141185181,8,,5,1.4376384688855328,4,10.787296196834056,False,0.0038877904355443,0.0026393715622798,,monkeyT_session-y070316009-12_lfp-8,T,1,
87,False,True,0.8026401911884311,12,,5,1.4471686792391332,4,8.068726906162532,False,0.0114396979956947,0.0032707890364473,,monkeyT_session-y070316009-12_lfp-8,T,1,
86,False,True,0.6929212509091593,42,,5,1.4423743504991091,4,17.841112903394116,True,0.0043131710012866,0.0039999999990048,,monkeyT_session-y070316009-12_lfp-8,T,1,
100,True,True,0.6974261453760386,14,,5,1.4414408408849908,4,17.39471807954583,False,0.0182799812352589,0.0029611202027712,,monkeyT_session-y070316009-12_lfp-8,T,1,
68,False,True,0.669283996835486,21,,5,1.4425795695461117,4,10.20074572875664,False,0.018028866481154,0.0118680091571015,,monkeyT_session-y070316009-12_lfp-8,T,1,
82,False,True,0.6746155681961381,8,,5,1.4294204643155346,4,31.737784209797628,False,0.0070903514696221,0.0225804168320955,,monkeyT_session-y070316009-12_lfp-8,T,1,
92,False,True,0.8851875919747798,11,,5,1.4408500347850326,4,11.2304308810668,False,0.0043303144115718,0.0051596745361823,,monkeyT_session-y070316009-12_lfp-8,T,1,
77,False,True,0.7966074655541873,10,,5,1.431724644713915,4,10.495255906829405,False,0.0029925176310854,0.0078809229207812,,monkeyT_session-y070316009-12_lfp-8,T,1,
79,False,True,0.5811211048197127,13,,5,1.443892594277008,4,15.022862767041849,False,0.0069012443383127,0.0044022344907066,,monkeyT_session-y070316009-12_lfp-8,T,1,
69,True,True,0.701609087289563,20,,5,1.4427366862787396,4,6.169035733790296,True,0.0199999999999989,0.007999999696997,,monkeyT_session-y070316009-12_lfp-8,T,1,
94,False,True,0.598984635221564,14,,5,1.445345875968674,4,11.038271607190731,False,0.0024230758239145,0.0125769768820269,,monkeyT_session-y070316009-12_lfp-8,T,1,
76,False,True,0.7483581088651154,14,,5,1.441412989830632,4,16.675543125962204,False,0.0046263056001105,0.0047360587434663,,monkeyT_session-y070316009-12_lfp-8,T,1,
85,True,True,0.9094664027443834,14,,5,1.442340074419852,4,8.68227016597394,False,0.0080233434829133,0.0063624146383487,,monkeyT_session-y070316009-12_lfp-8,T,1,
75,False,True,0.8587133750543453,9,,5,1.445559403144333,4,14.19716130607329,False,0.004319331007041,0.0061416577122059,,monkeyT_session-y070316009-12_lfp-8,T,1,
89,False,True,0.6631627020667039,20,,5,1.4320181428906318,4,7.989460158047098,True,0.0052215655400811,0.008,,monkeyT_session-y070316009-12_lfp-8,T,1,
72,False,True,0.7943495621830533,16,,5,1.4437695261837753,4,11.055630389399749,True,0.0199999999999989,0.0039872947285122,,monkeyT_session-y070316009-12_lfp-8,T,1,
73,True,True,0.651641415351773,16,,5,1.4297611476944698,4,12.82303233055669,True,0.0037961602535032,0.0039999999999302,,monkeyT_session-y070316009-12_lfp-8,T,1,
99,False,True,0.7223170002510153,18,,5,1.4329114670056329,4,8.275684511853111,False,0.003073901840362,0.0047928360509219,,monkeyT_session-y070316009-12_lfp-8,T,1,
91,False,True,0.8732650543907726,25,,5,1.428373279925966,4,8.180529204513851,True,0.0091467838657846,0.0039999999999906,,monkeyT_session-y070316009-12_lfp-8,T,1,
93,False,True,0.6723189369835124,21,,5,1.435142466479672,4,15.983776127091934,False,0.0042138254233501,0.0042333165779568,,monkeyT_session-y070316009-12_lfp-8,T,1,
126,False,True,0.7734043876652132,13,,5,1.4451838108337138,4,7.661068783060351,False,0.0066808250504855,0.0088337681130319,,monkeyT_session-y070316009-12_lfp-8,T,1,
106,False,True,0.7653165154764202,6,,5,1.4302995723431882,4,10.661078178531357,False,0.0038974336194135,0.0175903752899735,,monkeyT_session-y070316009-12_lfp-8,T,1,
115,True,True,0.7748526494373417,11,,5,1.4364545026376347,4,9.863446941562588,False,0.0031669067778601,0.004399284303302,,monkeyT_session-y070316009-12_lfp-8,T,1,
105,False,True,0.5502446804553693,12,,5,1.425309585908724,4,20.251599244593624,False,0.0216338223319263,0.0035451172621083,,monkeyT_session-y070316009-12_lfp-8,T,1,
131,True,True,0.3710047232680371,23,,5,1.424601711528281,4,18.7264283086026,True,0.0199999999999989,0.0030830916043527,,monkeyT_session-y070316009-12_lfp-8,T,1,
133,False,True,0.8628128163772697,40,,5,1.433335439416544,4,6.143962714008427,True,0.0199999999999989,0.002665629630421,,monkeyT_session-y070316009-12_lfp-8,T,1,
113,False,True,0.683980057239943,9,,5,1.439665233848815,4,11.722084585101893,False,0.0067595826323603,0.0152054482239538,,monkeyT_session-y070316009-12_lfp-8,T,1,
119,False,True,0.517024674483259,12,,5,1.4422460360346196,4,15.925198611720043,False,0.0030615002810261,0.0183627782488633,,monkeyT_session-y070316009-12_lfp-8,T,1,
104,False,True,0.5613943406028215,9,,5,1.4251983716902887,4,10.375108786763686,False,0.0045818026388571,0.0027500148223964,,monkeyT_session-y070316009-12_lfp-8,T,1,
103,False,True,0.7753117520771863,25,,5,1.448230904770035,4,13.152362789842051,False,0.0042125342885515,0.0031880367192567,,monkeyT_session-y070316009-12_lfp-8,T,1,
121,False,True,0.6905970996031873,8,,5,1.4421364226781823,4,10.99160656051551,False,0.0065507807288849,0.0099985283471939,,monkeyT_session-y070316009-12_lfp-8,T,1,
112,False,True,0.9499427334082916,4,,5,1.445569872237791,4,6.204872887129222,False,0.004062335461386,0.0029290051695962,,monkeyT_session-y070316009-12_lfp-8,T,1,
129,False,True,0.6690268548927447,12,,5,1.4283508618762617,4,16.551310971077815,False,0.003706151465824,0.0105881426258696,,monkeyT_session-y070316009-12_lfp-8,T,1,
120,False,True,0.5400190792460634,13,,5,1.44037833305149,4,24.17999094676746,False,0.0028259642900083,0.0085806140762514,,monkeyT_session-y070316009-12_lfp-8,T,1,
102,True,True,0.7303215730376427,18,,5,1.4268108908956123,4,12.29168862234962,False,0.0028795086602135,0.0039910488093291,,monkeyT_session-y070316009-12_lfp-8,T,1,
107,False,True,0.7077966280961722,14,,5,1.4317861836868762,4,6.182477243722137,True,0.0199999999999982,0.0103237923271626,,monkeyT_session-y070316009-12_lfp-8,T,1,
125,False,True,0.7898729060725996,15,,5,1.4432615933071595,4,14.61515256889428,False,0.0227882640835745,0.0228228941164561,,monkeyT_session-y070316009-12_lfp-8,T,1,
111,True,True,0.7654819528411934,11,,5,1.422332158579385,4,11.83217347366544,False,0.0054061835063019,0.00283219799201,,monkeyT_session-y070316009-12_lfp-8,T,1,
130,False,True,0.6294072220096175,17,,5,1.4454357835991147,4,11.706252562071404,False,0.0096332822538947,0.0039965420246215,,monkeyT_session-y070316009-12_lfp-8,T,1,
110,False,True,0.6828148100500564,24,,5,1.4180000004408506,4,12.371348590893495,True,0.0199999999999989,0.0079375412807314,,monkeyT_session-y070316009-12_lfp-8,T,1,
101,False,True,0.8112780560296554,42,,5,1.4263976878669506,4,5.487900479343431,True,0.0039279098108018,0.0040000000000013,,monkeyT_session-y070316009-12_lfp-8,T,1,
124,True,True,0.8149405592525412,9,,5,1.4284123174574943,4,6.103966840227813,False,0.0036868324865624,0.0118334620631364,,monkeyT_session-y070316009-12_lfp-8,T,1,
123,True,True,0.9293441072083102,6,,5,1.437008075631651,4,6.441292322897705,False,0.0048319119316935,0.0027448072957838,,monkeyT_session-y070316009-12_lfp-8,T,1,
117,False,True,0.5743112514206257,10,,5,1.4324154777871716,4,24.87464564158762,False,0.0189285977392739,0.0023716875306654,,monkeyT_session-y070316009-12_lfp-8,T,1,
122,False,True,0.7146647538558377,23,,5,1.42326020156823,4,4.01826401205729,True,0.0199999999999076,0.0104477111732173,,monkeyT_session-y070316009-12_lfp-8,T,1,
116,True,True,0.4457233594787675,21,,5,1.4405948979678014,4,24.569569527905166,True,0.002987834457989,0.0040000000000013,,monkeyT_session-y070316009-12_lfp-8,T,1,
109,False,True,0.496787506380771,14,,5,1.4392472526339632,4,11.481341503781582,True,0.0043376910830019,0.0039999999999977,,monkeyT_session-y070316009-12_lfp-8,T,1,
134,False,True,0.8527282249116682,13,,5,1.425677413154732,4,21.5685402313356,False,0.0046427236579829,0.0089688311243358,,monkeyT_session-y070316009-12_lfp-8,T,1,
114,False,True,0.4941301047488942,15,,5,1.4448572563699864,4,16.33760531061827,True,0.0199999999999989,0.0034957741780221,,monkeyT_session-y070316009-12_lfp-8,T,1,
132,False,True,0.9232354279540518,14,,5,1.4400746540434457,4,6.658167674764818,False,0.0047459970005769,0.0031855692280977,,monkeyT_session-y070316009-12_lfp-8,T,1,
118,False,True,0.7432301950409205,11,,5,1.4363859341450351,4,5.679893564910608,False,0.0030235279286623,0.0031020288451912,,monkeyT_session-y070316009-12_lfp-8,T,1,
108,False,True,0.7439496025293514,18,,5,1.4246494976686266,4,11.603808796830542,False,0.011253529117833,0.0035580613176282,,monkeyT_session-y070316009-12_lfp-8,T,1,
128,False,True,0.5147170079651469,19,,5,1.4276904483428958,4,6.388405896790841,False,0.0052020902365215,0.0037103775526716,,monkeyT_session-y070316009-12_lfp-8,T,1,
160,True,True,0.6529487758956143,24,,5,1.4346190674571409,4,10.733754271988106,False,0.019786593835958,0.0031363360256282,,monkeyT_session-y070316009-12_lfp-8,T,1,
149,False,True,0.7781341105745733,10,,5,1.4429876443561986,4,13.585871762076788,False,0.0029188713016896,0.0066564457185904,,monkeyT_session-y070316009-12_lfp-8,T,1,
139,False,True,0.4329954416766171,18,,5,1.4292804768404472,4,11.35714528464442,True,0.017230102129615,0.008,,monkeyT_session-y070316009-12_lfp-8,T,1,
153,False,True,0.5337916601805288,13,,5,1.433233511935763,4,21.268401011261982,True,0.008,0.0117216543170606,,monkeyT_session-y070316009-12_lfp-8,T,1,
145,False,True,0.5701624627429535,17,,5,1.4412410377405305,4,10.545021993872178,True,0.0199999999174296,0.0087996472763869,,monkeyT_session-y070316009-12_lfp-8,T,1,
156,False,True,0.5506694249649006,15,,5,1.4290795288627047,4,8.49959135100735,False,0.002558894053215,0.0123522987522362,,monkeyT_session-y070316009-12_lfp-8,T,1,
150,False,True,0.6420694872552895,14,,5,1.44206356513859,4,14.367186099512146,True,0.0034893473777062,0.0039999999445523,,monkeyT_session-y070316009-12_lfp-8,T,1,
143,True,True,0.6388664002211328,18,,5,1.442884767659412,4,19.60998050248777,False,0.0030105739921553,0.003057468394175,,monkeyT_session-y070316009-12_lfp-8,T,1,
161,False,True,0.6465538008517886,13,,5,1.4293928614358544,4,18.844901516975185,False,0.0023637690407927,0.0048686083234192,,monkeyT_session-y070316009-12_lfp-8,T,1,
165,False,True,0.7590352881204018,15,,5,1.43828066156474,4,5.409408787634959,False,0.0024925528716499,0.005619042565895,,monkeyT_session-y070316009-12_lfp-8,T,1,
152,False,True,0.6657241650966158,8,,5,1.4305610115880198,4,8.720342280649001,False,0.0029258948244876,0.0045190310631966,,monkeyT_session-y070316009-12_lfp-8,T,1,
166,True,True,0.9078370566185954,11,,5,1.4397660371095626,4,3.8023502433451286,False,0.0041136786333177,0.0069614781877005,,monkeyT_session-y070316009-12_lfp-8,T,1,
147,False,True,0.898673536406456,17,,5,1.4399846368844438,4,34.04081897326935,False,0.007471807685552,0.0025351876993884,,monkeyT_session-y070316009-12_lfp-8,T,1,
162,False,True,0.9444477183630668,37,,5,1.4322569157839449,4,4.728800886971294,True,0.0199999789446287,0.0058696171392584,,monkeyT_session-y070316009-12_lfp-8,T,1,
136,False,True,0.6533921115159514,21,,5,1.4420906838399223,4,13.729340753807817,False,0.0050917672752812,0.003396666554547,,monkeyT_session-y070316009-12_lfp-8,T,1,
138,False,True,0.7702038646076071,12,,5,1.439262226714618,4,5.700967710084457,False,0.0043701143682248,0.0027942895068235,,monkeyT_session-y070316009-12_lfp-8,T,1,
146,False,True,0.7682028370094486,13,,5,1.4428807701449549,4,7.703746270011659,False,0.0045650783362596,0.0026057685107492,,monkeyT_session-y070316009-12_lfp-8,T,1,
163,False,True,0.6718584709256876,12,,5,1.427805490278816,4,11.52486615398707,False,0.0037745305460763,0.0025435208020248,,monkeyT_session-y070316009-12_lfp-8,T,1,
142,False,True,0.7508213325642947,16,,5,1.438255737478803,4,9.108884782703631,False,0.0028313183116361,0.0041486457563415,,monkeyT_session-y070316009-12_lfp-8,T,1,
151,False,True,0.7792068385749478,11,,5,1.4419400766794004,4,6.839724910457614,False,0.0027112117471892,0.0051776217244787,,monkeyT_session-y070316009-12_lfp-8,T,1,
158,True,True,0.6954336994340877,14,,5,1.4432591422318282,4,11.187556102197751,False,0.0031932071988958,0.0045954015648153,,monkeyT_session-y070316009-12_lfp-8,T,1,
135,False,True,0.7211626074666707,17,,5,1.4220768725263486,4,7.186715870963497,True,0.0199999999556146,0.0032678219394712,,monkeyT_session-y070316009-12_lfp-8,T,1,
155,False,True,0.7509147471036605,14,,5,1.426752870916538,4,15.051047932461213,True,0.0079999999999911,0.0101407977050822,,monkeyT_session-y070316009-12_lfp-8,T,1,
159,False,True,0.6899895660957687,11,,5,1.441924127191855,4,6.46615783604717,False,0.0026790431735426,0.0032876849989538,,monkeyT_session-y070316009-12_lfp-8,T,1,
137,False,True,0.8154172253612055,21,,5,1.4294230356792763,4,19.39912365990427,True,0.00799999999996,0.0077641165892625,,monkeyT_session-y070316009-12_lfp-8,T,1,
144,False,True,0.8153513403821987,10,,5,1.4243373046537298,4,24.436832252499016,False,0.0049102344551212,0.0034325543041262,,monkeyT_session-y070316009-12_lfp-8,T,1,
168,True,True,0.8732999651707662,7,,5,1.443787093318265,4,18.169240841633165,False,0.0027756954680606,0.0029999568882566,,monkeyT_session-y070316009-12_lfp-8,T,1,
140,False,True,0.945929648945065,9,,5,1.4440844116030294,4,6.799272631957037,False,0.0032404281598319,0.0042610123573609,,monkeyT_session-y070316009-12_lfp-8,T,1,
154,True,True,0.9113087655785964,18,,5,1.421417170099187,4,7.330216105033633,False,0.004894679296107,0.0030962821944573,,monkeyT_session-y070316009-12_lfp-8,T,1,
148,False,True,0.9399133108618232,14,,5,1.4379220590946802,4,7.1355098729883615,False,0.0035007979153007,0.0034570239025732,,monkeyT_session-y070316009-12_lfp-8,T,1,
164,False,True,0.7966577130822862,11,,5,1.4250528693732958,4,16.341551530153904,False,0.0043929784836231,0.0029313398044807,,monkeyT_session-y070316009-12_lfp-8,T,1,
157,False,True,0.6422783276123726,10,,5,1.4286329244610927,4,18.237566851528207,False,0.0041780806720588,0.015558323199122,,monkeyT_session-y070316009-12_lfp-8,T,1,
167,False,True,0.8395633672835096,10,,5,1.4393844251036867,4,5.3713252905883815,False,0.0050356101801938,0.0048915261799153,,monkeyT_session-y070316009-12_lfp-8,T,1,
177,False,True,0.963564399397951,13,,5,1.4303715298137325,4,4.172911667834926,False,0.0027482167946395,0.0027864637188921,,monkeyT_session-y070316009-12_lfp-8,T,1,
179,False,True,0.9357984977305048,17,,5,1.4208888400306223,4,3.9305593154781735,True,0.0199999999999989,0.0027621763638894,,monkeyT_session-y070316009-12_lfp-8,T,1,
187,False,True,0.5664506469427766,17,,5,1.422644580711436,4,9.745306432100593,False,0.0025562832799561,0.0138170339315824,,monkeyT_session-y070316009-12_lfp-8,T,1,
186,True,True,0.9333507724721666,11,,5,1.4412131710694882,4,11.688729867977129,False,0.0045062161493114,0.0050425255683528,,monkeyT_session-y070316009-12_lfp-8,T,1,
189,False,True,0.7054743537286704,12,,5,1.427131366516604,4,15.42883644041212,False,0.0040165708504282,0.0053632648003718,,monkeyT_session-y070316009-12_lfp-8,T,1,
188,False,True,0.6242969412430516,15,,5,1.4416576393921705,4,19.58990260507536,True,0.0027942805127114,0.0040000000000013,,monkeyT_session-y070316009-12_lfp-8,T,1,
196,True,True,0.7416292725767379,15,,5,1.4330806785660173,4,5.266054160940343,False,0.0025618590820863,0.0028972468663184,,monkeyT_session-y070316009-12_lfp-8,T,1,
192,False,True,0.6261694453643192,9,,5,1.4209259843149522,4,16.156226325719317,False,0.0040669606217065,0.0080560224415489,,monkeyT_session-y070316009-12_lfp-8,T,1,
178,True,True,0.7592722951513362,13,,5,1.436538840406702,4,8.024517897899873,True,0.0199999999995412,0.0037391129859312,,monkeyT_session-y070316009-12_lfp-8,T,1,
174,False,True,0.6351974829579103,10,,5,1.440259965136644,4,8.599632940218012,False,0.0032810372368188,0.0142261901360791,,monkeyT_session-y070316009-12_lfp-8,T,1,
190,False,True,0.7048939449059207,20,,5,1.4399672585383314,4,14.673007850794589,False,0.0031125074477458,0.0036272236891656,,monkeyT_session-y070316009-12_lfp-8,T,1,
176,False,True,0.634740312507204,10,,5,1.4282104788277343,4,8.753127845933845,False,0.0198012677417422,0.0228937059213967,,monkeyT_session-y070316009-12_lfp-8,T,1,
193,True,True,0.8474806159349443,16,,5,1.435784074079477,4,6.320952626222786,True,0.0079999999999396,0.0038372471643484,,monkeyT_session-y070316009-12_lfp-8,T,1,
182,False,True,0.908522005011021,12,,5,1.439158162145007,4,5.003372830094649,False,0.0176198931100186,0.0052939029796901,,monkeyT_session-y070316009-12_lfp-8,T,1,
175,False,True,0.8290204183407385,9,,5,1.4338730740701289,4,6.255114441107243,False,0.0036167086403233,0.0035041122596073,,monkeyT_session-y070316009-12_lfp-8,T,1,
172,False,True,0.6111066112605809,12,,5,1.43325069638566,4,15.68284085595646,True,0.0079999999999627,0.0026107049372958,,monkeyT_session-y070316009-12_lfp-8,T,1,
180,True,True,0.7346191854579825,26,,5,1.4322197763574382,4,15.765187165014265,False,0.0040740650865793,0.0028338886433658,,monkeyT_session-y070316009-12_lfp-8,T,1,
199,False,True,0.6812455544628238,11,,5,1.430263733598161,4,11.932373965228322,False,0.0108807803174364,0.0043381370403636,,monkeyT_session-y070316009-12_lfp-8,T,1,
170,False,True,0.880759991127977,9,,5,1.445565467147308,4,5.573110828244974,False,0.0195548540829479,0.0053442796713181,,monkeyT_session-y070316009-12_lfp-8,T,1,
194,False,True,0.6516614608828499,12,,5,1.4397112968489176,4,10.99728738788618,False,0.002544839691823,0.0077576274229871,,monkeyT_session-y070316009-12_lfp-8,T,1,
200,False,True,0.6218078008721448,8,,5,1.4273522483346994,4,9.675741683463608,False,0.0051392003375068,0.0033442773874607,,monkeyT_session-y070316009-12_lfp-8,T,1,
191,False,True,0.7425711269096229,19,,5,1.4325751466012089,4,15.742216242926704,False,0.0037167938735782,0.0208407661898224,,monkeyT_session-y070316009-12_lfp-8,T,1,
181,False,True,0.725658489877685,14,,5,1.4440905918698308,4,14.782683389203076,False,0.0028239244505243,0.0211435575743985,,monkeyT_session-y070316009-12_lfp-8,T,1,
183,False,True,0.7308702820972105,8,,5,1.4428549367431098,4,25.789375853959285,False,0.0041815849106363,0.0032549197343954,,monkeyT_session-y070316009-12_lfp-8,T,1,
202,True,True,0.6302981218956127,35,,5,1.428411709567138,4,14.468735452180718,False,0.0039142170444366,0.0042994631229458,,monkeyT_session-y070316009-12_lfp-8,T,1,
173,False,True,0.8139161207785459,41,,5,1.4459242160404326,4,16.84888082013618,False,0.0037827523742803,0.003310886321719,,monkeyT_session-y070316009-12_lfp-8,T,1,
185,False,True,0.7618271491187496,17,,5,1.438983884644611,4,9.244110892435724,False,0.0037622356403219,0.0100989249759884,,monkeyT_session-y070316009-12_lfp-8,T,1,
171,False,True,0.6214902164690738,7,,5,1.4284685075166943,4,10.158957516329844,False,0.0044449557910342,0.0032766635720271,,monkeyT_session-y070316009-12_lfp-8,T,1,
184,False,True,0.6857509390063915,12,,5,1.422995288533262,4,7.125475105533604,False,0.002748800388769,0.0040789195971111,,monkeyT_session-y070316009-12_lfp-8,T,1,
198,False,True,0.7872103447742637,48,,5,1.437213839783925,4,25.27259277025401,False,0.0101692527316843,0.012905692522823,,monkeyT_session-y070316009-12_lfp-8,T,1,
197,False,True,0.4638407623743759,11,,5,1.4439873767471312,4,19.02856513818443,False,0.0034832647460385,0.0034032732853876,,monkeyT_session-y070316009-12_lfp-8,T,1,
195,True,True,0.8569414120557913,8,,5,1.4369369548793027,4,4.857144581058972,False,0.0082992654590827,0.0139247262666533,,monkeyT_session-y070316009-12_lfp-8,T,1,
201,False,True,0.6586718122581767,21,,5,1.4210481211056183,4,10.308833770475289,True,0.0199999999999989,0.0092795102596721,,monkeyT_session-y070316009-12_lfp-8,T,1,
5,True,True,0.773052380547929,14,,5,1.4191170778217808,4,6.182991992894354,True,0.0199999999999751,0.0040432885049099,,monkeyT_session-y070316009-12_lfp-8,T,2,
17,False,True,0.791930994049073,17,,5,1.4465573109043348,4,9.597860935662917,False,0.0124752991103258,0.0030955720416123,,monkeyT_session-y070316009-12_lfp-8,T,2,
3,False,True,0.6601020211384747,14,,5,1.419600787148753,4,7.063363699088004,False,0.0025543524927114,0.0036934834052448,,monkeyT_session-y070316009-12_lfp-8,T,2,
13,False,True,0.8154638171994699,52,,5,1.436005744369753,4,22.38350677982344,True,0.008,0.0039998541080965,,monkeyT_session-y070316009-12_lfp-8,T,2,
11,False,True,0.9206359818340166,13,,5,1.4422915254865218,4,2.4966925144009675,False,0.005101785795099,0.0056736942088928,,monkeyT_session-y070316009-12_lfp-8,T,2,
0,False,True,0.8627139716634706,9,,5,1.4283925260273174,4,5.091253951325129,False,0.0040993556133641,0.0024342605966047,,monkeyT_session-y070316009-12_lfp-8,T,2,
12,False,True,0.8656841542632493,17,,5,1.4360086185134724,4,5.659424248010799,True,0.0199999999999969,0.0061918530398594,,monkeyT_session-y070316009-12_lfp-8,T,2,
16,False,True,0.8505904250588441,7,,5,1.426164196645544,4,4.901867142959534,False,0.003650181864879,0.0039303368298035,,monkeyT_session-y070316009-12_lfp-8,T,2,
24,True,True,0.659068016822776,16,,5,1.4266962558044167,4,15.436120386786577,False,0.005511337052134,0.0328088192118154,,monkeyT_session-y070316009-12_lfp-8,T,2,
25,False,True,0.7475365696081895,19,,5,1.4369099303371582,4,9.702421329293012,True,0.008,0.0037965368624797,,monkeyT_session-y070316009-12_lfp-8,T,2,
10,False,True,0.4500255657851832,8,,5,1.4430957275330627,4,8.538012806422982,False,0.0100578680059744,0.0069623969647469,,monkeyT_session-y070316009-12_lfp-8,T,2,
1,False,True,0.7003836275067026,40,,5,1.4456703033993368,4,6.353899963548665,False,0.0145954796694338,0.0050856694606125,,monkeyT_session-y070316009-12_lfp-8,T,2,
9,False,True,0.820822193692522,9,,5,1.4393287358516782,4,10.229405835861114,False,0.002662434212783,0.0023467008718629,,monkeyT_session-y070316009-12_lfp-8,T,2,
23,False,True,0.8713655638462979,5,,5,1.433156636996172,4,5.916043652638992,False,0.0062066633036499,0.0028049426676677,,monkeyT_session-y070316009-12_lfp-8,T,2,
18,False,True,0.6365048849891218,7,,5,1.447086373009052,4,6.927372369075367,False,0.007457626315813,0.0211278756094279,,monkeyT_session-y070316009-12_lfp-8,T,2,
30,True,True,0.8231342244786383,46,,5,1.4284691251362407,4,10.74774038403944,True,0.0083423822458763,0.0039999999330682,,monkeyT_session-y070316009-12_lfp-8,T,2,
15,False,True,0.6708496837493712,22,,5,1.4268714654260812,4,23.164685427754875,False,0.0058322674467286,0.0034024740591078,,monkeyT_session-y070316009-12_lfp-8,T,2,
6,False,True,0.8325746531270612,27,,5,1.4275637239103736,4,6.490871826928991,True,0.008,0.0030097829849502,,monkeyT_session-y070316009-12_lfp-8,T,2,
26,False,True,0.8203763059760897,12,,5,1.429280020294684,4,9.366207777417957,False,0.0026011297714898,0.0080043297159217,,monkeyT_session-y070316009-12_lfp-8,T,2,
31,False,True,0.6005068411602416,8,,5,1.4392723201036517,4,10.664509878464736,False,0.0057749163712719,0.0045727138376729,,monkeyT_session-y070316009-12_lfp-8,T,2,
22,False,True,0.8029058087940487,16,,5,1.4287612615068337,4,13.720481557067275,True,0.0079999999980877,0.0037981593242868,,monkeyT_session-y070316009-12_lfp-8,T,2,
28,True,True,0.894270050512394,14,,5,1.428602723740369,4,5.716268003434668,False,0.0053339506754239,0.002886213005171,,monkeyT_session-y070316009-12_lfp-8,T,2,
7,False,True,0.6187206208695323,8,,5,1.4330155045612003,4,7.8062471925930685,False,0.0026096056796234,0.0059037271829955,,monkeyT_session-y070316009-12_lfp-8,T,2,
29,True,True,0.7152957494881921,15,,5,1.4356262191107267,4,7.251432954913189,False,0.002894468004599,0.0048779490827177,,monkeyT_session-y070316009-12_lfp-8,T,2,
33,False,True,0.9014156225757732,22,,5,1.4368930263452186,4,6.159144492490051,False,0.0057689161465068,0.003662905614437,,monkeyT_session-y070316009-12_lfp-8,T,2,
21,False,True,0.8480816693675178,8,,5,1.4262878942934685,4,15.85785222022697,False,0.0044221071793604,0.0058621530103195,,monkeyT_session-y070316009-12_lfp-8,T,2,
19,False,True,0.707474479052545,29,,5,1.441698290790535,4,6.405062975328044,False,0.0036170633924959,0.0060368628861837,,monkeyT_session-y070316009-12_lfp-8,T,2,
2,False,True,0.6063373300265451,18,,5,1.4293809103209854,4,16.75040290064945,False,0.0037897931841062,0.0050211103791344,,monkeyT_session-y070316009-12_lfp-8,T,2,
32,True,True,0.9482390470889428,12,,5,1.430653418709366,4,4.1831512200565,False,0.0038785707322941,0.0031009820161482,,monkeyT_session-y070316009-12_lfp-8,T,2,
8,False,True,0.8576070836816168,16,,5,1.4284802538479122,4,26.719917897294227,True,0.0079999999999991,0.0030928704167392,,monkeyT_session-y070316009-12_lfp-8,T,2,
20,True,True,0.7597822481839341,18,,5,1.4376002846952003,4,8.405727114390945,False,0.0030330312312667,0.0035095189911427,,monkeyT_session-y070316009-12_lfp-8,T,2,
27,False,True,0.704542732441751,12,,5,1.4193090115881817,4,17.91905571122416,False,0.0029943599462667,0.0025827279224106,,monkeyT_session-y070316009-12_lfp-8,T,2,
14,False,True,0.7784287207118125,31,,5,1.4254936969756349,4,6.809868029522602,False,0.010457964142315,0.0036389987127627,,monkeyT_session-y070316009-12_lfp-8,T,2,
37,False,True,0.8336679178646472,15,,5,1.4346251829701673,4,51.85768805943164,False,0.0044110821449336,0.0041499906029081,,monkeyT_session-y070316009-12_lfp-8,T,2,
67,False,True,0.708127941986823,22,,5,1.4350832479754947,4,6.048553057648392,True,0.0044842271353688,0.0040000000000013,,monkeyT_session-y070316009-12_lfp-8,T,2,
34,False,True,0.708358020984076,15,,5,1.4422926130814095,4,8.808011803664948,False,0.003169474303923,0.0032446671290173,,monkeyT_session-y070316009-12_lfp-8,T,2,
58,False,True,0.4829378812597382,9,,5,1.4458426301767948,4,9.6325241046422,False,0.0055570301885434,0.0053826735907431,,monkeyT_session-y070316009-12_lfp-8,T,2,
52,False,True,0.7416632662121447,5,,5,1.4455105508798385,4,21.48989646262138,False,0.0047132415895823,0.0025725930416697,,monkeyT_session-y070316009-12_lfp-8,T,2,
56,False,True,0.6473610110263119,59,,5,1.4315223809919992,4,8.381370795262342,False,0.010809693658826,0.0023867634054206,,monkeyT_session-y070316009-12_lfp-8,T,2,
41,False,True,0.8129686387251467,11,,5,1.4218892448632257,4,29.13868712382532,False,0.0036990221723609,0.0042078424800475,,monkeyT_session-y070316009-12_lfp-8,T,2,
53,False,True,0.8364681799987652,16,,5,1.4487245976008578,4,6.339454509182842,False,0.0035587350813877,0.0027834418348309,,monkeyT_session-y070316009-12_lfp-8,T,2,
63,False,True,0.7712761534378924,10,,5,1.4285092428038335,4,37.32705962626533,False,0.0048493026938447,0.0126174942189694,,monkeyT_session-y070316009-12_lfp-8,T,2,
66,False,True,0.7293616040698644,24,,5,1.4377869626801258,4,11.753403957761355,True,0.0079999999999884,0.0038225340255078,,monkeyT_session-y070316009-12_lfp-8,T,2,
48,False,True,0.5916047804621769,12,,5,1.4314761134798604,4,8.818986176541946,False,0.0107265586254268,0.0033193019622022,,monkeyT_session-y070316009-12_lfp-8,T,2,
36,False,True,0.5985517267420905,10,,5,1.442310219130985,4,29.47167402043761,False,0.0037462065422184,0.0082747261897146,,monkeyT_session-y070316009-12_lfp-8,T,2,
42,False,True,0.695767161948196,23,,5,1.4244556465564502,4,6.036265878382772,False,0.0038975185603331,0.0027174362581972,,monkeyT_session-y070316009-12_lfp-8,T,2,
46,False,True,0.6002409728571917,16,,5,1.4442865881580609,4,8.531647030902374,False,0.004206594877556,0.0076254025528026,,monkeyT_session-y070316009-12_lfp-8,T,2,
62,False,True,0.793501525849373,10,,5,1.43634355439137,4,5.75039323965751,False,0.0041036186790996,0.0039773403371388,,monkeyT_session-y070316009-12_lfp-8,T,2,
57,True,True,0.970620055837366,14,,5,1.4399298843125,4,8.695407260650239,False,0.0040307236234244,0.0075325096585867,,monkeyT_session-y070316009-12_lfp-8,T,2,
35,True,True,0.7586729263242615,34,,5,1.4448740847073194,4,32.64829773780965,False,0.0043758508335809,0.0279400026197595,,monkeyT_session-y070316009-12_lfp-8,T,2,
55,False,True,0.7013319111305146,12,,5,1.4291026541302934,4,7.949424349535354,False,0.007930849772876,0.0196038007486185,,monkeyT_session-y070316009-12_lfp-8,T,2,
47,False,True,0.9364564306663952,15,,5,1.4289275088035245,4,5.12211776521302,False,0.0066977252241164,0.0046285296159886,,monkeyT_session-y070316009-12_lfp-8,T,2,
65,False,True,0.6874074226777707,17,,5,1.4420525008517648,4,13.096756716875442,False,0.0075885098705752,0.0034434582545177,,monkeyT_session-y070316009-12_lfp-8,T,2,
49,True,True,0.968191993935614,16,,5,1.4337390626101691,4,7.965478366933052,False,0.005599295861165,0.0033064427268403,,monkeyT_session-y070316009-12_lfp-8,T,2,
43,False,True,0.6659429212313214,14,,5,1.4342912814611544,4,8.380402261275494,False,0.007402908554364,0.0038016379163536,,monkeyT_session-y070316009-12_lfp-8,T,2,
40,False,True,0.6725974685282673,13,,5,1.4295869858542587,4,13.17838459835986,False,0.0050839351030007,0.0028120629514027,,monkeyT_session-y070316009-12_lfp-8,T,2,
38,False,True,0.7713947469955901,49,,5,1.4379222028617828,4,6.712499103263678,True,0.0037744946383009,0.008,,monkeyT_session-y070316009-12_lfp-8,T,2,
59,True,True,0.7634156481330182,14,,5,1.444392947820437,4,9.990657741153914,False,0.0052095380143617,0.0281622818228419,,monkeyT_session-y070316009-12_lfp-8,T,2,
60,False,True,0.7689626861403082,11,,5,1.441612175413845,4,17.14361272516423,False,0.0196951876697315,0.0034511796792351,,monkeyT_session-y070316009-12_lfp-8,T,2,
50,False,True,0.6797706316924023,12,,5,1.4338534502224527,4,28.92895673209619,False,0.0026914504987889,0.003593376579456,,monkeyT_session-y070316009-12_lfp-8,T,2,
44,False,True,0.4979107779062593,11,,5,1.4433826389969366,4,12.114431026062244,False,0.0103770694208265,0.0024771380305264,,monkeyT_session-y070316009-12_lfp-8,T,2,
39,False,True,0.8612460927773126,38,,5,1.4377964242274894,4,5.790863410352018,False,0.0023996216896784,0.0053081231689269,,monkeyT_session-y070316009-12_lfp-8,T,2,
61,True,True,0.6341173816531169,17,,5,1.4406126827690586,4,17.386637955268974,True,0.017709212581622,0.0040000000000013,,monkeyT_session-y070316009-12_lfp-8,T,2,
54,False,True,0.5280102636298543,16,,5,1.4423391101284482,4,10.60971102347468,False,0.0042470864252637,0.0043603592593139,,monkeyT_session-y070316009-12_lfp-8,T,2,
45,True,True,0.6639026434679004,13,,5,1.428103608807276,4,32.81291955035948,False,0.0109666210751622,0.0165818047194079,,monkeyT_session-y070316009-12_lfp-8,T,2,
64,False,True,0.7518638282026983,21,,5,1.4445029949454822,4,8.082659795828398,False,0.0050322179246427,0.0080428476772569,,monkeyT_session-y070316009-12_lfp-8,T,2,
84,True,True,0.681537243749761,17,,5,1.4478765183551023,4,8.30213867073592,False,0.0032210711911373,0.0027345683233352,,monkeyT_session-y070316009-12_lfp-8,T,2,
90,False,True,0.7557398892341728,10,,5,1.42898924803908,4,9.638399532014716,False,0.0030114797243347,0.0064013313953079,,monkeyT_session-y070316009-12_lfp-8,T,2,
83,False,True,0.687736272911227,28,,5,1.442063960611612,4,6.533339765557877,False,0.0031014000550291,0.0035952018125833,,monkeyT_session-y070316009-12_lfp-8,T,2,
78,False,True,0.4737209241641408,7,,5,1.4442431660279529,4,11.53335886945102,False,0.0039573429042549,0.003698211980188,,monkeyT_session-y070316009-12_lfp-8,T,2,
98,True,True,0.8124833949196872,23,,5,1.4448685961506569,4,7.770209179787987,False,0.0082048066132436,0.0032332334674531,,monkeyT_session-y070316009-12_lfp-8,T,2,
88,False,True,0.7426577541789149,17,,5,1.4424744360205002,4,15.643601674697468,False,0.0040021712132469,0.0272688445025215,,monkeyT_session-y070316009-12_lfp-8,T,2,
95,False,True,0.69429259552874,9,,5,1.4378988195501825,4,7.245500184001051,False,0.0029928210979868,0.0068595903390384,,monkeyT_session-y070316009-12_lfp-8,T,2,
70,False,True,0.5440389020223111,13,,5,1.4429119209246049,4,11.87291252929426,False,0.0096331565997642,0.0109624584715799,,monkeyT_session-y070316009-12_lfp-8,T,2,
74,False,True,0.7091315664632721,6,,5,1.4242048992757903,4,7.857678359924343,False,0.0037818469519952,0.0070470735744931,,monkeyT_session-y070316009-12_lfp-8,T,2,
81,False,True,0.9009097987017868,15,,5,1.443018913325642,4,5.461837595486518,False,0.0109499151783289,0.0085168273801192,,monkeyT_session-y070316009-12_lfp-8,T,2,
96,False,True,0.8251268268065246,14,,5,1.429537929074475,4,10.68274608531259,True,0.008,0.0036864215594185,,monkeyT_session-y070316009-12_lfp-8,T,2,
80,False,True,0.646422451996138,31,,5,1.418084212896855,4,20.124936013490508,False,0.0049416247418898,0.0036423075823979,,monkeyT_session-y070316009-12_lfp-8,T,2,
71,False,True,0.7125980700067673,20,,5,1.4413099579986086,4,8.72982154979541,False,0.0070108502342991,0.0038475147993084,,monkeyT_session-y070316009-12_lfp-8,T,2,
97,False,True,0.7593682141185181,8,,5,1.4376384688855328,4,10.787296196834056,False,0.0038877904355443,0.0026393715622798,,monkeyT_session-y070316009-12_lfp-8,T,2,
87,True,True,0.8026401911884311,12,,5,1.4471686792391332,4,8.068726906162532,False,0.0114396979956947,0.0032707890364473,,monkeyT_session-y070316009-12_lfp-8,T,2,
86,False,True,0.6929212509091593,42,,5,1.4423743504991091,4,17.841112903394116,True,0.0043131710012866,0.0039999999990048,,monkeyT_session-y070316009-12_lfp-8,T,2,
100,False,True,0.6974261453760386,14,,5,1.4414408408849908,4,17.39471807954583,False,0.0182799812352589,0.0029611202027712,,monkeyT_session-y070316009-12_lfp-8,T,2,
68,False,True,0.669283996835486,21,,5,1.4425795695461117,4,10.20074572875664,False,0.018028866481154,0.0118680091571015,,monkeyT_session-y070316009-12_lfp-8,T,2,
82,False,True,0.6746155681961381,8,,5,1.4294204643155346,4,31.737784209797628,False,0.0070903514696221,0.0225804168320955,,monkeyT_session-y070316009-12_lfp-8,T,2,
92,True,True,0.8851875919747798,11,,5,1.4408500347850326,4,11.2304308810668,False,0.0043303144115718,0.0051596745361823,,monkeyT_session-y070316009-12_lfp-8,T,2,
77,False,True,0.7966074655541873,10,,5,1.431724644713915,4,10.495255906829405,False,0.0029925176310854,0.0078809229207812,,monkeyT_session-y070316009-12_lfp-8,T,2,
79,True,True,0.5811211048197127,13,,5,1.443892594277008,4,15.022862767041849,False,0.0069012443383127,0.0044022344907066,,monkeyT_session-y070316009-12_lfp-8,T,2,
69,False,True,0.701609087289563,20,,5,1.4427366862787396,4,6.169035733790296,True,0.0199999999999989,0.007999999696997,,monkeyT_session-y070316009-12_lfp-8,T,2,
94,False,True,0.598984635221564,14,,5,1.445345875968674,4,11.038271607190731,False,0.0024230758239145,0.0125769768820269,,monkeyT_session-y070316009-12_lfp-8,T,2,
76,True,True,0.7483581088651154,14,,5,1.441412989830632,4,16.675543125962204,False,0.0046263056001105,0.0047360587434663,,monkeyT_session-y070316009-12_lfp-8,T,2,
85,False,True,0.9094664027443834,14,,5,1.442340074419852,4,8.68227016597394,False,0.0080233434829133,0.0063624146383487,,monkeyT_session-y070316009-12_lfp-8,T,2,
75,False,True,0.8587133750543453,9,,5,1.445559403144333,4,14.19716130607329,False,0.004319331007041,0.0061416577122059,,monkeyT_session-y070316009-12_lfp-8,T,2,
89,False,True,0.6631627020667039,20,,5,1.4320181428906318,4,7.989460158047098,True,0.0052215655400811,0.008,,monkeyT_session-y070316009-12_lfp-8,T,2,
72,True,True,0.7943495621830533,16,,5,1.4437695261837753,4,11.055630389399749,True,0.0199999999999989,0.0039872947285122,,monkeyT_session-y070316009-12_lfp-8,T,2,
73,False,True,0.651641415351773,16,,5,1.4297611476944698,4,12.82303233055669,True,0.0037961602535032,0.0039999999999302,,monkeyT_session-y070316009-12_lfp-8,T,2,
99,False,True,0.7223170002510153,18,,5,1.4329114670056329,4,8.275684511853111,False,0.003073901840362,0.0047928360509219,,monkeyT_session-y070316009-12_lfp-8,T,2,
91,False,True,0.8732650543907726,25,,5,1.428373279925966,4,8.180529204513851,True,0.0091467838657846,0.0039999999999906,,monkeyT_session-y070316009-12_lfp-8,T,2,
93,False,True,0.6723189369835124,21,,5,1.435142466479672,4,15.983776127091934,False,0.0042138254233501,0.0042333165779568,,monkeyT_session-y070316009-12_lfp-8,T,2,
126,False,True,0.7734043876652132,13,,5,1.4451838108337138,4,7.661068783060351,False,0.0066808250504855,0.0088337681130319,,monkeyT_session-y070316009-12_lfp-8,T,2,
106,False,True,0.7653165154764202,6,,5,1.4302995723431882,4,10.661078178531357,False,0.0038974336194135,0.0175903752899735,,monkeyT_session-y070316009-12_lfp-8,T,2,
115,False,True,0.7748526494373417,11,,5,1.4364545026376347,4,9.863446941562588,False,0.0031669067778601,0.004399284303302,,monkeyT_session-y070316009-12_lfp-8,T,2,
105,True,True,0.5502446804553693,12,,5,1.425309585908724,4,20.251599244593624,False,0.0216338223319263,0.0035451172621083,,monkeyT_session-y070316009-12_lfp-8,T,2,
131,False,True,0.3710047232680371,23,,5,1.424601711528281,4,18.7264283086026,True,0.0199999999999989,0.0030830916043527,,monkeyT_session-y070316009-12_lfp-8,T,2,
133,False,True,0.8628128163772697,40,,5,1.433335439416544,4,6.143962714008427,True,0.0199999999999989,0.002665629630421,,monkeyT_session-y070316009-12_lfp-8,T,2,
113,False,True,0.683980057239943,9,,5,1.439665233848815,4,11.722084585101893,False,0.0067595826323603,0.0152054482239538,,monkeyT_session-y070316009-12_lfp-8,T,2,
119,False,True,0.517024674483259,12,,5,1.4422460360346196,4,15.925198611720043,False,0.0030615002810261,0.0183627782488633,,monkeyT_session-y070316009-12_lfp-8,T,2,
104,True,True,0.5613943406028215,9,,5,1.4251983716902887,4,10.375108786763686,False,0.0045818026388571,0.0027500148223964,,monkeyT_session-y070316009-12_lfp-8,T,2,
103,True,True,0.7753117520771863,25,,5,1.448230904770035,4,13.152362789842051,False,0.0042125342885515,0.0031880367192567,,monkeyT_session-y070316009-12_lfp-8,T,2,
121,False,True,0.6905970996031873,8,,5,1.4421364226781823,4,10.99160656051551,False,0.0065507807288849,0.0099985283471939,,monkeyT_session-y070316009-12_lfp-8,T,2,
112,False,True,0.9499427334082916,4,,5,1.445569872237791,4,6.204872887129222,False,0.004062335461386,0.0029290051695962,,monkeyT_session-y070316009-12_lfp-8,T,2,
129,False,True,0.6690268548927447,12,,5,1.4283508618762617,4,16.551310971077815,False,0.003706151465824,0.0105881426258696,,monkeyT_session-y070316009-12_lfp-8,T,2,
120,False,True,0.5400190792460634,13,,5,1.44037833305149,4,24.17999094676746,False,0.0028259642900083,0.0085806140762514,,monkeyT_session-y070316009-12_lfp-8,T,2,
102,False,True,0.7303215730376427,18,,5,1.4268108908956123,4,12.29168862234962,False,0.0028795086602135,0.0039910488093291,,monkeyT_session-y070316009-12_lfp-8,T,2,
107,False,True,0.7077966280961722,14,,5,1.4317861836868762,4,6.182477243722137,True,0.0199999999999982,0.0103237923271626,,monkeyT_session-y070316009-12_lfp-8,T,2,
125,False,True,0.7898729060725996,15,,5,1.4432615933071595,4,14.61515256889428,False,0.0227882640835745,0.0228228941164561,,monkeyT_session-y070316009-12_lfp-8,T,2,
111,False,True,0.7654819528411934,11,,5,1.422332158579385,4,11.83217347366544,False,0.0054061835063019,0.00283219799201,,monkeyT_session-y070316009-12_lfp-8,T,2,
130,False,True,0.6294072220096175,17,,5,1.4454357835991147,4,11.706252562071404,False,0.0096332822538947,0.0039965420246215,,monkeyT_session-y070316009-12_lfp-8,T,2,
110,False,True,0.6828148100500564,24,,5,1.4180000004408506,4,12.371348590893495,True,0.0199999999999989,0.0079375412807314,,monkeyT_session-y070316009-12_lfp-8,T,2,
101,True,True,0.8112780560296554,42,,5,1.4263976878669506,4,5.487900479343431,True,0.0039279098108018,0.0040000000000013,,monkeyT_session-y070316009-12_lfp-8,T,2,
124,False,True,0.8149405592525412,9,,5,1.4284123174574943,4,6.103966840227813,False,0.0036868324865624,0.0118334620631364,,monkeyT_session-y070316009-12_lfp-8,T,2,
123,False,True,0.9293441072083102,6,,5,1.437008075631651,4,6.441292322897705,False,0.0048319119316935,0.0027448072957838,,monkeyT_session-y070316009-12_lfp-8,T,2,
117,False,True,0.5743112514206257,10,,5,1.4324154777871716,4,24.87464564158762,False,0.0189285977392739,0.0023716875306654,,monkeyT_session-y070316009-12_lfp-8,T,2,
122,False,True,0.7146647538558377,23,,5,1.42326020156823,4,4.01826401205729,True,0.0199999999999076,0.0104477111732173,,monkeyT_session-y070316009-12_lfp-8,T,2,
116,False,True,0.4457233594787675,21,,5,1.4405948979678014,4,24.569569527905166,True,0.002987834457989,0.0040000000000013,,monkeyT_session-y070316009-12_lfp-8,T,2,
109,False,True,0.496787506380771,14,,5,1.4392472526339632,4,11.481341503781582,True,0.0043376910830019,0.0039999999999977,,monkeyT_session-y070316009-12_lfp-8,T,2,
134,False,True,0.8527282249116682,13,,5,1.425677413154732,4,21.5685402313356,False,0.0046427236579829,0.0089688311243358,,monkeyT_session-y070316009-12_lfp-8,T,2,
114,True,True,0.4941301047488942,15,,5,1.4448572563699864,4,16.33760531061827,True,0.0199999999999989,0.0034957741780221,,monkeyT_session-y070316009-12_lfp-8,T,2,
132,False,True,0.9232354279540518,14,,5,1.4400746540434457,4,6.658167674764818,False,0.0047459970005769,0.0031855692280977,,monkeyT_session-y070316009-12_lfp-8,T,2,
118,False,True,0.7432301950409205,11,,5,1.4363859341450351,4,5.679893564910608,False,0.0030235279286623,0.0031020288451912,,monkeyT_session-y070316009-12_lfp-8,T,2,
108,False,True,0.7439496025293514,18,,5,1.4246494976686266,4,11.603808796830542,False,0.011253529117833,0.0035580613176282,,monkeyT_session-y070316009-12_lfp-8,T,2,
128,True,True,0.5147170079651469,19,,5,1.4276904483428958,4,6.388405896790841,False,0.0052020902365215,0.0037103775526716,,monkeyT_session-y070316009-12_lfp-8,T,2,
160,False,True,0.6529487758956143,24,,5,1.4346190674571409,4,10.733754271988106,False,0.019786593835958,0.0031363360256282,,monkeyT_session-y070316009-12_lfp-8,T,2,
149,True,True,0.7781341105745733,10,,5,1.4429876443561986,4,13.585871762076788,False,0.0029188713016896,0.0066564457185904,,monkeyT_session-y070316009-12_lfp-8,T,2,
139,False,True,0.4329954416766171,18,,5,1.4292804768404472,4,11.35714528464442,True,0.017230102129615,0.008,,monkeyT_session-y070316009-12_lfp-8,T,2,
153,False,True,0.5337916601805288,13,,5,1.433233511935763,4,21.268401011261982,True,0.008,0.0117216543170606,,monkeyT_session-y070316009-12_lfp-8,T,2,
145,False,True,0.5701624627429535,17,,5,1.4412410377405305,4,10.545021993872178,True,0.0199999999174296,0.0087996472763869,,monkeyT_session-y070316009-12_lfp-8,T,2,
156,True,True,0.5506694249649006,15,,5,1.4290795288627047,4,8.49959135100735,False,0.002558894053215,0.0123522987522362,,monkeyT_session-y070316009-12_lfp-8,T,2,
150,False,True,0.6420694872552895,14,,5,1.44206356513859,4,14.367186099512146,True,0.0034893473777062,0.0039999999445523,,monkeyT_session-y070316009-12_lfp-8,T,2,
143,False,True,0.6388664002211328,18,,5,1.442884767659412,4,19.60998050248777,False,0.0030105739921553,0.003057468394175,,monkeyT_session-y070316009-12_lfp-8,T,2,
161,False,True,0.6465538008517886,13,,5,1.4293928614358544,4,18.844901516975185,False,0.0023637690407927,0.0048686083234192,,monkeyT_session-y070316009-12_lfp-8,T,2,
165,False,True,0.7590352881204018,15,,5,1.43828066156474,4,5.409408787634959,False,0.0024925528716499,0.005619042565895,,monkeyT_session-y070316009-12_lfp-8,T,2,
152,False,True,0.6657241650966158,8,,5,1.4305610115880198,4,8.720342280649001,False,0.0029258948244876,0.0045190310631966,,monkeyT_session-y070316009-12_lfp-8,T,2,
166,False,True,0.9078370566185954,11,,5,1.4397660371095626,4,3.8023502433451286,False,0.0041136786333177,0.0069614781877005,,monkeyT_session-y070316009-12_lfp-8,T,2,
147,False,True,0.898673536406456,17,,5,1.4399846368844438,4,34.04081897326935,False,0.007471807685552,0.0025351876993884,,monkeyT_session-y070316009-12_lfp-8,T,2,
162,True,True,0.9444477183630668,37,,5,1.4322569157839449,4,4.728800886971294,True,0.0199999789446287,0.0058696171392584,,monkeyT_session-y070316009-12_lfp-8,T,2,
136,False,True,0.6533921115159514,21,,5,1.4420906838399223,4,13.729340753807817,False,0.0050917672752812,0.003396666554547,,monkeyT_session-y070316009-12_lfp-8,T,2,
138,False,True,0.7702038646076071,12,,5,1.439262226714618,4,5.700967710084457,False,0.0043701143682248,0.0027942895068235,,monkeyT_session-y070316009-12_lfp-8,T,2,
146,False,True,0.7682028370094486,13,,5,1.4428807701449549,4,7.703746270011659,False,0.0045650783362596,0.0026057685107492,,monkeyT_session-y070316009-12_lfp-8,T,2,
163,False,True,0.6718584709256876,12,,5,1.427805490278816,4,11.52486615398707,False,0.0037745305460763,0.0025435208020248,,monkeyT_session-y070316009-12_lfp-8,T,2,
142,False,True,0.7508213325642947,16,,5,1.438255737478803,4,9.108884782703631,False,0.0028313183116361,0.0041486457563415,,monkeyT_session-y070316009-12_lfp-8,T,2,
151,True,True,0.7792068385749478,11,,5,1.4419400766794004,4,6.839724910457614,False,0.0027112117471892,0.0051776217244787,,monkeyT_session-y070316009-12_lfp-8,T,2,
158,False,True,0.6954336994340877,14,,5,1.4432591422318282,4,11.187556102197751,False,0.0031932071988958,0.0045954015648153,,monkeyT_session-y070316009-12_lfp-8,T,2,
135,False,True,0.7211626074666707,17,,5,1.4220768725263486,4,7.186715870963497,True,0.0199999999556146,0.0032678219394712,,monkeyT_session-y070316009-12_lfp-8,T,2,
155,False,True,0.7509147471036605,14,,5,1.426752870916538,4,15.051047932461213,True,0.0079999999999911,0.0101407977050822,,monkeyT_session-y070316009-12_lfp-8,T,2,
159,False,True,0.6899895660957687,11,,5,1.441924127191855,4,6.46615783604717,False,0.0026790431735426,0.0032876849989538,,monkeyT_session-y070316009-12_lfp-8,T,2,
137,True,True,0.8154172253612055,21,,5,1.4294230356792763,4,19.39912365990427,True,0.00799999999996,0.0077641165892625,,monkeyT_session-y070316009-12_lfp-8,T,2,
144,False,True,0.8153513403821987,10,,5,1.4243373046537298,4,24.436832252499016,False,0.0049102344551212,0.0034325543041262,,monkeyT_session-y070316009-12_lfp-8,T,2,
168,False,True,0.8732999651707662,7,,5,1.443787093318265,4,18.169240841633165,False,0.0027756954680606,0.0029999568882566,,monkeyT_session-y070316009-12_lfp-8,T,2,
140,False,True,0.945929648945065,9,,5,1.4440844116030294,4,6.799272631957037,False,0.0032404281598319,0.0042610123573609,,monkeyT_session-y070316009-12_lfp-8,T,2,
154,False,True,0.9113087655785964,18,,5,1.421417170099187,4,7.330216105033633,False,0.004894679296107,0.0030962821944573,,monkeyT_session-y070316009-12_lfp-8,T,2,
148,True,True,0.9399133108618232,14,,5,1.4379220590946802,4,7.1355098729883615,False,0.0035007979153007,0.0034570239025732,,monkeyT_session-y070316009-12_lfp-8,T,2,
164,False,True,0.7966577130822862,11,,5,1.4250528693732958,4,16.341551530153904,False,0.0043929784836231,0.0029313398044807,,monkeyT_session-y070316009-12_lfp-8,T,2,
157,True,True,0.6422783276123726,10,,5,1.4286329244610927,4,18.237566851528207,False,0.0041780806720588,0.015558323199122,,monkeyT_session-y070316009-12_lfp-8,T,2,
167,False,True,0.8395633672835096,10,,5,1.4393844251036867,4,5.3713252905883815,False,0.0050356101801938,0.0048915261799153,,monkeyT_session-y070316009-12_lfp-8,T,2,
177,True,True,0.963564399397951,13,,5,1.4303715298137325,4,4.172911667834926,False,0.0027482167946395,0.0027864637188921,,monkeyT_session-y070316009-12_lfp-8,T,2,
179,True,True,0.9357984977305048,17,,5,1.4208888400306223,4,3.9305593154781735,True,0.0199999999999989,0.0027621763638894,,monkeyT_session-y070316009-12_lfp-8,T,2,
187,False,True,0.5664506469427766,17,,5,1.422644580711436,4,9.745306432100593,False,0.0025562832799561,0.0138170339315824,,monkeyT_session-y070316009-12_lfp-8,T,2,
186,False,True,0.9333507724721666,11,,5,1.4412131710694882,4,11.688729867977129,False,0.0045062161493114,0.0050425255683528,,monkeyT_session-y070316009-12_lfp-8,T,2,
189,False,True,0.7054743537286704,12,,5,1.427131366516604,4,15.42883644041212,False,0.0040165708504282,0.0053632648003718,,monkeyT_session-y070316009-12_lfp-8,T,2,
188,False,True,0.6242969412430516,15,,5,1.4416576393921705,4,19.58990260507536,True,0.0027942805127114,0.0040000000000013,,monkeyT_session-y070316009-12_lfp-8,T,2,
196,False,True,0.7416292725767379,15,,5,1.4330806785660173,4,5.266054160940343,False,0.0025618590820863,0.0028972468663184,,monkeyT_session-y070316009-12_lfp-8,T,2,
192,True,True,0.6261694453643192,9,,5,1.4209259843149522,4,16.156226325719317,False,0.0040669606217065,0.0080560224415489,,monkeyT_session-y070316009-12_lfp-8,T,2,
178,False,True,0.7592722951513362,13,,5,1.436538840406702,4,8.024517897899873,True,0.0199999999995412,0.0037391129859312,,monkeyT_session-y070316009-12_lfp-8,T,2,
174,False,True,0.6351974829579103,10,,5,1.440259965136644,4,8.599632940218012,False,0.0032810372368188,0.0142261901360791,,monkeyT_session-y070316009-12_lfp-8,T,2,
190,False,True,0.7048939449059207,20,,5,1.4399672585383314,4,14.673007850794589,False,0.0031125074477458,0.0036272236891656,,monkeyT_session-y070316009-12_lfp-8,T,2,
176,False,True,0.634740312507204,10,,5,1.4282104788277343,4,8.753127845933845,False,0.0198012677417422,0.0228937059213967,,monkeyT_session-y070316009-12_lfp-8,T,2,
193,False,True,0.8474806159349443,16,,5,1.435784074079477,4,6.320952626222786,True,0.0079999999999396,0.0038372471643484,,monkeyT_session-y070316009-12_lfp-8,T,2,
182,False,True,0.908522005011021,12,,5,1.439158162145007,4,5.003372830094649,False,0.0176198931100186,0.0052939029796901,,monkeyT_session-y070316009-12_lfp-8,T,2,
175,False,True,0.8290204183407385,9,,5,1.4338730740701289,4,6.255114441107243,False,0.0036167086403233,0.0035041122596073,,monkeyT_session-y070316009-12_lfp-8,T,2,
172,True,True,0.6111066112605809,12,,5,1.43325069638566,4,15.68284085595646,True,0.0079999999999627,0.0026107049372958,,monkeyT_session-y070316009-12_lfp-8,T,2,
180,False,True,0.7346191854579825,26,,5,1.4322197763574382,4,15.765187165014265,False,0.0040740650865793,0.0028338886433658,,monkeyT_session-y070316009-12_lfp-8,T,2,
199,False,True,0.6812455544628238,11,,5,1.430263733598161,4,11.932373965228322,False,0.0108807803174364,0.0043381370403636,,monkeyT_session-y070316009-12_lfp-8,T,2,
170,False,True,0.880759991127977,9,,5,1.445565467147308,4,5.573110828244974,False,0.0195548540829479,0.0053442796713181,,monkeyT_session-y070316009-12_lfp-8,T,2,
194,False,True,0.6516614608828499,12,,5,1.4397112968489176,4,10.99728738788618,False,0.002544839691823,0.0077576274229871,,monkeyT_session-y070316009-12_lfp-8,T,2,
200,False,True,0.6218078008721448,8,,5,1.4273522483346994,4,9.675741683463608,False,0.0051392003375068,0.0033442773874607,,monkeyT_session-y070316009-12_lfp-8,T,2,
191,False,True,0.7425711269096229,19,,5,1.4325751466012089,4,15.742216242926704,False,0.0037167938735782,0.0208407661898224,,monkeyT_session-y070316009-12_lfp-8,T,2,
181,False,True,0.725658489877685,14,,5,1.4440905918698308,4,14.782683389203076,False,0.0028239244505243,0.0211435575743985,,monkeyT_session-y070316009-12_lfp-8,T,2,
183,True,True,0.7308702820972105,8,,5,1.4428549367431098,4,25.789375853959285,False,0.0041815849106363,0.0032549197343954,,monkeyT_session-y070316009-12_lfp-8,T,2,
202,False,True,0.6302981218956127,35,,5,1.428411709567138,4,14.468735452180718,False,0.0039142170444366,0.0042994631229458,,monkeyT_session-y070316009-12_lfp-8,T,2,
173,True,True,0.8139161207785459,41,,5,1.4459242160404326,4,16.84888082013618,False,0.0037827523742803,0.003310886321719,,monkeyT_session-y070316009-12_lfp-8,T,2,
185,False,True,0.7618271491187496,17,,5,1.438983884644611,4,9.244110892435724,False,0.0037622356403219,0.0100989249759884,,monkeyT_session-y070316009-12_lfp-8,T,2,
171,False,True,0.6214902164690738,7,,5,1.4284685075166943,4,10.158957516329844,False,0.0044449557910342,0.0032766635720271,,monkeyT_session-y070316009-12_lfp-8,T,2,
184,False,True,0.6857509390063915,12,,5,1.422995288533262,4,7.125475105533604,False,0.002748800388769,0.0040789195971111,,monkeyT_session-y070316009-12_lfp-8,T,2,
198,False,True,0.7872103447742637,48,,5,1.437213839783925,4,25.27259277025401,False,0.0101692527316843,0.012905692522823,,monkeyT_session-y070316009-12_lfp-8,T,2,
197,True,True,0.4638407623743759,11,,5,1.4439873767471312,4,19.02856513818443,False,0.0034832647460385,0.0034032732853876,,monkeyT_session-y070316009-12_lfp-8,T,2,
195,False,True,0.8569414120557913,8,,5,1.4369369548793027,4,4.857144581058972,False,0.0082992654590827,0.0139247262666533,,monkeyT_session-y070316009-12_lfp-8,T,2,
201,False,True,0.6586718122581767,21,,5,1.4210481211056183,4,10.308833770475289,True,0.0199999999999989,0.0092795102596721,,monkeyT_session-y070316009-12_lfp-8,T,2,
5,False,True,0.773052380547929,14,,5,1.4191170778217808,4,6.182991992894354,True,0.0199999999999751,0.0040432885049099,,monkeyT_session-y070316009-12_lfp-8,T,3,
17,False,True,0.791930994049073,17,,5,1.4465573109043348,4,9.597860935662917,False,0.0124752991103258,0.0030955720416123,,monkeyT_session-y070316009-12_lfp-8,T,3,
3,True,True,0.6601020211384747,14,,5,1.419600787148753,4,7.063363699088004,False,0.0025543524927114,0.0036934834052448,,monkeyT_session-y070316009-12_lfp-8,T,3,
13,True,True,0.8154638171994699,52,,5,1.436005744369753,4,22.38350677982344,True,0.008,0.0039998541080965,,monkeyT_session-y070316009-12_lfp-8,T,3,
11,False,True,0.9206359818340166,13,,5,1.4422915254865218,4,2.4966925144009675,False,0.005101785795099,0.0056736942088928,,monkeyT_session-y070316009-12_lfp-8,T,3,
0,False,True,0.8627139716634706,9,,5,1.4283925260273174,4,5.091253951325129,False,0.0040993556133641,0.0024342605966047,,monkeyT_session-y070316009-12_lfp-8,T,3,
12,False,True,0.8656841542632493,17,,5,1.4360086185134724,4,5.659424248010799,True,0.0199999999999969,0.0061918530398594,,monkeyT_session-y070316009-12_lfp-8,T,3,
16,False,True,0.8505904250588441,7,,5,1.426164196645544,4,4.901867142959534,False,0.003650181864879,0.0039303368298035,,monkeyT_session-y070316009-12_lfp-8,T,3,
24,False,True,0.659068016822776,16,,5,1.4266962558044167,4,15.436120386786577,False,0.005511337052134,0.0328088192118154,,monkeyT_session-y070316009-12_lfp-8,T,3,
25,False,True,0.7475365696081895,19,,5,1.4369099303371582,4,9.702421329293012,True,0.008,0.0037965368624797,,monkeyT_session-y070316009-12_lfp-8,T,3,
10,False,True,0.4500255657851832,8,,5,1.4430957275330627,4,8.538012806422982,False,0.0100578680059744,0.0069623969647469,,monkeyT_session-y070316009-12_lfp-8,T,3,
1,False,True,0.7003836275067026,40,,5,1.4456703033993368,4,6.353899963548665,False,0.0145954796694338,0.0050856694606125,,monkeyT_session-y070316009-12_lfp-8,T,3,
9,False,True,0.820822193692522,9,,5,1.4393287358516782,4,10.229405835861114,False,0.002662434212783,0.0023467008718629,,monkeyT_session-y070316009-12_lfp-8,T,3,
23,False,True,0.8713655638462979,5,,5,1.433156636996172,4,5.916043652638992,False,0.0062066633036499,0.0028049426676677,,monkeyT_session-y070316009-12_lfp-8,T,3,
18,True,True,0.6365048849891218,7,,5,1.447086373009052,4,6.927372369075367,False,0.007457626315813,0.0211278756094279,,monkeyT_session-y070316009-12_lfp-8,T,3,
30,False,True,0.8231342244786383,46,,5,1.4284691251362407,4,10.74774038403944,True,0.0083423822458763,0.0039999999330682,,monkeyT_session-y070316009-12_lfp-8,T,3,
15,False,True,0.6708496837493712,22,,5,1.4268714654260812,4,23.164685427754875,False,0.0058322674467286,0.0034024740591078,,monkeyT_session-y070316009-12_lfp-8,T,3,
6,False,True,0.8325746531270612,27,,5,1.4275637239103736,4,6.490871826928991,True,0.008,0.0030097829849502,,monkeyT_session-y070316009-12_lfp-8,T,3,
26,False,True,0.8203763059760897,12,,5,1.429280020294684,4,9.366207777417957,False,0.0026011297714898,0.0080043297159217,,monkeyT_session-y070316009-12_lfp-8,T,3,
31,False,True,0.6005068411602416,8,,5,1.4392723201036517,4,10.664509878464736,False,0.0057749163712719,0.0045727138376729,,monkeyT_session-y070316009-12_lfp-8,T,3,
22,False,True,0.8029058087940487,16,,5,1.4287612615068337,4,13.720481557067275,True,0.0079999999980877,0.0037981593242868,,monkeyT_session-y070316009-12_lfp-8,T,3,
28,False,True,0.894270050512394,14,,5,1.428602723740369,4,5.716268003434668,False,0.0053339506754239,0.002886213005171,,monkeyT_session-y070316009-12_lfp-8,T,3,
7,False,True,0.6187206208695323,8,,5,1.4330155045612003,4,7.8062471925930685,False,0.0026096056796234,0.0059037271829955,,monkeyT_session-y070316009-12_lfp-8,T,3,
29,False,True,0.7152957494881921,15,,5,1.4356262191107267,4,7.251432954913189,False,0.002894468004599,0.0048779490827177,,monkeyT_session-y070316009-12_lfp-8,T,3,
33,False,True,0.9014156225757732,22,,5,1.4368930263452186,4,6.159144492490051,False,0.0057689161465068,0.003662905614437,,monkeyT_session-y070316009-12_lfp-8,T,3,
21,False,True,0.8480816693675178,8,,5,1.4262878942934685,4,15.85785222022697,False,0.0044221071793604,0.0058621530103195,,monkeyT_session-y070316009-12_lfp-8,T,3,
19,True,True,0.707474479052545,29,,5,1.441698290790535,4,6.405062975328044,False,0.0036170633924959,0.0060368628861837,,monkeyT_session-y070316009-12_lfp-8,T,3,
2,False,True,0.6063373300265451,18,,5,1.4293809103209854,4,16.75040290064945,False,0.0037897931841062,0.0050211103791344,,monkeyT_session-y070316009-12_lfp-8,T,3,
32,False,True,0.9482390470889428,12,,5,1.430653418709366,4,4.1831512200565,False,0.0038785707322941,0.0031009820161482,,monkeyT_session-y070316009-12_lfp-8,T,3,
8,False,True,0.8576070836816168,16,,5,1.4284802538479122,4,26.719917897294227,True,0.0079999999999991,0.0030928704167392,,monkeyT_session-y070316009-12_lfp-8,T,3,
20,False,True,0.7597822481839341,18,,5,1.4376002846952003,4,8.405727114390945,False,0.0030330312312667,0.0035095189911427,,monkeyT_session-y070316009-12_lfp-8,T,3,
27,True,True,0.704542732441751,12,,5,1.4193090115881817,4,17.91905571122416,False,0.0029943599462667,0.0025827279224106,,monkeyT_session-y070316009-12_lfp-8,T,3,
14,True,True,0.7784287207118125,31,,5,1.4254936969756349,4,6.809868029522602,False,0.010457964142315,0.0036389987127627,,monkeyT_session-y070316009-12_lfp-8,T,3,
37,False,True,0.8336679178646472,15,,5,1.4346251829701673,4,51.85768805943164,False,0.0044110821449336,0.0041499906029081,,monkeyT_session-y070316009-12_lfp-8,T,3,
67,True,True,0.708127941986823,22,,5,1.4350832479754947,4,6.048553057648392,True,0.0044842271353688,0.0040000000000013,,monkeyT_session-y070316009-12_lfp-8,T,3,
34,False,True,0.708358020984076,15,,5,1.4422926130814095,4,8.808011803664948,False,0.003169474303923,0.0032446671290173,,monkeyT_session-y070316009-12_lfp-8,T,3,
58,False,True,0.4829378812597382,9,,5,1.4458426301767948,4,9.6325241046422,False,0.0055570301885434,0.0053826735907431,,monkeyT_session-y070316009-12_lfp-8,T,3,
52,False,True,0.7416632662121447,5,,5,1.4455105508798385,4,21.48989646262138,False,0.0047132415895823,0.0025725930416697,,monkeyT_session-y070316009-12_lfp-8,T,3,
56,False,True,0.6473610110263119,59,,5,1.4315223809919992,4,8.381370795262342,False,0.010809693658826,0.0023867634054206,,monkeyT_session-y070316009-12_lfp-8,T,3,
41,False,True,0.8129686387251467,11,,5,1.4218892448632257,4,29.13868712382532,False,0.0036990221723609,0.0042078424800475,,monkeyT_session-y070316009-12_lfp-8,T,3,
53,False,True,0.8364681799987652,16,,5,1.4487245976008578,4,6.339454509182842,False,0.0035587350813877,0.0027834418348309,,monkeyT_session-y070316009-12_lfp-8,T,3,
63,False,True,0.7712761534378924,10,,5,1.4285092428038335,4,37.32705962626533,False,0.0048493026938447,0.0126174942189694,,monkeyT_session-y070316009-12_lfp-8,T,3,
66,True,True,0.7293616040698644,24,,5,1.4377869626801258,4,11.753403957761355,True,0.0079999999999884,0.0038225340255078,,monkeyT_session-y070316009-12_lfp-8,T,3,
48,True,True,0.5916047804621769,12,,5,1.4314761134798604,4,8.818986176541946,False,0.0107265586254268,0.0033193019622022,,monkeyT_session-y070316009-12_lfp-8,T,3,
36,False,True,0.5985517267420905,10,,5,1.442310219130985,4,29.47167402043761,False,0.0037462065422184,0.0082747261897146,,monkeyT_session-y070316009-12_lfp-8,T,3,
42,False,True,0.695767161948196,23,,5,1.4244556465564502,4,6.036265878382772,False,0.0038975185603331,0.0027174362581972,,monkeyT_session-y070316009-12_lfp-8,T,3,
46,False,True,0.6002409728571917,16,,5,1.4442865881580609,4,8.531647030902374,False,0.004206594877556,0.0076254025528026,,monkeyT_session-y070316009-12_lfp-8,T,3,
62,True,True,0.793501525849373,10,,5,1.43634355439137,4,5.75039323965751,False,0.0041036186790996,0.0039773403371388,,monkeyT_session-y070316009-12_lfp-8,T,3,
57,False,True,0.970620055837366,14,,5,1.4399298843125,4,8.695407260650239,False,0.0040307236234244,0.0075325096585867,,monkeyT_session-y070316009-12_lfp-8,T,3,
35,False,True,0.7586729263242615,34,,5,1.4448740847073194,4,32.64829773780965,False,0.0043758508335809,0.0279400026197595,,monkeyT_session-y070316009-12_lfp-8,T,3,
55,True,True,0.7013319111305146,12,,5,1.4291026541302934,4,7.949424349535354,False,0.007930849772876,0.0196038007486185,,monkeyT_session-y070316009-12_lfp-8,T,3,
47,False,True,0.9364564306663952,15,,5,1.4289275088035245,4,5.12211776521302,False,0.0066977252241164,0.0046285296159886,,monkeyT_session-y070316009-12_lfp-8,T,3,
65,False,True,0.6874074226777707,17,,5,1.4420525008517648,4,13.096756716875442,False,0.0075885098705752,0.0034434582545177,,monkeyT_session-y070316009-12_lfp-8,T,3,
49,False,True,0.968191993935614,16,,5,1.4337390626101691,4,7.965478366933052,False,0.005599295861165,0.0033064427268403,,monkeyT_session-y070316009-12_lfp-8,T,3,
43,False,True,0.6659429212313214,14,,5,1.4342912814611544,4,8.380402261275494,False,0.007402908554364,0.0038016379163536,,monkeyT_session-y070316009-12_lfp-8,T,3,
40,False,True,0.6725974685282673,13,,5,1.4295869858542587,4,13.17838459835986,False,0.0050839351030007,0.0028120629514027,,monkeyT_session-y070316009-12_lfp-8,T,3,
38,False,True,0.7713947469955901,49,,5,1.4379222028617828,4,6.712499103263678,True,0.0037744946383009,0.008,,monkeyT_session-y070316009-12_lfp-8,T,3,
59,False,True,0.7634156481330182,14,,5,1.444392947820437,4,9.990657741153914,False,0.0052095380143617,0.0281622818228419,,monkeyT_session-y070316009-12_lfp-8,T,3,
60,True,True,0.7689626861403082,11,,5,1.441612175413845,4,17.14361272516423,False,0.0196951876697315,0.0034511796792351,,monkeyT_session-y070316009-12_lfp-8,T,3,
50,False,True,0.6797706316924023,12,,5,1.4338534502224527,4,28.92895673209619,False,0.0026914504987889,0.003593376579456,,monkeyT_session-y070316009-12_lfp-8,T,3,
44,False,True,0.4979107779062593,11,,5,1.4433826389969366,4,12.114431026062244,False,0.0103770694208265,0.0024771380305264,,monkeyT_session-y070316009-12_lfp-8,T,3,
39,False,True,0.8612460927773126,38,,5,1.4377964242274894,4,5.790863410352018,False,0.0023996216896784,0.0053081231689269,,monkeyT_session-y070316009-12_lfp-8,T,3,
61,False,True,0.6341173816531169,17,,5,1.4406126827690586,4,17.386637955268974,True,0.017709212581622,0.0040000000000013,,monkeyT_session-y070316009-12_lfp-8,T,3,
54,False,True,0.5280102636298543,16,,5,1.4423391101284482,4,10.60971102347468,False,0.0042470864252637,0.0043603592593139,,monkeyT_session-y070316009-12_lfp-8,T,3,
45,False,True,0.6639026434679004,13,,5,1.428103608807276,4,32.81291955035948,False,0.0109666210751622,0.0165818047194079,,monkeyT_session-y070316009-12_lfp-8,T,3,
64,True,True,0.7518638282026983,21,,5,1.4445029949454822,4,8.082659795828398,False,0.0050322179246427,0.0080428476772569,,monkeyT_session-y070316009-12_lfp-8,T,3,
84,False,True,0.681537243749761,17,,5,1.4478765183551023,4,8.30213867073592,False,0.0032210711911373,0.0027345683233352,,monkeyT_session-y070316009-12_lfp-8,T,3,
90,False,True,0.7557398892341728,10,,5,1.42898924803908,4,9.638399532014716,False,0.0030114797243347,0.0064013313953079,,monkeyT_session-y070316009-12_lfp-8,T,3,
83,False,True,0.687736272911227,28,,5,1.442063960611612,4,6.533339765557877,False,0.0031014000550291,0.0035952018125833,,monkeyT_session-y070316009-12_lfp-8,T,3,
78,False,True,0.4737209241641408,7,,5,1.4442431660279529,4,11.53335886945102,False,0.0039573429042549,0.003698211980188,,monkeyT_session-y070316009-12_lfp-8,T,3,
98,False,True,0.8124833949196872,23,,5,1.4448685961506569,4,7.770209179787987,False,0.0082048066132436,0.0032332334674531,,monkeyT_session-y070316009-12_lfp-8,T,3,
88,False,True,0.7426577541789149,17,,5,1.4424744360205002,4,15.643601674697468,False,0.0040021712132469,0.0272688445025215,,monkeyT_session-y070316009-12_lfp-8,T,3,
95,False,True,0.69429259552874,9,,5,1.4378988195501825,4,7.245500184001051,False,0.0029928210979868,0.0068595903390384,,monkeyT_session-y070316009-12_lfp-8,T,3,
70,False,True,0.5440389020223111,13,,5,1.4429119209246049,4,11.87291252929426,False,0.0096331565997642,0.0109624584715799,,monkeyT_session-y070316009-12_lfp-8,T,3,
74,True,True,0.7091315664632721,6,,5,1.4242048992757903,4,7.857678359924343,False,0.0037818469519952,0.0070470735744931,,monkeyT_session-y070316009-12_lfp-8,T,3,
81,False,True,0.9009097987017868,15,,5,1.443018913325642,4,5.461837595486518,False,0.0109499151783289,0.0085168273801192,,monkeyT_session-y070316009-12_lfp-8,T,3,
96,True,True,0.8251268268065246,14,,5,1.429537929074475,4,10.68274608531259,True,0.008,0.0036864215594185,,monkeyT_session-y070316009-12_lfp-8,T,3,
80,False,True,0.646422451996138,31,,5,1.418084212896855,4,20.124936013490508,False,0.0049416247418898,0.0036423075823979,,monkeyT_session-y070316009-12_lfp-8,T,3,
71,False,True,0.7125980700067673,20,,5,1.4413099579986086,4,8.72982154979541,False,0.0070108502342991,0.0038475147993084,,monkeyT_session-y070316009-12_lfp-8,T,3,
97,False,True,0.7593682141185181,8,,5,1.4376384688855328,4,10.787296196834056,False,0.0038877904355443,0.0026393715622798,,monkeyT_session-y070316009-12_lfp-8,T,3,
87,False,True,0.8026401911884311,12,,5,1.4471686792391332,4,8.068726906162532,False,0.0114396979956947,0.0032707890364473,,monkeyT_session-y070316009-12_lfp-8,T,3,
86,False,True,0.6929212509091593,42,,5,1.4423743504991091,4,17.841112903394116,True,0.0043131710012866,0.0039999999990048,,monkeyT_session-y070316009-12_lfp-8,T,3,
100,False,True,0.6974261453760386,14,,5,1.4414408408849908,4,17.39471807954583,False,0.0182799812352589,0.0029611202027712,,monkeyT_session-y070316009-12_lfp-8,T,3,
68,False,True,0.669283996835486,21,,5,1.4425795695461117,4,10.20074572875664,False,0.018028866481154,0.0118680091571015,,monkeyT_session-y070316009-12_lfp-8,T,3,
82,True,True,0.6746155681961381,8,,5,1.4294204643155346,4,31.737784209797628,False,0.0070903514696221,0.0225804168320955,,monkeyT_session-y070316009-12_lfp-8,T,3,
92,False,True,0.8851875919747798,11,,5,1.4408500347850326,4,11.2304308810668,False,0.0043303144115718,0.0051596745361823,,monkeyT_session-y070316009-12_lfp-8,T,3,
77,False,True,0.7966074655541873,10,,5,1.431724644713915,4,10.495255906829405,False,0.0029925176310854,0.0078809229207812,,monkeyT_session-y070316009-12_lfp-8,T,3,
79,False,True,0.5811211048197127,13,,5,1.443892594277008,4,15.022862767041849,False,0.0069012443383127,0.0044022344907066,,monkeyT_session-y070316009-12_lfp-8,T,3,
69,False,True,0.701609087289563,20,,5,1.4427366862787396,4,6.169035733790296,True,0.0199999999999989,0.007999999696997,,monkeyT_session-y070316009-12_lfp-8,T,3,
94,False,True,0.598984635221564,14,,5,1.445345875968674,4,11.038271607190731,False,0.0024230758239145,0.0125769768820269,,monkeyT_session-y070316009-12_lfp-8,T,3,
76,False,True,0.7483581088651154,14,,5,1.441412989830632,4,16.675543125962204,False,0.0046263056001105,0.0047360587434663,,monkeyT_session-y070316009-12_lfp-8,T,3,
85,False,True,0.9094664027443834,14,,5,1.442340074419852,4,8.68227016597394,False,0.0080233434829133,0.0063624146383487,,monkeyT_session-y070316009-12_lfp-8,T,3,
75,True,True,0.8587133750543453,9,,5,1.445559403144333,4,14.19716130607329,False,0.004319331007041,0.0061416577122059,,monkeyT_session-y070316009-12_lfp-8,T,3,
89,True,True,0.6631627020667039,20,,5,1.4320181428906318,4,7.989460158047098,True,0.0052215655400811,0.008,,monkeyT_session-y070316009-12_lfp-8,T,3,
72,False,True,0.7943495621830533,16,,5,1.4437695261837753,4,11.055630389399749,True,0.0199999999999989,0.0039872947285122,,monkeyT_session-y070316009-12_lfp-8,T,3,
73,False,True,0.651641415351773,16,,5,1.4297611476944698,4,12.82303233055669,True,0.0037961602535032,0.0039999999999302,,monkeyT_session-y070316009-12_lfp-8,T,3,
99,False,True,0.7223170002510153,18,,5,1.4329114670056329,4,8.275684511853111,False,0.003073901840362,0.0047928360509219,,monkeyT_session-y070316009-12_lfp-8,T,3,
91,True,True,0.8732650543907726,25,,5,1.428373279925966,4,8.180529204513851,True,0.0091467838657846,0.0039999999999906,,monkeyT_session-y070316009-12_lfp-8,T,3,
93,True,True,0.6723189369835124,21,,5,1.435142466479672,4,15.983776127091934,False,0.0042138254233501,0.0042333165779568,,monkeyT_session-y070316009-12_lfp-8,T,3,
126,True,True,0.7734043876652132,13,,5,1.4451838108337138,4,7.661068783060351,False,0.0066808250504855,0.0088337681130319,,monkeyT_session-y070316009-12_lfp-8,T,3,
106,True,True,0.7653165154764202,6,,5,1.4302995723431882,4,10.661078178531357,False,0.0038974336194135,0.0175903752899735,,monkeyT_session-y070316009-12_lfp-8,T,3,
115,False,True,0.7748526494373417,11,,5,1.4364545026376347,4,9.863446941562588,False,0.0031669067778601,0.004399284303302,,monkeyT_session-y070316009-12_lfp-8,T,3,
105,False,True,0.5502446804553693,12,,5,1.425309585908724,4,20.251599244593624,False,0.0216338223319263,0.0035451172621083,,monkeyT_session-y070316009-12_lfp-8,T,3,
131,False,True,0.3710047232680371,23,,5,1.424601711528281,4,18.7264283086026,True,0.0199999999999989,0.0030830916043527,,monkeyT_session-y070316009-12_lfp-8,T,3,
133,False,True,0.8628128163772697,40,,5,1.433335439416544,4,6.143962714008427,True,0.0199999999999989,0.002665629630421,,monkeyT_session-y070316009-12_lfp-8,T,3,
113,False,True,0.683980057239943,9,,5,1.439665233848815,4,11.722084585101893,False,0.0067595826323603,0.0152054482239538,,monkeyT_session-y070316009-12_lfp-8,T,3,
119,False,True,0.517024674483259,12,,5,1.4422460360346196,4,15.925198611720043,False,0.0030615002810261,0.0183627782488633,,monkeyT_session-y070316009-12_lfp-8,T,3,
104,False,True,0.5613943406028215,9,,5,1.4251983716902887,4,10.375108786763686,False,0.0045818026388571,0.0027500148223964,,monkeyT_session-y070316009-12_lfp-8,T,3,
103,False,True,0.7753117520771863,25,,5,1.448230904770035,4,13.152362789842051,False,0.0042125342885515,0.0031880367192567,,monkeyT_session-y070316009-12_lfp-8,T,3,
121,True,True,0.6905970996031873,8,,5,1.4421364226781823,4,10.99160656051551,False,0.0065507807288849,0.0099985283471939,,monkeyT_session-y070316009-12_lfp-8,T,3,
112,False,True,0.9499427334082916,4,,5,1.445569872237791,4,6.204872887129222,False,0.004062335461386,0.0029290051695962,,monkeyT_session-y070316009-12_lfp-8,T,3,
129,False,True,0.6690268548927447,12,,5,1.4283508618762617,4,16.551310971077815,False,0.003706151465824,0.0105881426258696,,monkeyT_session-y070316009-12_lfp-8,T,3,
120,False,True,0.5400190792460634,13,,5,1.44037833305149,4,24.17999094676746,False,0.0028259642900083,0.0085806140762514,,monkeyT_session-y070316009-12_lfp-8,T,3,
102,False,True,0.7303215730376427,18,,5,1.4268108908956123,4,12.29168862234962,False,0.0028795086602135,0.0039910488093291,,monkeyT_session-y070316009-12_lfp-8,T,3,
107,False,True,0.7077966280961722,14,,5,1.4317861836868762,4,6.182477243722137,True,0.0199999999999982,0.0103237923271626,,monkeyT_session-y070316009-12_lfp-8,T,3,
125,False,True,0.7898729060725996,15,,5,1.4432615933071595,4,14.61515256889428,False,0.0227882640835745,0.0228228941164561,,monkeyT_session-y070316009-12_lfp-8,T,3,
111,False,True,0.7654819528411934,11,,5,1.422332158579385,4,11.83217347366544,False,0.0054061835063019,0.00283219799201,,monkeyT_session-y070316009-12_lfp-8,T,3,
130,False,True,0.6294072220096175,17,,5,1.4454357835991147,4,11.706252562071404,False,0.0096332822538947,0.0039965420246215,,monkeyT_session-y070316009-12_lfp-8,T,3,
110,False,True,0.6828148100500564,24,,5,1.4180000004408506,4,12.371348590893495,True,0.0199999999999989,0.0079375412807314,,monkeyT_session-y070316009-12_lfp-8,T,3,
101,False,True,0.8112780560296554,42,,5,1.4263976878669506,4,5.487900479343431,True,0.0039279098108018,0.0040000000000013,,monkeyT_session-y070316009-12_lfp-8,T,3,
124,False,True,0.8149405592525412,9,,5,1.4284123174574943,4,6.103966840227813,False,0.0036868324865624,0.0118334620631364,,monkeyT_session-y070316009-12_lfp-8,T,3,
123,False,True,0.9293441072083102,6,,5,1.437008075631651,4,6.441292322897705,False,0.0048319119316935,0.0027448072957838,,monkeyT_session-y070316009-12_lfp-8,T,3,
117,False,True,0.5743112514206257,10,,5,1.4324154777871716,4,24.87464564158762,False,0.0189285977392739,0.0023716875306654,,monkeyT_session-y070316009-12_lfp-8,T,3,
122,True,True,0.7146647538558377,23,,5,1.42326020156823,4,4.01826401205729,True,0.0199999999999076,0.0104477111732173,,monkeyT_session-y070316009-12_lfp-8,T,3,
116,False,True,0.4457233594787675,21,,5,1.4405948979678014,4,24.569569527905166,True,0.002987834457989,0.0040000000000013,,monkeyT_session-y070316009-12_lfp-8,T,3,
109,False,True,0.496787506380771,14,,5,1.4392472526339632,4,11.481341503781582,True,0.0043376910830019,0.0039999999999977,,monkeyT_session-y070316009-12_lfp-8,T,3,
134,True,True,0.8527282249116682,13,,5,1.425677413154732,4,21.5685402313356,False,0.0046427236579829,0.0089688311243358,,monkeyT_session-y070316009-12_lfp-8,T,3,
114,False,True,0.4941301047488942,15,,5,1.4448572563699864,4,16.33760531061827,True,0.0199999999999989,0.0034957741780221,,monkeyT_session-y070316009-12_lfp-8,T,3,
132,False,True,0.9232354279540518,14,,5,1.4400746540434457,4,6.658167674764818,False,0.0047459970005769,0.0031855692280977,,monkeyT_session-y070316009-12_lfp-8,T,3,
118,False,True,0.7432301950409205,11,,5,1.4363859341450351,4,5.679893564910608,False,0.0030235279286623,0.0031020288451912,,monkeyT_session-y070316009-12_lfp-8,T,3,
108,True,True,0.7439496025293514,18,,5,1.4246494976686266,4,11.603808796830542,False,0.011253529117833,0.0035580613176282,,monkeyT_session-y070316009-12_lfp-8,T,3,
128,False,True,0.5147170079651469,19,,5,1.4276904483428958,4,6.388405896790841,False,0.0052020902365215,0.0037103775526716,,monkeyT_session-y070316009-12_lfp-8,T,3,
160,False,True,0.6529487758956143,24,,5,1.4346190674571409,4,10.733754271988106,False,0.019786593835958,0.0031363360256282,,monkeyT_session-y070316009-12_lfp-8,T,3,
149,False,True,0.7781341105745733,10,,5,1.4429876443561986,4,13.585871762076788,False,0.0029188713016896,0.0066564457185904,,monkeyT_session-y070316009-12_lfp-8,T,3,
139,False,True,0.4329954416766171,18,,5,1.4292804768404472,4,11.35714528464442,True,0.017230102129615,0.008,,monkeyT_session-y070316009-12_lfp-8,T,3,
153,False,True,0.5337916601805288,13,,5,1.433233511935763,4,21.268401011261982,True,0.008,0.0117216543170606,,monkeyT_session-y070316009-12_lfp-8,T,3,
145,False,True,0.5701624627429535,17,,5,1.4412410377405305,4,10.545021993872178,True,0.0199999999174296,0.0087996472763869,,monkeyT_session-y070316009-12_lfp-8,T,3,
156,False,True,0.5506694249649006,15,,5,1.4290795288627047,4,8.49959135100735,False,0.002558894053215,0.0123522987522362,,monkeyT_session-y070316009-12_lfp-8,T,3,
150,False,True,0.6420694872552895,14,,5,1.44206356513859,4,14.367186099512146,True,0.0034893473777062,0.0039999999445523,,monkeyT_session-y070316009-12_lfp-8,T,3,
143,False,True,0.6388664002211328,18,,5,1.442884767659412,4,19.60998050248777,False,0.0030105739921553,0.003057468394175,,monkeyT_session-y070316009-12_lfp-8,T,3,
161,True,True,0.6465538008517886,13,,5,1.4293928614358544,4,18.844901516975185,False,0.0023637690407927,0.0048686083234192,,monkeyT_session-y070316009-12_lfp-8,T,3,
165,False,True,0.7590352881204018,15,,5,1.43828066156474,4,5.409408787634959,False,0.0024925528716499,0.005619042565895,,monkeyT_session-y070316009-12_lfp-8,T,3,
152,True,True,0.6657241650966158,8,,5,1.4305610115880198,4,8.720342280649001,False,0.0029258948244876,0.0045190310631966,,monkeyT_session-y070316009-12_lfp-8,T,3,
166,False,True,0.9078370566185954,11,,5,1.4397660371095626,4,3.8023502433451286,False,0.0041136786333177,0.0069614781877005,,monkeyT_session-y070316009-12_lfp-8,T,3,
147,False,True,0.898673536406456,17,,5,1.4399846368844438,4,34.04081897326935,False,0.007471807685552,0.0025351876993884,,monkeyT_session-y070316009-12_lfp-8,T,3,
162,False,True,0.9444477183630668,37,,5,1.4322569157839449,4,4.728800886971294,True,0.0199999789446287,0.0058696171392584,,monkeyT_session-y070316009-12_lfp-8,T,3,
136,True,True,0.6533921115159514,21,,5,1.4420906838399223,4,13.729340753807817,False,0.0050917672752812,0.003396666554547,,monkeyT_session-y070316009-12_lfp-8,T,3,
138,False,True,0.7702038646076071,12,,5,1.439262226714618,4,5.700967710084457,False,0.0043701143682248,0.0027942895068235,,monkeyT_session-y070316009-12_lfp-8,T,3,
146,False,True,0.7682028370094486,13,,5,1.4428807701449549,4,7.703746270011659,False,0.0045650783362596,0.0026057685107492,,monkeyT_session-y070316009-12_lfp-8,T,3,
163,False,True,0.6718584709256876,12,,5,1.427805490278816,4,11.52486615398707,False,0.0037745305460763,0.0025435208020248,,monkeyT_session-y070316009-12_lfp-8,T,3,
142,True,True,0.7508213325642947,16,,5,1.438255737478803,4,9.108884782703631,False,0.0028313183116361,0.0041486457563415,,monkeyT_session-y070316009-12_lfp-8,T,3,
151,False,True,0.7792068385749478,11,,5,1.4419400766794004,4,6.839724910457614,False,0.0027112117471892,0.0051776217244787,,monkeyT_session-y070316009-12_lfp-8,T,3,
158,False,True,0.6954336994340877,14,,5,1.4432591422318282,4,11.187556102197751,False,0.0031932071988958,0.0045954015648153,,monkeyT_session-y070316009-12_lfp-8,T,3,
135,False,True,0.7211626074666707,17,,5,1.4220768725263486,4,7.186715870963497,True,0.0199999999556146,0.0032678219394712,,monkeyT_session-y070316009-12_lfp-8,T,3,
155,False,True,0.7509147471036605,14,,5,1.426752870916538,4,15.051047932461213,True,0.0079999999999911,0.0101407977050822,,monkeyT_session-y070316009-12_lfp-8,T,3,
159,True,True,0.6899895660957687,11,,5,1.441924127191855,4,6.46615783604717,False,0.0026790431735426,0.0032876849989538,,monkeyT_session-y070316009-12_lfp-8,T,3,
137,False,True,0.8154172253612055,21,,5,1.4294230356792763,4,19.39912365990427,True,0.00799999999996,0.0077641165892625,,monkeyT_session-y070316009-12_lfp-8,T,3,
144,False,True,0.8153513403821987,10,,5,1.4243373046537298,4,24.436832252499016,False,0.0049102344551212,0.0034325543041262,,monkeyT_session-y070316009-12_lfp-8,T,3,
168,False,True,0.8732999651707662,7,,5,1.443787093318265,4,18.169240841633165,False,0.0027756954680606,0.0029999568882566,,monkeyT_session-y070316009-12_lfp-8,T,3,
140,False,True,0.945929648945065,9,,5,1.4440844116030294,4,6.799272631957037,False,0.0032404281598319,0.0042610123573609,,monkeyT_session-y070316009-12_lfp-8,T,3,
154,False,True,0.9113087655785964,18,,5,1.421417170099187,4,7.330216105033633,False,0.004894679296107,0.0030962821944573,,monkeyT_session-y070316009-12_lfp-8,T,3,
148,False,True,0.9399133108618232,14,,5,1.4379220590946802,4,7.1355098729883615,False,0.0035007979153007,0.0034570239025732,,monkeyT_session-y070316009-12_lfp-8,T,3,
164,True,True,0.7966577130822862,11,,5,1.4250528693732958,4,16.341551530153904,False,0.0043929784836231,0.0029313398044807,,monkeyT_session-y070316009-12_lfp-8,T,3,
157,False,True,0.6422783276123726,10,,5,1.4286329244610927,4,18.237566851528207,False,0.0041780806720588,0.015558323199122,,monkeyT_session-y070316009-12_lfp-8,T,3,
167,True,True,0.8395633672835096,10,,5,1.4393844251036867,4,5.3713252905883815,False,0.0050356101801938,0.0048915261799153,,monkeyT_session-y070316009-12_lfp-8,T,3,
177,False,True,0.963564399397951,13,,5,1.4303715298137325,4,4.172911667834926,False,0.0027482167946395,0.0027864637188921,,monkeyT_session-y070316009-12_lfp-8,T,3,
179,False,True,0.9357984977305048,17,,5,1.4208888400306223,4,3.9305593154781735,True,0.0199999999999989,0.0027621763638894,,monkeyT_session-y070316009-12_lfp-8,T,3,
187,False,True,0.5664506469427766,17,,5,1.422644580711436,4,9.745306432100593,False,0.0025562832799561,0.0138170339315824,,monkeyT_session-y070316009-12_lfp-8,T,3,
186,False,True,0.9333507724721666,11,,5,1.4412131710694882,4,11.688729867977129,False,0.0045062161493114,0.0050425255683528,,monkeyT_session-y070316009-12_lfp-8,T,3,
189,True,True,0.7054743537286704,12,,5,1.427131366516604,4,15.42883644041212,False,0.0040165708504282,0.0053632648003718,,monkeyT_session-y070316009-12_lfp-8,T,3,
188,False,True,0.6242969412430516,15,,5,1.4416576393921705,4,19.58990260507536,True,0.0027942805127114,0.0040000000000013,,monkeyT_session-y070316009-12_lfp-8,T,3,
196,False,True,0.7416292725767379,15,,5,1.4330806785660173,4,5.266054160940343,False,0.0025618590820863,0.0028972468663184,,monkeyT_session-y070316009-12_lfp-8,T,3,
192,False,True,0.6261694453643192,9,,5,1.4209259843149522,4,16.156226325719317,False,0.0040669606217065,0.0080560224415489,,monkeyT_session-y070316009-12_lfp-8,T,3,
178,False,True,0.7592722951513362,13,,5,1.436538840406702,4,8.024517897899873,True,0.0199999999995412,0.0037391129859312,,monkeyT_session-y070316009-12_lfp-8,T,3,
174,True,True,0.6351974829579103,10,,5,1.440259965136644,4,8.599632940218012,False,0.0032810372368188,0.0142261901360791,,monkeyT_session-y070316009-12_lfp-8,T,3,
190,False,True,0.7048939449059207,20,,5,1.4399672585383314,4,14.673007850794589,False,0.0031125074477458,0.0036272236891656,,monkeyT_session-y070316009-12_lfp-8,T,3,
176,True,True,0.634740312507204,10,,5,1.4282104788277343,4,8.753127845933845,False,0.0198012677417422,0.0228937059213967,,monkeyT_session-y070316009-12_lfp-8,T,3,
193,False,True,0.8474806159349443,16,,5,1.435784074079477,4,6.320952626222786,True,0.0079999999999396,0.0038372471643484,,monkeyT_session-y070316009-12_lfp-8,T,3,
182,False,True,0.908522005011021,12,,5,1.439158162145007,4,5.003372830094649,False,0.0176198931100186,0.0052939029796901,,monkeyT_session-y070316009-12_lfp-8,T,3,
175,True,True,0.8290204183407385,9,,5,1.4338730740701289,4,6.255114441107243,False,0.0036167086403233,0.0035041122596073,,monkeyT_session-y070316009-12_lfp-8,T,3,
172,False,True,0.6111066112605809,12,,5,1.43325069638566,4,15.68284085595646,True,0.0079999999999627,0.0026107049372958,,monkeyT_session-y070316009-12_lfp-8,T,3,
180,False,True,0.7346191854579825,26,,5,1.4322197763574382,4,15.765187165014265,False,0.0040740650865793,0.0028338886433658,,monkeyT_session-y070316009-12_lfp-8,T,3,
199,False,True,0.6812455544628238,11,,5,1.430263733598161,4,11.932373965228322,False,0.0108807803174364,0.0043381370403636,,monkeyT_session-y070316009-12_lfp-8,T,3,
170,False,True,0.880759991127977,9,,5,1.445565467147308,4,5.573110828244974,False,0.0195548540829479,0.0053442796713181,,monkeyT_session-y070316009-12_lfp-8,T,3,
194,False,True,0.6516614608828499,12,,5,1.4397112968489176,4,10.99728738788618,False,0.002544839691823,0.0077576274229871,,monkeyT_session-y070316009-12_lfp-8,T,3,
200,False,True,0.6218078008721448,8,,5,1.4273522483346994,4,9.675741683463608,False,0.0051392003375068,0.0033442773874607,,monkeyT_session-y070316009-12_lfp-8,T,3,
191,True,True,0.7425711269096229,19,,5,1.4325751466012089,4,15.742216242926704,False,0.0037167938735782,0.0208407661898224,,monkeyT_session-y070316009-12_lfp-8,T,3,
181,False,True,0.725658489877685,14,,5,1.4440905918698308,4,14.782683389203076,False,0.0028239244505243,0.0211435575743985,,monkeyT_session-y070316009-12_lfp-8,T,3,
183,False,True,0.7308702820972105,8,,5,1.4428549367431098,4,25.789375853959285,False,0.0041815849106363,0.0032549197343954,,monkeyT_session-y070316009-12_lfp-8,T,3,
202,False,True,0.6302981218956127,35,,5,1.428411709567138,4,14.468735452180718,False,0.0039142170444366,0.0042994631229458,,monkeyT_session-y070316009-12_lfp-8,T,3,
173,False,True,0.8139161207785459,41,,5,1.4459242160404326,4,16.84888082013618,False,0.0037827523742803,0.003310886321719,,monkeyT_session-y070316009-12_lfp-8,T,3,
185,False,True,0.7618271491187496,17,,5,1.438983884644611,4,9.244110892435724,False,0.0037622356403219,0.0100989249759884,,monkeyT_session-y070316009-12_lfp-8,T,3,
171,False,True,0.6214902164690738,7,,5,1.4284685075166943,4,10.158957516329844,False,0.0044449557910342,0.0032766635720271,,monkeyT_session-y070316009-12_lfp-8,T,3,
184,True,True,0.6857509390063915,12,,5,1.422995288533262,4,7.125475105533604,False,0.002748800388769,0.0040789195971111,,monkeyT_session-y070316009-12_lfp-8,T,3,
198,False,True,0.7872103447742637,48,,5,1.437213839783925,4,25.27259277025401,False,0.0101692527316843,0.012905692522823,,monkeyT_session-y070316009-12_lfp-8,T,3,
197,False,True,0.4638407623743759,11,,5,1.4439873767471312,4,19.02856513818443,False,0.0034832647460385,0.0034032732853876,,monkeyT_session-y070316009-12_lfp-8,T,3,
195,False,True,0.8569414120557913,8,,5,1.4369369548793027,4,4.857144581058972,False,0.0082992654590827,0.0139247262666533,,monkeyT_session-y070316009-12_lfp-8,T,3,
201,False,True,0.6586718122581767,21,,5,1.4210481211056183,4,10.308833770475289,True,0.0199999999999989,0.0092795102596721,,monkeyT_session-y070316009-12_lfp-8,T,3,
5,False,True,0.773052380547929,14,,5,1.4191170778217808,4,6.182991992894354,True,0.0199999999999751,0.0040432885049099,,monkeyT_session-y070316009-12_lfp-8,T,4,
17,True,True,0.791930994049073,17,,5,1.4465573109043348,4,9.597860935662917,False,0.0124752991103258,0.0030955720416123,,monkeyT_session-y070316009-12_lfp-8,T,4,
3,False,True,0.6601020211384747,14,,5,1.419600787148753,4,7.063363699088004,False,0.0025543524927114,0.0036934834052448,,monkeyT_session-y070316009-12_lfp-8,T,4,
13,False,True,0.8154638171994699,52,,5,1.436005744369753,4,22.38350677982344,True,0.008,0.0039998541080965,,monkeyT_session-y070316009-12_lfp-8,T,4,
11,False,True,0.9206359818340166,13,,5,1.4422915254865218,4,2.4966925144009675,False,0.005101785795099,0.0056736942088928,,monkeyT_session-y070316009-12_lfp-8,T,4,
0,False,True,0.8627139716634706,9,,5,1.4283925260273174,4,5.091253951325129,False,0.0040993556133641,0.0024342605966047,,monkeyT_session-y070316009-12_lfp-8,T,4,
12,False,True,0.8656841542632493,17,,5,1.4360086185134724,4,5.659424248010799,True,0.0199999999999969,0.0061918530398594,,monkeyT_session-y070316009-12_lfp-8,T,4,
16,False,True,0.8505904250588441,7,,5,1.426164196645544,4,4.901867142959534,False,0.003650181864879,0.0039303368298035,,monkeyT_session-y070316009-12_lfp-8,T,4,
24,False,True,0.659068016822776,16,,5,1.4266962558044167,4,15.436120386786577,False,0.005511337052134,0.0328088192118154,,monkeyT_session-y070316009-12_lfp-8,T,4,
25,False,True,0.7475365696081895,19,,5,1.4369099303371582,4,9.702421329293012,True,0.008,0.0037965368624797,,monkeyT_session-y070316009-12_lfp-8,T,4,
10,False,True,0.4500255657851832,8,,5,1.4430957275330627,4,8.538012806422982,False,0.0100578680059744,0.0069623969647469,,monkeyT_session-y070316009-12_lfp-8,T,4,
1,False,True,0.7003836275067026,40,,5,1.4456703033993368,4,6.353899963548665,False,0.0145954796694338,0.0050856694606125,,monkeyT_session-y070316009-12_lfp-8,T,4,
9,False,True,0.820822193692522,9,,5,1.4393287358516782,4,10.229405835861114,False,0.002662434212783,0.0023467008718629,,monkeyT_session-y070316009-12_lfp-8,T,4,
23,False,True,0.8713655638462979,5,,5,1.433156636996172,4,5.916043652638992,False,0.0062066633036499,0.0028049426676677,,monkeyT_session-y070316009-12_lfp-8,T,4,
18,False,True,0.6365048849891218,7,,5,1.447086373009052,4,6.927372369075367,False,0.007457626315813,0.0211278756094279,,monkeyT_session-y070316009-12_lfp-8,T,4,
30,False,True,0.8231342244786383,46,,5,1.4284691251362407,4,10.74774038403944,True,0.0083423822458763,0.0039999999330682,,monkeyT_session-y070316009-12_lfp-8,T,4,
15,False,True,0.6708496837493712,22,,5,1.4268714654260812,4,23.164685427754875,False,0.0058322674467286,0.0034024740591078,,monkeyT_session-y070316009-12_lfp-8,T,4,
6,True,True,0.8325746531270612,27,,5,1.4275637239103736,4,6.490871826928991,True,0.008,0.0030097829849502,,monkeyT_session-y070316009-12_lfp-8,T,4,
26,True,True,0.8203763059760897,12,,5,1.429280020294684,4,9.366207777417957,False,0.0026011297714898,0.0080043297159217,,monkeyT_session-y070316009-12_lfp-8,T,4,
31,True,True,0.6005068411602416,8,,5,1.4392723201036517,4,10.664509878464736,False,0.0057749163712719,0.0045727138376729,,monkeyT_session-y070316009-12_lfp-8,T,4,
22,True,True,0.8029058087940487,16,,5,1.4287612615068337,4,13.720481557067275,True,0.0079999999980877,0.0037981593242868,,monkeyT_session-y070316009-12_lfp-8,T,4,
28,False,True,0.894270050512394,14,,5,1.428602723740369,4,5.716268003434668,False,0.0053339506754239,0.002886213005171,,monkeyT_session-y070316009-12_lfp-8,T,4,
7,False,True,0.6187206208695323,8,,5,1.4330155045612003,4,7.8062471925930685,False,0.0026096056796234,0.0059037271829955,,monkeyT_session-y070316009-12_lfp-8,T,4,
29,False,True,0.7152957494881921,15,,5,1.4356262191107267,4,7.251432954913189,False,0.002894468004599,0.0048779490827177,,monkeyT_session-y070316009-12_lfp-8,T,4,
33,False,True,0.9014156225757732,22,,5,1.4368930263452186,4,6.159144492490051,False,0.0057689161465068,0.003662905614437,,monkeyT_session-y070316009-12_lfp-8,T,4,
21,False,True,0.8480816693675178,8,,5,1.4262878942934685,4,15.85785222022697,False,0.0044221071793604,0.0058621530103195,,monkeyT_session-y070316009-12_lfp-8,T,4,
19,False,True,0.707474479052545,29,,5,1.441698290790535,4,6.405062975328044,False,0.0036170633924959,0.0060368628861837,,monkeyT_session-y070316009-12_lfp-8,T,4,
2,False,True,0.6063373300265451,18,,5,1.4293809103209854,4,16.75040290064945,False,0.0037897931841062,0.0050211103791344,,monkeyT_session-y070316009-12_lfp-8,T,4,
32,False,True,0.9482390470889428,12,,5,1.430653418709366,4,4.1831512200565,False,0.0038785707322941,0.0031009820161482,,monkeyT_session-y070316009-12_lfp-8,T,4,
8,True,True,0.8576070836816168,16,,5,1.4284802538479122,4,26.719917897294227,True,0.0079999999999991,0.0030928704167392,,monkeyT_session-y070316009-12_lfp-8,T,4,
20,False,True,0.7597822481839341,18,,5,1.4376002846952003,4,8.405727114390945,False,0.0030330312312667,0.0035095189911427,,monkeyT_session-y070316009-12_lfp-8,T,4,
27,False,True,0.704542732441751,12,,5,1.4193090115881817,4,17.91905571122416,False,0.0029943599462667,0.0025827279224106,,monkeyT_session-y070316009-12_lfp-8,T,4,
14,False,True,0.7784287207118125,31,,5,1.4254936969756349,4,6.809868029522602,False,0.010457964142315,0.0036389987127627,,monkeyT_session-y070316009-12_lfp-8,T,4,
37,False,True,0.8336679178646472,15,,5,1.4346251829701673,4,51.85768805943164,False,0.0044110821449336,0.0041499906029081,,monkeyT_session-y070316009-12_lfp-8,T,4,
67,False,True,0.708127941986823,22,,5,1.4350832479754947,4,6.048553057648392,True,0.0044842271353688,0.0040000000000013,,monkeyT_session-y070316009-12_lfp-8,T,4,
34,False,True,0.708358020984076,15,,5,1.4422926130814095,4,8.808011803664948,False,0.003169474303923,0.0032446671290173,,monkeyT_session-y070316009-12_lfp-8,T,4,
58,True,True,0.4829378812597382,9,,5,1.4458426301767948,4,9.6325241046422,False,0.0055570301885434,0.0053826735907431,,monkeyT_session-y070316009-12_lfp-8,T,4,
52,False,True,0.7416632662121447,5,,5,1.4455105508798385,4,21.48989646262138,False,0.0047132415895823,0.0025725930416697,,monkeyT_session-y070316009-12_lfp-8,T,4,
56,True,True,0.6473610110263119,59,,5,1.4315223809919992,4,8.381370795262342,False,0.010809693658826,0.0023867634054206,,monkeyT_session-y070316009-12_lfp-8,T,4,
41,True,True,0.8129686387251467,11,,5,1.4218892448632257,4,29.13868712382532,False,0.0036990221723609,0.0042078424800475,,monkeyT_session-y070316009-12_lfp-8,T,4,
53,False,True,0.8364681799987652,16,,5,1.4487245976008578,4,6.339454509182842,False,0.0035587350813877,0.0027834418348309,,monkeyT_session-y070316009-12_lfp-8,T,4,
63,True,True,0.7712761534378924,10,,5,1.4285092428038335,4,37.32705962626533,False,0.0048493026938447,0.0126174942189694,,monkeyT_session-y070316009-12_lfp-8,T,4,
66,False,True,0.7293616040698644,24,,5,1.4377869626801258,4,11.753403957761355,True,0.0079999999999884,0.0038225340255078,,monkeyT_session-y070316009-12_lfp-8,T,4,
48,False,True,0.5916047804621769,12,,5,1.4314761134798604,4,8.818986176541946,False,0.0107265586254268,0.0033193019622022,,monkeyT_session-y070316009-12_lfp-8,T,4,
36,False,True,0.5985517267420905,10,,5,1.442310219130985,4,29.47167402043761,False,0.0037462065422184,0.0082747261897146,,monkeyT_session-y070316009-12_lfp-8,T,4,
42,False,True,0.695767161948196,23,,5,1.4244556465564502,4,6.036265878382772,False,0.0038975185603331,0.0027174362581972,,monkeyT_session-y070316009-12_lfp-8,T,4,
46,False,True,0.6002409728571917,16,,5,1.4442865881580609,4,8.531647030902374,False,0.004206594877556,0.0076254025528026,,monkeyT_session-y070316009-12_lfp-8,T,4,
62,False,True,0.793501525849373,10,,5,1.43634355439137,4,5.75039323965751,False,0.0041036186790996,0.0039773403371388,,monkeyT_session-y070316009-12_lfp-8,T,4,
57,False,True,0.970620055837366,14,,5,1.4399298843125,4,8.695407260650239,False,0.0040307236234244,0.0075325096585867,,monkeyT_session-y070316009-12_lfp-8,T,4,
35,False,True,0.7586729263242615,34,,5,1.4448740847073194,4,32.64829773780965,False,0.0043758508335809,0.0279400026197595,,monkeyT_session-y070316009-12_lfp-8,T,4,
55,False,True,0.7013319111305146,12,,5,1.4291026541302934,4,7.949424349535354,False,0.007930849772876,0.0196038007486185,,monkeyT_session-y070316009-12_lfp-8,T,4,
47,True,True,0.9364564306663952,15,,5,1.4289275088035245,4,5.12211776521302,False,0.0066977252241164,0.0046285296159886,,monkeyT_session-y070316009-12_lfp-8,T,4,
65,False,True,0.6874074226777707,17,,5,1.4420525008517648,4,13.096756716875442,False,0.0075885098705752,0.0034434582545177,,monkeyT_session-y070316009-12_lfp-8,T,4,
49,False,True,0.968191993935614,16,,5,1.4337390626101691,4,7.965478366933052,False,0.005599295861165,0.0033064427268403,,monkeyT_session-y070316009-12_lfp-8,T,4,
43,True,True,0.6659429212313214,14,,5,1.4342912814611544,4,8.380402261275494,False,0.007402908554364,0.0038016379163536,,monkeyT_session-y070316009-12_lfp-8,T,4,
40,False,True,0.6725974685282673,13,,5,1.4295869858542587,4,13.17838459835986,False,0.0050839351030007,0.0028120629514027,,monkeyT_session-y070316009-12_lfp-8,T,4,
38,False,True,0.7713947469955901,49,,5,1.4379222028617828,4,6.712499103263678,True,0.0037744946383009,0.008,,monkeyT_session-y070316009-12_lfp-8,T,4,
59,False,True,0.7634156481330182,14,,5,1.444392947820437,4,9.990657741153914,False,0.0052095380143617,0.0281622818228419,,monkeyT_session-y070316009-12_lfp-8,T,4,
60,False,True,0.7689626861403082,11,,5,1.441612175413845,4,17.14361272516423,False,0.0196951876697315,0.0034511796792351,,monkeyT_session-y070316009-12_lfp-8,T,4,
50,False,True,0.6797706316924023,12,,5,1.4338534502224527,4,28.92895673209619,False,0.0026914504987889,0.003593376579456,,monkeyT_session-y070316009-12_lfp-8,T,4,
44,True,True,0.4979107779062593,11,,5,1.4433826389969366,4,12.114431026062244,False,0.0103770694208265,0.0024771380305264,,monkeyT_session-y070316009-12_lfp-8,T,4,
39,False,True,0.8612460927773126,38,,5,1.4377964242274894,4,5.790863410352018,False,0.0023996216896784,0.0053081231689269,,monkeyT_session-y070316009-12_lfp-8,T,4,
61,False,True,0.6341173816531169,17,,5,1.4406126827690586,4,17.386637955268974,True,0.017709212581622,0.0040000000000013,,monkeyT_session-y070316009-12_lfp-8,T,4,
54,False,True,0.5280102636298543,16,,5,1.4423391101284482,4,10.60971102347468,False,0.0042470864252637,0.0043603592593139,,monkeyT_session-y070316009-12_lfp-8,T,4,
45,False,True,0.6639026434679004,13,,5,1.428103608807276,4,32.81291955035948,False,0.0109666210751622,0.0165818047194079,,monkeyT_session-y070316009-12_lfp-8,T,4,
64,False,True,0.7518638282026983,21,,5,1.4445029949454822,4,8.082659795828398,False,0.0050322179246427,0.0080428476772569,,monkeyT_session-y070316009-12_lfp-8,T,4,
84,False,True,0.681537243749761,17,,5,1.4478765183551023,4,8.30213867073592,False,0.0032210711911373,0.0027345683233352,,monkeyT_session-y070316009-12_lfp-8,T,4,
90,False,True,0.7557398892341728,10,,5,1.42898924803908,4,9.638399532014716,False,0.0030114797243347,0.0064013313953079,,monkeyT_session-y070316009-12_lfp-8,T,4,
83,False,True,0.687736272911227,28,,5,1.442063960611612,4,6.533339765557877,False,0.0031014000550291,0.0035952018125833,,monkeyT_session-y070316009-12_lfp-8,T,4,
78,True,True,0.4737209241641408,7,,5,1.4442431660279529,4,11.53335886945102,False,0.0039573429042549,0.003698211980188,,monkeyT_session-y070316009-12_lfp-8,T,4,
98,False,True,0.8124833949196872,23,,5,1.4448685961506569,4,7.770209179787987,False,0.0082048066132436,0.0032332334674531,,monkeyT_session-y070316009-12_lfp-8,T,4,
88,True,True,0.7426577541789149,17,,5,1.4424744360205002,4,15.643601674697468,False,0.0040021712132469,0.0272688445025215,,monkeyT_session-y070316009-12_lfp-8,T,4,
95,False,True,0.69429259552874,9,,5,1.4378988195501825,4,7.245500184001051,False,0.0029928210979868,0.0068595903390384,,monkeyT_session-y070316009-12_lfp-8,T,4,
70,False,True,0.5440389020223111,13,,5,1.4429119209246049,4,11.87291252929426,False,0.0096331565997642,0.0109624584715799,,monkeyT_session-y070316009-12_lfp-8,T,4,
74,False,True,0.7091315664632721,6,,5,1.4242048992757903,4,7.857678359924343,False,0.0037818469519952,0.0070470735744931,,monkeyT_session-y070316009-12_lfp-8,T,4,
81,False,True,0.9009097987017868,15,,5,1.443018913325642,4,5.461837595486518,False,0.0109499151783289,0.0085168273801192,,monkeyT_session-y070316009-12_lfp-8,T,4,
96,False,True,0.8251268268065246,14,,5,1.429537929074475,4,10.68274608531259,True,0.008,0.0036864215594185,,monkeyT_session-y070316009-12_lfp-8,T,4,
80,False,True,0.646422451996138,31,,5,1.418084212896855,4,20.124936013490508,False,0.0049416247418898,0.0036423075823979,,monkeyT_session-y070316009-12_lfp-8,T,4,
71,True,True,0.7125980700067673,20,,5,1.4413099579986086,4,8.72982154979541,False,0.0070108502342991,0.0038475147993084,,monkeyT_session-y070316009-12_lfp-8,T,4,
97,True,True,0.7593682141185181,8,,5,1.4376384688855328,4,10.787296196834056,False,0.0038877904355443,0.0026393715622798,,monkeyT_session-y070316009-12_lfp-8,T,4,
87,False,True,0.8026401911884311,12,,5,1.4471686792391332,4,8.068726906162532,False,0.0114396979956947,0.0032707890364473,,monkeyT_session-y070316009-12_lfp-8,T,4,
86,True,True,0.6929212509091593,42,,5,1.4423743504991091,4,17.841112903394116,True,0.0043131710012866,0.0039999999990048,,monkeyT_session-y070316009-12_lfp-8,T,4,
100,False,True,0.6974261453760386,14,,5,1.4414408408849908,4,17.39471807954583,False,0.0182799812352589,0.0029611202027712,,monkeyT_session-y070316009-12_lfp-8,T,4,
68,False,True,0.669283996835486,21,,5,1.4425795695461117,4,10.20074572875664,False,0.018028866481154,0.0118680091571015,,monkeyT_session-y070316009-12_lfp-8,T,4,
82,False,True,0.6746155681961381,8,,5,1.4294204643155346,4,31.737784209797628,False,0.0070903514696221,0.0225804168320955,,monkeyT_session-y070316009-12_lfp-8,T,4,
92,False,True,0.8851875919747798,11,,5,1.4408500347850326,4,11.2304308810668,False,0.0043303144115718,0.0051596745361823,,monkeyT_session-y070316009-12_lfp-8,T,4,
77,False,True,0.7966074655541873,10,,5,1.431724644713915,4,10.495255906829405,False,0.0029925176310854,0.0078809229207812,,monkeyT_session-y070316009-12_lfp-8,T,4,
79,False,True,0.5811211048197127,13,,5,1.443892594277008,4,15.022862767041849,False,0.0069012443383127,0.0044022344907066,,monkeyT_session-y070316009-12_lfp-8,T,4,
69,False,True,0.701609087289563,20,,5,1.4427366862787396,4,6.169035733790296,True,0.0199999999999989,0.007999999696997,,monkeyT_session-y070316009-12_lfp-8,T,4,
94,False,True,0.598984635221564,14,,5,1.445345875968674,4,11.038271607190731,False,0.0024230758239145,0.0125769768820269,,monkeyT_session-y070316009-12_lfp-8,T,4,
76,False,True,0.7483581088651154,14,,5,1.441412989830632,4,16.675543125962204,False,0.0046263056001105,0.0047360587434663,,monkeyT_session-y070316009-12_lfp-8,T,4,
85,False,True,0.9094664027443834,14,,5,1.442340074419852,4,8.68227016597394,False,0.0080233434829133,0.0063624146383487,,monkeyT_session-y070316009-12_lfp-8,T,4,
75,False,True,0.8587133750543453,9,,5,1.445559403144333,4,14.19716130607329,False,0.004319331007041,0.0061416577122059,,monkeyT_session-y070316009-12_lfp-8,T,4,
89,False,True,0.6631627020667039,20,,5,1.4320181428906318,4,7.989460158047098,True,0.0052215655400811,0.008,,monkeyT_session-y070316009-12_lfp-8,T,4,
72,False,True,0.7943495621830533,16,,5,1.4437695261837753,4,11.055630389399749,True,0.0199999999999989,0.0039872947285122,,monkeyT_session-y070316009-12_lfp-8,T,4,
73,False,True,0.651641415351773,16,,5,1.4297611476944698,4,12.82303233055669,True,0.0037961602535032,0.0039999999999302,,monkeyT_session-y070316009-12_lfp-8,T,4,
99,True,True,0.7223170002510153,18,,5,1.4329114670056329,4,8.275684511853111,False,0.003073901840362,0.0047928360509219,,monkeyT_session-y070316009-12_lfp-8,T,4,
91,False,True,0.8732650543907726,25,,5,1.428373279925966,4,8.180529204513851,True,0.0091467838657846,0.0039999999999906,,monkeyT_session-y070316009-12_lfp-8,T,4,
93,False,True,0.6723189369835124,21,,5,1.435142466479672,4,15.983776127091934,False,0.0042138254233501,0.0042333165779568,,monkeyT_session-y070316009-12_lfp-8,T,4,
126,False,True,0.7734043876652132,13,,5,1.4451838108337138,4,7.661068783060351,False,0.0066808250504855,0.0088337681130319,,monkeyT_session-y070316009-12_lfp-8,T,4,
106,False,True,0.7653165154764202,6,,5,1.4302995723431882,4,10.661078178531357,False,0.0038974336194135,0.0175903752899735,,monkeyT_session-y070316009-12_lfp-8,T,4,
115,False,True,0.7748526494373417,11,,5,1.4364545026376347,4,9.863446941562588,False,0.0031669067778601,0.004399284303302,,monkeyT_session-y070316009-12_lfp-8,T,4,
105,False,True,0.5502446804553693,12,,5,1.425309585908724,4,20.251599244593624,False,0.0216338223319263,0.0035451172621083,,monkeyT_session-y070316009-12_lfp-8,T,4,
131,False,True,0.3710047232680371,23,,5,1.424601711528281,4,18.7264283086026,True,0.0199999999999989,0.0030830916043527,,monkeyT_session-y070316009-12_lfp-8,T,4,
133,False,True,0.8628128163772697,40,,5,1.433335439416544,4,6.143962714008427,True,0.0199999999999989,0.002665629630421,,monkeyT_session-y070316009-12_lfp-8,T,4,
113,False,True,0.683980057239943,9,,5,1.439665233848815,4,11.722084585101893,False,0.0067595826323603,0.0152054482239538,,monkeyT_session-y070316009-12_lfp-8,T,4,
119,False,True,0.517024674483259,12,,5,1.4422460360346196,4,15.925198611720043,False,0.0030615002810261,0.0183627782488633,,monkeyT_session-y070316009-12_lfp-8,T,4,
104,False,True,0.5613943406028215,9,,5,1.4251983716902887,4,10.375108786763686,False,0.0045818026388571,0.0027500148223964,,monkeyT_session-y070316009-12_lfp-8,T,4,
103,False,True,0.7753117520771863,25,,5,1.448230904770035,4,13.152362789842051,False,0.0042125342885515,0.0031880367192567,,monkeyT_session-y070316009-12_lfp-8,T,4,
121,False,True,0.6905970996031873,8,,5,1.4421364226781823,4,10.99160656051551,False,0.0065507807288849,0.0099985283471939,,monkeyT_session-y070316009-12_lfp-8,T,4,
112,True,True,0.9499427334082916,4,,5,1.445569872237791,4,6.204872887129222,False,0.004062335461386,0.0029290051695962,,monkeyT_session-y070316009-12_lfp-8,T,4,
129,True,True,0.6690268548927447,12,,5,1.4283508618762617,4,16.551310971077815,False,0.003706151465824,0.0105881426258696,,monkeyT_session-y070316009-12_lfp-8,T,4,
120,False,True,0.5400190792460634,13,,5,1.44037833305149,4,24.17999094676746,False,0.0028259642900083,0.0085806140762514,,monkeyT_session-y070316009-12_lfp-8,T,4,
102,False,True,0.7303215730376427,18,,5,1.4268108908956123,4,12.29168862234962,False,0.0028795086602135,0.0039910488093291,,monkeyT_session-y070316009-12_lfp-8,T,4,
107,True,True,0.7077966280961722,14,,5,1.4317861836868762,4,6.182477243722137,True,0.0199999999999982,0.0103237923271626,,monkeyT_session-y070316009-12_lfp-8,T,4,
125,True,True,0.7898729060725996,15,,5,1.4432615933071595,4,14.61515256889428,False,0.0227882640835745,0.0228228941164561,,monkeyT_session-y070316009-12_lfp-8,T,4,
111,False,True,0.7654819528411934,11,,5,1.422332158579385,4,11.83217347366544,False,0.0054061835063019,0.00283219799201,,monkeyT_session-y070316009-12_lfp-8,T,4,
130,True,True,0.6294072220096175,17,,5,1.4454357835991147,4,11.706252562071404,False,0.0096332822538947,0.0039965420246215,,monkeyT_session-y070316009-12_lfp-8,T,4,
110,True,True,0.6828148100500564,24,,5,1.4180000004408506,4,12.371348590893495,True,0.0199999999999989,0.0079375412807314,,monkeyT_session-y070316009-12_lfp-8,T,4,
101,False,True,0.8112780560296554,42,,5,1.4263976878669506,4,5.487900479343431,True,0.0039279098108018,0.0040000000000013,,monkeyT_session-y070316009-12_lfp-8,T,4,
124,False,True,0.8149405592525412,9,,5,1.4284123174574943,4,6.103966840227813,False,0.0036868324865624,0.0118334620631364,,monkeyT_session-y070316009-12_lfp-8,T,4,
123,False,True,0.9293441072083102,6,,5,1.437008075631651,4,6.441292322897705,False,0.0048319119316935,0.0027448072957838,,monkeyT_session-y070316009-12_lfp-8,T,4,
117,False,True,0.5743112514206257,10,,5,1.4324154777871716,4,24.87464564158762,False,0.0189285977392739,0.0023716875306654,,monkeyT_session-y070316009-12_lfp-8,T,4,
122,False,True,0.7146647538558377,23,,5,1.42326020156823,4,4.01826401205729,True,0.0199999999999076,0.0104477111732173,,monkeyT_session-y070316009-12_lfp-8,T,4,
116,False,True,0.4457233594787675,21,,5,1.4405948979678014,4,24.569569527905166,True,0.002987834457989,0.0040000000000013,,monkeyT_session-y070316009-12_lfp-8,T,4,
109,False,True,0.496787506380771,14,,5,1.4392472526339632,4,11.481341503781582,True,0.0043376910830019,0.0039999999999977,,monkeyT_session-y070316009-12_lfp-8,T,4,
134,False,True,0.8527282249116682,13,,5,1.425677413154732,4,21.5685402313356,False,0.0046427236579829,0.0089688311243358,,monkeyT_session-y070316009-12_lfp-8,T,4,
114,False,True,0.4941301047488942,15,,5,1.4448572563699864,4,16.33760531061827,True,0.0199999999999989,0.0034957741780221,,monkeyT_session-y070316009-12_lfp-8,T,4,
132,True,True,0.9232354279540518,14,,5,1.4400746540434457,4,6.658167674764818,False,0.0047459970005769,0.0031855692280977,,monkeyT_session-y070316009-12_lfp-8,T,4,
118,False,True,0.7432301950409205,11,,5,1.4363859341450351,4,5.679893564910608,False,0.0030235279286623,0.0031020288451912,,monkeyT_session-y070316009-12_lfp-8,T,4,
108,False,True,0.7439496025293514,18,,5,1.4246494976686266,4,11.603808796830542,False,0.011253529117833,0.0035580613176282,,monkeyT_session-y070316009-12_lfp-8,T,4,
128,False,True,0.5147170079651469,19,,5,1.4276904483428958,4,6.388405896790841,False,0.0052020902365215,0.0037103775526716,,monkeyT_session-y070316009-12_lfp-8,T,4,
160,False,True,0.6529487758956143,24,,5,1.4346190674571409,4,10.733754271988106,False,0.019786593835958,0.0031363360256282,,monkeyT_session-y070316009-12_lfp-8,T,4,
149,False,True,0.7781341105745733,10,,5,1.4429876443561986,4,13.585871762076788,False,0.0029188713016896,0.0066564457185904,,monkeyT_session-y070316009-12_lfp-8,T,4,
139,False,True,0.4329954416766171,18,,5,1.4292804768404472,4,11.35714528464442,True,0.017230102129615,0.008,,monkeyT_session-y070316009-12_lfp-8,T,4,
153,False,True,0.5337916601805288,13,,5,1.433233511935763,4,21.268401011261982,True,0.008,0.0117216543170606,,monkeyT_session-y070316009-12_lfp-8,T,4,
145,True,True,0.5701624627429535,17,,5,1.4412410377405305,4,10.545021993872178,True,0.0199999999174296,0.0087996472763869,,monkeyT_session-y070316009-12_lfp-8,T,4,
156,False,True,0.5506694249649006,15,,5,1.4290795288627047,4,8.49959135100735,False,0.002558894053215,0.0123522987522362,,monkeyT_session-y070316009-12_lfp-8,T,4,
150,False,True,0.6420694872552895,14,,5,1.44206356513859,4,14.367186099512146,True,0.0034893473777062,0.0039999999445523,,monkeyT_session-y070316009-12_lfp-8,T,4,
143,False,True,0.6388664002211328,18,,5,1.442884767659412,4,19.60998050248777,False,0.0030105739921553,0.003057468394175,,monkeyT_session-y070316009-12_lfp-8,T,4,
161,False,True,0.6465538008517886,13,,5,1.4293928614358544,4,18.844901516975185,False,0.0023637690407927,0.0048686083234192,,monkeyT_session-y070316009-12_lfp-8,T,4,
165,True,True,0.7590352881204018,15,,5,1.43828066156474,4,5.409408787634959,False,0.0024925528716499,0.005619042565895,,monkeyT_session-y070316009-12_lfp-8,T,4,
152,False,True,0.6657241650966158,8,,5,1.4305610115880198,4,8.720342280649001,False,0.0029258948244876,0.0045190310631966,,monkeyT_session-y070316009-12_lfp-8,T,4,
166,False,True,0.9078370566185954,11,,5,1.4397660371095626,4,3.8023502433451286,False,0.0041136786333177,0.0069614781877005,,monkeyT_session-y070316009-12_lfp-8,T,4,
147,True,True,0.898673536406456,17,,5,1.4399846368844438,4,34.04081897326935,False,0.007471807685552,0.0025351876993884,,monkeyT_session-y070316009-12_lfp-8,T,4,
162,False,True,0.9444477183630668,37,,5,1.4322569157839449,4,4.728800886971294,True,0.0199999789446287,0.0058696171392584,,monkeyT_session-y070316009-12_lfp-8,T,4,
136,False,True,0.6533921115159514,21,,5,1.4420906838399223,4,13.729340753807817,False,0.0050917672752812,0.003396666554547,,monkeyT_session-y070316009-12_lfp-8,T,4,
138,False,True,0.7702038646076071,12,,5,1.439262226714618,4,5.700967710084457,False,0.0043701143682248,0.0027942895068235,,monkeyT_session-y070316009-12_lfp-8,T,4,
146,False,True,0.7682028370094486,13,,5,1.4428807701449549,4,7.703746270011659,False,0.0045650783362596,0.0026057685107492,,monkeyT_session-y070316009-12_lfp-8,T,4,
163,True,True,0.6718584709256876,12,,5,1.427805490278816,4,11.52486615398707,False,0.0037745305460763,0.0025435208020248,,monkeyT_session-y070316009-12_lfp-8,T,4,
142,False,True,0.7508213325642947,16,,5,1.438255737478803,4,9.108884782703631,False,0.0028313183116361,0.0041486457563415,,monkeyT_session-y070316009-12_lfp-8,T,4,
151,False,True,0.7792068385749478,11,,5,1.4419400766794004,4,6.839724910457614,False,0.0027112117471892,0.0051776217244787,,monkeyT_session-y070316009-12_lfp-8,T,4,
158,False,True,0.6954336994340877,14,,5,1.4432591422318282,4,11.187556102197751,False,0.0031932071988958,0.0045954015648153,,monkeyT_session-y070316009-12_lfp-8,T,4,
135,True,True,0.7211626074666707,17,,5,1.4220768725263486,4,7.186715870963497,True,0.0199999999556146,0.0032678219394712,,monkeyT_session-y070316009-12_lfp-8,T,4,
155,False,True,0.7509147471036605,14,,5,1.426752870916538,4,15.051047932461213,True,0.0079999999999911,0.0101407977050822,,monkeyT_session-y070316009-12_lfp-8,T,4,
159,False,True,0.6899895660957687,11,,5,1.441924127191855,4,6.46615783604717,False,0.0026790431735426,0.0032876849989538,,monkeyT_session-y070316009-12_lfp-8,T,4,
137,False,True,0.8154172253612055,21,,5,1.4294230356792763,4,19.39912365990427,True,0.00799999999996,0.0077641165892625,,monkeyT_session-y070316009-12_lfp-8,T,4,
144,True,True,0.8153513403821987,10,,5,1.4243373046537298,4,24.436832252499016,False,0.0049102344551212,0.0034325543041262,,monkeyT_session-y070316009-12_lfp-8,T,4,
168,False,True,0.8732999651707662,7,,5,1.443787093318265,4,18.169240841633165,False,0.0027756954680606,0.0029999568882566,,monkeyT_session-y070316009-12_lfp-8,T,4,
140,True,True,0.945929648945065,9,,5,1.4440844116030294,4,6.799272631957037,False,0.0032404281598319,0.0042610123573609,,monkeyT_session-y070316009-12_lfp-8,T,4,
154,False,True,0.9113087655785964,18,,5,1.421417170099187,4,7.330216105033633,False,0.004894679296107,0.0030962821944573,,monkeyT_session-y070316009-12_lfp-8,T,4,
148,False,True,0.9399133108618232,14,,5,1.4379220590946802,4,7.1355098729883615,False,0.0035007979153007,0.0034570239025732,,monkeyT_session-y070316009-12_lfp-8,T,4,
164,False,True,0.7966577130822862,11,,5,1.4250528693732958,4,16.341551530153904,False,0.0043929784836231,0.0029313398044807,,monkeyT_session-y070316009-12_lfp-8,T,4,
157,False,True,0.6422783276123726,10,,5,1.4286329244610927,4,18.237566851528207,False,0.0041780806720588,0.015558323199122,,monkeyT_session-y070316009-12_lfp-8,T,4,
167,False,True,0.8395633672835096,10,,5,1.4393844251036867,4,5.3713252905883815,False,0.0050356101801938,0.0048915261799153,,monkeyT_session-y070316009-12_lfp-8,T,4,
177,False,True,0.963564399397951,13,,5,1.4303715298137325,4,4.172911667834926,False,0.0027482167946395,0.0027864637188921,,monkeyT_session-y070316009-12_lfp-8,T,4,
179,False,True,0.9357984977305048,17,,5,1.4208888400306223,4,3.9305593154781735,True,0.0199999999999989,0.0027621763638894,,monkeyT_session-y070316009-12_lfp-8,T,4,
187,False,True,0.5664506469427766,17,,5,1.422644580711436,4,9.745306432100593,False,0.0025562832799561,0.0138170339315824,,monkeyT_session-y070316009-12_lfp-8,T,4,
186,False,True,0.9333507724721666,11,,5,1.4412131710694882,4,11.688729867977129,False,0.0045062161493114,0.0050425255683528,,monkeyT_session-y070316009-12_lfp-8,T,4,
189,False,True,0.7054743537286704,12,,5,1.427131366516604,4,15.42883644041212,False,0.0040165708504282,0.0053632648003718,,monkeyT_session-y070316009-12_lfp-8,T,4,
188,False,True,0.6242969412430516,15,,5,1.4416576393921705,4,19.58990260507536,True,0.0027942805127114,0.0040000000000013,,monkeyT_session-y070316009-12_lfp-8,T,4,
196,False,True,0.7416292725767379,15,,5,1.4330806785660173,4,5.266054160940343,False,0.0025618590820863,0.0028972468663184,,monkeyT_session-y070316009-12_lfp-8,T,4,
192,False,True,0.6261694453643192,9,,5,1.4209259843149522,4,16.156226325719317,False,0.0040669606217065,0.0080560224415489,,monkeyT_session-y070316009-12_lfp-8,T,4,
178,False,True,0.7592722951513362,13,,5,1.436538840406702,4,8.024517897899873,True,0.0199999999995412,0.0037391129859312,,monkeyT_session-y070316009-12_lfp-8,T,4,
174,False,True,0.6351974829579103,10,,5,1.440259965136644,4,8.599632940218012,False,0.0032810372368188,0.0142261901360791,,monkeyT_session-y070316009-12_lfp-8,T,4,
190,True,True,0.7048939449059207,20,,5,1.4399672585383314,4,14.673007850794589,False,0.0031125074477458,0.0036272236891656,,monkeyT_session-y070316009-12_lfp-8,T,4,
176,False,True,0.634740312507204,10,,5,1.4282104788277343,4,8.753127845933845,False,0.0198012677417422,0.0228937059213967,,monkeyT_session-y070316009-12_lfp-8,T,4,
193,False,True,0.8474806159349443,16,,5,1.435784074079477,4,6.320952626222786,True,0.0079999999999396,0.0038372471643484,,monkeyT_session-y070316009-12_lfp-8,T,4,
182,False,True,0.908522005011021,12,,5,1.439158162145007,4,5.003372830094649,False,0.0176198931100186,0.0052939029796901,,monkeyT_session-y070316009-12_lfp-8,T,4,
175,False,True,0.8290204183407385,9,,5,1.4338730740701289,4,6.255114441107243,False,0.0036167086403233,0.0035041122596073,,monkeyT_session-y070316009-12_lfp-8,T,4,
172,False,True,0.6111066112605809,12,,5,1.43325069638566,4,15.68284085595646,True,0.0079999999999627,0.0026107049372958,,monkeyT_session-y070316009-12_lfp-8,T,4,
180,False,True,0.7346191854579825,26,,5,1.4322197763574382,4,15.765187165014265,False,0.0040740650865793,0.0028338886433658,,monkeyT_session-y070316009-12_lfp-8,T,4,
199,True,True,0.6812455544628238,11,,5,1.430263733598161,4,11.932373965228322,False,0.0108807803174364,0.0043381370403636,,monkeyT_session-y070316009-12_lfp-8,T,4,
170,True,True,0.880759991127977,9,,5,1.445565467147308,4,5.573110828244974,False,0.0195548540829479,0.0053442796713181,,monkeyT_session-y070316009-12_lfp-8,T,4,
194,False,True,0.6516614608828499,12,,5,1.4397112968489176,4,10.99728738788618,False,0.002544839691823,0.0077576274229871,,monkeyT_session-y070316009-12_lfp-8,T,4,
200,False,True,0.6218078008721448,8,,5,1.4273522483346994,4,9.675741683463608,False,0.0051392003375068,0.0033442773874607,,monkeyT_session-y070316009-12_lfp-8,T,4,
191,False,True,0.7425711269096229,19,,5,1.4325751466012089,4,15.742216242926704,False,0.0037167938735782,0.0208407661898224,,monkeyT_session-y070316009-12_lfp-8,T,4,
181,True,True,0.725658489877685,14,,5,1.4440905918698308,4,14.782683389203076,False,0.0028239244505243,0.0211435575743985,,monkeyT_session-y070316009-12_lfp-8,T,4,
183,False,True,0.7308702820972105,8,,5,1.4428549367431098,4,25.789375853959285,False,0.0041815849106363,0.0032549197343954,,monkeyT_session-y070316009-12_lfp-8,T,4,
202,False,True,0.6302981218956127,35,,5,1.428411709567138,4,14.468735452180718,False,0.0039142170444366,0.0042994631229458,,monkeyT_session-y070316009-12_lfp-8,T,4,
173,False,True,0.8139161207785459,41,,5,1.4459242160404326,4,16.84888082013618,False,0.0037827523742803,0.003310886321719,,monkeyT_session-y070316009-12_lfp-8,T,4,
185,False,True,0.7618271491187496,17,,5,1.438983884644611,4,9.244110892435724,False,0.0037622356403219,0.0100989249759884,,monkeyT_session-y070316009-12_lfp-8,T,4,
171,False,True,0.6214902164690738,7,,5,1.4284685075166943,4,10.158957516329844,False,0.0044449557910342,0.0032766635720271,,monkeyT_session-y070316009-12_lfp-8,T,4,
184,False,True,0.6857509390063915,12,,5,1.422995288533262,4,7.125475105533604,False,0.002748800388769,0.0040789195971111,,monkeyT_session-y070316009-12_lfp-8,T,4,
198,True,True,0.7872103447742637,48,,5,1.437213839783925,4,25.27259277025401,False,0.0101692527316843,0.012905692522823,,monkeyT_session-y070316009-12_lfp-8,T,4,
197,False,True,0.4638407623743759,11,,5,1.4439873767471312,4,19.02856513818443,False,0.0034832647460385,0.0034032732853876,,monkeyT_session-y070316009-12_lfp-8,T,4,
195,False,True,0.8569414120557913,8,,5,1.4369369548793027,4,4.857144581058972,False,0.0082992654590827,0.0139247262666533,,monkeyT_session-y070316009-12_lfp-8,T,4,
201,True,True,0.6586718122581767,21,,5,1.4210481211056183,4,10.308833770475289,True,0.0199999999999989,0.0092795102596721,,monkeyT_session-y070316009-12_lfp-8,T,4,
