R1,R2,band_half_width,mse,mean_error,frac_inside,normal_x,normal_y,normal_z,u_x,u_y,u_z,v_x,v_y,v_z,window_index
2.2882639160037574,2.1048593977627488,0.8910723391776774,0.727992977778471,0.014439883217030543,0.8636363636363636,-0.5055946972452455,0.0012367537382213102,0.8627702316130753,-0.5019974036814416,0.8128785424461497,-0.295342313134632,-0.7016926740493878,-0.5824319236364146,-0.41036623339963707,0
2.846017089588931,2.7497812038177543,1.0254021739173291,1.2916629240067252,0.013769077528749602,0.8560606060606061,0.7672412624697408,0.15544930783462185,-0.6222349699732211,0.5246348260532886,0.405942810791052,0.7483105863604336,0.36891617537846466,-0.9005808942348252,0.2299019540659209,1
3.8747180249207704,2.33873285426668,1.3469591129994678,1.2413068021521199,0.009644150243273038,0.8598484848484849,-0.0640508896758252,0.7454283047628514,0.663501413706193,0.6243925501012928,-0.48871584179963784,0.6093363351648053,0.7784802032869813,0.45331387407893525,-0.43413719566262376,2
3.6785547212034113,3.184092587746706,1.1095922300952148,0.328992397852612,0.007942451382589845,0.9053030303030303,-0.534734007529002,0.7153029704915026,-0.4498902106047718,0.4053734929421644,0.6842850183286605,0.6061570299112382,0.7414390550893866,0.14175921168297123,-0.6558753338029877,3
5.244048074476434,3.2722390296959816,1.7342814721122244,0.7073014126687043,0.010446869286002162,0.9356060606060606,0.8258467177955159,-0.559280728391274,0.07198795424582913,0.3186578954438175,0.5681928072612081,0.7586923483520476,-0.4652250470231484,-0.6036240557058289,0.6474593848231376,4
3.1711365364416153,2.1040392456370527,0.7186740648425016,0.30922880021043164,0.004140439392886631,0.9166666666666666,-0.47108023713010794,0.7579316659334522,-0.4512460525708599,0.5443445192268019,0.6523278717320399,0.5274062875519112,0.6940983032490307,0.002817363464187289,-0.7198747168014221,5
2.6536319252457155,1.4336970790684365,0.8564605616464206,0.4624873545032809,0.02072020072659984,0.8143939393939394,0.8694428156681907,0.18121954414150884,-0.4595962000540392,0.4795315694842201,-0.5333124656769813,0.696869634739195,-0.11882198513309408,-0.8262791845222064,-0.5505851842125326,6
3.47328520687396,2.7769168316586206,1.2413367835185811,0.6132344577026726,0.009979531461209197,0.8901515151515151,0.5785393946794661,0.5949553257872221,0.5579608670160814,-0.4592061478380494,0.8029360982101817,-0.3800307039947548,-0.6741082128202092,-0.03635632693809607,0.7377373075152929,7
4.3192289453608845,2.8449455143391225,1.55890878835777,0.48079249806032914,0.009574281215558547,0.8939393939393939,0.5033825559525483,0.7179712591976398,0.4807528193664964,-0.5192947541617356,0.6960727441433427,-0.4957980366649902,-0.6906076749231665,-7.633421280800468e-05,0.7232295856160103,8
3.2293387557251085,2.4315977156565705,1.1458072768747125,0.8017176644188215,0.01225789347418298,0.8863636363636364,-0.5737921805074704,0.7869920241575795,-0.22672910598517856,0.5444194861796008,0.5733316741843187,0.6122893224979068,0.6118577912034969,0.22789108207510456,-0.7574270249035322,9
2.361655801727979,1.7338268102838748,0.7978180808170627,0.40340602829639954,0.014835349438438884,0.8522727272727273,0.5818775621945135,0.7407343960531482,0.33575445956583805,-0.449687641449774,0.637031510480877,-0.6260765766116728,-0.6776426253873864,0.21331528111748152,0.7037734458615643,10
2.648112010585688,2.0683818118807915,0.931774300959992,0.44851037167451235,0.01180413413301047,0.8825757575757576,0.8339500794445167,-0.4578450351370551,0.3080668576702678,0.08261454580257081,0.6555458204382599,0.7506227508727428,-0.5456208407092962,-0.6005310991999312,0.5845171486598176,11
4.721230936112937,4.2889901417518335,1.3382808282179455,1.4168485420581545,0.0038254108994469987,0.9356060606060606,-0.15786912426606717,0.7091652095842325,-0.6871404842670943,0.7137842834669331,0.5628026394442109,0.4168515151828362,0.6823410703446349,-0.42466209455281173,-0.5950401408064475,12
3.289498559416158,2.4416075506326025,1.02134910197163,0.545168469809821,0.012939940473575983,0.8484848484848485,-0.2176097809068209,0.6949236494884538,-0.6853664017409477,0.8552090593739234,0.4741674069593566,0.2092432434804268,0.47038648792078913,-0.5405981793893582,-0.6974884661572955,13
2.86637778732061,2.305239641344515,1.0776062693355717,0.5790934802714549,0.011145393544058685,0.9053030303030303,0.7731762856614861,0.0775221029534685,-0.6294352666036276,0.5713087015874501,0.3457425174946284,0.7443577628311123,0.2753267127998478,-0.9351216151657218,0.22303086348907344,14
2.843317707114549,2.2211912551133897,1.0634985776939319,0.9973469495857522,0.0701520599525991,0.7916666666666666,0.9650624393517284,-0.018800248062706654,-0.26134467437709946,0.21495785588050564,0.6271418518458978,0.7486562748408336,0.14982525937820773,-0.7786781416837631,0.6092723063755434,15
2.708719667642786,2.7087196676427854,1.0646849243813148,1.0908801365774494,0.026587943858428328,0.8598484848484849,-0.38325801022181666,0.07089809467593618,0.9209162599129933,0.7832458659857052,0.5533829034504991,0.28336068108507645,-0.4895295813504192,0.8299041043036344,-0.26761907002840013,16
2.9075864619446583,1.5680732848363033,0.7169057651806794,0.20274107909775244,0.010420454852289552,0.8409090909090909,-0.5018616704438567,0.7356556794445278,-0.45491272244279113,0.5065979254154178,0.6762930799180259,0.5347767870988657,0.7010659068191069,0.037926130253437634,-0.7120872158239485,17
2.7073881190932334,2.7073881165889446,1.097958076108808,0.5670623172546343,0.010245847707175943,0.8863636363636364,0.07698820833965789,0.668252940694365,0.7399397428372009,0.66110479857837,-0.5897494102394348,0.46382763869663024,0.7463332104853049,0.4534684557668509,-0.4871889762208556,18
2.8506294040293754,2.516334242846221,0.9610341425705443,0.6458309316260704,0.011975294834107062,0.8598484848484849,-0.6109797368207651,0.6751744788268551,-0.41333180900496036,0.4664336607665787,0.7288884289765353,0.5011599527176994,0.639643182796719,0.1134067072311111,-0.7602601643231615,19
2.2198385702207353,2.206289315900401,0.8323437354750962,0.7533660698137951,0.013284149606815615,0.8787878787878788,0.8360089498238242,0.37365750938246894,0.4018321807627618,-0.2300998979632192,0.90354458460941,-0.3614709124954937,-0.4981396117272575,0.2097313741553678,0.841349914080413,20
4.231849510760559,2.8138022343630755,0.9803247067945586,0.8108177044777524,0.005100693703710713,0.9545454545454546,-0.3621870347715852,0.8205315488935254,-0.4422086940730119,0.4912942312782424,0.5712193012805414,0.6575245152519342,0.7921177501837007,0.020892274049566145,-0.6100106414882862,21
3.821661014767487,3.4655787968159673,1.5282306313166814,1.4147452264086233,0.012465266974893726,0.9242424242424242,-0.5775846613495519,-0.10020456417568441,0.810157394764798,0.6147546409139857,0.5995726801371118,0.512434710678265,-0.5370965373640385,0.7940224471333048,-0.2847027625436716,22
3.8117291336628294,2.2024626553886426,1.0558209713833773,0.4249972240797401,0.012253603642747385,0.8787878787878788,-0.5353421434502567,0.7627528452446668,-0.36279041679356705,0.52750209458875,0.6373834563352758,0.5616795080778533,0.6596592526832065,0.10931800703115149,-0.74357194923435,23
2.9935723392847984,2.842985919691787,1.2806796973162728,0.7385363581651668,0.04650462421223441,0.75,0.9298246439994952,-0.21090895393751993,-0.30156847408207865,0.36379027647028256,0.6504371962686213,0.6667743909718568,0.05552266345275239,-0.7296909392744275,0.681519161127489,24
2.700559584039284,2.4053434672645175,1.0546998806554009,0.8581822593755394,0.010802038494153622,0.8863636363636364,0.6453846301708301,0.04758399173550836,0.7623742144575563,0.7501289943769109,0.14889237740575514,-0.6443116883508683,-0.14417063131700972,0.9877078635310024,0.06039872005827282,25
2.8198875715807303,1.8235752370697715,0.7743557249556876,0.6291808158211174,0.013996582985512351,0.8939393939393939,0.878156004334786,-0.46443952427137525,0.11462094200163457,0.3162962762242419,0.7434706160540564,0.5892436751556014,-0.3588853545318358,-0.48119369422175573,0.7997836775927464,26
2.961427235764607,2.213797423853041,1.042128105553222,0.5553809721734224,0.012231686097223166,0.8787878787878788,0.8345019866270166,0.39370187109658755,-0.3854935421127165,0.21179285353299193,0.4166823183106323,0.8840359906698536,0.5086749664647509,-0.8193745677663683,0.26433897970174913,27
3.1545265650063277,2.9987957024022007,1.2927076776907032,1.1917240835210954,0.008997650787899795,0.8977272727272727,-0.6185970333188444,0.19133117372261835,0.7620564889370406,0.7855277777536092,0.17139886120288853,0.5946162970822692,-0.016846980340732703,0.9664444176155598,-0.2563227787636534,28
2.805577338111083,1.7992787110834405,0.7396029706700361,0.19890225860553748,0.012704652614194087,0.821969696969697,-0.4678671125885746,0.7530536895854666,-0.4626126949833367,0.4957963789443016,0.6569527282662382,0.5679780483867881,0.7316326370411235,0.036376550486017234,-0.6807278685282319,29
2.1747941613920387,1.77191907027525,0.7924253690053744,0.3484187288824685,0.014853457725176562,0.8787878787878788,-0.051238056516552576,0.6646648916962329,0.7453826153800754,0.7312371527512944,-0.4833723352276764,0.48129347800767364,0.6801962128684537,0.569712003808045,-0.46126060390676715,30
2.2106009828805755,2.106558303280861,0.8052282297992484,0.7519106677063839,0.03084459607049038,0.7727272727272727,-0.2072935514632543,0.30457068265325876,0.9296591218236279,0.3648341158680607,0.9058120402563554,-0.21540802126520145,-0.9077033939677221,0.2945186700274652,-0.2988867705080495,31
1.9347431164747326,1.8659944762733727,0.7122198668806534,0.6976180485551047,0.016078111351326262,0.8446969696969697,0.460332062955262,0.7046170600156885,-0.5400085097016531,0.2555436869888158,0.4773696263335947,0.8407232980560765,0.8501716390562055,-0.5250076557432015,0.03968810345069751,32
2.9959455236209167,2.995929245122102,1.1767623583702838,1.0905979605886,0.01413644548720972,0.9053030303030303,-0.6319813352000582,0.40536199431992254,0.6605158934648938,0.7351480947799506,0.5833090687289452,0.3454096250540505,-0.24526897622846774,0.7038694366852039,-0.6666415419101135,33
3.1755396140549417,1.7274188183554444,0.9936387414068569,0.40995225655290224,0.010715536602427082,0.8901515151515151,-0.19283358451050078,0.768407621447176,-0.610217122003902,0.5049197579657567,0.6109407796051622,0.609760118268847,0.8413508463777957,-0.19052845225144222,-0.5057940906950542,34
2.4753277636138407,1.578073123834577,0.6860594644467306,0.44788833561529984,0.014635903563554523,0.8636363636363636,-0.4737706574092753,0.7677814520362168,-0.43133862114021454,0.5704338840535925,0.6407066450738341,0.5139067803422762,0.6709296148639704,-0.002576211829489361,-0.7415165642324478,35
2.618097872596485,1.8748559869481949,0.86605531576177,0.4145475237636635,0.013427857949960995,0.8409090909090909,0.6524570445086639,0.7135222684443467,0.2553150553826645,-0.47974303174794786,0.6496934884137195,-0.5896990712237044,-0.5866399479751673,0.2622676944399476,0.7662044295701034,36
4.153205031592708,2.9630863016519213,1.3193716768509987,1.2108426586120786,0.010702615606464417,0.9090909090909091,0.8006117868391115,-0.5959415280138116,0.062245176221523445,0.42485134279031495,0.6378569677493078,0.642370473498685,-0.4225187608894443,-0.48784442590053434,0.7638623650987308,37
3.3729183776793032,2.6842486485109878,1.2177728896353184,0.4544149990090429,0.008675795603355982,0.9053030303030303,0.8198310741066192,0.17667448798969648,-0.5446679127897711,0.5725636633697768,-0.26442868969888345,0.7760465961865386,-0.006918187462621461,-0.9480841699752771,-0.31794424876780175,38
2.169991416019472,2.1699914125991984,0.7332845948360074,0.573141903943986,0.01262346565353117,0.8712121212121212,-0.5998817371961417,0.7337581859317182,-0.31896837767517566,0.6106462546988951,0.6774788281354679,0.4100409602105688,0.5169652338414561,0.051199238337961334,-0.8544738644293699,39
3.8832919766638847,2.2630723336787266,1.2667681344420394,0.3362390679684806,0.011286590505479643,0.9166666666666666,0.4351106543179029,0.7417186003034828,0.5104235853317213,-0.518563484991256,0.6698750615912874,-0.5313749277974944,-0.7360506983440543,-0.033480140709252926,0.6760979586164411,40
1.9961037300260063,1.7963188300660349,0.7843661699442094,0.323938817404076,0.015958990766832486,0.8560606060606061,-0.2499064962861937,-0.5821837931495842,0.7736981156161108,0.7978873133124669,0.3288765981893518,0.5051890917452722,-0.5485641059793942,0.7435739466639225,0.38232866420615946,41
4.932707499943834,2.5632870215688794,1.655677922703201,1.0789987259945972,0.006884187797455994,0.9318181818181818,-0.17618903573343114,0.7083096514212689,-0.6835604299480802,0.7559793498654357,0.5421149227752969,0.3668877663282969,0.6304384555722762,-0.4521159676541123,-0.6309821752853473,42
3.1584463285388518,2.6318670928630294,1.1692602550803586,1.0527801354736066,0.009220380978677,0.9166666666666666,0.8644985564408623,-0.4319369795799752,0.25704608844134075,0.16629566275558524,0.7283844895531654,0.6646817192664888,-0.47432899812297596,-0.5318707371624265,0.7015165860405235,43
2.5484599578382934,1.8488907940673052,0.7980949700049074,0.6774995114454329,0.013474724412582082,0.8636363636363636,0.6724310170782206,0.24269406699232704,0.6992396707266213,-0.651742330896475,-0.2536157464952961,0.7147803769321479,0.35081114775442857,-0.93636458870269,-0.012365097446559642,44
2.6579878818862004,2.4502957648723225,1.0784390870752816,1.1906822656730356,0.011644337539592856,0.8787878787878788,0.7007033537597743,-0.25897981444238416,-0.6647888880999688,0.677461704058012,-0.05069304219511146,0.7338091407224493,-0.22374192625571823,-0.9645515388948344,0.13992812173036495,45
2.490274475387184,1.9936642139442409,0.9163779166287263,0.5848125557851107,0.010646109925192932,0.8863636363636364,0.8180798724261947,0.2716869529033884,-0.5068841306977493,0.27710115823552184,0.5861084300257646,0.7613749774961518,0.5039447097010477,-0.7633237241661006,0.4041987403363862,46
2.8541824584291633,2.06888451719641,0.9763934359180508,0.8222109895096301,0.015410605487473241,0.875,-0.5815642370754975,-0.03533728309515081,0.8127326218248212,0.638851390933719,0.5986775208814721,0.4831709079541804,-0.5036386983313008,0.8002102863714436,-0.32559416322852786,47
2.2550647028783533,1.9518495010523333,0.7849791665145804,0.5991958731018849,0.015089412961067713,0.8333333333333334,-0.17954978161518836,0.6135736257771033,0.7689533676840732,0.6200130679458615,-0.5362879787530415,0.5726945079371181,0.7637706930082475,0.5795883104374316,-0.2841332766607684,48
3.3417518144819054,2.7872771561901373,1.3307571223589385,1.2666569594361003,0.0093102885237882,0.9128787878787878,0.8270137496043064,0.5457576538415665,-0.13489566797630884,-0.5096488515793045,0.6265505718748167,-0.5896544996582628,-0.23728949839662458,0.55640180100058,0.7963106992838846,49
3.3044363971716817,3.1267192388340956,1.37871470668779,0.8683414218871313,0.008895597184393814,0.9053030303030303,0.6511917692691348,0.3799032520289156,0.6569800596167193,0.7110067855503532,-0.002702155921000255,-0.7031799551002095,-0.265365089146044,0.9250222794350592,-0.27187341174024227,50
3.2858567156761507,3.0372612347150625,1.3172123100078699,0.7809588570292855,0.012507060862268278,0.8939393939393939,-0.46664805021676126,0.8112986961664058,-0.3521846430887996,0.5533252298646648,0.578446651097394,0.5993585419675151,0.6899788309970902,0.08481684639798684,-0.7188430394341934,51
2.7970610421542856,1.4782433564615933,0.8697371602644429,0.43742751507850736,0.014040563024444463,0.8295454545454546,-0.20063321790271607,0.4409903636630897,0.8747992975707612,-0.618061788109822,0.6358419890747624,-0.46228193887273944,-0.7600960057469655,-0.6334291310681454,0.14498826835907666,52
2.811777969881267,2.0172096380934468,0.7542485849685914,0.5321793565199011,0.011101204212433274,0.9015151515151515,0.7748598080101192,-0.6078678359453018,-0.17346173051626376,0.5837718187666262,0.5828454076332481,0.5652448092771294,-0.2424927659630831,-0.5392475543050785,0.8064795928178004,53
3.4701919840111413,2.316466845878575,1.2081113630859854,0.3855449726363959,0.009893498030642229,0.8787878787878788,0.16515122681613065,0.702435585088911,0.6923216890159706,0.6332710501494807,-0.6136693690097846,0.4715693825745123,0.7561037292089631,0.3605470209832999,-0.5461803697830663,54
2.9300835012666724,2.1348832140052143,0.8246982248428093,0.5999802119066112,0.011521516352401229,0.8825757575757576,-0.01653394757349465,0.5913596938435922,0.8062383897302644,-0.6113254659261758,0.632096650261434,-0.4761669869262447,-0.7912065490678025,-0.500746979247491,0.3510621874920905,55
3.2008637534336644,2.9138334353741433,1.3346974552419428,1.2998548463535955,0.014450778897968622,0.8712121212121212,-0.24286200625837076,0.9207134782949454,-0.30545824068468375,0.9317308306972394,0.30903998212354494,0.1907143114118903,0.2699920462613511,-0.23828760004478228,-0.9329112040384694,56
2.948399101917753,2.7719892588248123,1.0939165023090656,0.6044302028530115,0.012859631293199914,0.8409090909090909,-0.6305154477389391,0.6489511216453727,-0.4258083041437519,0.45761664583981787,0.7539134444999627,0.47138256613128615,0.626926850288676,0.10235702182759315,-0.7723249086166428,57
3.4841745283019123,2.6510445629988055,1.2431138907141215,1.0383956149109188,0.009150167460242302,0.9204545454545454,0.7715137465695356,0.01061090683089318,-0.6361241604517662,0.5961609595992268,0.33709808640121275,0.7286679562011559,0.22216806499577624,-0.9414097348130974,0.2537499992022974,58
3.540116631283149,2.521280054235209,1.0985591686894898,0.3494830049563162,0.01314792975058038,0.8598484848484849,0.7997424958317007,-0.5569155088343938,0.2241808564097535,0.26046703835478885,0.6583238069086336,0.7062341588934998,-0.5408963507841102,-0.5064137451502008,0.6715476576024819,59
2.8587852852504527,2.5949594009688144,1.1279452336116258,0.8156163019826986,0.010967663757338608,0.9053030303030303,-0.5875110273691526,0.21507209360770224,0.780112035076272,0.7600676062328208,-0.18418828013010563,0.6231949224907272,0.2777193307552656,0.959071776257603,-0.05525668566729176,60
3.1101906714369187,2.332894966231537,1.1016190719147367,1.0228457396289448,0.011839924858762393,0.8674242424242424,0.7657752143051967,-0.5868152237518832,0.2631277528670385,0.3319293778647656,0.711085582655776,0.6198227022700967,-0.5508277491794868,-0.3873050313539995,0.7393129265890983,61
2.777575961634438,2.7147436073140376,1.1838644793805329,1.0114750658183884,0.010394112261247252,0.8939393939393939,0.6533368462764034,0.632076296945747,0.4166899568467604,-0.4460093633047746,0.7660977134283217,-0.4627849839011273,-0.6117406420551708,0.11650685953732104,0.7824318107916358,62
2.955964362873211,2.4287374522154486,0.9324441648888296,0.5376606881026371,0.013736360990382003,0.8901515151515151,-0.5128586921762106,0.7566525470097394,-0.40552790898159036,0.4950601943796644,0.6465989245769966,0.580366465844332,0.7013496744136092,0.09688526120904853,-0.7062024358216125,63
1.8595716075621103,1.7611841094748397,0.6826779295614113,0.23583242686248398,0.016554795080059814,0.8371212121212122,-0.47657152377969275,0.31662587088150446,0.8201387935043866,0.61518532686399,-0.5463291736408323,0.5683937434914033,0.6280339133626047,0.7754176241983763,0.06558133689547802,64
2.806640785759233,1.6577222283947313,0.6869488361833114,0.20381256419061158,0.009282053700671304,0.8901515151515151,-0.4936457942478683,0.7295012366127688,-0.4734361367722498,0.6096666780460398,0.6785077296764703,0.4097972699391597,0.6201776934892917,-0.08634353797316349,-0.7796950826756439,65
2.8235605351492836,1.827596939537714,0.8300795333387139,0.6639332822414735,0.014202328561691619,0.8787878787878788,-0.19675572275953046,0.7586921321144648,-0.6210261139670233,0.5878707714469381,0.5982098476935457,0.5445667398958981,0.7846624380201697,-0.25793647820746946,-0.563714139941665,66
3.506774044240608,2.456547646805143,1.268429480282877,0.32064203260258,0.009311091500181126,0.8598484848484849,0.4724445736755388,0.6896953445617711,0.5487407917171443,-0.5609870149683981,0.7155186387957267,-0.41632516927608,-0.6797717954147442,-0.11114589162776212,0.7249530308460577,67
3.2262718686645324,2.1593449361718253,1.044834724365213,0.5703206199881877,0.012952206316176823,0.9166666666666666,0.813095394703277,0.5724706987209504,-0.10560860863712296,-0.5279346436531608,0.6487215747524623,-0.5481289360009156,-0.24527717207912436,0.5014355567334973,0.8296996392070055,68
4.261768220228509,2.492233646304205,1.1973096019712572,0.5945859208637447,0.01400999865290296,0.9128787878787878,0.7459607452985804,-0.5785236616538157,0.32992868832559574,0.25467247731300124,0.7055349431573971,0.6613337835640543,-0.6153734604066425,-0.4093052856860634,0.6736354261294493,69
2.281482206539319,1.6368041860511127,0.6722084246036901,0.5582568286467837,0.013284260717908036,0.8674242424242424,0.237169575423505,-0.6771544655021978,0.6965719075184321,0.6787784378192857,0.6284735502383746,0.3798431636904677,-0.6949895141979083,0.3827307493541722,0.6086926553308734,70
2.74381579341163,1.9609531375631162,0.8720705688177198,0.7024812372814637,0.017566768861841678,0.8598484848484849,0.8911019344556923,-0.08157203207650823,-0.4464116329042424,0.41195626549565534,0.5580083188433429,0.7203601539650145,0.19034016320313527,-0.8258163958680739,0.5308464020668017,71
3.7191201575539945,2.466114613212335,1.2206064334903173,0.7932717352845612,0.012414123291458934,0.8787878787878788,0.8495954885335596,0.4779822100674058,-0.22298096941779724,0.5007158820786894,-0.5980811200411905,0.6257655945195733,0.16574411391534316,-0.6432977387721439,-0.7474603052959162,72
2.448234143536501,2.436213944826164,1.0479953075611952,0.7184945711313553,0.012120096643838518,0.8522727272727273,0.7602595248850008,0.43917960223358804,0.4786718414567334,-0.6375112773252012,0.646001019139589,0.41983574711284777,-0.1248392009940118,-0.6243428226964414,0.7711103770813987,73
2.5639939552796918,2.1296686897677612,0.9122918591481404,0.5380544975354004,0.014450881493409033,0.875,0.5501250375348616,0.78852946800728,0.27492493732184997,0.5227721720752511,-0.5819162280035359,0.622962887891294,0.6512078770876403,-0.19898437544262815,-0.7323479495080982,74
2.4871799977376443,2.4863495522332864,0.9203110095902244,0.759237184126702,0.013909803040461478,0.8446969696969697,0.7879549189381985,-0.438555660299375,-0.43219900340060513,0.6139188372594745,0.5057253594888634,0.6060903579729962,-0.04723036077643236,-0.742906988518239,0.6677263656855921,75
2.9619035317095213,1.8121880819056688,0.9890097052433751,0.19281678351194653,0.012372344582375908,0.8825757575757576,0.34993972803973156,0.7210846940031266,0.5979791391126416,-0.5174761581884939,0.6809050938649219,-0.5182534889947955,-0.7808717003746233,-0.12808246259039194,0.6114198805492224,76
2.2623153788440873,2.0315369298830963,0.754790271506418,0.5827807688301148,0.015356628362573151,0.8371212121212122,0.8596305036894866,-0.2607868698678897,-0.4393467942651545,0.49699950753277444,0.6261665332623395,0.6007553263470937,0.11843515795041296,-0.734782744167779,0.6678827982771595,77
2.493115688135776,2.493115688135775,0.8790875794498502,1.1440213075930474,0.017202775501963443,0.8636363636363636,-0.47274300407986464,-0.23200760006675705,0.8501097138633394,0.45128196911625423,0.7648664711020896,0.4596997560738883,-0.7568742540502361,0.6009590292982542,-0.2568844266607043,78
4.131434948931662,2.4876449804173015,1.4574080812150874,0.8421018883392721,0.011765640456295459,0.8901515151515151,0.4100951763269361,0.6967201981900174,0.5885600324414173,-0.5088951420408583,0.7103250988094295,-0.4862756300788566,-0.7568670165627474,-0.10009605104816657,0.6458584208663452,79
4.633123359790056,3.7824335122114805,1.856698717224606,0.8868642734509496,0.006731536381297434,0.9166666666666666,0.6986886610087538,0.5729027293608786,0.42850509643252876,-0.1723313309061206,0.7160869791654123,-0.6764032455997527,-0.6943601856140083,0.39875042440179326,0.5990509424693945,80
2.7456983728313844,2.6944603313808373,1.0531433008407955,1.028016339061191,0.011860201773933793,0.8863636363636364,0.3735171415390978,-0.44875812095153594,0.8118504134731399,0.45533898819494456,0.8511977814084168,0.2610148324425132,-0.8081777965312248,0.2721736317232728,0.5222740309344306,81
2.6555583156367772,1.6219387871837636,0.7815250463925698,0.5084766523959561,0.015350250103421812,0.8181818181818182,-0.6018343216476723,0.2071626976039914,0.771284037179769,0.6250665347072923,-0.4789264190477634,0.616377572861881,0.4970787427318768,0.8530610188371774,0.1587438870148179,82
2.728275817766786,1.9699683061125641,0.9958307892455746,0.5812416511300322,0.02790641914424721,0.821969696969697,-0.17525454202761487,0.13647650445177656,0.9750179532866641,0.734873412224624,0.6771776402002102,0.03730297063522499,-0.6551693777215393,0.7230522853469858,-0.21897141171959494,83
2.573792911912482,2.573792911912482,0.8070859444744973,1.0400186111345313,0.042496374214643313,0.8143939393939394,-0.32012183452360493,0.10828662758397192,0.9411673694660965,0.7146050283215509,0.6798283714321964,0.16484246689916707,-0.6219820452061274,0.7253326076237975,-0.2950100739955589,84
2.258060368342267,2.2333587115877513,0.9301772625974247,0.5625500582940304,0.012546273370301972,0.8787878787878788,0.7451738077326179,-0.019500174110937123,0.66658513295671,0.38846999479000577,0.8251569262431148,-0.4101306014196794,-0.5420397212540096,0.5645669050543595,0.6224605612408046,85
2.6940234985010965,2.1590021668716957,0.9887705690226585,0.4258847132347674,0.012243107198054057,0.8598484848484849,0.5610168877048942,0.626240319430397,0.5413715120225929,-0.3585300109333673,0.7732811238151797,-0.522965137280921,-0.7461342258401191,0.0992943395710312,0.6583497179760307,86
2.7282696742373713,2.484689189976717,0.9345681259134859,0.8087270296374158,0.015395911743708078,0.8939393939393939,0.7075567002533474,-0.7018625309122504,0.08217361880825928,0.39710191903903125,0.49109841038664764,0.7753272968309748,-0.584528512411596,-0.5159567220389306,0.6261909286796867,87
3.60747834247479,2.9557456683222236,1.1457833650076659,1.0163197064152458,0.011462144170999368,0.8787878787878788,-0.2329168024904629,0.7010795326224446,-0.6739712546210805,0.6634632036915799,0.6212574463791103,0.4169601451767449,0.7110318842815166,-0.350038104006409,-0.6098417706902951,88
2.1789208564011524,1.5579042974133706,0.5733941249243999,0.3369615117450544,0.013004164308453659,0.8863636363636364,-0.5137904374437524,0.7368942429768641,-0.4393247785624114,0.500804850863804,0.673394073547125,0.5438151552346554,0.6965729593823181,0.059391046287833565,-0.7150236470762319,89
2.798320140130207,2.798320140130207,0.9686754974497747,1.1350078416184515,0.028121939793179698,0.8636363636363636,-0.5846474369648327,0.78034958106388,-0.22190517295430257,0.5942509635771667,0.5981223337145487,0.5376945844989243,0.5523161836648105,0.18249439784631458,-0.8134141798718841,90
3.0718274294023615,2.86279965286745,1.2103026993952728,0.25885036649818344,0.009832060333385963,0.9090909090909091,0.6413998752174765,0.44976553259359403,0.6215441784473621,-0.691198820199534,-0.012812381837142655,0.7225510596673647,0.33294202352027874,-0.8930547623536085,0.3026595453835253,91
2.9494442121129634,2.09868674749485,0.9260084055791821,0.5400417059777042,0.012223727901789537,0.8901515151515151,0.7098299763388287,0.5278712675705468,0.46636180114186243,-0.3361308413872716,-0.3279887167942998,0.8828586858177889,0.6189971422867012,-0.7834381446732681,-0.055382409768847146,92
2.297084541287246,1.588108050929204,0.8107045872829742,0.6022140799879826,0.013471278156215061,0.8484848484848485,0.7028899799204179,-0.5619177939813562,0.43611244987342496,-0.6218020952252804,-0.1876752388661441,0.760355284778101,-0.34540965606208207,-0.8056217459351886,-0.48131670652015845,93
2.595040956014189,2.4927806946390634,1.073598815064469,0.3349562551058593,0.01025782909215001,0.8712121212121212,0.34338638160555385,0.5626866707674357,0.7519770631265985,-0.18742141620563518,0.82561207738783,-0.5322010056537153,-0.9203037572863206,0.04181397149292479,0.3889634765793183,94
2.5532248350249866,1.8382849362956784,0.6284293906214602,0.2219004460368064,0.0074537087161433285,0.9393939393939394,-0.5163110249769943,0.7495255522843306,-0.41428778881361533,0.4907479711723129,0.6553932162282109,0.574130787288315,0.701847101780341,0.09311916341393325,-0.706214887359099,95
2.6365399223464063,2.0148238744311415,0.9442665879825808,0.7686259501379082,0.012158235588774534,0.8409090909090909,0.8050784178165916,0.36460566490540935,-0.4678797391262182,0.593086074788591,-0.5079332553128802,0.6247021018366452,-0.009881753781364438,-0.7804271377048244,-0.6251686441881581,96
2.382817037708629,1.8409853004502508,0.8137845711971324,0.28876340007171625,0.014596346125108349,0.8446969696969697,0.4222190599815381,0.5450390036256451,0.7243366274841212,0.7846170316896889,-0.6199138371972143,0.009107581121651108,0.4539902851061552,0.5644814602608219,-0.6893863227908152,97
3.2156128176857,1.8547496136760209,1.0592447350029113,0.7020639347744971,0.016261622228566,0.8295454545454546,0.7732084284019063,0.6331170058627371,-0.03621578572469637,-0.5358458749100357,0.6217377805399947,-0.5712366677578568,-0.33914292649287664,0.4610910855097986,0.8199860280963592,98
3.072070869585183,2.3858921274379608,1.1465497466565253,0.5723494893782018,0.02437825628180535,0.8409090909090909,0.8850049719491428,-0.35761268016916026,-0.29812643392951066,0.4632481864975499,0.6123364329829084,0.6406599804486772,-0.04655445555506199,-0.7050937978907474,0.7075842132523689,99
3.0933040518097243,2.547398822338015,0.961977580891423,0.4826467087138303,0.011998797426846518,0.8863636363636364,-0.15276229576433842,0.4491040348875569,0.8803233762888072,0.9643899337453954,-0.1268652583196595,0.23207167410530302,0.21590677776151607,0.884426804251885,-0.4137311823363537,100
2.182744074111405,1.3481533414907985,0.6292613719560552,0.3277975329397943,0.017661204835813727,0.8181818181818182,-0.6859603637749266,0.7020166918702611,-0.1913921201755843,0.4380580626693944,0.6084492617785152,0.6617360724424177,0.5810021626983046,0.3700838556012877,-0.7248961489504396,101
2.293028936914505,2.049075637877728,0.8135445789823449,0.720097891418589,0.0142052439733882,0.8674242424242424,-0.17362514363885584,0.5103742886447654,0.8422424799229354,-0.1745385482533111,0.8257457967684001,-0.5363582518177068,-0.9692216488863696,-0.24012905823675262,-0.054290245167221196,102
2.938558256284061,2.5829245926743387,1.1236082349945888,1.076976262198291,0.04099808924029265,0.8143939393939394,0.20769676047394944,-0.28844340507339167,0.9346991268629142,0.7337208568072404,0.677881711814639,0.046152888027771316,-0.6469279403261821,0.6762224388889518,0.3524307778392827,103
3.6574402608554917,2.754726943891297,1.370002820452987,1.04562138791416,0.008657715702956053,0.9204545454545454,0.8191474006952736,-0.5455788333413265,0.17703466480916688,0.2610906410265093,0.6294820355846572,0.7318360773045853,-0.5107144144260504,-0.5532595263401378,0.6580841005611238,104
4.177866097486792,2.6711397277709885,1.4029721264047361,0.9497844833527127,0.01276369815308262,0.9204545454545454,0.8002724605428595,-0.573104679094398,0.17639448885037337,0.3283808532570456,0.6650010786814831,0.6707753577514894,-0.5017270215075644,-0.47887847326077526,0.7203786530267099,105
2.113829545792617,1.6904825493839828,0.586715420834746,0.3587329311771912,0.01050907307750141,0.8787878787878788,-0.5562090974136796,0.6343221135953904,-0.5369049228291136,0.4004036151214435,0.7706788985417605,0.4957125985287622,0.7282227577822178,0.06074118492699579,-0.6826434819887507,106
2.3787588785003324,2.0211117136718437,0.720292943771343,0.6710783437348288,0.010106410192411142,0.8787878787878788,-0.4076873691647914,0.7223368607861048,-0.55858792376238,0.5368019268098468,0.6844570854780909,0.49331753416240265,0.7386709012792686,-0.09873174610282534,-0.6667963271605208,107
3.065850607211206,2.297972619067574,1.124424235561284,0.5183912729403208,0.01259988965658816,0.8901515151515151,-0.14642393822379668,0.7067266287017009,0.6921686951885082,0.7608561301151334,-0.36670621137396475,0.5353732378499846,0.6321850833270719,0.60503225271359,-0.4840227201227869,108
3.305644290427596,2.7993412326097324,1.305530788764558,0.64682572352275,0.010451999903093685,0.875,-0.41745607596558426,0.6775496851732448,-0.6055219638964826,0.11920501969966367,0.7014369917566726,0.7026921871443801,0.9008443749715147,0.2211618654221076,-0.373586457684422,109
2.4367706774040503,2.4367706713608666,0.9960911547736297,0.49133844220060624,0.012544886935914117,0.8863636363636364,0.5694228801680633,0.5063105422708765,0.6476165673656584,0.7291916024105939,0.05261575729674827,-0.6822838038953878,-0.3795223188627749,0.8607445712111466,-0.33923677957373893,110
3.0515672517209436,2.112516624276898,0.9982356142996318,0.5870791489187874,0.010079692351564406,0.9128787878787878,-0.33922861695360396,0.780243791365742,-0.5254936455133948,0.5591764449457673,0.6164633163183808,0.554341666349876,0.7564691988822534,-0.10579511174414677,-0.645415947644219,111
3.441563128254617,1.937731768250946,1.1017225645805224,0.17782595100910417,0.01167364396504948,0.8787878787878788,0.42872769991199744,0.7524211257957812,0.5000550057587441,-0.5392529977701052,0.6572176053469999,-0.5265654979372558,-0.7248439581897081,-0.043902946121694625,0.6875127399530225,112
2.0941256941471784,2.0941256941471758,0.8192275019932598,0.6299916823744148,0.029198132992076277,0.8068181818181818,0.8760463476311746,-0.14053586892855716,-0.46129433808206965,0.33756829759136886,0.8618447839410486,0.3785118397816275,0.3443696288341125,-0.4873122591707527,0.8024564292212713,113
1.9170371854337305,1.9170362899061937,0.6455553389409983,0.4774745816062208,0.015034420191131694,0.8560606060606061,0.7935696930387203,0.09083607022886163,-0.6016609931147344,0.3836764405971542,0.692752367527181,0.6106443696753325,0.47227061227767464,-0.7154320132834866,0.5148956235471489,114
2.5971615840389326,1.6832884354507471,0.8087267317783245,0.5232355003226188,0.017509078607541122,0.8333333333333334,-0.11111367080547344,0.667955199678551,0.7358597715478947,0.46325709135563353,-0.620266001162838,0.6329794270828875,0.879230697524177,0.41122492510042385,-0.24051495069392195,115
3.569584121878386,2.783676517927107,1.294227061263893,1.0010096284221597,0.010257407232576477,0.8977272727272727,-0.688461833044456,-0.22383873894619682,0.6898670331216328,0.5909210449512813,0.3783802358806608,0.7124890986735035,-0.4205147120788445,0.8981784989866279,-0.12822932926352967,116
2.3005969682698892,1.639868919548694,0.8125860136146761,0.4494991094793433,0.014150402193583695,0.8371212121212122,0.7070071248785543,0.11262709071089698,-0.6981805381195897,0.6355082106949679,-0.5343132733677949,0.5573496568961646,-0.31027445835943485,-0.8377496429966362,-0.44933873208167563,117
2.6197915952010984,2.252000570392935,0.9318987222298669,0.38291140721623074,0.011851430401975524,0.8977272727272727,0.5968680701002652,0.6219426533996235,0.5068883928213593,-0.3451350695822468,0.7693477137636586,-0.5375740684511198,-0.7243136686817684,0.14591583604553462,0.6738533061074125,118
3.238291451647608,2.2178109150437657,1.1299314819104767,0.8303931656826209,0.010758292150845035,0.8787878787878788,0.7984682187510532,-0.5513571524489334,-0.24177219461287075,0.46321139271708833,0.30611148885969625,0.8317036503738549,-0.3845565098936898,-0.7760805672296555,0.49981520971943294,119
2.531004595231896,2.1460607409436316,0.9531920637498676,0.6445726211439425,0.011846232688531152,0.8901515151515151,-0.6119913318306728,-0.005005411339480961,0.7908486300307044,0.7564976912407866,-0.29528292415459934,0.5835402624070327,0.2306032369926294,0.9553967451064671,0.18449717214225658,120
2.913912063625719,2.1413590696169584,1.0846030059073546,0.6864822935326448,0.011818416491466591,0.8674242424242424,0.052725701625233275,0.6937037429419795,0.7183280012754725,0.602030206238567,-0.5959906118902086,0.5313707004672757,0.7967305888218901,0.4044382617495815,-0.4490546306057891,121
5.120054136986501,3.2130008795261853,1.5124764477455874,0.849748929980515,0.007750349868439414,0.8712121212121212,-0.4621051847378884,0.7744710810903006,-0.4320339602313494,0.4423682232385654,0.6235364177226381,0.6446027387797655,0.7686150878737139,0.10675617232010934,-0.6307408075940881,122
2.6887131230475343,1.826336552820266,0.9349560290269366,0.7064640249925397,0.014344062793282623,0.8636363636363636,-0.5774024532444857,-0.13997987560883263,0.804370587112548,0.7245873527520795,-0.5418873621431293,0.4258300775911617,0.3762706143442285,0.8287120858139436,0.4143147397895953,123
2.5826064490121436,1.763754708547953,0.8179429408753373,0.5876821408084162,0.01527816717051413,0.8522727272727273,-0.07398399384356723,0.6262922861678983,0.7760698041681189,-0.5764926269680388,0.6081403324447778,-0.5457303245243431,-0.8137460412846533,-0.4877738290853072,0.31606023469113104,124
3.700990973699531,1.9427608595991759,0.9724712143494744,0.40208239577113714,0.011609201105328041,0.9015151515151515,0.7494013366389792,0.08767281723979722,-0.6562858476006841,0.5099810515617125,0.5557212420872242,0.6565769019247043,0.4222759331192357,-0.82673295459312,0.3717467660895099,125
3.493400981783538,2.1310957217882227,1.2222698226333855,0.2931618143259857,0.0098847166513735,0.9090909090909091,0.48047755964332317,0.6652524595483816,0.5714722038244955,-0.4648925889415238,0.745732122953145,-0.47724048606865177,-0.7436505869199892,-0.036369848234828694,0.6675784888033252,126
2.8741407183627556,2.289802913977641,0.9916644651202073,0.8621488583214123,0.011598468332803922,0.8825757575757576,0.0717926689722717,-0.6010269510714328,0.7959977492227068,0.75337946041106,0.5556800142183563,0.3516235350897711,-0.6536552618258175,0.5744443627402612,0.4926951114059862,127
3.1593322508407504,1.801752493469487,1.0006461800484685,0.27544004391511856,0.013147238898883038,0.8939393939393939,0.46765196029050005,0.7459813679693468,0.47414495956303787,-0.5623097273867292,0.6649531207347797,-0.49157412229626124,-0.6819893067510039,-0.03673072103375502,0.730439210071328,128
2.4788244006658267,2.47878800161809,0.8129207532599513,0.28233398262886944,0.010696538032598754,0.9090909090909091,0.6216156032601394,-0.5751717177980554,0.5317626696457425,0.6706784485241388,0.7415283998205787,0.018056880815524905,-0.40470292866346663,0.3454173233999218,0.8467008989167585,129
2.265971833220482,2.0062688786636302,0.8256663782369685,0.6215117862905521,0.01604868077964779,0.8787878787878788,0.5955936053761985,0.7213170308516793,0.3535109591487919,-0.653789107764273,0.6909782750971794,-0.30839718856131393,-0.4667205371566341,-0.047442221143664726,0.8831314601174498,130
3.7923066005330037,2.4159363313629463,1.228308363983456,0.5957080450396391,0.011224649173412232,0.9204545454545454,0.7449325126846319,-0.6122748366353609,0.2649435335472501,0.3451209306679296,0.6935371999981839,0.6323746480003616,-0.57093528071075,-0.3796388766206922,0.7279472704790615,131
3.250203000778714,3.1403332108051933,1.2596846019800088,0.880467989370262,0.028288818977062025,0.875,-0.1790104669720678,0.43237877084767773,0.8837442227447337,0.915256555348526,0.40270352393355807,-0.011632269900794245,-0.3609164593171014,0.8067703950516192,-0.4678256502825187,132
4.000930684353256,2.6932056929156802,1.261596954222154,0.8530912079452858,0.011127380566710483,0.9053030303030303,-0.5787430369767738,-0.321762464262501,0.7493499941566848,0.6298593315782653,0.4073027153051445,0.6613484108462325,-0.5180093817438846,0.8547358742306183,-0.03305851975723123,133
2.7348244607736394,2.5942378723947344,1.0932016607515629,0.8997125369863961,0.011080110702972068,0.8674242424242424,-0.47518176014889024,-0.29632111279393175,0.8284902491486357,0.5601310248097171,0.6242781224545202,0.5445457380884321,-0.6785687362879451,0.7228212946069209,-0.1306669284683626,134
2.501349594640878,1.8177260796521912,0.7776012907970129,0.5669979070355183,0.013222238042651534,0.8787878787878788,-0.5942583224099557,0.7895538993769089,-0.15317208043642722,0.5676262625448021,0.54665115948598,0.6156077776490912,0.5697872167010458,0.27888554966392903,-0.7730235299605852,135
3.536289702005906,1.7465596727955486,1.0721834791596871,0.42178810448148363,0.010533399204692512,0.9015151515151515,0.3609683480367374,0.80313310333892,0.4740032384244064,-0.5713377175129208,0.5921667436548067,-0.5682532536258709,-0.7370719532465977,-0.06569449010730144,0.672613685340097,136
2.6704720250452536,1.6870857393789234,0.8108622914711976,0.5067643139464932,0.013720904037000452,0.8484848484848485,-0.2636403694074385,0.7538086601447429,-0.601885586726827,0.5545896580258025,0.6289751843001092,0.5448123793981438,0.7892553875834695,-0.19016498475121832,-0.5838777369835538,137
3.2930357835694393,1.782881042554117,1.0115508529449466,0.397532018646887,0.015076859399108135,0.8522727272727273,0.515881519662785,0.6866211475669952,0.5122671738304128,-0.5409373597521111,0.7247796258941748,-0.42670981558093474,-0.6642687938589551,-0.056972744382579904,0.7453194455417667,138
2.5736031364059806,1.4987205951452094,0.8123779902462093,0.3624505459506021,0.01533515116589066,0.8333333333333334,-0.04657552137222126,0.6636865359097854,0.7465593766479495,-0.46609566412243864,0.646585716822174,-0.6038888496137499,-0.8835075283749249,-0.37609452648719116,0.279226349851168,139
3.378414630872388,3.3784146300699938,1.4644189157668976,0.6186685108119849,0.009138894067147817,0.9053030303030303,0.5523478404410314,0.47581363119073344,0.6844802784107207,0.7762974634642028,0.005612042044319919,-0.630341774915115,-0.3037665409145216,0.8795282220356442,-0.3662731156714137,140
2.861092519242805,2.5249389192237404,1.099717313815628,0.658112369048285,0.010491374084141072,0.8901515151515151,0.43741731145892276,0.7676865007106998,0.46831990376516,-0.4967371729641049,0.6403907486998592,-0.5857916608959731,-0.7496120841019553,0.02360350834504632,0.6614564216651984,141
2.3654175016552235,2.269726935199703,1.0090802083857273,0.4781843505613754,0.01081738318051853,0.8939393939393939,0.8680618413916161,0.23718063262107325,-0.43613528523757883,0.45460353896292266,-0.026712493275590003,0.8902932466695388,0.19951005458919407,-0.9710982392180872,-0.13101125106397454,142
3.5625271053048837,2.1901548943170943,1.1122399606920925,0.2610434571264048,0.010629518786625106,0.9090909090909091,-0.4549690017650616,0.7648397416225786,-0.45609579812536155,0.5338323335033857,0.6441950814768134,0.5477551795349925,0.7127595998225724,0.005732943030326787,-0.701384977187976,143
2.5044294933890523,2.504429492721984,0.8972162586992767,0.9031412123896315,0.012153038583809662,0.8863636363636364,-0.6124305407453685,0.2093079138335671,0.7623116357297556,0.7787228339646899,0.32573668962644203,0.5361775423245634,-0.13608666585796525,0.9220009795210886,-0.3624839488002406,144
2.6854628206496876,2.526685795425376,1.067526630850544,0.8180008996025254,0.011955751428852026,0.8863636363636364,0.20140203066843657,0.29762424949494903,0.9331972075371843,0.9784970174960951,-0.017843855562961385,-0.20548767254970457,-0.044506278140017244,0.9545163188396605,-0.29481822921065604,145
3.423691005686817,3.4236910056868157,1.2883486914679965,1.405890835129023,0.010491013904866862,0.9318181818181818,0.28621788664501285,-0.5782667339594464,0.7639940482492893,0.34967790659210585,0.8053968839752175,0.47860340672039997,-0.8920788547016598,0.13016698382802339,0.43272609502465875,146
2.9568405670389124,2.646028168015068,1.1477932361210355,0.8461905195381142,0.012941383817348934,0.8939393939393939,-0.6664222137954904,-0.05743248015710966,0.7433592288946986,0.7426521867532823,0.03705594213181975,0.6686513191965536,-0.06594818019085737,0.997661449278124,0.017957453989577075,147
2.6107477763904994,2.376435182723726,0.9440730849528813,0.4105319486159431,0.011236887293044149,0.8787878787878788,0.8241111467095487,-0.030211318901378063,-0.5656218649233,0.5048249379322053,0.4920558854879731,0.709248043774808,0.2568902487655338,-0.8700392415097642,0.42076016722391407,148
2.5902078338288765,2.537638474107833,1.0990352007100803,0.597382076861885,0.010440185205582124,0.8901515151515151,-0.41513939442751546,0.7051588472636946,-0.5748132595200751,0.546506983719359,0.698421740915813,0.4621008424165588,0.7273165747735466,-0.12230319677695442,-0.6753166132399037,149
2.2852557078071705,2.2847362247842393,0.8654407584331103,0.6151277661977123,0.012760790450441487,0.8295454545454546,-0.47100404483155445,0.7729185443372155,-0.42514951907764753,0.4717699682624008,0.6279517035706805,0.6189586052623985,0.7453779489614706,0.09095923153985042,-0.6604075494720449,150
2.6927875401334784,2.6926315125677314,1.0335944874176417,0.6189083072927962,0.012809479499509929,0.8825757575757576,0.4092643894053507,0.7722601363282958,0.4859186571874634,0.235644342610323,-0.6039572425504293,0.7613851804222557,0.881461515529983,-0.19710385843276654,-0.42915692424858043,151
3.1716684043895413,2.3451733660965512,1.0039673899147032,1.1050106602413199,0.012708422357004912,0.8712121212121212,0.7926324579607459,-0.5589885050859823,0.2434453486284863,0.2841171038936466,0.6919257198099261,0.6637139967942536,-0.539454592956806,-0.45691426925327516,0.7072609791940683,152
2.8853483264445505,1.7374049246963537,0.9243326233853788,0.337662887855846,0.012684759705439672,0.8787878787878788,0.28002933543342573,0.7770142540622517,0.5637662816103822,-0.5122255319140877,0.6176159500634503,-0.5968044425794363,-0.8119166064024335,-0.12165273203386975,0.5709571236412168,153
2.12252767005106,1.5161752815362897,0.6403629404261143,0.23166463652722935,0.016038668759633345,0.8446969696969697,0.330010728932376,0.7672557370782371,0.5499195874944381,-0.6008635242188386,0.6200350619560732,-0.5044993034766705,-0.7280494104474222,-0.16393643849266606,0.6656342089177067,154
3.0235106929781796,1.4736519076259749,0.7224733713114001,0.14952619433156764,0.013616617854012664,0.8901515151515151,-0.43603403512382344,0.7689712079911081,-0.4675014454462493,0.5866525164455021,0.6368161406962042,0.5003039355201518,0.6824317879186141,-0.056111355619770736,-0.7287924057018675,155
2.2223768465008056,2.222376846497171,0.8856014513683284,0.635800294127537,0.013361865880208748,0.8598484848484849,0.21931102960143511,-0.5758980817493029,0.7875557578563133,0.9637606866814472,0.25353322183866894,-0.08298339732386038,-0.15188156933105426,0.7772144522984488,0.6106305626448439,156
4.856582025857292,2.8140105995834563,1.5881590375515853,1.1737954158399744,0.009264374852396997,0.9242424242424242,0.046630545817149205,-0.6604729694991909,0.7494004595393011,0.6342537997685248,0.5991620644179959,0.4885969075235263,-0.7717173768135475,0.4525265485286871,0.4468467446460039,157
2.6053943885587887,1.6647685135774857,0.8377878444170967,0.5055034125794438,0.014956353274378992,0.8560606060606061,0.2875347898379915,0.7163899818384979,0.6356957908892105,-0.5215942404202925,0.6737916993802212,-0.5233967846736278,-0.8032827602987633,-0.18108047870422272,0.5674034430976335,158
3.69435456826703,3.225303271630684,1.3105435182740612,0.9748309413611069,0.010209138538372848,0.928030303030303,-0.5629548359768847,0.7710543715332684,-0.297585296662445,0.49921094981469283,0.6041850533199621,0.621086828816927,0.6586883027922623,0.20108599524629028,-0.7250476827633185,159
2.661279405631078,2.172058459962698,0.9692948812373067,0.7458856710166127,0.012336713654494418,0.7954545454545454,-0.15473693233049493,0.6781388223557352,0.7184596156966127,0.5387529101363,-0.5516545670721028,0.6367279956528994,0.828131501388889,0.4855975455482322,-0.2799879286057113,160
2.317223749535069,2.087390874328638,0.7206042798698526,0.35663053409678,0.010496547812475982,0.8863636363636364,-0.511941748327011,0.6957007051495531,-0.5039009577032953,0.43977451914537735,0.7161575286876912,0.541956424829885,0.7379119314866346,0.055847318273605784,-0.6725823803901729,161
2.6957305378113308,2.556141055296023,1.0103736461783568,0.749654995229315,0.01345117173573765,0.8712121212121212,0.8088380877618282,0.12287100389380536,-0.5750510100746868,0.48484266160290707,0.4139936355041284,0.7704134365727819,0.332728930626115,-0.9019489931055987,0.2752807159250328,162
4.122957353231522,3.2837094163333767,1.3611432021260952,1.2143982018172397,0.012408029207121472,0.8977272727272727,-0.4410168264264305,0.7244331093905663,-0.5298120693486282,0.6182873952419866,0.6731287838868595,0.4057318537998678,0.6505573423562594,-0.14864154978239996,-0.7447689802782117,163
3.5011349406407257,2.691013374257241,1.2904520134531756,0.7043222189215735,0.011480587935846455,0.9053030303030303,0.6170292734132874,0.7500078151878236,0.23825018973393944,0.4724357221643593,-0.5951713248846224,0.650058137752404,0.6293483647187071,-0.2885469999710112,-0.7215686139471549,164
2.821981928052884,2.2911843850923677,0.8906745406490221,0.6196276413590912,0.011723188034866145,0.8257575757575758,0.652788134239594,-0.6149510791279829,0.44238311685158055,0.28993421169194217,0.7423243042606741,0.6040635564197514,-0.6998612753157313,-0.26606352170719594,0.662875853935111,165
2.240473805478708,1.2976838735868128,0.6476348973888189,0.4666936786315585,0.01710475988459714,0.8068181818181818,-0.6188331528050037,-0.1062494782685388,0.7783036536963464,0.6952983758631543,-0.5351352067701416,0.47978169931452946,0.3655211314157893,0.8380580879883811,0.4050344968589468,166
2.307769772997028,1.8175897296451582,0.8057873258017035,0.2830949047592621,0.013680419478367763,0.8560606060606061,-0.4856148091397696,0.7816261708055299,-0.39145725980754265,0.569393012098326,0.6226015276923451,0.5368043735745395,0.6633022349711638,0.03778712514921989,-0.7473970017702884,167
3.823374221892742,3.095061481933668,1.3962346283681297,0.6692006406309263,0.010023363892289066,0.8825757575757576,-0.599595759409686,0.6976380885727168,-0.3921556102754723,0.43488299057104285,0.6953725282186609,0.5721309566093883,0.6718345851546407,0.1725054908441865,-0.7203333574246704,168
2.8019652114886027,2.8019652114884614,1.155647411438453,1.0049647546975724,0.010115456661394956,0.9053030303030303,0.7030771414149838,-0.13086368725993558,-0.6989686892676013,0.587687514335612,0.660347417140963,0.46750900971990783,0.40038221578107663,-0.73947006973372,0.5411821294668205,169
3.155387472857757,3.155346561960133,1.3144531605231862,0.8660814138199088,0.008671177581852376,0.9318181818181818,-0.6248117701588294,-0.003847829900577785,0.7807659355248835,0.7391348164827135,0.3192928194442222,0.5930698260023223,-0.25157498868936806,0.9476482942824388,-0.19665384666852773,170
4.611586227301514,3.036083047803997,1.1330951206869828,0.26780988064879074,0.00626205373413046,0.9393939393939394,0.6782531684863258,-0.6274209249560958,0.3825122512619657,0.14310002118124138,0.6233571198902831,0.7687316079230901,-0.7207600317554992,-0.46665713753175214,0.5125778893148664,171
2.499261876160898,1.800393420664383,0.799768969946845,0.3479282339474478,0.013121570253829493,0.9015151515151515,0.709767304692592,0.2799050542860275,-0.6464391183820402,0.4820164877011811,0.4762234503006107,0.7354395494994805,0.5137027143919238,-0.8335852601677394,0.20308898359451158,172
2.86090956364637,1.7198406894900007,0.9535563041832752,0.22958321926795622,0.012136171413489485,0.8598484848484849,-0.39498148643860154,0.7536886739164098,-0.5253027776253202,0.5453603141228458,0.6525067310979576,0.5261341023462447,0.7393049121645168,-0.078666058004589,-0.6687599705181486,173
3.464237814927362,2.503130162424831,1.2146405670655733,0.8940282507911033,0.009147883199180702,0.9204545454545454,-0.6561463138114072,-0.1850890676918615,0.7315832501449578,0.5223118167265183,0.5883291573643548,0.6172999017518085,-0.544667220401179,0.7871536315204968,-0.28935580071003897,174
2.22696499271303,2.2269637400771893,0.8465129152283689,0.3434487437925985,0.013518312011437678,0.875,0.7342178121062065,0.45120503073028184,0.5072851512016301,-0.6304928275961135,0.1760316595989672,0.7559706668705413,0.25179952092057833,-0.8748867784247965,0.4137271156229049,175
4.514060193404509,2.3675201822873375,0.9706696913247165,0.7330359678041173,0.0073824842169277006,0.9166666666666666,0.7052221970146003,-0.6865982166201637,0.17676125642207638,0.47038093203845854,0.6396506436183395,0.6079381818024553,-0.5304747228780382,-0.34558637567568373,0.7740585412840646,176
2.7735018116087633,2.2397120332939693,1.0941854015893984,0.767317838427834,0.011215919036040174,0.8409090909090909,0.7832594793245965,-0.6171504222346543,0.07503295531798032,0.5836042996676996,0.7714914454895251,0.2533909448773912,-0.2142676117791396,-0.15468130420988527,0.9644496278553862,177
2.3630280532137795,2.1752925729867205,0.9291336582598018,0.580436176549491,0.015121474034569551,0.8598484848484849,-0.23828688300651113,0.5072214529963252,0.8282184246968537,-0.5798118526853852,0.6098349542200626,-0.5402957931512657,-0.7791261623592052,-0.6089562597031997,0.14877733999405515,178
2.1798825170770137,1.8534419948762233,0.7452709774726181,0.23760002438134736,0.014952503033620546,0.8825757575757576,-0.39477388736565583,0.772455439690138,-0.49745971851731297,0.8525560064660345,0.5098120186617786,0.11506503146781594,0.3424935527756628,-0.37868760122443673,-0.8598219972680314,179
3.7055120488735125,2.387437066668794,1.2900659615317296,0.680902354269529,0.008707448883197272,0.9166666666666666,-0.3752388385089558,0.40788333814445626,0.8323622988450311,0.9240238976358071,0.09357287181131414,0.37070737011680116,0.07331882890759646,0.908226458613224,-0.41200612762736927,180
2.8544538367201047,2.8544538034218228,1.0784690482559685,0.8756934175750287,0.01647975357932339,0.8939393939393939,-0.5100270672189149,-0.01883390848931917,0.8599521350604861,0.7137626604005165,0.5486546485375398,0.43534002946676714,-0.4800158906974325,0.835836922209808,-0.26638578068054963,181
2.3052144109342194,1.6862242160605185,0.7229626685587659,0.3047474917329508,0.01456950773906707,0.8560606060606061,0.5402220578889584,0.6918205776450871,0.4791079382738686,-0.4864140007175614,0.7212998965826178,-0.49307999259333263,-0.6867033916300074,0.03332787927130759,0.7261733294380358,182
2.017175131573142,2.0169990168964995,0.8049306073869732,0.6832973165699923,0.01304644228786274,0.8712121212121212,-0.666834775707676,0.7451058433371297,-0.012192790154764795,0.2325001382152209,0.22356594979116648,0.9465526672213632,0.7080078160845377,0.6283594101458482,-0.3223187615457174,183
3.5326308388796988,2.9781224242463473,1.4239091635009797,0.48106578652070353,0.009979188605974458,0.8863636363636364,-0.2586625118803993,0.34033174866730426,0.9040287638105201,0.9348212383516876,-0.1475434627647877,0.3230173043692753,0.24331657829736883,0.928657755819888,-0.2799853840492925,184
2.2633813375528566,2.1378901702130113,0.8218377727849184,0.4525515431461506,0.014570510827752164,0.8674242424242424,0.7634100856199617,-0.15570341743665936,-0.6268664028102544,0.635826525933946,0.35200448062295253,0.6868897106087225,0.1137087071973461,-0.9229568199108291,0.36772413367577245,185
2.621807743028893,2.4354863604742976,1.0172136237759533,0.578880330579479,0.012194327370761145,0.9128787878787878,0.35884721627166183,0.7992940106494296,0.4820350193855511,0.5021013335084233,-0.6006472663338921,0.622187361117763,0.7868436479143377,0.018760223494723477,-0.6168671880974752,186
3.724344701515361,3.224488289449885,1.2882295358884608,1.0699001558938257,0.012268738987478474,0.8901515151515151,-0.6247999325895914,0.7207621296800162,-0.30021158647722024,0.489054930141277,0.6609961709871919,0.5691303341456874,0.6086463008517776,0.20877263795669823,-0.7654826360539139,187
4.81531273250346,2.6916939974393537,1.491124125981566,0.5095951318459141,0.00969250373556507,0.9015151515151515,0.4475771191359297,0.7224698969481079,0.5269838426648129,-0.5240373495947511,0.6894190336650361,-0.5000862448119089,-0.7246099493214888,-0.05233205541690644,0.6871693949239528,188
2.5538384867769506,2.1108307572899907,0.9652158578694372,0.5305876893730873,0.012790995440842568,0.8674242424242424,0.8263453231999346,0.31945428818930216,-0.4637912942079251,0.39890503431827024,0.24930225226642408,0.882452922602916,0.3975275844782793,-0.9142195276695607,0.07857782643029765,189
2.7828819629669597,2.014371065119551,0.9991040927857796,1.0730516302567186,0.050518780162200634,0.7727272727272727,0.9369825638889553,0.2965716901216863,-0.18468597019385727,0.3394549541560821,-0.647702605227999,0.6820935927567089,0.08266806558140845,-0.7018023708988375,-0.7075587771583352,190
2.783451235432915,2.418704082013379,0.9827631201230356,0.398174567961514,0.011286225351593225,0.8825757575757576,-0.5397090144413393,0.6704806404103695,-0.5090873113382997,0.29354323632470364,0.7166513748378912,0.6326477498189491,0.7890161900359063,0.1920065566012296,-0.5835982642909088,191
2.6390442537445913,2.4828403643702774,1.0424156356216605,0.7950066577763519,0.01465581802052653,0.8484848484848485,-0.370942734868232,-0.624420495454281,0.6873867414382583,0.5274448820561087,0.46755792446352357,0.7093599112327813,-0.7643319853579948,0.6256905242434092,0.15591017936848658,192
2.153255710684298,1.6006717497927752,0.6857855448173561,0.3961564916264855,0.016021283959533755,0.8295454545454546,0.815882122110411,0.5297845989694647,-0.23165630040077898,0.5198978033237046,-0.4967964310690594,0.6949097640530257,0.2530664673950287,-0.6874020546752888,-0.6807611756764571,193
1.8590356753311368,1.7977481974120615,0.6781800163431085,0.4193359750518441,0.015757144273105414,0.8484848484848485,0.5395236423482981,0.5419410348458106,0.644371130713875,0.7875652833398565,-0.5954709390916597,-0.158604177672306,0.2977501701511474,0.5930550357661157,-0.7480845946331296,194
2.745536434026254,2.3584932210275,0.9924611873039033,0.42653000432125,0.012381373775225867,0.9053030303030303,-0.100088295766578,0.6238590243781722,0.7751014454588877,0.9853789158158066,-0.04580130260865609,0.16410555427838486,0.13787938684302162,0.7801936672270966,-0.6101533547416804,195
2.8191193805656325,2.2357225816529014,0.9495504221867872,0.5283486202639768,0.011285097162484915,0.8712121212121212,0.619727302214162,0.6761076619023368,0.39851787965825597,-0.3764213165540139,0.7016331519705373,-0.6049941425333238,-0.6886545311940522,0.2249207628762722,0.6893225566402539,196
2.431485204964919,1.9516978397861044,0.7411246630456911,0.3978256294647449,0.01267293745976455,0.8674242424242424,-0.5426142584481287,0.6831502225892406,-0.48874895386594774,0.5925920299820685,0.7237096153744452,0.3536652069631728,0.5953187822759488,-0.09772495070780834,-0.7975245334650451,197
2.424198761068716,1.9328456981828723,0.863417380317197,0.5779880545453957,0.015157410491651185,0.8598484848484849,0.7103472126894691,0.20656560295908644,0.6728577034547879,-0.6813308588521444,-0.0380840617102959,0.730984175628615,0.1766213412928957,-0.977691288658028,0.11368661258962301,198
2.934044976187126,2.217602724499427,1.0228563828394173,0.9253082623213373,0.010840343908970746,0.8674242424242424,0.9249528990019131,0.18752905983134038,0.3305979224779403,-0.37213052833719795,0.6238004250583653,0.687307718257609,-0.07733695434547846,-0.7587528460676615,0.6467712996699754,199
3.0551476858280933,2.981666128214991,1.0986158200626577,0.7195716686534326,0.011814168868637471,0.8674242424242424,0.02270031017564457,0.4688060905447644,0.8830093687985784,0.7909085242166414,-0.5486715065745664,0.27096731204086255,0.611513206921473,0.6922285947151634,-0.3832377466003136,200
3.4370826347032133,2.677527500347523,1.1753286190618213,1.0657684832946963,0.010950940121875759,0.9204545454545454,-0.5264620039498629,0.8401748499337758,-0.1301690436926227,0.5608569173726388,0.4582658681912124,0.6895157085130226,0.6389657867463294,0.2899976130758867,-0.7124774436976462,201
3.997433995699357,2.7074621719544054,1.1422713094979633,1.0173801067156425,0.012751899375223353,0.9204545454545454,0.9467713920890588,-0.31804629208185625,-0.04970399596338517,0.24440122173320186,0.609706679623574,0.7540065037104884,-0.20950411436786612,-0.7260195045006566,0.6549837441857295,202
2.3264591688959277,1.6630063847533718,0.7279957258853149,0.263098898890358,0.015346789811449388,0.8825757575757576,-0.46921767230798833,0.7630530578182457,-0.4445051258963144,0.5124159587603224,0.6452102773499266,0.5666864946421171,0.7192111381239954,0.03812779768430968,-0.6937446286942563,203
2.6969703385950083,2.203356944875088,0.9323510665010262,0.48937085807780306,0.011858339127987366,0.8598484848484849,0.3734772671450003,0.7692455994408363,0.5184360507013479,-0.5938515186497055,0.6276116142325503,-0.5034322551027605,-0.7126395335113962,-0.11985353320332756,0.6912163379545788,204
2.5252914690865143,2.249732318111346,1.0118644484422568,0.5230875579464753,0.011520332781456005,0.8674242424242424,0.15931306827120484,0.5887158288027472,0.7924853432052287,-0.5901334359840948,0.7003201622916408,-0.40161448930711663,-0.7914302710988637,-0.4036896619990465,0.4589910486964588,205
2.248690381870577,2.247807347689759,0.9424911911543012,0.8153296851125184,0.013524066372088212,0.8901515151515151,0.0982337544858126,0.5479409502443912,0.8307291041759008,0.9931809485926812,-0.10664420414849278,-0.047102198187307785,0.06278322094447623,0.8296913454814436,-0.5546805733041575,206
3.6566617158804062,2.1547824742581683,0.9785778396499738,0.6444359844433474,0.0104234773648644,0.8825757575757576,-0.537286118321277,0.7183390076980772,-0.441941961210515,0.3153368176533237,0.6570938099012561,0.6846827122264199,0.7822316271358051,0.22850994509822467,-0.5795661191785431,207
2.8128040433000527,2.5566514234944275,1.0344609596101597,0.4275596011217644,0.010879343364265178,0.875,0.3404026698348067,0.6899581965138992,0.6388142996463237,-0.5600683052726274,0.694498302721592,-0.4516587217644261,-0.7552810839670108,-0.20403380744405017,0.6228327942726697,208
2.0394246675408434,1.6919014260805783,0.6607841242569187,0.5878602283804398,0.01668177684943748,0.8522727272727273,-0.5385589005255259,0.6974105015405412,-0.47283496381476237,0.5525651854258958,0.7159798634508462,0.42666679152255693,0.6361022138933193,-0.03148694132300886,-0.77096209116022,209
2.554520743161311,1.838075563355133,0.8526674538440752,0.6825339397611166,0.01510188243727197,0.8522727272727273,0.2298807048716397,0.7923263404169888,0.5651316942174985,0.6468867537269649,-0.5582387469472986,0.519525773431212,0.7271123636552381,0.24614725610522664,-0.640873730879618,210
2.5698978169991755,1.6886494337619216,0.820532374920485,0.4429291775859577,0.0132277858413528,0.8484848484848485,0.3008963732984213,0.5803227238883318,0.7567608001704925,0.9042913110052814,0.07837711997676734,-0.4196596858223302,-0.30285078401121335,0.8106062935870745,-0.501197405640551,211
3.2265377045747208,2.204226487813943,1.0661921974423965,0.6524313208397257,0.011361431274317286,0.9053030303030303,-0.2158191141953396,0.35079465413223004,0.9112437767031323,-0.6284090492001204,0.6643831039077738,-0.40459505449927674,-0.7473447509893538,-0.6599531815773912,0.07705596209599375,212
2.5013959295225825,1.7868837822698815,0.6046667929547002,0.28110236162910784,0.006216699200995037,0.9015151515151515,-0.5098006560111649,0.7457684936426412,-0.428873693551577,0.5583214781707144,0.6660843651663327,0.4945793621798548,0.6545077678254511,0.012687488756623039,-0.7559488140642832,213
2.734197955550377,1.7932661829597158,0.814848989019509,0.5757081304018055,0.016096678527130065,0.8333333333333334,0.8134673017785856,0.4325395805577436,-0.38881931560558913,0.5811424056498171,-0.5776623342706091,0.5732187470072613,0.023333522936130863,-0.6922540998910461,-0.7212765127823217,214
1.9508522925999443,1.5072541055775233,0.6226646221026214,0.16342764704355534,0.017844242713462525,0.8409090909090909,-0.505086274958338,0.697397084256062,-0.5084536967314265,0.46842252889556035,0.7163142144413622,0.5171791571712282,0.7248918466032006,0.023048927532477365,-0.6884769841235105,215
3.1368013692046404,2.5710165218965373,1.1657441386318301,0.7471859661134427,0.014029822234105803,0.8939393939393939,0.25149831507070847,0.2442185667404032,0.9365393153391148,0.8484763927050029,0.4099201879327348,-0.3347435593816515,-0.4656569644479727,0.8788189410706023,-0.10411945196093232,216
2.785647048649109,2.490225213731086,1.108664608460637,0.908959384272819,0.012138098123302658,0.8636363636363636,0.8902206268950661,0.35646991689436963,0.28361317635095296,-0.4460997141140708,0.8082380271583423,0.3843778564414644,-0.09220781158828048,-0.46870085321504584,0.8785312912341757,217
2.357783527279099,2.1382893269633465,0.8210845493845318,0.6049417546158246,0.01297374735859372,0.8674242424242424,0.5297329628192523,0.5589927283967382,0.6378950679401019,0.8464355874568725,-0.3964112571204868,-0.35553468398272287,0.05412748275391979,0.7282755280988962,-0.683143448173953,218
2.284790055774012,1.9133453801650164,0.7605847964480221,0.65283284866729,0.016692114774214818,0.8446969696969697,0.37101494229615933,-0.5818262744028418,0.7237583153287337,0.5029389192216813,0.7810802723806376,0.370089248195508,-0.7806409905488598,0.22669758382545277,0.5824155298089133,219
3.155273023314196,2.191918141054103,1.0957525656979519,0.6037048040236043,0.01174293554272745,0.8863636363636364,0.4105065895812652,0.7688172533689135,0.490310484114544,-0.5585322773073751,0.6370319319151518,-0.5312551297882091,-0.7207815446556579,-0.0557704997532677,0.6909150571821941,220
2.079044025410314,1.460073266519133,0.49106864962546376,0.30809719182468087,0.007220856428374078,0.8636363636363636,-0.4348411285302428,0.7816659796705807,-0.4471146264261283,0.6093567675475832,0.6209879174811309,0.4930094686579648,0.6630215100451158,-0.05807152975494598,-0.7463445415151202,221
3.0165362334191927,2.065519799689984,1.0100335542380168,0.6245692577943406,0.013622960604632514,0.8863636363636364,-0.4709906374382762,0.7295873198247681,-0.49585296429122805,0.52361822904168,0.6835904777560327,0.5084564966017582,0.7099237773597536,-0.020159401583145442,-0.7039899352029604,222
3.2596662750989642,2.336297247877183,1.0301842287400511,0.9522078620233504,0.013730412465363046,0.8371212121212122,0.09164802851136974,0.7369365279153537,0.6697202346458127,0.7222528433076896,-0.5121955467889461,0.4647650505185719,0.6855300644055936,0.44111254309261694,-0.5791962146996706,223
2.9079741029192125,2.1243972661862434,0.9470856713001374,0.7372670389914389,0.015372580833982165,0.8712121212121212,0.4544356169474735,0.5873418074957009,0.669714768552443,-0.10308599700419227,0.7814540456192685,-0.6153883747739551,-0.8847946356478552,0.21061618112804487,0.41566726714503005,224
2.704555847025728,1.852362261567766,0.9238727048629606,0.804384173614959,0.014570791710461578,0.8712121212121212,0.27288851172312323,0.7062262315323862,0.6532812335167015,-0.44042604001231433,0.6954249292626011,-0.5678107704501365,-0.8553109162454376,-0.13277303060362314,0.5008138964682581,225
2.9373571525629107,1.845195694216195,0.9924677732462832,0.6154536156674606,0.013139727828184608,0.8901515151515151,0.5706046749510303,0.7915994336045988,0.21858783507072718,0.583510258281538,-0.578104823389509,0.5703600543989713,0.5778633778015717,-0.19790186934605475,-0.7917757047959322,226
1.9258097980313487,1.6551983323017536,0.661603736331095,0.5195889113089792,0.017313479683429986,0.8446969696969697,0.8100407313775444,0.3027515304281524,0.5021708119084027,-0.3439000251522102,-0.4483615501193359,0.8250482974195483,0.4749387183728466,-0.8410192811095343,-0.25907485905112465,227
2.8933449689854354,2.379381230011045,1.0606351154420626,0.6446616886592283,0.012086747753591627,0.8409090909090909,0.5406956497156481,0.513930904623594,0.6659754046895031,-0.6270189673720568,-0.2815553335638429,0.7263427625421986,0.5607989202327808,-0.8103095824526128,0.17000868110546488,228
3.327859515003359,2.1804789342920565,1.1358141677099804,1.211090405681304,0.03970425956884203,0.8295454545454546,-0.24667180205442008,-0.32516029513005124,0.9129204809522913,0.7757024227835847,0.49842071438746355,0.38712083741019077,-0.580894804038478,0.8036464234602356,0.1292812929261991,229
2.6410990042541767,1.5528728426997442,0.7987550654476956,0.5601633630216255,0.0143837431172719,0.8446969696969697,0.5349438038692236,0.7307223181557787,0.4241226478873423,-0.6468968160098498,0.677140826956365,-0.3507204155807994,-0.543469995619118,-0.0867478773106006,0.8349342307294993,230
3.904357314356821,3.1626146007776805,1.213300857456706,0.7494659958996577,0.0093270274170589,0.8446969696969697,-0.5674917830408874,0.683036139578649,-0.4597985517708496,0.48501457023515104,0.7285682839534752,0.48368287366486334,0.6653675246363366,0.0514770594205301,-0.7447389942206122,231
2.404841742385987,1.9311236637332698,0.842876396592843,0.725474651115908,0.014522239093589507,0.8787878787878788,-0.2656465674062674,0.5388624376073353,0.7994117678400464,0.6731985035473165,-0.48987601072997994,0.553918106702547,0.6900983089726573,0.6853092494977442,-0.23262750591002232,232
2.4692819980457315,2.0924431461696167,0.878309897193791,0.6841177249379276,0.023513826272204722,0.8068181818181818,0.963394754223604,-0.12476794970082886,-0.23728359880508643,0.2597273793690504,0.6536880624680972,0.7107978653546946,0.06642466364632318,-0.7464079820809506,0.6621653028854022,233
2.679111597137422,2.557769161702209,1.0041398428101727,0.6348388285196939,0.012528730504979699,0.9053030303030303,-0.5801501781030598,0.6632912103050135,-0.47272670876426937,0.24376322802091327,0.6951717388500174,0.6762512418983551,0.7771777528415313,0.2770938899296656,-0.5649900146478999,234
2.4308086538413307,2.2251548083543966,0.8809281623463384,0.8459527299115042,0.015354584625032017,0.875,-0.575338741280473,0.3215155786171009,0.7520725134508718,0.5889069166693457,-0.4752614414681015,0.6536935105633729,0.5676037141182262,0.8189959065588625,0.08409357144884325,235
2.1879440683921763,2.1777940359664023,0.8115471018709084,0.6351413988968151,0.013820417555759794,0.8674242424242424,0.6811339195732116,0.48805025013371534,-0.5457687577639927,0.5099825797033896,0.21859231896225323,0.8319466127641728,0.5253326108342312,-0.8449996162337131,-0.1000064825847195,236
2.5473950446524265,2.5473950415060895,1.0184522184735731,0.7695056211240345,0.01806764937853805,0.8371212121212122,0.9039262919381643,0.1617772596072818,-0.3959108195249011,0.33057464224199223,0.32306356950552,0.8867639685761544,0.27136260731629824,-0.9324473434635921,0.23854619472586502,237
2.999189973308697,2.393738073667475,1.161849813338108,0.704648099577501,0.01083594685356469,0.8939393939393939,0.8491376308989067,0.5167661367880906,-0.10916979280233395,-0.4661839706703867,0.6361385987775957,-0.6148171993652007,-0.2482695899247109,0.5729576275907228,0.781077312245226,238
1.9139211023399394,1.1601045067057956,0.45297371130693875,0.10452820248012414,0.010225211403103495,0.8409090909090909,-0.4515274390591313,0.7705947734736718,-0.44978513411601656,0.5174763253596569,0.6368222687211236,0.5715554660338291,0.726870844420774,0.02531981745474643,-0.6863072798499877,239
3.334711294656469,1.7429668665616724,1.075207508887861,0.19474687176888342,0.010919383681525176,0.8787878787878788,0.44403582234849126,0.7794023600038079,0.44200016933457575,-0.542643582835095,0.6264646123332369,-0.5595355498107861,-0.713000792761965,0.00860527249201476,0.7011104184122124,240
2.3821138638011954,2.096466982970347,0.8771082400402135,0.32352987231121816,0.013059423846599737,0.8674242424242424,0.551553055786864,0.5009721224440526,0.6669453944560031,-0.6720941319130399,-0.20665985903465053,0.7110423197755782,0.4940432212876012,-0.8404276501863079,0.22271654698762466,241
3.346412450156756,2.087836779829401,0.921867683932639,0.588074224789882,0.020675134906013994,0.8712121212121212,0.9039341061423097,0.001710670313873615,-0.4276683356992666,0.3322685375969383,0.6267799829276426,0.7048010158366801,0.26925963432325944,-0.7791944087378331,0.5659994016920895,242
2.5060644200828786,1.8212265518502537,0.926803914470217,0.398624399590169,0.013463328646106517,0.8409090909090909,0.8052896669754327,0.5558209600940719,0.20632889420219605,0.2777055598131784,-0.6610920128084026,0.6970200661744137,0.5238207463545579,-0.5040043758947328,-0.6867251377134196,243
2.9811588405297607,2.4101726059594637,1.1532206275871557,0.894671857143899,0.010292959611557536,0.8825757575757576,0.33418146135021565,0.589414275490699,0.7354682608635187,-0.5396130858093778,0.7594316427713192,-0.3634299073837161,-0.7727486451059721,-0.27541676021155603,0.5718436321945493,244
2.598301992605677,2.5935043721358197,0.9876436107193934,0.8998211308853604,0.012242422705295587,0.8522727272727273,-0.40888518480244745,0.8340770402967782,-0.37030851529344455,0.5904721825096395,0.5511935270031635,0.5895153072415642,0.6958128392975883,0.022387198118114127,-0.7178741575158205,245
3.0241346772984605,2.2751869431618386,1.1539165361550134,0.6297397558407908,0.010749712588764055,0.8939393939393939,0.7979918631626719,0.0006636889743710924,-0.602667856985183,0.551143277746302,0.4037700383838436,0.7302128754675393,0.24382385798200773,-0.9148602710908671,0.321839417502448,246
2.4762242735099345,2.0766960483443864,0.9144058935332764,0.43267998037159733,0.012101735292113322,0.8636363636363636,0.5553173823334159,0.6817747922162792,0.4762412598429625,-0.47460583866087164,0.7300489909991045,-0.49170902844080494,-0.6829142719165955,0.04702768801077564,0.7289831916944229,247
2.480024503603801,1.8096081624921105,0.7497465178612589,0.7105345752122973,0.013455423461875352,0.8560606060606061,-0.6468446130048356,0.14309616021057317,0.7490764550829337,0.6512220751680609,-0.4075098699970989,0.6401917796010442,0.396865034288017,0.9019197274635573,0.17040818575301356,248
3.0985004113410284,3.036679140106735,1.3201847415378036,1.1861254095218694,0.011872691306646692,0.8863636363636364,0.7964011612691823,0.15968265276628554,-0.5833066438286297,0.5572518892995414,-0.5685155524601604,0.6051945129320078,-0.2349798336053323,-0.8070263422072668,-0.5417499061212376,249
3.2114709150877006,1.5214177553658044,0.8977355712745179,0.4539457315308173,0.01768467714758231,0.821969696969697,0.7970455114851089,0.21490617229688716,-0.5643879780170213,0.57564980215974,-0.5529331758981848,0.6024053521214757,-0.1826082087281217,-0.8050343098898629,-0.5644236015664645,250
2.1220393222049774,1.6016644166061982,0.6762911816780112,0.35550629307164594,0.015841990406929504,0.8181818181818182,-0.5710895139464973,0.7457198834929385,-0.3431597622443981,0.5984905365144267,0.6643581446764796,0.44770228199630574,0.561841476542118,0.05030020840219496,-0.825714263090852,251
3.889722202162021,2.6079000332549622,1.2956029032569036,1.1298417440971487,0.012558098037049692,0.9053030303030303,0.7971973567198036,-0.2656256893537635,-0.5421433090929889,0.5867413491874406,0.5523540661991603,0.5921482708806601,0.14216526858786618,-0.7901569329624285,0.5961887768976772,252
2.4669308636673635,2.4669308634215317,0.9371026239051405,0.9371541096232651,0.019778167637757516,0.8295454545454546,0.9679748829426416,0.07795803989908813,-0.23863606183322691,-0.18714146601191364,0.8576859458439925,-0.47890801830895235,0.16734006600659418,0.5082296354176803,0.844807634904018,253
2.17395776436109,1.815130369819308,0.6330946145910086,0.43665358454427133,0.010984479629816035,0.8674242424242424,0.7337040192303411,-0.25581374112863425,0.6294741789899053,-0.570095603762511,0.2722827753647358,0.7751471426834617,-0.36968826697083745,-0.9275890362059316,0.053936677452823295,254
3.1366275894140303,2.1244987160256157,1.1410852882688725,0.48558977446247104,0.019031197844227077,0.8371212121212122,0.9308030175878251,-0.16382911502828043,-0.32675030760268536,0.2147998433841188,-0.47812537189420046,0.851620312130465,-0.29574781441552034,-0.8628766712688918,-0.4098500706945895,255
2.7379584005410273,1.887897193251927,0.9533985571315785,0.2885388377106442,0.011431477733227679,0.9053030303030303,0.43562591773951787,0.7571332190925186,0.4868052468289582,-0.5373983546023307,0.6526196366824503,-0.534126032212599,-0.7221032254908646,-0.02892919568648286,0.6911801743197086,256
2.228805818282977,1.6845339129501609,0.6676848352858227,0.5353009404243649,0.01441777480559725,0.8560606060606061,0.6752117190013643,-0.32784318303757154,0.6607631813736417,-0.20489974577498604,0.7771803470151429,0.5949847076982466,-0.7085938390252688,-0.5371308551453876,0.4575862932237109,257
2.7954188676408385,2.5233562136764998,0.9968970267465758,0.7139815408544449,0.013344424326228219,0.875,0.3402444429283157,0.5573680374336283,0.7573470736087818,0.6938135218692595,-0.6924315821133344,0.19789214477436734,0.6347097887442534,0.45812593785924205,-0.6223054789513067,258
2.369651977483431,1.7214041022470319,0.794581476289324,0.3909864075531602,0.01585384644760989,0.8560606060606061,0.2790498412920186,0.7697121702438902,0.5741727623750015,0.7414941780331571,-0.5526457284180033,0.3804853253468091,0.6101783100191549,0.3195713908343098,-0.7249527958028666,259
2.4859990323159042,1.9941970946795018,0.868709619206683,0.7591009650225276,0.014966275531483378,0.875,0.7486792688899895,-0.2985036865644758,0.5919247430558786,0.6627543060209817,0.35771776129869165,-0.6578713651635092,-0.015364966156740212,0.8848353249949221,0.46565047563181206,260
2.2325432110698786,1.561677730361652,0.7080573135093602,0.578090169652275,0.015168534974470202,0.8484848484848485,-0.574345369904734,-0.44685094903196615,0.6858947626409065,0.4473505405051042,0.5303724841518547,0.720126740209237,-0.685569026414398,0.7204368517807942,-0.10471796702282077,261
4.418038229118503,3.162826907754063,1.627673155565437,1.1039099841621558,0.0085521953147369,0.9204545454545454,0.6674886541342198,0.6168586470363363,0.41706630909075904,-0.3643731219976391,0.7590512209472325,-0.5395122537479656,-0.6493774900377911,0.20815055501971702,0.731424788940874,262
1.4789686141310723,1.2200434328622782,0.4091981505553397,0.19910514083249786,0.012642895876060852,0.8560606060606061,-0.5834506004108432,0.70127792092892,-0.4096274825958798,0.5164388196866431,0.7096283886061047,0.4792895738538137,0.6267984862784,0.06809425601263769,-0.7762002511576453,263
1.957128944941083,1.5841569189025524,0.631767327402872,0.25127763442758816,0.016464013287411247,0.8522727272727273,0.45117244337972817,0.7355325898891384,0.5054060105951874,-0.5046076364928881,0.6773545768123168,-0.5353147769905746,-0.7360805387509084,-0.013512456563625236,0.6767590812023057,264
2.929668212240022,2.555908869198045,1.1738123944419996,0.3510689811465942,0.010241968680130236,0.8825757575757576,0.4711686259455826,0.7344414186482806,0.48846282202277447,-0.48787217835589186,0.6783612492361881,-0.5493694140748965,-0.7348339019879448,0.020538210940081514,0.6779360724880719,265
2.732731144248565,2.73034831291178,1.1238205592575516,0.31740074133987445,0.010831204554473206,0.8825757575757576,0.5351819701881948,0.6082872146009193,0.5861458208829416,-0.4510299728545077,0.7924610584458605,-0.4105818242856454,-0.714249411880993,-0.0446333440369614,0.6984666364456744,266
2.3736818924577334,1.7562375705002031,0.8410477589200432,0.46886361130360615,0.013170537762305692,0.875,0.8024877093292755,0.1979978162998786,0.5628590774926987,-0.5963955218083716,0.23763510322474396,0.7667085099842608,0.01805153573445567,-0.9509607891263681,0.30878426061213493,267
3.2800739309098876,2.1081886461044395,1.0976050061472222,0.3518889926234176,0.011255109791628517,0.9015151515151515,0.4432313932701194,0.745152853157635,0.4982902341516084,-0.5497149918601294,0.6650276162034237,-0.5055212136112686,-0.7080673412494369,-0.04985474017410915,0.7043828115010513,268
2.4113869816467646,2.14344931188132,0.8907989950953142,0.327184771384484,0.013406585537231591,0.8333333333333334,0.736155784832781,-0.5644660633754494,-0.3734336939198918,0.6684878446417296,0.5201377465442097,0.531583226020316,-0.10582373090893687,-0.6409639521200352,0.760241113107663,269
2.6177304583860876,2.2109850040775054,0.9716562166645543,1.030924043230128,0.014278398237851684,0.8409090909090909,-0.4565590886867628,0.7711712290475721,0.4436763843464848,0.8834224702945437,0.33384563805356093,0.32880363278299873,0.1054444759871225,0.542071974411026,-0.8336902524570702,270
3.654890552008535,2.7805013177405478,1.4205380085673367,0.7310772662004974,0.009375296878136022,0.8939393939393939,0.33020372251662405,0.5979052792581244,0.7303935779231828,-0.5823316163626435,0.7380277991789939,-0.34088833395040335,-0.7428696993555703,-0.3127686759799882,0.5918786743117966,271
3.1340852374605848,2.2877826152290885,1.1433166868990523,0.5970835207060358,0.011613692926946828,0.8712121212121212,-0.19513746750707306,0.5676772928071189,0.7997898849110975,0.9072995873159161,-0.20519980846975358,0.3670156637806416,0.37246318963260583,0.7972675396848646,-0.4750112025347913,272
3.5886220924855436,2.9180176566316316,1.1777001399272948,0.7715981905644875,0.011651545256466755,0.8939393939393939,-0.6529177672842388,-0.22446208397600143,0.7234052543503641,0.5605983157847485,0.4990445803032038,0.6608207284954843,-0.5093406693990457,0.8370013618430675,-0.20000200691238665,273
2.3185408631980566,1.9135702823994254,0.8204561577283012,0.3734245143254918,0.013119094537976241,0.8863636363636364,0.5639225211782919,0.6993888263520294,0.43914309704451693,-0.5688878076111642,0.7144581098364025,-0.40732821120118623,-0.5986301466341986,-0.02012160189761525,0.8007727946663723,274
2.410672367520898,2.038287618891417,0.679535938149383,0.17868865809362136,0.008289762509828689,0.8825757575757576,-0.46331924749653763,0.7396582266234382,-0.48809935739305454,0.6620209804225516,0.6550358423343484,0.36422008008578305,0.5891209522497105,-0.15438184169649374,-0.7931599779204654,275
2.5931386656239694,1.6560385835839022,0.8246003188230652,0.38035931571363757,0.011578905085785648,0.8636363636363636,0.4782800340833148,0.7337832969606706,0.482504178322625,-0.5117736609571532,0.6793681359264409,-0.525877034902976,-0.7136777486707682,0.00458355640973504,0.7004591794407884,276
3.3713536881015393,2.7836079930530877,0.9808896050603226,0.29005469133309425,0.009333642205781733,0.8977272727272727,0.07314964218095957,0.6562081479715225,0.7510259625236547,0.737761602359868,-0.5423187654304604,0.40199275459314115,0.6710863937915876,0.5246724913674871,-0.5237955983683297,277
2.9410063387079695,2.3650692660602854,1.1030656667430652,0.9372669110909401,0.010955363076295513,0.8787878787878788,0.1413908678192074,0.39093026358633126,0.9094955478228869,-0.07559237351192451,0.920306370066688,-0.38382545288387265,-0.9870635316757301,-0.014481513284109009,0.15967426282540673,278
3.044412191135971,2.1750490420819313,1.1243128985213373,0.6880596019446015,0.022592770343635372,0.8446969696969697,0.9062154704037386,-0.3409895141575612,-0.2499993448701839,0.4193645554171421,0.6494751959996982,0.6342833274183836,-0.05391559014527708,-0.6796382280417606,0.7315633862650197,279
2.404330687208443,1.745616880466118,0.8138519512963456,0.4717485363924874,0.015043538291023515,0.8787878787878788,0.3060649234641496,0.8037135353859417,0.5102634767081756,0.6258367415041922,-0.5737549946584531,0.5283309370914155,0.7173929436566122,0.1576380637470184,-0.678599738616065,280
2.187257314966807,1.7202235420660892,0.7107415835015655,0.3874370756438412,0.014028061122044844,0.8712121212121212,-0.49913725093900785,0.7529997728460808,-0.4287812342195034,0.5469016031329605,0.6575781331228214,0.518159854995833,0.6721314166259806,0.02413174118159911,-0.7400385245728067,281
2.974631489528437,2.0360333393549443,0.823966339096919,0.4341794237768505,0.010906276949511514,0.8977272727272727,-0.5292030544961158,0.7377643310511385,-0.4191037090514081,0.5398413732234636,0.6738280878503257,0.5045066895296623,0.6546108911927653,0.040736959295461755,-0.754867591885606,282
3.2582078971044157,2.3248690140240944,1.1777535499490697,0.5076041098626575,0.010587615156189735,0.8939393939393939,-0.5965604822124225,0.189078157012929,0.7799775904492873,0.7042226284376725,-0.3428236509573778,0.621725368583742,0.384949452082761,0.9201746545546927,0.07136192581716078,283
3.3214503490460863,1.8413901562297845,1.101069254993812,0.29422824249649737,0.009083571140812818,0.9015151515151515,0.4199431925714573,0.7664716307360218,0.48597217439865364,0.6403559869209374,-0.629696890589848,0.43980226920286486,0.6431111296093421,0.12650322232394118,-0.755251620133486,284
2.7579169662957788,2.5258229338900238,1.1459844391190188,0.7864375703192759,0.014672545522819797,0.8598484848484849,0.47295023216658666,-0.2876434518700064,0.8328140983976431,0.8776273845317033,0.23749998780277215,-0.41636994333612115,-0.07802725045529607,0.9278227203458591,0.3647694447132272,285
2.5144575576919714,1.5409484684999055,0.7166755451124771,0.5774467064386939,0.01575557593976565,0.8560606060606061,-0.702126605311511,0.00513280455400188,0.7120336259132317,0.5913631927241034,-0.5527925821763208,0.5871200349008631,0.3966204790538287,0.8333030753622874,0.38509502747616126,286
2.9168439846186383,1.8904087068515314,0.717718377228151,0.4199803145396513,0.007900427565398582,0.9053030303030303,-0.4783469218674682,0.739876015428084,-0.4730409116917689,0.5541993836126151,0.6721883920458187,0.4909437939339434,0.6812101478569705,-0.027317529044889377,-0.7315780799501622,287
4.177900279314181,2.5515127745680495,1.2788442084127674,0.9228785399411349,0.01668889843593479,0.8901515151515151,0.9061949901509065,-0.02053105144995715,-0.42236135684003756,0.33908970816545725,0.6320413678930009,0.6968083517641055,0.25264364160149255,-0.7746626266951978,0.5797145893972594,288
3.2891359199614856,2.893518323629642,1.299085140642559,0.5619133931662872,0.009044090977154154,0.9318181818181818,0.8346503924198672,0.17143205463957215,-0.5234212195501979,0.5482083724612201,-0.1668460920784666,0.8195303300803236,0.05316298333222104,-0.9709652064828063,-0.23323864388865623,289
3.6103593275116905,3.255250853796336,1.1382163137024555,0.8727822807510998,0.010713175583956841,0.9053030303030303,0.7456812253034963,-0.019809652933857683,-0.6660083241826009,0.5929284974506367,0.4757244997121523,0.6497091636144229,0.3039659637867481,-0.8793712401621188,0.36648453560134137,290
3.5374235091960027,2.2862685191334338,1.0933335692406956,1.1293256567053116,0.014035226560334638,0.875,-0.5318867575228092,-0.4505476102262099,0.7170099916258654,0.5018332859434131,0.5143139582689569,0.6954455445604308,-0.6820995750556578,0.7297177558817991,-0.047456995898625814,291
2.6875373362503,1.6208246705978773,0.8573408850214659,0.32618834100554783,0.013902153415517335,0.8333333333333334,0.1907551481891746,0.752231250824548,0.6306826608701572,0.6140971992656109,-0.5926805295805218,0.5211664030904956,0.7658309887262715,0.28788528121300005,-0.5749999665803931,292
2.8475008773315618,2.5853882313269225,1.0838864430538149,0.7025132390726897,0.020953179050442593,0.8446969696969697,0.9428973361237322,-0.2717526110386902,-0.19260096553346784,0.33095803402858426,0.6991528063981449,0.6337603119614957,-0.03756851398051489,-0.6613137467944035,0.7491680285877417,293
1.8431648329852222,1.5405585544290175,0.5937893884121641,0.5880150332192261,0.0178614163187479,0.8143939393939394,0.1276434483001704,-0.5812519950731568,0.8036499662972161,0.8134248872427885,0.5249685529289521,0.25049545155499137,-0.5674919408415406,0.6217347799979964,0.5398136348970304,294
2.3008441458251596,1.9667281687503981,0.8086285390534746,0.6255942569681876,0.014397204296803976,0.8446969696969697,0.8309248854573187,0.28846790720216675,-0.4757626522144671,0.5553666491531714,-0.3783179255598407,0.7405696673564731,0.033641042435101465,-0.8795804759739163,-0.47455923397335636,295
2.2477126587415377,1.8181597267631173,0.7456600222619971,0.6617745883274294,0.015104809038982208,0.8257575757575758,0.7701307179585868,0.17950847739885087,-0.612107330293093,0.6297400095833907,-0.3668221912022307,0.6847400969502992,-0.10161789993157021,-0.9128078585242024,-0.3955447077511681,296
2.805107975301182,2.0323249826131313,0.9925380702257454,0.7015827903481796,0.011891685074118552,0.8598484848484849,-0.4246441707176255,0.7783517108609751,-0.46243479808004617,0.5322855941342689,0.6278086979684686,0.5679157376162987,0.7323587744764641,-0.004985273806836332,-0.6809007067791915,297
2.70660566543519,2.093564785252224,0.8870789991662307,0.6516819189398511,0.013544493799276114,0.8901515151515151,0.46302546072842354,0.7496252115702022,0.472937062298527,-0.5719042914796565,0.6603235017937659,-0.4867220504209467,-0.6771505771277045,-0.045110033885467415,0.7344604691462085,298
4.1799912909761066,2.510249289105865,1.4282108931940976,0.8974724138734173,0.011125382763934193,0.9128787878787878,-0.11312529553795535,0.7109522810572027,-0.6940817830551459,0.5256347912944737,0.6356280908678466,0.565406929812955,0.8431552251455633,-0.3008717071431892,-0.44560686950548417,299
3.058261240008963,2.6795312305431187,1.0948328478553293,1.1693454879356866,0.013428517046745279,0.8712121212121212,0.44968722687010276,-0.5134554956479279,0.7308521409825776,0.811715503614518,-0.10649811105129633,-0.5742613460214218,0.3726920165253156,0.8514820058764874,0.36888894600793815,300
2.70040125307744,2.120456325431795,0.9087661814450438,0.7414016602332547,0.012860857598008169,0.8825757575757576,0.771935029860037,0.09553272568488218,-0.6284821461252506,0.6303724300543002,-0.24277689987783418,0.7373533591929614,-0.08213957086824873,-0.9653667050447332,-0.2476291898962132,301
3.149439102321692,2.433240624979977,1.2140062991570735,1.0883765033708634,0.03468695213192089,0.821969696969697,0.9484328693685858,0.19230893811283453,-0.2519769128773211,0.11933052073248071,0.5198324936942964,0.8458926677311278,0.2936585076632142,-0.832340946260295,0.4700778978589939,302
3.161741770057843,2.257764768996282,0.8496421829819829,0.43561685527065636,0.00892357378598025,0.8977272727272727,-0.5514946000013126,0.660473586836412,-0.5095373855379376,0.22657749075700118,0.7064645431712323,0.6705001789143112,0.8028177544447143,0.254327525709088,-0.5392598286679993,303
3.0049600678290034,2.1383592476636983,0.9907545655769221,0.5278624484422162,0.017429174031734516,0.8901515151515151,0.8784679340395671,0.44875842971500585,-0.16404255735624523,-0.45116699030593366,0.6660512040072999,-0.5939900171709216,-0.15729728453644842,0.5958117701087722,0.787569615257795,304
2.6643691938715848,1.628934482068814,0.7270776848110414,0.3372761958543542,0.014626310170313612,0.8446969696969697,-0.3798490085680401,0.762723668652154,-0.5234188914890981,0.5491561563599802,0.6412630967451306,0.5359189833218996,0.7444073123108144,-0.08387041212873911,-0.662437549771709,305
2.814313512672881,2.5886341312097088,1.1412181986039251,0.894298554331577,0.012422035892324414,0.8560606060606061,0.33291366803929806,0.40663825507487183,0.8507724837712392,-0.1937611706544684,0.9124855881331452,-0.3603146683052443,-0.9228353582190216,-0.04489299454226314,0.382569628514599,306
3.072678596397418,2.770032577807725,1.1741449974566704,0.992099828915536,0.012585341866802918,0.8825757575757576,0.6215899979465355,0.7431687736424337,0.24764096659403365,0.11129515843930259,-0.39671118487512025,0.9111715664478061,0.7753961968960105,-0.5388138915040882,-0.3293027910015705,307
3.3499481645867903,3.1085853406057695,1.1097095122120348,1.4305994193962939,0.013065445227549903,0.9015151515151515,0.4797182560175525,-0.435066001225179,0.7619632336414996,0.6362739628646674,0.7704599440423444,0.03933088871052121,-0.6041736828296727,0.4659496208864218,0.6464248693946035,308
3.4265256758099305,3.2936598532329824,1.3540286011016978,0.5270084486985717,0.01089807240523365,0.8977272727272727,0.6223451738592699,0.5946337789066009,0.5090158676871781,-0.15339973514327218,0.7303420054914723,-0.6656343412660348,-0.7675643333506639,0.336171420554975,0.5457414865758339,309
2.771843682568051,2.381769227375537,0.9842663620592054,0.4908882561352572,0.011687420858236418,0.8787878787878788,0.32439875472518387,0.7412202756165356,0.5876716353098019,-0.5634307209396314,0.6504455924587211,-0.5093783995739026,-0.7598100227255475,-0.1658705346526927,0.6286300144757905,310
2.7950013457502165,2.5936100097750705,1.1208107446458488,0.4625008618867167,0.04034430922556117,0.8446969696969697,0.9783705940139377,0.019159152224497412,-0.20597064755652264,0.14237773832481707,0.6599565608254973,0.7376895806861391,0.1500651871631947,-0.7510594282141863,0.6429542556762923,311
2.751487417492816,1.6130904622836892,0.761299336187891,0.3423894281474027,0.013814771124829345,0.8371212121212122,-0.48416125641388663,0.7589884357701826,-0.435344038841533,0.4984422005602394,0.6481705064713019,0.5756998933831776,0.7191267276971374,0.06173774297678383,-0.6921309129086345,312
1.9092398708108442,1.8428928517197498,0.6749689708628761,0.31316595349725196,0.01726613808188293,0.7992424242424242,0.5135193606390844,0.6142833080725184,0.5991276021619346,-0.3373790884469052,0.7865275339786928,-0.5172521522160459,-0.7889697186378963,0.06348587021440075,0.6111434588994298,313
2.516579387939439,2.4126984278074004,0.853227621011569,0.7312602857772237,0.04574820508171079,0.8068181818181818,0.05084728280400564,0.2078466970722009,0.976838934700919,0.8723018030428118,0.4670419161503683,-0.14478056833308844,-0.48631689076127016,0.8594600625245883,-0.1575572362207515,314
2.2685687710879856,1.8957735010467882,0.7663155862397607,0.693533987011331,0.01582970635126676,0.8863636363636364,-0.5423967516879925,0.6785332220604064,-0.4953770587326761,0.7044188686863772,0.6886372392774013,0.17196746819966824,0.4578207304141205,-0.2556783511381485,-0.8514862063253632,315
2.9768051827521163,2.47028237054258,1.1264390760553116,0.8086852238445655,0.011197718368629584,0.875,-0.6214078337736486,-0.4382874091730317,0.649427787429159,0.7292742222002785,-0.020592721929756468,0.6839115795464371,-0.28637634846285803,0.8985989576913136,0.332428188150711,316
2.7465257864682413,1.7165930158032645,0.7382296727010237,0.6214750697411265,0.011373653516274335,0.8560606060606061,-0.6545004915913978,0.7443803684181541,0.13238947699976747,0.657649792313049,0.4741264818764758,0.585406550914866,0.37299578707704256,0.4702147874079347,-0.7998576101567634,317
2.675490324266103,1.7778473505125085,0.8286628717201177,0.47629978350391233,0.01323826763740303,0.8295454545454546,0.7840196377230234,-0.613338780120882,-0.0955444842180205,0.5160754580445189,0.558528743005099,0.6493933821970194,-0.34493380418393205,-0.5584453277062783,0.7544265946361041,318
2.1597132168050868,1.838273244227113,0.7689164220428878,0.3647681922824609,0.01398185393901013,0.8371212121212122,0.5861975843465365,0.6663712775338565,0.46078380243253075,-0.26570842024913144,0.6954231392035463,-0.6676718451971717,-0.7653570588392038,0.2689534865700411,0.5847158237527206,319
3.474959801121589,2.815059799772547,1.3349721120456561,0.6694119433373023,0.008613446993048274,0.9090909090909091,0.5408627347199626,-0.3760671801302576,0.7523569486753743,0.8196443261330536,0.43644645401121557,-0.3710763687152934,-0.1888138788043291,0.8173664837818544,0.5442989531139591,320
2.4038037598537683,1.646449301025348,0.7955629097287864,0.7133474588777449,0.014620869801132303,0.8484848484848485,-0.5877967787568944,0.6658855175650189,0.45944686785327565,0.786390952243078,0.33693432836975556,0.5177494843997884,0.1899584615468435,0.6656363390494756,-0.72169525911119,321
2.57220270869333,2.571912796121682,1.0530333135099026,0.7649512484331834,0.010880196397955767,0.8522727272727273,-0.24702476700049095,0.5929043742383749,0.7664484115042279,0.7681612613723975,-0.36233191534413545,0.5278672746532197,0.5906835371119806,0.7191522690863539,-0.36594121502343546,322
3.1033780654353085,2.356469977570663,1.1309053957066229,0.5888104943270301,0.023010691175470967,0.8712121212121212,0.9090886606137473,-0.3867456553644904,-0.15487286786327,0.3804864387284847,0.6193698573706579,0.6867394336459542,-0.16966990625098524,-0.6832340578728068,0.7102135911649679,323
2.2339221761725025,1.7288304497728932,0.7383048411466211,0.5280824304465037,0.016426948314634704,0.8371212121212122,0.7672651936098394,0.019352761449074555,-0.6410379031688774,0.5695083346446812,-0.48017209918029435,0.6671544138646099,-0.29489723539751517,-0.8769607891993147,-0.37944089758724975,324
3.178668246835318,2.2963339824607503,0.9349474060844112,0.7746729081636217,0.01133483408188346,0.875,-0.5798865793433791,0.6961982690079563,-0.423130624426737,0.3762888840079905,0.6895323459843278,0.6188310105459893,0.7225913304693437,0.19963244744197928,-0.6618222231527658,325
3.214810970275449,2.4478421795712086,1.1863194172069003,0.5549428056082985,0.009953855169111884,0.8977272727272727,0.3932598313106087,0.7756572438524104,0.49366237970584104,-0.5899495251280472,0.6246970528802513,-0.5115790749472854,-0.7051994490062676,-0.09005238576523594,0.7032668803087815,326
2.3191258330634943,2.319116510102437,0.8058608879474418,0.8046559441609085,0.0132849111003993,0.8560606060606061,0.8699597376619959,-0.4834045722232816,0.09741701289147421,0.3168499754740661,0.6993402876377767,0.6407255692796999,-0.3778573115465085,-0.5265388700184803,0.7615646200228232,327
2.109312579049654,1.7587129185053032,0.7333907733045947,0.4232911131498982,0.01498161326380185,0.8674242424242424,0.5290802945967287,0.7670422734613817,0.36293276593969004,0.024605846418356746,-0.44138615412441656,0.8969798299121854,0.8482149457487029,-0.46564408475836117,-0.25240244083224134,328
2.89537087568019,2.033026327756917,0.7985766697343462,0.40011602140288904,0.009320710782799247,0.9015151515151515,-0.4708414374755433,0.7978908181527227,-0.3764021560293498,0.5304490838746134,0.5969586100156138,0.6018838653301896,0.7049341176113889,0.08372968551120485,-0.7043133035742314,329
3.296287325051279,2.8414581615691503,1.2469110157952816,0.8044123081150628,0.010143980247257007,0.8825757575757576,-0.5456536698592839,0.16804580307650308,0.8209888431869637,0.8342463106450236,0.016172158183018388,0.5511547463960283,0.07934208053903412,0.9856465235408061,-0.14901598869806168,330
4.6634687406643645,3.064319361615414,1.6532323711616583,1.2084533101548194,0.0077871181051630805,0.928030303030303,-0.5638157745590829,0.7918930339245778,-0.23455744537334325,0.6279717289922551,0.5955078716030026,0.5010208403303594,0.5364357183715669,0.13518800864199945,-0.8330431695744174,331
1.8885329799685595,1.657290251894937,0.6227492023631487,0.6209976379545296,0.016094537471024278,0.8257575757575758,0.7666564294412956,0.14742927001700076,-0.6249020159501633,0.6016017632956026,-0.5049679856021116,0.6189367107520505,-0.2243061247401542,-0.850453963397902,-0.47583066162748966,332
3.165333558932007,3.000106892571927,1.3157438625033926,0.5880394638718025,0.009358678828878064,0.8939393939393939,0.5043170326151323,0.7001882196787159,0.5053719300054346,-0.5235130664211344,0.713344381731725,-0.4659118611262477,-0.6867302235234798,-0.029601521496929073,0.7263094037835791,333
3.0764686780168464,2.15345563748149,0.9908385168946892,0.8499597445255084,0.011773359194198535,0.875,0.7987159852883343,0.22517907140009447,-0.5579849107711394,0.5915850222953544,-0.463265161870526,0.6598579780474587,-0.10990876325703228,-0.8571346309655599,-0.503229856187849,334
2.25892693154327,1.6784160641649217,0.6361321043865862,0.5116714013208511,0.012302596289364648,0.8712121212121212,0.731314612906023,-0.6680011120737098,0.13767153379838842,0.47772111849154486,0.6457569421421612,0.5956345394807061,-0.4867868834482922,-0.3698276435631772,0.7913697265875201,335
3.6977772604220283,2.9889245042590136,1.434788354939806,0.5287395385935237,0.009945609689321261,0.9318181818181818,-0.10661435170141376,0.5166732971860054,0.8495187366893263,0.9036576667408796,-0.30605803805218773,0.2995518297124477,0.4147724693753394,0.7996106435751011,-0.43426560689248206,336
4.08690206840739,3.4555470732400155,1.4081201160485888,0.9200692969764755,0.011742008393696183,0.8863636363636364,-0.15922832902710038,0.6245993225158418,0.7645404015145235,0.9790028256593645,5.759000892662555e-05,0.20384666795013115,0.1272784608102157,0.7809453777289052,-0.611493671608824,337
3.1535554221623516,1.8315249346536677,0.8820916979362481,0.5813472422594345,0.013681501445938299,0.8825757575757576,0.8143616280083594,0.5302919092994733,-0.2358084598972093,-0.5656077375351384,0.6341743094019008,-0.5271724884086841,-0.13001163820195705,0.56268413539582,0.8163844300976729,338
4.4185971977491825,2.6471953665076846,1.4160687623517587,0.9628145796028829,0.009740584485813478,0.9318181818181818,-0.5118246995833985,0.7749662078280752,-0.3707598328041165,0.4928588738206817,0.6183668545470822,0.6121376999448385,0.7036516235983352,0.13057492072415836,-0.6984444020001209,339
2.3525115873470406,2.228767620111375,0.9312429360803458,0.5371124668222439,0.01209272142501095,0.8863636363636364,0.3954255302052582,0.7248707609800438,0.5640931039625486,-0.5638118064808555,0.6763852806318645,-0.4739400795642294,-0.7250895785588733,-0.13063434472130986,0.6761507014301984,340
3.0096941274766724,2.875431700569615,1.171582676213092,0.6292658099981309,0.009697531356442949,0.9204545454545454,-0.49730832794778934,0.7671030423986257,-0.4052620748312708,0.6736540134663705,0.6357837780035047,0.37678808071413467,0.546694336073116,-0.08562657280519115,-0.832942610829349,341
3.0290893126943437,2.760835425576694,1.1900799696820084,0.906260257537134,0.01047614445971243,0.9015151515151515,0.6767875055820056,0.1534052625785439,0.7200177065192874,0.7351811784979019,-0.1917289016046694,-0.6501912511499238,0.03830544439793014,0.9693847810352064,-0.24254038679527598,342
3.974151745375729,3.667091944317598,1.3855182722509065,1.1263296168312267,0.008166563469129577,0.9090909090909091,0.29178047074084373,-0.6093951735229758,0.7372256638107181,0.4520518840378463,0.7671095625715042,0.455183493933149,-0.8429194807525124,0.2004505961534108,0.4993058255915477,343
3.5962817333159656,3.025940256871067,1.3298003712138442,0.6779949283198735,0.009323043330047315,0.8863636363636364,0.7670624486322923,0.1481828555402207,-0.6242251526670309,0.6337607772880401,-0.02364209767948927,0.7731677233230657,0.09981220902019514,-0.9886773450126485,-0.11204744704476452,344
3.628743221711137,3.2403445430062416,1.14271437272005,0.6946658568516872,0.007667036493866788,0.9053030303030303,0.4457159248798591,-0.5705572532954774,0.6897838320955432,0.36177026036378906,0.8196380200779309,0.4442024254312956,-0.8188159701818281,0.05155518164695022,0.5717363642628847,345
2.722333095191875,2.0187908124352867,0.9594648846952404,0.6287064806289637,0.01101760826390284,0.8863636363636364,0.34527512124627946,0.804987836921905,0.48247245833949903,-0.565312725097725,0.5887501934704654,-0.577749714436168,-0.7491372460977703,-0.07326521750654957,0.6583506621951306,346
2.652695886052071,2.6112499359372467,1.1063430913335937,0.7549184132071982,0.010227804876855888,0.875,-0.4032983591588795,0.36625599726682084,0.8385743723521737,0.7161576266443849,-0.44412236731540866,0.5383990867834371,0.5696215298764937,0.8176869005409367,-0.08318320374281724,347
4.400546021039556,3.5051421703891594,1.7522995255831078,1.2042186969590774,0.008297791621599234,0.8939393939393939,0.7384651040142273,0.08211581198031004,-0.6692729514750099,0.5160381026519371,0.570053759057998,0.6393304219222128,0.43402069854402725,-0.8174935505596728,0.3785899206644234,348
2.1003151727263965,1.8640609598525324,0.7767989550205511,0.5864994458525641,0.014695290518999258,0.8636363636363636,0.8116083260955773,0.5832003723924025,-0.03419430732882412,-0.4845298268503899,0.6392836834365436,-0.5971157500720745,-0.3263782650616707,0.5011922762106057,0.8014259356685218,349
2.855002406791065,2.7096809876523693,0.9900182929913276,0.8740797956201928,0.015414058868555847,0.8825757575757576,0.7297590677660917,0.4183989789213543,0.5407346830477338,-0.19241695135886108,-0.6332394818865869,0.7496555711857072,0.6560696760580592,-0.6511144699801836,-0.3816051979985311,350
3.988853149936306,2.6941493364801694,1.2495938220624379,0.7109552317448881,0.014239194561698896,0.8939393939393939,-0.4153735532974884,0.802442530090578,-0.42842828702462055,0.4827918655938577,0.593646246540871,0.6438137529474948,0.7709583813263989,0.06058151425779493,-0.6339976769616839,351
2.4356620567122236,1.8692261720210357,0.7657864180724748,0.6106948068711769,0.01508628657803087,0.8409090909090909,-0.16839119762019802,0.556362785183099,0.8136982584639962,0.6467580050383589,-0.5605923297932925,0.5171463261937866,0.743873972849459,0.6133487515600184,-0.2654332712320166,352
2.4515014327853457,2.1752263778995706,0.9089405579992011,0.34259482598549984,0.011504985998228492,0.8939393939393939,0.09769206749273406,0.7024003567306153,0.7050460969423912,0.6717214071098127,-0.5692651421433533,0.4740543736439114,0.7343341277507185,0.4272832044501776,-0.5274300446650526,353
2.941807371687823,2.268894164096774,1.0197660153718608,0.45661766838068135,0.014433541057669788,0.8863636363636364,0.31737924756352587,0.657276333965279,0.6835628969050129,-0.6035284975026987,0.6960018222190141,-0.3890177581678593,-0.731453187783159,-0.2890835247415097,0.6175815329208604,354
2.028338387519988,1.808357036755647,0.7203699842715431,0.5635405089921319,0.015509806562433224,0.8295454545454546,0.02787423593058494,0.6442660512405715,0.7642933220892142,0.7938059289883006,-0.4789603202639495,0.37479215402096683,0.6075320354304843,0.5962535256344705,-0.5247728642890718,355
2.513630129762089,1.8862216019579026,0.8651132583321887,0.802047101073408,0.012836058990884728,0.8863636363636364,0.44602852698226764,0.7144530363984626,0.5390875734971505,-0.5286077742080483,0.6963296473320305,-0.4854882524770946,-0.7222412160523946,-0.06842427220999264,0.6882483162403605,356
2.6247382334649525,2.6171262887441937,1.0978190221372885,0.8763269116038468,0.011499424701794506,0.8598484848484849,-0.43202528228290615,0.8031702466245159,-0.41020934948571036,0.6210177022195204,0.594766701209986,0.5104797593066529,0.6539810157782582,-0.034207105532413296,-0.7557371930325594,357
3.6292970611546194,1.859234336312967,1.1574201122397945,0.3551386605439547,0.01197997758370075,0.8939393939393939,0.49783715716444876,0.7926504460882247,0.3519423749174834,-0.5513788151169667,0.6025084415262909,-0.5770311777796499,-0.6694322722924476,0.0932139914696212,0.7370017534630916,358
2.3309687969858883,1.6518213312962142,0.6772348625048115,0.19273093274783282,0.013692905548806672,0.8106060606060606,-0.509797522991751,0.765581505017075,-0.392417436828775,0.5495328662272747,0.640747876854861,0.5361490345435904,0.6619064242681978,0.05768117094666386,-0.7473638792654556,359
2.690827130760031,2.247813283349825,1.030684430163981,0.32602207403840994,0.011794949775594069,0.875,0.849412685529072,0.44029188338645114,-0.2909315161447821,0.5174163251945756,-0.5863738156988165,0.6232544381590488,0.10381924717715435,-0.6799329420515101,-0.7258875658314771,360
2.9192442730883936,2.91900801515714,1.1376677241425182,0.6829130987412759,0.011168071189257441,0.9128787878787878,-0.23753427531596188,0.4544370650289304,0.8585245610802364,0.964252883519794,0.0034489730079161987,0.2649612824715214,0.11744719951486073,0.8907721698128442,-0.43901149963643793,361
2.905959014105734,1.8552764912380844,0.9201545256844981,0.6004419980422181,0.015065243093678522,0.8522727272727273,0.6769850069443598,0.7129735908432084,0.18264708903425303,-0.5722923840568945,0.6659819645929275,-0.47848662466930103,-0.4627879941431292,0.21940073290006548,0.858889160998026,362
2.0328294680414585,1.9692612608449842,0.7827260410220214,0.4213123729513819,0.014240789296667283,0.8522727272727273,0.4209738515021963,0.7283355167145958,0.5406555201267157,0.25966810644126087,-0.6678647224194301,0.6975164421322465,0.8691107471712778,-0.15324518798220138,-0.4702790889585491,363
5.465249755571576,3.262685539347995,1.8412443383813841,1.6606836597632264,0.009862724992221395,0.9166666666666666,-0.6908819342858996,-0.08636665373551579,0.7177903273240058,0.5977755117545598,0.49017382781424945,0.6343453760157007,-0.4066283197515246,0.8673352406356242,-0.28702437166135536,364
2.4046131209963337,1.4749425250739743,0.6329910011689505,0.12040546373077457,0.014480433445196386,0.8636363636363636,-0.4928353194190296,0.7584713403219593,-0.42642065363131,0.43898110605154844,0.6398638801885936,0.6307692156088124,0.7512715464217332,0.12367473767996309,-0.6483021076603793,365
2.876401854554157,2.470929737215475,1.1578877097187217,0.9367979868058872,0.00956429807431532,0.8598484848484849,0.4301888557657652,-0.26512207234202756,0.8629297973369621,0.8283639155938501,0.49588127252381264,-0.26060504005523216,-0.35881857771994824,0.8269292897928052,0.4329401551782885,366
2.2727828090108027,2.1868243327438246,0.8051008865762507,0.7279142089261429,0.013394615081883653,0.8674242424242424,-0.4760377351591799,0.7525902127644085,-0.454968181695974,0.555010976507157,0.6584054811450936,0.508394569556629,0.6821663218461393,-0.01049733534380437,-0.7311216829568039,367
2.066695129849052,1.8182281228621742,0.7345195382989346,0.6001288641783079,0.017289087605060177,0.8333333333333334,-0.6641775578230389,0.3312405225048535,0.6701849654647107,0.7398386182502888,0.16260577087616745,0.6528385575494685,0.10727064197499386,0.9294294376274506,-0.35306363426696,368
2.8910485674596376,2.3845169508239996,1.1036440210500893,0.7800830299293867,0.012201370883297494,0.8674242424242424,0.39016148271245543,-0.6494304095306211,0.6526976027108634,0.2633134385320492,0.757972363943402,0.5967779558483037,-0.8822924971323554,-0.060975722012459654,0.46673537559200734,369
3.3163964000177133,2.951208782467358,1.3380000558541314,0.8374444705932254,0.015144320803124273,0.875,0.8611093873951046,-0.19891123307379668,-0.4678941592893521,0.49009683028686063,0.5695914684188894,0.6598262317058828,0.13526167189118996,-0.7974960065489201,0.5879663252735866,370
2.8832207296549353,2.1881060562070385,1.0399361349045546,0.9408915708669209,0.015712678137562122,0.8636363636363636,0.7738469435386321,-0.2631329603152936,-0.576126681530744,0.6141460274607989,0.534153688001055,0.5809513702100986,0.1548727378528469,-0.8033933549579444,0.5749552611111421,371
4.100309103930992,3.7407182552310037,1.6671715046211133,0.9929534632853584,0.011062940165239791,0.9166666666666666,0.21076992417489718,0.7660611986681242,-0.6072283581639323,0.7817602396850694,0.24084371831190668,0.5751914733349563,0.5868790051712968,-0.595940050042663,-0.5481135740376234,372
4.256682289478496,2.7967189446983176,1.6081218954166983,0.28848410751810755,0.009472173394922853,0.9090909090909091,0.49611163762526966,0.7047367211760989,0.5071680163799119,-0.4970581956422214,0.7094562999724251,-0.4996047523536337,-0.7119033594229434,-0.004232287253715106,0.7022646898334913,373
4.68697502727293,3.4907932919114426,1.4509118974600477,1.413384170451724,0.011376648618775517,0.9204545454545454,-0.5682638156253909,0.8041174261724989,-0.17456059342413902,0.7735876538627492,0.5943832026566117,0.21970605406041188,0.2804253512826527,-0.010186919327500876,-0.959821779828222,374
3.565275324339617,3.2012520155579467,1.1277224180193368,0.7576601148370303,0.011957422424489179,0.9166666666666666,-0.5356509463896229,0.7627353303342919,-0.36237119020658937,0.4991156900247348,0.6321142438000161,0.5927184076408177,0.6811472613194847,0.136625029350308,-0.7192857636238836,375
1.7847925022272375,1.6330687208579375,0.62602456738904,0.37583640682905584,0.016873299810494014,0.8181818181818182,0.84350854540584,0.5249083441223288,-0.11386203975899448,-0.47623350645891943,0.6328665453310688,-0.6104765213557034,-0.2483847442037581,0.5691670809801574,0.7838072803791507,376
2.429579043154462,1.7346498809398871,0.7292099469569375,0.2619432596118809,0.015262583008180716,0.8863636363636364,-0.5149514610918067,0.6935945302063055,-0.5037376503571158,0.43266171979869855,0.7175972384160046,0.5457637214386425,0.7400194787573134,0.06309382763486548,-0.6696195486797976,377
2.513811359346875,1.775623213010675,0.8439851816523272,0.44361123015389137,0.014950294579113054,0.8333333333333334,0.7407888803735858,0.16018571496509637,-0.6523590816689611,0.6545721801173786,-0.390280478607689,0.6474692340444719,-0.15088769244451755,-0.9066541152715704,-0.3939685514478213,378
3.3932172926754824,2.813181011198253,0.8826635924061248,0.8773575618384629,0.0374672517267454,0.8333333333333334,0.9624283202052166,0.19982446415875285,-0.18385296296397358,0.04375535779446457,0.5541084466673699,0.831293749523087,0.26798730778013224,-0.8081051991266619,0.5245462706122453,379
2.1589293596806445,2.158929359679387,0.8494265193302304,0.31351223967649566,0.0124135579813564,0.8863636363636364,0.27191359467397946,0.5908993549302518,0.7595399590373684,-0.4566712394352121,0.7739782182484803,-0.43864461326866294,-0.8470622032083488,-0.22758662091590554,0.4803019403207715,380
3.14680746665521,2.180631965628586,0.8572031881933155,0.5231621415452996,0.011774345999027871,0.8560606060606061,-0.19598252490693974,0.7410702842307586,-0.6421881996434096,0.5710321678184307,0.618642950313188,0.539632433554895,0.7971907633983755,-0.2609515929400266,-0.5444181783283677,381
2.4826087120332643,1.87502295392377,0.8786519095312374,0.39119849747949853,0.0120158723484988,0.8901515151515151,0.33860504811565423,0.4886128976367471,0.8041169427723913,-0.5650871433554477,-0.5777190189894834,0.5889968213090869,0.7523450948899548,-0.6538334431342974,0.08049029030991461,382
3.172296669477114,2.0473765044750194,1.0309976900432891,0.5833788070425528,0.01156386946266801,0.875,-0.5251260345237392,0.7878434754496271,-0.3217845646652829,0.5883408136153844,0.6092859603667059,0.5316255313041394,0.614896523733677,0.08985141452127385,-0.783472391605962,383
2.3610129638888866,2.2332074241106654,0.9852467190866618,0.5874520645434551,0.011834896040721151,0.8636363636363636,0.5095894605548316,0.6620520358897986,0.5495504375993242,-0.5287614808394804,0.7448274335838695,-0.4069931087393329,-0.6787708582959906,-0.08318170444899253,0.7296238249763264,384
3.1996293480932856,2.1681285438027986,1.0508956089694976,0.4861137678394868,0.011127613688934872,0.8977272727272727,-0.643975183889384,-0.2362781084526565,0.7276459427500911,0.763223965651966,-0.2640222432185954,0.5897299664594868,0.05277443310089258,0.9351282856121164,0.35035688755756444,385
2.7884406607773227,2.6840794821306484,1.1632103698950975,0.9108603195249411,0.043196128384228163,0.8068181818181818,0.9171742876066031,-0.219451691757854,0.3326143128879691,-0.106335225740327,0.6696424646896948,0.735031828733331,-0.38403664658476766,-0.7095209119320774,0.5908434053207327,386
3.8369173530729306,2.6055540385880116,1.3401645564421494,1.2548502139023872,0.008688672124847183,0.8977272727272727,-0.5322427030446876,-0.3628726530742284,0.7648798223947049,0.8432842483384463,-0.3070286796111897,0.44114064242650686,0.07476216663491145,0.879804994045317,0.4694185668387794,387
3.7200188220643904,2.4956817829347004,1.2722432388856326,0.5027360790932185,0.00934102376035812,0.8409090909090909,0.38763410332350645,0.7249032015153996,0.5694340614797337,-0.5142119908317802,0.6827345406136377,-0.519094958112581,-0.7650658994004362,-0.0915909137731967,0.6374051098703182,388
3.271559310745128,2.0280102094965398,0.8921643180783254,0.5240596102275076,0.012403362955104911,0.8901515151515151,-0.3276452655344049,0.7826837917993299,-0.529201910453385,0.5159957887441854,0.6174450554711086,0.5937254832601896,0.7914524154812816,-0.07853461357199651,-0.6061644896395217,389
3.418382754592341,2.728766422488147,1.3744489575191337,0.9508408751832009,0.04041977235823287,0.8257575757575758,0.9171412564833498,-0.008758019545259888,-0.3984660747790048,0.30941335756405436,0.6458277522791241,0.6979755644340516,0.25122756579858285,-0.7634329122324628,0.5950251244302039,390
2.6937757953916037,2.516642380299892,1.0799994496005476,0.3708943052252772,0.01020978169753907,0.8939393939393939,0.503542987404021,0.669875178931534,0.5456296404042575,-0.4765364836324721,0.7421274587807497,-0.47133832296008493,-0.720664581898842,-0.02267332298257263,0.6929130398697194,391
3.521922481574551,2.4954029037601466,1.2520449883076359,0.6794297465276946,0.010008120508706022,0.9053030303030303,0.5071934994288516,0.7335041854028298,0.4524669757381709,-0.535962365221843,0.67958678056082,-0.5009053311283356,-0.6749067322252187,0.01155065727614385,0.7378126355068513,392
2.3221278910197762,2.189016833386746,0.9404202485840072,0.8308964634354553,0.02588634945601199,0.8181818181818182,-0.4747924754844427,0.09463034428107947,0.8749955446541424,0.5496555435561766,0.8083490676146217,0.210833034234524,-0.6873506300726865,0.5810480899442114,-0.43581214819101227,393
2.117689372988431,1.598345299203125,0.6950734294597511,0.358442330030699,0.015682655232372705,0.8484848484848485,0.5771462541379059,0.7815335649876369,0.23687019257876032,0.4633167453013174,-0.5522182595314369,0.6931035906438984,0.672487765582377,-0.2902762143851709,-0.6808082876289303,394
1.8008606910762686,1.4118315630141416,0.5789777742346814,0.44890479014821033,0.01771799995730756,0.821969696969697,-0.5541412105334151,0.7970403504935221,-0.24011288693805025,0.6076802408653386,0.5844726464878967,0.5376954996736334,0.5689044240031935,0.15204737811813057,-0.8082260520157691,395
2.7745340043143103,1.4800781012158786,0.8183973738670177,0.5199293094082076,0.015784831114418793,0.8371212121212122,-0.574646985887907,0.05192103787368004,0.8167527455944447,0.6952865258288222,-0.49544624601382126,0.5206819223976367,0.4316914275391974,0.8670854762576363,0.2486066939007031,396
2.5662693303912794,2.074773346272414,0.9012340024725393,0.725034466185852,0.011864472361446115,0.8484848484848485,-0.4134732956023936,0.7889518784100342,0.45452697101159373,0.8435781108269762,0.5197967729424123,-0.13486024533658683,-0.3426598966282541,0.3276678934408021,-0.8804646198745192,397
2.87983751509615,1.7418090581549084,0.8641604943803457,0.18079637023741568,0.014244806676163733,0.8825757575757576,0.5212313487417914,0.724842194458605,0.4504682832578194,-0.47631981144222696,0.685065277223885,-0.5511850897564291,-0.7081223893624988,0.07272797999804073,0.7023341958134676,398
2.372632595621326,2.0485125850676575,0.8619181895572079,0.6086175194502206,0.014301763235305175,0.8636363636363636,-0.16428544273440315,0.7167910000127549,0.6776584357965862,0.9570657878312119,-0.05049942371336673,0.2854380597741647,0.23882079278945315,0.6954570227593743,-0.6777198229549468,399
2.4864306776949747,1.798658096833849,0.8702015111864406,0.25795790904135996,0.013331829658593235,0.875,0.41598047145951705,0.7561196075074611,0.5052161779942137,-0.5648588499090904,0.6502328031278399,-0.5080667096119283,-0.7126673326620898,-0.07402999986002234,0.6975849998939395,400
2.3044871244886687,1.6816127337370461,0.7379559651783323,0.5035770752768336,0.015842628751039072,0.8560606060606061,-0.6034951522869697,-0.16860346557499664,0.7793372008073451,0.600005670657171,0.5476945664891066,0.5831156463494596,-0.5251540691505358,0.8195142056330753,-0.22936798037264017,401
2.3076196445737973,2.3076196445737973,0.8765838421319303,0.9707884802196157,0.023684534679179494,0.8674242424242424,-0.28255811248760804,-0.011256228923339249,0.9591841378890008,0.90235096989595,0.33614258206626074,0.2697608045095983,-0.3254591221571132,0.9417438408783212,-0.0848227444290075,402
2.523168153501334,2.3425052246140177,0.9082937657318848,0.6950666993185716,0.01230173333086002,0.8825757575757576,0.871015548309823,0.4706943075362456,-0.14063706287999894,0.4151504927886806,-0.5522135098906642,0.7229870730736124,0.26264421360436274,-0.6881185278331109,-0.6763955268280079,403
2.358704442323388,2.0347630631496614,0.82138538005191,0.4047028367112792,0.012753280677362729,0.8787878787878788,0.6314423896958229,0.4742183901269136,0.613512369036409,-0.688031503494693,-0.02225247965560164,0.7253395600324095,0.3576215299643757,-0.8801259828084929,0.31222603301346247,404
2.778464378233488,2.1171615539453144,0.9308366905190977,0.6678071438088433,0.01318889684575997,0.8598484848484849,0.7023229571529858,0.1930549768012959,-0.6851804432323916,0.5832337647450253,0.3958082126833549,0.7093477528220927,0.40814316056652233,-0.8978115808479302,0.16538901347462842,405
2.715474240424597,1.767046549693158,0.9184824143126253,0.5493580040572646,0.012527649401105921,0.8825757575757576,0.15789719792134058,0.7423969790718237,0.6510877055770746,0.5997695438036513,-0.5959019359357883,0.5340200156113437,0.784439270571119,0.3061823120511864,-0.5393583433792798,406
3.939351740584817,1.6308900823730657,1.136095779795303,0.34718687906017803,0.012307371354495335,0.8787878787878788,-0.3431172537022843,0.7828343938510742,-0.5190769326560595,0.7115328593620307,0.5773840351461231,0.40043559532897804,0.6131814904739826,-0.23194393236772007,-0.7551228191346779,407
3.261297262126118,2.7430109635117876,1.253649598299822,0.8657205180777551,0.009502148765082062,0.9242424242424242,0.7141434894343558,-0.11303367155678457,-0.6908129020168305,0.6473336322814057,0.4821904965722465,0.590297800718224,0.26637988853493416,-0.8687437562997522,0.4175237009731456,408
3.5765689260550966,2.0030366810092617,1.133843364125229,0.74475018636148,0.010619329859662152,0.8901515151515151,-0.5713077129906806,0.27536576585212535,0.7731631083245182,0.5790956469995301,-0.5323089115369809,0.6174912585004831,0.5815975659367514,0.8005129091370029,0.14464907051709341,409
4.800740358128834,3.3332152545073916,1.5136930970821267,1.524222261993959,0.012525682807568264,0.8939393939393939,0.7976770478160794,0.04629347853324568,-0.6013054475328792,0.48243953378512294,0.5493105723824139,0.6822829261458168,0.3618886895560808,-0.8343349500735282,0.415838631511294,410
2.1631229691409914,1.7406488201153572,0.6818973150830195,0.6786580886694284,0.016704562591124312,0.8560606060606061,-0.5845474168541241,0.6738741508254297,-0.4518826687299226,0.42355385604255913,0.7284766988569965,0.5384457542351802,0.6920306701878538,0.12335042793488404,-0.7112511676247928,411
2.045525034323733,2.0239487285811313,0.6959421588337171,0.6672136417996181,0.01340681755362276,0.8825757575757576,0.5095860397934404,0.7059894334730477,0.491834309368555,-0.6622038673366795,0.6867759043907148,-0.29970801663062197,-0.5493706454953555,-0.17296756046357675,0.8174803464887064,412
2.529557908730876,2.0139468147569612,0.8594324772412401,0.49464253733710845,0.013874995604923007,0.8636363636363636,-0.4587718253236226,0.6695386046404936,-0.5841630501711763,0.5442385562244555,0.731415986743576,0.4108954225282164,0.7023765416127961,-0.12941681201444416,-0.6999417708353077,413
3.313026831232919,2.073220569289054,1.0683112576331784,0.662444551796803,0.01242977640219103,0.8598484848484849,0.4041255812173462,0.7720471874294329,0.49053608938389476,-0.465025320227892,0.6352151683383277,-0.6166466909502203,-0.7876763079797999,0.021091000336927512,0.6157281896682165,414
3.027356930424163,1.723272870358002,0.9210975471579483,0.38720853591921606,0.01480310728340873,0.8560606060606061,0.5916629882307365,0.7606966320929913,0.266974797088144,-0.5554298855760335,0.6246548802007537,-0.5489115801751466,-0.5843223002477911,0.1764848848025302,0.7920988163539748,415
2.370021882929452,2.243380761641862,1.022390567153392,0.5773597338373077,0.011544565737736753,0.8446969696969697,0.3246806873802646,0.6687570852397271,0.6688396012378031,0.7478194157568351,-0.6144723297813053,0.2513759681239254,0.5790928877644629,0.41855431771133284,-0.6996168311767635,416
4.910060529154751,2.0803300724587928,1.466605438386077,0.7285694769125395,0.008776321011355163,0.9507575757575758,-0.5523896748999485,0.7780329916328611,-0.2992161609852474,0.5185925040418826,0.6017812689469203,0.6073887709665075,0.6526311836064066,0.18034402755692983,-0.7358998368725503,417
2.924337311212607,2.1141856780604074,0.9614981810014347,0.6061010187181836,0.01167995414673296,0.8901515151515151,-0.6870735072799649,0.0443040219523776,0.7252359266010278,0.5936291589586727,-0.5413231041406085,0.5954609294971374,0.41896827711418316,0.8396466224325678,0.34562860444348903,418
2.7295609903067244,1.8395638766046682,0.8826354675580422,0.5248101048712178,0.013399315598952466,0.8257575757575758,-0.5362726154208776,0.7800059579873826,-0.3224940115007364,0.5525558848707779,0.613262766993893,0.5644384578620291,0.6380389298814948,0.12449692415148089,-0.7598729103162563,419
2.948042152241103,2.37700961916129,1.1058563832079755,0.7982639199050797,0.018356188607022397,0.8446969696969697,0.8693492928813544,-0.026840884211477886,-0.4934687162338004,0.4034181891081082,0.6153063891498035,0.677238371748209,0.28545677722454527,-0.7878309554759679,0.545744275215416,420
2.44673900161801,2.44673900161801,0.9872265662359029,0.5676665762223796,0.012215931065786079,0.8901515151515151,0.9147833072930165,0.2572483005463129,-0.311439902010138,-0.3968246821113493,0.7164240676057226,-0.5738176775095879,0.07550941905005701,0.6485058729273812,0.7574552530766541,421
2.5449566218393738,2.199972529283479,0.9349694509425952,0.685661112740255,0.011232872505482607,0.8787878787878788,0.8061690880076648,0.3450812230515028,0.4806353618265815,-0.5791508514384056,0.29389594545343795,0.7604008577876538,0.12114327393239699,-0.8913720450761897,0.4367839104610327,422
3.4171156896122814,2.1986539427750658,1.1592901665646274,0.40697021524753524,0.01231661055021736,0.8939393939393939,0.7481038374862761,-0.6242483373250042,0.22506590520395423,0.3019042348147883,0.6222172117228124,0.7222877365958708,-0.5909267986300881,-0.47239787762315005,0.653946300454356,423
2.334143393912776,1.7876355651476146,0.686516991381445,0.10417978332936256,0.01172227679133122,0.8484848484848485,0.4950325468720139,0.7071621156790288,0.5048410835953898,-0.473357879179174,0.7067300152720771,-0.5257993949526037,-0.7286117592767782,0.02131730897392156,0.6845951187247163,424
3.51848738264896,2.397151850941439,1.1015478798675824,0.4257307345985513,0.011343965325325717,0.8636363636363636,-0.5211093376574507,0.7045896126198037,-0.4816622634112913,0.555804468543479,0.7084275375434133,0.43498484662948517,0.6477086157782017,-0.04103537301464316,-0.7607822600509526,425
2.5690549470799837,2.039816074801197,0.9819529772268414,0.5087301369433607,0.014407198392610345,0.8446969696969697,0.7824804468004382,0.4378853310638547,0.4426971732619093,-0.5121602775459896,0.04824941274849856,0.8575335820091479,0.35414149782114146,-0.8977351675235427,0.2620216947362853,426
3.43523572922221,2.4809726920003055,1.1799477213704388,0.9514738089880116,0.012105477539483229,0.8977272727272727,-0.5769510923460199,-0.3868745488549952,0.7193438124353183,0.5874574554139215,0.41533347905046347,0.6945443393034304,-0.5674690961799902,0.8233020008648602,-0.012354766391273336,427
2.379483685928823,2.238978842720544,0.8345342240494079,0.9191024686400533,0.019966428828763202,0.8371212121212122,0.8801174207779209,-0.3320321100437137,0.33933464830921617,-0.06653573692341334,0.6214366334560394,0.7806340412196247,-0.4700705493383717,-0.7096274998185622,0.5248452058902493,428
2.995208760685318,1.6800619807551966,0.9912581914487951,0.43260427982404964,0.012374427241319076,0.8636363636363636,0.8260184469022641,0.11917671232863555,0.5508996611141715,-0.536633338043413,-0.13264999469690494,0.8333238502570866,0.17238963390400136,-0.9839719966266565,-0.04561714564717573,429
3.1979381787220276,2.2355891887635297,1.1670794400727766,0.32653834527312947,0.011245219830129164,0.8674242424242424,0.4575550165016888,0.7094371042091961,0.5360432837424696,-0.4366083757970777,0.7044250002919282,-0.5596057050705924,-0.7746073412110018,0.022009410146282382,0.6320593744317347,430
2.9666126324019166,2.0864655083553907,1.0714098539390189,0.2749315879758672,0.010717448146389317,0.8674242424242424,0.4879439841786861,0.7012133914813689,0.5198177064231525,-0.40418636700217375,0.7093400558794345,-0.5774686708857417,-0.7736562861073479,0.07166913374778275,0.6295391061994706,431
2.8371804376397014,2.759534822666883,1.1076265580668785,0.9186488719808527,0.010250942175509108,0.9053030303030303,-0.4966097319147578,-0.34049685874361363,0.7983988122193595,0.6765151232131067,0.4244418796093507,0.6018109162333602,-0.5437886190713331,0.838994028595802,0.019569306300416006,432
2.251609880291453,2.0788512087287443,0.780696435354667,0.5751581417754996,0.016029405095078123,0.8522727272727273,0.49470605931945466,0.20354958521341796,0.8448866676851172,0.7365108800750018,0.417865930598412,-0.5319208470968866,-0.461321621435374,0.8854126893175682,0.05680432370576108,433
3.4164574956774327,2.4097876364845723,1.1171196016423097,0.9370349573427498,0.013152189060604117,0.8863636363636364,0.8166002089294258,0.5571948673624589,0.15065848320406625,-0.3731527580802774,0.7087535054754043,-0.5986864685404274,-0.44036475553057164,0.4326688667575446,0.7866870621951538,434
2.499894148009426,1.6425047915352748,0.6650988990968517,0.4442543714395721,0.012144669600644078,0.8712121212121212,0.9048179986924942,0.11995341130408708,-0.40855301780628434,0.245334900861911,0.6373554468018287,0.7304716427426308,0.3480160566140387,-0.7611762040083451,0.5472619215606549,435
3.1482262704934887,2.021305445960404,1.0473043557581132,0.3991263648005901,0.013130331355623952,0.8787878787878788,0.41304765074263833,0.6602012292563103,0.6273164871932223,-0.5038492253094213,0.7394593598985844,-0.4464703945542994,-0.758635351385027,-0.1316593784993404,0.638073829334885,436
2.619268391436664,1.8921315289077123,0.7792906013956328,0.5586514553703797,0.013502882825664815,0.8560606060606061,-0.3453485815792988,0.7578648168522693,-0.553511767335296,0.5276385843587738,0.6445510679657979,0.5533095382152912,0.7761004326097465,-0.10096950114577086,-0.6224735161766632,437
1.8929436269254576,1.892943625286117,0.6402400546404107,0.17033128643543372,0.012648371984840354,0.8825757575757576,0.556604004823996,0.6074537204364338,0.5667379988511658,-0.66778085854372,0.7329578167846592,-0.1297750506718383,-0.4942273836772921,-0.30622347451199916,0.8136132231480127,438
3.009977338517138,2.8893591645542527,1.2842383893843403,0.9594468940950502,0.010249802797503269,0.9053030303030303,0.750199076284043,-0.3110949890163672,-0.5834562997787196,0.6483352120881621,0.17279164159185195,0.7414880318404274,-0.12985683928529285,-0.9345389004235722,0.3313219655953017,439
2.4502861358300763,2.4044887754872426,1.0227410905643755,0.643480659493926,0.011983541133148862,0.8674242424242424,0.39670877529977966,0.5160821461556243,0.759131981950144,-0.3467803026178824,0.8499657672592374,-0.3966126778151017,-0.8499209194486266,-0.1059122887431887,0.5161560013956833,440
3.893932927209316,3.074539702464431,1.5372157607721955,1.1228348849226368,0.022403703506670616,0.8712121212121212,-0.195022292255291,0.8879081109078234,-0.4166359227282163,0.45112392863703615,0.4583970413258444,0.7657410486024622,0.8708923621978655,-0.03861785970004722,-0.48995423702383606,441
3.3906491845592432,2.673760276736315,1.1869120354132396,0.8000359967005827,0.011067551801131587,0.8901515151515151,0.8278430864730586,0.46074049689306706,-0.3199906540845991,0.5384646798660381,-0.49275789492706956,0.683553542543529,0.15726287774145867,-0.738178739540616,-0.656018700781237,442
2.384661467964471,1.7689813658229074,0.5853650577043149,0.40501325233771523,0.005840519042673602,0.9166666666666666,-0.4028616247554791,0.7815452443490777,-0.4763292373293037,0.5539261451976947,0.6224919406828906,0.5528739543976285,0.7286071211330549,-0.041119518725163756,-0.6836964591205756,443
3.2429072580351774,2.5747335182528053,1.1114326430083101,0.714336037432701,0.012557863203538069,0.8787878787878788,0.8176754535503076,-0.4706356607277414,0.33152515366508944,0.11766136084649756,0.7003556562823985,0.704029657668625,-0.5635269796780357,-0.5366600689119821,0.6280392612013501,444
2.953850529187402,2.063801444119525,1.024889676215222,0.38700545230785877,0.013289341263090115,0.8863636363636364,-0.28777365608080513,0.5543282630268258,0.7809651078476866,0.8103270914006676,-0.29369953311529395,0.5070607352083105,0.5104471841513287,0.7787559059535412,-0.3646682206258983,445
4.162724660805335,2.6303964739930796,1.457760069672443,0.9134208706174576,0.008384056494043593,0.8787878787878788,0.8617103165062645,0.39123875714659795,-0.32309064569104873,-0.5071741438196776,0.645117649072094,-0.5714871885672256,-0.015156459594850569,0.6563196277440437,0.7543307152505919,446
2.3464870968632505,2.102098797314621,0.7723347687248991,0.49911240548963764,0.013061592424830966,0.8712121212121212,0.7846442364649937,-0.6199184650398656,0.005875277430373602,0.4660396106828911,0.5960731832853494,0.6538377791490865,-0.40882820775578366,-0.5102919329860969,0.7566119478785056,447
2.2405074983978777,1.850028438222061,0.7142069045613977,0.4763017195922768,0.01756993703722027,0.8522727272727273,0.44169192408135294,0.5871511319556615,0.6783522627989809,-0.49502884942770886,-0.4710918870689842,0.7300814147559587,0.7482343766732393,-0.658275004979658,0.08257926727357293,448
2.451284744081006,1.5786012179670126,0.8096581667834013,0.3644179112824079,0.014801259117794563,0.8446969696969697,0.789074296655329,0.10060246370890008,-0.6060040417799185,0.48845079471002645,0.49549072958215223,0.7182651029009346,0.3725286237392256,-0.8627676866885117,0.34183964559587376,449
2.3860863959830416,1.8908946104222477,0.8736988839765213,0.34489774296707654,0.012092725849329659,0.8560606060606061,0.6969850205723521,0.47075517100525194,0.5409264738109735,-0.6036546918440048,-0.021984127463702124,0.7969427276500987,0.3870567065850655,-0.8819899472848178,0.2688509601545935,450
4.41620197895913,2.5624965159394724,1.5677528434604913,0.578916249517037,0.008298822713045014,0.9090909090909091,0.3097751022532631,0.6462563793366831,0.6974181516067829,-0.5597809013124303,0.7168633072578382,-0.415634865276239,-0.7685601658619992,-0.2616480286071259,0.5838283828114055,451
4.287571478860839,3.5046303703587367,1.398953499309846,0.6558086499840498,0.009350952900260116,0.8901515151515151,-0.505350406441927,0.7964625113400093,-0.3320669130445621,0.47186114776810156,0.5772469817873498,0.6664330268259256,0.7224735454921163,0.1800927262477877,-0.6675317116187742,452
2.270551458887682,1.3506403180630497,0.7228771192140369,0.3069232479471616,0.020460488318189973,0.7954545454545454,0.8977277891272102,0.2059367397659953,-0.38945458765217295,0.20692863020551905,0.5833223976484295,0.7854397000425654,0.3889284749539932,-0.7857003497620707,0.48105051892054007,453
4.415470577707719,2.8359585243256427,1.6166117655705101,1.069525503864484,0.008208827272165034,0.9090909090909091,0.7989100195811674,0.6011534379912297,0.01890303161251517,0.45489050936334946,-0.6244958799817314,0.6348854387816713,0.39346842961535217,-0.49861752865013453,-0.7723750093179226,454
3.8209494790000273,2.5362080434404914,0.9977514016001205,0.47558014064215065,0.0073518332544026945,0.9318181818181818,-0.5085733708768313,0.744789354850128,-0.43202076725188465,0.5615429746949988,0.667270380986091,0.4893053507058439,0.6527040784349896,0.006249444823902134,-0.7575871767880737,455
3.1384664877165087,2.490940817818317,1.053585184059353,1.1920168241302476,0.012136906094720526,0.8825757575757576,0.7666024821702646,-0.11983140519103651,-0.6308415559079243,0.547431034052507,0.6354542396469351,0.5445339036928172,0.3356186783934888,-0.762783287470745,0.5527402274746527,456
2.7293413219011127,2.2029878117106128,1.0033480232588599,0.35672590562196144,0.011342436122363297,0.8598484848484849,0.5841156166879211,0.6850692917906541,0.4353033560481027,-0.5223423937574356,0.7277650243105073,-0.4444282766364882,-0.6212627222238927,0.03222009987226104,0.7829396497426733,457
2.374865146437217,2.16222411629517,0.8168455883552462,0.17904644336549946,0.0125056826685344,0.8825757575757576,0.5401685133174025,0.6330360546920348,0.5545117948974667,-0.487086051645134,0.7725043363911605,-0.4074116205382546,-0.6862690110395638,-0.050024031392880725,0.7256255513486161,458
2.5103454667602345,2.4768951518095084,1.021053055740207,0.6174963119362321,0.010918905362790674,0.8446969696969697,0.6933845408589048,0.6470283499714463,0.317131191829365,0.13495235897821686,-0.5489333095691965,0.8249000439153966,0.7078175890044698,-0.5291753357618215,-0.46793987297222633,459
2.5381002793094143,1.8077639670777492,0.8199690258028433,0.6129105403190571,0.01439234271221532,0.8674242424242424,-0.6126438748810604,0.2937815230810056,0.7337301269996512,0.7767664362172755,0.39523903732448,0.4903264289645538,-0.1459499439432335,0.8703324192922053,-0.4703404020408455,460
3.4258782585785594,1.8939091396292642,0.8834169936191667,0.2286107791264933,0.011599867333707433,0.9128787878787878,-0.44830618843481296,0.790589027352298,-0.4171217463057967,0.5391807343788778,0.6113588883713388,0.5792447196859156,0.712955606672466,0.03477498295482506,-0.7003463453711939,461
3.0284613572114725,1.83519537449308,1.0175619780280745,0.4221883610741697,0.011332452304091481,0.8825757575757576,-0.5134736458986645,0.764833447732586,-0.3890689041763921,0.5130788075719309,0.6370741134743855,0.5752275299056813,0.687818982137087,0.0957411675838121,-0.7195406011071162,462
2.8436869709620565,2.327773558089441,1.0607541267348155,0.7530666760028312,0.012766691436008636,0.8901515151515151,0.8498284151980267,0.09476705969723365,-0.5184697379002476,0.5238614157056114,-0.26007573605109585,0.8111287374100323,-0.05797311322434738,-0.9609265403316851,-0.2706645566550141,463
3.115709941070993,2.14528702664952,1.0330954559748275,0.8278554367002846,0.012262628381882835,0.8712121212121212,0.4831814982166128,0.7539667918809844,0.44505024044690267,-0.42499492177157844,0.6464029681688676,-0.6336738271467806,-0.7654508189619497,0.11703537705828276,0.6327620123453259,464
1.859561721822821,1.859561721822821,0.7189720349990611,0.5055579480279819,0.01440255312558083,0.8409090909090909,0.8371264855761441,-0.5389410601934032,0.09360438443013562,0.2997909139529539,0.5951560779532827,0.7455968419907092,-0.45754197081599696,-0.59609712003404,0.6597905489084674,465
3.369875189153429,2.5675486813160404,1.2857621314645715,0.7083855383413896,0.009506963832860232,0.8901515151515151,0.4132465228450642,0.5438359378927976,0.7303901587594982,-0.2868996017947547,0.8389881642357317,-0.4623715808333899,-0.8642429807909782,-0.018475197661133813,0.5027352556017004,466
2.4513986251181237,2.0276313495024376,0.9501211049957671,0.9161489371385957,0.051302393066639244,0.7196969696969697,-0.0016084056784218777,0.20970037957739465,0.9777643703041496,-0.6987157522006596,0.6992564171510711,-0.15111836652013447,-0.7153975892172408,-0.6834224271108931,0.1453962704611644,467
2.5241208669282305,2.524120864928963,0.9352972335236815,0.5487558218443848,0.010694678483047912,0.8977272727272727,0.6571214559760976,0.5302130365145461,0.5357849643335265,-0.22566326269034487,0.8165697222534408,-0.5313096842434616,-0.7192131005257079,0.22822801013233052,0.6562350885340061,468
4.074892780570147,2.1769662436520862,1.304765339469233,0.5333932755699604,0.00937368971231511,0.9242424242424242,0.545252154055146,0.7862015437531741,0.2908388232309252,-0.559100895249615,0.5995841481032959,-0.5726299313468726,-0.6245848840864646,0.14961945710157787,0.7664905352496708,469
3.6158319462304185,2.463203962808798,1.3284944994055097,0.44680990331946924,0.010605661578727948,0.8939393939393939,0.42005464278899396,0.7507197313388674,0.5098764380219091,-0.5313430646718427,0.6589277149435901,-0.5324366761450162,-0.7356824346798998,-0.04726681137666994,0.6756753686836139,470
2.427698916749202,2.42768720746406,0.9125238878777404,0.6320427394131001,0.013225031083410086,0.8068181818181818,-0.528364573408183,0.7760282574755661,-0.3443995080812763,0.6001085746189908,0.6283036815403965,0.4950799757933534,0.6005835297741289,0.054905622318852404,-0.7976746181256036,471
2.7723326726438655,2.7722637159973127,1.1458475454180734,0.8774385114344448,0.010105179541086503,0.8977272727272727,-0.34236326881129137,0.3457504869437619,0.8736383650842029,0.9376882643068709,0.06695156407147797,0.34096657761362864,0.05939790526622383,0.9359348742548994,-0.34712793031309136,472
2.595637518398841,1.7453654561147418,0.9320024547375311,0.24804490194451367,0.012730847062558028,0.8560606060606061,-0.4511202061619343,0.7643304450208812,-0.4607488799840925,0.5572427778875845,0.6444967405628282,0.5235498428001089,0.697116235705741,-0.02056507277089556,-0.7166631228808873,473
2.3509921047127644,2.3399088218111608,0.9110037748192605,0.7145519080338282,0.01311639296270351,0.8712121212121212,-0.4997942920265101,0.7080207481873413,-0.49891110009094514,0.48662686998022664,0.706045766318599,0.5144838824266798,0.7165193333546325,0.014352560740844456,-0.6974195644869832,474
2.759389081385495,2.2196258942161733,0.9902906457591841,0.37204017053173044,0.012514921899448025,0.8560606060606061,0.42798163439374776,0.7057939767531785,0.564523323699376,-0.5615064250581532,0.6970908441178926,-0.4458417764918588,-0.7081964806747271,-0.12617138116838547,0.6946499315007474,475
3.0227131562032663,1.9764708638137662,1.0564515627358257,0.46650817374015136,0.012693056111695713,0.9015151515151515,0.12146563136549514,0.7272169954621772,0.6755749713451095,0.6118230894122051,-0.5907981162197364,0.5259563604837532,0.7816128246511098,0.34944674470106973,-0.5166898150329062,476
3.1305715879633276,3.0280348837276203,1.2838870239487374,0.6123719214816529,0.011645107007266864,0.9318181818181818,0.7883466756137735,-0.4960697816175249,0.36390148504046105,-0.3700456276645481,0.09020459078222999,0.9246239047570428,-0.49150356305428994,-0.8635843349480996,-0.11245596443580047,477
3.032396743729447,2.4928253040337083,1.0443878707604874,0.6524920719168544,0.014350077632153423,0.8863636363636364,0.8705932388236942,-0.24086445963779274,-0.4290124993492199,0.48956422530200344,0.5108136452522869,0.7066797641991173,0.04893139911058622,-0.8252597966140511,0.5626295284408878,478
2.887992798864764,2.5252641430850153,0.9394399851329194,0.31854958035529946,0.011066778764962868,0.9015151515151515,-0.4788203157089459,0.746460380974945,-0.46209090544948545,0.4937516495625214,0.664189820932611,0.5613031180421102,0.7259066150812199,0.04060518937581642,-0.6865936241890683,479
2.7455991914545774,2.207017884016834,0.9971489317977212,0.4702855896919611,0.011417548124561135,0.9053030303030303,0.7795269282183969,0.032309997391754136,-0.6255348369602889,0.5715127705550025,-0.44539402914112153,0.6892004874475808,-0.2563414154500506,-0.894751486656481,-0.36566221550917993,480
3.0831788681823644,2.04573624815486,0.926884562697939,0.77119195851977,0.013665468960248013,0.875,-0.618500494581918,-0.012860251372998772,0.7856791661591557,0.7125150627166504,-0.4307769485352763,0.5538533253601747,0.3313297807378783,0.9023667960121645,0.275598878537142,481
3.5531000386573157,2.901487471670752,1.384923751703787,0.5976413429484655,0.010189781109083404,0.9204545454545454,0.773618628806649,0.5981487439495408,0.20912268474488122,-0.4060508617551799,0.7213294170445547,-0.5610762602124945,-0.4864534045838266,0.34914460072833675,0.8009126874703973,482
3.4375750045112627,2.4651857725909667,1.036065643010764,0.7787862131023736,0.012045298193961388,0.8977272727272727,-0.4767421958705427,0.7711739225769991,-0.4219095398467989,0.3964234679186902,0.61700115376902,0.6798220431340966,0.7845797045296624,0.15684501071090115,-0.5998619256589345,483
2.263814366724668,1.9746353016734468,0.8564503062781864,0.39814526268536676,0.014248994806757348,0.8636363636363636,-0.5168216343163846,0.7246766225756132,-0.45578414956527785,0.749658928314846,0.6401921545585905,0.16782579193755154,0.41340886480623246,-0.2549466570363928,-0.8741254558503545,484
2.584963330824901,1.9930473194098763,0.8000756279189906,0.3016155011746597,0.013348061767485875,0.8674242424242424,-0.4014709003005175,0.7238763835339911,-0.5610918797965644,0.5293117646903249,0.6833429129078723,0.5028633205345149,0.7474290414295568,-0.09510754302543178,-0.657498580445129,485
2.7569702169553434,2.304196403386571,1.030948659921886,1.0003986999986612,0.011259311724266375,0.8977272727272727,-0.1786924625579173,0.26535602665855845,0.9474466649584924,-0.5972520473842841,0.7359840593219329,-0.3187749305062909,-0.7818944914246859,-0.6228271377677694,0.0269696262439742,486
2.322409262891141,2.0235450611885777,0.8347224298712963,0.44884713542611215,0.012595253108863187,0.8863636363636364,0.6004033632170808,0.37941165039662567,0.7039620735387149,0.7820107498915077,-0.094445376718804,-0.6160675757338354,-0.16725725243390835,0.9203949534627796,-0.3534093110665139,487
3.372899906481297,2.8486801692421815,1.1775673361120014,0.5050063188270923,0.012046091657588614,0.8825757575757576,-0.1085873571164903,0.5139505194856294,0.8509192966403498,-0.627835431594994,0.6282014270775671,-0.4595493856503737,-0.7707343619616188,-0.5841385371109836,0.25446161351657093,488
2.50382471796956,1.77668603891193,0.8411326848298966,0.6091469564246312,0.015079572714523773,0.8143939393939394,0.9061780095109556,-0.12724873766615605,-0.40329787234887843,0.42221749553894244,0.21821144148470067,0.8798387086653965,-0.023954154954530973,-0.9675699073284261,0.2514650530250187,489
3.745323724364965,2.9026483709406623,1.4170291404451067,0.42493864350151855,0.008971813957659364,0.9166666666666666,0.4950927556723273,0.6800170603136583,0.5407956739501082,-0.48211144012622104,0.7328349296422048,-0.48012657205754206,-0.7228082197790798,-0.023016593550640202,0.6906652690277123,490
3.1998617342722917,1.8776031731668574,1.0481642670010616,0.27180500892987836,0.0119741366133657,0.8977272727272727,-0.6256960411438802,0.6841403403317045,-0.374775211063506,0.36208688619542595,0.6802634817917776,0.6372869700424044,0.6909396145410802,0.26304674503089265,-0.6733564130432532,491
2.799763201054988,2.43692817034249,1.0160625377967427,0.9405427314697788,0.013504392299570603,0.8825757575757576,-0.33741749410539557,0.4059331603415667,0.8493336823691519,0.9412282362532668,0.1306698403108055,0.3114719892907119,0.015454512324887815,0.9045129419573037,-0.42616604261783153,492
3.863092244023555,1.9653628509184837,1.09832595697475,0.6482475592068511,0.014735329919204622,0.875,-0.6785660193426177,0.008672290618829365,0.7344882223486886,0.6181678265970646,-0.5333650565289817,0.5773995623778195,0.3967577290410049,0.8458407106833168,0.35656247222186155,493
2.6030852781179146,2.4798997393867395,1.053161755672113,0.6317631545529382,0.011663576082622678,0.875,0.8305359859158011,0.48542702962253276,-0.2730761340921481,0.44339263348914487,-0.2795389129452365,0.8516225506155626,0.3370651994294709,-0.8283831209417779,-0.44740189569595123,494
2.35714188139106,2.3571418813033556,0.880473557246091,0.3839201892521526,0.012768493231358518,0.9090909090909091,-0.5528669255946207,0.7143528848948991,-0.42899664150886685,0.6478351342566844,0.6922865736371381,0.31788195731179086,0.5240685083137281,-0.10217267640659317,-0.8455252466897353,495
3.4106351259563534,2.327784209501032,1.1565363146472902,0.4733915675120424,0.011785314188430129,0.8674242424242424,0.40600125428825257,0.6151458561772605,0.675839150348891,-0.4572031539066708,0.7770534635813109,-0.4326120557659961,-0.7912826660392345,-0.13335475381190376,0.596731306419906,496
2.355766320039884,2.066646544828842,0.7650721599227432,0.3288914027084576,0.013331575016307499,0.8787878787878788,-0.5826630782368714,0.6227039099778572,-0.522248578512017,0.3254284779399974,0.7675964360794809,0.5521702790478097,0.7447147393500348,0.1517746744894161,-0.6498956879211014,497
2.2719701805921075,2.0529017497484348,0.8480622264864343,0.5374186578360817,0.013112732560420743,0.8560606060606061,-0.6672958957692776,0.1483775688047359,0.7298631957874525,0.7060764449485368,-0.1858116121898142,0.683322836340377,0.23700683825221813,0.9713177347557378,0.01922541990878085,498
3.632506689716885,1.7854762587125494,1.076403083864774,0.7171470533613052,0.015345087874345917,0.8712121212121212,0.7335408053408121,0.4331292037080624,-0.5237527849999202,0.6780486798634295,-0.5191710483282265,0.5202993468314473,-0.04656044067030701,-0.7367906863370288,-0.6745158336848711,499
2.6688284778757847,1.6258882665507761,0.7833396500585572,0.2842179565886542,0.014729789180349045,0.8257575757575758,0.44611427467234055,0.6907638577104411,0.5690582982564801,-0.46963035767022715,0.7219430024742961,-0.5081787366005518,-0.7618591609268122,-0.04054126366294,0.6464727564658128,500
2.137399593869662,1.9048504293170279,0.6799036764447126,0.8407652531339127,0.015102269458469342,0.8636363636363636,-0.48195436935845304,-0.48261552210182124,0.7313017459863488,0.43407269330776405,0.5935006710112135,0.6777446793843409,-0.7611181792473751,0.6440801280396917,-0.07655002210015788,501
2.4547597462388397,2.443222463450398,1.0233346321413508,0.6168091863069259,0.03527510689931576,0.8068181818181818,0.9346951882705805,-0.011081326092337232,-0.3552775101745948,0.2635115575490165,0.6923995663695695,0.6716729111176984,0.23855096743026508,-0.72142916818165,0.6501026005445734,502
5.052488277251797,2.685060145336547,1.70860568734666,0.6836243717450777,0.008522379970939012,0.9318181818181818,-0.4264475087260191,0.7426736908010853,-0.5163122226843618,0.6763990013421256,0.640817675954582,0.36309378563608535,0.600522200492827,-0.1943926314860277,-0.7756188442393535,503
3.1434621783869985,2.6237532430992494,1.0939049251659418,0.45201189778180184,0.011124512296986248,0.8787878787878788,0.14653769412834738,0.740493382099056,0.6558934785977433,0.7644271387484397,-0.5055984402438908,0.4000267075681553,0.6278358493622521,0.4427637838514416,-0.6401424669283653,504
1.924408761995987,1.9243875961400658,0.693038730512266,0.5000166735665201,0.015321556728986116,0.8712121212121212,0.36241762258338295,0.6101480642799811,0.7045372995778156,-0.11096323989596278,0.7787991742519488,-0.6173807622337075,-0.9253867441414967,0.14557192668875016,0.34995455123104996,505
2.1253337061541235,1.7710300448168705,0.6862713970289326,0.47466867317703004,0.014685905521642784,0.8484848484848485,0.5904285836973966,0.5626342213185243,0.5786508623983758,-0.3407680546747706,0.823703273275793,-0.4531997909398426,-0.7316223209185589,0.0703963819811946,0.6780657261193039,506
2.5731465116465957,1.6503574498492308,0.7942017104907,0.5481315356133756,0.01321213584478706,0.8446969696969697,-0.7053478277303199,0.7086571349475477,0.01701490534949082,0.5887170806960725,0.5722604549863404,0.5709029432009619,0.3948374865850671,0.4127021162373169,-0.8208412285213427,507
2.563374933836527,2.0621502179912388,0.9344481694530484,0.28286247566456924,0.012318617750915781,0.8787878787878788,0.5778233304271593,0.6034210139715537,0.5495482496665857,-0.3478593935661639,0.7911934971531799,-0.5029977061282704,-0.7383183873654013,0.09947828888789345,0.667075729522586,508
3.2018365850741066,2.596310987005163,0.7875835907270696,0.3778335644194458,0.0033774822752626814,0.9204545454545454,-0.4554668701872562,0.7466920004459436,-0.48476900337362755,0.4934561818851741,0.6649741531981094,0.5606339020588778,0.7409797073612281,0.016137907190594408,-0.671333479896822,509
2.2129763833145737,2.04534682815966,0.8307503028137112,0.39196973205908286,0.014632478256866996,0.8825757575757576,0.6378447176285124,0.35913119954909717,0.6813067574182938,0.7131662785277345,0.05856745488861221,-0.6985439946050442,-0.2907713455007302,0.9314476017137501,-0.21876331935998336,510
3.023764007009897,3.0167930418636124,1.2874766769265615,0.9060373636633036,0.016751351812738444,0.8712121212121212,0.8937356805434602,0.26596082777023655,-0.3612497355227941,0.3080918741104694,0.22141359102988772,0.9252326295663963,0.3260612372402104,-0.9382115218856675,0.11594485659296414,511
1.996188437175692,1.9352085861540709,0.7162724173220513,0.6266428958729975,0.015175853942034178,0.8371212121212122,0.5860751620872199,0.7292506095038531,0.3531422559291053,-0.4758164324542715,0.6625332400609316,-0.5784880538272624,-0.6558312488673659,0.17100659154729297,0.7352836994361078,512
5.069616585874376,2.7268609318145347,1.3934865543737374,0.8600341190370359,0.010174245646955687,0.8901515151515151,0.7457214351274045,-0.637402804508945,0.19395155579591514,-0.13722361282779735,0.13792633472069832,0.9808904150173967,-0.6519733286523393,-0.7580857411893761,0.015387908608494233,513
2.6609045316273803,1.7276582744723525,0.8448834643636698,0.5590461661329451,0.014625719375616946,0.8977272727272727,0.19986256174375616,0.7220477962452595,0.6623457830699819,-0.46624426614849085,0.6646314278160662,-0.5838504512654182,-0.8617837551827481,-0.1921250766988567,0.4694855846632354,514
2.746995176267601,2.3578285506214613,0.885355517180153,0.812019251049319,0.01518024143140504,0.8901515151515151,-0.5836626308289308,0.702187304889384,-0.4077633164300519,0.5311457705068127,0.7099952283959426,0.46237533036237716,0.614184096054738,0.05328944086004783,-0.7873614999771374,515
2.451607859781884,2.0963604835034793,0.8256812655350532,0.4483198066908285,0.013136023744394178,0.8712121212121212,0.7960866762822429,0.3360207003986148,-0.5033250368792674,0.5239503483550411,0.033523046569402165,0.8510888542375215,0.3028564615531963,-0.9412578255995168,-0.1493709123060689,516
2.712375620714232,1.6084357233214774,0.8408241282390709,0.3054327316896615,0.013238332747953224,0.8825757575757576,0.4549372416051469,0.7668939444339541,0.45266520099432367,-0.5407912015270878,0.6417686645622014,-0.5437626849434753,-0.7075146518282069,0.00258053804077224,0.7066939636588325,517
3.611932238280499,3.000101318126364,1.2525249772997766,0.5244390242007726,0.011832530246720832,0.875,0.8962826315659846,0.4100780889565206,-0.16885912859813476,0.3180180594742559,-0.328924855448866,0.8891979269634918,0.3090986221279255,-0.8506729103631492,-0.4252218731120347,518
3.1669231039278687,2.1388152015608926,0.8552601286872836,0.782304784125937,0.012510676015181979,0.9090909090909091,-0.6843833359292564,0.7241295649588719,-0.08518111677371623,0.5892772166209033,0.6181316934881281,0.5202552945208919,0.4293853880535105,0.30585876259799016,-0.8497520849448754,519
3.0505045769962935,1.7299410937209991,0.9677911912325848,0.5979564191253283,0.012252158065015705,0.8446969696969697,0.8771131252780089,0.4198029181002179,-0.2333196850237578,0.46453100939758246,-0.618116821071675,0.6341470939902746,0.12199797856156078,-0.6646029682921891,-0.7371698500102295,520
3.0296652186313953,1.55759793413158,0.7830002543550935,0.3290176354324285,0.013632659566747647,0.8371212121212122,-0.5175160272060638,0.7606851008981216,-0.3918358570325937,0.4050401440928445,0.6211502941139941,0.6709059500372211,0.7537371181374182,0.18849532989894766,-0.6295632353848075,521
3.7848958231901224,2.7513189314194313,1.4170390779673048,0.8657954386707102,0.009798821130350409,0.875,0.8043126001520526,0.1340029706799781,-0.5788993393376652,0.47007695145882855,0.4524349454427782,0.7578458153538651,0.36346788158490495,-0.8816721748989992,0.3009074194250621,522
3.6140338036664623,2.495126430980455,1.2155661851912318,1.036472971614376,0.01301678562180477,0.9015151515151515,-0.5561271199053559,-0.24577304012381418,0.793925839895687,0.5517531128833241,0.6052055371381276,0.5738421039283473,-0.621523232815424,0.7571802100990546,-0.20096517236828826,523
2.7690342883345695,1.447416319925962,0.7469140771806101,0.2619197590630572,0.017063423239301843,0.8409090909090909,0.5546975511214342,0.7612979292044549,0.3357619540223292,-0.5294026946279375,0.6342372015130877,-0.5634500502595822,-0.6419060785664541,0.13479107984527647,0.7548429976449286,524
3.497959793382965,2.550594533078376,1.2418806158024411,0.9809706758459334,0.010692164068083477,0.8977272727272727,-0.5813872633432252,0.7787866980092361,-0.23554220221893651,0.6401414338167949,0.6165226071706243,0.45838719392944877,0.5022029417807639,0.11572015317742704,-0.8569720248732391,525
2.27993050517898,2.279921613731951,0.8262411861044552,0.9128777976276012,0.01416642684491265,0.8787878787878788,-0.5218338216558625,-0.44820269579593147,0.725812514398379,0.6126841015558777,0.3951007770244555,0.6844805093611787,-0.593555097928326,0.8018788683310787,0.06842971757478025,526
2.551396616111212,2.49071260140825,1.0659209470363962,0.5193154342369162,0.011770310233379704,0.8371212121212122,-0.39540562439926774,0.7128137747663177,-0.5792675674477371,0.5212889320985215,0.6934071480884808,0.4974378114411718,0.7562487960089646,-0.1052760632014374,-0.645759017785891,527
2.0747488562673095,1.806134693037486,0.7072015074622027,0.49222460149381286,0.014864763069860929,0.8522727272727273,-0.2515282224817498,0.7326644779722857,-0.6324051834170634,0.5784724792166754,0.6376637115394252,0.5086792523532659,0.7759530553352338,-0.23788180616298266,-0.5842166569112462,528
3.0064627402777098,2.5754193291242284,0.9437386543041753,0.8091000685780609,0.009328570374932564,0.9166666666666666,-0.18933470945659117,-0.5860961774094484,0.7878093923158193,0.6258160310733843,0.5462245220617625,0.5567702100058479,-0.7566417005733592,0.5984396730869632,0.263369122391034,529
2.2996953560052726,2.05436978680561,0.762270995039033,0.2866361166451498,0.012942979256915742,0.8409090909090909,0.5670265803365465,0.6214015727324524,0.540685622702765,-0.40034111583300835,0.7815727794063569,-0.4784046210736306,-0.7198665488584839,0.05480945079689217,0.6919451393990129,530
2.6688304905084106,2.0871319634136025,0.976413432591707,0.7031763765868557,0.01288934112659085,0.8636363636363636,-0.4291279058548863,0.6596201562769546,-0.6170498276879801,0.4694031695264678,0.746514007707883,0.4715691897637302,0.7716928824701612,-0.08728164600350369,-0.6299777848589687,531
3.1719925139701797,2.348083805601052,0.9593709659381715,0.581110523411878,0.012043688076742507,0.8712121212121212,0.8902643884467151,0.10250536243700992,-0.4437589090207132,0.4501533970646663,-0.3461228960374239,0.823140850614163,-0.06921876750374355,-0.9325725663509109,-0.354284025486528,532
2.4056478141844178,1.3651857862679875,0.7047179781356666,0.28094642165064543,0.02019236418796232,0.8409090909090909,-0.5231731822688898,0.7378574477732561,-0.42644602017158006,0.44442804066706476,0.6631778116624577,0.602228284612594,0.7271681635106675,0.1255451189179826,-0.6748813859430357,533
2.700738385154064,2.542386305043761,1.0938060098316336,0.5241310792362601,0.010241944329454147,0.9015151515151515,0.8372187838245942,0.20382408744736044,-0.5074647272348278,0.4394181232616602,0.30165881914112724,0.8461168180479461,0.3255401986859193,-0.9313740914426553,0.16299043170965813,534
3.467967030304634,3.0273302390715555,1.4002541140944258,1.0636131590237132,0.007955712273389454,0.9128787878787878,0.5000460094119187,0.6485881717364607,0.57383566633207,0.8642097163356175,-0.4163065942613374,-0.28254271493995015,0.055637708996031016,0.6371987155182296,-0.768688651067252,535
3.5306148462447173,2.407024871570947,1.1527349308667687,0.6209956822186278,0.012983450970022431,0.8712121212121212,0.5394941194484665,-0.2831383621950676,0.7929557130975339,0.8308570358724333,0.3316546940669204,-0.4468576393491014,-0.13646494429632053,0.8999099020217926,0.41417325749175304,536
4.735621734084479,2.2345574681051263,1.2315898953696465,0.68702099924825,0.01028757234785852,0.8977272727272727,-0.34814426562159484,0.7994074013608304,-0.4896359637162334,0.5550796536156514,0.5966938360587453,0.5795196667512049,0.7554350722972352,-0.0700305123430029,-0.651470320800762,537
2.2798693678075885,2.1627460933239395,0.8219282357996651,0.5106957031600587,0.0126019793605025,0.8257575757575758,0.6365963144999993,0.4681797668961226,0.612823659982307,0.7706177355064809,-0.41697464815590946,-0.48195481999677003,0.029890434722188636,0.7790634432858135,-0.626232156031428,538
2.627288101952409,2.0128367714186135,0.7413927010335597,0.3389288099413683,0.010584501415971,0.8787878787878788,-0.4372269866422658,0.7789499257290955,-0.4495214959914161,0.5987624360490279,0.6250729445813108,0.5007667711910238,0.6710559643787972,-0.05020783961779535,-0.739704715080657,539
2.8969590874697024,2.5072484658841994,1.0274508102210618,1.012935586918985,0.012051424534804313,0.9128787878787878,0.8221338410007692,0.2848433782571592,-0.4929099282266193,0.3525284482925416,0.42512629970319865,0.8336613955588438,0.44701190210751085,-0.8591460173705721,0.24909532354203306,540
2.2255097386998126,1.7844485613999415,0.7975913257414018,0.5855888801481038,0.014205918731625215,0.8181818181818182,0.578293277146827,0.38718048784938486,0.718100379776738,0.8072130973842788,-0.1439656711779574,-0.5724341891724838,-0.11825354547776513,0.91069487499985,-0.3957915406258016,541
3.1660210441698773,2.5695230212002214,1.1444442861883724,0.6042994075281796,0.01015667259266917,0.8977272727272727,0.7154221266750128,0.4070623371551807,0.5678656833561646,-0.633975609363672,0.0365819354282784,0.7724873388815393,0.29367687582743507,-0.9126675274545947,0.28423911928894313,542
3.5947150598726356,2.8387647462340717,1.0172687192539742,0.4410267162479513,0.013880095746427696,0.8863636363636364,0.8934485440208777,-0.4030355416703256,0.19827266916416192,0.13298090719429898,0.6589848604377021,0.7403073902344104,-0.42902887724342664,-0.6350600805155444,0.6423650960527317,543
2.4441878643696366,2.002192670605137,0.9050885997918534,0.5457889898770929,0.012601493889019516,0.8560606060606061,0.7766699366537099,0.49339971704087343,0.3915871917240251,-0.34345750425967814,-0.18941234627733022,0.9198695047915383,0.5280348021352717,-0.8489285495857133,0.022350960432645145,544
2.30468960624721,2.3046896062472046,0.8564134855738673,0.5775854619526278,0.02106080159766568,0.8143939393939394,0.961689430829617,0.27231200066432915,-0.031616655813000556,-0.21574021335408167,0.8229259356706459,0.5255940113267343,0.16914372282926335,-0.49863722152962314,0.8501478238122326,545
3.4746639076066654,2.142680678586372,1.1226079394493031,0.33700423768686866,0.010527639668534624,0.8901515151515151,0.05100545599785976,0.690905812689976,0.7211432600043174,0.6376057209273184,-0.578296656588525,0.5089517871265296,0.7686724842865167,0.4338457502036151,-0.4700217834644023,546
2.33997466846404,1.7789831109755783,0.75728927559853,0.3972319195631315,0.015440373189561617,0.8674242424242424,0.4040626507525221,0.7588031884311096,0.510833725877244,-0.5593111432257869,0.64684266367817,-0.5184260926199541,-0.7238124199889835,-0.07623837401539835,0.6857720401103997,547
3.0020302839736455,2.2985735811214143,0.9969008972347075,0.41628266610274983,0.011674973946552241,0.8939393939393939,0.7249902795426492,0.5728555542523179,0.3823945717854021,-0.412797474255589,-0.08303851067657225,0.907029685838795,0.5513504691363541,-0.8154392188918107,0.176271212840429,548
3.262282925843802,2.0442876871405993,0.9921736847197367,0.527319749311158,0.01223028135116009,0.9053030303030303,-0.4098911540803931,0.7314160854659398,-0.5449951850505876,0.6046450769818165,0.6652331514917541,0.43802874909987627,0.6829301374872079,-0.14998454613069262,-0.7149203194997842,549
3.007533351348849,2.0373168052410855,0.9866997058132663,0.6663041148512798,0.013212664101424902,0.8825757575757576,0.8897264348516509,0.1468442975349267,-0.4322309838589143,0.31704864216156764,0.4824455697881533,0.8165331779513252,0.3284311642181316,-0.8635293998893484,0.38268779167496925,550
2.1005521773902522,1.7483051191489125,0.5741404722033524,0.47655957851835024,0.009520909224320749,0.8863636363636364,0.6537855873646345,-0.600176630462544,0.46081711990865387,0.26092149059980857,0.7504605996921345,0.6072304867617369,-0.7102706396138403,-0.27676145063275837,0.6472393050071955,551
2.8073872293681905,2.8073872293637976,1.2131113028867653,0.6594053332404267,0.009501929966951575,0.8977272727272727,0.14984890751389063,0.5372753909221167,0.8299882283661499,-0.4902944236967442,0.7693592710659599,-0.4095090842908521,-0.8585782917176342,-0.3455741112038653,0.3787107744135195,552
2.173340504061043,2.1733260019315965,0.8582833523431104,0.44802704613556693,0.013604567328791754,0.875,0.5216052006908916,0.5511926408756123,0.6512408826669155,0.8147081484258049,-0.09513369593071291,-0.5720141718411874,-0.253335049886137,0.8289368205980062,-0.4986833664321054,553
2.826556989166542,2.2115257540207907,0.9745036540694929,0.8966540028943086,0.011861216910073745,0.8674242424242424,-0.49535615465273086,0.37775362955065894,0.7822560165374015,0.7072953598382988,0.6981922011488859,0.11072905764109571,-0.5043367466275597,0.6081363709039094,-0.6130371933128949,554
2.735522133436946,2.2305662447171204,1.0092729446258732,0.7892636882817053,0.01412622881388503,0.8371212121212122,0.8557448847608514,-0.17699193296007504,-0.4861836565256935,0.4827973814740386,0.611016334968998,0.6273481703510937,0.1860305906227489,-0.7715781840281059,0.6083253449301959,555
2.986493203175462,1.4914022504097884,0.8839979275312834,0.17545995163934025,0.015833810857296706,0.8560606060606061,0.44673661207698334,0.7668231944030628,0.4608780619160144,-0.5194197889711317,0.641733059431684,-0.5642532793503602,-0.728443190822156,0.012683412708467234,0.684988794643316,556
3.3252319878576064,1.6085776641088585,0.7156119341185958,0.22691647210121238,0.008618224417092526,0.8977272727272727,-0.4321939442340751,0.7860836322905842,-0.44190600540412994,0.5761594369490395,0.6176819902687649,0.5352655995972311,0.6937209077013314,-0.023269764555298278,-0.7198679186320098,557
4.966485945476952,2.3210081352718155,1.0455546081824263,0.29156293021059543,0.004522735380243808,0.9507575757575758,-0.4505743987505162,0.7943834782455227,-0.4073543919993448,0.48793930367908733,0.6012471361697049,0.63278520618998,0.747594774671264,0.08635259543449336,-0.6585174881094262,558
2.2665153695511155,1.8052687006898076,0.7799373187912921,0.6448613102652437,0.018093639784505504,0.8560606060606061,-0.6442997271631385,-0.2443084979224451,0.7247007792326319,0.715966173182348,0.14041147928281153,0.683869179992955,-0.26883136058899315,0.9594779696941933,0.08444954254097249,559
3.8311987105006096,3.518101569246368,1.3708099439479369,1.1507323457688756,0.010163924750900988,0.9242424242424242,0.42488986567912157,-0.3181673807789381,0.8474893036796678,-0.02245570262474935,0.9322062098047152,0.36123029194844125,-0.9049664874805071,-0.17251405800628958,0.38894029918150125,560
2.834246380603979,2.2834609076787324,1.0871994277393773,0.6564231590213104,0.012781748683969845,0.8901515151515151,-0.6221443187369152,0.08507653909541557,0.7782662970724903,0.7800667787375415,0.15189525647615035,0.6069791197150688,-0.06657527599202975,0.984728294279996,-0.1608661526580229,561
3.3191221233329617,3.1720518925223957,1.3055590049673287,0.9184201324668397,0.011854361090668869,0.9015151515151515,0.8014620694266833,-0.4353661764488475,0.41001810164260943,-0.08307117029727583,0.5979066716616053,0.7972495171826587,-0.5922480324456463,-0.6730259314371566,0.44303314060847454,562
3.9665137374221207,2.6771811120680975,1.378998138718844,0.6110466849052717,0.010684982208976875,0.9128787878787878,0.7587054444504395,-0.5653007304912783,0.3237300305305151,0.21932784686469625,0.6896062290292384,0.690172836667577,-0.6134014543110877,-0.4526348782297944,0.6471941925411119,563
1.8428651623467656,1.7662180486387262,0.5330465960064106,0.11563549637423468,0.00813252414526645,0.8787878787878788,0.5758624632705642,0.5317279024271245,0.6210055242720538,-0.6166731134894419,-0.21618738863207662,0.756952630020982,0.5367463968162209,-0.8188580162500053,0.2034080989732466,564
3.1349651390735773,2.601579710848264,1.0017742217143017,0.7894560387320544,0.014114920392847721,0.8977272727272727,0.9882095819133725,-0.007313015161358092,-0.15293247537343824,0.1302220087644779,0.5654748656110118,0.8144202875638304,0.08052360304868246,-0.8247331060236747,0.5597599960524156,565
2.6463948383551563,2.3002676377556424,0.9457155340099506,0.6411218816797959,0.012470830065525376,0.8674242424242424,-0.6764899428563709,0.012050999857063104,0.7363532648237727,0.7020375998820366,0.3126312177278617,0.6398475834555162,-0.2224962147229781,0.9497981338707921,-0.21995212963167013,566
1.8242891623311097,1.4442952003015024,0.5270621614922496,0.3001189327199593,0.013463576891163365,0.8333333333333334,-0.3456205958944,0.7451801739587176,-0.5703094879383082,0.3167639661994027,0.6647383550132101,0.6765970064166372,0.8832932658020345,0.0531923651775964,-0.46579349380985313,567
3.208100822838462,2.2412754438179787,1.1859277450427108,0.7238598950648653,0.010641958452114178,0.8901515151515151,0.5018677125092563,0.6714268073907393,0.5452658447563037,-0.47573340269259845,0.7407626427523463,-0.4742872933835374,-0.7223617713467736,-0.021371696695368037,0.6911850127694558,568
3.1283343246649387,2.181151024965362,1.1301722367369509,0.6167097895880922,0.010148959987142278,0.8977272727272727,-0.6389304799248432,0.7201858682518384,-0.27037040702220944,0.4152182516091036,0.6187375444554428,0.6669015329206615,0.647581381259289,0.3138409888010083,-0.6943645932755476,569
2.4767869544474057,2.31404174135793,0.9691033676767555,0.794733065230591,0.012975468419667794,0.8825757575757576,0.7487528355365826,0.6587034753671317,0.07401974611676111,-0.5009728896019053,0.6354810801551658,-0.5875286892133361,-0.43404533767781045,0.40283188590786373,0.8058108441415202,570
3.4617598749419303,2.0082743372436513,1.0378722933141706,0.6676941179570501,0.010137692447667688,0.9090909090909091,0.02175290848223392,0.7472083742624384,0.6642337362740975,0.9735113874893044,-0.16708298929740087,0.15607322997905154,0.22760138268739238,0.6432440595291404,-0.7310504021469783,571
2.551163661929104,2.0658314841796144,0.8098460969321355,0.4787491453547883,0.013368916229104357,0.8636363636363636,0.6892178511964594,0.18064626621905866,0.7016734853856516,-0.6961756970181937,-0.10327006696104621,0.7104045975013769,0.20079380586404388,-0.9781115579375259,0.05458596665498058,572
2.5696276282599793,2.055092600421838,0.8402623291649626,0.7316533761868472,0.015235567916546152,0.9053030303030303,-0.5281577888259973,-0.45084634600470197,0.7195741257137043,0.8180212803162648,-0.042812955018417226,0.5735923952009214,-0.22779494079582266,0.8915742387355075,0.39141390084031014,573
3.10383266749236,2.519839499421629,1.2572320168057713,0.6374845800246941,0.009613408436657377,0.9128787878787878,0.4405611128164904,0.6569173169072039,0.6118541857512587,-0.5646885466360196,0.7326251392165307,-0.379983224216621,-0.6978773181383641,-0.17810121879257093,0.6937198315549334,574
3.209647819748697,2.104003134559447,0.997355509276957,0.21581834760382673,0.011793559522520446,0.8787878787878788,-0.5163250122507831,0.732640445948616,-0.4434483720620044,0.4667454577246861,0.6748857274496348,0.571557462183944,0.7180230911451261,0.08813190026880424,-0.6904169817852164,575
2.5819581902484856,2.464650784692381,0.9243179660799583,0.9355533321046838,0.013964334538290001,0.8787878787878788,-0.22995554136626195,0.8220716747985172,-0.5208825304124823,0.7088991048946072,0.5081921681031811,0.48908361182747956,0.6667702063489145,-0.25678567283349196,-0.6996274795581408,576
2.2969322414898543,1.8932212716014016,0.7848788964925637,0.6379132555819715,0.014437923042701932,0.8712121212121212,0.6955403417658879,-0.666261618134501,0.2689220875588099,0.6148280015065888,0.7455968868447242,0.2570443753340455,-0.37176627273006624,-0.01344390301407819,0.9282290126537429,577
3.297560046482452,2.925000434434319,1.2182986577044101,0.9651086574453005,0.011644014385907597,0.8409090909090909,0.4293518454837189,-0.4804671362846913,0.7647276140758307,0.8473540415693184,0.5072814150019025,-0.15702450200465398,-0.3124869933547103,0.7154137942086771,0.6249279814827288,578
2.3256741574854405,1.766329817504811,0.762138325334212,0.3569269860632788,0.016535989285500586,0.8598484848484849,0.7496194608988065,-0.0828601687054694,-0.6566619040905936,0.6578290644083664,-0.01617962689273859,0.7529934539511118,-0.07301770923136433,-0.9964298330116943,0.042379264067359805,579
2.4417198069236337,2.177872211830951,0.9353293159514676,0.38738357063590856,0.012638756011723063,0.8787878787878788,0.6387402447057002,0.6401794080223833,0.4268269266780308,-0.027132415605118382,-0.5356511059130166,0.8440033914372582,0.7689439068077291,-0.5506797783451589,-0.3247723047074572,580
2.2260026577508936,1.9194567619884502,0.654602586307206,0.25779677242966653,0.00955332312163389,0.8825757575757576,-0.5338804587265245,0.6637697332776646,-0.5238142771769912,0.43165605638128957,0.7466340879184681,0.5061724881377001,0.7270795725223675,0.04412799499926584,-0.685133574770669,581
3.48692195840293,2.9326028061643443,1.1967102438109563,1.227005993970764,0.013934007817064345,0.8598484848484849,0.7411765754137581,0.241533610055916,-0.62635357368765,0.4188003243303137,0.562837271643316,0.7126152496192684,0.5246556703198372,-0.7904908101062685,0.3160074472837269,582
2.2700377506158524,2.154182163510051,0.851800440407332,0.34267417634306946,0.013542646090786689,0.8522727272727273,0.5324463501125384,0.4551739393421388,0.7136648857801505,0.7783968578694306,-0.5945402260042175,-0.20154466334252416,0.3325646041160029,0.6628262250444025,-0.6708667374990009,583
2.4263820845703066,1.6272997150460873,0.685039243367753,0.3075349937030798,0.013534901475835297,0.8598484848484849,0.6677661584881657,-0.6582941579860284,0.347472530050109,0.3217506542032029,0.6762011310891887,0.662743198255186,-0.6712412934986709,-0.3307579657017617,0.6633508076629313,584
2.6588135997758786,2.1384302540832345,1.01404771479521,0.7346185363339192,0.011742061943320458,0.8901515151515151,0.1095356836895123,0.7104179251490635,0.6952037871196981,-0.517728688868538,0.6378234354108924,-0.5702089704337454,-0.8485039414882737,-0.29746871577957024,0.4376681670070574,585
2.465612765665477,2.066167064497993,0.904433288732266,0.5575572046418641,0.012190517638187985,0.8295454545454546,0.8949023704563104,0.05236876703289626,-0.4431785865665565,0.33188424249324544,0.5857957601422293,0.7393890565758141,0.2983330302470065,-0.8087650089110199,0.5068496457775193,586
3.9702271724790186,2.976222433079388,1.5373398281199528,0.6194187687908829,0.010346311565236303,0.8977272727272727,-0.45914372104702716,0.7867553217359896,-0.4125567926276203,0.5683095315487101,0.6170717180320399,0.544285560304398,0.6827966899260537,0.015445339914886197,-0.7304451531093477,587
4.371083524419844,2.495976109636811,1.3848005985628036,0.7471701092556945,0.009721032096278573,0.9053030303030303,0.7348471271832671,-0.6580483044906856,0.1642319354675979,0.42661121974472016,0.636711416783656,0.6423405941751398,-0.5272594872151866,-0.40195895399192616,0.7486163452979737,588
3.04365897285878,2.0505823878265614,1.0496009198155904,0.5532122574002422,0.012713341742517767,0.9015151515151515,0.21288156597704422,0.602454010579414,0.7692402771591857,-0.621622865522207,0.6909151113615734,-0.3690817280118117,-0.7538344990295428,-0.3996066491301218,0.5215822792655769,589
2.7467261729405554,2.2550798419055003,1.0391602251403225,0.6478855741641522,0.01163617100012343,0.8522727272727273,0.7067767590417251,0.16629606075198988,-0.6876134328653316,0.7060868153029167,-0.10580877689307798,0.7001756293872099,0.043680912694906884,-0.9803826410696802,-0.1922026403444515,590
2.6371598818632815,2.2156192529517598,0.8112447354464918,0.8265174778558257,0.010482261401137906,0.8409090909090909,0.7402000416635113,-0.6245423820101078,-0.2490998020763505,0.6245627175847505,0.5014085865085931,0.5987577483244838,-0.24904881072690854,-0.598778959590762,0.7612085439791891,591
2.450601632148857,1.611495068687059,0.7921565186779518,0.21713345706803858,0.013482273497423175,0.8560606060606061,0.5136581524793136,0.7053622117928441,0.4884869011204345,-0.4999930707150673,0.7087555307504848,-0.4976670843721898,-0.6972533482375369,0.011390689413092153,0.7167342747254651,592
2.607457324733348,2.516806891024916,0.9180283981558786,0.7507229945787097,0.012896067852894988,0.8484848484848485,0.5908030226465929,-0.515900073287326,0.6203216124026157,0.1606891538291876,0.8286879515500657,0.5361485566495686,-0.7906521259525641,-0.2170792328572396,0.5724908928435485,593
2.549128943331831,1.9893362391002225,0.831790454150886,0.7396489508704004,0.012599172434854207,0.875,0.6774986268848231,0.45022504921576223,-0.581629620658924,0.7326189231030621,-0.4832820422804868,0.47927860490586427,-0.06530791744106501,-0.75082346305098,-0.6572663107535976,594
3.1054251725029465,1.846633934197794,0.9888644993685097,0.3401684414475928,0.012513243962566742,0.9053030303030303,0.5105606519951702,0.736641257109951,0.4434946211147749,-0.4958792684241271,0.6736275803085136,-0.5480233883648121,-0.702446846232097,0.05987939020371086,0.7092128642709554,595
2.4760878666772737,2.250690745565303,0.7913072548835849,0.5947802669669732,0.013896482858224896,0.8446969696969697,-0.5612145269205749,0.6032067865620842,-0.5667272954594295,0.02307610966609386,0.6958632810558316,0.717803446105472,0.8273486253907683,0.3897638602072503,-0.4044482480371864,596
2.2618159634802875,1.4966967974305394,0.7286971296462575,0.33834843539518716,0.01671988375735044,0.8181818181818182,0.7832310648892704,-0.5843414037234818,-0.2123540036987539,0.540048025641106,0.47018512509060906,0.6980501974390321,-0.30805393844838735,-0.6614159599208347,0.6838360176010312,597
3.2777257546633383,2.530155776065757,1.2398069635863536,0.6859679118450239,0.011404140778758474,0.8977272727272727,0.6420530634506391,0.614812619661342,0.45801015973317427,-0.21881815552594525,0.7195166510281192,-0.659101209000183,-0.7347696771954277,0.32295701199763066,0.5965000334247177,598
3.0741852046459486,1.9520021394664844,0.8452150353774415,0.4788887040390294,0.01108333694458308,0.8674242424242424,-0.4922984923041327,0.7073124198482375,-0.5072980733291902,0.5061032131453064,0.7067740044740293,0.49429752603441335,0.7081678700132296,-0.013403258117921951,-0.705916865185094,599
2.5675516357712898,2.226385590779573,0.9842286561585274,0.41575916459978557,0.012219661852424889,0.8863636363636364,-0.20597660878798157,0.4645422392814406,0.8612631099470054,0.9626644888354593,0.2541714239514979,0.09313414616364801,-0.17564372623969982,0.8482908670791244,-0.4995516852766895,600
5.085397057016355,3.107637653690224,1.6011178361309044,1.0538574552567381,0.008845323914259375,0.9242424242424242,0.8114600161525813,-0.574870446033438,0.10515042778309865,0.3511390608480892,0.6234322369393929,0.6985940207956739,-0.4671552227390532,-0.5299586929394222,0.7077498015863832,601
2.3724674167192275,2.0121662771722617,0.7770770305129936,0.46010783095943514,0.01387528799200539,0.8446969696969697,0.21161706063283453,0.7070381784415234,0.6747705045978313,0.631450290439827,-0.6258726010042965,0.45777070462795544,0.7459817359376686,0.3292119401513398,-0.5789047832841023,602
2.5020655811391666,2.501934601203064,0.9778244156498066,0.6801016025852006,0.01049356415317935,0.9015151515151515,0.7230797677242938,0.45093778147169594,-0.5232693061408878,0.5678566787107918,0.04327845634179353,0.8219889096941758,0.3933121431526489,-0.8915055201500752,-0.22477425473264,603
3.600616751628664,2.3316599138912815,1.3091397124958548,0.46937302444916673,0.012633646664203507,0.8863636363636364,0.47693889521044935,0.6494921709757147,0.5921901806655434,-0.5973428368796365,0.7337665556307821,-0.3236791267078038,-0.6447564078503013,-0.19936539739631715,0.7379313063266693,604
2.83613625570192,1.7643268107727343,0.8093854406898582,0.5848114834012171,0.015331998116550487,0.8522727272727273,-0.33660490443670393,0.7760887370861159,-0.5332761109193201,0.5624417318576364,0.6199074009740105,0.5471509046713072,0.7552194625234045,-0.11576306140442594,-0.6451685648263832,605
3.186534848560665,1.8940092628285068,1.0410732325647991,0.5100638265693986,0.013902857190885807,0.8787878787878788,0.6634178293135664,0.7480992708172686,-0.014975471663581664,0.6270961933899347,-0.5449705458103322,0.5565585938920018,0.4081998872914216,-0.3786219555200935,-0.8306733815486151,606
2.712201389354318,2.7122013889655388,0.9242615231260458,0.6933135440964647,0.011739252374889559,0.8787878787878788,0.8120871938122709,-0.506601810194689,0.2896014425958122,0.17749954781344168,0.6872229838689775,0.7044277684534043,-0.5558851501633544,-0.5206526446198881,0.6480065767244818,607
3.591829972227083,2.5023066203172486,1.2844671256817222,1.0050104236349737,0.011531092566971133,0.8863636363636364,-0.2710279363182843,0.7421634093426961,0.6129741687607054,0.8540078163886098,-0.10839594070154202,0.5088427749183304,0.44408840030134866,0.6613953385625375,-0.6044350245026637,608
2.980856330949239,1.9214862115015154,0.8573206385505929,0.7745658849668422,0.018353444042254922,0.875,-0.5909255606153679,0.07112835780907172,0.8035843070436343,0.7434916642322009,-0.3385740807353256,0.5767042024048908,0.31309284090928247,0.9382474879101004,0.14718873734678492,609
3.071235093420314,2.3670724700185453,1.0307830349377354,0.6221537805048837,0.0308208570376602,0.8295454545454546,0.9261606605602862,-0.12170576220203318,-0.3569511707185682,0.3499041547947142,0.6304041432479858,0.6929341228667915,0.14068942137890433,-0.7666670226523344,0.6264408695874447,610
3.0183567743482467,2.521503627765816,1.2092491890435317,0.18910580808609617,0.009876541329393158,0.8977272727272727,-0.5632002951407822,0.6650785156970955,-0.49038351880083025,0.2856883004911424,0.7135797744115009,0.6396765592964262,0.7753628973041067,0.22016919291531192,-0.5918934903977249,611
3.7507568593708402,3.04124322137641,1.3866306469329504,0.7077503001575651,0.010360655499688426,0.8863636363636364,-0.4956082150967903,-0.5598735096843027,0.6640136672406335,0.7128514387453097,0.174560506020648,0.6792432966298286,-0.4962008901718292,0.8099816558982039,0.3125930160785554,612
3.0413598162394604,2.011320021226814,1.0531462445366446,0.2782719495705535,0.01127016412938737,0.8977272727272727,0.5049989132236643,0.7528303507126937,0.4221641395105945,-0.5850762194868847,0.6581692928110056,-0.4738132537103575,-0.6345564711149456,-0.007723020553093568,0.7728379130967138,613
2.8833580493442503,2.883358049131151,1.2095567781588938,0.7175229895423112,0.010289364201514523,0.9015151515151515,0.43778813160403324,0.7367057176345613,0.5153700005153538,-0.61298576101704,0.6639121275011358,-0.4283329823248213,-0.6577157506225693,-0.12839537593488953,0.742242964817807,614
3.7252441855079033,2.6626398906532303,1.3601911068757349,0.6879746310033067,0.009059498995386387,0.9204545454545454,0.7371670338785371,0.02613067162478103,-0.6752051185848325,0.6281989774660223,-0.39457908691147414,0.6705769075078202,-0.2488991941999088,-0.918490354969798,-0.30728595632422073,615
2.2510711031685413,1.8061471628509107,0.7678527280684239,0.41213452521979055,0.015104415396951648,0.875,0.35658614133249233,0.7396681889554669,0.5707339958833216,0.6831953814409897,-0.623131450193859,0.38072465977002173,0.6372522221124884,0.25416169268132816,-0.7275379298607445,616
2.756825628417078,2.4479699303457205,1.0657640035333373,0.9920816406857755,0.011493740073393929,0.8560606060606061,0.7588703728336127,-0.28005072613262694,-0.5879518245808597,0.6175958678768403,0.5959090287255268,0.5132911196045103,0.20661824996070924,-0.7526380406782451,0.6251758780592755,617
2.1319230943057734,1.7197360616922346,0.7543895385435994,0.3172764847881242,0.014948646068608505,0.8522727272727273,0.38227621437159853,0.6931844916863495,0.6110320420495613,-0.5764405312368741,0.6957080390251467,-0.4286101239858145,-0.7222057946825613,-0.18837617928316244,0.6655322720992632,618
2.780329381570075,2.261765454343094,1.0261050795165068,0.6364222687105385,0.012236483287459347,0.8636363636363636,-0.28756639976685056,0.5462851984644184,0.7866880243551588,0.543896276646544,-0.5829425180593778,0.6036181416165506,0.7883415541344742,0.601456983147825,-0.12948780424255796,619
2.351171993299255,2.1580413694110456,0.8432430967630895,0.35723486202171734,0.01449988252271222,0.8825757575757576,0.4373133644538291,0.5571194925959874,0.7059567212228112,-0.607096397525672,0.7620221297251025,-0.22529145105966686,-0.6634689031005324,-0.33006081981781565,0.6714676982847111,620
4.131658571868852,2.778987125702597,1.3726838059547237,0.982772826620576,0.012289399635058191,0.8977272727272727,-0.06441567873851733,0.49667525984743155,0.8655427814892471,0.7224041880791544,-0.5751693592580253,0.3838129716625148,0.6884640944728737,0.6499953033878008,-0.321750363162883,621
3.67789003422843,2.011941561355248,1.091961720607478,0.7964093686151668,0.011615600405231755,0.8825757575757576,0.7836655561450256,-0.17896509491334178,-0.5948443417521648,0.5795974851800144,0.5551444987074946,0.5965579106237779,0.22346152081490586,-0.8122721713548132,0.5387753412672357,622
3.5391590386186405,2.6751897895522694,1.3014420784024836,0.7738653972862974,0.01117197525898932,0.8939393939393939,0.9331858249052576,-0.0676817488600034,-0.352963733359598,0.3425713375343362,0.4644717848336015,0.8166460921313616,0.1086696594999259,-0.88299781537937,0.4566243129087961,623
2.6421606610867108,1.9949466401093632,0.9250750324436678,0.6215376486563342,0.014894194347561151,0.8825757575757576,0.7218794783163734,0.6914216760852816,0.028741687930611375,-0.560783735367202,0.6088124825631589,-0.5611318590339451,-0.40547702886019144,0.38895170254763445,0.8272272675341452,624
2.8360408556184673,1.9509474694212245,0.9724311740368278,0.641747745186682,0.01305412502269622,0.8712121212121212,-0.5351353217575793,0.2788733040135318,0.7974082189919968,0.5932640384897467,-0.5479256642380602,0.5897586346159901,0.6013883670659488,0.7886742970186469,0.12776887406522294,625
3.467229983926192,1.8948466148032255,1.07510050590659,0.5467916668258805,0.012663918574711615,0.8787878787878788,0.13585122466198152,0.6876532560520686,0.7132162674805084,-0.5750109976486887,0.6409602543512251,-0.5084607211231489,-0.8067879506666542,-0.3410321858461471,0.4824834203121382,626
4.34832617560873,2.629670726399448,1.5584102161944464,0.5739105246114898,0.008751181919910473,0.8825757575757576,0.801266271463265,0.22822365751223087,-0.5530699091137551,0.4008002558634716,0.4815770493186706,0.7793861048731228,0.4442201223663027,-0.8461663593651444,0.29439934640485266,627
3.0455669031245636,2.463163401793385,0.9947529878983421,0.6416908437870192,0.010725026006876822,0.8977272727272727,-0.32036677996389595,0.7355922996850462,-0.5968828150815114,0.7227626366378178,0.5971150887313621,0.3479479011140709,0.6123555318407063,-0.31993364851700523,-0.7229544682555624,628
2.777809970773111,2.553354664196225,1.0231821595046222,0.8024607567460424,0.012494812843739139,0.8825757575757576,0.887004648327605,-0.4097182973887544,0.21296401252343597,0.1755519959351465,0.7257849245468712,0.6651449015242309,-0.4270881063298395,-0.5526003620025531,0.7157014666369206,629
2.440564302619509,1.983533174691715,0.9124481691491895,0.48458884026574534,0.013042796559700615,0.8560606060606061,-0.14266478539797678,0.4272577476458639,0.8928032124068173,0.9694533569163132,0.24215044903818594,0.03903010113100488,-0.19951678568742226,0.8710992923353733,-0.44875279956984226,630
3.194251060456275,2.693919187915401,1.254587505806178,0.6264073635276128,0.010091804644177518,0.8712121212121212,0.7514378238218894,-0.012549827111449943,-0.6596845448919475,0.6591465399336894,-0.030341023643564165,0.7514021966814483,-0.02944547203337633,-0.9994608167025525,-0.014527217661970114,631
3.6327982817893743,2.52991768640004,1.3186825888600757,0.5857712017020535,0.00841636261420213,0.8863636363636364,0.3042892113941204,0.6756408449877962,0.6715039273253144,-0.547730312914368,0.7008426160178756,-0.456958566926969,-0.7793584413759005,-0.2287554942671267,0.5833278183823654,632
2.2037318276515507,2.2037309910320055,0.6462288164067156,0.4394928077693574,0.006487267005118323,0.9090909090909091,-0.520278922428127,0.7294762219393314,-0.44404311108511346,0.573427778631537,0.6837194283230756,0.4513405876134645,0.6328431287220616,-0.01980366023456251,-0.7740267369223017,633
2.939355566653358,2.720630422252032,1.0762748380339677,1.1231823547340998,0.012126851425992286,0.9128787878787878,0.6035438103612089,0.7293713329737315,0.3221060813005482,-0.5594270999388697,0.6752239924091598,-0.4807430497979359,-0.5681339532440031,0.10995462114507515,0.8155573508099745,634
2.412758317095262,1.7931186873128446,0.7047117529979218,0.3265820354956869,0.01300324301415021,0.8863636363636364,-0.46322987834741386,0.7476416364715598,-0.47586769507959686,0.5194592108189331,0.6640996992565099,0.537711556266726,0.718039141065173,0.0018902014551619717,-0.6960001573540393,635
2.659206009374887,1.7973215290258786,0.7780962771159967,0.4875260390373384,0.015325068610801743,0.8446969696969697,0.2225648126628847,-0.6566985601483988,0.7205636025108089,0.4488391829097269,0.7251347325765927,0.5222288842030878,-0.8654526515351741,0.20718740480563314,0.4561415210662618,636
3.7276244894977606,3.7276244894977606,1.639339853890983,1.525463655405119,0.019654882313963153,0.8712121212121212,-0.05665213798473028,0.46113166835991404,0.8855213829701468,0.8869261601539404,0.4304960187987418,-0.16743704558137723,-0.45842395410399955,0.7759064133218875,-0.4333782598027022,637
3.6795879187905394,2.3354849528566617,1.2513984279496333,0.9904807926250533,0.01042461941448883,0.8977272727272727,-0.5192170122383631,0.7795495701696842,-0.350308666536425,0.2856282913108436,0.5445998758388507,0.7885603682909484,0.8054999524550671,0.3093758925394303,-0.5054269321181011,638
2.035305745033226,1.8272201981033003,0.7786730383930077,0.5047628100527864,0.014633015394113671,0.821969696969697,-0.2956879030476066,0.7399563101995815,-0.6041798763506857,0.8628105875743057,0.47833434137422276,0.16356695213816835,0.4100323816005152,-0.47292802502908327,-0.7798798171392181,639
2.8270981496466603,2.1762982260513524,0.996105637188678,0.5722122157429107,0.011734692567518504,0.8901515151515151,0.5491247148677442,0.7468775285855586,0.37501467280007467,-0.5618349120424295,0.6620982901376672,-0.495950991335891,-0.6187112243459743,0.06164261099844576,0.7831964053656019,640
2.1035496383013603,1.9093913013535226,0.787170610635628,0.5287896032413342,0.01427007174271049,0.8712121212121212,0.3921353709551776,0.4427749424658946,0.8063375231068992,0.8988593455419012,0.0020075178955666385,-0.43823264004850687,-0.19565716899165872,0.8966305371758331,-0.3972051762325698,641
2.8583733254674693,1.5964324771062857,0.8218473254763226,0.3390688229658202,0.015732663559392557,0.8371212121212122,0.3047000209470363,0.7749479306604433,0.5537270103579672,-0.6046750877011767,0.6065746721785066,-0.5161736194199695,-0.7358844580152851,-0.17754681590114196,0.6534150232546816,642
2.399207365237878,1.6926311549438668,0.7257686370577057,0.7225133767760262,0.017419169977673114,0.8560606060606061,0.3619213160647295,0.46284317129592556,0.8091904347943719,0.7683949129253663,-0.639592177183003,0.02216088167751475,0.5278088847001278,0.6137573182219799,-0.5871283808168113,643
3.2033487165704027,2.57235803127443,1.0527773789597552,0.9959722136156521,0.012194879163014856,0.8825757575757576,-0.5541613080081427,0.8280442522294408,-0.08513495789915249,0.5570079443452282,0.44487683277925627,0.7013036101380065,0.6185849938715031,0.3412144780135858,-0.7077607543166748,644
2.51455506967341,1.9606891308600352,0.8109234267825673,0.6106613795780136,0.014501635580954436,0.8674242424242424,-0.22799183799647432,0.7261885903869743,-0.6485906667527439,0.553810969210472,0.6446029576970856,0.5270487997428008,0.8008202870739147,-0.2390338012080065,-0.5491354201751188,645
3.052553402867169,2.6338996159561523,1.1437185766419515,1.0745570638319122,0.01323921048564299,0.8977272727272727,0.927544318921335,-0.3423506667150069,0.14985845800803865,0.0642663689686339,0.5411458508076568,0.838469440095013,-0.36814585459616983,-0.7680867067938668,0.5239383938882588,646
5.305136640387254,2.548995909088345,1.7211917003997297,0.6169713765652637,0.011361458123574262,0.9166666666666666,0.9402280238745625,-0.28877950976926636,-0.18049281940940873,0.32105003040354274,0.5749052187253931,0.7526027288418454,-0.11356998326503122,-0.7655654016605834,0.6332546681086926,647
2.230694147444916,2.114152352556215,0.8500052148722727,0.6221121379806569,0.0153899574133097,0.8409090909090909,-0.6990080461685667,-0.02687748947885389,0.7146085305612555,0.5876786572954308,0.5477868507308732,0.5954522331184858,-0.40745741759236925,0.836186083790962,-0.3671120893178151,648
2.1558882353384665,1.6719435081707532,0.6575603876933513,0.667645958159082,0.01776013069795244,0.8484848484848485,0.36100574390437873,0.6801606128104303,0.6380097128174352,-0.5282065987613275,0.7129568911446179,-0.46118354306543874,-0.7685523026398634,-0.17051103234319295,0.6166468567634336,649
2.62370849035384,2.3202952766162177,0.9941381023589436,0.4942963372507038,0.010701703686672908,0.8939393939393939,0.8282356177638442,0.21212263356625735,-0.5186807783177034,0.4630652909339209,0.2621920478803829,0.8466556952862092,0.31558881127129096,-0.9414134683321704,0.11893016372294792,650
3.2909161936494997,2.3893267955165496,1.177622939663487,0.4756775280091222,0.011851720164149529,0.8636363636363636,-0.3986699863074311,0.7558307100831761,-0.5194056023117142,0.6410382153503124,0.6346873161398955,0.43155766380823674,0.655844683197264,-0.16090975242755862,-0.7375471531336709,651
2.4801743365389557,2.421553698151785,0.9422990685502813,0.5346267507192126,0.012379299228139469,0.8977272727272727,0.1290664472999594,0.5723457005516781,0.8097914862737046,-0.44772755844270196,0.762280567601348,-0.46740600089034356,-0.8848061288171006,-0.30223953301541423,0.3546397877992832,652
4.227265966894412,1.991120078160407,0.9946914200910706,0.379946398829785,0.008863609818353933,0.8863636363636364,-0.5284833430278494,0.7188414628958967,-0.45163293432144175,0.3881244532300621,0.6777271469845123,0.6245360862633147,0.7550263339427135,0.15476713301576775,-0.6371674580446696,653
3.8347070656787667,1.7319665838092546,1.1882863799065515,0.5206573167447216,0.011165692487664726,0.8939393939393939,-0.48462694406950474,0.26252807548245266,0.8343954306354588,0.6380637414494602,-0.5464028853672671,0.5425113350980251,0.5983405275671786,0.7953130807712173,0.09729191448843852,654
2.6677901909121626,2.2489277822691527,0.8701288505237008,0.7019692388014914,0.012520438426090748,0.8674242424242424,0.7208337428460335,-0.10281159894882806,0.685440362319118,-0.6911211101371285,-0.0317904791891492,0.7220394563704586,-0.05244355343988062,-0.9941927079568174,-0.09397091650127064,655
2.826687948436237,2.645816407458079,1.034617512849281,1.1685645155003261,0.012302165051496323,0.8977272727272727,0.7849712229328806,-0.0948378208325346,-0.6122303217801238,0.593199879049156,0.40010135177366674,0.6985934524492419,0.17870109866289152,-0.91155070953218,0.3703258312460189,656
2.2174162870817646,1.438008577887414,0.6550882011364663,0.22483619877120992,0.017330949471691674,0.8598484848484849,-0.49881595568589043,0.7546803659986453,-0.4261926647999969,0.5433719603528225,0.6554021402824246,0.5245902660320221,0.675225558650961,0.030092851133910914,-0.7369971948760252,657
2.772789263156058,2.404077742443148,1.033151532538059,0.27807283648392433,0.01093796504564992,0.8674242424242424,0.6469070708001624,0.5989468829461793,0.4719892722910232,-0.3546921197700528,0.7842508756199816,-0.5090619454077457,-0.6750590655059603,0.1619048964619293,0.7197791762616308,658
1.7131087000780143,1.6948320195990112,0.5316689242862058,0.4883791245952276,0.011618787228589313,0.821969696969697,0.6352122596817712,0.03505652540071985,0.771541590049951,-0.241729773683721,0.9578034129994211,0.155497069301892,-0.733533981261124,-0.2852782187155007,0.6168826762535286,659
2.113768942526672,1.7017848653973235,0.7378259727361068,0.542460641459054,0.015010895894236022,0.8484848484848485,0.7916780330245802,0.5331599163324333,-0.2983058759775349,0.591160670354456,-0.545290467888978,0.5942956902548511,0.1541912898071807,-0.6468375447094984,-0.746877658590606,660
2.481732743120347,2.1244593251632606,0.9691451995710868,0.3216064663706505,0.01174749261376369,0.8712121212121212,0.4672994918608958,0.6321284840340603,0.6180976982478977,0.8007727994280566,-0.5989259620339473,0.007114471017879028,0.37469201833332677,0.49163123545449333,-0.7860690934789298,661
2.5966919356576166,2.3748079043359556,1.0269978989389117,0.3991870972703373,0.010374771907322422,0.8977272727272727,0.676125940912702,0.3695672030452738,0.6373961048345109,-0.6976819352566154,0.04305223675317661,0.7151128736969656,0.2368409365829678,-0.9282061125331171,0.2869490955111391,662
2.1626215335507863,2.162621473736709,0.8495270155036946,0.6453681072159908,0.013773231725870291,0.875,0.15359793107667452,0.6925421842207165,0.704835440825562,-0.5724747287743854,0.6437631142952985,-0.507781190659434,-0.8054069533370438,-0.32550633749224855,0.4953435815358097,663
3.609758926381955,2.517600736606506,0.9853915359223171,0.9336543757863556,0.010005859295703154,0.9015151515151515,0.8954046369540802,-0.4240453568000191,-0.13577949586545215,0.3753055153597019,0.5547080106513461,0.7425932891292613,-0.23957526220734968,-0.7158802681283866,0.6558346860625085,664
1.975741887253847,1.9686604823984144,0.7518379437869804,0.519899580618983,0.014364429583933915,0.8598484848484849,0.8141759447798014,-0.5360471164656777,-0.22309419506287023,0.5536022062956286,0.6008584044398285,0.5766227319475323,-0.17504893066377206,-0.5929777961634446,0.7859613254674904,665
2.316286937172219,2.097453971780934,0.8068539390292769,0.5527053959549656,0.0230291642023109,0.8409090909090909,0.12384946392999792,-0.24394163886738124,0.9618491498727586,0.770559246924843,0.6343777933917935,0.06167059453238528,-0.6252197671722088,0.7335238865081732,0.2665388351799299,666
4.38632501819362,4.369305451497221,1.8850745644368458,0.9832540036906626,0.007997743730529392,0.928030303030303,0.8608035600825372,0.10283365592261196,-0.4984400366732388,0.4281777881855765,0.383061950401733,0.8184908819644406,0.27510182233808866,-0.9179808175359713,0.2857100032939915,667
2.7662579714856754,2.623219297422643,1.069142617472433,1.0589447508777758,0.011872227549778055,0.8863636363636364,0.2630945665148819,0.6349630742196792,0.7263629557238176,0.9346073867120946,0.019044909622270442,-0.3551708379367158,-0.23935388397420185,0.7723077014991977,-0.5884305672137459,668
4.037523346651241,2.66922311572694,1.3840245935558417,1.0207321373041947,0.008752827165218012,0.9166666666666666,-0.37514067123144845,-0.4188628751566243,0.8269361333280488,0.5900249900020983,0.5801417185404909,0.5615212352012251,-0.714940548550047,0.6985624368833555,0.029504810023891603,669
2.947123595343909,2.1055059903105415,1.0917179959641639,0.44234978043523737,0.011695086431049342,0.8825757575757576,0.6737397683097532,0.6446474755534709,0.36125386760622674,-0.40543242218227493,0.7311792177925637,-0.5486360382910224,-0.6178181574228242,0.2231738867582669,0.753985504255801,670
3.1900471300837694,1.830419799927235,0.8717420166889374,0.22687185856161696,0.011993657968430648,0.8636363636363636,-0.48853104669819236,0.7603965677100579,-0.42794214121389346,0.4701757490434605,0.6425677113486145,0.6050136373203704,0.7350320955056245,0.09435992871429641,-0.6714343023927535,671
2.6975672943000535,2.6975672692491126,1.0588636366972315,1.1371027325935377,0.04581528373800668,0.8295454545454546,0.9933937100799446,0.04573977890048994,-0.10524642226573468,0.034056171539679665,0.7583083159555418,0.6510058948525197,0.10958610292214495,-0.6502894513820783,0.7517409896151285,672
3.770766935819635,2.627346617343393,1.1634445981363606,0.5029658710706226,0.010555095208126164,0.8863636363636364,-0.4300767769673677,0.7763632498336188,-0.46075380651834347,0.5508769010839537,0.6300168730624309,0.5473695091149823,0.7152402433906393,-0.01840771480707884,-0.6986362073855608,673
2.79736227198509,1.907610001335155,0.9172392010225188,0.8371828325985309,0.01793876681833101,0.8484848484848485,-0.3068479776260581,0.7416147470067878,-0.5965332225860153,0.47346467751052596,0.6626553642211168,0.5802749929290705,0.8256364319581906,-0.10438120180874208,-0.5544628454029277,674
2.1838708923703036,1.5590701686375126,0.6345501605328634,0.4085082764811992,0.014523776096606409,0.8560606060606061,-0.5089691666386998,0.7521856639281709,-0.4185297055073205,0.303830320172509,0.6119084392216778,0.7302432461537464,0.8053803598021114,0.24450928201241615,-0.5399793394703123,675
2.6616021669050713,2.1033141317812625,0.9253426148199753,0.2706024437467648,0.011510749133287692,0.9166666666666666,0.5528083589590914,0.6569852038020556,0.5126142411698371,-0.4507516132042439,0.7531443616450094,-0.4791623458871774,-0.7008750969029562,0.033823253946105636,0.7124816390853657,676
1.5420666980720266,1.23238427227975,0.47647596440522255,0.254508580268583,0.019036250626403264,0.8068181818181818,-0.5389971838561787,0.7432494645143537,-0.39631082409421425,0.38648282978143633,0.6362817095424778,0.6676650420576438,0.748407013649152,0.2067022486593421,-0.6302072058616353,677
1.8591850691058074,1.8591850691058052,0.7429612801000018,0.37115369524505076,0.01822505519548389,0.8333333333333334,0.8613013737727184,0.42862003227435175,0.2728457649852046,0.10569959679851353,-0.6764011487135722,0.7289095151358581,0.4969784087602393,-0.5989710793954026,-0.6278902031996093,678
2.6686502621917407,2.3402744796421704,0.9064253980834749,0.6017720676197866,0.012528137280554932,0.8901515151515151,0.6497183599244014,0.36751556372475136,0.665430960503961,0.7289981631146164,-0.05310973397484077,-0.6824522212819274,-0.21547095152864817,0.9284996858250409,-0.30242454012553127,679
2.457660343755203,2.4353149222275423,0.9898758881902838,0.5417396601330755,0.011130795835783778,0.8901515151515151,0.3467705023212005,0.6764242214490097,0.6497695678908049,-0.5661905962197125,0.7032611153655205,-0.42994419680606305,-0.7477823396365206,-0.21880145395299616,0.6268552434779389,680
3.6011343362305603,3.163750435878393,1.3642130679907234,0.8606463548604881,0.010506866353599277,0.9090909090909091,0.7634427728491655,-0.6448009804672178,0.03724014195585277,0.2999444804393374,0.4050166390745484,0.8637099227904778,-0.5720038821881835,-0.6482231233620657,0.5026115210581379,681
2.1371427929673,1.695860474841579,0.7542415268535929,0.3290729852555147,0.01850019696343298,0.8560606060606061,0.1696790652940111,0.6634499410207753,0.7287271029407927,-0.5372922051975966,0.6821639733222475,-0.4959530217017614,-0.8261513790068105,-0.3073865469742192,0.4722154272198354,682
2.0682759000172855,1.6663980616875758,0.5467708302269727,0.279535377186966,0.008406925002288866,0.8712121212121212,-0.48864190557086506,0.7114302841981655,-0.5050703305934643,0.539271319617321,0.7013410416055542,0.46616218979860374,0.6858684509133417,-0.044583562950417044,-0.7263585712004638,683
3.3966690047529773,2.699482420167115,1.2157803968393917,0.5397585295338918,0.010105907885387623,0.875,0.8567996456576422,0.17333473721701767,-0.48564332186785614,0.49413793564997666,-0.00680676977583295,0.8693568705869865,0.14738408242587892,-0.9848394471989463,-0.09148330715685511,684
2.8035203581569115,2.349125599156973,1.0367950826934413,0.9185760924347666,0.037653737736352895,0.7689393939393939,0.9798973917863258,-0.05200466743818901,-0.19260481856640843,0.18911939339823802,0.5495297712151166,0.8137879856504053,0.06352130832278441,-0.833854031058737,0.5483178806824165,685
2.864999608223959,2.257180744483425,0.99328771983843,0.4555483661400421,0.011361533621482909,0.8901515151515151,0.39080027700750125,0.7427685113836084,0.5436635742698223,-0.5349705395819718,0.6639182197746205,-0.5225123149081491,-0.7490538467094567,-0.08664603827225487,0.6568186955176358,686
3.972375336599142,2.746898922900345,1.412592425717492,0.8568416453977973,0.00940917158775636,0.9128787878787878,-0.6038188373227291,0.7733701196449658,-0.1931358841193397,0.5730164005121975,0.589556878929246,0.5692757602877987,0.5541254518953922,0.23306939856518633,-0.7991393113933202,687
2.944904107026802,2.3149687519222635,1.0666047579926172,0.4648849999931965,0.00997588778949577,0.8863636363636364,0.7764174121604517,0.06779436536527399,-0.6265619890472028,0.6187928976865061,0.10645052690000446,0.7783081877350697,0.11946276351568513,-0.9920041377672933,0.040699370827622414,688
2.9508970779698083,2.184855716046016,1.041708651964356,0.6455706691612569,0.011125117646741763,0.8825757575757576,-0.36941041535271407,0.81567552686532,-0.44520712022823483,0.6935554208209027,0.5608717337572258,0.4521103587865513,0.6184794445079609,-0.14176153619775111,-0.7729080434152422,689
2.966592978723037,2.7075826283865654,1.1704500807998104,0.7061796356120901,0.011748232403993305,0.8863636363636364,-0.002503033757672335,0.5845723301832673,0.8113377383100784,0.641765538240354,-0.6212771877902965,0.44961277768592117,0.7668968175374553,0.5218139962817077,-0.3736032983465716,690
2.258875522268778,1.784254858952215,0.6702678337906943,0.33258465169158874,0.013528730598293098,0.875,0.5365480072800316,0.6581567404112105,0.5281533308946538,-0.4639520280134671,0.7528612151047198,-0.46684955445329057,-0.704886339480358,0.00544938917084134,0.7092993391873748,691
2.7735804934423363,1.9348914297088624,0.9656440097970787,0.48389072338663414,0.012918644478828617,0.8825757575757576,0.4508517292951768,0.7851113421877974,0.4246562121994967,-0.5290679168937624,0.6182244818736953,-0.581279304057607,-0.7189018413561364,0.037398801853485736,0.694104799086334,692
3.1296475876949104,3.129472678153605,1.2036451197737628,0.5613161589723502,0.011293025641776299,0.8787878787878788,-0.5395663404400901,0.6050232581254839,-0.5855040746154658,0.3397968372742792,0.7927529393207678,0.5060443523809747,0.7703286789692345,0.07409206654903905,-0.6333277919308508,693
3.5231399127616463,2.269425802278356,1.1950819935007788,1.0080318560283272,0.013510984202527929,0.8863636363636364,0.8037254063762519,0.07506663724127294,-0.5902461106340438,0.5159102308472779,-0.5821175659519449,0.6284709803302707,-0.29641542613777233,-0.8096321012555456,-0.5065903234015555,694
2.10547907684938,1.8294678318925937,0.7749365984900102,0.802278623093905,0.018836701767446055,0.8484848484848485,0.7017265771860809,-0.5054993969760581,0.5020459844750766,-0.6727822690975038,-0.2383286952227683,0.7004023496686935,-0.23440100097636352,-0.8292585801125332,-0.50733261086887,695
2.1819121684113485,2.034547910824789,0.7436422890053503,0.3526604491218472,0.015580076759956258,0.8901515151515151,0.6033132361392067,-0.5762492611788932,0.5513165407368235,0.46538381105394566,0.8157797643786224,0.3433966867039703,-0.6476349647047658,0.04939802649032718,0.7603478069086,696
2.6638500943884202,1.8023663058361337,0.8701358195407828,0.28732278955195856,0.012895605880224799,0.8712121212121212,0.5307610480332502,0.6477956007911593,0.5464920580267081,-0.5172633281535682,0.7583867806914771,-0.39659568860479455,-0.6713652949312615,-0.07218275741503863,0.7376030709628464,697
3.048238331403144,2.3211163077975856,1.1093796906720141,0.5837689893884326,0.011292760167327661,0.875,0.5859136742817619,0.736275386638011,0.3385317139068257,-0.4951488179020482,0.6559641109284358,-0.5696830112475456,-0.6415082341013635,0.16616148833262864,0.7489042297752336,698
2.5089437130495273,2.0321599913838457,0.9282264462103386,0.7240649908498062,0.01275802259161984,0.8598484848484849,-0.24601488374853295,0.452980467770554,0.8569045295670725,0.9691691831983711,0.10246344634783398,0.22408109358249495,0.013702967299024205,0.8856127471874458,-0.4642222427957403,699
2.8193421706025656,2.692798504391881,1.1869417323214628,0.7500010770285414,0.011160961185116936,0.8674242424242424,0.8790847123109548,0.4748418364369277,0.04165691959773401,0.18457745447697377,-0.4196767366864936,0.888708388608421,0.43947836338091406,-0.7735610299474643,-0.45657650078234613,700
2.9375820830963892,2.280027261470256,1.031565395558417,0.8281789574583633,0.01890503161938633,0.8598484848484849,0.8985351214716929,-0.4374653659271795,0.03547800862575602,0.3287601240943707,0.7244002020789209,0.6059382213010437,-0.2907772623285807,-0.5327930187626501,0.7947201915583109,701
2.587577494926511,2.324156881968114,1.005560340506744,0.5893727922052614,0.010621202897153287,0.875,-0.22015546576909734,0.44299321446452017,0.8690734047423057,0.20187978317166416,0.8923355617254918,-0.40371004251394693,-0.9543459142462725,0.08656937806431651,-0.2858839252966206,702
2.6998668837401265,2.2265771693065064,0.9219237459140126,0.3086660092724186,0.012416464227424245,0.8863636363636364,0.15834632265214543,0.7495509805904246,0.6427283793317948,-0.5362878308965875,0.6118455690076082,-0.5814123855904596,-0.8290487347163469,-0.2526228952048668,0.4988585654106132,703
2.843963423234754,2.843960453622822,1.2592310211054045,0.8636713962428715,0.011131367919041246,0.8863636363636364,-0.1473841139122334,0.7001026987522856,0.6986659675167185,0.5778977265168505,-0.5123112350393237,0.6352727100538306,0.8026905634507991,0.49738657968651434,-0.3290812205137046,704
2.957124789551907,2.5723411594996626,1.095644936192983,1.0538580141290197,0.020397202138513936,0.8712121212121212,0.8954729336952527,0.17046331371889273,-0.4111818134295242,0.23548227228642354,0.6024809096865551,0.7626039948112544,0.37772519701237883,-0.77971726423059,0.49936425923640576,705
2.5140998321508077,1.6551470703359106,0.7560791519982338,0.2525309097323081,0.013798720795262927,0.7878787878787878,0.48016121475995427,0.7271521456931553,0.49060673135831023,-0.5050036629708923,0.6864676143359452,-0.523195484359238,-0.7172283515214848,0.0034599829127311688,0.6968296207051026,706
2.05876581434008,1.9739058663661573,0.7999062009963456,0.5140911239637042,0.016098132741098888,0.8484848484848485,0.8020785620749756,-0.563100646070672,-0.19896643599997324,0.5638209244211448,0.6041174745630812,0.5631589847568896,-0.19691608731798751,-0.5638791885876946,0.802037602131632,707
3.795358587362056,2.6076003260446465,1.258352101215678,0.799882719171282,0.010518682068974085,0.8939393939393939,-0.625237113245168,0.07386502870913228,0.7769314704365169,0.7378060069848293,-0.2685686881600268,0.6192843900802799,0.25440292505777334,0.9604242902352073,0.1134210494055122,708
1.9519601665155477,1.9054653967400237,0.7126847481137393,0.447873560973515,0.01676442764892858,0.8560606060606061,0.768347051541864,0.4612808313945502,-0.443692239029349,0.6352457212166306,-0.4649821012474445,0.6166478080683286,0.07813886397233552,-0.755653121549474,-0.6502943009358525,709
4.153003949711809,3.7981994839221125,1.5848074721538778,0.99400367413467,0.008780607739912308,0.9393939393939394,0.8496069080466168,0.16002603890670358,-0.5025532495878401,0.3479938854304686,0.545922309510809,0.7621476810181805,0.39631850512242495,-0.822411392704536,0.4081312823679555,710
3.501198499181542,3.5011378368219095,1.213212398412559,0.3772008536611912,0.009564472404820093,0.9393939393939394,-0.5798115761658499,0.6361289511336287,-0.509076117760107,-0.0664743160487213,0.5858065075737218,0.8077201873112582,0.8120342981980058,0.5021660016507575,-0.29737115753913307,711
2.519705392893693,2.184806183393418,0.9271381546976241,0.6611649734418349,0.013437415769832397,0.8863636363636364,-0.03286915524670382,0.5623471595396086,0.8262477175708881,-0.5081764029388895,0.7024557587324788,-0.49830979372240825,-0.8606255644178016,-0.4362586150224563,0.2626824293500212,712
2.0317465094777405,1.5651381026700353,0.6689881640458724,0.39012882186707915,0.01736445839142888,0.8409090909090909,-0.6993016519585589,-0.047315304309039886,0.7132590423865467,0.5880161635536325,0.5292977811692112,0.611621492631691,-0.4064654855798932,0.847115765894776,-0.3423166490324549,713
3.441621418981759,3.2732938663696163,1.3344183904756344,1.415802515634759,0.010153338335010679,0.9128787878787878,-0.5629249524881932,0.8239261886530872,0.0652773583852997,0.6497897633691156,0.3923731710434841,0.6510119492497733,0.5107727100060008,0.40888742985921955,-0.7562554518258018,714
2.0050172033052833,1.6052880501930802,0.6852491641356475,0.4376147904795948,0.017523220423477894,0.8409090909090909,0.20993965650697313,0.5442760669315196,0.8122123512920066,0.05904167805029209,0.8221520916334772,-0.566197861595842,-0.9759300286796897,0.16682176473186716,0.14046735539977168,715
4.326461842588859,3.376902535663815,1.7195527558322505,0.6268478086003714,0.008404293975151512,0.9090909090909091,0.5622918062107526,0.6905997975724525,0.4548624454284362,-0.4928644213407598,0.7215598442093244,-0.48624690580100716,-0.6640124899764217,0.04922713497150885,0.746099257698203,716
4.3150970047494726,3.4788901507475205,1.5499350528470308,1.362617022337741,0.008701214156270225,0.928030303030303,0.6391136837817786,0.013459213589953108,0.7689945050339598,0.7656258913355283,0.08395947089362654,-0.6377835069707747,-0.07314843620722651,0.9963782699441024,0.04335492432971157,717
2.8202703824169784,2.5622152819133865,1.0364714575946496,0.881862230225642,0.010587289388495114,0.8977272727272727,-0.6181356437682254,0.3192505666041242,0.7183226305958815,0.7668843688680953,0.04424969234194032,0.6402580179220148,0.17261717958831574,0.946636699294185,-0.2721805813433168,718
2.3359861309226146,2.0145551976292824,0.726410208817837,0.6357251026656201,0.013130329403028008,0.8977272727272727,0.8327278855729494,0.1005611607721916,0.5444738024307089,-0.5354509359554038,-0.10400724662913038,0.8381376902592492,0.14091332007190482,-0.989479633743301,-0.03276416691350818,719
3.0728629389371838,3.0178178868503767,1.3331757914907036,0.8396782313200561,0.010668703304734755,0.9053030303030303,-0.47612301296355336,-0.1953170974620674,0.8574136154537676,0.6963461603118004,0.5117066594405334,0.5032477716823217,-0.5370371509919218,0.8366645242408711,-0.10762700558538535,720
2.548249493414194,2.2878343189817354,0.9201246179921629,0.9745080525150613,0.017486615682964796,0.8333333333333334,-0.40176949793244393,0.10049114764756095,0.9102103052457646,0.8091290867222002,0.5044108351607313,0.30146281759539056,-0.4288255957276922,0.8575961978792406,-0.2839671985139485,721
2.028126175804832,1.5194199029889526,0.6551182561474305,0.5649115152607789,0.018014622676278593,0.8295454545454546,0.7517749918474675,0.11495895635099523,-0.6493218000247875,0.3888718499914659,0.7179536302516082,0.5773398211562684,0.5325533268292998,-0.6865326089583998,0.4950352824999628,722
2.2239287452115875,1.6698951404089153,0.7253092623714055,0.4770045355932918,0.016047251840336518,0.8522727272727273,-0.5469207354894734,0.2505707856305817,0.7988066039287148,0.7942008213660765,0.45709651727832584,0.4003846016438129,-0.26480703244646486,0.8533915017625254,-0.4489990871776898,723
3.102097654236903,2.6547289180299978,1.0107870718219782,0.5251587730955368,0.013538262258044926,0.8939393939393939,-0.35585136016565094,0.420300677680228,0.8346958426934912,0.9214013257688876,0.008534345342130737,0.3885186762832872,0.15617108035610364,0.9073447554767275,-0.39030256003424457,724
2.6960403912021054,1.884319101115538,0.8496357967596067,0.7326162323895585,0.013228988370244235,0.875,0.8588272704366884,0.02975646053022202,-0.5114003056422441,0.35987860145322165,0.6754112982102826,0.6436668163467604,0.3645587905541995,-0.7368406417310422,0.5693529282642229,725
2.416160014699607,1.8808219358043081,0.7552873940995293,0.4470644812707391,0.015549894670019477,0.875,-0.09095031687851204,0.6996083904248712,0.7087144276129979,0.6507901041574011,-0.4969232915703872,0.5740552957909638,0.7537906076560634,0.5134348472220919,-0.4101028864413538,726
3.3166841385577217,1.7384154725072867,0.8934328449879055,0.4771783564595334,0.014140244130481979,0.875,0.6712000316707302,0.7175176782883584,0.18616900609095685,-0.5278823153932738,0.6389773122837029,-0.5595071540934322,-0.5204140453333742,0.277265893557753,0.8076464855921642,727
4.001204858102929,3.1603091972045756,1.4514931757954348,1.0994563063436333,0.011224033494537683,0.8939393939393939,-0.6479532465016815,0.7170021095995436,-0.25703028066306755,0.4527184815584928,0.6339089543385615,0.6270609332949744,0.6125378084684274,0.2899438091065158,-0.7353434712822986,728
3.233887093297705,2.7862569441144216,1.1975154439519236,0.6036661013782647,0.010586731841573526,0.8863636363636364,0.8144294449568271,-0.28128097634364185,-0.5075290056090215,0.4467987707793197,-0.2540857340212263,0.8577944381942469,-0.3702371370046549,-0.9253763840265551,-0.08125890885640927,729
3.7426359706586814,3.0147885091473667,1.4016264271910233,0.83671890877957,0.013928705547152889,0.8977272727272727,0.7235220964879744,0.11651280302170496,-0.6803973417244308,0.5500872272355023,0.49815497907537354,0.6702579050296766,0.41703695079213693,-0.859224291762308,0.2963339300848914,730
2.151266124172355,2.1512655894391823,0.7984407489407965,0.39363680161321246,0.013082444986696794,0.8674242424242424,-0.6288411399219339,0.6521732797847108,-0.42335426521594904,0.47587256675465534,0.7534138278618653,0.4537762710817609,0.6149017164978635,0.08389050674173423,-0.7841289829655553,731
1.9335228265317959,1.5358608081704754,0.6424943661028654,0.43024133434014955,0.018064094547813738,0.8484848484848485,0.7003241292717783,0.709782404943107,0.07586205634508404,-0.544771229031481,0.600115612511374,-0.5857350592542911,-0.4612704434269065,0.36887692968424807,0.8069444768802047,732
3.1000751233253943,2.815855151858468,1.2586452179584382,0.9331164845896708,0.010021324784397103,0.8939393939393939,0.4405741311745133,0.6895852551442297,0.5747752698468249,-0.5123898182151273,0.7188922771160061,-0.4697345719578584,-0.7371235372237762,-0.08755609510840004,0.6700618039256359,733
2.660610069548802,1.7723971900712119,0.8178771978179746,0.3371336808000825,0.014512012740184472,0.8825757575757576,0.8121489721620604,0.20272294417871314,0.5470991271420776,-0.5809086451556391,0.19352950362303198,0.7906272681933395,0.05439846504772648,-0.9599217359404554,0.2749382982952977,734
2.900015159490238,2.025638511967477,0.9879860770801528,0.4996614255130913,0.012393700201022415,0.8636363636363636,-0.364423880122887,0.7723702178334106,-0.5202302203833891,0.7078132585479687,0.5927626427495089,0.38423019192187974,0.6051409973054925,-0.22820319008416154,-0.7627107429527435,735
3.151065966281389,2.9017136105137395,1.3122828309960513,1.0244150950243591,0.010067938440937084,0.8977272727272727,0.8819189200368199,0.19628071780797354,-0.42859409503383966,0.37791505256550867,0.24907948135464703,0.8917060193878411,0.2817786924618293,-0.9483845695628366,0.14549046941162544,736
3.323142421285668,2.2183015504245547,1.1938873621087873,0.5004779712140688,0.010353919803586402,0.8863636363636364,-0.4713009990688223,0.7503140323716654,-0.4635776322288442,0.45269096375656637,0.6568906872821902,0.6029639427818905,0.7569321367268542,0.07432010352591861,-0.6492536196295062,737
2.515869615251912,2.440494182191519,0.9536448986437389,0.7884732450199011,0.013378114447898826,0.9015151515151515,0.08560031481118234,0.6095106533320664,0.7881429753407335,0.4503941591929462,0.6819337729862867,-0.5762910988602608,-0.8887168770025162,0.4043056921877371,-0.21614629257863585,738
2.4880329919513158,1.8308265129428347,0.8360314370659347,0.39935231911492347,0.012826621409786817,0.8787878787878788,0.5698836121244736,0.727012474514447,0.3829954706420736,-0.504732152945539,0.6774961153798614,-0.5350181935487415,-0.6484428443702065,0.11158797222630373,0.7530405049129152,739
3.464567017650393,2.6824754156366604,1.218150978827101,0.9059838603136586,0.010846011638980189,0.9090909090909091,-0.7034507018165956,0.07567704092683368,0.7067036830173573,0.7055066236971299,0.1948355055666432,0.68139528152906,-0.08612499075886955,0.9779121183660365,-0.19044782676532634,740
1.9487760264597285,1.270994967581868,0.5432970975025417,0.3239864286109871,0.016090203194717607,0.803030303030303,0.7521163951954186,-0.062104144471329,-0.6560975562503897,0.5740813304292274,0.5506603491990295,0.6059734366064334,0.3236534475806758,-0.8324159147081989,0.449813506699894,741
2.811507332363925,2.460459664781466,0.9914466311816729,0.6395781637246561,0.012096469764608306,0.8863636363636364,0.5098055179037565,0.7285672787166672,0.45748011355497514,-0.6642994770470687,0.6712778299192925,-0.32877390385162353,-0.5466301663006478,-0.1362930498676868,0.8262080039844026,742
2.3514619801643244,1.947041569002435,0.808448938753644,0.8345163031547724,0.015830313992092032,0.8598484848484849,0.7928292291168239,-0.603288228761041,-0.08640096351539572,-0.32145775213222266,-0.5344075172555122,0.7817119156664416,-0.5177709214045545,-0.5919897959755432,-0.6176255778452778,743
2.7346270433683157,1.8398511512797444,0.8964517756989399,0.48065879915408516,0.013788712409039365,0.875,0.76483749402261,0.08862440596543397,-0.6380982074919879,0.5870559970818018,0.3120319395204626,0.7469948627730917,0.2653089972607517,-0.9459290583264544,0.186626237668025,744
2.5179706524535743,2.110083600420749,0.9256508801644702,0.608164609118521,0.013054381084365598,0.8712121212121212,0.7689893969223413,-0.2684426769192524,-0.5801670764783535,0.637654020617066,0.25778557869492175,0.7259090476139658,-0.045306262391684726,-0.9281622296912057,0.36940792893865393,745
2.5153790622226917,1.7052669738406514,0.7969176973488369,0.41496263603658523,0.01447367765700288,0.8371212121212122,0.7002182179322239,0.651971844983581,0.29090747777347675,-0.40781460484434867,0.6997227496445848,-0.5865793396510564,-0.5859877945413778,0.2920972217918668,0.7558422571343869,746
3.490830112386176,2.6170922557893395,1.1562768109386954,0.687045785003491,0.010839852307760342,0.8977272727272727,0.7572087528031194,0.15058855470936078,-0.6355768968967408,0.5104710718079251,0.47063310095404937,0.7196692081322111,0.40749747180272505,-0.8693834432958345,0.27949640247678653,747
3.334151466865556,2.3934478830553285,1.222147765875236,0.6298875043121189,0.011212671513659397,0.8863636363636364,0.6148803756558567,0.6828885039239343,0.3944431706112342,-0.44414616542664254,0.713169884208708,-0.5423309874924608,-0.651656586992046,0.1582782596134694,0.7418164767404464,748
2.7535973631492054,1.7251419270062254,0.7059698336672445,0.23454494685074576,0.009943450025212049,0.8863636363636364,-0.42333431463997184,0.778227178655708,-0.463843202440094,0.6059766037461773,0.6238273421040386,0.4935907241385917,0.6734837887882335,-0.07212423756954064,-0.735674982988044,749
3.178100003030241,2.4596507398165675,1.1547127992542907,0.9072255292378121,0.011478890287473653,0.8863636363636364,0.892348845979892,0.08845114376424423,-0.44259454610868426,0.45059857352934163,-0.23100960913462804,0.8623198281500831,-0.025970418011223864,-0.968922574643745,-0.2459971173287584,750
2.7708931656392672,2.625066260509088,1.0464443363952334,1.0321477051636732,0.015406168076761456,0.875,0.8330440666800177,0.2097446508450419,-0.5119030810721006,0.286060677963681,0.6287012646009009,0.7231210192023098,0.4735048801144265,-0.7488270169612735,0.4637361611700161,751
3.9497330925950536,2.5714319423346073,1.353013900888981,0.22174677879337618,0.011714108509663156,0.9090909090909091,0.47712769169212627,0.6521721095074199,0.5890846334790827,-0.6280137724414883,0.7219182393288308,-0.2905731531786298,-0.6147746476916186,-0.2313127651146879,0.7540202498942872,752
3.5843943261417874,3.004547647262197,1.1514823475023592,1.1371806374960347,0.02129704838576156,0.9090909090909091,0.8337261390355961,0.04451474022292663,-0.5503809253523265,0.4757013720204444,0.44820198324040345,0.7568508352887218,0.28037284060098366,-0.8928232860551155,0.3525019859959387,753
1.726656480809776,1.678616290337974,0.6013329682228119,0.6317251741980516,0.015712785236667765,0.8409090909090909,0.5451221289521382,0.6472354715099937,0.5328490489302992,-0.6948256039088914,-0.006846469699891954,0.7191456778743045,0.4691047267714671,-0.7622593851648429,0.4459836152245761,754
2.3838139335481694,1.8677440859224077,0.7833375476733244,0.37688815987815777,0.013399238633629627,0.8674242424242424,-0.530139266543511,0.7122618908066872,-0.4600384298873203,0.4493353083898631,0.696102117536202,0.5599460890083994,0.7190619852995254,0.09013789916621287,-0.6890754823899967,755
3.680470518566098,2.458636513203681,1.1292837905597306,0.5943537394666476,0.010320378328410132,0.9015151515151515,-0.4208896917618414,0.7801722876701053,-0.4627991669398474,0.47082866686922176,0.6239726489294491,0.6236814089277615,0.775352973698285,0.04460196116272172,-0.6299511340077621,756
2.3753067097390463,2.0035144967492013,0.8666985782863806,0.5110376062309421,0.013467571565155219,0.8712121212121212,0.793998676348627,0.0358193862459023,-0.606863307117505,0.6027208866412209,-0.17665487268477092,0.7781520344785766,-0.07933243197487906,-0.9836208759098671,-0.1618528273193179,757
2.2214711108169376,2.142045824130232,0.8595185637817915,0.583658998512084,0.011589239387247204,0.8939393939393939,0.825704231981687,0.23536217627432376,-0.5126569684174269,0.5081039937713454,0.08445593245450617,0.8571449859777798,0.2450364315793491,-0.9682312954313416,-0.04985284090405405,758
3.501871153921332,1.6968672236065343,0.9001903223711665,0.45312757778743706,0.011811759658032054,0.8939393939393939,-0.27377167688495274,0.8018566994946752,-0.5311072419117508,0.5806290921094226,0.5780169990831893,0.5733813793340798,0.7667587145457093,-0.15140073396906112,-0.6238260105364642,759
3.7968726265830344,2.4509833970375827,1.1237712365390868,0.4448367445015189,0.010454785368027063,0.9090909090909091,0.8220832713905069,0.04025288138832413,-0.5679426031209668,0.45738729417933754,0.547361235988456,0.7008512969671199,0.3390810493424641,-0.835927857459678,0.4315653590126137,760
2.8431082326433543,1.7477989453158667,0.84659973676738,0.32930004798386286,0.013020353639673453,0.8712121212121212,-0.4994393191871332,0.755092567243164,-0.4247300099404572,0.5345643589454148,0.6543935195958592,0.5347990909268839,0.6817633846102111,0.04005416838572054,-0.7304754280602173,761
2.6739426440696725,2.2405898230729893,1.0173124081087341,0.6911160683335086,0.011919338442563768,0.875,0.691479551186876,0.7137798024457125,-0.11124038794860544,0.6390267164580298,-0.5325681544654295,0.5549919066996881,0.3368989254112654,-0.4548511344053636,-0.8243843518571228,762
3.2172492785645783,2.4877966553515773,1.1329790237280604,0.6743317445392186,0.010611200528105215,0.8939393939393939,-0.09248929620508425,0.4438605339974737,0.89131002263352,0.9583166906765184,0.28270159330467737,-0.041339200691389646,-0.2703236032208331,0.8503338376793402,-0.45150582946317686,763
2.5537081008053657,1.9229812324370468,0.8336173561048336,0.8354188058275784,0.013620913191522846,0.875,-0.5397446362966843,-0.1590044398739695,0.8266760645436186,-0.3967921727392797,0.9141259761114104,-0.08324464818354763,-0.7424497957719441,-0.3729494441592938,-0.5564863096783893,764
2.456949613662697,2.365705510890801,0.8135735030019884,0.5207502037514039,0.01347037832549916,0.8636363636363636,-0.3984094107156505,0.7358995716986311,-0.5474685030455904,0.5085576731505962,0.6739700438106255,0.5358483676615569,0.7633079552401244,-0.0649322756391214,-0.6427633818501686,765
2.1712135576360834,1.8076823107428204,0.7238443567810687,0.27393927755958547,0.014402431533814408,0.8787878787878788,0.5135352868793708,0.6867167628960421,0.5144915904923069,-0.4693787443324563,0.7267477438200187,-0.5015190038487067,-0.7183071094584885,0.016056288802014568,0.6955408629917421,766
3.0309831002667083,2.1601814272860467,0.8031715610933549,0.16324869303222075,0.00794114660258115,0.8939393939393939,-0.498671731967801,0.7306925263512898,-0.4662777452019381,0.5105814137857208,0.6823247686754331,0.5232012327475837,0.7004520851798561,0.022832914539902494,-0.713334097307009,767
3.125386243478301,2.6136623093295097,1.146539953768014,0.7749382407726803,0.012932863615522728,0.875,-0.05282368197243646,0.7093095522558603,-0.7029150856977433,0.518024109215876,0.6212450610305159,0.5879673429845306,0.8537333781069901,-0.33306836118698135,-0.4002559004964768,768
2.360740857542265,2.1895880069735094,0.9202767971817704,0.6611304293035769,0.012143102468082425,0.8712121212121212,0.4208474437218118,0.5903626295277058,0.6887375369253147,0.9012496138297753,-0.3584328326723575,-0.24346465458901959,0.10313371264769472,0.7231859167044132,-0.6829096332575052,769
3.3401590096169373,2.7870889849848264,1.2035119392921942,0.5718249747109118,0.009249745709152846,0.928030303030303,0.8028659086063515,0.07504890800483764,-0.5914169377055236,0.5901117854674185,0.04090367344699375,0.8062846706660107,0.08470190936545204,-0.9963405797747191,-0.011447080152756639,770
3.4541646351661233,3.0346520975163305,1.376253947077041,0.976504208433882,0.011307517721866082,0.9015151515151515,0.7684083395629266,-0.569612062646593,0.2917031398145039,0.28318466583187013,0.7114058506033498,0.643201493130276,-0.57389464950271,-0.41163553517015294,0.7079555900318493,771
2.8496173575551333,1.5431345364650026,0.8969274803999183,0.4785282327270412,0.01172297768787169,0.8712121212121212,0.4092460068786783,0.7986337490621779,0.44125031525512504,-0.5531202900751606,0.6017604018790487,-0.5761443946074074,-0.7256553249036536,-0.008279709491055859,0.6880085725117943,772
3.5812738295062503,2.5469525769021453,1.0688256355975183,0.4926176197226554,0.01185053090974926,0.9015151515151515,-0.35739505834992763,0.2540690456652452,0.8987311568549314,0.9291040130986573,0.1946531456657207,0.3144453620685313,-0.0950500137349904,0.9473959430550626,-0.30562464228492253,773
3.798574711783293,2.920734902106459,1.287938168543656,0.6001711048069094,0.010681631864460773,0.8901515151515151,-0.012859290967538605,0.6886407143147744,0.7249886931696587,0.8034730451594843,-0.4244699834005569,0.4174401740298557,0.5952022381829201,0.5878768576666105,-0.5478458687277601,774
2.3741664626976084,2.3741664626976084,0.9491739930549008,0.9455979679932578,0.05590792924476393,0.7992424242424242,-0.20063359037817755,0.21068476839744474,0.956743482223567,0.7338642106131728,0.6792825232478396,0.004309755347255593,-0.648991126898563,0.7029844820302675,-0.29090090276857183,775
3.5845280819956553,2.704671415195425,1.4350648895791556,1.4530187673236814,0.039066001702010154,0.821969696969697,0.9144694512168758,0.3696904686470854,-0.16454355102101204,0.38146786816692474,-0.6519132845725703,0.6553558841987952,0.13501069715873537,-0.6620710134036237,-0.7371798185405043,776
5.386760783800233,2.5246587103117313,1.3153595067978245,0.7564565507671513,0.014956450242577626,0.9015151515151515,0.8689794050469103,-0.4752357770227588,-0.13793386038929076,0.4460673558349292,0.6315944233006963,0.6341233306809453,-0.21423983677820602,-0.6125679070054482,0.7608297126454855,777
2.909027307799771,2.386322563153879,1.1038157251946406,0.5555806963407519,0.01230727148283821,0.8939393939393939,0.4835218686252856,0.6336627187074865,0.6038858844859257,-0.4253746971334448,0.7730527856749857,-0.47058023502775254,-0.7650248163293412,-0.02934194063761808,0.6433320145305037,778
3.7388088058527686,2.390622636587275,1.232441504986063,0.364729782350755,0.010340885227694533,0.8863636363636364,-0.5811966522597003,0.7158104551199396,-0.387073434561327,0.3698288655601272,0.6560402745066405,0.6579040723568758,0.7248703757228779,0.23922071516956217,-0.6460157798638799,779
4.677857751100237,2.0414858279426515,1.4506639430538897,0.6636440295405942,0.01142925738243261,0.8977272727272727,0.7451559455183389,0.26652494162206936,-0.611315853182316,0.6412170290820486,-0.5382341361515733,0.5469412548860809,-0.1832575741241318,-0.7995426631359468,-0.5719686978774418,780
3.511193065703407,2.9774768673736496,1.4181373511033002,0.8476620274849761,0.009382611343425093,0.9015151515151515,0.8424174803067722,0.4396468291873303,-0.3115179841664292,0.524468110451184,-0.5364721359301607,0.661158716565316,0.12355561498108372,-0.7203529086191418,-0.6825142467748118,781
2.8491733087674342,2.8029021243240493,1.2548977291582875,0.9201388571324856,0.009273050668980034,0.8787878787878788,0.7693367264032758,-0.01719461209295694,0.6386120471162942,0.48210190012289816,0.6715186605105417,-0.5627081361452126,-0.41916435834286103,0.7407881167385859,0.5249135231577835,782
3.232720869248038,2.579275107535182,1.2056551396687416,0.7135143265623236,0.010388672295975402,0.8863636363636364,-0.5627553722101499,0.7601672964329782,-0.3247338486859543,0.4613975015654651,0.6148133346181628,0.6396224739053825,0.6858707871004293,0.21011959691916338,-0.6967287983087581,783
2.983647725251515,2.5908777285129965,1.0051696200377171,0.8477248412634807,0.013560768846815813,0.9015151515151515,0.8268081355913882,0.3434081549218845,-0.4454875374834177,0.4494704424470868,0.07280586609542067,0.8903233273527745,0.33817839713132564,-0.9363600509394037,-0.09415533292620612,784
2.5531970799872896,1.6590125291870719,0.7492623021361903,0.5143295417690262,0.015429611194578655,0.8409090909090909,0.748164710054312,-0.3231394653431764,-0.5795088028382948,0.6542544869683531,0.5046775550528664,0.5632509491404679,0.11045647518875676,-0.8005507175461073,0.5889973817643746,785
2.6651285197098686,1.871762737717248,0.7346381846533929,0.4288768711245188,0.010100067963507466,0.8977272727272727,-0.5173745320177194,0.759421393321662,-0.39446513278721035,0.6381641360899264,0.6494970996264844,0.41340059625668507,0.5701492164583268,-0.03785056065859957,-0.8206687553634451,786
3.235781820692851,2.209342112913106,1.0731938655121407,0.5550344677833269,0.012325481868648493,0.9090909090909091,0.7713613126797658,0.1815099111891805,-0.6099638328958892,0.631676091206977,-0.3349055843048675,0.699159184591671,-0.07737597235850024,-0.924603916140047,-0.37298868234849364,787
2.1977456354244738,1.9156240209104975,0.7253302496190752,0.4501008779668464,0.01694706570659792,0.8106060606060606,0.8688686808697296,0.02260816278514877,0.4945261230503159,-0.49394347648849524,-0.026939586623852117,0.8690765793110498,0.032970554107496206,-0.9993813734746191,-0.012239808569927997,788
2.5304734683379655,2.5304734683317243,1.0876509410423685,0.7990371878675503,0.01057907854054116,0.8939393939393939,0.8421560272134891,0.33682183182589404,0.4210988950750668,-0.17957246691416956,0.9115245586759289,-0.36996852306245287,-0.5084554601480374,0.23595345417285665,0.8281298282935745,789
2.0373240549564238,1.7350301402719392,0.6163572295304475,0.30120979955403,0.01298125279118674,0.8674242424242424,0.6883642525812413,0.5743859910669825,0.44298463746982164,0.7243347032744165,-0.5768534549202536,-0.3775967812083809,0.03865091720298422,0.5807932720104179,-0.8131330037495716,790
2.7091364763128607,1.9774461149725886,0.7750354908833925,0.3051265859531181,0.010809335649678415,0.8409090909090909,-0.5933283891910425,0.7104424578708554,-0.37846127494683074,0.5163234422184101,0.6965899724925037,0.49816916126816313,0.617552852471507,0.10016947777297613,-0.7801247016515975,791
2.0267542479733174,2.026680374230782,0.8315789200273475,0.31527543481796527,0.013414585057408314,0.8598484848484849,0.548108782514907,0.46711280293984714,0.6938172611428068,-0.6658988512826525,0.7456545713072816,0.024041217710382274,-0.5061180518322481,-0.47518931976448464,0.7197496981529732,792
2.9759282987523203,1.8579892390743087,0.9222689214170748,0.6160874171330954,0.01381933491086185,0.8636363636363636,0.747678348002714,0.13554149314040256,-0.6500812192066486,0.4990541115797832,0.5311356460850567,0.6847188614118371,0.43808912522824145,-0.836375172452578,0.3294760829888485,793
2.5199289842718544,2.0230975602521863,0.9219255670795157,0.7449700560773405,0.011458428083459897,0.9053030303030303,0.5768120562047702,0.7713397953717017,0.2689289346514551,-0.5712164263753643,0.6162049019404929,-0.5422207235651046,-0.5839517497668649,0.1591428254758882,0.7960363779650828,794
3.658086607472878,1.972376986860809,1.0284030454741875,0.4545151720139327,0.011538912251375976,0.8863636363636364,-0.5424392711925536,0.728053318638363,-0.4191634553342615,0.38096173768266606,0.6578729657617751,0.649670158881882,0.7487508206939707,0.19272136918222774,-0.6342165894792036,795
3.7206458281261883,2.0168998526349715,1.027687089011584,0.742282915979495,0.01526196510114174,0.8484848484848485,0.7982088167405881,-0.6023590226598305,-0.005127640576710577,0.4826989312011069,0.6345039624080745,0.6036608845252124,-0.3603670721568485,-0.48432254697540816,0.7972247134882073,796
2.1294323766254197,1.4893075715266086,0.6100338069769508,0.36658058593579806,0.01484107551573202,0.8560606060606061,-0.39440231932116426,0.757790073707274,-0.5198086327724951,0.602232668703,0.6404031450082842,0.4766546177373732,0.6940912211380788,-0.12505205337867445,-0.7089424240972099,797
2.8391720643480585,2.2368977902895835,1.0258854207796406,0.8902044328778479,0.013142010462718009,0.8863636363636364,0.7736762939112719,0.3201837776265659,-0.5467241907804163,0.6187941919996228,-0.567196907023242,0.5434900335892109,-0.13608357794845433,-0.7587951088456287,-0.6369546629114959,798
2.252200684563859,2.238728218150217,0.8720227559038013,0.6270635493967757,0.01593831774591049,0.875,-0.3956339916386031,0.24759517287993701,0.8844039659718063,0.8787663094104584,0.381922842604736,0.2861899993742628,-0.2669148143232748,0.8904109010245058,-0.3686799550172203,799
1.433466400932918,1.4331588341651784,0.5051369916093811,0.3885981400318518,0.020001972158942574,0.8068181818181818,-0.5986915834981552,0.6583940541023826,0.45616406847876595,0.7634965680181771,0.6412657794213609,0.07649307659899482,-0.2421598201042786,0.3940754618924444,-0.8866020256356965,800
2.2863828807187385,2.0987263546670762,0.8375059367658809,0.6275717734438372,0.013079776127624208,0.8825757575757576,-0.5982949104624221,-0.11024279066840406,0.7936559249576638,0.7407348682952187,0.30159486871546515,0.6002935865525855,-0.30554059469475986,0.9470412146628804,-0.09878199594778753,801
2.4456150217155543,1.6600542472895283,0.7862202074831185,0.22462170434897202,0.014031942659561956,0.8712121212121212,0.38113471834359103,0.6827495082523732,0.6233694213340064,-0.4997207083284256,0.7194159429492062,-0.4824105250699255,-0.7778274488219661,-0.12764720918080055,0.6153784606625948,802
2.4067256580897993,1.4691640945636184,0.549767792367931,0.31815314712839904,0.005836865792067588,0.9090909090909091,-0.34238400274358594,0.7988928125844432,-0.49451336550815084,0.6244710220061818,0.5867425281514231,0.5155280286589967,0.7020036590644205,-0.1323007167758141,-0.6997766665163757,803
3.587641775816596,2.8461965866072534,1.2840619043270982,0.6957463631214827,0.009943685492185094,0.8939393939393939,0.4041825460005883,0.6987747639235141,0.590212079520675,-0.4060313679005367,0.7152753023629953,-0.5687879834440462,-0.8196188124910881,-0.00975044271624495,0.5728262660506551,804
2.9429877034626064,2.029896319218697,1.0219992886379181,0.44278552927729586,0.011721968292859776,0.8863636363636364,0.2929537285981661,0.7139083402369233,0.6360133604261733,-0.5299484240558925,0.6749100612498208,-0.5134696457089155,-0.7958220785710258,-0.1866314308039367,0.576052018740467,805
3.7834387953070596,2.870664375460875,1.3111515243525158,1.0171970191058743,0.009029543129556367,0.9356060606060606,0.8210598759975795,0.522115730734978,0.23077227681400417,-0.31296717644202493,0.7498186005333922,-0.5829439190557285,-0.4774015359178747,0.40640771401786313,0.7790510531987163,806
2.7969113590046617,1.6830243637677638,0.8052192729091694,0.48134917728469573,0.028578454149790593,0.7954545454545454,0.8884601430760344,-0.02541425040379257,-0.4582495936078131,0.37387523690882324,0.6191759088511154,0.6905349383809385,0.2661876807661913,-0.7848409455264223,0.5596148754576737,807
2.1904956220939273,2.1477828758861772,0.7968288118657275,0.23824304316844921,0.015334544777756517,0.8446969696969697,0.6012815195990099,0.6590724022517436,0.4517566853725812,-0.4401222978875475,0.7450590894444519,-0.5011779286225493,-0.6668979660269554,0.10252083605940829,0.738062721645518,808
2.4389381582835763,2.3143167987594815,0.672782575818291,0.3154610212400143,0.005713467422193958,0.9318181818181818,-0.5262136334549727,0.7531038242040856,-0.39488459318552466,0.5334444422660835,0.6539922930188975,0.5364057304758327,0.6622206875215715,0.07161501686843527,-0.7458787102320263,809
2.739512206590223,2.339869365300066,0.9698490876407999,0.7747341710393808,0.012085262145559593,0.8712121212121212,0.33710619590858293,-0.5400541732539746,0.7711685306280398,0.6262906233475859,0.7402212675892742,0.24460688893696428,-0.7029363184435247,0.4005171219305037,0.5877640404563463,810
2.7233377761980737,2.2616823372502752,0.9510873014091129,0.5353133784332338,0.012569148195070308,0.9166666666666666,0.4549825362648588,0.5984890079152383,0.6593950250787689,-0.5377613986233741,0.7748718584308435,-0.3322443094509873,-0.7097912156716432,-0.20343183235807685,0.6743974493863439,811
2.455655861021726,2.2004435896348684,0.9574878060900588,0.4420445507622062,0.011512930824680752,0.875,0.5002147257120062,0.6606143885736461,0.5597980508990095,-0.36782777981790976,0.7473740346970451,-0.5532944755325934,-0.7838928195710748,0.07085677010792862,0.616839821635068,812
1.7118016112648151,1.6916724455022458,0.5655394487101659,0.4584900861544083,0.013653439355364571,0.8371212121212122,0.6637234093475733,0.7046015303622146,0.25101378307825833,-0.5860134948473404,0.6983953164299173,-0.4108919150403933,-0.46482192261213306,0.12562111844742088,0.8764473257755878,813
2.332937739822949,2.277857905302457,0.9618440939332584,0.48965490393024275,0.012293952629951985,0.8598484848484849,0.5241365753374402,0.5209113111197102,0.6737449490282538,0.8469991341986558,-0.2364222128296092,-0.47612708802112746,-0.08873171394866317,0.8202170098384302,-0.5651289584788919,814
2.059772580319524,1.3473934419280915,0.5908427217255485,0.3592969691075598,0.016990581481399376,0.8484848484848485,0.7831707785038723,-0.6191526873820907,-0.05738886133365732,0.5294639048088984,0.6156222666819954,0.5836755933477397,-0.3260544512840645,-0.4875029994501135,0.8099563693959018,815
2.2127069977025626,1.5711527024823104,0.6940696161116813,0.5210670288842617,0.01993487982643351,0.8068181818181818,0.9545141165556946,-0.2722812764276095,0.12151422880820852,0.0840547031891087,0.6367337680192173,0.7664886923731103,-0.28607273230367974,-0.7214104346147215,0.6306578919361162,816
3.0210698611773297,2.756738977906241,1.2581788292677896,0.8744553794038676,0.010298418641082722,0.9015151515151515,0.7740943268539536,0.45777618297959743,0.4372858783783835,-0.12903139056342836,0.7903264422462809,-0.5989449181148498,-0.6197813109329713,0.407216258249798,0.6708547127621907,817
2.0302553698039865,1.9780952690403981,0.7261122361401589,0.4408365258428814,0.014948565005477685,0.8598484848484849,0.6297378730730897,0.5122676224599739,0.5839624082050031,-0.4393636524452596,-0.3850650213612501,0.8115938086469248,0.6406167279484217,-0.7676632154162824,-0.017418253913414034,818
2.898143631924319,2.6403156413265,0.9891281863935358,0.6235527097552488,0.013274918173787377,0.8787878787878788,0.8567296520939817,0.06845755610157851,-0.5112023730730565,0.4397661500601033,0.4209068244066299,0.7933745511605733,0.2694810503249531,-0.9045170027039435,0.33049804134856,819
2.4796915930933614,2.349845701944698,0.9457914366735243,0.6506662683860213,0.013316909508819943,0.8560606060606061,0.826498549125973,0.5625184477279087,-0.02175187942330051,-0.4761103202387661,0.6778792403872361,-0.5601773812054209,-0.3003649634274967,0.47334208709749015,0.8280870469506155,820
2.757664641648369,1.7817056101018165,0.7162964332656585,0.3813535287702914,0.009979856606462896,0.875,-0.5286342105795193,0.7480892977715203,-0.401133735759886,0.5290694755112079,0.6599186064621017,0.5334725137506272,0.6638006940997152,0.06978420598410023,-0.7446467639813557,821
2.831550301949595,2.3384108607670364,1.0931505720038093,0.9148729347629254,0.028728017851524654,0.8257575757575758,0.9227366503832957,0.3832828412853374,-0.04063665359813096,-0.1665627196236548,0.4916137540579486,0.8547355013409836,0.3475829893291491,-0.781927221931357,0.5174706611313562,822
3.4205336512026565,1.9797828826442705,1.1142715420977782,0.408970835921844,0.010972084426652961,0.9090909090909091,0.5194893961505476,0.7302224987130147,0.44374076853548255,-0.5430459958634241,0.6830909533129007,-0.48835212283635526,-0.6597210119920704,0.01272210184654396,0.7514029108679077,823
2.038703645997356,1.8483033740110921,0.6833524613003301,0.4827947324237308,0.014491936989238912,0.8901515151515151,-0.6740240264935938,-0.05749003321764578,0.7364689455706853,0.6981677110871343,0.2761606754920276,0.6605279165236992,-0.2413575333498316,0.9593905239225688,-0.14600124555244012,824
2.768023999890748,2.2428297238958503,0.9082626564710732,0.6360474356194754,0.011714778888229579,0.8712121212121212,0.6005112535448657,-0.5978243561524602,0.5310294469771621,0.7593249730008188,0.634492825527862,-0.14437603586113518,-0.25062286356851,0.4899233547653821,0.8349630451176588,825
3.0679301322047414,2.6701424166195538,1.254026828300985,0.49054229312776226,0.009704493121074038,0.9015151515151515,0.5244339403284451,0.712297436432167,0.4664776567894157,-0.5192699798688776,0.7017465396829936,-0.487760681123356,-0.6747797642479778,0.013570412488486755,0.7378943783945884,826
4.877816594922834,3.016409367636714,1.3508630693923616,0.5651453627212211,0.008836850114257618,0.928030303030303,-0.5869677902771205,0.6969246523513661,-0.41202529306114416,0.4272998284367163,0.6989380005747282,0.5734984986646032,0.6876653763242315,0.16056680945179364,-0.708049878121114,827
2.37941414287003,1.6868202111693433,0.8723270464251405,0.5197676847699374,0.015481734655671719,0.8143939393939394,0.5652121213826201,0.748427031141524,-0.3469758448348278,0.790319474177569,-0.6118410225009443,-0.03233716005912959,-0.23649606038547266,-0.2559444124056689,-0.9373164199887184,828
2.529977406374545,2.2440790649448528,0.9740628553103521,0.5244131529036529,0.011456880112537574,0.8825757575757576,0.47829329036360163,0.6897023952912599,0.5436415494815109,-0.6075388433875314,0.7068646841002064,-0.36226906043334145,-0.6341388508587847,-0.1570124972778092,0.7571096311169776,829
2.3098375743696886,1.9004454576345915,0.8103570328714893,0.7991523083136326,0.013819053739859683,0.8446969696969697,0.7081534914809792,0.5333266341472808,0.4626892410813455,0.0186513106104122,-0.6692144078345794,0.7428352475206916,0.7058121287678563,-0.5174116133754112,-0.48385376016771997,830
3.879272217065201,2.9714512434427482,1.384913842507672,0.8819882211386602,0.01097820740673944,0.9128787878787878,0.058781785301816235,-0.6112359169757147,0.7892625390296871,0.836320811871857,0.4618556910508789,0.2953926544007365,-0.5450799953646519,0.6427129798306335,0.5383380204021435,831
2.8729947809008713,2.105487276845404,0.8348069163761179,0.7633211431539444,0.011908448530659956,0.8901515151515151,-0.6445233183566635,0.7111777655503023,-0.28074165683310026,0.5001680067710151,0.6698937740328538,0.5487023751677493,0.5782920171481055,0.21323348071749665,-0.7874705236412829,832
1.9046958711372193,1.9046385395090284,0.5879125382205999,0.47018967473994944,0.009404652433191392,0.8939393939393939,-0.4117374350520547,0.7305650964242116,-0.5447448250910121,0.3655752332463732,0.6799715074701986,0.6356048283844021,0.8347616626400705,0.06255708525329362,-0.5470462299211989,833
3.1457844576148193,2.1200993214963257,1.1255951247343412,0.624573339113289,0.011646924927838476,0.9015151515151515,-0.3274109133052923,0.5630234175348968,0.7588192967735596,0.7648377140712525,-0.3136395198222081,0.5627197550645933,0.5548201194827522,0.7646142052780736,-0.32793254200235233,834
2.022910308309636,1.6832738346211042,0.6605595161990118,0.5737293130929344,0.01602668431767745,0.803030303030303,0.6908866154112447,-0.26286984189917195,0.6734798667113214,-0.607273732866167,0.294471144704937,0.7379060633352699,-0.39229363749159396,-0.918796055257133,0.0438122223534195,835
1.6012605616498337,1.4694148033219467,0.5668776394287357,0.2682924405513409,0.017510271270601944,0.8181818181818182,0.5430165651924463,0.6163338991978586,0.570320554272912,-0.36384515144497165,0.7848043090402301,-0.5016960257784316,-0.7568022963076839,0.06492088424729711,0.6504118411375717,836
3.973763147537407,2.5635299715129833,0.9108807307190504,0.6598050323360511,0.004503535141359221,0.9242424242424242,-0.4808142393306096,0.7339082109573378,-0.47978787515560134,0.39569114481354334,0.6699176487250563,0.6282028827081577,0.7824616189776177,0.11220107760664172,-0.6125069248676569,837
2.5925864305311586,2.3803575429134103,1.0692526537912501,0.6330632841041015,0.019914869445424425,0.8484848484848485,0.9694804534743561,-0.20490372789242436,0.13461839631693828,0.15624029841379378,0.9395035827181772,0.30483107979875995,-0.188935490267778,-0.27449495506383464,0.9428445790064119,838
2.2380627650844063,1.7412272387459937,0.6821075492265896,0.5160197577434641,0.013149629930715705,0.8674242424242424,-0.5712483592639223,0.7502671405725831,-0.33282807846592016,0.5953681530284358,0.6579018335025637,0.46119620535459077,0.5649885612981786,0.06530233725529874,-0.8225105047056904,839
2.673556823416159,1.918586190658328,0.8821201698842779,0.5705688009857961,0.014283214284329208,0.8636363636363636,0.8402100156133274,0.121448645829088,-0.5284859090735843,0.5220578310903261,-0.44471857393916875,0.7277918734025386,-0.14663816235999627,-0.8873982287675546,-0.4370602165833566,840
1.8837406716805034,1.6666836316028444,0.6131464722760135,0.44633562603581217,0.01635865024278538,0.8446969696969697,0.605945789811455,-0.5155721676081868,0.6058176621703661,-0.3817699827302216,0.47965387177630037,0.7900530637724092,-0.697912157865113,-0.7100123261449762,0.09381426664565226,841
3.23072765410222,3.034977107084886,1.247760389404704,1.0420585939461866,0.008605906578690831,0.9393939393939394,0.7260840277571469,0.33821140336860706,-0.5986777357371796,0.26489849551701,0.6658792761673834,0.6974479024584033,0.6345319311971491,-0.6649946136640801,0.3938926149205867,842
2.1938944783835526,1.6918857106590397,0.707441256193872,0.50990726885047,0.015899215445765058,0.8560606060606061,0.5884206763550409,0.7468276837478877,0.30985402760919756,-0.5086292623394646,0.6397916928863085,-0.5761621848105648,-0.628535902816926,0.18142491698065238,0.7563250745338774,843
2.3559248572368654,1.9836374894747386,0.7695582868546633,0.2685167937918965,0.01318645690829278,0.8787878787878788,0.5169669474751171,0.6587396713209892,0.5466326194494568,-0.5980765888381758,0.7348227746571434,-0.3199060545361226,-0.6124129073606721,-0.16154731589566018,0.7738558623057376,844
2.632112511753681,1.6894901556491735,0.7683117039148762,0.3530308262960657,0.014001506749572143,0.8560606060606061,-0.5218518083843743,0.7810753266271226,-0.34291693486949876,0.5636652842088676,0.6174692392640133,0.548646685892166,0.6402750482907286,0.09302189364367083,-0.7624924851034605,845
2.2966060446425294,2.058859584403361,0.8385373482666346,0.6021864973065048,0.01480496984655248,0.8712121212121212,0.7817733614824746,-0.5381664057250991,0.31497195275979767,0.24423348876714038,0.7290266019694221,0.6394296025252106,-0.57374246334137,-0.4229623309112122,0.7013718360392944,846
2.8177026885219116,2.16332550181661,0.9350511520899147,0.7251186631881987,0.01335094376835271,0.8901515151515151,0.4774763379609211,0.7599927450334939,0.4409391955631559,-0.5346868738909326,0.6495476007589431,-0.5405532917641356,-0.6972275766033429,0.022337006172614388,0.71650175476343,847
2.639037292123469,2.0286952644451968,0.948903680199197,0.4548200073327987,0.012625431667284932,0.8901515151515151,0.46975768804563905,0.7097465019747528,0.5249643963704761,-0.4780053484476204,0.7044429779372646,-0.5246627275596653,-0.7421850182922618,-0.0044714393075167835,0.670180128661716,848
2.933550828878724,2.0186070197368027,1.0412467228152265,0.3190857059580235,0.011958149986764595,0.8636363636363636,0.4325908699973623,0.752277678377018,0.49693403366101724,-0.4841752298447434,0.6587914657477059,-0.5758195476560163,-0.7605520928902338,0.008491129116505236,0.6492213911499003,849
3.312547656506563,2.5663244478684346,1.1102306360691563,1.389478647524832,0.010172168126342052,0.9090909090909091,0.7229982470931294,0.1919434722651139,-0.6636499364537554,0.5297319617505607,0.4626055046969654,0.7109009746258395,0.4434609153016358,-0.865536741264562,0.23278437688332532,850
2.6578021107383645,1.6211228640513842,0.7012433791790627,0.3833243529186735,0.014133870476916492,0.8257575757575758,-0.662820515835892,0.7132035241592979,-0.228056345918722,0.45608925811481127,0.6261007785942925,0.6324400395894474,0.5938447207977209,0.3151801836575048,-0.7402769072518056,851
3.08062236607957,2.7923663025807923,1.196971488240754,0.6713702972361542,0.010810412080395706,0.9204545454545454,0.7979875320350487,0.21560247615358033,-0.5627890110805799,0.46623391553877724,0.3708819319860809,0.8031640732301543,0.3818924386761181,-0.903306240874443,0.19543797092502385,852
2.79115262418741,2.5680313205925764,1.0069300955152194,1.0556814729470547,0.010831540553696095,0.8636363636363636,-0.5593641593932858,0.37558193031879583,0.7389519272620176,0.8288965832645797,0.24645277959951697,0.5021867000229872,0.006495493710915262,0.893419969021109,-0.4491754306679879,853
3.845017992422813,2.206659201355935,1.165491060003665,0.4772378555423434,0.011539506089982467,0.8825757575757576,0.8351329849314818,0.22695366853594928,-0.5010438402151134,0.5389126413821118,-0.519967784962307,0.6627266914497616,-0.11011840190444505,-0.8234837794027681,-0.556550449305851,854
2.9997594684215487,1.6968732388763388,0.8072166396858526,0.35032413823586434,0.012564611265688053,0.8636363636363636,-0.5235225496326199,0.7654374779570314,-0.3742053010914465,0.5631426698290616,0.6404532051436548,0.5221973050859379,0.639370372666702,0.06265109224904819,-0.7663421998011357,855
3.1515378759643404,2.467217468336026,1.0061483080883113,0.45358811634889906,0.01221857446793445,0.8939393939393939,0.8531664727208428,0.36441202542978535,-0.3732436811886264,0.2475650974832642,0.346943458922379,0.9046224399267783,0.45914974935545527,-0.8641956445349266,0.20578482848277613,856
1.6263447960691568,1.299704673956445,0.4133017652582641,0.20534444104650681,0.008207391165004177,0.8409090909090909,-0.43114485647079653,0.7117710453728121,-0.5545233013207566,0.4253799737132159,0.7023374857564745,0.570766094004381,0.7957172806358551,0.01019975833872691,-0.6055823430610503,857
2.2696581811332956,2.1771584387998653,0.8829793308901106,0.5766382574299863,0.0197460580672009,0.821969696969697,0.9422471466503227,0.010283599859639222,-0.3347604549573505,0.26853856354610595,0.574109272428944,0.7734892262984032,0.20014333493254152,-0.818714108150724,0.5381912806772748,858
3.5316577511144573,2.6380760085922637,1.3335619204414775,0.40506779080445343,0.01020459935124581,0.9015151515151515,0.5406970471641593,0.7077369234246145,0.45470336529370464,-0.48886953839242375,0.7042473523114638,-0.5148225336893011,-0.6845825571981348,0.05607239948276102,0.7267754869258514,859
2.793882812487366,1.5215556634647516,0.7077367306919068,0.4112182720180628,0.015425729856803894,0.8371212121212122,-0.3583780493699921,0.4646257912130847,0.8097456686326729,0.5671714466518323,-0.5805856272919624,0.5841548420452116,0.7415401026462609,0.6686128951206471,-0.055453337552930665,860
2.1016315170794786,1.6248345736338807,0.6579975470301378,0.38100495504947146,0.017773807422134212,0.821969696969697,0.6953288654191568,-0.5556505922506706,0.45581815260736047,0.5238083461367465,0.8260654231036665,0.20794406283913663,-0.4920798567635078,0.09417184337178192,0.8654415511653957,861
2.1671914434621793,2.112376730473086,0.6811370745317158,0.7289336301828164,0.009871234025393387,0.8560606060606061,0.9084979302858154,-0.3495577621278025,-0.2289997414902304,0.40983383826219605,0.6382164818022341,0.6517023456849413,-0.08165620418355168,-0.6859220752331721,0.7230789521388055,862
3.2051275630546563,2.5266178928367324,1.005163445151606,0.4857670593371396,0.012599759084670897,0.875,-0.48270618219460765,0.7626090436735793,-0.43060676745538395,0.531941077813149,0.6458975395327825,0.547590228328157,0.6957251119559302,0.03526776052950514,-0.7174418120385386,863
3.620043293413722,2.9230234384471543,1.3466126709454784,1.239816108683467,0.012363786293140333,0.9204545454545454,-0.24937129505555278,-0.3977201794700422,0.8829680719282176,0.7561841163726072,0.4896267138795507,0.4341097363585523,-0.604978957772992,0.7759409384082208,0.17865083474217047,864
2.564876936463733,2.1591398147085283,0.9515283785329549,0.7173532828328054,0.013355758368522678,0.8863636363636364,0.7260592724874882,0.12159771708887475,0.6767953368882748,-0.6209610496006064,-0.3068372704024828,0.7212893069849761,0.29537316688191667,-0.9439623322414553,-0.14727459928792813,865
2.66585572252799,2.66585572252799,0.982913897415064,0.9850484722600003,0.02069390734877563,0.8560606060606061,0.8032110465192458,-0.5867140567929704,0.10304673847819215,0.5886569548447685,0.8082677457223946,0.013647004716154444,-0.09129624451390128,0.04969775433934234,0.9945828919458068,866
1.9954033115398697,1.8867708416801392,0.7532807946649592,0.44473420854706636,0.01373489907239915,0.8712121212121212,0.5250750024000337,0.6347076650542819,0.566958924240501,-0.41373937033077185,0.7725346319196543,-0.48167413873184095,-0.7437176717632177,0.01834182123197886,0.6682421733929946,867
2.793600930897218,1.7243436606325964,0.7927369753495435,0.4657006037114591,0.016611583540899106,0.8598484848484849,0.9883245988160219,0.09522261906780084,-0.1189417512609346,0.05758101269806819,0.4893212805074111,0.8702006156164522,0.1410635117662057,-0.8668894608082718,0.4781252434119428,868
3.388683056658563,1.9178752859402504,1.0727781690099922,0.2579629425534554,0.01061177506790187,0.8977272727272727,-0.5366757796267684,0.7448633113538446,-0.3964312739441554,0.43301659919717256,0.6463626728841472,0.6282610284919606,0.7242069679185058,0.16551115521633744,-0.669425369340928,869
3.3636957616746805,2.542632709828506,1.2123405489948318,0.6421027941045576,0.012144133847642229,0.8939393939393939,0.630380252646356,0.700751897384253,0.3340172381567838,-0.6503258719456315,0.7116702337965563,-0.265709876756791,-0.4239068262621757,-0.04972179240860408,0.9043399504655344,870
3.683514637513152,2.519911269529938,1.1258713651439047,1.270585852730781,0.011917734292388654,0.8636363636363636,0.9433443324550363,0.33180779876146477,0.0022483562958514804,-0.2599803013977243,0.7433120548580203,-0.6163582010388894,-0.20618368827361258,0.5808534873647733,0.7874627057239416,871
2.8774210229544197,2.6773709219898163,1.14449471943963,0.8680347423443837,0.025162691174707173,0.821969696969697,0.9198459273681386,0.39139967043968027,0.02626343244815294,-0.25207561401531764,0.5384604899824583,0.8040635457142996,0.30056838610048403,-0.7462349487310016,0.5939630010104922,872
2.7773944968336055,1.598359161221479,0.7343302341093475,0.517773709410097,0.013463046795957029,0.8560606060606061,-0.46703951710047914,0.7919195087037548,-0.3933669803134914,0.5490374385668665,0.608436803704526,0.5730292723323602,0.6931320080031548,0.05165411534644218,-0.7189574895981616,873
3.6300182233587663,2.7040481267935945,1.2497729015027363,0.6478162170650787,0.009625185123951059,0.9204545454545454,0.2584376579233249,0.4726013216110421,0.8425306924846138,0.9245423810719363,0.13183960755032956,-0.35754678502653303,-0.2800559989875976,0.871358886276184,-0.40286763178317936,874
2.041417180862982,1.8128855292972024,0.7000317656779064,0.24445568881104848,0.015448110419492445,0.875,-0.4001879641913041,0.7197353094606664,-0.5673012230129405,0.5462046075592826,0.6843904566573825,0.48298056846762444,0.7358737119896522,-0.11657953144466685,-0.667007565812197,875
3.1408457187354375,2.7080766309581996,1.1029953016690663,0.917336871384303,0.010344772485916193,0.9053030303030303,0.7072547258451,-0.1694900824712813,-0.6863409245510941,0.6485251309738346,-0.2309370995955265,0.7253159384197873,-0.2814354406700463,-0.958092463165369,-0.053412777128442904,876
3.046321868306363,2.7288802131791816,1.09523653827774,1.1347260973428384,0.011843106121200889,0.8901515151515151,-0.4294350107545583,-0.5620937802419466,0.7068494562150776,0.5088458786605983,0.49602640402572956,0.7035862976774259,-0.746097475741847,0.6618220219383926,0.07300799934953647,877
2.4629796191302864,1.819990532342907,0.7319115661602725,0.5180763077448153,0.012358988584402526,0.8712121212121212,0.38499688918856195,0.6061783666954448,0.6959347548912707,-0.5222228385151193,0.7648165677239691,-0.37727831195039424,-0.7609603815234679,-0.21818204666142954,0.6110121866757552,878
4.5770355052940515,4.197896736763065,1.582783485336457,0.5795768443606955,0.010046009195413172,0.9090909090909091,-0.6013182951310294,0.6582135652969171,-0.45295828770410357,0.43408191056158263,0.7450590282534459,0.506418739129228,0.6708123454915826,0.10789785390429257,-0.7337362266229803,879
3.5493813327554347,2.39055871308363,1.195453940159966,0.782160730348197,0.011091157165719007,0.8863636363636364,0.7628842030093574,0.27285843394608533,-0.5861364754246806,0.640223140933266,-0.44518894661036823,0.6260360465895667,-0.0901222647979999,-0.8528511457695537,-0.514317898334521,880
2.1686433281789883,1.795117594976366,0.7731378260158044,0.32556426749569384,0.014802121244899852,0.8446969696969697,0.690506678115912,-0.6218491724965918,0.36946465885471674,0.4082175955830584,0.7566921876487303,0.5106616568803316,-0.5971255497244401,-0.20179330964301803,0.7763507828614603,881
2.1741314010503956,2.173886107720773,0.81462415968706,0.5176493832496064,0.014210960425378278,0.8901515151515151,0.5966512623873101,0.43218931303520935,0.6761802043758625,0.7977999769772701,-0.2283812055144664,-0.5579939262239567,-0.08673216143217341,0.8723843319695243,-0.4810645585650543,882
2.6739356896373043,1.7094413313547543,0.6852323119520374,0.28450626948584906,0.01184081821316127,0.8863636363636364,0.5453667646507934,0.7360233209483802,0.4010545636624072,-0.550502765843063,0.6753310652687666,-0.4907898298478593,-0.6320773661613457,0.04687881507750244,0.7734859920408808,883
2.9018422133188158,1.6263605136828394,0.8600709778319855,0.24484885186517988,0.013487951137022834,0.875,0.5137780615181783,0.7551949479421782,0.40707824076611326,-0.5303028017186481,0.6525410019924063,-0.5412662738505869,-0.6743967986222763,0.06221600534715371,0.7357432478022938,884
2.6840045895430342,2.420135098113567,0.9981646290260956,0.358037980505918,0.012040245224715578,0.8787878787878788,-0.5520806996938826,0.7020455910177487,-0.4498209523333178,0.5010443034798178,0.710555135942015,0.4940303682334203,0.6664544297819148,0.04736440561185759,-0.7440397207845144,885
3.3383269753741844,2.3099624486898427,0.9408736295430148,0.529291538863984,0.010507824041314411,0.9242424242424242,0.187239338906946,0.5306485860589675,0.826651987283227,0.9816804296347134,-0.07085451903454434,-0.17687049274706068,-0.0352840479238773,0.8446251921686934,-0.5341940852500181,886
3.0763346299003054,2.5064835764926765,1.1686390028644507,0.6687559487753892,0.010030101569452988,0.8901515151515151,-0.422347336621216,0.7796533011771868,-0.4623456036478342,0.5101891422540216,0.6260728561678245,0.5896946819295289,0.7492194380654249,0.01317227138262525,-0.6621908523164235,887
2.011715964144878,1.824631961829479,0.7806639290178138,0.5705860243685164,0.016912867110566738,0.8333333333333334,0.00829956847166652,-0.449263475704264,0.893360759470276,0.5497425251118359,0.7483192907465253,0.37121610307242864,-0.8352929266112857,0.48803746628178213,0.25318996476640176,888
3.4434629134167514,2.306725618535525,1.1770729436679304,0.7364979406822285,0.010985301474894831,0.9204545454545454,0.6482809311243937,0.7405334990407512,0.1770366378435583,-0.5375763785520344,0.6098260638011522,-0.5823433773399271,-0.539206334869472,0.282351392253084,0.7934319250757284,889
2.5743083004790708,1.9145297284635423,0.827449556579142,0.7979740074854049,0.016777330790400304,0.8712121212121212,0.7113926194467247,-0.6653286692033664,-0.2264029658215742,0.6432781042418124,0.48669352858009823,0.5910352695409243,-0.2830438510192148,-0.5660981992325452,0.774221549187235,890
3.0450411597657485,1.8216358196427707,0.9765163841224637,0.7059129132259644,0.02372352255260688,0.8333333333333334,-0.22778341781491881,-0.4402234316617601,0.868514850065615,0.6720467504360323,0.5743712304112897,0.46738726437954053,-0.7046047685028277,0.6901456512155713,0.16501848475644082,891
2.018899962714567,2.0188999624113477,0.7996553496985908,0.4839232149238554,0.013090056680624015,0.875,0.8128351046515524,0.4413784456446155,-0.38011072119376377,0.540475737253865,-0.3281388609502647,0.7747327702983487,0.21722124685672678,-0.8351706146977432,-0.5052771261984881,892
2.7560656601356457,2.7560339363108435,1.0714774611306748,0.44638488466838466,0.011031185126124141,0.9053030303030303,-0.5617585475507212,0.6500792323469352,-0.5116877230547195,0.582218512041094,0.7500619936929112,0.31373334195470837,0.5877490438021644,-0.12167167825190348,-0.7998418995157772,893
2.623423224134999,2.220207587626466,1.0227664728276482,0.5052562941475597,0.01236043842510959,0.8863636363636364,0.7570070803548562,-0.12171250775225827,-0.6419706735897466,0.592048055973071,0.5434399309203178,0.5951068315015612,0.2764405536659262,-0.8305775743047585,0.4834475290565664,894
2.8158319370401323,2.255224317776847,0.9885402358132912,0.5927006082411187,0.010892550815821071,0.8977272727272727,0.800719652294753,0.37410579621792345,-0.4678599060243605,0.45910081513617423,0.11846006055251801,0.8804508251999053,0.3848044697898794,-0.9197891428420142,-0.07689897749438854,895
3.522592575657629,2.28041163843506,1.2005733728513657,0.9445730726882599,0.011435838096938123,0.8901515151515151,-0.6560065848080957,-0.08541792944859722,0.7499060861315457,0.7215346583831638,-0.3625047414025703,0.5898966428218987,0.22145676201080428,0.9280593137237352,0.2994374939287328,896
2.3638425127858973,1.7009630923803176,0.6620345714060953,0.46655019307226336,0.0111186636980399,0.8636363636363636,-0.5394661789650027,0.7490656056333812,-0.38454773463120984,0.42628537739849504,0.6368191118161113,0.642450150472363,0.7261246578715822,0.1826530516658151,-0.6628580873369825,897
2.342353338870826,2.2113504261308066,0.8410130273249992,0.6453063919432946,0.01272797423981523,0.8674242424242424,0.9180387912327892,0.3472192094775691,-0.19142517692720432,0.23265250420099584,-0.08079961159320996,0.9691977275331345,0.32105698883663175,-0.9342966570293177,-0.15495859635075593,898
3.702574545089623,2.1355805064910873,0.8731738316761393,0.239952930875211,0.005711976409820163,0.9053030303030303,-0.4870479813350061,0.7320486551314057,-0.4763286999518251,0.5208625332789679,0.6812480040516491,0.5143961298472806,0.7010609711741993,0.002433823318272632,-0.7130971821570633,899
1.8803966408871173,1.8233147349538454,0.746258678229758,0.4633282535591505,0.014402394495037597,0.8560606060606061,0.5021771201880981,0.6853863083265539,0.5273175023817117,-0.5842989106799906,0.7184564640578545,-0.37737924191940014,-0.637505233655195,-0.11859982129827554,0.7612628714512828,900
4.977900725347892,2.6018724829544846,1.586968299270247,0.877656786160111,0.009822894576356947,0.9015151515151515,0.11775779164539436,0.7266956080433609,-0.676791397520159,0.4150845931950656,0.5831191536570485,0.698338623541885,0.90212963757926,-0.3631604960465519,-0.23297332704053386,901
3.0492477140101837,2.373999999366994,1.1636260592393277,0.5290402809345438,0.009703488486904737,0.8977272727272727,-0.5640761769788851,0.7108883584592848,-0.4200664332840091,0.4719531959030761,0.6950069399362723,0.5424256025643438,0.6775531325599182,0.10771766450996878,-0.7275428903581971,902
2.5785628866294643,2.3432400483499882,0.839994455158206,1.0887585460293754,0.022422097974638962,0.8106060606060606,0.9598929850798582,-0.15465748737254367,0.23385148875748185,-0.2782651732079358,-0.42360049574097675,0.862050528326244,-0.03426296213167593,-0.8925489799487816,-0.4496469368497389,903
3.8562682011370053,3.0931204261581797,1.2088981951959694,0.7794596573954613,0.010972470847009471,0.8939393939393939,-0.5548813683851235,0.6718131032347606,-0.4906870910683649,0.4642399773272589,0.7394890810521889,0.48748040212481913,0.6903534677759207,0.04269722855959354,-0.7222112130139569,904
3.2114842780513175,2.0671517380349425,0.8223395382587708,1.009378017700665,0.008695116323535462,0.8560606060606061,-0.38489004270332067,0.8006899085893868,-0.45908095725150194,0.3560585081512359,0.5877079599703454,0.726513380854483,0.8515174653528559,0.11616808542200474,-0.5112953961541542,905
2.84209051166718,2.054736984296267,0.8668952381152273,0.7329094815431336,0.02055923540010872,0.8863636363636364,0.7503614509572599,-0.14787462599048326,-0.6442753975634103,0.5912233089837041,0.5860657158421905,0.5540595415916418,0.29565637458318933,-0.7966555539896496,0.5271880465884724,906
2.802394631673604,2.3053453527033354,0.9900662444195847,0.7567689069249856,0.013487163535686951,0.8522727272727273,-0.4446085210846201,0.6638483581025485,-0.6013556521921928,0.8017655646823668,0.5942813576068734,0.06325857483770028,0.3993685544312576,-0.45402095265029574,-0.7964733092113041,907
2.673612408097601,1.7352941898439997,0.817087161214706,0.39077236014764855,0.01392140200008573,0.8446969696969697,0.8269455574278928,0.4024872659990877,-0.39263856886308485,-0.5622793971085394,0.5898096055318828,-0.5796261802313474,-0.001710157165070364,0.7000918724931069,0.7140507302927197,908
3.863395234554685,2.6612316328750176,1.0903143056525495,0.3766060021545671,0.010933926298004328,0.9242424242424242,0.7856119551836709,-0.5792798190908124,0.2173677691531238,0.2789925198021493,0.6452410719335103,0.711215250809867,-0.552247254195924,-0.4980952221053826,0.6685238364851717,909
2.8990634613636925,2.896688671591148,1.1718672188769308,0.4583059143229686,0.010264186278568106,0.8939393939393939,0.4866176432377623,0.675407523291879,0.5541010257800068,-0.44935233843812283,0.7374358667310833,-0.5042527326636581,-0.7491900594841849,-0.003608315300217907,0.6623452534975831,910
3.739064968759318,2.0053475338920292,1.2012904385381038,0.44609330154445515,0.010453003941362941,0.9053030303030303,-0.3610460416462502,0.7124812967309868,-0.6016777855464714,0.6566855571843213,0.6523471043069282,0.3784274494376475,0.6621252410209806,-0.25848337917726405,-0.7034035171166058,911
2.2965319452787107,2.2965168464497165,0.8746405990643967,0.7363265921242557,0.015122886292062952,0.8636363636363636,-0.60179937840718,0.7433933801734286,-0.2918968832705415,0.7768302355668257,0.6297064555688235,0.0021365683090891203,0.18539766249314446,-0.22546853911194265,-0.9564474081792498,912
3.4090260143928135,2.8213166374204257,1.1183856403578114,1.1596057783802132,0.011961383708931782,0.875,-0.13522728417923038,-0.6890801779007014,0.7119565225755344,0.5108186032241593,0.5672144128370199,0.6460125110785966,-0.8489864169782865,0.45103915383732773,0.2752921093894245,913
3.5079474073228143,2.366402242630228,1.1174773054111233,0.8245188044158928,0.011925140568863781,0.9128787878787878,-0.6088383689474078,0.6854904449410603,-0.3992727017865952,0.3817717198336694,0.6943786264367913,0.6099907188498833,0.6953892395146063,0.21895472829391552,-0.6844652164464132,914
3.547650067013391,2.931842894421755,1.19776981490204,1.0057894517720278,0.0171137372616215,0.9090909090909091,-0.6470001403215963,0.7567275246642878,0.09356426582458979,0.66362112069677,0.49842150834632737,0.557837797377459,0.3754967730740143,0.42301235612359095,-0.8246591538191828,915
2.4797252176034292,2.4797252174191096,1.0302632339786382,0.4746349416308179,0.01232564849960727,0.8674242424242424,0.42523281556692455,0.4840065079794103,0.764797197169683,-0.5936475293549517,0.7869969433707236,-0.16798339803653214,-0.6831981143532143,-0.3825879132418002,0.6219861937257909,916
3.1902031581350028,2.415007041039013,0.8135879135446787,0.3189071287646927,0.005234630755199305,0.8825757575757576,-0.4800761137606878,0.7314746046446303,-0.4842229112262419,0.4988884422020328,0.6816959658351315,0.5351643975465261,0.7215519712630991,0.015346430337022987,-0.692190176065976,917
4.185642682808969,3.6316173412628245,1.674793419766554,1.1310440956278005,0.008906082894965538,0.9053030303030303,0.691637580762827,0.6419375742245719,0.3309888331578822,-0.4388411830899744,0.7374982409584909,-0.5133368880251286,-0.5736339188896833,0.20979155221744294,0.7917901437359904,918
3.5769480826733084,1.9759129309110601,1.0177154535244266,0.6623675854977648,0.017098017908911543,0.8257575757575758,-0.2317411804266259,0.2010400002989079,0.951776729897453,0.8361285532366983,0.5412219637820891,0.08926269311512408,-0.4971770989866487,0.8164935420440718,-0.2935187013523092,919
2.7751448779739536,1.9989195427725677,0.8580162905977153,0.6022039260454392,0.014219708118972363,0.8522727272727273,0.4148650626174207,0.6959052672209307,0.5861764571130511,-0.469104808054758,0.7156004146930688,-0.517548766350589,-0.7796330283404829,-0.06026529304062997,0.623330117654662,920
3.754116237882175,2.791173408524195,1.030670913341579,0.45675298651801444,0.0066637848308555726,0.9242424242424242,-0.49340447968244733,0.6758092152953763,-0.5475709305205501,0.5975856018422374,0.7208183305040936,0.3511586292263685,0.632015401632068,-0.1539572633269991,-0.7595088499607603,921
2.7354997406606536,2.512716070704279,1.0223333441732192,0.34935771622080036,0.010309292817162516,0.8863636363636364,0.538111734755201,0.6529146150509127,0.5330462141049938,-0.41709642237167494,0.7558272613271745,-0.5047333211503006,-0.7324386222500133,0.04927125417098352,0.6790478688199536,922
2.2663216447814536,1.2785856250294279,0.646338370675888,0.39360653097438264,0.017319035641789732,0.8295454545454546,-0.3798504234381152,-0.49487393724721834,0.7815455470075438,0.543985330661211,0.5638451990953544,0.6214165684004033,-0.7481935684295191,0.6611946594540494,0.05502732475912478,923
2.98833262375871,2.928057506414207,1.021119575843647,0.9229733179012176,0.015805350817357126,0.8939393939393939,-0.3261368180220678,-0.49366861671678225,0.806179925822629,0.5533338018747002,0.591755886787872,0.5862138467784511,-0.7664570957550925,0.6372725220192991,0.08017015059129773,924
2.21875893247651,1.8877732842069948,0.7650971129466024,0.34809031833329485,0.01408917023345864,0.8901515151515151,0.4918632856009094,0.7234175350370512,0.48449724279792883,-0.5862896616199816,0.6865857291513028,-0.42995868313513724,-0.6436885434396094,-0.07257483397632286,0.7618385344138898,925
2.770402150674817,1.954007077575762,0.9671961033967031,0.46960798537805565,0.013793552729574785,0.8674242424242424,0.08671471944578386,0.6233132459040587,0.7771493774764189,-0.5660860823458688,0.6727416004260931,-0.47640873882669826,-0.8197725933487563,-0.39862179636427986,0.41118555258857203,926
2.5125118247756095,2.509679813431487,0.9844020033403578,0.6944235583744869,0.012403446839326255,0.8825757575757576,-0.5850844501390713,0.5064633002764288,0.6333807004310824,0.7582497890109485,0.0646298255892188,0.6487528366867918,0.2876342185316495,0.8598359791945294,-0.421839596543843,927
1.8991040211369723,1.8991040211369716,0.7294719304346312,0.6377914545123824,0.02317956960782042,0.7840909090909091,0.9820648160005501,-0.033434920735696025,-0.18555539132346302,-0.05699440136143096,0.8854652106527233,-0.46119735356697394,0.17972294062600325,0.46350131261855776,0.8676786258826571,928
4.359553967840922,2.2561970895496275,1.0287964831017378,0.6013733977467367,0.007114948473432153,0.9204545454545454,-0.6294533301682752,0.7634119687252829,-0.14488157628579224,0.5340974358363536,0.5604938627862379,0.6329190776173476,0.5643832334266321,0.3210121427391018,-0.7605411034526339,929
3.0385696686761854,2.312454302859365,1.0049054129507913,1.006442407005993,0.014630703016049955,0.8901515151515151,0.7494199735237388,-0.07477315972672567,-0.6578591626390563,0.5953645615676627,0.5108165929709849,0.6201672735438882,0.2896735095120427,-0.8564317736574214,0.42733344703753284,930
2.5535298407047944,2.1662610441321855,0.9429619682205324,0.5639964592666096,0.012907346053586394,0.875,-0.48603018064458203,0.2651294538532459,0.8327550877671506,0.7102671754046674,-0.4353664305929274,0.553151525945151,0.5092103720912118,0.8603269400711879,0.023288476602740332,931
2.3411277469635916,2.1199573517224835,0.912466001885125,0.7194460650788026,0.013378673846139695,0.8560606060606061,-0.540327128933712,-0.1989114704262137,0.817606764081079,0.5980130771182545,0.5927926434974988,0.5394230634769,-0.5919687097590617,0.7804044520299257,-0.2013502866103323,932
4.004153508474438,3.136939742157149,1.5195349373573526,0.7136648692081192,0.00889357945895678,0.9015151515151515,-0.6210723784991371,0.6845671785148298,-0.38162400182073164,0.29549156267013377,0.6555104463228452,0.6949753888825033,0.72591586086556,0.3188633451211811,-0.6094032573607919,933
2.888358757904736,2.535194348726908,1.1233683459825923,0.9804843961357648,0.011393888288934277,0.8977272727272727,0.8782160094696058,-0.24305227652262595,-0.41190075453736463,0.47336789571882204,0.5646581360072734,0.6760798952368913,0.06826035462855293,-0.7887247810979191,0.6109449596060383,934
3.053064433061832,1.8034811898780707,1.0060165265681176,0.3144454299776145,0.012130149469364701,0.8371212121212122,-0.5888283316863575,0.6975871968473404,-0.40823191766216793,0.35568872809052554,0.6771843316106505,0.6441326802223131,0.725786969098237,0.23408007992075394,-0.646869223005306,935
3.40188998848646,2.0918093632302006,1.1596374830675877,0.3997355590260342,0.011547474956330565,0.8674242424242424,0.5758505056562676,0.7736198498721238,0.26440219934647596,0.5149701242583987,-0.5944144001184245,0.6176384800618748,0.634981862935242,-0.21950819760475057,-0.7406849430949731,936
2.2435052629404284,2.2435052629404284,0.8872358114566253,0.6474671230955359,0.012381205247189097,0.8939393939393939,0.6641929844346176,0.5915922053568948,0.45701897333568275,-0.3039011797438723,0.7722268683423072,-0.5579513749069137,-0.6830020149151235,0.23169878370677394,0.6926932374801151,937
3.681395272565429,3.369966647193361,1.159860468243977,1.0166565292565979,0.00733100266771527,0.9204545454545454,-0.4990518534618044,0.7599625140623281,-0.4164183290591368,0.4908484710585282,0.6439148515997968,0.5868913377693666,0.7141533630921603,0.08849090975505594,-0.6943733382517503,938
2.627780679705162,2.442105926725593,1.0035914043811307,0.7597605216833402,0.011402928195984124,0.8825757575757576,0.1725842728171265,0.6924861659635253,0.700483817604176,-0.5531009747553562,0.6565828174185797,-0.512814114075807,-0.8150423182270099,-0.2989346313490908,0.49633064148743095,939
2.32825172530609,1.98541589804514,0.8942640838272401,0.6308479664894601,0.023972392618704434,0.8257575757575758,-0.03806432629881357,-0.01900991907683952,0.999094455014194,0.8042880846186097,0.5927590666698572,0.04192094728424093,-0.5930192104847412,0.8051554581926226,-0.0072735231272356045,940
2.1883143254411337,1.8008621122621404,0.7385098563613892,0.5357921795081263,0.0147516808728346,0.8674242424242424,-0.3711291371700167,0.5413668595692027,0.7544435611121736,0.9284886114384514,0.22782531588963553,0.29326527900330135,-0.013117239516579199,0.8093315444241419,-0.5872055766318112,941
2.7914804211923836,2.5837549338427053,1.109055504999509,0.827874219302721,0.009788221880833383,0.8977272727272727,-0.363897563966016,-0.33211938484224734,0.8702156497969952,0.7101319164111406,0.5056440827450488,0.489935427254612,-0.6027364467442136,0.7962542155599088,0.05184592529056031,942
3.2088610787385123,2.46361213455195,1.2409099285964795,0.4897953783869089,0.013774943105418786,0.8977272727272727,0.8955167933145433,0.4148377082222688,-0.16111905141395727,-0.42048604487033436,0.670165457290033,-0.611612414789419,-0.1457434697025592,0.6154575011258998,0.7745778884960004,943
2.4538582320167057,2.410769194799444,0.9901258286344552,0.47593546472482295,0.010967734334872983,0.9015151515151515,0.35581404021293944,0.7200245967428144,0.5957859925113146,-0.5667541227278816,0.6731462195073291,-0.4750409787943983,-0.7430922776871618,-0.16863791758776617,0.6475917846864394,944
1.9591662676696047,1.9589658198319724,0.617085238500031,0.4341997975149925,0.011857596469229336,0.875,-0.2717863512853281,0.7571667473886068,-0.5939955352559192,0.6507156298211003,0.5993318992378035,0.4662300329907288,0.7090143498981787,-0.2598072193087888,-0.6555904670093198,945
2.5952491315368,2.526426992478142,0.9504179257251099,0.6468867511415564,0.01295402218048544,0.8787878787878788,0.44700779806645813,0.7354120840182933,0.509267213894285,-0.5073834791881623,0.6773172540959957,-0.5327319610749631,-0.7367129926332862,-0.02025842994239896,0.6759020361720895,946
2.78694178936396,2.7869092215279787,1.1508851962307725,0.732666413743178,0.009773584031415487,0.8863636363636364,0.48461712177470073,-0.5990288180975631,0.6374250703976441,0.4162640686864589,0.7988437366549643,0.4342498238660888,-0.7693311838235859,0.05489225351332108,0.6364875254872081,947
5.027816205915603,3.734351975463148,1.84896150077781,1.199597669247787,0.009021216617481193,0.8825757575757576,0.3945861181567681,0.7360988315156732,0.5499639129972379,-0.5297986433232329,0.6712812283226972,-0.5183578976290731,-0.7507430938016246,-0.08683330434131376,0.6548624163641809,948
3.554853574865326,2.310133770935078,1.2358008833691398,0.6088006180622654,0.011947805548934497,0.9015151515151515,0.18772185229778302,0.738686902667177,0.6473810052804005,0.6368216532781409,-0.5933328359463852,0.4923558953682948,0.7478092591603722,0.3198402814152598,-0.5817933536043728,949
3.40608238528872,2.290778045061884,1.1675430127270314,0.6968668947550423,0.012077160151918214,0.9015151515151515,0.13771100398887332,0.6927274639644253,0.7079296151806281,-0.5654793044263768,0.6417930479782955,-0.5180104630528135,-0.8131843798584902,-0.32898380543143013,0.48010500946982143,950
3.205761078764115,2.3936683416797706,1.185374698251627,0.9410805893121029,0.010707556948623888,0.8825757575757576,-0.07500062498017243,-0.664240108134183,0.7437472588174511,0.6303974670502227,0.5463172192748925,0.5514857472867383,-0.7726408866926774,0.5102181637982304,0.3777611487979081,951
3.0035766049158372,2.6672228568140843,1.1397513960011862,1.208227309614535,0.013037841028929808,0.8712121212121212,-0.44989932446870984,0.5592018995224038,0.6963360061156783,0.726183049843412,-0.22479830641262333,0.649710627552095,0.5198545719359591,0.7979717770726931,-0.3049463346766592,952
3.2239902721947367,1.8809850816991356,0.9807521609834614,0.6582619953088411,0.013948204384794608,0.8598484848484849,0.8291775791794679,-0.1748885469375359,-0.5309223468042711,0.5173871041821506,0.5996586900583185,0.6105080178536152,0.21160133887120353,-0.7809119358721692,0.5877086198111232,953
3.453620368366877,2.9164714803710776,1.248029915059161,0.5769553485740637,0.00915801258871148,0.9318181818181818,0.8228740154073146,0.18155435956541183,-0.5384388259498342,0.5300646264377817,0.09613187061104776,0.8424904481667407,0.2047189453050633,-0.9786708731619707,-0.017131125402861436,954
2.6813710502334307,1.667864602321694,0.8396035895401214,0.1343015240686573,0.011931465997753604,0.8939393939393939,0.3733528332811942,0.7546162801774435,0.5395942286311657,-0.5534663597416545,0.647985572246188,-0.5232491632053526,-0.7445016121642896,-0.1032906958633649,0.6595819749150483,955
2.046507641335816,2.0463122148002797,0.7747771352212698,0.6248195341641746,0.017411589257474602,0.8674242424242424,0.724036895179266,-0.4850674544524111,0.49038774357667914,-0.416918405918081,0.2586188339673162,0.8713755456312232,-0.5494994242270823,-0.8353597209277234,-0.014983972292462872,956
3.400680953232598,2.458571880195097,1.0162298597643846,0.7479943557043074,0.014066027505507138,0.8560606060606061,-0.4333740323744826,0.7970105932667888,-0.42066740102366174,0.5879409790900989,0.6038018883856702,0.5382830897292564,0.6830170958109738,-0.014049690474175647,-0.7302672476754815,957
2.2652354744030885,2.2652354744030885,0.788661469310675,0.5949273383617992,0.01414608926281546,0.8257575757575758,0.8122619818208822,-0.28690350468690023,0.5078551485283838,-0.3526214004847806,0.45202801646522817,0.8193465812772172,-0.4646381611626029,-0.8446046716238819,0.265996856865922,958
2.3326170068275403,1.5135634403961853,0.716059146213144,0.2425575222967623,0.01614067285973325,0.8598484848484849,-0.49233069814303154,0.7279081497500535,-0.477242296106966,0.4998063325033023,0.6853139218345915,0.529658813321642,0.7126037564141756,0.02223857160757592,-0.7012141843098021,959
2.4542472702802725,1.9338993191573324,0.7938264906817151,0.6267950632003894,0.01326315631689935,0.8901515151515151,0.7559028930305732,0.14136091066305523,-0.6392401029695506,0.5570442902303491,0.37412425282879047,0.741439614646443,0.34396580502976815,-0.9165413991641682,0.20405731691956697,960
2.0293731256976484,1.7529592529115865,0.6710542836108591,0.6269332653065319,0.01604088606131019,0.8446969696969697,0.5692844327231255,0.6243547965046472,0.5348797273600391,-0.542937891114422,-0.20303448413321998,0.814859156323951,0.6173602522444519,-0.7542931037298417,0.2234015053983947,961
2.6756923715453387,2.3009935148325353,0.9566111809979164,0.363067362627837,0.011050206460880292,0.8939393939393939,0.661347844131385,0.37454771700099926,0.6498715540413418,-0.6973267966461146,-0.012161268139122263,0.7166501533080956,0.27632294103464816,-0.9271278828978168,0.2531393312217101,962
3.260555856570564,2.1687159695873244,0.9295210629229397,0.6568825268350792,0.01363174479532041,0.8825757575757576,-0.2412901861862955,0.7908651353618003,-0.5624156680955326,0.5696334044684787,0.5846191779238186,0.5777007887456354,0.7856823980234211,-0.18097722086726803,-0.5915660698208837,963
3.5487753169924594,2.3172104328162253,1.1301840304405353,0.5940277831584597,0.009187170756678596,0.8977272727272727,-0.5577394172494275,0.7437604072985426,-0.36843886735980363,0.43886938221093535,0.6410246060384551,0.6296674676454512,0.7045001119971954,0.18949382836480294,-0.6839383606784969,964
4.034509531078973,2.301257583869997,0.9746713264032041,0.30260699023651744,0.009655319997446591,0.9204545454545454,-0.4439821068810191,0.7850499147781836,-0.43194504288885877,0.5506640749298057,0.6193416543464207,0.5596293342679065,0.7068585186239131,0.010608793437778541,-0.707275397670951,965
2.761559144064738,2.1357230784167913,1.018029696361042,0.6876036813021345,0.013988570453883287,0.8674242424242424,0.9256583195169202,0.37752342517006776,0.0251543029514127,-0.32917135778689943,0.8363154169567197,-0.43843213907426676,-0.18655533420902304,0.39755828102099494,0.8984122219058418,966
2.125920754750409,2.0562306557695753,0.7820738702154748,0.6659698794441447,0.014672239792116414,0.8712121212121212,0.7673761301878891,0.6377334365077877,0.06655778525332343,0.4385285273714065,-0.5977194555233656,0.6711364862457688,0.46778906090173333,-0.4858266320909333,-0.7383399474847989,967
2.2191859717557927,1.7563064722407045,0.6839209882203336,0.49055312778728044,0.014785949773300706,0.8446969696969697,0.67874164023775,-0.4586142804263791,0.5735701592624598,-0.5812945045429041,0.14177941051694848,0.8012460906249005,-0.44878333836673184,-0.8772522673338959,-0.1703583712705376,968
2.7499870612285138,1.6254994278275343,0.808261147444037,0.49200842346019247,0.01382193285728998,0.875,0.7786882130806342,0.29761466552101784,-0.5523315830876426,0.36148671266051924,0.5067154821051157,0.7826664530723617,0.512807979051789,-0.8091136700500077,0.28698962622197194,969
2.4194538410192434,1.8746579831380978,0.8473743824252646,0.708815878829039,0.016055017344579852,0.8409090909090909,0.8815324953553811,-0.19165746892261806,-0.43147175369737767,0.4056016281377631,-0.16030306776519784,0.8998834622977923,-0.24163563248103653,-0.9682821598435252,-0.06357578190040097,970
2.9200871079460504,1.769507767317364,0.8678425328078788,0.42038803869017727,0.014294467985088108,0.8333333333333334,0.6191905671619915,-0.5929474705198934,0.5147973763935395,0.0050229807845409424,0.6585692201124577,0.7525033900152925,-0.7852246883546452,-0.46335718352533345,0.41075821266752666,971
2.4440456426871155,2.444045639158054,0.951893222885877,0.5184999962004374,0.012631493649562746,0.9053030303030303,0.8600374701682759,0.20893629636308206,-0.465490251206865,0.504140894996238,-0.20744157657964557,0.8383376111678059,0.0785971239864676,-0.9556744301111282,-0.2837408601749605,972
2.8905527252056307,2.052259652552806,0.9397456910744709,0.46928445734181184,0.012692471857505697,0.8901515151515151,0.499997436709627,0.6505570254775661,0.5716450995902824,-0.4356903698087823,0.759420612133119,-0.4831710209886822,-0.7484493736651058,-0.00747599285315384,0.6631497904630375,973
2.770050579862178,1.7743687704703275,0.8221383560936849,0.5426476295833023,0.015861129134777937,0.8371212121212122,0.3292884231859515,0.7678238720119006,0.5495594926160063,-0.501585138874893,0.6353514803099881,-0.5871463573315951,-0.799988426676014,-0.08231037623871906,0.5943429305946833,974
3.304654931544212,2.541786956450144,1.1856157787881971,0.6580352318149854,0.02312564837894923,0.8522727272727273,0.9300800246085938,-0.32279591512779493,0.17536802730511317,0.04016179144088053,0.5638642544482141,0.8248903763918082,-0.36515500589795663,-0.7601709674358585,0.537402941874432,975
2.4994099468485826,2.3966317213767807,0.910925044955788,0.8767863818083177,0.01261918695450557,0.8863636363636364,-0.28800444882586584,0.864702307321469,-0.41151349573183726,0.42517562672887427,0.5005064071979223,0.7541346184797092,0.8580670858925996,0.04222861668057942,-0.5117984173881612,976
3.589981406159478,2.375597818850653,0.8816495836331549,0.28000481482270895,0.005257595187151442,0.9242424242424242,-0.48997589595899177,0.7209218892629161,-0.4900971852202081,0.5035884174742272,0.6929905602211033,0.5159096715804471,0.7115632980733244,0.005976037652920957,-0.7025965839719007,977
2.426690320849619,1.6460871981533318,0.7989416239486884,0.41278984155107273,0.01781699532915144,0.8409090909090909,-0.6977461334161197,-0.10478801841394692,0.7086394037165396,0.6479480616063238,-0.5141672194500946,0.5619567420216309,0.30547281837090184,0.8512646719087058,0.42665538271150566,978
3.324747960319289,2.2077013271432113,1.070272885214541,0.3670503808596194,0.011694037916317285,0.8901515151515151,0.5168711015504346,0.7177305838654618,0.46659090579026913,-0.43909331537256296,0.690157957905596,-0.5752208736952341,-0.7348750402464159,0.09243809887552262,0.6718734055602349,979
3.7968887700250114,2.215559914080863,1.2111229520742932,0.4043691511416853,0.012898034997949828,0.8977272727272727,-0.6535268674635948,0.680168705260476,-0.3320740367561258,0.33393989958999376,0.6528193768024771,0.6799345591548134,0.6792545744895989,0.3334627320339009,-0.6537704714801984,980
2.3107713828984933,1.9340491828727542,0.6400453626475704,0.564874070805868,0.008531543393032432,0.8636363636363636,-0.34384201427849026,0.8004654663799093,-0.49094572648115054,0.5999123697185671,0.5894724837807899,0.5409504039410264,0.7224111141694622,-0.10852293766066501,-0.6828945409987809,981
2.244167639015785,2.2396175081965186,0.8761062644756363,0.6744050340669386,0.013615629748050103,0.8409090909090909,-0.1918139127591104,0.32472538414808616,0.926153792715831,0.9761485540609276,-0.03465706971813651,0.21431959295247027,0.10169278871582146,0.9451731653027556,-0.3103325060556325,982
2.322762743081929,2.196060153643307,0.8156818248811196,0.676218374197883,0.013506383754999204,0.8674242424242424,0.004227048421749843,-0.6818657336032603,0.7314651416160088,0.763412989927911,0.4746598805235167,0.4380623296184326,-0.6458968484757978,0.5565582801100785,0.5225515687182882,983
4.118005916419626,2.794744122002284,1.5198907489916034,0.6895583969447616,0.008054526535630614,0.9204545454545454,-0.6779760508886611,-0.1836251266714095,0.7117796620277406,0.5133452718497533,0.5747936197962916,0.6372510702313328,-0.5261417169270258,0.7974296881207679,-0.2954332178559082,984
2.8682484277124214,2.0074044569128584,0.9611455165850485,0.5081849531602953,0.013016487442787565,0.8787878787878788,0.34350691295695585,0.732976988979417,0.5871522241952678,-0.5313912021015422,0.6671855161258486,-0.5220027561239143,-0.7743554681668234,-0.1326959709205691,0.6186803603005248,985
2.962504192129862,2.656546072457888,0.9049527867461731,0.734659614026188,0.009323285948953573,0.9166666666666666,-0.5672599280144686,0.684468663625814,-0.4579506770202574,0.4715241306596026,0.7258497533683977,0.5008064793318296,0.6751897276134509,0.06815265254799982,-0.734488970424979,986
2.620929048788437,2.4131593795864843,1.0909153004487886,0.648081364548946,0.012739638035775757,0.8787878787878788,0.4451836092398392,0.5317964226385157,0.7204194048837576,0.2552591797548008,0.6957916690061543,-0.671354380705553,-0.8582856780903994,0.4827696326515448,0.17400912784792646,987
2.0984420927492486,1.8628778717020176,0.7118029601960512,0.7119050348881519,0.0146408247272927,0.8674242424242424,0.8180897078472867,0.26393582073966354,-0.5109472697302738,0.5723997526398772,-0.2878556691661668,0.7677874946277164,0.05556755431138247,-0.9205851379744181,-0.386568558794521,988
3.5300751821085314,2.3744719290823073,1.0689432552888387,0.3357857056869045,0.01127160859598193,0.8484848484848485,-0.4835477035156864,0.7661529441710282,-0.4233099155025444,0.5559120043770066,0.6423535499540665,0.5275829415844939,0.6761238509431868,0.01978845621755182,-0.7365222027788987,989
2.7699087371074715,2.1857739453759555,1.0284452693199115,0.4710804775962639,0.011226937429094946,0.8939393939393939,-0.6970375685485913,0.08372670211965683,0.7121295299199677,0.6908292408232485,0.34446152949359643,0.6356895584501183,-0.19207703677285867,0.9350594066962262,-0.29794348103870216,990
2.1647863780479635,2.1647796186839914,0.8942997060195631,0.6104562489382325,0.013654969122790446,0.8674242424242424,0.4382190744648035,0.438987236592789,0.7843814434851438,0.7138265367698228,0.3603710470969131,-0.6004867890449176,-0.5462743982454348,0.8230570542331201,-0.155439272060464,991
4.747613678327782,2.756443809466671,1.6830240962698864,0.5818601857095588,0.009851388062844704,0.9128787878787878,0.63854073159977,0.7239378901984189,0.2611123612989101,-0.5266982358978113,0.658469109426147,-0.5375940850062159,-0.561119151687201,0.20574830027633015,0.8017561565359116,992
1.7995691580407167,1.7256711740142672,0.6101930429498513,0.5198410503194926,0.01581273995830872,0.8409090909090909,0.7583394072354388,0.30396418474719694,0.5766516433903359,-0.540075085480631,-0.20238628938038195,0.816920248196805,0.36502088361748897,-0.9309380023727747,0.010685984339093874,993
2.373488457828874,2.3734882532868617,0.9213052318516233,0.36853556667348053,0.012470371371166116,0.9053030303030303,0.5666886604636857,0.6417812484908478,0.5167018397368082,-0.3346185447874749,0.7523372295109778,-0.5674672876704516,-0.752923894949673,0.14867925940518742,0.6410928842504329,994
2.42342640386551,1.6030012438117214,0.6430904515401621,0.46657975570354787,0.012987949993226696,0.8863636363636364,-0.17381215401063252,0.7518000986106271,-0.6360707089995857,0.49772829683056286,0.6243964869229699,0.6019929980094457,0.8497387114003524,-0.2119566909708322,-0.4827198809872698,995
3.474432580725414,2.441135530912225,1.1295037163086112,0.613640432076324,0.011826192893179887,0.8787878787878788,0.9296656454747956,-0.10849563882461873,-0.35206602218897787,0.34613722199612434,0.5844451640192244,0.7339024961146731,0.12613806393288934,-0.8041470926457298,0.5808929696740035,996
2.9695141709946062,1.881636066661776,1.0150757640307237,0.47976516940257025,0.013740450312767338,0.8560606060606061,0.2564947042307431,0.7361143922599089,0.6263753413165373,-0.6057043738168282,0.6274367110526199,-0.48933156975882436,-0.7532148951267146,-0.2538873276303803,0.6068019006462951,997
3.9073109457318798,2.215043444595145,1.075623551057367,0.9574092874207736,0.01091115622476276,0.8825757575757576,0.7427762998531294,-0.6655025163940279,-0.07341504648034075,0.5190083729921373,0.503036112161947,0.6910752336938777,-0.42298188748520726,-0.551417328830179,0.7190446803399924,998
3.2547723413456793,2.579358299216029,1.129494901550647,0.6519074773124675,0.010022528809094754,0.8901515151515151,0.6608789528830042,-0.2825763208918825,0.6952622760566487,0.7126352070694713,-0.05423436560969708,-0.699435268793307,0.23535095343192403,0.957710424114785,0.16553148419730543,999
2.2160216392396674,1.9329972102692121,0.762209691549672,0.6348428923279573,0.013532017619564823,0.8863636363636364,0.6551416586020257,0.7518248319771436,0.07449046373011013,0.6075370008231551,-0.5828714936342363,0.5395920816129534,0.449097093950732,-0.3082535383919127,-0.83862480065514,1000
1.9584445738779515,1.289680882595882,0.6272060101645108,0.2731515891452109,0.017980791375183585,0.7537878787878788,-0.5126683230394483,0.7993057416941856,-0.3134988386687067,0.532650086280398,0.5824642846292496,0.6140189270021088,0.6733907306589574,0.14780287015496135,-0.7243612603090748,1001
3.326000405765553,2.932496536352239,1.306956742748369,0.9562953145965232,0.008820526449083788,0.9128787878787878,0.7734571096808847,0.04286159025044899,-0.6323978048390859,0.5874823131410118,0.3260975239946065,0.740624693479142,0.23796771047891765,-0.9443639599888327,0.22704202219772524,1002
2.234088552270189,2.234043996926527,0.7586058312896515,0.7441738385378786,0.015756632529941396,0.8409090909090909,-0.4972352225085383,0.7193975595325555,-0.4849992627164374,0.4449633743951671,0.6913351741303999,0.569265555305216,0.7448253009557012,0.0672519765411616,-0.6638617647579624,1003
2.474830586146713,2.407306860805871,1.043102970684813,0.5846151226306565,0.01170999793505774,0.8977272727272727,0.5396921812437694,0.5296973557509324,0.6543340590362178,-0.4779896984875519,-0.44701394973751774,0.7561113521696677,0.6930066360750968,-0.7208323245044816,0.011939945784808031,1004
2.527063886811377,2.2592134708336524,0.9464586636923885,0.8194796097926628,0.014679379908456401,0.8787878787878788,0.7655271547658727,-0.6334762016898519,-0.11258808644197511,0.5718793965807382,0.589743872253986,0.5702246232015284,-0.2948255943477743,-0.5009092403135247,0.8137369365378526,1005
2.2773989377566304,2.013497609923918,0.7765430387287472,0.4319815579795625,0.014103347194257824,0.8712121212121212,0.6314344297320648,0.688155570836899,0.3573967980761495,-0.4045375470544911,0.68555090892499,-0.6052844986411393,-0.6615435994491049,0.23761704820627175,0.711265213847592,1006
3.193589483977453,2.829895200912086,1.136523669968443,0.7302328874906973,0.010130249890597534,0.8939393939393939,-0.4087863817709771,0.7413310788672823,-0.5322799315999658,0.5798677713600363,0.6613584577177223,0.47577132967758845,0.7047319077610561,-0.11416313726727664,-0.7002283315267637,1007
3.2758657482829325,2.5703404560389664,1.0641987366224375,0.8974123390070277,0.011839294462061684,0.8825757575757576,0.5768333085559343,-0.32094129826771084,0.7511724284121792,0.7714497533814902,-0.08830463774619696,-0.6301329772041382,0.2685677049610625,0.942973474716415,0.19665302904658882,1008
2.5020038714214845,1.9995934542175413,0.9142949069629247,0.2294590023147618,0.012025627360303178,0.8863636363636364,0.5202922756449466,0.6730095282918189,0.5256939439756049,-0.4752160162843647,0.7396314609089174,-0.4765658820148156,-0.7095531592284129,-0.0018646345926734142,0.7046494428911547,1009
3.1274995600219615,2.8681038525080287,1.2588679400166298,0.8291445195267928,0.010051231765523909,0.9090909090909091,0.7677838902697092,-0.323968770914642,0.5527677028502729,-0.35937548203428293,0.49649433435674767,0.7901535539781347,-0.5304311083966873,-0.8053183292485689,0.2647739183177898,1010
4.660355376715189,2.2374131725898114,1.0952374997415424,0.47497866500249286,0.008196911789158788,0.9128787878787878,0.7656930177063844,-0.6108245142457738,0.20151331328749722,0.29528501798478196,0.6121490747666726,0.7335395479563688,-0.5714201263426215,-0.5021622477434174,0.6490856000188736,1011
2.9387235283941213,2.796291136670005,1.237241616740155,0.36116436063636775,0.008948852838303253,0.875,0.6227957871143754,0.5652624337956061,0.5409286353041902,-0.2078149972904217,0.7860668400818906,-0.5821613606422651,-0.7542800106417826,0.2501545599487235,0.607029127540922,1012
1.9805938433731218,1.6310977323915532,0.6633688825969868,0.18226884406667734,0.014914745877706624,0.8446969696969697,-0.5250963438134854,0.7043829148207584,-0.4776175656551193,0.4707171980344019,0.7079375163243546,0.5265451475943405,0.7090127990299976,0.05166412961733044,-0.7033005534780504,1013
3.408407731308822,2.4468360586333158,1.1591302741641227,0.6269346800035296,0.014911740158599527,0.8522727272727273,0.8699296575308068,0.08441515861049824,-0.4858975940927241,0.3449512274529446,0.5999856625426279,0.7218212073789402,0.3524642416289065,-0.7955446472323527,0.4928262093607761,1014
3.299921209007664,2.326532575039413,1.1788886611742833,0.8353561522295068,0.01208096098404842,0.8712121212121212,0.7807825328330907,-0.5875376769568482,0.21255143984196848,0.3537008918596199,0.6960693821919737,0.624806445447383,-0.5150478769206346,-0.4126583251686974,0.7512914155961803,1015
3.2442132941949584,3.244117876664898,1.4400708938103468,0.8457151965212273,0.009241497557272516,0.8901515151515151,0.1873654322102421,0.7122323033255922,0.676475676511869,0.9797665802903562,-0.08617051456204063,-0.18064354559810356,-0.07036791142850665,0.6966346162226185,-0.7139667839063348,1016
4.364360859119366,3.5544626214358406,1.7238571711785322,0.6050543909251663,0.00742102464528387,0.9090909090909091,0.6488667286739243,-0.5064535019447987,0.5678704242940018,-0.38252022890780085,0.4280331761796971,0.8188198059193756,-0.657761539538702,-0.7485268535312344,0.08400777729654779,1017
4.116894563225723,2.5677549369285497,1.4509963344365027,0.6899988680035221,0.010407533782288833,0.8787878787878788,-0.6092977429502117,0.22996364827560561,0.7588629526518945,0.7397005620255329,0.5096058522136172,0.43948259798169914,-0.28565598011399773,0.8291071075931062,-0.48060593542288355,1018
3.765361494868511,2.7086727760859866,1.1441752911584435,0.33788548269821084,0.010262258913192797,0.8712121212121212,0.7641379968156243,-0.5167544430589106,0.3860802603105737,0.10209470670127636,0.6878685455707839,0.7186191862717797,-0.636922124506745,-0.5097074745314313,0.5783843857856168,1019
3.7670754352838984,2.426494077992261,1.1152754688788697,0.9008815420708836,0.009605744432522689,0.9166666666666666,0.7768925641122008,-0.6287970462967408,-0.032437916019135565,0.49942292611144906,0.584037091638871,0.6399042244463521,-0.383424940114031,-0.5133370726515898,0.7677697344517094,1020
3.3644290851248244,2.994989331182778,1.3766166312049777,0.7964574000182119,0.008655572903251623,0.8977272727272727,-0.33544840273067483,0.4257769109100741,0.8403501598984282,0.85542186830234,-0.23600160438925882,0.46103868596445335,0.3946236135047839,0.8735085946123087,-0.28505251937644105,1021
2.4850499262432635,2.382015191934311,1.0164959299322165,0.6133288646807027,0.01568871473145118,0.8712121212121212,0.9327012777677189,-0.3538341958600686,-0.06978315191020652,0.30466485344422534,0.669479510421944,0.6774780529293939,-0.19299651169457185,-0.6531451193764312,0.7322252382351171,1022
2.7495600730862564,2.085028466314401,0.9287550798388081,0.6383141518971684,0.01198839625502239,0.8939393939393939,-0.6345581717360904,0.7258378780937418,-0.2655095128377227,0.555420342898394,0.6671540146661094,0.4964008092353629,0.5374422474811418,0.16752580529359415,-0.826493154952388,1023
2.429674192396565,2.0837659596507248,0.892670704774406,0.37385141819185924,0.012239040446065217,0.9128787878787878,0.5091360445912771,0.698117250361421,0.5034012245175393,-0.4913105669490507,0.7159645594662741,-0.4959926172761712,-0.7066784381188883,0.005201378285906361,0.7075157459461772,1024
1.884045745657054,1.3544813073355642,0.5541853480069553,0.313078163422396,0.016137454512064407,0.8371212121212122,0.71345091730365,-0.6866027600687488,0.13987293685540753,0.4789147203640749,0.6235275166239334,0.6179434655624981,-0.5114963139820076,-0.3738851239067513,0.7736804475389389,1025
3.6428288487880205,2.872910796234344,1.3925179926857645,0.8898835600369106,0.01038343416200675,0.9015151515151515,0.16337200682220776,0.8430236013006902,0.5124654086247185,0.584158763338022,-0.5012567665942786,0.6383574180338487,0.7950271231865473,0.1950714269016968,-0.5743509482922952,1026
2.475323956616471,1.643136499418808,0.8442523757820485,0.21061425393293073,0.012760180322970112,0.8560606060606061,0.3916611678992239,0.7343193498428863,0.5544155679687727,-0.48525395312505487,0.6767935918885981,-0.5536054867457842,-0.7817481247411617,-0.05220657453664729,0.6214051359932797,1027
4.356206848197193,2.1749705092098193,1.3011157395056574,0.7936562037893744,0.01418858634482026,0.8863636363636364,0.8335962081575109,0.5283681825444266,-0.1610727333229286,-0.5104742151870159,0.6254809140375489,-0.5900760135812609,-0.2110294703936395,0.5741086045770885,0.791116851530751,1028
2.335267762007178,2.335241204045137,0.8932241081508572,0.5813166327965806,0.012328590121162261,0.8977272727272727,-0.5972088619586216,0.6401838860532747,-0.48322475850872515,0.23238749315846027,0.7147226074516293,0.6596723788526171,0.7676832864024163,0.28166680037816316,-0.575609403452648,1029
3.1204330573090404,2.707498481055047,1.216791750191768,0.7234867196546935,0.011062029408830831,0.9090909090909091,0.8495124953794968,0.19750972557308183,-0.4892018279791546,0.4618352965326194,0.16982707630109764,0.8705555255304791,0.2550228991105073,-0.9654784681488588,0.053053260693429125,1030
5.723049542204011,2.8598953291071356,1.9784476431075666,0.5193557982351314,0.006644920358257475,0.928030303030303,-0.3591845495792471,0.7701602428611319,-0.5271049797332935,0.8218608710958849,0.5286318124886753,0.21235139600777606,0.44218906352946663,-0.35693361727500594,-0.8228409475432741,1031
1.8433548371821624,1.4502794312219764,0.6136121394478953,0.4471282902801894,0.017816516641525674,0.8143939393939394,-0.5839576186643407,0.06733173753869688,0.8089869818012478,0.6987630941157029,-0.46554094870611673,0.5431406478801399,0.4131871705483143,0.8824613658386575,0.22480725054243567,1032
3.8247548190017486,3.0279321131461843,1.4401396336576535,1.0925399867496601,0.009826335903272764,0.9204545454545454,-0.5664729321973005,-0.03126734103242785,0.8234869582892946,0.6842204359534647,0.5390943158815263,0.49114123590661773,-0.4592938189345066,0.8416648216297216,-0.28398858413599254,1033
3.9392087478582427,3.9392087478164743,1.7184048511976762,0.8808220399567882,0.008554519609041605,0.8977272727272727,0.7471918279193853,0.4884507110595502,0.45068866765862603,-0.5477344115309588,0.06850010043715145,0.8338433609887017,0.3764191635867147,-0.8698986372592613,0.31872397804237784,1034
1.958501713227822,1.9583430538952662,0.7419501142225158,0.513935296302345,0.014580049183794838,0.8598484848484849,0.8720555891131258,-0.4872752570084352,-0.04562755093058004,0.3959519548968898,0.6476631083312514,0.6509643212343003,-0.2876475254715233,-0.5857433926337243,0.7577358240680219,1035
2.3500814850387353,2.0507463895131965,0.7860192274706341,0.6867371719944037,0.017222589531063755,0.8712121212121212,-0.48744741933678337,-0.3696987705617941,0.7910232818489022,0.8719734992991796,-0.25316984016266253,0.4190074564395671,0.04535669632869885,0.8939954424252451,0.44577451589456796,1036
2.5200577440962504,2.5200577440962424,1.0212098250393458,0.8527418553437971,0.013282096808443713,0.8977272727272727,0.7719463831828521,0.4990601866571822,-0.393748284548151,0.5953442359333668,-0.35042550043954335,0.7230264237098195,0.22285426231469993,-0.7925534043428204,-0.56762230314953,1037
2.557861413808727,2.136082827155975,0.9841682873183143,0.7596314229940259,0.016477240412728765,0.8371212121212122,0.9340438191504209,0.35715793742054713,0.0005929961183887145,-0.2943920752078463,0.7708357299059228,-0.564929715588781,-0.2022262346030149,0.5274945357422235,0.8251388154731194,1038
2.34556695651677,1.837375686459341,0.793979080176088,0.24107838269224924,0.01370402718603944,0.8787878787878788,0.5227408040557084,0.7245244154437954,0.44922869810489385,-0.4999806146391957,0.6873758546315498,-0.5268147866703806,-0.6904791356443751,0.05078194458046076,0.7215675694932688,1039
2.4179256247226846,2.4179256246137277,0.9115827390961,1.0152506985450342,0.013355113385049362,0.8446969696969697,0.12002726282378967,0.4744263153691948,0.872074037834081,0.6974196542216435,-0.6654563609427535,0.2660331888809946,0.706540361256448,0.5762703384402472,-0.4107471423510708,1040
4.316770085365319,3.330468737708849,1.3258395577530833,0.6146862523072611,0.009240307453825555,0.9128787878787878,-0.5636455340783108,0.693738886202986,-0.448363769369712,0.49249580699090617,0.7180145823527831,0.4918362935216701,0.6631376870680417,0.05640405391989772,-0.7463692053477617,1041
3.1379651972164972,2.7382620972508063,1.068110878857861,0.8106281965582046,0.015072367422900556,0.8825757575757576,0.9071037757739417,0.3259457318478462,-0.26631207232649123,0.0196601726428983,0.5992085340412525,0.800351554220884,0.420447639532332,-0.7312376580991334,0.5371361743444442,1042
3.309402378380498,2.3867837187762704,1.2055131240733654,0.28073890079362396,0.009380608412770386,0.8484848484848485,-0.5104458993471267,0.7130517415333744,-0.48062687995567316,0.5136458844955412,0.7010890390366193,0.49461304540368006,0.6896469308135116,0.005601181922738674,-0.724124117524456,1043
2.7966792881269233,2.2955075580724573,0.953000380614354,0.6140458456971141,0.009918382657538324,0.8939393939393939,0.7723959410259982,0.16766062315389232,-0.6126127861302041,0.6326120167336302,-0.11708708210460343,0.7655668824396985,0.05662637698786541,-0.9788669626909872,-0.1965017119043745,1044
4.1437088857703435,3.2065829663488072,1.3430250877060304,1.519495375148705,0.013727346492625768,0.9090909090909091,0.7682074814038153,-0.6333025709428032,-0.09372896645350612,0.5063785884363852,0.5115009834020041,0.6942243651385025,-0.39171161673912713,-0.5807706928005394,0.7136297441219787,1045
4.252060046475047,3.819584663880637,1.7364980962385652,0.7572441915669457,0.00684571741555177,0.9242424242424242,-0.5191643157982007,0.6993400474165519,-0.4913165082522684,0.37707744381297326,0.703307092259271,0.6026373165887451,0.7669947943560376,0.12760341710637854,-0.6288373027846833,1046
2.3262385100757195,1.4327730541891657,0.6504578911947789,0.35263103255860645,0.016473897501494167,0.8674242424242424,-0.225579096841271,0.7271196292853944,-0.6483911749678176,0.4773658139240196,0.6626697021211286,0.577053503227693,0.8492561161186506,-0.1793485728924692,-0.496586486562512,1047
2.742797545325572,2.0297365513947065,0.8780999249598884,0.7736963503948301,0.013811174788365395,0.8901515151515151,-0.6185499993268933,0.6739852672228155,-0.4039056299425528,0.3007982341821927,0.6779959528050897,0.6707025497884984,0.7258900196624658,0.2933689614572552,-0.6221079743966608,1048
3.4012550925763536,2.3814986869420736,0.8898434098557868,0.3229421855774485,0.007145452490145082,0.9015151515151515,-0.4852737007163161,0.7355906317944493,-0.4726688669770143,0.5079876115254252,0.6771813844095803,0.5323288073604677,0.7116586414354744,0.01821524156763471,-0.702289244574376,1049
3.1891224167972365,2.8608695063944403,1.1904775648665682,0.9751604301442182,0.01006839858540006,0.8825757575757576,0.7011182456507515,0.47018001729761816,-0.5360633889286078,0.22808817652727212,0.5644090212087738,0.7933588346433271,0.6755804832468715,-0.6785080752004102,0.2884749599943783,1050
3.303791075648006,2.5260224415187897,1.2574063734394683,0.5101176035335776,0.010486001674431644,0.9015151515151515,0.4143293206270426,0.713991794560512,0.5643996202771517,-0.4839077375402181,0.6980350582427738,-0.527807122927225,-0.7708206766929911,-0.054431376652323615,0.6347225453836441,1051
2.3943152333035234,2.394315233302061,0.976682435579468,1.1640363827174778,0.030075382066086065,0.8371212121212122,0.18975127842066103,0.8956998906077329,-0.4021394761808644,0.9057868143595972,-0.0016472550665133307,0.42373049628630527,0.37887293288122004,-0.44465603843424983,-0.8116257192905739,1052
3.154381697069053,3.154381695624428,1.318642180248244,1.0062563772035809,0.009779356796268127,0.8863636363636364,0.5677050958065929,0.41763975370901446,0.709427910585072,0.7815394425744675,-0.0026510417538159205,-0.6238501997098422,-0.2586639207458546,0.9086088311806645,-0.3279069502235184,1053
3.356919731580237,3.2372257572889667,1.0985084410826076,1.3039541842210491,0.014080341783265336,0.8901515151515151,-0.6226499955729218,-0.07171517124215933,0.7792072363798659,0.6964125109171344,0.40328664625180477,0.5936071896406443,-0.35681451435042916,0.9122591820139052,-0.20116308602770028,1054
2.738728432910897,2.4877137240552796,1.0589623791949154,0.8617961538571777,0.011192820052647684,0.9128787878787878,-0.1420648740941092,0.7106849640784951,-0.6890170196601627,0.593687037774744,0.6181568611776208,0.5151871467314392,0.7920563570396204,-0.3358704762431193,-0.5097428277684205,1055
2.1387418668326825,2.1387016470706453,0.8862032117056825,0.732094740978365,0.014554254745079553,0.8636363636363636,-0.2657227788595147,0.5170261614203516,0.813680129536241,0.8815618554520639,-0.21128604771824552,0.4221455922445689,0.3901795737953128,0.8294830645929667,-0.39964702644504724,1056
2.5899325745786954,1.9288172656427636,0.8665543434494434,0.6585206544502095,0.014256458324884163,0.8674242424242424,0.4118176119422477,0.5603981170766894,0.7185820794252286,-0.664301948166464,0.7244049080142047,-0.1842293432305832,-0.6237861622033825,-0.40148658710078067,0.6705962602205163,1057
2.2534194228194724,2.2141068031653255,0.9139921195782055,0.7928683498869431,0.01285827624303427,0.8560606060606061,0.8318297585856708,0.19503804141804135,0.5196339241534554,0.018244891732234404,0.9261107122844184,-0.3768103933249801,-0.55473090472497,0.32292276319866575,0.7668080022738122,1058
3.067338174039778,2.7342941993846734,0.9896963426123028,1.085591830154218,0.012108457236779599,0.8901515151515151,-0.5172787101596348,0.7332488739800519,-0.4413262113477632,0.4067334429666637,0.664349699970269,0.6270625028830039,0.7529878102519777,0.14486395326788334,-0.641890794960897,1059
2.8700883848788483,1.9323666076511343,0.9571887710381584,0.5111605477955448,0.012351393611773091,0.8787878787878788,-0.2547822708163815,0.7899263506741498,-0.5577655017910914,0.5709727544860127,0.5884082331895398,0.5725083970994834,0.7804332822940752,-0.17260391544047946,-0.6009424101045893,1060
2.8597071879685134,2.0729243736768996,0.738510805859687,0.35089701236545057,0.008544490428265475,0.8977272727272727,-0.49211129109723284,0.7437039505975572,-0.45247200028311213,0.5375456029030078,0.6684381600799639,0.5140380831694812,0.6847417045676832,0.009739610592764736,-0.7287207544809224,1061
1.9758448127059545,1.6860784077887152,0.7017679494658386,0.32514840633196535,0.015557463940538195,0.8295454545454546,0.6592324909236138,0.653886929363939,0.3712740315691988,-0.3900778496216957,0.7195111030069462,-0.5745807548850217,-0.6428466334555709,0.23395652642473258,0.729391903984485,1062
3.15478117141411,2.95671147146247,1.262684226822966,0.5171827796111997,0.012572925548961493,0.8977272727272727,0.015791802062416458,0.533809159989657,0.8454575091030646,0.6857113907771142,-0.6211766239086891,0.3793935825339152,0.7277022107607873,0.5737485360508905,-0.37584851979663686,1063
3.5396748868198813,2.748469970187743,1.1000116972231413,0.7282618875540705,0.014119782780683182,0.9204545454545454,0.8702568816252584,-0.4823784392335112,0.09981984445250831,0.31661998447787615,0.7029935733517119,0.6368295072116404,-0.37736553288967806,-0.522600303471815,0.7645156488902346,1064
2.6266161931494,2.232043723416008,0.8505191471928633,0.7225220734366196,0.01845666295808207,0.8712121212121212,0.9089370603510825,-0.20159765893468273,-0.36495452351270835,0.40619651680860425,0.6255443811888347,0.6661070611362974,0.09400962744788405,-0.7536926502727308,0.6504687378129536,1065
3.4406877702853627,2.605751122140888,1.178173339569187,1.060403668914505,0.01171173030744542,0.9166666666666666,0.25373537485880016,-0.41007228865150147,0.8760474174526078,0.731132582013032,0.6742827696549123,0.10386478741834351,-0.6332957500759193,0.6141526395177507,0.4709066025329848,1066
3.0775965358761006,3.006506613621075,1.2436303089386491,0.6011956766224804,0.00941622643675787,0.9128787878787878,0.8504831131172951,-0.14179228855459888,-0.506530770248722,0.4849299800553088,0.5844090385534964,0.650622002471893,0.20376797772435196,-0.7989749824390169,0.5657893501036411,1067
4.1033805055424555,2.2810607947419475,1.1849695045896076,0.5202131704337152,0.010886482995697385,0.9166666666666666,-0.5139996118081832,0.7500968415295987,-0.41612393272720694,0.462702712893464,0.6509327513404426,0.6018245198672036,0.7222953679361828,0.11679589701561296,-0.6816510250107841,1068
3.3058331450761473,3.304729758428946,1.0610345922366964,0.9009290866446996,0.00791058566593146,0.8977272727272727,0.4135586281493119,-0.557437761959639,0.719883603525381,0.8445416988853551,0.5302739747714592,-0.0745575651689087,-0.34017433754928866,0.6388056458904435,0.6900788120580112,1069
3.0506249170304063,1.960863749686157,0.9750596844180675,0.752268247135743,0.011743741579469056,0.8371212121212122,0.7482444681678747,0.11487443712481618,-0.6534019280285536,0.5005143746115652,0.5487051842672116,0.6696327213969455,0.4354487072702918,-0.8280860368666666,0.3530693117265925,1070
4.422776837438776,2.8740500493203625,1.3844331602556075,0.7228494127964722,0.008738882436686277,0.8977272727272727,-0.30247264199611335,0.8236476419916241,-0.47970289001164934,0.4645219650009807,0.5668458699571142,0.6803712984423947,0.8323038176504532,-0.01703882490666342,-0.5540577890168871,1071
2.5866732285679745,2.312435169486173,0.9841484637829672,0.8648534055710766,0.012266291007569105,0.8522727272727273,0.9058882485375669,0.18037347210695032,0.38318649731119525,-0.34607804120131175,-0.2062617476052844,0.9152519220810613,0.24412388363247572,-0.9617283930689045,-0.12442679536699595,1072
1.4793488260449696,1.4299109275235335,0.4855911336353076,0.44757808365890495,0.016567021915940866,0.821969696969697,0.7407784518978021,0.3623455652413362,0.5656438601751391,-0.5604083066138137,-0.1309394772466458,0.8178003320961742,0.37039143494704824,-0.922800381798963,0.1060643213788446,1073
3.4445214911617454,2.37573518446595,1.2857788623910293,0.45884665842918815,0.010727293889405085,0.8939393939393939,0.6539418062771766,0.6855205974653819,0.32003378642519836,-0.44972446649646786,0.6924043054973937,-0.5642022527100891,-0.6083650369945753,0.2250284163819708,0.7610875071785184,1074
3.920653278273377,2.6022067387438104,1.226292802683804,0.6340171155059448,0.010975386862021624,0.8787878787878788,-0.42662983625011885,0.7825144440383951,-0.4534954549854696,0.5191089779010343,0.6224642513237282,0.5857167616574875,0.7406165349786218,0.014470683994612182,-0.6717720948513624,1075
2.3124258666603095,2.312407796977804,0.9532432525694452,0.8820365570261137,0.013977099355282841,0.8598484848484849,0.9212643171631923,0.373701570124348,0.10779236711583011,0.08008528068138086,-0.45347210556527107,0.8876651380404572,0.3806026875102452,-0.809141635290631,-0.44769566482062567,1076
2.344998442031473,2.3442205286317943,0.9286354355248675,0.8111485770797594,0.012682798615960224,0.8825757575757576,0.8970907362332435,0.4384202904900208,0.05491684487607723,0.14567452456839547,-0.4108130568686976,0.900006425087048,0.4171416352466741,-0.7993874412278705,-0.4324032550188409,1077
2.8356073350556876,2.0866796944533843,0.9550718439296035,0.4922500053212393,0.012283145584938192,0.9015151515151515,0.4876106790986082,0.7217176675627426,0.4912834558142467,-0.5366333783224048,0.6916240151683962,-0.48340546016013175,-0.6886656974899192,-0.027925435898848022,0.7245410458563286,1078
2.930950632677473,1.8249576031476382,0.8428227103091872,0.39757694757522877,0.014359522945248284,0.8674242424242424,-0.4722495582309358,0.7529597413475814,-0.4582924641104951,0.6009088870669406,0.6553890295689099,0.457573741996515,0.6448944597332626,-0.05930301704387303,-0.761967379862706,1079
2.31327371392117,2.31327371392117,0.9502192270621129,1.2877361341724864,0.0329334416042391,0.7651515151515151,-0.005321997844893978,-0.3699311559817575,0.9290439258576204,0.7129923493245267,0.6500153391693919,0.2629105715812747,-0.7011516142344901,0.6638004208182616,0.2602987037575637,1080
3.0965264751532273,1.8199212564176253,1.0233253547384382,0.5064221783193702,0.01329554531051916,0.8787878787878788,0.7548011614126998,0.25502181233504695,-0.6043501319296517,0.6444476232889454,-0.46011255675381085,0.6107239113991696,-0.12232116565529008,-0.8504471237830247,-0.5116416930645037,1081
3.373154563023024,2.251816285878774,1.1702500125460555,0.5642379902378191,0.009884998539043326,0.8712121212121212,0.681487602792796,0.6656598319379352,0.3040914917982553,-0.42251232791636656,0.6971500032224561,-0.5791935822897404,-0.5975432871335944,0.26623084184836565,0.756348569675576,1082
2.740748693759115,1.7517743164009922,0.9001240831076117,0.49257163518019087,0.01873381222164227,0.821969696969697,-0.13496896710153763,-0.31145440256504603,0.9406272019468682,0.8819412790348745,0.3949288750029033,0.25731452353738393,-0.4516225838616508,0.8643074330420811,0.22138135182154525,1083
2.4931934897707997,2.255471433757579,0.9496235410783926,0.33653070679658226,0.012441009889629972,0.8825757575757576,0.33081584132470754,0.7288014805218831,0.5995075321609706,-0.59930650304962,0.6529742592715588,-0.4630943015533606,-0.7289667993338667,-0.20608983167024608,0.652789695653254,1084
2.323679351811559,1.910633286135902,0.7321270239099278,0.30743010584380653,0.01665250922382295,0.8106060606060606,0.7117402634796517,-0.5876139677923055,0.3848839074283301,0.16140715062530275,0.6700701322015216,0.7245369208387218,-0.6836472255988002,-0.4535590841189478,0.5717609886519405,1085
2.1997798365341543,1.5291811659689503,0.6197441402667251,0.4233622240109163,0.014796139406748227,0.8674242424242424,-0.048460929910619475,0.6805320686202601,0.7311139732296379,-0.5762844669508846,0.5788047854345615,-0.5769586064088011,-0.8158111003310342,-0.4492895769294908,0.364130642268934,1086
2.823435017077729,2.8234350167887445,1.1112497808072201,0.8545366519709873,0.010199720290682989,0.9053030303030303,-0.44654793063272635,0.4270632086421681,0.7862645620094333,0.8679859642118205,-0.006599268222265561,0.4965448777202388,0.21724481945240062,0.9041976915935955,-0.3677379813643232,1087
2.690737859721094,2.1724192739295813,0.9321690805042213,0.6158035237974424,0.012318123161551005,0.875,0.6522851443773096,0.32049629674206437,0.6868815139449417,0.28685333758033194,0.7344275752288535,-0.6150864162558712,-0.7015976433424621,0.5982459866293207,0.3871207645402325,1088
1.7542875439018317,1.5201900048915582,0.5489303451360186,0.5193423456213881,0.017323034954934428,0.8560606060606061,0.821928446780137,0.16495444596529615,0.5451822256180716,-0.47988935630879576,0.716133359690245,0.5068128025615493,-0.30682215382061545,-0.6781910069405555,0.6677702629122043,1089
2.643018282653809,2.643018282653809,1.06028836813199,0.8248170427268942,0.011454541062144708,0.8825757575757576,0.7141235940002434,0.49030445401402734,0.49962889714885594,-0.6447546851595934,0.18273835141975583,0.742225094486264,0.2726149087209448,-0.8521785243095465,0.4466238621577161,1090
3.542386442563857,2.6583165401781508,1.184318231835388,0.37934892736082987,0.0109807222034203,0.8939393939393939,-0.5707057648891728,0.6648817668454899,-0.4818995393634276,0.4923020659401141,0.7467315385500551,0.4472479012871533,0.657216559281155,0.018006816794957303,-0.753486661299026,1091
2.370020382184238,1.4223788075643247,0.6294955685396934,0.5235373487353295,0.015722984067644507,0.8068181818181818,-0.5585899306561927,0.23072228457171975,0.7967085519633365,0.5898643187590366,-0.5647878989216333,0.5771262554126477,0.5831272372513976,0.792326862244171,0.17938999008266585,1092
2.367925519704591,2.1265375495545324,0.8887460845273649,0.6469972623735023,0.013396743721267524,0.8636363636363636,0.409330814618049,0.18462814153498713,0.8935103432851023,-0.6644667715410719,0.7314327161265944,0.153264775135899,-0.6252457066801094,-0.6564439283998363,0.42207721467177206,1093
2.2557578973521735,2.2557578973521735,0.8696890867901916,0.54485229831424,0.01394470926229534,0.8712121212121212,0.8331248060970566,0.11856933846792952,0.5402262206159744,-0.552786579582795,0.21059109941393017,0.8062743864719917,-0.018167413104130642,-0.9703569965857461,0.24099220792007803,1094
2.0392072486904094,2.0392072486903636,0.7949386690056224,0.5300967159310099,0.013621527600541933,0.875,0.834594425669895,0.5006766951205424,0.2297280818792287,-0.3186358609729961,0.7789569168340683,-0.5400900941679636,-0.4493588017862069,0.3775565767928481,0.8096466504455696,1095
3.8412666702457656,2.756806818617938,1.32009319027957,0.6442311477375898,0.01105594273415499,0.8939393939393939,0.33203570080920114,0.7941723836077608,0.5089621975185489,0.6710621404837469,-0.5780738721999592,0.4642264553955508,0.6628935789382144,0.1874055052406759,-0.7248801829323053,1096
2.2213193562911133,2.127310593795008,0.8136556511193627,0.8086448004389397,0.016443104084791174,0.8409090909090909,0.5827558041800538,0.09484880220117452,0.8070931652637516,-0.38644686190122984,0.9060261008885576,0.17255586757734134,-0.7148807562252258,-0.4124565543541279,0.5646459909971643,1097
2.5223017876217555,1.712126738619691,0.8240061488838729,0.4337446548696808,0.014779432793618744,0.8977272727272727,-0.6938161834682978,0.024276309290180167,0.7197428459976055,0.6464406918643297,-0.41947496075638757,0.6373030591487803,0.3173854682550101,0.9074422395423714,0.2753453221590543,1098
2.722657857029566,2.530596470038416,1.0703804216947483,0.6749188229850075,0.010988957423491616,0.9015151515151515,0.40934295357222983,0.12118779398828695,0.9042963369100948,0.7693146178237523,0.48699888956199316,-0.4135058649742221,-0.49050317548763867,0.8649541029173966,0.10611802242269984,1099
3.9208001590506156,2.534855150880352,1.3476737876337181,0.9190374473192505,0.00996421082308108,0.875,0.5563978313744896,0.7232167633257859,0.40911974590129374,-0.5342598634043588,0.6884815996605893,-0.49046863843058514,-0.6363865583094295,0.05431942721872504,0.7694553581785684,1100
2.2976238483250557,2.076806481668468,0.8669566449352636,0.5210844290468102,0.012883537214826019,0.8446969696969697,0.5830117378352109,-0.5581717114666284,0.5903741644624894,0.01133852835690297,0.732165796814949,0.6810320724819283,-0.8123846080035411,-0.3903557178942635,0.43319009936307074,1101
2.6022084105172585,1.7043912445458982,0.7783742117745331,0.6545357686025188,0.018509511493618847,0.8446969696969697,-0.6897364440977213,0.08983625099463825,0.718465786026488,0.6297105971075141,-0.4153523048731963,0.6564655563904487,0.3573908246918617,0.9052137376574394,0.22991278255529687,1102
4.4663030471506335,2.6955408826258185,1.1735475291931892,0.5933917269254131,0.008336811604813683,0.9242424242424242,-0.4404017707126783,0.8147756113076073,-0.3770768934467509,0.6266393371917856,0.5797349963675237,0.5207979215305943,0.6429381163354506,-0.006930887754253295,-0.7658867679741965,1103
2.3815343212327447,2.3815343212327447,0.9765226501087224,0.6435645930897578,0.015450587802534234,0.875,0.3038456648224005,-0.2520490023626593,0.9187758771194539,0.20936236468536415,0.9584614420921218,0.19369838480494053,-0.9294327367927097,0.1335026757435161,0.34399392923035077,1104
2.4977980904780166,1.3748684281969983,0.6450592140012034,0.3432546925991024,0.014463304165293992,0.8333333333333334,0.2620570742520472,0.7452659651605277,0.6131107004512351,-0.5404995123300782,0.6396657863022556,-0.5465235209991102,-0.7994913176547978,-0.18816567967529113,0.5704448351829746,1105
3.082038395492011,2.6361027879265366,0.9987228469748712,0.3634638490177565,0.0105107701640886,0.8484848484848485,0.6711524359640755,-0.4249558521018575,0.6074264823531091,-0.454596835877937,0.41130980029207354,0.7900417488927169,-0.5855733297455203,-0.8063726011888543,0.08286798864860562,1106
2.1267743191506217,1.817402155936839,0.7810459821613112,0.3948076817142741,0.013970081334491027,0.8712121212121212,0.7076763254631017,-0.5674566688329299,0.4209360371553814,0.24999502829045442,0.7583405332334855,0.6020150508793013,-0.6608303142328573,-0.3207998825626148,0.6785209879868974,1107
2.147812241113383,1.8978194656507366,0.6343623357567745,0.5355475035440972,0.010990504664264605,0.8598484848484849,0.6860172593021271,-0.5574704034287792,0.46755434896977743,0.32911115633050825,0.810868074732462,0.48392025392461735,-0.6488961139646268,-0.17810029388135398,0.7397392233760365,1108
3.2793502696991523,2.3029813181848175,0.8851481034960035,0.1830600233667946,0.009015676246499155,0.9053030303030303,-0.5081772931191986,0.7342085038041581,-0.45021518377294156,0.46777374908469344,0.6742145032125558,0.5715089879652785,0.723148365430839,0.07982904608916475,-0.6860639656585963,1109
2.8459223751942058,2.712222724569071,1.0292857087312048,0.8864035840356729,0.014022134323532515,0.875,-0.23577431779978678,0.4770920391288153,0.8466366737071777,0.2562164447856568,0.8708906454618177,-0.4194074594812269,-0.9374239193062248,0.11803673092307924,-0.32757247391310057,1110
3.167739990371141,2.5133329878541577,1.0535804254626515,1.2081814158521271,0.013531386019214076,0.8901515151515151,-0.6419316588030348,-0.13200045720619255,0.7553142556073864,0.7667483062544798,-0.10465217173918645,0.6333600538446976,-0.004558539488758853,0.9857097961609329,0.1683906691895411,1111
5.483540999407238,2.8488262174617645,1.8625525988012723,1.3233756324643535,0.007094510486486852,0.928030303030303,0.7016104340576713,0.16493309031719094,-0.6932098344223252,0.5018833035524424,0.5762041324192609,0.6450596463880327,0.5058220521455081,-0.8004910202503137,0.32149366721899647,1112
3.1366521409583648,2.2607479032731694,0.9915292462894797,0.5583296928620912,0.010969327887103092,0.8712121212121212,-0.6263056431603351,0.7441572559184663,-0.23231706740878336,0.5382717810086346,0.6283600166144979,0.5616290406398342,0.5639190820634743,0.2267017158826245,-0.7941042758357131,1113
2.6794113482173394,2.495190398157736,1.0702649279325847,0.7987217812851982,0.017182637405764086,0.875,-0.3911203220467142,0.8720651532182642,-0.29415516691787036,0.5834785757152713,0.4821311221273285,0.6535306670367669,0.7117426819879169,0.08397588712629733,-0.697402613285897,1114
2.003732233467595,1.5010152067471767,0.6093802754237505,0.455677735367944,0.01747419679721872,0.8333333333333334,0.6872188463764942,-0.646423238710973,-0.3314622959544221,0.7051223682729905,0.4838097934383509,0.5183922545083304,-0.1747360951436474,-0.5899704062303097,0.7882906930989314,1115
2.9250145625084323,2.5882085115500795,0.9283754035820502,0.581576066240819,0.009510342895667564,0.9053030303030303,-0.45344096173189663,0.7238986450216175,-0.5199635044496093,0.4868279749804664,0.6898315459742961,0.5358460235507313,0.7465854385132829,-0.010158243675893908,-0.6652119910865635,1116
3.6511415061663963,2.7403734589292075,0.9814627784212819,0.569961370010205,0.00655892502952227,0.9166666666666666,0.7645531570709155,-0.5727534807205874,0.2956550698624119,0.312666073146155,0.7306671034615391,0.6069312239640402,-0.5636474046034979,-0.37158987370698937,0.7377144224170791,1117
2.4941946693379204,2.4782838500039475,0.8438244187567254,1.1312436647587052,0.010822484162540669,0.8712121212121212,0.9165546956327936,-0.05071383074621337,-0.3966807246193361,0.3564993208451429,0.5530747018405041,0.7530050520554223,0.18120630273373217,-0.831586725215766,0.5250026612261018,1118
2.1707128095879398,1.8927429533545619,0.7160546830198763,0.6397897560355315,0.015106778593898895,0.8636363636363636,0.8413579588980458,-0.057866368923304934,-0.5373716296442773,0.3942198882066466,0.7458686720733745,0.5369083755743062,0.3697397256736872,-0.663574718752254,0.65035461702952,1119
2.363666908751677,2.313155869378528,0.852760356524802,0.9796620822835372,0.016680959238199414,0.8484848484848485,-0.429300704304013,-0.6217266644888441,0.6551006487156418,0.5824886309573344,0.3637299991769863,0.7269164205767812,-0.6902230799455554,0.6936544113334001,0.20599916880459845,1120
2.9936206346539738,1.4646935857098575,0.8598744079211488,0.29241096881295625,0.016045834276387533,0.821969696969697,-0.36043354192355403,0.7826847519521689,-0.5074369329463645,0.5372424102294533,0.6188999210767017,0.5730039095347433,0.7625341005537322,-0.06608681224589505,-0.6435637332385087,1121
3.4710603256913206,3.276960882572472,1.2993521405800181,1.3431650863414308,0.012023989785089638,0.8560606060606061,-0.5248389537419583,-0.4150505073932611,0.7431535164066998,0.6397252043833835,0.38360025652284946,0.666034913553518,-0.5615120083414821,0.8249751023565502,0.06418991338298188,1122
2.9781656795727125,1.8904966718677836,0.9067988329187074,0.5189052358459735,0.014063994097790349,0.8636363636363636,-0.010626432725456436,0.7617886042048193,0.6477385285986966,0.6324214436725087,-0.4966434897925317,0.5944647690400795,0.7745516099723188,0.4159607752545527,-0.47649390021166094,1123
2.427177157785615,2.309731588899951,1.0291192685204271,0.5087289950546618,0.011610818661911491,0.8409090909090909,0.6372719533182579,0.6024606467320376,0.4805472158416352,-0.32797277776634887,0.7763057904722708,-0.538315127711871,-0.6973652662401226,0.1854467277102452,0.6923085992701556,1124
3.660270271979005,3.0739952598093168,1.3467212968417535,0.8452112977940988,0.011582756696074075,0.9242424242424242,0.9012765604281444,-0.19723601861864504,-0.38574410505188383,0.42847770784134537,0.5375050406052372,0.7262886376689291,0.06408912158736446,-0.8198696751822376,0.5689519313709482,1125
2.8160055146472436,1.8073901313408578,0.8810787921679526,0.38929689709067705,0.01421712070688666,0.8484848484848485,0.2672737479001287,0.7736658323258022,0.5744614204409573,0.6811296407504106,-0.5733770952074467,0.4553033265666826,0.6816356476700989,0.2695920744070463,-0.6802153756291243,1126
1.8878335558078974,1.2673194488578683,0.5778092556465122,0.225444823342186,0.018883201164841868,0.7689393939393939,-0.5888982686349515,0.6820476710074398,-0.43360097286800875,0.47688481540731686,0.7263889391427489,0.49491411570594857,0.6525179706588056,0.0846763459556378,-0.7530273663041174,1127
1.8680906264263395,1.772378002539863,0.609981122207778,0.5717611755328831,0.014960336922218181,0.8333333333333334,0.021059547307210182,-0.6933541807426576,0.7202891610415176,0.5190861226939559,0.6233160436451771,0.5848304942127068,-0.8544624583290775,0.3615758423639522,0.3730372870438392,1128
3.3047467572119658,3.050932658234853,1.3043010607470764,1.0201010327127749,0.010324498897234446,0.9090909090909091,0.7960323516068106,-0.07852342207544583,-0.6001387900985007,0.49767986029072564,0.6492125016045773,0.575185087099214,0.3444521038639983,-0.7565429267040225,0.5558736800728896,1129
2.8259619588364573,1.9367344964999829,0.9402076903827048,0.26653212456037323,0.012388954975461266,0.8825757575757576,0.5028967717543454,0.6852725364369373,0.5267792590491241,-0.5158114148153031,0.7269701763658558,-0.4532691772234595,-0.6935657296214204,-0.04377114894405973,0.7190623514096841,1130
2.104869355134489,2.104869354831669,0.7681300153495363,0.6274827122380706,0.014394364599576536,0.7992424242424242,0.7164933441824526,0.6975256051429511,0.009763089275703372,0.5347668436190035,-0.558188095101867,0.6343898434340807,0.4479527996430135,-0.4493151240015285,-0.7729516211481009,1131
2.3027160619853824,1.9081062216804274,0.8266731850188713,0.6753366411169424,0.014681018806996925,0.8333333333333334,0.7486138224357073,0.6316020564534139,0.2016337946427085,-0.4332371931794533,0.69621799855481,-0.5723513195008146,-0.5018793473576976,0.3411148498264963,0.7948319192909017,1132
3.005775153036184,2.3778468609043686,1.0923791975661374,0.7587290266962683,0.015055768515159976,0.8598484848484849,-0.09954827961096349,-0.5424456810645168,0.8341719385839768,0.5486352689671182,0.6694661866466827,0.500813704467167,-0.8301141377376218,0.5075112885751425,0.23096062499249342,1133
3.493252907556046,3.3322701018071936,1.473259247361866,1.447577647722165,0.010733993589203808,0.8825757575757576,0.9180186773327778,-0.2115157798832193,-0.33541434514428714,0.3323140336293887,-0.051138098811726755,0.9417814384998717,-0.21635408736869965,-0.976035844480271,0.02334393215680422,1134
3.3746279734129114,2.1718898691328365,1.1767219070608739,0.4328177638122208,0.010904468613810874,0.8863636363636364,0.35337308605232637,0.7561577607184854,0.5507748205565146,-0.5264536041050595,0.6474244569246963,-0.5510791007655393,-0.7732878279002253,-0.09522086683583497,0.6268643567314891,1135
3.4258212341385588,2.9075147088680375,1.2120865760124735,0.7314430549859314,0.010482777505232143,0.8939393939393939,0.8042875189788812,0.06275929418182385,-0.5909169635478365,0.5898906833015821,0.035775166265514746,0.80669022507569,0.0717674617691639,-0.9973872911123713,-0.008247603211693256,1136
4.194388616115231,4.194388616115231,1.651796243618295,1.7645790437768116,0.013397781589364565,0.9053030303030303,-0.38407071756507283,0.8025720644300377,-0.45647318136508025,0.45351761560067394,0.5946241570065522,0.6638854451214655,0.804245892901499,0.04796033049046386,-0.5923582956710542,1137
2.4354371284627527,1.7377150726083368,0.7559521139676982,0.5229795537334386,0.015157458416177539,0.8446969696969697,0.7975778933632308,0.5629789231096518,-0.2166200271271505,0.5663223344943199,-0.5751869902284333,0.590287167169387,0.20772221227200122,-0.5934767547311798,-0.7775839659628874,1138
2.040390641489887,2.0403877143332285,0.7789566938040833,0.5209091662618478,0.014449875798501627,0.8674242424242424,0.7943542293556781,0.13496752546671836,-0.5922711586546635,0.5762176212986488,0.14121650067650504,0.8050038216316799,0.1922878342737101,-0.9807352685643937,0.0344052580901935,1139
2.5330565299956986,2.1237334413717757,0.8606067846973786,0.9247613980312166,0.011837583159058269,0.8863636363636364,0.8002070413331077,-0.5314453310241217,0.2779110489591509,0.5315194955673701,0.8430882604517472,0.08178759637167085,-0.2777691790547008,0.08226813004504543,0.9571187167463444,1140
3.1180589915036285,2.487019252557006,1.1549680601289487,1.0833586262152002,0.010178387027834168,0.8863636363636364,0.7507673508722353,0.6341598719357837,0.18490441230721477,-0.6590986830247866,0.7378043422782938,0.14571780450681449,-0.044014894061874005,-0.23127042470165676,0.971893347934349,1141
3.18922767117967,2.9699047608952007,1.2713425597024288,0.4568400110686191,0.010365159848293875,0.8863636363636364,0.6610799790949553,0.5580608359300367,0.5015389961317887,-0.3479189551324501,0.8202268502482664,-0.4540708257434651,-0.6647748956596946,0.12568220849776915,0.736395491952365,1142
2.768782058453671,2.1930346544541073,0.9957895592860042,0.9425922520791716,0.011112699633983718,0.8901515151515151,0.918102887377071,-0.09718752788423014,0.38424168515875196,-0.3904124963566737,-0.38883069668178377,0.8344991144432143,0.06830205618014489,-0.9161688019910472,-0.3949298107003999,1143
2.823935173030722,2.6885190284895604,1.0602739296753825,1.0068083195018895,0.015494544409403895,0.8712121212121212,0.5581139708636562,-0.5767980871719995,0.5965004293053981,0.4960918219498149,0.8082009246197488,0.31733920280717953,-0.6651328436645683,0.11880754217853964,0.737213041257532,1144
4.627444642054488,2.1940295601114603,1.4498921871916708,0.4764888400387002,0.010102352798394854,0.9053030303030303,-0.5220660334610703,0.7780268804754451,-0.34945848103011046,0.4885023649593377,0.6086283727680629,0.6252495048305388,0.6991512684214759,0.15571023447207089,-0.6978121715370792,1145
3.6261594856776203,2.4116528194429505,1.128408486057483,0.39832458567421264,0.014512502463226207,0.8787878787878788,0.7865076674738583,-0.5651446504964625,0.24903255413712938,0.3188677258957872,0.7169415284840911,0.6199340433602144,-0.5288941882710378,-0.408174434219154,0.7440863987891416,1146
3.4584293677655475,2.9157734041204186,1.309861078279918,1.1208893076187727,0.010433459782917895,0.8825757575757576,0.06865517801071072,0.8072025861175351,0.5862682419315248,0.9602996096167679,-0.21274274135295343,0.18045826601049214,0.27039069196664445,0.5506037694810976,-0.7897622191083881,1147
3.3951815939273033,2.4401826543027916,1.214925368214296,0.9624670521157958,0.030821758370990403,0.8446969696969697,0.9164067762907829,-0.371897536983279,0.1479555418161335,0.15732585420972187,0.6746027870763446,0.7212209476062169,-0.36803151490805286,-0.6376545315879115,0.6767196630657963,1148
3.3943410491991775,3.0197049790089925,1.1255480494871448,0.9839110955505862,0.011709240789890602,0.8939393939393939,-0.6086797922700099,0.6997566691047379,-0.37396458993543746,0.3347427609797874,0.653820003457266,0.6785769573532316,0.719344280893208,0.2878541420973181,-0.6322055033164853,1149
2.4525072030311614,2.170153081621144,0.9764246771550675,0.6057150106877325,0.012134098463534049,0.8522727272727273,0.8268393778535109,0.5616996935194033,0.028811413207744885,-0.44016166679307683,0.6781210861546713,-0.5885656289644762,-0.3501347602234881,0.47396755881876274,0.8079358903221364,1150
1.626310320541053,1.5688015965049478,0.5611510818314286,0.26131094009356926,0.017618198026432393,0.8068181818181818,-0.49404009000693677,0.6715867616688835,-0.5521735334268023,0.443901792346872,0.7409157882255069,0.5039791597967225,0.7475798206326681,0.003875088292930151,-0.6641606699237389,1151
2.470287950662204,1.9116149936889797,0.7956127572189655,0.654195317454773,0.014993339166279965,0.8143939393939394,0.8223004804427536,-0.5682422162671343,0.03037603521580772,0.48497532412941896,0.7277306160347891,0.48498153106194813,-0.29769255087956364,-0.3840689184735492,0.873996688216481,1152
3.0885878616652827,2.685298448673852,1.115133987696669,0.5754934418420489,0.010983512490503933,0.8825757575757576,0.5042320831366067,0.7503720987033309,0.4274245194455706,-0.5662564027462952,0.6609861337834184,-0.4923931531762748,-0.6519997643285952,0.00624855452146264,0.758193420494961,1153
2.8359404602843585,2.2202871763831777,1.0766690782435862,0.8882609210598508,0.011816058268726384,0.8712121212121212,0.6966689150725148,-0.47096842410523887,-0.5411480077275652,0.30711322840569605,-0.48591383172670405,0.8182720898789736,-0.6483316186257739,-0.736258440788627,-0.19388042876366848,1154
2.9786651435001135,2.1499292209867544,0.9176138515052606,0.5537248332928175,0.013505601988829712,0.8598484848484849,0.8040331562628649,-0.5778350648460743,-0.14013322755260033,0.5384524614827032,0.6076532836363385,0.583803420347289,-0.2521896713848399,-0.5448523880101003,0.7997101005530052,1155
3.0468951622181453,2.6398678465621837,1.1385189129070223,0.4160920782996615,0.010258450778146806,0.9128787878787878,0.4391354483828002,0.6711892389491784,0.5972144200305782,-0.44936264318569474,0.7397043877256542,-0.5009098059417295,-0.7779673983418606,-0.04839859810198954,0.6264377884666275,1156
2.3619248491499394,1.4939289770855289,0.4801617440714558,0.19333471524735965,0.0010574013738696153,0.9431818181818182,-0.4335106483571655,0.7628822182660614,-0.479665757391961,0.5310530170084039,0.6463092238028463,0.5479663131558675,0.7280461598602261,-0.017178715924536264,-0.6853128342822439,1157
3.163188227409197,2.441257209692092,1.1203596725194533,1.103908996789652,0.010391758952268477,0.8977272727272727,-0.19939740934332564,0.6971957153748751,0.6885919020799521,0.651540541904189,-0.43054952141502256,0.6245974958839418,0.7319396118549438,0.5731886635935948,-0.36840081504446065,1158
2.756237206813343,2.073580688149063,1.0176891448756311,0.3520900864008087,0.011664862187153074,0.8977272727272727,0.2556575494316648,0.7251010360166843,0.639427638584795,-0.492010127675064,0.666933865803378,-0.559575958123407,-0.8322050538681938,-0.17154505592436356,0.5272637310721684,1159
1.9306162052488869,1.9191188426894927,0.6856735068692159,0.24077097974186454,0.016972489588907753,0.8446969696969697,0.577473112088024,0.582856345675788,0.571667110406781,-0.423667749256873,-0.3846110946718804,0.8201097146692711,0.6978756644668074,-0.7157882271739066,0.024834870328794667,1160
4.043581953943218,2.49784123233957,1.2103936320533166,0.6089836258388409,0.010341436033684285,0.8636363636363636,0.6239223511987215,0.6485989225635955,0.4359361619824652,-0.39671723684625626,0.743479755559307,-0.5383802439378179,-0.6733025572977802,0.162964078013579,0.7211840095381021,1161
2.7406780928837713,1.839315786078877,0.8039470001478647,0.5748662780983081,0.012754221949651711,0.8863636363636364,-0.3048455401164209,0.7951347252642643,-0.5242422773394478,0.6519589886096688,0.5754788305138048,0.49373433423403046,0.6942756468739094,-0.1912717551270614,-0.6938273862052636,1162
3.6079120729123244,2.4124714836339596,1.178512239037676,0.34197762331735365,0.012692714527699269,0.8863636363636364,-0.5887711544209983,0.7264876473833697,-0.35435042813737627,0.48737472252741865,0.6688090128245012,0.5613914714404181,0.6448367293843356,0.1578296631311521,-0.7478471701309167,1163
2.7026536141389133,2.367018225007359,1.0152996193225319,0.91517408954789,0.01277168089879436,0.8787878787878788,0.9100069549786861,0.27721553532713417,-0.3082837797609694,0.15462460770282532,0.46299919989220634,0.8727674212480232,0.38467983126642713,-0.8418926819211979,0.37846814865238787,1164
3.4531208767057633,2.952355137084204,1.3201250121590675,1.3394771046386735,0.013168879051758137,0.8901515151515151,-0.6044085016677615,-0.1370584493724886,0.784796371403016,0.6321466760089589,0.5170128717622181,0.5771379994793348,-0.4848514650102193,0.8449335310471429,-0.22584593197498792,1165
2.0172158433244887,2.0137946532719293,0.6506536426909522,0.15334840401990787,0.011457199500350176,0.8939393939393939,0.5880349442538612,0.5797439009140606,0.5640141077041482,-0.03636248948160723,0.7155595628359804,-0.6976046741476727,-0.8080177434283597,0.3897069686147895,0.44185495914158646,1166
2.3149870299980586,2.3148735465077994,0.8879063557778607,0.35598320592459237,0.015045488533012463,0.8977272727272727,0.5938120655185322,0.5432176349814374,0.5935501932354064,-0.3245848930544078,0.8367317352367769,-0.44104948752777257,-0.7362281426605974,0.06924308119101927,0.6731816379415743,1167
3.1140513935163483,2.7547920832544563,1.010892263171691,0.7910051402274405,0.010716938702651552,0.875,0.8313692301863835,0.15253134572121912,-0.5343775740726532,0.45809929361526713,0.3562571748254157,0.8143868015719596,0.3145953596105532,-0.9218541175033537,0.22630675145390514,1168
3.010287972101505,2.2829157531937434,0.760796420654156,0.32409669382187084,0.005196685044228202,0.928030303030303,-0.49578764213107346,0.7494675290200759,-0.43874028405726806,0.5295956185629228,0.6613141622830438,0.5312175256548216,0.6882754497358348,0.0310161523793257,-0.7247861088504088,1169
3.3027135249630204,1.8157433381276618,0.971477404782213,0.45370829451809497,0.011192374050606196,0.875,0.7717680928260614,0.18945917084958927,-0.6070249035061165,0.594757738573636,-0.5528587934542903,0.5836183572395927,-0.22502720569388598,-0.8114507853722568,-0.5393610846328729,1170
2.444680668537324,2.231373436451983,1.0072245603169456,0.5562778908944086,0.019199707990339942,0.821969696969697,0.9006106852090358,0.18086827126778604,-0.39520508870194687,0.4213262012874293,-0.5865446651225897,0.6917005044995511,-0.10669876192353753,-0.7894631240690293,-0.6044529344284405,1171
2.4787191118052556,2.060896969514185,0.8816147494012315,0.6137616277143984,0.012532053610177448,0.875,0.8387652114475419,0.5434205921046237,-0.03416109105430634,-0.4400986690371285,0.639673406493872,-0.6301833816725679,-0.32060268491874544,0.5436101480851748,0.7756944793678153,1172
3.9144388598655633,3.191289663414897,1.214732148994863,0.6026449142529021,0.009564990378866243,0.9356060606060606,0.8499237161390348,-0.045968146973245506,-0.524896757665981,0.4700860451229989,0.5161432916159275,0.715971516682398,0.2380100563527333,-0.8552678130174909,0.46029140888272846,1173
2.3725590463262174,1.8667890704548618,0.7698622902458916,0.4066795172197334,0.013419337112383526,0.8825757575757576,0.44647326002356486,0.7975681220392383,0.40564358591099764,-0.58762529856736,0.6032240920553408,-0.5392747011010538,-0.6748022944296732,0.0024053005659364635,0.7379946327458191,1174
2.941785571911262,1.5467869246104253,0.9859501423037962,0.3949727303601128,0.009806056178473044,0.875,0.7004802682047321,0.7135032311803595,0.01550912476618535,-0.5951476218017066,0.5960021276705091,-0.5390554443431578,-0.3938612726831614,0.36836748350989507,0.8421274814260533,1175
2.545906834503212,1.6388115473845304,0.7732344749134715,0.5383664139542045,0.015532404969783361,0.8787878787878788,0.5054557253261764,0.7342656078409167,0.45317604402373074,-0.5427474744918928,0.6788504120982702,-0.49455767805856665,-0.6707754383306392,0.004016856484615777,0.741649631697017,1176
2.9376622358299915,2.609266885359371,1.1213860505323852,0.8220061043667901,0.010021325431561477,0.8939393939393939,0.5890313348441298,0.39113251341142136,0.7071473987254757,0.7301003059439596,0.11752884302569729,-0.6731571245389725,-0.3464038536625701,0.9127991717839721,-0.21633779641619594,1177
3.3067834411699084,1.8533211694615157,1.0793878237158254,0.2339200926964858,0.011896938999924656,0.8674242424242424,0.4404500820484036,0.7958370344728012,0.4155082908740717,-0.5588007257959653,0.6052574609228166,-0.5669260576540539,-0.7026702456155783,0.0175162940944337,0.711300010802573,1178
2.715480847115187,2.617179150482649,1.1617530142351988,0.9213206544750498,0.01185290973842806,0.8901515151515151,0.7537045695054887,-0.24532004705984595,-0.6097109941743719,0.5413202000298679,-0.2943698682008164,0.7876032133854317,-0.37269540236789855,-0.923669018212687,-0.08907121784191135,1179
2.28543419588172,2.21932451456964,0.9366901172510813,0.7017681224597179,0.011503188196103603,0.8863636363636364,0.9173453015409998,0.1149581907270049,-0.38113280116702847,0.3682446732726798,0.11868354799289406,0.9221225927403122,0.15123973798889423,-0.9862549517343838,0.06654105373721281,1180
2.1129687816216123,1.4655785275119435,0.6645506398237496,0.267136784929047,0.01764993991084901,0.8106060606060606,-0.37208708091083115,0.793487255953377,-0.4815902603446591,0.5483880527751154,0.6065374233732183,0.5756586641589742,0.7488803294203779,-0.049903193157927295,-0.6608236705202597,1181
2.638765411336421,1.563395503900788,0.8101477429242555,0.4078343199940422,0.015211903753522356,0.8371212121212122,-0.4169367935062353,0.46994013518001293,0.7780231227718943,0.4993559138224658,-0.5967948640964099,0.6280760794033456,0.7594783614766579,0.6503784740711664,0.014158351372678152,1182
2.3976014872548457,1.8307747860270853,0.7732705141201842,0.5901186562086903,0.012805652378451769,0.875,0.5658680356293389,0.6957516539988357,0.44240592470137424,-0.453161039068326,0.7107131650251212,-0.5380816571213797,-0.6887949178990134,0.1040020817957962,0.7174574050482942,1183
2.459847727279897,1.7986395664865436,0.8323342117078926,0.30340577114312156,0.012461412321756788,0.8598484848484849,0.551645611700464,0.6331652754344923,0.5429446132669374,-0.42758390826506826,0.773584932558858,-0.46769472256021544,-0.7161418298663963,0.025847361603665686,0.697476016371702,1184
3.858029931673776,2.7090803847216094,0.9981063331043947,0.7262310684592531,0.004973509322314104,0.9204545454545454,-0.5161904892555976,0.7453196937835845,-0.42195489434347194,0.3937281262426701,0.6440216116069394,0.655907254410741,0.7606086650883639,0.17243757665179713,-0.6258911572717359,1185
3.2172889245372973,2.8137936714003096,1.3483407566281242,0.7092705779465344,0.009452256969119706,0.875,0.28170565774631595,0.8947777814469798,0.3464312979835054,0.5800625141587875,-0.44642077116997975,0.6813486440404699,0.7643097553096532,0.009012041767623186,-0.644786306493614,1186
2.412728973162811,1.5487958131267452,0.607239317987369,0.17736807279850028,0.010384386880610035,0.8181818181818182,-0.4009329897559966,0.7554204078962525,-0.5182593415069113,0.5506814779887574,0.6508356547582761,0.5226498448248921,0.7321220168287768,-0.07584825528135447,-0.6769375116252156,1187
