R1,R2,band_half_width,mse,mean_error,frac_inside,normal_x,normal_y,normal_z,u_x,u_y,u_z,v_x,v_y,v_z,window_index
2.310728947883768,2.2672992029289576,0.951714488071204,0.37757385640292573,0.012154386232268966,0.8723404255319149,-0.5085223174111525,0.6990654766686751,-0.5027051939504794,0.4558290661113032,0.7138704571169658,0.5316096621993543,0.7304963485075667,0.04118773829202707,-0.6816734225650134,0
3.7742304062213345,2.5209348979005926,1.2553378801011292,0.3054613397303943,0.008243094454330909,0.8971631205673759,-0.49423624881619077,0.7179017904220588,-0.49025253662260926,0.513403413988034,0.6961346447065784,0.5018102140696992,0.7015322265309926,-0.0036845281988834855,-0.7126282055815781,1
4.18934528074918,3.839389284548674,1.3969865106951298,0.540706137172964,0.008177482551955285,0.8829787234042553,-0.5425375786906421,0.6552896097871541,-0.5255934769510509,0.5399071643524614,0.7513490437713756,0.37944020385921634,0.6435473794441087,-0.07791111428312977,-0.7614306460090647,2
4.1446037217635014,2.07754671726428,1.1057454013329853,0.2684621731371336,0.010817190606055595,0.8794326241134752,-0.4670115454416804,0.7869581357200475,-0.40323331837560333,0.548050692855489,0.6154685727230712,0.5664264065620919,0.6939313038657298,0.043535371989372684,-0.7187238808478227,3
6.6964167368476835,3.368533053185934,2.180254173354807,0.3416686746189518,0.008070740299673676,0.9574468085106383,-0.6294717797524252,0.7272892043249566,-0.27352457251165935,0.4821474198279441,0.6416422315091983,0.5965141341972985,0.6093432071079242,0.2436096468046125,-0.754556290766409,4
3.3449175016848867,1.4241667496176318,0.7560777990199586,0.21629388445791478,0.011451090532997796,0.9078014184397163,-0.4322440088901626,0.7999207273096726,-0.41628349330585435,0.5670846929971134,0.6000547988700511,0.5642244139714198,0.7011277114384585,0.007814625607592829,-0.7129928918858044,5
2.3193283099021396,2.3193282934174007,1.0220050716524414,0.21407135381034073,0.012512556498072001,0.8581560283687943,-0.533520959505781,0.6791560998070896,-0.5040856850406024,0.49038558013644934,0.7339855453426496,0.4698799868288619,0.689113465666046,0.003494470328382876,-0.7246450304216923,6
3.037740971721691,3.0377408548972853,1.269938861856025,0.42460473736802756,0.010103338705461259,0.900709219858156,-0.5411163503702859,0.6218743016902132,-0.5660966774847311,0.4483951603200762,0.7828510632636018,0.4313768572241461,0.7114315677304986,-0.02040993984209466,-0.7024589374420166,7
3.753781191213491,2.921292732099172,1.3958888271901584,0.3804750076252834,0.008636938140033341,0.8900709219858156,0.5949135110121032,-0.5331697875569867,0.6015046899664953,-0.6971049063122741,0.030305082269656558,0.7163283825062252,-0.40015330063690296,-0.8454653036198865,-0.3536463719088963,8
3.6455074963437424,2.6562547460817503,1.2455312225576425,0.5002900568151067,0.010987215164560887,0.8936170212765957,-0.45400165628664313,0.7778712276287729,-0.4345098955332207,0.5485365767863322,0.628306938722343,0.5516683919537989,0.7021325516001355,0.012113792992434008,-0.7119432112204029,9
2.120272979849561,2.120272972628846,0.8307973490924963,0.2848769073884937,0.01279315289326512,0.8475177304964538,0.6126503864486095,-0.5755237315331971,0.541693583519755,0.3618448335680567,0.8135788783325631,0.45514582844538276,-0.702657683658604,-0.08283624311394627,0.7066897030679677,10
3.2985869359891957,1.668083775334273,0.8665832597359555,0.3125089009960133,0.012335300600459117,0.8829787234042553,-0.4800085430274984,0.7728376193707898,-0.41510698946887004,0.4952044535738027,0.6292904675002122,0.5989708312380796,0.7241300627520515,0.08194828612396216,-0.6847774314476607,11
7.124597620183221,4.323962061514186,1.8710974462072167,0.40987366634268646,0.006368251629385343,0.900709219858156,-0.3953279808806705,0.7803685986415535,-0.4845004001928483,0.5877291158322865,0.6202593602204445,0.5194735916886668,0.7058967870275449,-0.07939254570262122,-0.7038512270011654,12
3.8415290559185746,2.3052409430451344,1.3309410129393233,0.27042064537819593,0.008587821820845462,0.9113475177304965,-0.39376983761397444,0.7331030165782789,-0.5545315879815071,0.6376306090471028,0.6523747900436347,0.4096758959491569,0.6620970634217351,-0.19226830315824647,-0.724334438094009,13
3.2781003439983794,2.5152014345532296,1.2037841728613912,0.24884114269227944,0.009827791949980895,0.9042553191489362,-0.4982344456158996,0.7227843540560441,-0.4789000049421635,0.518787230022642,0.6910698136264537,0.503271619167754,0.6947101893359933,0.0023000491484874708,-0.7192860784184989,14
4.666212216229949,2.5002812618711245,1.6150161130934175,0.2487571937270742,0.00805507303172632,0.9078014184397163,-0.5188237773710154,0.7308393706882172,-0.4435038920759566,0.4916102135642108,0.6794922146005771,0.5446188834557194,0.6993863638603646,0.06453018324206142,-0.7118248165784359,15
3.230247621226307,2.8329675427642127,1.052017978861024,0.26466957519590406,0.008807423710959923,0.9148936170212766,-0.49173257299293094,0.7101948144979625,-0.5038079020003126,0.514820410847933,0.7037586420693808,0.4895750384639997,0.7022528186003367,-0.018630597759220352,-0.7116838340127003,16
2.6078396111880253,1.2756142361560265,0.6722299514443607,0.11686990782350444,0.012536952476154046,0.8333333333333334,-0.4339225954462557,0.791667044476233,-0.4300865864584144,0.5602710150889255,0.6109503079898307,0.5593175402384194,0.7055547964633293,0.0017354703676837613,-0.7086532419527853,17
2.633057813293042,2.3990146042075846,0.9415838289884042,0.4408007830506654,0.009673004952741164,0.8687943262411347,-0.509822852863928,0.6350344708254719,-0.5803549599694126,0.6343212596352774,0.733202472557124,0.24505238993087758,0.5811344063746361,-0.24319818070769508,-0.7766192417317941,18
3.2244427992640388,2.0677085945626934,1.0027550264610612,0.24228333119092132,0.010890851461867709,0.8297872340425532,-0.4864217363013829,0.747293247232953,-0.45271038986705026,0.5178273452025413,0.663903764801139,0.539524449532514,0.7037391100500499,0.028010600188191265,-0.7099061003140213,19
3.1580775221886896,2.1304780884078176,0.9534350148854315,0.2677677376742327,0.011337721331935438,0.8829787234042553,-0.5083422422506542,0.6993538282257648,-0.5024862064669485,0.4888020431518166,0.7147229558753265,0.5002435996146736,0.7089857032085958,0.008678668723011679,-0.7051694501004773,20
4.957458955550489,3.2613068802130623,1.322745498660728,0.5913586236516126,0.0072954858882631176,0.9539007092198581,-0.5395347461954796,0.772354665594206,-0.3352171358726188,0.5244146327925121,0.6197454979864708,0.5838705427049701,0.6587044485661793,0.1392256738549459,-0.7394083183050906,21
4.596486477229596,2.9467498444236875,1.35190649291627,0.3840756129261844,0.009340930419204209,0.9078014184397163,-0.4601090177808373,0.7600629091208516,-0.45891618617728164,0.543294401457823,0.6498321125776375,0.5315537779072503,0.7022327855500191,-0.004753908037894827,-0.7119315383216481,22
3.4171288856160893,1.7283303968691517,1.118928208691175,0.15926482457771998,0.0068459946663582865,0.8829787234042553,-0.47838104367845036,0.7798531621810664,-0.4037085860931223,0.5356304030198875,0.6234306356246273,0.5695913569616609,0.6958819213127105,0.056243115141896005,-0.7159504616866073,23
5.149517483565027,2.824004731361673,1.3950401393725922,0.33893800904805577,0.008005890782565302,0.8829787234042553,-0.47795584970907345,0.7520990407283162,-0.45376782462447035,0.5219087281612541,0.6586752781447878,0.541994610148467,0.706519274470258,0.022224106200992216,-0.7073447560458671,24
3.281566671536232,2.527125060174936,1.185120783015069,0.17933413525515352,0.00941493542164777,0.8687943262411347,-0.521440965941574,0.6949314995601664,-0.4951459683335579,0.5097553667489204,0.7190500717893317,0.47235205126095353,0.684287063379538,-0.006099604808126657,-0.7291872254178571,25
3.309765648789782,1.6949573927936907,0.9346576090595605,0.31221222990751274,0.013211664826599958,0.8581560283687943,-0.46491357026487506,0.7534758400222523,-0.46489733349023254,0.5306619320671524,0.6574726044400535,0.5349090467224965,0.7086983039617946,0.0019831574759426596,-0.7055088809137002,26
4.149673549946719,2.0661899581754213,1.1503776436902247,0.41441789937272033,0.010436659964552798,0.8829787234042553,-0.5696828557953976,0.7221361545497135,-0.392403896648533,0.40157138559634487,0.6611574444579517,0.6337280614806814,0.7170787028513899,0.20344583537143954,-0.6666392772609375,27
3.879385272956118,3.072126148755448,1.2587525825981296,0.318492115741877,0.0075439333913895745,0.9113475177304965,-0.4758672102590776,0.7108793421556423,-0.5178812210310431,0.534267645123481,0.7013773952479041,0.4718345396529121,0.6986476090093295,-0.05215659432542097,-0.7135623365158229,28
2.477662375873927,1.249514762356873,0.7235109341712942,0.07523338184861504,0.012669720098384817,0.8262411347517731,-0.4406409790381095,0.7888543369902841,-0.42842077751196367,0.545349374796729,0.6143269760206508,0.5702599634746768,0.7130424861122604,0.017640905445640204,-0.7008988596466004,29
2.680764101754543,1.9820383338713057,0.9136037044359319,0.253310359200712,0.01236955353285571,0.8652482269503546,0.5152910431178707,-0.5614728840785167,0.6474745873986479,0.7651772478250208,0.6416737767958968,-0.05252183910923455,-0.3859778753936856,0.5224968560834048,0.7602750259541178,30
3.2711733552728663,2.1295966473590804,1.197899125884406,0.3737439829821217,0.0095147555321794,0.8723404255319149,-0.48309821099290406,0.708517800663674,-0.5144109686604339,0.4955558266486872,0.705618678367735,0.5064846526925643,0.7218313800396821,-0.01023752320053306,-0.6919932455658269,31
2.3560728010393484,1.7536911132151451,0.7995200035892569,0.2131181224425672,0.012897653665243435,0.8262411347517731,-0.492565093791002,0.7303760764077153,-0.47321286477644775,0.5055128492731346,0.6827330588912067,0.5275721083575337,0.7084041131998167,0.02064842144880058,-0.7055049646127617,32
4.0853552106681805,2.602253700485751,1.2093464855444498,0.31848080169067405,0.011257337765719919,0.9219858156028369,-0.4818790997104627,0.7250353226331275,-0.4920531619617037,0.5488721617632863,0.6874934866773875,0.4754913835365112,0.6830313926193515,-0.04094492288972437,-0.7292404473052929,33
2.9606121351280557,1.680533765153538,0.8263283391120844,0.4690129744603082,0.016150034203220642,0.8794326241134752,-0.7048662238918123,-0.03892336403363523,0.7082715426648192,0.5804979504957758,0.5421830039645602,0.6075028556987774,-0.4076588474284613,0.8393584228112987,-0.3595715536148928,34
2.559325314537972,1.4501859957263896,0.7237699654351069,0.21316177077954587,0.013318221625843283,0.8333333333333334,-0.43249273905142005,0.7811659423366668,-0.45025526226915724,0.5600161345637694,0.6241053388683847,0.5448618678382925,0.706634247468982,-0.01650140991691368,-0.7073865589440469,35
2.554121134237839,2.55356487223503,1.102652767085997,0.2601325407236847,0.009663626665149132,0.8617021276595744,0.6204462051328018,-0.5340875788278918,0.5742795178987892,-0.658977210039495,0.041975674253229026,0.7509907319132174,-0.4252005917033376,-0.8443864641932314,-0.32590789481444643,36
4.177832593367568,2.9837937645714594,1.476156400590467,0.4472548646407586,0.006921253478645436,0.925531914893617,-0.47826539082013847,0.7579949200838756,-0.4435154079293067,0.524599483650263,0.651598312658645,0.5479188084874294,0.7043135648967283,0.029382649088294965,-0.7092806653469531,37
4.103170933572654,2.9061016376788222,1.4965689370324382,0.510979840261084,0.008646986886498655,0.925531914893617,-0.5534417185189767,0.6704306596360394,-0.49419125328433994,0.39851292237047875,0.7341743764261605,0.5497048623607028,0.7313615486929173,0.10728800314687317,-0.6734980100002181,38
2.549507435606515,2.2914042819959555,0.9277213487741259,0.31441330470350337,0.011954864323249726,0.900709219858156,-0.4668820240644426,0.7636705184429585,-0.44590191170990995,0.5726217488446314,0.6453188091759757,0.5056362005175425,0.6738883500666897,-0.0192606797586084,-0.7385820996068285,39
3.165480385285721,2.64530676042338,1.2190984481753648,0.248262873382763,0.008455442804796456,0.9326241134751773,0.6026323651895915,-0.49956580443819454,0.6223087975129538,0.7586178873806042,0.11661950295265186,-0.6410138785371698,0.24765527123844522,0.8583902950098494,0.4492582420620863,40
2.326034299581462,1.6884250853455829,0.8421602058383779,0.2472216947686613,0.012923868851619481,0.8687943262411347,-0.4495048832582203,0.6946413296921542,-0.5616215656565635,0.6411702846281158,0.6886605285798464,0.33859613477715267,0.6219694735571151,-0.2078944430706182,-0.7549396495769994,41
6.186390929237235,2.8687579821208002,1.9178318656622697,0.4951814473175927,0.0072036543522603835,0.950354609929078,-0.40609823663543215,0.7610937555220462,-0.5057870278159973,0.6198101749338063,0.6361142223695796,0.459558530709277,0.6715054499035112,-0.12686603723807577,-0.7300585177541525,42
4.427263112233424,2.8203902106542826,1.4679747985422795,0.3925150272784376,0.006865004617719906,0.9078014184397163,-0.44985038335009453,0.7590961513840991,-0.47053975980104135,0.5215865204608372,0.6509730141500628,0.551526641715465,0.7249704368271368,0.002677275150388847,-0.6887747802616174,43
2.8647143100796986,1.9806960773582514,0.8820343416792857,0.2285045852552167,0.012341186104106266,0.9078014184397163,-0.5025840461321283,0.6931172378058171,-0.5167182706561606,0.532695056813807,0.7190242202315067,0.44636324576135156,0.6809150115980656,-0.05091822244450597,-0.7305902282425478,44
3.327485381796233,2.5596269033873202,1.0957919690472302,0.34564556444291966,0.01049228961685642,0.8687943262411347,-0.4735992945115836,0.7092154525272483,-0.5222232761326335,0.5579215361212466,0.700378635774818,0.4451890902552683,0.6814890078132141,-0.08051837334904008,-0.7273854025088666,45
3.3669741939924083,1.7613662389601967,0.9716858079782046,0.19949922966483183,0.010021849202715325,0.8687943262411347,-0.47858871101189304,0.7442989450390425,-0.465802453949894,0.5063969679210092,0.6673610662690649,0.5460689682710648,0.7172969793414601,0.025461493318051392,-0.6963022014798113,46
3.6911249845403367,1.9552583631689906,1.19255689644611,0.17128725181138563,0.009471604775844003,0.8829787234042553,-0.4696263323353213,0.752256240273344,-0.46212731681549324,0.5308056275061634,0.65885136615974,0.5330668467624226,0.7054760759834895,0.005042447744603745,-0.7087157963074342,47
2.797848829279223,2.229729919891523,0.9777633111595073,0.316205162402385,0.011265315365461647,0.9042553191489362,-0.5389599290714655,0.6405951565441022,-0.5469552452143759,0.5356496961691151,0.7617794858161131,0.36437812500707717,0.6500781474939883,-0.0965912025081764,-0.7537032186138048,48
3.217638421782658,2.782306704956419,1.1151913688790884,0.5321336900819981,0.0100706484901323,0.8687943262411347,-0.5402949624851294,0.6553063234336336,-0.5278778040238921,0.4488028514799955,0.7550619367534376,0.47797225041792235,0.7117986752001002,0.021332935429563243,-0.7020595073420347,49
3.550857011025653,2.954188257066881,1.2794263387793836,0.28278167043967345,0.008096132716407054,0.900709219858156,-0.5199431534184421,0.6811838209276024,-0.5154102437086001,0.5122674909818672,0.7314952333954566,0.44999637909973145,0.6835503894347725,-0.03005537599496219,-0.7292842652062175,50
3.8228806529285118,2.4249158592854805,1.039772840107471,0.4902326644483614,0.012651072311566501,0.851063829787234,-0.4433886872676576,0.7648020487885784,-0.4674230398384918,0.5218716186578387,0.6442531567379348,0.5590955943956751,0.7287362250104701,0.003961843257747982,-0.6847830445882042,51
2.2834844991767174,2.283484489540603,0.9824449394145601,0.21723732258336767,0.010151425457094755,0.875886524822695,0.5837015882520945,-0.5642847400708995,0.5838451746782701,-0.6749608591846695,0.06250075352485845,0.7352016691884735,-0.4513538461569537,-0.8232110227225716,-0.34438832388363966,52
2.8937484205870176,1.8950655752088437,0.786191679861675,0.2709345089372838,0.010212066017436664,0.8723404255319149,-0.4957720178815924,0.783907922407256,-0.3737625923935584,0.5584320211629065,0.6173610284989421,0.5540929869892232,0.6651043407056708,0.06598279834826373,-0.7438296083758746,53
2.7787390641114986,2.7738871123885187,1.0958236197540732,0.5010611437118934,0.01130764964124912,0.8829787234042553,0.49699329207336257,-0.5293633384309087,0.6875842665152865,0.8525258071258893,0.445659795062975,-0.27310638082765154,-0.1618561578020198,0.7219153710717832,0.6727858360517538,54
2.553609191314133,2.3132264311658846,1.0540661448604745,0.2455699158480226,0.010636151976422427,0.8687943262411347,-0.5185540065354156,0.6493840820329452,-0.5562392078128772,0.5651101646572505,0.7484905609046665,0.34700487321891194,0.6416792377092494,-0.13439566302097286,-0.7551063247344905,55
4.42564356136461,2.6993734778854197,1.4387397225917107,0.28936421149163694,0.008114557245179895,0.8936170212765957,-0.47142617132556763,0.7220602420324562,-0.5063460988941727,0.5900807210969338,0.6849521614646893,0.4273701897589172,0.6554098775415573,-0.09731157886336514,-0.7489782033144088,56
3.596586967455761,2.039189321704101,1.216689044486217,0.21074726425327722,0.01208542932199994,0.8829787234042553,-0.4733618276640596,0.7475652453185662,-0.4659128503296868,0.5275455750389577,0.6641699651239842,0.5296922915089676,0.705424869399539,0.004945848663034269,-0.7087674457913864,57
3.9089882707657546,2.6575924249126093,1.2724589344948412,0.4474873142526651,0.008589454027735347,0.9113475177304965,-0.5197923140448341,0.7439765329114713,-0.4198986410277404,0.4617360811664114,0.6582012436515907,0.5946182928607093,0.71875986366032,0.11519566542420634,-0.6856487563311644,58
4.286238428000289,2.5224126413439865,1.2493396448741885,0.2654302222297802,0.012294034002049406,0.9042553191489362,-0.411849028245717,0.7751426086160421,-0.47909739536025037,0.5287580880552357,0.6314775510602715,0.5671428275338531,0.7421558207339146,-0.019749400366583625,-0.6699363394651243,59
3.269800530147975,2.3746780263969782,1.1086404408604245,0.40248841092048737,0.010183858351080847,0.8971631205673759,-0.50552505478241,0.6637376526748959,-0.5512683080033358,0.5221202999706588,0.7439879125020183,0.4169800695590121,0.686902330281235,-0.07703450183202645,-0.7226554325414714,60
4.414744789834757,2.5687089685617797,1.4511667803484705,0.19980589919859099,0.007154724595637105,0.900709219858156,-0.4651012515495897,0.7504358157421074,-0.46960293041939505,0.5379549556201207,0.660878776595945,0.5233007819302404,0.7030542593077431,-0.0092373749802106,-0.7110762120706302,61
3.0149415420445465,2.5252193401341354,1.0142742613691609,0.537600444819874,0.010800282373641045,0.8687943262411347,-0.5293725186464174,0.6676487611398447,-0.5234595192088678,0.4204262912266082,0.742360999467103,0.5216721960346776,0.736889727264119,0.05608278005443715,-0.6736826045208366,62
3.0910290899730906,1.7352271078520765,0.9538491458636087,0.2696913940435485,0.012781428783974981,0.900709219858156,-0.46307405468574886,0.7796017469625988,-0.4216438497236314,0.5444317450653589,0.625594675553883,0.5587713100041196,0.699397236798937,0.029196199264562628,-0.7141366025534022,63
1.7054280409256648,1.705388627718554,0.5643341555385836,0.27995459978419207,0.014385810020944743,0.8546099290780141,0.6067466911423908,-0.48830946766652183,0.6272258895924167,0.7891117527514983,0.27500478743116763,-0.5492494957297608,0.09571360643721749,0.8282066352530487,0.5521889847376575,64
2.5032752589896847,1.1002922461669222,0.6690687061959737,0.08506767486503933,0.01216773894652609,0.8439716312056738,-0.45617139995189254,0.7855714229059753,-0.4180731914143884,0.559620725937599,0.6185189207185191,0.551596761968626,0.6919048323049964,0.01766024424179008,-0.721772691923375,65
2.8658162147939183,1.8379416829950328,0.9089091679694129,0.45608952252959045,0.013802047030672527,0.8617021276595744,-0.4047303035005341,0.7946374193684685,-0.45248729613966654,0.5633397713287638,0.6064476151313783,0.561132419434771,0.720306659324778,-0.027796795514666517,-0.6930985894456099,66
2.9896196074903956,2.350931593540651,1.065933769309742,0.27797662250233357,0.00983707877543905,0.8404255319148937,0.6152221997723883,-0.5032147790533722,0.6068579166901338,-0.687406915018063,0.03445818628491178,0.7254545930541096,-0.38597069589875993,-0.8634740989399856,-0.32471387769420457,67
3.331858505127669,2.7377473072002356,1.219913501215743,0.29513134412823105,0.009265800421649163,0.8865248226950354,-0.5768860077310063,0.5991228626904447,-0.5552065646998312,0.2960927755379501,0.7868663068804483,0.5414521986016468,0.7612697303573908,0.14796354448961652,-0.6313281136965586,68
4.13767669813387,2.0158373265583664,1.2740731435310173,0.31753266891483484,0.0076364112986054555,0.9078014184397163,-0.4665118343351081,0.7824178495993305,-0.4125397157288641,0.5301906478506101,0.6206829618188955,0.5776249110274537,0.7080004133876214,0.0507441576546781,-0.7043865736276311,69
2.870481099548133,1.8970011808583167,0.9009783230413091,0.30070840294934914,0.011461278193868765,0.8404255319148937,-0.4472853029366909,0.7775833147115039,-0.44192764844384097,0.5741559275469404,0.6284918601920352,0.5247313146126004,0.6857702447901521,-0.019030773884046726,-0.7275692413824468,70
3.051383513465805,2.06262959594143,0.9587285934032941,0.2983484760105924,0.010416593158363633,0.8971631205673759,-0.5200581388332499,0.7462926864992538,-0.4154356247495184,0.5054205298433349,0.6609735306882939,0.5546747513113732,0.6885416619538566,0.07849342524809011,-0.7209363092164548,71
3.585286017811843,2.995221835014082,1.319544899125103,0.29425798314245566,0.008013849648133712,0.8936170212765957,-0.5592875764433044,0.6173593146222192,-0.5532313110131771,0.416339330957524,0.786283991109049,0.4565293493560588,0.7168395694533166,0.02499923948460872,-0.6967898317937591,72
2.832511718174252,2.3715358663901243,0.9544833927805606,0.28533058774047604,0.011250299198784485,0.8936170212765957,-0.5113086340812325,0.6824565114415058,-0.5223184763198352,0.5086654224914116,0.7302051189246599,0.4561359142381328,0.6926925498918104,-0.03245911716780539,-0.7205022116809001,73
2.6583003717659115,2.283276529635796,1.0270601117833025,0.27283952752675145,0.01026987746743776,0.8900709219858156,-0.5906371450478078,0.6098513182980266,-0.5284213588226103,0.16969425536496557,0.7340756891796436,0.65752318761513,0.7888926559335592,0.2986875493313883,-0.5370606346479929,74
3.0405641860297963,2.3154082435621186,1.047266553196224,0.32598419903721876,0.010518023041537067,0.900709219858156,-0.5195207951823109,0.7264025483997687,-0.4499305291391783,0.5118327104573014,0.6862051939300016,0.5168652709647082,0.6841969160110791,0.038233094326912354,-0.728294453239291,75
2.491452274256742,1.866682052649661,0.8779617669435786,0.23942001031406637,0.011985592715781066,0.8262411347517731,0.6254282188796764,-0.4480834463097408,0.638796343267697,0.7258283587134118,0.03362367841983281,-0.6870535946612277,0.2863786596735005,0.8933592073699725,0.34626086970794734,76
2.7485289489395988,1.9371480210321068,0.9263648671124978,0.2006792611721987,0.012538946626061477,0.851063829787234,-0.4744821057070521,0.7568156837981458,-0.44955172352127276,0.5403439194967258,0.6535724246511238,0.5299731449786556,0.694906598059565,0.008550233493668374,-0.7190491732006137,77
3.1637792372449924,2.275125606032036,1.0897508802823894,0.24897858569839607,0.00932097406811657,0.8546099290780141,-0.4835711203863642,0.7227725526240258,-0.493719362291602,0.5179929321151512,0.6909831295283978,0.5042079303084095,0.705579402907302,-0.011922746348522112,-0.7085305599001951,78
3.2723093750832217,3.2723093715877183,1.459021079320739,0.35131671708291046,0.007369284836422141,0.9078014184397163,-0.5962752317759401,0.6071809308408304,-0.5251544203315932,0.34761226694148195,0.7849453579461134,0.5128610892928531,0.7236169980330429,0.12325624634115212,-0.6791070150539873,79
4.100569273624002,4.100540843499886,1.7768973556632521,0.562270895665676,0.0064225587922544115,0.8865248226950354,-0.5391023836841123,0.6381364844620813,-0.5496821327862895,0.4198748688252466,0.7693871268791744,0.48140268333443165,0.7301189727949069,0.028727620698294876,-0.6827159067825539,80
3.6163411438798416,2.2576644388495386,1.1605116450912198,0.4621491136017354,0.011495707381409204,0.8936170212765957,-0.49422406346693093,0.7216960317617482,-0.484662163604279,0.49305433567080936,0.6918693037300354,0.5274602246921875,0.7159888247496968,0.021718754463868423,-0.6977738161740424,81
2.45869565727207,1.946963772924357,0.7533022870818082,0.26480293332369903,0.01181694230434623,0.8546099290780141,-0.5199652950269493,0.6476990964214521,-0.5568859600154884,0.5706471894039417,0.7485162674381826,0.33776498131954585,0.6356082733830009,-0.1421593397397646,-0.7588101507833398,82
3.9775273323034446,2.270512090282588,1.3554878038749423,0.294799390907947,0.010064189363496451,0.8936170212765957,-0.44099823474873573,0.719095254561271,-0.5370498783315754,0.5313733115615525,0.6914251457905392,0.48946263547756214,0.723300048879169,-0.06952181410170924,-0.6870252954989352,83
4.559754066097262,2.9347305185467643,1.20131703472793,0.40199868611649825,0.006217391507915884,0.9078014184397163,-0.48956602127776494,0.7109784776570649,-0.5048115639708559,0.4869968392442594,0.7031707036447965,0.5180589156667249,0.7232974418428149,0.00778240606267358,-0.6904927550521553,84
3.2155960474196257,2.201635171905344,1.1450327632647874,0.29419108276958406,0.010390536918663996,0.7872340425531915,-0.4913522148314115,0.7089251411994539,-0.5059625926445558,0.5136187273520378,0.705011782070781,0.4890339354836784,0.7033980408655822,-0.01958395559420731,-0.7105263294134458,85
2.4166888022718815,2.392478530114919,0.9770374107105967,0.2873278699371738,0.010315250607644074,0.875886524822695,-0.5862949382574106,0.5880112807955342,-0.55722614711707,0.2878038570777012,0.7941678138153418,0.5352255817419032,0.757249750891301,0.1534282149963165,-0.6348484839850426,86
3.7636917277125375,2.6512243707736824,1.1561789926926873,0.21238540263064762,0.010074348222985587,0.8936170212765957,-0.5316259604175249,0.7116896253418443,-0.4592077039760219,0.4574825571865084,0.6975622507313236,0.5514676928204798,0.7127997952302157,0.08309502714022848,-0.6964277912205452,87
4.285414868796246,2.694444543819341,1.390998605015909,0.5861176201101267,0.011858838682748191,0.9078014184397163,-0.4458789749031369,0.7825059452760618,-0.4345991087737582,0.5288654511494433,0.6220310339507075,0.5773895802512455,0.7221449122716462,0.027601420431398266,-0.6911909195514258,88
2.674320632319431,1.4863076664375456,0.7388244135965154,0.0736946176755162,0.015596555897127148,0.8120567375886525,-0.46255743933080795,0.7677683683827623,-0.44336480220084784,0.5357742564732458,0.6405033202770902,0.5501830993538096,0.7063898084062841,0.016947838354618716,-0.7076201024242028,89
3.0378760016946544,3.0378557097638526,1.2385291257158406,0.6277090319131496,0.01082636819165157,0.8900709219858156,-0.5233033133298164,0.7188049019742342,-0.45768237365649933,0.505643422808763,0.6942472237124215,0.5121967603742075,0.6859142593854384,0.03661017980570927,-0.7267608434047056,90
2.925864382162209,2.5830136262574013,1.1402961114515526,0.12750804287401427,0.009228735759179067,0.8617021276595744,-0.544795840841127,0.6377614961899034,-0.5444793529417118,0.4621837197222012,0.7701382050015092,0.43962865514068045,0.6997025804053885,-0.012141629819316713,-0.7143310715623195,91
2.5244958252489744,2.3632783231128824,0.9771639493053901,0.2943659034731756,0.011680749065913031,0.8404255319148937,-0.5796940607386142,0.6306550294930144,-0.515973865345466,0.3454374483686018,0.7637123373175904,0.54535899652751,0.737989000737115,0.13790467578754573,-0.6605713702447045,92
2.5320499516624224,2.0960282450815306,0.7940827230799037,0.1518502357375841,0.011337921918111483,0.8191489361702128,-0.5202834108484509,0.6895880838512092,-0.5037593145603562,0.48928620827597596,0.7241738740146116,0.48597449170258694,0.6999315529298707,0.006361981223422825,-0.7141815920395125,93
3.1549304111000116,2.4949115773235673,1.1960017148127375,0.2781828194991275,0.009509048026263798,0.8794326241134752,-0.5315490225005733,0.6255919911966487,-0.5710431658196229,0.589415226397422,0.7573613581483197,0.28105775932111954,0.6083135109214334,-0.18718555963093117,-0.7713081347270327,94
3.0581053062993946,1.431645655796215,0.8702477613794299,0.15939187934045054,0.014500998057242765,0.900709219858156,-0.4434629217321489,0.7931245865809247,-0.41748536167106925,0.5624195339124027,0.6089150116927717,0.5593807079341826,0.6978716966051437,0.01326268057479682,-0.7160999904911529,95
2.9736039017092173,2.364376173948513,1.1306584302081975,0.2191954328991221,0.009770216111436499,0.8936170212765957,-0.5264028040375688,0.672869133623707,-0.5197568825113014,0.4320445689659332,0.7381920703894846,0.5180829640522134,0.7322824443672167,0.04816218672950773,-0.6792958305782584,96
2.17953023985921,2.179181427626706,0.8002080085918628,0.233921417284671,0.01217125825479289,0.8191489361702128,-0.5256436014583555,0.6368093879159364,-0.5640679105462567,0.39319829957407176,0.7698512930518804,0.5027167033214694,0.7543831264403704,0.04245927517608106,-0.655059774748514,97
3.353194906289278,2.8093472691729264,1.1162191276623572,0.3574644640366928,0.009477518065806247,0.8652482269503546,0.5918353359277982,-0.5676312658921838,0.5722985943796011,-0.04425772756374804,0.6860414693901841,0.7262150892317304,-0.8048429590287308,-0.4551283865664655,0.3809015135744182,98
4.12490679225932,2.376291681430033,1.4516578066931887,0.23145687543177115,0.008339899615067923,0.9042553191489362,-0.4697979773690922,0.7615723394875691,-0.44642740976259604,0.5366092371510353,0.6479195384832263,0.5406022551339081,0.7009567654742295,0.014416774227060697,-0.713058040805089,99
3.8315111618470756,2.3532447305150277,1.16833755925507,0.2193733018406888,0.011612783400535056,0.8794326241134752,-0.4612080828312327,0.664054406109851,-0.5884886150616951,0.6555267568234924,0.7019887862460447,0.27838177934857555,0.5979730557638971,-0.2573781065104379,-0.7590683334651033,100
2.7800452352815643,1.6384932786339574,0.8978433866235734,0.23640394211167465,0.013574125671636414,0.8687943262411347,-0.5430651084296829,0.7662246769810619,-0.34348221553891856,0.517473269696823,0.6275404216114977,0.5817339893739603,0.6612879124523114,0.13817656685896865,-0.737296096026239,101
2.775398051858915,2.067151331944221,0.842310588329005,0.16453813526316236,0.010608425960423589,0.8723404255319149,-0.5065938998059886,0.698759728696921,-0.5050717396873095,0.517481623672851,0.7149800262816086,0.47012374028468307,0.6896197429310371,-0.02320352494246511,-0.7237998387606719,102
4.092777856729483,2.9289042479422487,1.5284750435562262,0.48298849069209787,0.007557418484394341,0.8936170212765957,-0.44170004850842415,0.742327039096012,-0.5038369122787687,0.5230397992230232,0.6693447073977511,0.5276429011247652,0.7289241631173957,-0.030466862417500712,-0.6839161752130432,103
4.58573252591351,2.7923001620886874,1.5832471773820582,0.267536288640214,0.007722411816891351,0.9290780141843972,-0.492744792182888,0.7406069111218189,-0.45684129955077485,0.5196333331809514,0.6715488326209524,0.5282076906413711,0.6979855076030568,0.02288162153419898,-0.7157462277735516,104
4.869254822193386,2.6762184083158025,1.4819529299153515,0.45713535500314445,0.008421558517035386,0.9042553191489362,-0.4855230261363227,0.7561393350726426,-0.43877180521009956,0.5271563626753625,0.6536100558492525,0.5430470183912428,0.697404875507986,0.032360482824564774,-0.7159463937817214,105
2.3785344414184126,1.5952291273876775,0.6657819694626463,0.18602360936123943,0.012755691821113491,0.8794326241134752,-0.47920216324652704,0.7615229552433618,-0.436403569391069,0.5330153608266031,0.6475164815452015,0.5446255881339115,0.6973233911627624,0.02837595398818432,-0.716194731461022,106
3.044554637712355,1.919387441405563,0.7664502641197115,0.251796180820747,0.007425783798771137,0.8936170212765957,-0.4592019068340052,0.7700160832407804,-0.44295467071760425,0.5210280839081086,0.637322353468167,0.567758710676324,0.7194882518422789,0.029924059222043747,-0.6938596444098886,107
3.595413507043527,2.5454375248306493,1.3376577593214098,0.265406999707515,0.00917353799206349,0.8794326241134752,-0.49724492624416977,0.6415281473020042,-0.5841139610929429,0.6681284648425171,0.7126324760694909,0.21391425506087283,0.5534905941311122,-0.2838953861377894,-0.7829760992125263,108
3.5653900026875336,2.364755423375482,1.260068481012299,0.24265976526794616,0.008843337851965222,0.8900709219858156,-0.48030563349217914,0.7431484229807567,-0.4658722140854624,0.5168486733156848,0.6689400075570658,0.5342159817726996,0.7086423267964546,0.01580150976227096,-0.705390930592207,109
2.639094827463471,2.6198708219334175,0.8707088449413033,0.2811604140803328,0.009276670065434747,0.8687943262411347,-0.5197003360332526,0.6525953313834912,-0.5513899656172531,0.601408055980901,0.7378422633420204,0.3064264098076376,0.6068112646681816,-0.17236045916275555,-0.7759329617879409,110
3.071474866700218,1.9293545651901056,1.0083003166157123,0.4191573267317337,0.011306532096875628,0.8829787234042553,-0.42451250514133326,0.7879603464967765,-0.44599061125466477,0.5746323954716551,0.615128579110843,0.5398281589872679,0.6997047542021828,-0.027116849185616687,-0.7139173155464908,111
3.112142879951114,2.426708540097072,1.1768499631648237,0.1996984493700268,0.010073467062660274,0.8368794326241135,0.6421838968773853,-0.39093985397282394,0.6593677829308031,0.7277807223344269,0.04085317924614334,-0.6845920229916956,0.24069703527412942,0.9195091344414092,0.31075374316177584,112
2.866709791181221,2.4021004697341874,1.0663213788047443,0.3252058288754857,0.011782045460196922,0.8475177304964538,-0.5295525508138192,0.7073751075169855,-0.46818217948989754,0.4984611718629321,0.7060679791148369,0.502995496017333,0.6863749384058322,0.03299191012996497,-0.7264991244278045,113
2.736712113807487,1.6715823043796867,0.7492957762446972,0.2148940708280601,0.013657261870336806,0.851063829787234,-0.4725751857575259,0.7503636899652384,-0.4621980382779568,0.5104079813843648,0.6605794312004349,0.5505619925258624,0.7184402454939296,0.02427236817167769,-0.695165063706427,114
2.436934327571105,1.9297605642349058,0.8483823333577462,0.33317710750018353,0.01147556804648362,0.8723404255319149,0.618501835808188,-0.5253451855153596,0.5843525606667037,-0.7046726151431171,-0.04176904238889511,0.7083020913178749,-0.3476952466877592,-0.8498633908774675,-0.39603059512743605,115
4.512303464541365,2.8829465545897595,1.5554480828183794,0.3686542924897566,0.005875048053439079,0.9432624113475178,-0.46641551918604707,0.7239472623401747,-0.5082882300551299,0.5627204910473446,0.6861895901445128,0.4609658288124414,0.6824970420579459,-0.07102258603762696,-0.7274294329037576,116
2.0828847682254388,2.0828847682212817,0.7670486416385027,0.36033853932630033,0.013215494150039385,0.8439716312056738,0.5880507975614632,-0.5820756276875927,0.5615907968792064,0.3881425152099216,0.8122423384684375,0.43543974495427035,-0.7096066849839021,-0.0380834248908794,0.7035680531226087,117
2.4327267218839577,1.9952386425259903,0.7141858933952181,0.5544726061159583,0.010514446145713318,0.8404255319148937,0.6572537632306384,-0.35606732935502877,0.6642541288431268,0.7150823962618108,0.01621963693147252,-0.6988519799888083,0.2380643973290219,0.9343195279687718,0.26527789651718237,118
3.3833758746456994,2.4586909441628704,1.234748074064847,0.40990419022199864,0.00940660668421311,0.8687943262411347,-0.5529730302231338,0.7179175098957445,-0.42286555408420157,0.45731839666790536,0.6857568195196636,0.5662132712603722,0.6964773592263725,0.11971647116152878,-0.707521911051304,119
2.79300079374804,2.1595702204860725,1.054109288210129,0.3754458345389243,0.010399078054474264,0.8723404255319149,-0.5364209446018675,0.6482518329525246,-0.5403907209289703,0.4891149643666892,0.7606066187444384,0.42690060102408506,0.6877638561490511,-0.03531476455881813,-0.7250749930725392,120
3.101369717429743,2.773792389375231,1.1722502814421483,0.4359604847571727,0.010213311658515049,0.8794326241134752,-0.5434753253194712,0.5975458082919615,-0.589553710667316,0.6239288702227341,0.7574001806879881,0.19250384722489505,0.5615579539740112,-0.26321848963647954,-0.7844543906703646,121
5.988898479876606,2.3494100348022764,1.786851744165092,0.21361078390603,0.005962793185612513,0.9148936170212766,-0.44918810317203656,0.7808121871427797,-0.4342376957128624,0.5488202805334108,0.6246652538957972,0.5555084340048562,0.7050009557751933,0.011209325787394753,-0.7091177641065382,122
2.2657107772380165,2.2657107747732663,0.9130185770880038,0.5455709959204843,0.011992397570604385,0.8297872340425532,-0.5754045002631559,0.6071155468056342,-0.5480149394896123,0.402353741594028,0.7934903692413283,0.45660102994468443,0.7120541606522595,0.0422344261018931,-0.7008531412140847,123
2.4637841801854394,2.3485190104246874,0.9096409164188654,0.24585153856013728,0.010825309369191282,0.8475177304964538,-0.5569047600381047,0.6200321660044062,-0.5526456381505109,0.3482133812753721,0.7783712715626757,0.5223845372009739,0.7540587041787088,0.09847982903004956,-0.6493821632340535,124
3.8781127644720224,1.8670065412565626,1.0468863513748285,0.23446911479183485,0.013150678476130096,0.8794326241134752,-0.5002335570212442,0.7747883986829628,-0.3866126300267025,0.5258545904697836,0.6265543343132696,0.5752448312111218,0.6879268406681992,0.08445474184168711,-0.7208495394107735,125
3.247983147906833,2.3233257475429916,1.0924334869540109,0.33871167129084734,0.010338842759528073,0.8546099290780141,0.6161819074053508,-0.4998654906531523,0.6086496104002589,0.7485934881654589,0.13150418633062197,-0.6498572446728527,0.24480123868676504,0.8560614114837815,0.45522655162657316,126
3.801315462431161,2.3150450527937125,1.125261188823784,0.38839517193296863,0.008962936071160934,0.9184397163120568,-0.4317691547781495,0.758223880337035,-0.48854062704018,0.5991607538578845,0.6459623154611039,0.4730106531998839,0.6742268075496658,-0.08848296045442353,-0.7332045947009656,127
2.7738962015341557,2.0661808712765897,1.0084323973769262,0.2343780776499901,0.009356709654058415,0.8723404255319149,0.6069122655337238,-0.48107980515575105,0.6326292144819329,0.7807707663487289,0.21216230061689634,-0.5876939412756986,0.14850761717818167,0.8506170579457306,0.5043769506746004,128
3.1741748560370016,2.0854304685775737,0.8520836418625432,0.17051554764711624,0.00975308762797528,0.8687943262411347,-0.4757759130725781,0.752318650328922,-0.4556906065602228,0.5233504141704117,0.6585310001104706,0.5407783888813993,0.7069240585293537,0.018803464063106734,-0.7070394651019236,129
2.5537117489792363,2.0665662099509245,0.8775139303782609,0.19086502053616125,0.010953154858350904,0.8475177304964538,-0.5329683103726013,0.6662158857200527,-0.5216331793059372,0.4440646911434671,0.744998871504972,0.49777829556538056,0.7202439379947823,0.03366118046895841,-0.6929037413026462,130
4.545616276093356,2.399675203181405,1.4563284733065363,0.3287451106410637,0.009067230676966652,0.9184397163120568,-0.4373793214757319,0.777737634031471,-0.45146816250601557,0.5521182098307117,0.6285149926533796,0.5478452211923112,0.7098343549862591,-0.009647622559566832,-0.7043025712434887,131
5.210783947098977,3.0194598740879965,1.6497233299754797,0.44412467963364044,0.0060737811347092415,0.9326241134751773,-0.5069103081582672,0.7124367021523689,-0.4852585753071732,0.5913458999741343,0.6970036521879054,0.40558098503320233,0.6271777786773634,-0.08136248682887243,-0.7746148589269057,132
4.2811562352197265,2.708037429544,1.4464867105096375,0.3512998835609494,0.007846504319891031,0.9184397163120568,-0.44271675406144045,0.7404541657585324,-0.5056970477312853,0.5790976536200082,0.6666952093994677,0.4692157343222847,0.6845785442482863,-0.0851183069300355,-0.7239524090575714,133
3.915188631455916,2.286323337820957,1.3074534561614344,0.2056715255780935,0.010262817885197034,0.8581560283687943,-0.4734168175993179,0.736744292627186,-0.4827881151140753,0.5274446090345242,0.6760808727843022,0.5145064021522318,0.7054634655420167,-0.011068005081473903,-0.7086598606164769,134
2.6732096930734817,2.298110451362872,1.0481027330389694,0.31734157543150115,0.010933298313203237,0.8794326241134752,-0.5053826649610711,0.7505135039334782,-0.42581432851694734,0.5212054091428355,0.6587861845168437,0.5425363440083887,0.6877014493492762,0.052251732059638595,-0.72411081545553,135
2.993136519729669,2.280668297097953,1.0436365764057984,0.36184992903912955,0.010648328180782344,0.8936170212765957,0.6348012909749523,-0.3896286999986767,0.667245679726647,0.7532137035191452,0.1194473416877282,-0.6468395855192448,0.17232654411757695,0.9131931935253768,0.36929900283024936,136
2.5182017632460956,1.981526252433225,0.9305420500186024,0.2506314152695354,0.011768391776532052,0.8617021276595744,-0.44378783391472204,0.7741929566141653,-0.45130657473417807,0.5488331414933496,0.6329269972572839,0.5460637315748219,0.7084028100366486,-0.005355564572981697,-0.705788053639536,137
2.715319059683044,2.102571919352834,0.8459989536063074,0.3579652424960753,0.012374704031644897,0.7588652482269503,0.6190787498220068,-0.4830190682905732,0.6192205432529897,0.7486007336743641,0.12464744875142332,-0.6511988598438769,0.23735720562271745,0.8666923290230899,0.43875501564256464,138
2.264116894856869,1.8321726401063851,0.7870551855960294,0.43724173232257435,0.013300980151021193,0.875886524822695,0.7385690529426544,-0.12503771545611564,0.6624811874679207,-0.6732027235997485,-0.08395004075671383,0.7346771288088576,-0.03624702709562984,-0.9885939309799863,-0.1461786326939308,139
3.3711958731256395,3.3711958700501525,1.3178974526450786,0.4371573456780182,0.007661193498834857,0.9148936170212766,-0.5439078909840172,0.6465837629719874,-0.5348772229084945,0.5127908078538187,0.7606523274322915,0.39806233701829424,0.664236248262579,-0.05777087703006448,-0.7452870133453491,140
2.627508299809264,2.4249475792075414,0.9034824245688987,0.517873275633149,0.011771396974693017,0.851063829787234,0.5575915464094277,-0.5675949490798802,0.6057455250777765,-0.6933655485759262,0.08278266184151861,0.7158150927065158,-0.45643825805989124,-0.819135522778399,-0.34739187080559497,141
2.7021435088681978,2.1237048990561216,0.9104096114227523,0.26790445342889685,0.011464822119670422,0.8865248226950354,-0.5190874142482057,0.7059704559468399,-0.48182358981200046,0.47492592803595074,0.7069202635680601,0.5241269920888022,0.7106290306821857,0.043237209519988495,-0.7022370856517206,142
3.7655870049683813,1.4879723019043862,1.0636268160290607,0.1935781025144994,0.009574663095177967,0.8971631205673759,-0.43438722346893377,0.7985259741780735,-0.4167301388787587,0.5618621889730279,0.6018328373596809,0.5675456954977576,0.7040018612826163,0.012389690817562582,-0.710090047016614,143
3.324013760682367,2.3616960263327167,1.2197689278823183,0.3580647642253158,0.00846997037684305,0.8900709219858156,-0.4927293040450359,0.7195179959015948,-0.4893993119213054,0.5350711340203703,0.6940404356701422,0.48167079545365216,0.6862337170916695,-0.024530128995824935,-0.7269673708619931,144
3.542246782079183,2.583431519216242,1.2364806265142811,0.27166854068241175,0.008113429973775092,0.9113475177304965,-0.47099661018998373,0.6786349625027013,-0.5635750002071612,0.6016028921330101,0.714364328075947,0.357431905332748,0.6451636640161489,-0.17069913427301847,-0.7447319331086184,145
3.7097492657160425,2.823646738183417,1.2195768116634262,0.40315234910257824,0.007946930472472791,0.9326241134751773,-0.44543450686185654,0.744914573364524,-0.49667935178129147,0.5275740858916126,0.666594290144006,0.5266095671776561,0.7233627609936553,-0.0274650821327386,-0.689921724017354,146
2.9186968215740965,2.670709420946802,1.1463176923765586,0.5385027380870976,0.010317213334504815,0.8865248226950354,-0.4877655710054486,0.7136047618721081,-0.5028448981298117,0.4789582093292901,0.7003343962743009,0.5292738110951555,0.7298518900830555,0.017319850708434503,-0.6833858656086099,147
2.676187710892749,2.3529552701690846,0.8113815792269239,0.3080843999824005,0.009010075225299462,0.8546099290780141,-0.49313015510718855,0.7680204741264954,-0.40861620311298646,0.49664371601314256,0.6341699603527616,0.5925989206291502,0.714260225316108,0.08929172810899072,-0.6941608731574352,148
2.74103598983698,1.9429822041110796,0.8330060895498212,0.5882814171701242,0.012455869502806128,0.8936170212765957,-0.3437836112968085,0.7538038618186405,-0.5599933629169447,0.5518326456588026,0.644679827774181,0.5290261343698047,0.7597983678509261,-0.12715210406578545,-0.6376039386976153,149
2.878910933850314,1.8377724709641785,0.970857692721205,0.4135351136017407,0.013785874608010678,0.8333333333333334,-0.4813663923154601,0.7628229527264242,-0.4317262317058559,0.5011020826808967,0.6436156934218257,0.5784942021438161,0.719154433402219,0.06212875320559949,-0.6920671347080798,150
2.837191860135769,2.2839497916051403,1.1787535959109343,0.30517841919495586,0.010022242131985054,0.8191489361702128,-0.5509386983599797,0.6411947294672955,-0.5341683906342392,0.48652187971865946,0.7668214927613531,0.4186660468610661,0.6780582653463002,-0.029225282592507174,-0.7344269001425223,151
4.0960897290139835,2.554936692537442,1.3080134298999935,0.317702774017838,0.010185331971199191,0.8936170212765957,-0.4770902883119921,0.7413693899398811,-0.47197063940307654,0.5118318919820455,0.6709425958654583,0.5365297264862405,0.7144319219830958,0.01440349657162232,-0.6995566940127521,152
2.5128299599696744,1.8601655787370897,0.863208530213565,0.3068380362748794,0.012802171419525185,0.8794326241134752,0.6169534456053962,-0.4507595671979749,0.645123444415969,0.7497271012827386,0.08734943973457282,-0.6559568194479257,0.2393276406055344,0.888361349878275,0.3918372015067451,153
1.991299320345534,1.9643963133207063,0.7217909284007115,0.15691048882706912,0.014666208219449564,0.8333333333333334,0.5763543821787666,-0.5247799029615062,0.6264356946974241,0.816329338283644,0.3343489896560026,-0.47097469631966266,0.03770991382541755,0.7828261662487545,0.6210967362944015,154
2.8994460899934973,1.02631434209056,0.6462719012676776,0.12071345337112627,0.014901320111082946,0.8226950354609929,-0.41985600917384774,0.8051615856388038,-0.41885051339614854,0.5802812824436173,0.5929921193785835,0.5582418647866593,0.6978499586631792,-0.008669911562591087,-0.7161915022026555,155
2.838915666905029,2.021753123944277,0.9784281641325521,0.5955315824415843,0.012290743997026732,0.8829787234042553,-0.47554814444339577,0.7100912600269942,-0.5192536612771438,0.6514461305863748,0.6809356828711114,0.33458113326500244,0.5911614849264819,-0.179156351341863,-0.7864039041824423,156
4.916115752552902,2.834917633085409,1.757497345227763,0.33453578215445384,0.006323983624440954,0.9290780141843972,-0.42614218992149655,0.7651750600134473,-0.4826074610926861,0.5497173319650576,0.6427055636984865,0.5336107320212266,0.7184801242248318,-0.03790363998916338,-0.6945139488659979,157
2.2814175725443606,2.2812846339467057,0.808399025496529,0.27179019347725925,0.0122524000593528,0.8652482269503546,-0.5746718041288665,0.585266684172775,-0.5720272947479681,0.4755088903773607,0.8076697458898069,0.34865581415829844,0.6660657720611116,-0.07164139844880163,-0.742444541576632,158
4.7185436202801245,2.7897296783622454,1.3121301785973851,0.48958536184440143,0.010195625974961282,0.9078014184397163,-0.5310611790142993,0.7580143867046262,-0.37866636197680925,0.5155321419061458,0.6437084861986441,0.5655669681456932,0.6724586491417921,0.10513598025728205,-0.7326293679956711,159
2.991312511026479,2.4225517142221693,1.0927165797514085,0.22523051430501312,0.009280701789717478,0.8865248226950354,-0.5297189313095859,0.6555653327061393,-0.5381746448562208,0.4996876724839552,0.7539143429658142,0.4265271309518215,0.6853539842882639,-0.04297973969574151,-0.7269406153159201,160
2.9039839178079037,1.8487776112216139,0.8116750719612578,0.23967432420641918,0.01412519548090663,0.8439716312056738,-0.451284160307749,0.7794000147127974,-0.4346012237914445,0.5397731642110996,0.6262295566037815,0.5625668614781435,0.7106247517873745,0.019291435963205567,-0.7033066917395357,161
2.838802284027513,2.2957857752183837,1.0237073678828765,0.3418120622800094,0.01066290827765458,0.8546099290780141,-0.48242736632826794,0.7259120490395227,-0.490219882580065,0.5134192078902436,0.6877752546551791,0.5131918900892319,0.709693281063676,-0.004110491849531078,-0.7044987939449072,162
4.729328407998975,2.728857991207451,1.4813634855056699,0.30891137035748584,0.006771872358278542,0.9290780141843972,-0.4473398874958024,0.7593789663292351,-0.4724728675299625,0.5750598858307115,0.6488179532455285,0.4983386311080571,0.6849767534475983,-0.04877344608519871,-0.7269305318896452,163
3.5390769127496515,3.352951693446521,1.3801907612432578,0.2737383845915453,0.008631879112377642,0.9078014184397163,-0.5846163764269461,0.6156302479339777,-0.5284156415570762,0.23679283125267422,0.7524283650506892,0.6146386829141892,0.7759850819962777,0.23420280377462566,-0.5856587737098577,164
3.641054947202941,2.0015779592001683,1.0144446834099483,0.21880427961865537,0.01181597170223283,0.8687943262411347,-0.4528357580097899,0.7568667335944559,-0.4712669348105783,0.5532679460041515,0.6530296740124079,0.5171526126624477,0.6991669015278443,-0.02655169368057822,-0.7144652905289707,165
2.2578845446106364,1.9953529221163666,0.8761678091541228,0.2577277900342278,0.011852258606226379,0.8794326241134752,-0.5459639317585088,0.5992183736534997,-0.5855431033620369,0.6927523974522839,0.7159407583606083,0.08673491996969805,0.47118733115704964,-0.35828225073828557,-0.8059877962866466,166
2.1107374319527663,1.4868766430578493,0.5743368465046325,0.3294013472734092,0.0134579535728288,0.8687943262411347,-0.600211239717481,-0.18563683980604573,0.7780009199375212,0.5850541814103928,0.5613661190737398,0.5853030712120885,-0.5453971695297106,0.8064781733332357,-0.2283306449123021,167
4.695070430906315,2.039011459389612,1.3555335098469765,0.17090282340258944,0.010727306359524201,0.925531914893617,-0.4627342238681283,0.7744882956778179,-0.43132924537901435,0.5430865203929353,0.6322244501483413,0.5525841800143408,0.7006668747904776,0.02145051264414266,-0.7131660438345677,168
3.5436812920649543,2.7752992481304313,1.172871980542581,0.42372636616413817,0.010515468726020097,0.8794326241134752,-0.4887454165216331,0.7362225488048181,-0.46808575759195314,0.5164577097747479,0.6765778017948253,0.524894191368798,0.7031353723454095,0.01479313184621106,-0.7109021109877667,169
4.52792299370388,2.990472875340437,1.5930596545744924,0.435319961076461,0.00772185664884418,0.9219858156028369,-0.47237022983921645,0.7354027047761095,-0.48584897629780827,0.562376680000357,0.6759115562585978,0.4763150616008865,0.6786743223029893,-0.048233079147642244,-0.7328538287561275,170
,,,,,,,,,,,,,,,171
2.5002035672159812,1.7299797084786694,0.8416153274095687,0.2506369019099075,0.01240336092563394,0.8475177304964538,-0.4957541146134884,0.7562594059418449,-0.42696553580855207,0.4743301969498983,0.6476127144756217,0.5963293019054049,0.7274879532372113,0.0931100583933043,-0.6797733408429081,172
3.647038905116873,1.3837962619674269,0.8675516103333332,0.26009457322560314,0.01147356568653901,0.875886524822695,-0.3801262323788652,0.7968554255304848,-0.46960140359679375,0.5749241177970499,0.6012775622481892,0.5549122019852861,0.7245455860280516,-0.05904848803741636,-0.6866927768862595,173
3.3878084645517386,2.4719209701744873,1.17017654509896,0.5082164391376948,0.011041426383486432,0.8971631205673759,-0.4293554454373096,0.7777890118285015,-0.4590186864956292,0.5331943915359667,0.6285233846568663,0.5662703380666049,0.728942825129598,-0.0016149360111526456,-0.684572676692373,174
2.372081755553553,2.1287295244061686,0.878657717144537,0.23613428368601994,0.011059717620590374,0.8546099290780141,-0.5307845480372495,0.664699992749968,-0.5257772182237315,0.4309411723573647,0.7458714564592882,0.5079030187019569,0.7297653523785252,0.04300802340834403,-0.6823436380522313,175
4.653646153480186,2.407316123689255,1.2241965980381844,0.33932992788417443,0.008567822764100792,0.9184397163120568,-0.4201371700308752,0.7827172045577135,-0.45917157582738705,0.5663039474027031,0.621522672075837,0.5413034336227955,0.7090730551322368,-0.03260898319589184,-0.704380619197012,176
3.3808700248984147,1.990733459301173,1.104216019275997,0.3292359538825822,0.008895958242037743,0.8794326241134752,-0.4471769987943457,0.7330703847633736,-0.5124846756071455,0.5989094595685305,0.6709613405602831,0.4371708347006677,0.6643343969633158,-0.1114391782831656,-0.739081266543105,177
2.274441100647365,2.020985372373599,0.8587820503895771,0.3784474171324055,0.013274831169721911,0.8581560283687943,-0.5744546423652142,0.585636013749619,-0.5718674000714763,0.5348123153758438,0.7974384129631271,0.2794060930852763,0.619659302510164,-0.1453356010422261,-0.7712975508079305,178
2.696531260024661,1.322773571693458,0.830913985740641,0.19413210948763288,0.01308518897099282,0.8191489361702128,-0.43926304205915395,0.7725419077192456,-0.4585051588569606,0.6115744591097506,0.6310092939943484,0.4772881224767385,0.6580460932530137,-0.07075501190914171,-0.749645961400569,179
4.964580284287594,2.6864072179425085,1.4452071949290453,0.30177207475147744,0.010394403675044732,0.925531914893617,-0.41227943028489716,0.6732251948742939,-0.6138350823718287,0.6680853541594836,0.6814929512501203,0.2987127666404611,0.6194252423994022,-0.28694109915254423,-0.7307374184312527,180
4.145998835888752,2.7368143031115975,1.4249216159241238,0.49959448829938374,0.009036615881569945,0.9113475177304965,-0.48596261229281246,0.7485605386443923,-0.45110692683438475,0.5415530455352321,0.663030961632007,0.5168270917713689,0.6859742257002522,0.006860313531711376,-0.7275934976160701,181
2.285324546453554,2.2222079232150698,0.8032311437407418,0.2046629441220091,0.012406909812482813,0.8687943262411347,0.5891917696953363,-0.5553110613378535,0.5869264721233016,-0.6844440542623744,0.043026590041359704,0.7277946476405941,-0.42940586291777827,-0.8305289505521404,-0.35472844146839805,182
3.1288784057507577,1.8690536867544978,0.7947735996911727,0.2962590551973837,0.00920834902399949,0.8652482269503546,-0.5368839897950559,0.7104050343777957,-0.4550607307079189,0.4171470778501776,0.6923763177243775,0.5887302863752549,0.7333102324001759,0.12625261100315777,-0.6680691440802254,183
5.44907316853645,3.102818282040348,1.4594480639428933,0.4148457037919815,0.00891250959493851,0.9184397163120568,-0.46440705693346856,0.6345644102732767,-0.6177815914098791,0.6998605747045777,0.6904209487990755,0.18306853753051805,0.5426981310494559,-0.34734265887436444,-0.7647429737379186,184
1.9194871150159647,1.9192626751494477,0.6034603826034902,0.23527156978135244,0.009034583800905802,0.8368794326241135,-0.4873418346092711,0.7247986592963737,-0.4869957286484647,0.5115665015755297,0.6889598691516289,0.5134530291704822,0.7076705806414758,0.001096440034709295,-0.7065416810873983,185
2.911913445168556,2.410337230653893,1.0295966045246212,0.38472913638953105,0.010021468235085679,0.8794326241134752,0.6272393669186571,-0.5542932618258587,0.5471103695616931,0.06391355819697817,0.7367449773292081,0.6731432948925408,-0.7761996094214966,-0.3872542036887847,0.4975423078083727,186
4.869147538584516,2.962945315119644,1.5723437715998914,0.3461265875017777,0.008225465809050887,0.8936170212765957,-0.45186764250586103,0.7637495927955336,-0.46097960167544494,0.5440324228347366,0.645456184097583,0.5361110307713819,0.7069967160890931,-0.00853662198083266,-0.7071653056566014,187
3.688217656931611,3.0172943554733007,1.4154657609388444,0.2919987864135114,0.007611039849803953,0.8900709219858156,0.5957349538779103,-0.5308032171580978,0.6027833851249529,0.7628453875248755,0.1390914953898679,-0.6314431650134735,0.25133002100844704,0.8360032898050243,0.4877824514833123,188
2.762683511978655,1.96703356691538,0.9401632134414633,0.37725890640994264,0.013411530685277178,0.8687943262411347,-0.5520870096618496,0.6977886915462947,-0.45638895222468573,0.4125757912768494,0.7042866083525141,0.577721031076067,0.7245558296052266,0.13065724337143442,-0.6767182091089757,189
3.292773563469141,2.9173277099578647,1.357503448722699,0.4227318720141178,0.008263752667227599,0.8723404255319149,-0.5391222074985006,0.6753769864164757,-0.5032029129495809,0.38776029349597535,0.7294174548385226,0.5635531309156279,0.7476558032743803,0.10870189876856556,-0.6551295269137623,190
3.242501080768995,1.816498875302016,0.9221303209453152,0.2567145738060896,0.01157301456542726,0.8581560283687943,-0.465928300202465,0.7723079271864319,-0.43180005173163055,0.5117414927533108,0.6333150853048052,0.5805451294429922,0.7218250921553331,0.049522402308091934,-0.690301432712247,191
2.56715241319174,2.324270276985239,0.843898606067112,0.42194017735567696,0.010378649017151863,0.900709219858156,-0.4697759890970158,0.7352959036064028,-0.48851863240572924,0.5096904139627454,0.6777462162363047,0.5299771205362148,0.7207816604093127,-2.2737980701681426e-05,-0.6931621725834284,192
2.0398545479561054,1.8920161631104995,0.732368095806015,0.32627598030973576,0.013325535888775721,0.8368794326241135,0.6650768495111576,-0.5346976670811101,0.5213167837911334,-0.05329663357206625,0.6623247293313463,0.7473188220338384,-0.7448706284276472,-0.5248088773393389,0.41199925870276144,193
2.4471432537140516,2.0228768731378564,0.7508422110889259,0.13638907540402562,0.012118461031222553,0.8475177304964538,-0.5362290412638335,0.6564877984818533,-0.5305489475531165,0.3418230724372612,0.743605986114902,0.5746365151673144,0.7717612340969331,0.12678291627239768,-0.6231458013070821,194
3.9782699518293843,2.2403123953458812,1.154860409923925,0.2451058761256575,0.0118103205661959,0.9148936170212766,-0.47598220968560806,0.6737559075616752,-0.5652379260882527,0.6227986622046418,0.7120208533854587,0.3242655249951061,0.6209370035832253,-0.1976848030830556,-0.7585235370185286,195
3.3436200980359216,2.8568507816825623,1.284393447628415,0.22913686604781147,0.009124943911448573,0.8226950354609929,-0.5797487247437565,0.6009980499196784,-0.550175208593346,0.4152710825500747,0.7988967045273665,0.435102267855504,0.701028775554668,0.02377813045757282,-0.7127364564523591,196
2.605046798285957,1.695120352935933,0.73710895782588,0.18250227196754268,0.012625163491159485,0.8333333333333334,-0.4533554533378962,0.7683225268877971,-0.4518288698230126,0.5661355283792682,0.639746196314621,0.5198224387304776,0.6884470905127841,-0.020132038588392354,-0.7250071065767272,197
2.552937889209066,2.0125273055689403,0.9426464459518269,0.23324093054942968,0.010822583139968547,0.8617021276595744,-0.5212911612133913,0.6861179920110839,-0.5074422393528868,0.49059156986795127,0.727489446180948,0.4796655264555048,0.6982660215242421,0.0010985144585813067,-0.7158375209855175,198
3.2998296504979376,2.2085882020593757,1.1461732874905974,0.25385745034335666,0.009143207132376263,0.900709219858156,-0.4889960677458313,0.7224363916409369,-0.48884405055389313,0.5056520254671625,0.6914183015323969,0.5160007378357239,0.7107734342742914,0.005137347455468538,-0.7034022553212715,199
4.125075223154278,3.091702738854967,1.1274802492475149,0.2669199075698019,0.006327785433934671,0.9078014184397163,-0.49693876613829696,0.6716743406225261,-0.5494592276577416,0.6464263022699757,0.7089486498890712,0.28200150275136693,0.5789515510321336,-0.2150474179565008,-0.7864920276695302,200
3.669413941908865,2.983791180979863,1.335331041340458,0.5398688985015542,0.009535926453349181,0.8794326241134752,-0.4840495635267496,0.7597955373858547,-0.43405847695685357,0.4939529733152207,0.6467090835330541,0.5811865633588669,0.7222925170612085,0.06691862703595708,-0.688342514416338,201
4.906768132052308,2.7087797480263607,1.329314783012682,0.29272091634279757,0.009746051330102692,0.9148936170212766,-0.5216090276056332,0.7519375989573778,-0.40313009016261664,0.4837013506134934,0.6498539526944072,0.5862788104495484,0.7028207635912502,0.11081375113977929,-0.7026829205433578,202
2.476360329681588,1.3564154759064178,0.6468320506074705,0.3241977824294447,0.016454107513433514,0.8333333333333334,-0.15868518572932575,0.7697106100251273,-0.6183563605598279,0.5844838636974654,0.5779934142696758,0.5694753955511735,0.7957371581793401,-0.271052005850592,-0.54160242357013,203
2.5132588901715858,2.3622470410041405,0.9133267205066397,0.3408892042304764,0.011626673711128277,0.8723404255319149,0.5694200104932675,-0.5621214305286377,0.5998169295629167,0.7641154832460321,0.6309977911632486,-0.13404967665303946,-0.30313096165441444,0.5346599712785121,0.7888284573967466,204
3.1344344723824666,2.453971726069599,1.1078078527144632,0.2366347963835063,0.009972137617389241,0.8617021276595744,-0.5250101309205322,0.6674113527551742,-0.5281348773223694,0.4644736140641129,0.744662264057278,0.47931448374455604,0.7131820414655905,0.0063402446796088086,-0.7009501958259057,205
3.9053198948517114,2.1111802898615815,1.2177024860659003,0.27397739799994986,0.009567632477179408,0.9042553191489362,-0.48159668426831054,0.6988077084737052,-0.5288973627080193,0.5818472600722,0.7062476189643303,0.4033212945700833,0.6553765327262207,-0.11349928319131897,-0.7467258620583688,206
3.934886458793387,1.9451458024176738,1.065460940100066,0.3647560620963491,0.010392454467050893,0.8900709219858156,-0.4965895957105417,0.7713273548464837,-0.39806140870168166,0.5041455653883758,0.6296283936992575,0.5911051807816674,0.7065663608828796,0.0928557887975722,-0.701528174883593,207
2.855103164428347,2.212539045669969,1.0273553716325974,0.23383575798717587,0.009389200467795492,0.8865248226950354,-0.5469435443289643,0.6047421503881376,-0.5789125070861756,0.6077958143292193,0.7623821569999016,0.22216591721517184,0.5757056603862354,-0.23034838447905065,-0.7845397468370484,208
2.474270797984063,1.8327841187069298,0.7982778561061823,0.2541128715463731,0.012352670422403096,0.8226950354609929,-0.4725685229757553,0.7440134294766705,-0.4723589819733256,0.5413428251451303,0.668009151025349,0.5105993731001649,0.695432913196091,-0.014414954205826253,-0.7184464296931554,209
2.2569220056918446,2.2569220045347063,0.8231419320688842,0.550017777825425,0.014218074333406917,0.8581560283687943,0.5160607274088377,-0.5869996994058035,0.6237889695431924,0.6828081317752226,0.7216212116108869,0.11417478764975181,-0.5171599180213909,0.367007056949498,0.7732085354814551,210
3.282923237310052,1.963534035914686,1.002269538871547,0.23602312015391252,0.01092082596227904,0.9078014184397163,-0.4982608694204357,0.6797729959917503,-0.5381865660946873,0.6031657516574069,0.717669229337392,0.3480545263171118,0.6228380062519843,-0.15119375378193875,-0.7676022842497146,211
3.449011112853232,2.8151511230761015,1.007349502572422,0.38057507472317115,0.007630203594803425,0.8865248226950354,0.5593706046054993,-0.5846121565821154,0.5876505365263325,0.49289994736577825,0.8045714319383221,0.33123172069644985,-0.666448924217071,0.1043716306528076,0.7382089095403703,212
2.882207728033035,1.5379212762462375,0.6716309441673982,0.15954764232774674,0.008828503348968966,0.900709219858156,-0.4385412382996907,0.7900866359945578,-0.42830443604214197,0.5706297021827579,0.6129767985814922,0.5464807292005838,0.6943078029933059,-0.00474889709173959,-0.7196625060950592,213
2.4877169802492465,2.487675772698322,0.9667497903382094,0.3245917975772264,0.01059292767348799,0.9113475177304965,0.5935162289997561,-0.5633227215243822,0.5748095313477956,0.8020164353170386,0.35439137966567824,-0.4808080568168628,0.06714256023759774,0.7463740760724613,0.662131116299272,214
2.0746238740192378,1.2084890495725276,0.5920874033379935,0.14662754075755324,0.017024688068535822,0.7907801418439716,-0.427446444923021,0.7922255425625956,-0.4355091576925473,0.5565824281978363,0.6102267526406118,0.5637723928883837,0.7123942288817837,-0.0014142394050281337,-0.7017780721729869,215
3.6317250358136275,2.6159035118241594,1.3411580035095056,0.5572765090320431,0.009768736056150668,0.8971631205673759,-0.4431199468165769,0.7086393460810876,-0.5490673819478284,0.5869015588908796,0.692298942575101,0.4198437022045851,0.6776365345114808,-0.136207383409144,-0.722673007521455,216
3.258692599426303,2.406901844383089,1.245551751309564,0.3217595187138171,0.007918165136361063,0.8723404255319149,-0.5069016586574664,0.7000744380175893,-0.5029378586710946,0.5062114819561451,0.714007779718282,0.48367636497717437,0.6977110031998011,-0.00941656710940128,-0.7163174465820313,217
2.2530935077312635,2.2529607913486314,0.7367210370559163,0.37922613397383237,0.010506800990514752,0.8546099290780141,-0.5475198170844237,0.6267346119082358,-0.5544598958771251,0.49043623973231715,0.7772120981595125,0.3942253787260699,0.6780076287602259,-0.056081019166213886,-0.7329123921944657,218
2.6422761077738626,1.8845816346976123,0.8984141419095021,0.37096356584896706,0.012229784539312548,0.8936170212765957,-0.41682915032844586,0.7563231090263137,-0.5042110809861645,0.5343570167608391,0.6526128197680168,0.5371769597747975,0.7353339636348386,-0.04551771333457813,-0.6761746074039375,219
3.22155494802628,2.4136560718961824,1.0562270545001131,0.4546249371648214,0.010139509352947008,0.8865248226950354,0.6091233540148213,-0.5048099064813036,0.6116663289016913,-0.7012449925736216,0.017421346250335368,0.7127074835339161,-0.37043784901674937,-0.8630547230698429,-0.3433836702621146,220
2.160671313608184,1.4086272921523026,0.5491319605326885,0.15907602786461608,0.009578845383400012,0.851063829787234,-0.44323223316093124,0.7826339895430298,-0.43706890291936223,0.5656017039945631,0.6224378805349751,0.5409859492755563,0.6954422333491264,-0.0074245058481344495,-0.7185436498830746,221
3.3427575895352883,1.656200125950043,1.0021152858750493,0.22820121555891118,0.010848100256862099,0.8687943262411347,-0.4507790263018592,0.7707515273040493,-0.45026697925211356,0.5451256808168745,0.6371358211287064,0.5448815812161283,0.7068495324751138,0.0001690950162577809,-0.7073639161326994,222
3.1709743385051468,2.894012514080493,1.1784862834016718,0.23593327707965378,0.009288612053783353,0.8936170212765957,-0.505431288871311,0.6768777113045159,-0.5351408937551361,0.5550022113995402,0.7298972321396469,0.39902703649815835,0.6606903643701076,-0.09532363009266312,-0.7445815254050101,223
2.8538525316193866,2.590070071648977,1.0168660434379806,0.21208516761031698,0.010008450011325791,0.8794326241134752,-0.5310907056642762,0.6826317598034637,-0.5019527297113219,0.48775023754361746,0.7307088681169439,0.4776654224783277,0.6928508989192161,0.00885610314307525,-0.7210264914023293,224
2.682832813113229,2.328856759996581,0.9636068503979469,0.5387219727209775,0.011897372503411994,0.8723404255319149,-0.49604004971790416,0.6914387823228992,-0.5252206006771684,0.532579879165214,0.7200188451105084,0.44489497074488926,0.6857863671612504,-0.05903620063618703,-0.7254045668661169,225
2.7190433581539786,2.5419046288588545,0.9939568686697684,0.4244243433294761,0.010598293488982521,0.900709219858156,0.6129029334649368,-0.4961147379948274,0.6149960657552199,-0.6887914136390395,0.04593517516493706,0.7235028321849889,-0.3871903700341845,-0.8670410177303552,-0.31356576810280323,226
1.7663628054594764,1.6595025759407243,0.5321668897010362,0.3395013557113047,0.011580726513816366,0.8652482269503546,-0.5574648061349324,0.6931409786938588,-0.4569338831562635,0.43888176334311163,0.7132427140224276,0.5465049210197128,0.704709718767794,0.10411731147720452,-0.7018146462741965,227
2.8612282711589914,2.6972823014853735,1.0425929258111255,0.24054274936703704,0.00980092518509116,0.8865248226950354,-0.5289512074077697,0.670126839582926,-0.5207116659461953,0.4960807304220944,0.7419830232666883,0.4509602001151614,0.6885597498298488,-0.019779081238130103,-0.7249098280887296,228
4.891582028575122,2.659593152222015,1.6367514460000845,0.35215692273868077,0.007584824170099507,0.925531914893617,-0.42269071075633946,0.74763752236557,-0.5122213371106012,0.5917910360475094,0.6557579577647304,0.46879086006666704,0.6863788550750349,-0.1049744539366681,-0.7196279812004132,229
2.372739239014652,2.372732764942438,0.9306719125148263,0.26286365416111834,0.0116031655964601,0.8900709219858156,-0.5785655400762872,0.6035455714816479,-0.5486298013971946,0.45937606795302777,0.7969340262721355,0.3922623942741625,0.6739699874833073,-0.025077896932845484,-0.7383329567730106,230
4.490699057260487,2.410129690706704,1.470203242196858,0.2814348221269385,0.009448846870299732,0.8936170212765957,-0.47163150149727917,0.759457162005611,-0.44809434929912384,0.5366170619183854,0.6504257498203844,0.5375764809110147,0.6997184116868026,0.013082929678558758,-0.7142989439286078,231
2.3200721948104523,2.1813634953536565,0.80161310968446,0.31094493829754943,0.01236240617611662,0.8333333333333334,-0.5175123128739608,0.6525936935046323,-0.5534460020831532,0.5688112355444436,0.7455667111116013,0.34725215276601745,0.6392454805020111,-0.1350990395236474,-0.7570425781800788,232
3.441120803122608,2.109178286352292,0.9781363922382831,0.18751420554330325,0.010764788855746442,0.8865248226950354,-0.47369783948369387,0.7517420451407122,-0.458796528361037,0.5114265063498042,0.6589184035154596,0.5516062600365153,0.7169750940383592,0.026653987999873896,-0.6965890319638892,233
2.8180893487108487,2.02168165342399,1.0138542723783555,0.5098166988868006,0.011294611802391944,0.8723404255319149,-0.49789202651189696,0.769385747723861,-0.4001863330190972,0.5018212445569422,0.6319430256835497,0.5906127756840706,0.7073040141602465,0.09323938807883603,-0.7007335071648038,234
3.3327063996266086,2.3530205547428498,1.146160206666935,0.2156910559295423,0.009823651383917819,0.9042553191489362,-0.500086326082491,0.6841001719150058,-0.5309619772179323,0.5823134960199741,0.7194669018083726,0.378521293397422,0.6409560506137002,-0.11989300224834248,-0.7581563223989938,235
2.6084383665593625,1.8867833452814766,0.8640830059967523,0.28885771357872864,0.011852757867878844,0.8687943262411347,-0.5080740380002308,0.698119529212711,-0.5044699147044974,0.49394956572513515,0.7159797180110489,0.4933425482530057,0.7056022948021715,0.0014718453185458003,-0.7086065447349945,236
3.7668352919145844,2.623023725644364,1.375291448200054,0.1971571077421995,0.007974753298178462,0.925531914893617,-0.5244356440086689,0.7179028788020432,-0.45780204444819994,0.4621879371840366,0.6915888328405098,0.5550560305157188,0.715087103795599,0.07950058426225823,-0.6944998855919142,237
2.7761507890288066,2.70657670531026,1.197078840677502,0.9018306891393254,0.009941567950651398,0.8794326241134752,0.7684944350962956,-0.0080097228832808,0.6398063359840686,-0.6366311931396784,0.0906994603285667,0.7658161214140482,-0.06416406430062808,-0.9958460986695885,0.06460279109283949,238
1.716933887471408,0.7588121374013714,0.350491557853279,0.11490572545786958,0.01041650874623375,0.8085106382978723,-0.40951117288541494,0.8046062503035293,-0.43001090829711075,0.5611449950664561,0.5937863690435451,0.5766576475257656,0.7193169633714188,-0.005150719423284017,-0.6946629227874077,239
2.9552964390945826,2.2199668718204193,1.0513810291738466,0.22164806214689017,0.010866913488206457,0.8652482269503546,0.6879176258778864,-0.2630879621777692,0.6764274271225856,-0.7006597393709996,0.0023911339209601442,0.7134915641429371,-0.18932847020745505,-0.9647688876802156,-0.18269023984106017,240
2.7495237653635933,2.337220860992383,0.8947537030599679,0.19798425484787244,0.011476786737519937,0.8723404255319149,-0.5484981399676212,0.6329050354335971,-0.5464256642717809,0.4319998872259077,0.7740239611640478,0.4628855203835173,0.715909133821369,0.017836021605552588,-0.6979656069208735,241
4.322621657847695,2.191846477533629,1.2849783555537027,0.29253184435822105,0.010314133122201181,0.9219858156028369,-0.45902282918067633,0.7703359654177497,-0.4425839385640548,0.5406598740904345,0.637512545989378,0.5488758095003431,0.7049715900938727,0.012659150447190959,-0.7091225585683142,242
2.3999813036250126,2.2724491229620707,0.9162312413227776,0.1820860611278797,0.010937753231202572,0.8617021276595744,-0.5551624995131205,0.6631648308525816,-0.5020029942685714,0.37231632453114616,0.7378520000071461,0.5629875492167414,0.7437574561790712,0.12564566528822757,-0.6565348529760746,243
3.028986849672128,2.639714749342136,1.2254217013357567,0.36814554459966364,0.008580509826427272,0.8794326241134752,-0.5512824652034949,0.6092165315146744,-0.5700375963814907,0.4329531236659431,0.7929350546837309,0.4287255436309006,0.7131894813211003,-0.010450683371841074,-0.7008933920005249,244
3.8159232983370366,2.396622211303325,1.3231082279369826,0.25369657319925226,0.009811511811363229,0.9148936170212766,-0.4679777281291977,0.7521728975713353,-0.4639318679872901,0.5248246105008626,0.6589083168190367,0.5388867768273051,0.7110245946432885,0.00870414762314109,-0.7031132651475878,245
3.7606647358438967,2.24841757432644,1.2363062837151213,0.3788299143414655,0.011530059194126778,0.8829787234042553,-0.464972350509823,0.7246556274448289,-0.5086009583887072,0.5777370553097324,0.6836600327198222,0.4459022926422007,0.6708357535070781,-0.08650538291963641,-0.7365434206769602,246
2.0858455868790564,2.085845584091076,0.6801268150355871,0.283943847060732,0.01102470397450441,0.8794326241134752,-0.5594918994871011,0.6190679984077613,-0.5511112662210089,0.43227827418510767,0.7852766785335703,0.44325616952145025,0.7071805342879997,0.00976480919894554,-0.7069655864506049,247
2.6194625867667263,2.1996194154272874,0.9050317479619276,0.2546689900666092,0.010938991061332148,0.8865248226950354,-0.5135898929462616,0.6912078497174654,-0.5083867920711604,0.476295082872018,0.7224953063029638,0.5011422217316399,0.7137005085435943,0.015239450749431865,-0.7002851870812852,248
4.047061823607656,3.216408647116362,1.60208794343175,0.5015955048932264,0.00839554763712245,0.8936170212765957,-0.504829728751958,0.6570961019110586,-0.5597960859290786,0.45566072903449384,0.7536383987939583,0.47371137191229884,0.7331577217652272,-0.01593350923589637,-0.679871957282731,249
2.9235926543026314,2.518417292749438,0.9852992528354885,0.30763085998472955,0.011064244751546888,0.8723404255319149,0.6201195853901833,-0.53350379332103,0.5751742364949763,-0.5100934626203603,0.2828263550866964,0.8122893033029212,-0.5960338574338528,-0.7971091238848328,-0.09675063520244231,250
1.9736389734312327,1.456897121674162,0.6275726305411896,0.23886435388130145,0.014719507108021345,0.8297872340425532,-0.4886258528961085,0.773104403448025,-0.4044185421698959,0.5698806097582082,0.633782206586012,0.5230260081837025,0.660666986085398,0.025093743926302703,-0.7502595800871841,251
4.439774882967443,2.546880643919699,1.5903529074114373,0.33724153616655633,0.006551893356055594,0.900709219858156,-0.4661877287058149,0.7662560808506915,-0.4421771366358195,0.5306705937335406,0.6421139789399012,0.5532434897913031,0.7078543088451219,0.02326492229315902,-0.7059752267892183,252
3.7768513954398895,2.2546254602682896,1.0554541841905865,0.34687090230151724,0.01117466162197814,0.8829787234042553,-0.5128502080932189,0.6948271682820767,-0.5041823779901997,0.506574198026285,0.7190857811861985,0.475708126049851,0.6930853092893892,-0.01143877235306942,-0.7207648080575844,253
2.4553724163145074,2.064047469482008,0.7351073278380404,0.19662185046254807,0.011841065583363642,0.8617021276595744,-0.506595561300219,0.720434308279185,-0.47364052268065954,0.48949853631713647,0.6925578068916487,0.529863064439116,0.7097549719546156,0.03657993394912176,-0.7034982503304331,254
2.966100288806408,2.9660840507372,1.25509811876335,0.38765483976309095,0.009098190059621843,0.900709219858156,-0.49834084462770867,0.6494670660392002,-0.5743247624003123,0.42146189912182686,0.7603780978946835,0.4941609209869656,0.757645213912399,0.004204565672723287,-0.6526530866112095,255
2.541823711558358,2.487476667923596,0.9478736066144295,0.2023280424583058,0.010721317786855849,0.8439716312056738,0.615160403441412,-0.4918936476341726,0.6161317370943877,0.709786256976401,0.0053490709592376945,-0.7043968035470517,0.3431925806966547,0.8706388613294387,0.3524298876340494,256
2.4376073007363077,1.8859339162432232,0.737999615813095,0.3254316139416298,0.013015317720257172,0.8865248226950354,-0.4785302924543173,0.7326582449907112,-0.48396348545186413,0.5205163021167999,0.6805771234269199,0.5156331625279655,0.7071573646892451,-0.005164795743310108,-0.7070373303091514,257
2.537141205094205,2.534097607537501,1.0230383503535614,0.35194537232608564,0.010800907243112962,0.8829787234042553,-0.5133818074052657,0.6857884551907758,-0.5158811050545968,0.5364816669335619,0.7256741784543775,0.43079508791158594,0.669795894933292,-0.05559839432585778,-0.7404608549267795,258
2.445755625193059,2.186674374045869,0.9172281238947096,0.39055515365895155,0.013703639774209178,0.8120567375886525,0.5602328438106456,-0.37202395320196324,0.7400927907768189,0.8061146874098973,0.4504225508901934,-0.38379504477209536,-0.19057353294169757,0.811614258064479,0.5522354793460532,259
2.756336223174944,2.233753302597908,0.8535270732460258,0.4696276240326996,0.0118379105498069,0.8971631205673759,-0.565943270979041,0.7049451028005095,-0.427505106485435,0.46197953381851303,0.7006424279859911,0.5437601478949379,0.682849269140982,0.1102387869285332,-0.722194077440512,260
2.3334871663874237,1.531420358640555,0.6231747028637551,0.34614696142299956,0.011921029559934168,0.8723404255319149,-0.46353069828676363,0.7686913044746574,-0.4407413869502555,0.5190269088197113,0.6386857889871662,0.568059443075191,0.7181576147802378,0.034556350659329965,-0.6950219413531267,261
3.629665904731706,3.6296659020997852,1.5156146993640383,0.33354030763520953,0.007391081864253591,0.925531914893617,-0.5271855802087902,0.6472618280685352,-0.5505701498858245,0.526339814602932,0.7573928850002977,0.38642258903262494,0.667114505601304,-0.08607057381186606,-0.7399662781100391,262
1.757400171286728,1.1072206106555675,0.5056895869528586,0.11116482361652788,0.020902937951057757,0.7978723404255319,-0.46849905642700646,0.7693400058976714,-0.4343093246205701,0.5615645594143024,0.6388347430206496,0.5258663487232863,0.6820219056136138,0.002475163653501089,-0.7313275557696861,263
1.7782606458564707,1.4065905117051367,0.5700216147413727,0.29119152608498355,0.017434788414403705,0.74822695035461,0.6794992085224655,-0.27572923077309025,0.6798927981046886,0.7084156314829233,0.005502367891041492,-0.7057740552175623,0.1908615170431014,0.9612195978260492,0.19906975176338154,264
2.702376012885263,2.26045570266038,0.9783151050827602,0.2717085463980712,0.01153557940653735,0.8865248226950354,0.6266312910829795,-0.49343892156069324,0.6032008419462777,0.7092745948213587,0.040404027472645654,-0.7037734462914803,0.3228974669716001,0.8688414960468969,0.375302119059185,265
2.881454996509478,2.760574962811961,1.1516030535950392,0.33479777148383305,0.010177511132714376,0.875886524822695,0.5972988024610385,-0.5312614904436206,0.6008289018932363,-0.6858690174739325,0.0499531066769093,0.7260085247451767,-0.4157136411617399,-0.8457339510182551,-0.3345388656749766,266
2.783301475128195,1.6987279429989337,0.8182568536502038,0.2037869717227987,0.012398302727799675,0.8475177304964538,-0.5310034582982229,0.7049403455366217,-0.47020680185428615,0.4637112152102226,0.706182298907076,0.5350499692538782,0.7092300305003914,0.06607321654820375,-0.7018739871881478,267
2.875760945876641,2.1626234587262805,0.985044649728606,0.30402572110598103,0.011013786795508353,0.8546099290780141,0.6246833519689384,-0.4691951850289892,0.6242007594664268,-0.6924949057423181,0.03654043253066689,0.7204967746710667,-0.3608621832414551,-0.8823381863753175,-0.30208907555574754,268
2.360001588778783,2.258556414415756,0.9347489896141001,0.24958439715699005,0.01227754237588909,0.8439716312056738,-0.559582776239947,0.7396953834198645,-0.37378851812613645,0.5361108280920407,0.6670142170509155,0.517375312760882,0.6320223861051598,0.08912224188884546,-0.769808371909949,269
3.033475355010218,2.173053372252156,1.0587193158969967,0.44639937737113133,0.011363058594343497,0.8652482269503546,-0.4699591729103938,0.7247253810126554,-0.5038963166301577,0.5673524495732419,0.6853354999972827,0.4565374578352981,0.6762023171807536,-0.07133284348416341,-0.7332544249302853,270
3.6054652550754103,3.1620425331579036,1.0482545313738543,0.705564514733787,0.008223592138486707,0.9078014184397163,0.5896010984031876,-0.514666269389047,0.6224862857243649,0.7453342346496311,0.04974215427736333,-0.6648327584792252,0.3112031867140879,0.8559464640040335,0.4129264187939405,271
4.920985265112506,2.74888605906635,1.3334702620808847,0.33592890628572747,0.009661684852672232,0.9042553191489362,-0.4527304605864471,0.6612307553151403,-0.5981713954064942,0.6802872879331371,0.6898313396931416,0.24767302770738364,0.5764063982415187,-0.2947992723914604,-0.7621345373775584,272
3.503985966101662,2.445631615938072,1.1395353421889525,0.37232578794209864,0.009605431743962329,0.9078014184397163,-0.4597921727142308,0.7577431886315817,-0.46305120450461007,0.5115955982779986,0.652237576928762,0.5593353976503487,0.7258519833501205,0.02028307975974819,-0.6875518125509932,273
2.304519292116606,2.0379913194643473,0.733366161714462,0.19970638408272956,0.012302892469060476,0.8617021276595744,-0.5508512376198184,0.6115185872392844,-0.5679858549942807,0.54757760086882,0.778401149654822,0.30700231471895895,0.6298584642913531,-0.1419037267901062,-0.7636371175392258,274
2.6308771680247367,1.2673004663228222,0.5790806446230083,0.1537643093859539,0.00743329617231751,0.8581560283687943,-0.40097202921888186,0.7802731992395843,-0.47999496490329585,0.5975179663553316,0.6199238786127519,0.5085928279167048,0.6944016933063175,-0.08287411703388542,-0.7147993907797998,275
2.25949673074614,1.8413087571665483,0.7777527067210716,0.35363946696014975,0.012901995561230796,0.8262411347517731,0.6369434574126936,-0.4419978052019154,0.6316177421952724,-0.6976241242100332,0.01818652077537248,0.7162330848140648,-0.32806038069134213,-0.8968317515893249,-0.29676454633576954,276
4.494995754905186,2.8465684437248937,1.2784892001675798,0.3001257977184079,0.011325554256097449,0.8829787234042553,0.5035385785631653,-0.5426537108843555,0.6722914918114204,0.7923828436910278,0.6002035036222976,-0.10901918759392272,-0.34435204213523585,0.5876076108279716,0.7322151096326379,277
3.0986176068262288,2.796162655617473,1.1652324989258993,0.39830000923832026,0.009228680387320587,0.8829787234042553,-0.5232879243333619,0.6681393077693564,-0.5289230696995234,0.4891181897700246,0.7437595459765008,0.45561511630423723,0.6978059505929824,-0.02028800587328783,-0.7159994777475117,278
3.651639765407084,2.389562082858637,1.2220762456681942,0.3374350990409014,0.009914923097556603,0.8936170212765957,-0.4602230782784958,0.7526577954596317,-0.4708513153360758,0.525104157487032,0.658411272087118,0.5392218658200513,0.7158633542860675,0.0009163637215670872,-0.6982397999740705,279
2.207591996184606,2.200911994823841,0.858247360602719,0.29620106858257794,0.012444408550104523,0.8297872340425532,0.5798187258840131,-0.5174572793929759,0.6293236123946562,0.8138102567753509,0.3308294820837867,-0.47777057229533415,0.039027055762346885,0.7891703350908429,0.6129331701997613,280
2.3120707261440923,1.5060607168873175,0.6869916745087544,0.2336108851774126,0.013176968222760823,0.8404255319148937,-0.4375960731822152,0.7780897063698183,-0.4506507356887763,0.5648202826776197,0.6278288087555353,0.5355455491109783,0.6996339936077143,-0.020184046619434626,-0.7142162692424372,281
3.35088329933589,1.6863556647174986,0.8784879421633813,0.25063011770597277,0.012447962181839238,0.851063829787234,-0.4153216052107769,0.7885308281862332,-0.4535714907763459,0.5640297874709764,0.6144154439556767,0.5516919983778936,0.7137074772556251,-0.026698225197228254,-0.6999348838861579,282
3.077073972046319,2.4257239118983205,1.1036603638786424,0.4907224754456857,0.009734727547948097,0.9148936170212766,-0.5450118652034834,0.6696397760158057,-0.504524169059245,0.5304868257329316,0.7414020405863854,0.4109826540599275,0.649265580876746,-0.043653002094304755,-0.7593079881687907,283
2.8632502496020233,2.2310041077019007,0.9690790820563,0.3109788509422841,0.0106870543131126,0.8475177304964538,0.6090455176165334,-0.3987619342625204,0.6856037319431849,0.789626787422314,0.22363636981592067,-0.5713810555843382,0.0745190851817499,0.8893681430536908,0.4510778337104418,284
2.6016932201840013,2.257104766902814,0.9331414559457778,0.2818356054557937,0.010086860067060752,0.8971631205673759,-0.47467042965357514,0.7115252811365813,-0.5180924217897801,0.5730242341656681,0.6966166166518365,0.43170420019198114,0.6680802423895952,-0.09196229503474429,-0.7383845380427483,285
2.4295080061588155,2.286908440155664,0.9371084632221218,0.31326950109987445,0.010283487538332524,0.8723404255319149,0.5938101153058979,-0.5927117854870844,0.544134437712877,0.06094953909791562,0.707467650519879,0.704112687821796,-0.8022934005986513,-0.384944493157903,0.45622695727374246,286
2.577360733166609,1.3842109132595397,0.686317643195983,0.17696539295008193,0.014626386904187324,0.851063829787234,-0.4467056565844027,0.7793808843872682,-0.43933983819728606,0.5573054292132327,0.6265487145439498,0.5448370094558359,0.6999033611470602,-0.0014647030565591024,-0.714236053206504,287
4.9475874724850595,2.6384674642632966,1.6665322539144913,0.5686624767717712,0.009164830347755792,0.8971631205673759,-0.44994492362904187,0.7704261720746705,-0.4516559299763771,0.5170385037798149,0.6370889414974845,0.5716544990033273,0.728162585766109,0.023689533637983484,-0.6849949304092906,288
3.646475414602931,2.7279545348719934,1.2794074881923976,0.47093695427765925,0.0086006946965548,0.9113475177304965,-0.50873728036577,0.6989863110343218,-0.5025977681532919,0.45038992098112757,0.713614749147679,0.53656584766225,0.7337133627273348,0.0466060809929949,-0.6778588161039295,289
3.5473722295040786,3.0596778748049793,1.161547696489116,0.41860187012776556,0.010148222491644822,0.900709219858156,-0.4954155230775342,0.7394870035707135,-0.4557657633519885,0.51804712320876,0.6726826963612572,0.5283229771184258,0.6972737178676256,0.025631261501462915,-0.7163465647330926,290
4.099634337402076,2.4743896197399082,1.2394236431464791,0.4382900887431868,0.008700627537335389,0.9184397163120568,-0.43947038111208897,0.7639273879970194,-0.4725259040446848,0.5373218513710303,0.6451240082169227,0.5432312970193639,0.7198270710138678,-0.015164428448945583,-0.6939877721872434,291
2.647907511222824,2.6470319324231286,1.0352422243880497,0.1843962802452165,0.010117325494512866,0.8900709219858156,0.5702216633588882,-0.5438545982921226,0.6156861461432577,0.8150364784984894,0.4683054363934167,-0.34118258595824164,-0.10277545112041214,0.6963563700871024,0.7102992415074862,292
3.9452219337166086,2.5357485798742885,1.3026788366254047,0.3720337481170357,0.00977910594106636,0.9148936170212766,-0.4677568860845821,0.7783451230751708,-0.4187867773766891,0.5495124216061891,0.6272098453587217,0.5519455665059648,0.6922713297695906,0.028047803304104307,-0.7210920376129923,293
2.2577823320826242,1.5492879651798466,0.7565803569476157,0.37775853097758144,0.013093236082540583,0.8297872340425532,-0.4514587105821329,0.7439273236159039,-0.49270393728607076,0.5942929175782631,0.6625723581299232,0.4558659872796704,0.6655831734320166,-0.08700578957650557,-0.7412348020865825,294
2.9366471325864096,2.32866744093296,0.9856548672123537,0.31280269864823684,0.012646907509803186,0.8900709219858156,-0.5364953702405328,0.6846333061581006,-0.4934064792942044,0.41943928122110574,0.7236671550733187,0.548066180343954,0.7322864242079022,0.08708090931494678,-0.6754061801269562,295
2.5859539544210004,2.002073822507799,0.8945726620323949,0.2068453891210751,0.01201439216763387,0.8546099290780141,-0.514036732466882,0.6857101209414742,-0.5153327737619644,0.4753247543491668,0.7278172689341724,0.4943160941584917,0.7140256407004412,0.009146205750542147,-0.7000598055471356,296
3.3404598597715047,2.0001909052578677,1.1287813665891544,0.3424652489431386,0.01057357523199381,0.8900709219858156,-0.46421221576928345,0.761463811273866,-0.4524156085402563,0.5376805868120886,0.6481689169276915,0.53923709228334,0.70385126645903,0.007065355550961661,-0.7103122380016821,297
2.640278797771839,2.4490016760263784,0.9327277498321707,0.22521278050284188,0.010592202852481096,0.8723404255319149,-0.5448567576939818,0.6219869285051453,-0.5623729850943563,0.5180431738207236,0.7770538661902704,0.3575172151050982,0.6593651368194662,-0.09653781542736914,-0.7455991326038129,298
4.407003196516782,2.2494860127281457,1.3334222400390399,0.6426935475488527,0.010933541893253594,0.875886524822695,-0.4652083443134783,0.7892384183701919,-0.40085398257923077,0.5583537184013893,0.6130177831903962,0.5589725598271121,0.6868932388140492,0.03622038736471833,-0.7258551935549511,299
3.4702877696870686,2.788127899402103,1.232566811767672,0.3396424850230906,0.007665262561874143,0.9078014184397163,-0.4755355645465129,0.729280383442473,-0.49195126707574277,0.5169665899386315,0.6841466431064276,0.5144792664563163,0.7117664446562876,-0.009669180534355504,-0.7023496530996096,300
2.6561129838229562,2.1981257786648167,0.891805438177841,0.5423691525796044,0.012666104339293821,0.8865248226950354,-0.547385370585797,0.6681391261201216,-0.5039438105742445,0.36797136100925887,0.7329898555118848,0.5721214461927293,0.7516424239927144,0.12773401999509235,-0.6470839872769608,301
4.042626299890185,2.7742050955827895,1.4408240593205766,0.5473963472360296,0.00890891091561816,0.8936170212765957,-0.5131309084758839,0.7374602696933844,-0.43914578603292415,0.4721574225204354,0.6697991648863643,0.5730937506869083,0.7167733526893791,0.08672617448780892,-0.691891994124182,302
2.9617163617921487,1.552480144344119,0.7834925863651198,0.3096998924953366,0.01254205698638724,0.8794326241134752,-0.4562965866282067,0.7743430196910753,-0.4383905939765982,0.524385502834789,0.6320322329897936,0.5705743605163491,0.7188972593132854,0.030465461060721705,-0.6944484042995598,303
3.2766154896326594,2.9141051571400083,1.2756028331565499,0.4303341556353211,0.009697695805684334,0.8829787234042553,-0.5477443615873473,0.6046144109703424,-0.5782884473999592,0.34214153604712716,0.7926345198899013,0.5046480825191137,0.7634888890223499,0.07856164411398053,-0.6410247923548095,304
2.5718810951595237,1.5240008438560049,0.7488620026938156,0.1803766627736389,0.013328858274519096,0.8333333333333334,-0.4328302623158863,0.7785422160393375,-0.45445569846588874,0.5720173644377533,0.62682753034589,0.5290400570676657,0.6967453615240276,-0.030972004213966814,-0.7166495909087806,305
3.621962805901507,2.485230515675002,1.1588314016555952,0.6147287708158864,0.01102841894524615,0.8617021276595744,-0.5042043178031691,0.6861132207663945,-0.5244298372501374,0.5071020976927325,0.726775479276232,0.4632978148431458,0.6990175022302884,-0.03234271188951568,-0.7143727882298994,306
4.445917249182277,2.441281906926405,1.3564307379538731,0.2754265194139691,0.009906006376863683,0.9148936170212766,-0.5028919022760133,0.6965021277940806,-0.5118442347077193,0.5000913152654695,0.717452788657039,0.484943473452619,0.7049882346686827,-0.012094710685106091,-0.7091158628547087,307
3.742078126279678,2.8975165622841437,1.2522541504918636,0.5646361901161802,0.008850229856540935,0.900709219858156,-0.47694678564545484,0.7448788454199595,-0.4665589665929663,0.5526920932469649,0.6669145460459927,0.4997563789833562,0.6834129159774176,-0.019506253307483817,-0.7297713973273736,308
2.851034596111106,2.7525748909407746,1.1805150955926733,0.5269939099309805,0.008920251012903486,0.8829787234042553,0.6250132514841001,-0.5120076139468123,0.5892424278085929,-0.6861596441828137,-0.00041787185775156633,0.7274508698723405,-0.3722141563188957,-0.85898080807641,-0.35158013765315316,309
2.641161441590013,2.5048259491966904,0.9171749005119004,0.26253718056567044,0.011686157431261352,0.9078014184397163,0.5614819670367682,-0.5765641499764441,0.5935585747459655,0.7423270792790563,0.6679040012160415,-0.05342988422809604,-0.3656343912456092,0.4706145196671502,0.8030152338635366,310
4.714486585053506,2.5780404458070527,1.1722073003891291,0.2303973201269732,0.006480157863666434,0.8971631205673759,-0.471240440812976,0.7452283175941696,-0.47177028477655886,0.5211967924060869,0.6667896187169361,0.532677677359329,0.7115380176266047,0.00513410431199382,-0.7026288425939509,311
2.3800215711059707,1.5283917396286733,0.7951317238809865,0.2464866223341759,0.012667747478590674,0.8546099290780141,-0.4546406015000088,0.7941851689556261,-0.4032019852116729,0.553717187316148,0.6066027914529093,0.570465011961498,0.697638301656671,0.036096687001190536,-0.7155402359400442,312
1.8236557193675844,1.6166029415889418,0.573114779629145,0.1462233566005109,0.012204444107668631,0.8191489361702128,-0.553748637849333,0.6348586449511259,-0.5388106782635517,0.4419307801220678,0.7724940873870041,0.4560154279548228,0.7057333998477815,0.014400898685151903,-0.7083311248677071,313
4.5757005636659684,2.643888619458393,1.4022085199819032,0.2322097894342517,0.009248850784455295,0.875886524822695,-0.46341697321304226,0.7201107515026564,-0.5164157380525326,0.6004385062258993,0.6837658872184108,0.4146538456563863,0.6517041577121272,-0.11791826426257748,-0.7492509417905511,314
2.3562754404492288,2.0458096101891945,0.7996753999434858,0.46535005451083616,0.014118573198122613,0.8687943262411347,-0.47495085009714255,0.7555596563225798,-0.4511665942085104,0.557481990513415,0.6550143990396559,0.5100685907835526,0.6809078647256193,-0.009259740192018695,-0.732310546808097,315
2.8334359926384214,2.4848819898186694,0.9946586363269375,0.5023058278327732,0.010882196852306769,0.8617021276595744,-0.5089802442894974,0.6853384492839105,-0.5208169744316407,0.4741573004070913,0.7282080395177487,0.4948615014853917,0.7184107219367364,0.004925557312806306,-0.695601734824961,316
3.384381489273412,1.8118397301930367,1.0753860878978885,0.42581028558780376,0.010185094578895,0.8546099290780141,-0.4465158051170111,0.7631836016196384,-0.4670914535715512,0.5560208173858318,0.6456584827013657,0.5234175907909112,0.7010452812866649,-0.025998344844380156,-0.7126426872220424,317
2.8405572284779956,1.7705656867186959,0.9029849908658389,0.2378425726045536,0.012425105783428479,0.8687943262411347,-0.5130075871060137,0.7605651759996824,-0.39794953025256613,0.5048410654847604,0.6422791681813851,0.5767260777183914,0.694232464072286,0.0949635886895619,-0.7134586201394739,318
2.5563639693444653,2.1850021834385362,0.9685391676713714,0.25239045037100066,0.011397693532448058,0.8617021276595744,0.5936684396578142,-0.5929624096777449,0.5440159597506478,0.21044537708479616,0.7669145678531035,0.6062629700701878,-0.7767049163085644,-0.24543354767400816,0.5800791727499413,319
4.208561115445705,2.7789949181902243,1.5172202821341954,0.36265505813221854,0.00822517242554439,0.8900709219858156,-0.4918279532541915,0.735806912952835,-0.4655034384927913,0.5251234924730305,0.6771303814907937,0.5154995287243813,0.6945146377512283,0.00909028673647369,-0.7194211455304387,320
2.6700392024827924,1.6942106291006716,0.8761972137052331,0.25785902444649283,0.012075826420551588,0.9042553191489362,-0.48129667212254884,0.7346707307176708,-0.4781343229998487,0.5127791584219937,0.6783758416748789,0.52617844132949,0.7109226737780923,0.008070616993981206,-0.7032238740611306,321
3.5364320720813645,2.1012344250077426,1.1513636875348907,0.19137538586722255,0.009130639585216016,0.8900709219858156,-0.4990729156944082,0.6957303395104693,-0.5166096393844479,0.533270001146756,0.7164875612266851,0.44974290487385793,0.6830441645290742,-0.05103792013870065,-0.7285916551887586,322
4.297428233711842,2.355193067154567,1.3390127630729638,0.2660593333791738,0.009696403016952352,0.900709219858156,-0.5425535803510116,0.7448386771901823,-0.3883953622404338,0.5114494365093811,0.6596905302176681,0.5506613099132429,0.666374584106068,0.10011867609348116,-0.7388647808325646,323
1.9440212888122288,1.9440153388298502,0.6820142166718159,0.3561086346340078,0.013920476996797267,0.8900709219858156,-0.5985814299153638,0.6196815010833813,-0.5076367884378807,0.406023144220437,0.7809714667529987,0.4745827372282097,0.6905399902379503,0.077964128499696,-0.7190800487772235,324
3.7628243942187924,2.501993100131714,1.0391173565664364,0.2688958552412834,0.008424391610997268,0.9113475177304965,-0.4600796062614857,0.7755427972578601,-0.43227320703893973,0.526807217495156,0.6303451574033965,0.5702097317067633,0.7147033730837486,0.03461722345222368,-0.6985704948988121,325
2.9091672988223998,2.909167297376654,1.1413789036273192,0.3129507708948946,0.010353420808404427,0.875886524822695,-0.5761813700592711,0.5796180517045454,-0.5762446901576173,0.658547488892901,0.7468073158822257,0.09270403344860428,0.48407668160062794,-0.32607015668872935,-0.8120024749023317,326
3.0010137836156416,2.396700783820653,0.8836035093907741,0.2552523720099938,0.008459874863930291,0.8794326241134752,-0.494443622904962,0.7245816768345839,-0.4801113385082656,0.5405411191674657,0.6888774950858072,0.48297318274774576,0.6806914148553656,-0.02071690999851214,-0.7322772749323266,327
1.9757366046234333,1.9025565378171552,0.5988815597146403,0.2537679572675565,0.011298978546019415,0.8794326241134752,0.6071875977346926,-0.6047597582140732,0.5153531371807384,0.1668128563372283,0.731172944576978,0.6614828766334369,-0.7768504953450106,-0.3156766699702201,0.544840846411798,328
3.2230630200860726,1.499408622230001,0.7549812934210007,0.2498458014181138,0.01211981597960023,0.8865248226950354,-0.4554246894031962,0.7937130371199568,-0.4032467817451448,0.5405421120738403,0.6064264983477466,0.5831476032501911,0.707391389088639,0.04760794899493709,-0.7052169211212542,329
3.4187821603930018,2.4229097301563067,1.2708747263331537,0.6189417723510928,0.00867911083439246,0.9113475177304965,-0.5144080596737891,0.7003066146818833,-0.49492928138820774,0.5335340902181311,0.713203080338491,0.45462373537992834,0.6713610971137355,-0.03019953026933178,-0.7405148652483307,330
5.573460896349911,2.7322267746632662,1.7448040503083044,0.6514826111512897,0.008040161001391719,0.900709219858156,-0.4171760952606182,0.7809869880557908,-0.46478320756095276,0.5895082027332257,0.6217656415307229,0.5156428666452496,0.6916965985555702,-0.058879635693784155,-0.7197839981878047,331
2.2302765457813916,1.6953758634300633,0.6740178666823748,0.14188756986566264,0.012908031302839462,0.8262411347517731,-0.5095946423879733,0.6937577082201263,-0.508933731181803,0.5060833674193793,0.7200392029165882,0.47478750139900056,0.6958397269996413,-0.01561372948409298,-0.7180273572647928,332
3.2798169891585416,2.9925198177485988,1.3742058222214815,0.3007090329557106,0.007984634264041559,0.8794326241134752,-0.5745866899968424,0.5983541090822768,-0.5584106874181647,0.3757044785085719,0.7989822644567802,0.46954604237722813,0.7271150393899678,0.059997510180593905,-0.683888893216621,333
3.3121913129402647,2.523028336452644,1.1636952193266756,0.378719196635164,0.009863376305629907,0.9361702127659575,-0.5518613409877667,0.6650562661309207,-0.5031393675744146,0.3816597656415843,0.7378563266892094,0.5566900973208682,0.7414748030874649,0.11518769050859867,-0.6610196005730091,334
2.529627471000713,1.6084166299657912,0.7749499666973686,0.1932179570650903,0.01314774961515532,0.8368794326241135,-0.4767743294451999,0.7689589706152613,-0.4258971005916779,0.5402561280994858,0.6385354264057258,0.5480837757823251,0.6934043227677718,0.031218756143954224,-0.719872095883562,335
4.940026962647729,3.053066905478094,1.3397654815510502,0.4850105010375603,0.00935082901728779,0.9113475177304965,0.45403268038960776,-0.5971633777514127,0.6612489889676596,0.7723080409241482,0.633849603488863,0.04213039379017884,-0.4442911377263029,0.4915593356142623,0.7489825128187791,336
4.973844834895387,3.784114493767887,1.5055906383081288,0.4109715201744485,0.0066721330372195905,0.9290780141843972,-0.4339525357048411,0.6577025280589821,-0.6157211879902806,0.6620836064543177,0.6963005195412681,0.2771477666354258,0.6110077698522196,-0.2873899286185654,-0.7376154378189446,337
2.665301060365386,2.665301057646667,1.0050495727138289,0.4392982701060936,0.011192290806176146,0.8652482269503546,0.5862783767569921,-0.5775045061262969,0.568125171375999,0.29238752796569906,0.8048685951595584,0.5164262561256799,-0.7555045985546971,-0.1366568327223368,0.6407321684081464,338
4.937920284501683,2.7111083690397133,1.5197113185836488,0.4304797024052828,0.00825082501861601,0.9148936170212766,-0.44954654818328144,0.792092481457185,-0.4129133103152474,0.5444556845418635,0.6094381561521084,0.5763272867008548,0.7081496371435543,0.0342729433360707,-0.7052300736415991,339
2.299237855576929,2.1757350335340466,0.9040640860347885,0.43007628962657085,0.011548619996238659,0.8120567375886525,0.539087979085385,-0.5567876492014313,0.6319585939777854,0.8170874635170764,0.5277610723310349,-0.23202656635658453,-0.20433361879256648,0.6414481773524188,0.7394538579265064,340
3.9135988693219046,2.261872479443894,1.1794698713312397,0.3741954542058399,0.01032422482204453,0.8829787234042553,-0.4657066457490213,0.7538558784668055,-0.4634853121796166,0.5326685292449777,0.65703799403909,0.5334466349515021,0.7066693413876026,0.0015456034840010124,-0.7075422623792039,341
3.9527710636731186,2.792974799936292,1.3671174340990837,0.4128032447542941,0.009498742317256014,0.8794326241134752,-0.506961203624017,0.6940963592770477,-0.5110974291252457,0.5364692356701373,0.718177857059565,0.4431944548489182,0.6746785139602318,-0.0495056528860951,-0.736449654173817,342
4.891467227530073,3.279969050913764,1.5051327971746646,0.4523824071670611,0.007047713272150028,0.9219858156028369,-0.4488729764542575,0.780725370079931,-0.4347193894026931,0.5498027938688196,0.6247968275063378,0.5543877814238477,0.7044359011742204,0.009839758715046859,-0.7096994013561614,343
3.807935810961599,2.4274324586272704,1.2046507516935208,0.4718374374817209,0.011845335019397864,0.8794326241134752,-0.5264428184625576,0.6998386345693762,-0.4827875769458756,0.46353169780496495,0.7122810449747917,0.5270617403110052,0.7127386084808689,0.05368052285223926,-0.6993726313254365,344
4.453649713585539,2.78742881985705,1.0514711864733786,0.284575854783568,0.004123778195783759,0.9148936170212766,-0.4290757773274983,0.7640932657336128,-0.4817213495075193,0.5378190051175011,0.6445845396162538,0.5433796913964704,0.7257028972280766,-0.02592783346607741,-0.6875194923829658,345
3.048259643141093,2.476309550655366,1.1051155820133598,0.2657387385029852,0.009645966755829733,0.8652482269503546,-0.5741295097116982,0.5942280890037216,-0.5632657315310334,0.4102428172125324,0.8041392504891061,0.43018704855951145,0.7085733109592329,0.0159073587312257,-0.7054578789229491,346
2.4508129932232885,2.4507995280237083,0.8613543858717232,0.5597259623196432,0.01080591357659514,0.8900709219858156,-0.5697474746142261,0.6665960526042954,-0.4806636223213519,0.4156682621948602,0.7382912330621302,0.5311741249228019,0.7089483133308216,0.10283850366458488,-0.6977223883389528,347
5.29277340714767,3.2744898148672705,2.010211400315792,0.5704977821583577,0.0068889243325107145,0.9078014184397163,-0.4699788990277213,0.7680310943197711,-0.43502651945216597,0.5465343141110307,0.6402137434003761,0.5398394263671955,0.6931234218866624,0.015956218826912644,-0.7206422976157252,348
1.99286785179117,1.9648535352005367,0.7352547420274489,0.4466232880054113,0.014789527592166092,0.851063829787234,0.5750498656767062,-0.5761464254164833,0.5808381430872207,0.29686457784424714,0.8085270558185738,0.5080899747394214,-0.762357576473507,-0.11974680158216114,0.6359808402021899,349
3.1088050782408416,2.6186129972275873,1.1631372790635741,0.36961364336623775,0.009212448739606024,0.8652482269503546,-0.563799388950899,0.6577434514088375,-0.4995035546894367,0.3929333860294999,0.7455750944049164,0.5382574966932574,0.7264527535648722,0.10719762465600721,-0.678804144143305,350
4.331153202718476,2.1111403071745687,1.2362472867368146,0.30254320621523617,0.008903615034323744,0.9042553191489362,-0.5132338276725592,0.7571983733042735,-0.40403175815514275,0.5166404667185407,0.6484884294174612,0.5590575865333759,0.6853274153872895,0.07818810892352199,-0.7240255198137295,351
2.6913340375935766,2.209239662685674,0.9152196348619204,0.29781846076167867,0.011874193586724263,0.8723404255319149,-0.5399279703219699,0.6382126627495457,-0.5487826381821246,0.5773504830710973,0.7552424785402306,0.31028248146806475,0.6124901685427846,-0.14930973080996437,-0.7762489276797022,352
3.0038833331403394,2.446571198713778,1.0676808342005,0.30134150770677093,0.010303523742494712,0.8723404255319149,0.5393536572753729,-0.5893945219673421,0.6014247499551112,0.7322634210084354,0.6809385495566359,0.010628921898658165,-0.41579792524338366,0.434668596982337,0.7988587460625967,353
3.1452369793117767,3.066648712583029,1.137009137358423,0.4010131617609025,0.011259327904595114,0.9290780141843972,0.6237942574952396,-0.4580252954318436,0.6333194715627612,0.7288748243964306,0.04836143759465683,-0.6829367918884226,0.28217408576450675,0.8876226676343674,0.36401069383276957,354
2.25095755101922,1.6686296830544993,0.6562406637569896,0.2172030918605123,0.013015090000853761,0.8687943262411347,-0.49594620322466904,0.6660624644651568,-0.5571338770328341,0.591695566016357,0.7288050782613908,0.34458600531215855,0.6355578027714067,-0.15875752369890955,-0.7555543183685551,355
2.5167240284367907,2.145664561384539,0.8672142394246289,0.26797168164833707,0.01091401450197334,0.8652482269503546,-0.5087481325820273,0.6891414127732509,-0.5160033437829523,0.4858213233962573,0.724624052436713,0.488771546188713,0.7107411479067532,-0.002023815970789933,-0.7034507266618659,356
4.044101142723621,2.906702773651966,1.1277344851559652,0.329673474681396,0.0074586993725979725,0.8404255319148937,-0.4662481969702328,0.7497959132172298,-0.46948770734146744,0.5398930965754687,0.6615804842280343,0.5204101336049782,0.7008052961359229,-0.010832885642343193,-0.7132703453084961,357
3.3288092593574015,2.285390507433514,1.1601698834862217,0.27068444729972374,0.011784537339764561,0.8120567375886525,0.6663993199813792,-0.37888753897611577,0.6421496547822616,-0.6862271366229484,0.025104909779237457,0.7269539603491033,-0.29155490613368973,-0.9251021437190592,-0.243273016168618,358
2.4823026892761746,1.2349021209010513,0.7196112598816028,0.1318172709858661,0.01410369689392404,0.8226950354609929,-0.4600565259115611,0.7880568519983264,-0.4090408182378295,0.5541231999156839,0.6147941191703277,0.5612269330215575,0.6937546196468807,0.031537105955822375,-0.7195206311611524,359
2.5740838006103246,2.130362492341926,0.9425030528271346,0.3820609570769064,0.011443232376358933,0.851063829787234,-0.5535023367831233,0.6570667987062784,-0.5117600856001814,0.2728421947902215,0.7236183995051789,0.6339822936325731,0.7868877301862551,0.21128093604356832,-0.5798000225481859,360
4.4087503778369665,2.881141457197243,1.4675086265202963,0.5665072757334452,0.008843401563847147,0.925531914893617,-0.49039118222949196,0.6598560193393808,-0.5693035412968621,0.5967042577869058,0.7303322574328879,0.33250386838645923,0.635185419488309,-0.17664888195108602,-0.751887395408975,361
2.5446902497805692,2.3612392913727205,0.9715399851934009,0.36067982476249943,0.010990950443513123,0.8723404255319149,0.5879362329626866,-0.5876113776675521,0.5559171294404293,0.5864363369161062,0.7829886389499404,0.20741555876968085,-0.5571565387878569,0.2040628827370653,0.8049440546863951,362
2.1840750788954786,1.989722450243138,0.7595552129864597,0.3568035418738486,0.01584515608450328,0.8439716312056738,0.5967528261752063,-0.5708565629952441,0.5639227331267653,-0.2562791647473148,0.5303769196217313,0.8080973411965803,-0.7603992728615163,-0.6267560192114796,0.1702052825674243,363
5.593365650612243,3.428878171575501,1.9551741325466447,0.7619439325526165,0.007893741941880661,0.9290780141843972,-0.42317080897353687,0.7780010837667617,-0.46437138164450514,0.536395635421339,0.628173917411402,0.5636286470584609,0.7302096881948503,-0.010575591792300415,-0.6831412504926213,364
2.4601985954970162,0.9981043862664121,0.5874864442647022,0.0750063610963047,0.014664361187590206,0.8581560283687943,-0.4418650946853084,0.790111800654258,-0.42482770691849836,0.5327346930021993,0.6121325397550685,0.5843693187059549,0.7217679578442062,0.03189194631714137,-0.6913999701977926,365
3.7047744449558477,2.53511910794531,1.2781093105708197,0.2285251472929783,0.008971981894900189,0.8794326241134752,-0.44845611760878085,0.7366745803234984,-0.5061597309984832,0.5921908636181153,0.6690573132845097,0.44907938339200587,0.6694752360068967,-0.09835077145458054,-0.7362948011006183,366
3.06729760838057,1.9893895000104354,0.9684265376712597,0.378700054102575,0.012768384045463505,0.875886524822695,-0.46211148485137515,0.7534698490968846,-0.4676923797437533,0.5375285416257815,0.6574410284142631,0.5280476882775423,0.7053481711226859,-0.007381101510879701,-0.7088225989867762,367
2.171334355114327,1.6317091006970503,0.6643797847423838,0.20939502742035118,0.013831254789054684,0.8368794326241135,-0.5113668698758451,0.7122952860513264,-0.4807695392414535,0.5007437221693037,0.7016366861424802,0.5069138835808602,0.6983979160202382,0.01847663735796648,-0.7154711488037311,368
2.90450331740066,2.135413101354476,1.0908556048545643,0.3993586812447054,0.009930282674047823,0.8900709219858156,-0.505924364031691,0.7447531956332556,-0.4351818188679102,0.49608679540399114,0.6639489248306535,0.5595263323937649,0.7056475248344087,0.06719004993503838,-0.7053701637330568,369
4.165955916857897,2.778504748497693,1.494189123710655,0.4256298156413509,0.008131990680820168,0.9113475177304965,-0.4807699749805746,0.752001871295233,-0.4509472438386177,0.5193388274005721,0.6585821111454491,0.544570275752728,0.706503654280271,0.02761862501413609,-0.7071702751395539,370
2.743222296469233,2.226064303126571,0.9336213242350514,0.4428482562557789,0.011009648437520843,0.8900709219858156,-0.5022938264746418,0.733840230618545,-0.45736137551304334,0.49999519571126133,0.678025702150221,0.5387819145900847,0.705482612224511,0.041948339054371536,-0.7074847141101068,371
4.858930038467818,3.922536576804589,1.6360695543309842,0.8203836893471508,0.007486955119880316,0.9432624113475178,-0.4078398247990691,0.7333551216588835,-0.5439273323198136,0.5916175530730542,0.6660021705735719,0.45434544092259,0.6954533400622336,-0.13649679237247722,-0.705487971171946,372
3.4461136028218,2.8508616553314994,1.4003350315433707,0.3949431462255362,0.007840681589777196,0.9397163120567376,0.653190484920619,-0.40944844177130146,0.63694125627111,-0.7014890433855003,-0.01055145193836057,0.712602125222826,-0.28505317472230035,-0.9122722402841412,-0.29411570374206836,373
5.092173177281202,3.336826202744874,1.8117220224256145,0.377347803608787,0.0074608722668711176,0.925531914893617,-0.4278884716636007,0.7645557350417842,-0.48204354972564983,0.5864960372039388,0.6406707199046604,0.49554356720768783,0.6877018642998316,-0.0706792520585871,-0.722544524003175,374
4.225292312859387,2.3922130783650775,1.265127940871754,0.36945378134153384,0.012395163844023668,0.8723404255319149,-0.49914793362827475,0.771930873456026,-0.39366745732920366,0.532289751383442,0.6316388459750731,0.5636488169307475,0.6837535820211672,0.07179898927349077,-0.7261721174849172,375
1.883635245924007,1.7025409297650032,0.6873206028664647,0.2822745778422758,0.01412302529161533,0.8439716312056738,-0.5757330760208493,0.6293713427884142,-0.5219416998595527,0.3330080588185796,0.7635032614677975,0.5533248616228242,0.7467510012965852,0.14475663233422006,-0.6491598104148185,376
2.4998206109925447,1.6395139389934235,0.7318020892079748,0.3359305470774993,0.018392165686971763,0.8297872340425532,-0.45445314600188214,0.8076090895387218,-0.375818967833489,0.5664970106061463,0.5876240884388786,0.5777361574807973,0.6874252505278605,0.04965369251942814,-0.7245557506195741,377
2.2154294147145235,2.215279480523148,0.8641184970997113,0.38200075994103044,0.012287611435265803,0.8475177304964538,-0.5555548719620663,0.6495607916881185,-0.5190660479560543,0.40920628162601014,0.7570266162698507,0.5093730669527343,0.7238155865391589,0.07057960158944615,-0.6863741811304156,378
5.991067224925164,3.075524664403916,1.47861290105501,0.40024966410916557,0.00892047655230432,0.9326241134751773,-0.5142588534098653,0.7434518292493602,-0.42757129145366035,0.4745262088991527,0.6619368172046365,0.5802279957885466,0.7143967446435968,0.09549359986290196,-0.693194246678271,379
2.9026507630713705,1.8990785958220602,0.9729245029611547,0.17409806168283717,0.010596355141029013,0.9042553191489362,-0.4953146946719352,0.6633946079769152,-0.5608662472900314,0.6250751417943688,0.7205215111180533,0.30021628724455757,0.6032780622174134,-0.20188201040041193,-0.7715563709307899,380
3.2700375060391806,2.1315597555677277,0.9473364110058882,0.24167651708471827,0.009125569953008231,0.851063829787234,-0.4300203781223973,0.7801206020653366,-0.45441646166560384,0.5643778183814294,0.6251444918359131,0.5391400953798894,0.70467024381514,-0.024621343595236572,-0.7091076342284552,381
2.8122213255079154,1.9695077926346094,0.9199360393028418,0.20947593062135642,0.01035202392589214,0.851063829787234,-0.5003859190306962,0.6872622713796371,-0.5265781066222822,0.5002664391819006,0.7258985873311534,0.47202196001764324,0.7066451880994219,-0.027236212084977396,-0.7070436810319394,382
4.278239501370388,2.106887776111811,1.2068223589284355,0.30409792900245536,0.01077551484684835,0.875886524822695,-0.4319289730202114,0.7893818762244548,-0.43624948796997465,0.576527965960831,0.6136243832508415,0.5395188789515075,0.6935797479243266,-0.018476194640243082,-0.7201428771437259,383
2.5897262325246135,2.3298160662930765,1.0265810594007891,0.2018000962198112,0.010229184188010733,0.8723404255319149,-0.5317084427436157,0.6561139164523734,-0.5355377302792841,0.4820364622010687,0.7543637648016754,0.4456188499860841,0.6963669873161973,-0.02120940809571456,-0.7173724137324997,384
2.84271895992387,2.842717905676856,1.1097462437534067,0.31720527383621305,0.00908455792344138,0.9113475177304965,-0.514050999090233,0.6557273550706614,-0.5529676357133102,0.55688122950273,0.7454580993449289,0.366299765695494,0.6524069792406125,-0.11964053632895894,-0.7483657364584899,385
4.693342332503139,2.974762105715559,1.638643664829579,0.37926893005411016,0.008387096024932738,0.9290780141843972,-0.4711597679684294,0.7322487599070954,-0.49175220046529217,0.5695916823772184,0.6782668458231789,0.46424067166047184,0.6734788700580188,-0.06136643603466915,-0.7366548527728417,386
3.7234163066345376,3.251920295542191,1.4828558908577265,0.3949831267877628,0.006927354196074664,0.9184397163120568,-0.4847369163274429,0.6912428122952334,-0.5359230321599721,0.601883604353406,0.7081958663758511,0.3690457175726474,0.6346386757517337,-0.1436732031324368,-0.7593363957705119,387
3.174499719174259,3.014573919158202,1.3637816152096927,0.22321299336725026,0.007757173250705794,0.8581560283687943,0.5850797564934813,-0.5663235547967046,0.5804819633924492,0.708453859123065,0.008569173864051071,-0.7057051075009476,0.3946831742488716,0.8241384595695749,0.4062277580657473,388
3.3134615909235094,1.8256799171538771,0.9715682609902683,0.2358292708324709,0.010323470303314914,0.8652482269503546,-0.4306324217548291,0.7881547792284094,-0.43973601320904854,0.5544915442421314,0.6154714919027703,0.5601196033160728,0.7121059223862329,-0.002624239774808995,-0.7020671397153245,389
4.561976254369807,2.8661081559358683,1.5996632257184178,0.6067219031159135,0.007558285837616987,0.900709219858156,-0.44444093616857455,0.7736204235521378,-0.45164554079566877,0.5326149097380416,0.6335875761035826,0.5611489475459477,0.7202732899270519,0.008844414632857234,-0.6936340275299816,390
2.9436684843850336,2.943668484143592,1.1870542281385519,0.3056632624521775,0.01037563874584553,0.8439716312056738,0.5855234167203097,-0.5461146521832908,0.5991002546676957,0.7694027962728763,0.14162709614863575,-0.6228652364067079,0.2553070025668186,0.8256515925662764,0.5031081217125382,391
3.30603039072412,2.7683455870117313,1.028448318292913,0.5084950126470468,0.010527613308213968,0.8936170212765957,0.5985553338629176,-0.5085427275839488,0.618963493693876,-0.6648468129730976,0.11567910471968774,0.7379681971540282,-0.44688950265559646,-0.8532307067568121,-0.2688626665483784,392
3.663081389401989,2.160719621770421,1.23462797810634,0.21740941485959744,0.011316120157005092,0.9042553191489362,-0.4952576553695567,0.7034955812854241,-0.5097193560281313,0.5094298021086945,0.7104403584639007,0.4855468811445303,0.7037052874047104,-0.01919542074474126,-0.7102326409713136,393
2.2196717610763654,2.2035866333872236,0.833519985864204,0.3315806044684691,0.01427693403821914,0.8617021276595744,0.6938599606473508,-0.4577137933015477,0.55592844722317,-0.38678324992698204,0.41430812123346905,0.8238613343615022,-0.6074183670143493,-0.7866682045827843,0.11043578818535313,394
1.6552805986184376,1.564660383888556,0.5588201391892376,0.27527895018961324,0.016577633224163498,0.8085106382978723,-0.45644172863379895,0.7548693807296025,-0.4709916840016347,0.5229289741443635,0.6558714832816477,0.5444059931873041,0.7198654293422577,0.0021944144635122065,-0.6941101844686111,395
2.6554278425258295,2.258300237793184,1.0469647769903991,0.45205599200278107,0.011263913327173079,0.8687943262411347,0.5743740143670193,-0.4344592134374722,0.6937864826293518,0.8184051793970205,0.32292705121838916,-0.4753220823058049,-0.017534365002633334,0.8408111033107785,0.5410445772699931,396
3.190797449396627,2.104498039858289,1.0996664389805215,0.16702062763583636,0.008356143386415096,0.875886524822695,-0.48461307363124007,0.7190146274789633,-0.49816476625406786,0.5571277782795112,0.6927649260919587,0.45791417956440134,0.6743580707124504,-0.055630231422228726,-0.7363059620951682,397
2.6390678011885385,1.9463386146348296,0.7602285688778241,0.1975343799642206,0.013503449221046168,0.8687943262411347,0.6432507443421869,-0.44129341118312015,0.6256905026845045,0.7172701294024998,0.061417905847296936,-0.6940831378936199,0.2678657151823347,0.8952586029118614,0.35603369579599925,398
2.900966385703285,1.8032214757896434,0.9465183827993272,0.1733190302244932,0.010646773745417075,0.900709219858156,-0.4795839198255771,0.6858676590376757,-0.5473434188248847,0.6191480466505365,0.7064992019599083,0.34280398766472625,0.6218158571261749,-0.17448332847636566,-0.763479277983528,399
2.2158161835702743,1.7528052688482407,0.8279809629854538,0.33628157468199765,0.012257494177071868,0.8546099290780141,0.6851894148004831,-0.11994056036643051,0.7184216922005894,0.7243194119910488,0.0083906050257926,-0.6894135095573936,0.0766606499992846,0.9927456168255229,0.09262442990593465,400
2.5586620726082128,1.678424765925522,0.8761112174237752,0.3505936906253419,0.013598041904498502,0.8652482269503546,-0.492338416254167,0.7789795983255583,-0.38832160546754335,0.5576948330999449,0.6248525639396019,0.5463842480084234,0.6682659328545508,0.05244100238036695,-0.7420718187988136,401
2.6575732058290336,2.65745710613794,1.1017557591105578,0.33354774823956485,0.009732079439938496,0.8794326241134752,-0.49231063690352656,0.707538997660786,-0.5069702196192736,0.5340271926494831,0.7054646426884355,0.46597703315441436,0.6873464878084097,-0.04133043316550711,-0.7251528121656812,402
2.9289622216672813,2.2953660016660975,0.9619986733887769,0.36998935990609383,0.010937920188249678,0.8900709219858156,-0.5332239511184396,0.6828430567454352,-0.4993972144577804,0.3972705187547433,0.7232996970573534,0.5648129629931292,0.7468924640682735,0.10277600931779313,-0.656954137689026,403
2.317262683077641,1.978226202993047,0.7398963779572554,0.156701157022138,0.011855840085679146,0.875886524822695,-0.5486800879333025,0.6607400418387029,-0.5122233479806367,0.40610601200212093,0.7461851174303779,0.5275278926664887,0.7307722409350512,0.08142706943272773,-0.6777474192074515,404
3.6748051540173865,1.9803349243810562,0.9903815040172907,0.3345645104258804,0.010829052430530409,0.8936170212765957,-0.48803003745498397,0.7286215248638294,-0.4805594198918541,0.5139529524078104,0.684897703076715,0.516495400784494,0.7054637093805622,0.005080337129380524,-0.7087278355770077,405
2.6750899002185573,2.2958403610694624,0.9684170037975499,0.3036293873130329,0.010633359989581443,0.8936170212765957,-0.5351437761952371,0.6395474829365966,-0.551905930271605,0.5873179635960077,0.7512681307860397,0.30108770367234927,0.6071892196316898,-0.16301905635450573,-0.7776541897452529,406
3.9949312822502643,1.5241380141938523,1.2014645036651923,0.316239461098538,0.006273364033159194,0.9432624113475178,-0.35333343331165395,0.7917273081159314,-0.498320533881256,0.6330973492360676,0.5945357497581059,0.4956964682644326,0.6887258026925256,-0.14033927405779195,-0.7113098177745534,407
3.712830902585586,2.8686451550464978,1.4167640368446643,0.4174744532008606,0.008241773066636515,0.9148936170212766,-0.4453850633328253,0.7576842354096832,-0.47701860002693697,0.5665457852689272,0.6510490857593485,0.5051345970391764,0.6932950443743484,-0.04527347284625055,-0.7192303484297711,408
3.1641590059905242,3.034100862869687,1.3026256550951179,0.5525895055199598,0.008763764365660249,0.8900709219858156,-0.5693894361447281,0.5939043691954177,-0.5683953467942727,0.7950072181431562,0.5737574974155566,-0.19689047021051478,0.20918698120836438,-0.5639857572758646,-0.798849718334369,409
5.339820743492471,3.129859758782862,1.6142726106549523,0.5284595056551391,0.00806142616853807,0.925531914893617,-0.460994426467463,0.7510252338944036,-0.4726999437484537,0.5558010046410983,0.6596149116038065,0.5059579148801299,0.6917870929743348,-0.029483324842342284,-0.7214993773735083,410
2.546003375879579,2.0302871228150465,0.7841037192185394,0.2681759443161499,0.011685409277682225,0.8865248226950354,-0.47415790540786523,0.731876277801395,-0.48941944662099535,0.5419969684964233,0.6807051324953675,0.49282837655227546,0.6938397270839377,-0.031585385640190894,-0.7194364437071891,411
2.985014269017425,1.8922030575642534,0.8894087837143165,0.15440990959084328,0.010643145640158369,0.851063829787234,-0.513914090894302,0.6809694061785765,-0.521701998298914,0.4973830953002897,0.7320323315404104,0.4655520616311494,0.6989294411382211,-0.0202319902211201,-0.7149044012187269,412
2.9939918378700128,1.6559417837831645,0.938812933102581,0.32151448927107695,0.012237261041332157,0.8900709219858156,-0.43688328665274256,0.77027800116688,-0.4645479466770396,0.5473476584996709,0.637471711932395,0.5422548821549782,0.71382318159221,-0.01736713575514512,-0.7001105969896737,413
2.561883904888531,2.5618838970592948,1.0919772879474967,0.2309298481108277,0.009296911398466334,0.851063829787234,-0.564480097678441,0.6121433121917282,-0.5537533608601198,0.4846245366760719,0.7888324575313554,0.3779978999895964,0.668207511014685,-0.05499017443128032,-0.7419398917294966,414
2.6015110529256686,2.249805694158514,0.9226469981854716,0.2915129998035023,0.01150852982452281,0.8829787234042553,0.6282417354958687,-0.45442535047121013,0.631513992426341,-0.7046006178514418,0.011888645158773395,0.7095044957149005,-0.3299246748948999,-0.8907054849754807,-0.3127194396421303,415
2.2324923143537823,2.2316284369193626,0.7828526497923262,0.3475361705800941,0.012375322420384666,0.8368794326241135,-0.5139400123942575,0.6442218617258065,-0.5664308047190992,0.5942095920685606,0.7435926103600795,0.306569715581298,0.6186926735899703,-0.17902017398164619,-0.7649648050424777,416
4.921505483795941,3.1079763661485336,1.4497749842376106,0.45311497948327256,0.009935866894432285,0.9148936170212766,-0.5125003431130011,0.7828343425080051,-0.35286511658013986,0.5396899879598178,0.613283493413228,0.5767305034440253,0.6678907958678485,0.10513681038022146,-0.7367958576824964,417
2.4384858730278443,2.222853753992772,0.8172728742360927,0.4960040237083092,0.016192652007940067,0.8652482269503546,0.5951139791551086,-0.5266974267123964,0.6069836674151231,0.7596290920684935,0.12214826137351872,-0.6387827836805112,0.2623032487358272,0.8412310163908403,0.47278682592122256,418
3.087800347092185,1.7442457520765506,1.0203959586205351,0.1802346155346169,0.010325696083209083,0.8475177304964538,-0.4592362817342356,0.7754623151301977,-0.43331309159985903,0.5476456864750022,0.6312174938088576,0.5492255252580569,0.6994185010594427,0.014922242545232223,-0.7145565667273543,419
4.1090266689835,2.3505754754642756,1.3258855345855836,0.3078917555562033,0.009393727086170303,0.8829787234042553,-0.4539387049039366,0.7463686789698853,-0.4866964631501704,0.5284596276904158,0.6652944214198813,0.527364916095954,0.7174050976201969,-0.01780808469021064,-0.6964286022473678,420
3.7428324724971698,2.1761256996399725,1.107352770972114,0.29692275714334937,0.00957621270159047,0.8971631205673759,-0.5358594348079324,0.6996838090608828,-0.47254336675629816,0.4326227174820323,0.7081668326304476,0.557976094004592,0.7250463781343818,0.09456375891542013,-0.6821769895371739,421
2.5502654221600483,2.145229747906324,0.8786893751916913,0.2214031616497916,0.0113581525759548,0.8829787234042553,-0.5256289706286398,0.6885680239816311,-0.4995880919176403,0.4337831915920227,0.7221130131225488,0.5388737690510758,0.7318103087058252,0.06653474753168948,-0.6782527548361152,422
4.621813660471119,2.0159353568492446,1.3385314496057383,0.22285460719775507,0.011845626840716115,0.8936170212765957,-0.5107684965783278,0.7735080507463438,-0.3752343778676289,0.5058799114372664,0.6233128885250978,0.5962940199286946,0.6951266489693358,0.11474466623373286,-0.7096707711774319,423
2.2592904095979107,2.05170205104533,0.7037505355626469,0.09777908062017066,0.011027831710446509,0.8404255319148937,0.6185355081031716,-0.506873736102011,0.6004105602548478,-0.6725219182095682,0.05366563048314524,0.7381288977086382,-0.40635956337125145,-0.8603481944857183,-0.3076895992748056,424
3.1899079723814343,2.2102514857722855,1.1291771254676362,0.20138323101863315,0.008248827894991428,0.9113475177304965,-0.44148694069068795,0.77176843920342,-0.45767101442968183,0.5566635545810987,0.6356308502802658,0.5348823320816668,0.7037151186387238,-0.01862520930092834,-0.7102380821793376,425
2.260890129678224,2.260737835861842,0.821137652841929,0.27776771085924196,0.012403849479378221,0.8404255319148937,-0.5724193092718843,0.6641116511560339,-0.4809281122699163,0.372735626521513,0.733173696119913,0.5687921272657356,0.7303453204439077,0.1463285553700023,-0.6672208530831558,426
3.2564758434657106,2.5487448922839304,1.0419080900087823,0.5466044939870114,0.00990871607556939,0.875886524822695,-0.503391402096849,0.7095574290075719,-0.49307742924933506,0.5252889541023134,0.704399475689388,0.4773812871768362,0.6860529214230242,-0.018698491615094542,-0.7273113194624802,427
3.3834117912749244,2.339504583009184,1.2126549606402115,0.3025644023810852,0.009182628749842093,0.9290780141843972,-0.47401219312010234,0.7319547952577272,-0.4894431718521462,0.5104909995854268,0.6813521202752258,0.5245552664293116,0.7174338855363209,-0.0012107417862063374,-0.6966255479011552,428
2.9876474438816945,2.4550621237651424,1.0487498327007676,0.22514918251721863,0.01077604410485078,0.875886524822695,-0.5814454509334072,0.6772903947589561,-0.45077589637879284,0.30414590556388293,0.6948395201660051,0.6516849770742006,0.7545968829233078,0.24181762215093666,-0.6100063785729576,429
2.788914320206475,2.038356649177054,0.8986569847151527,0.3266388331786977,0.01168549978733871,0.8262411347517731,0.6270463904854908,-0.46840095449754243,0.6224253931234718,-0.7067179913092301,-0.005972620877858446,0.707470146762177,-0.32766218112404166,-0.8834958254715414,-0.33477249205302867,430
2.6131031362335437,2.243052691555745,0.9618865591242816,0.18659487390039897,0.011584614373939456,0.8687943262411347,0.5968932155678519,-0.5490104854514142,0.5850692062256161,-0.6672721969921196,0.06521518199975412,0.7419533645439239,-0.44549557161702497,-0.8332673441946117,-0.32741293311119934,431
3.119703648455895,2.805791570334053,1.1193206319533506,0.37544004992440794,0.009569165351045471,0.8794326241134752,-0.47000493025228773,0.7263782163875289,-0.5014678975729299,0.5161500909714362,0.6870472280147503,0.5114246670502176,0.7160198664343891,-0.01846058598528555,-0.6978357669511929,432
2.448986126720017,2.1427786592650357,0.9257806758919462,0.354623262504585,0.011264956796730017,0.8900709219858156,-0.48814448413361555,0.7038692007203279,-0.5160262695708941,0.5126564233385486,0.709749784842305,0.4831548763347304,0.706327370430775,-0.02869479384189047,-0.7073035095252378,433
4.271119682631237,3.143649708518469,1.3626549141338657,0.28333733195244526,0.007556316671394993,0.9184397163120568,-0.5667865721977345,0.6464643181670866,-0.5107219076103023,0.3648899185903893,0.752769618493389,0.5478989403023306,0.7386530504150386,0.1241844869944776,-0.662548024148044,434
3.600933538015128,1.8076541768076648,0.8442553379899642,0.19921642026598962,0.008664874278719443,0.8865248226950354,-0.45528394649051956,0.7639277995393993,-0.4573082605408623,0.5436896609313281,0.645287396576586,0.5366616517097055,0.7050660115651549,-0.004300338394041481,-0.7091286388415726,435
2.927225551192412,2.84357747528199,1.2026690792961503,0.21854245403511727,0.00902575028440682,0.9042553191489362,-0.5672765778269621,0.5865789588423697,-0.5780332250764935,0.5414341322324053,0.794525952324321,0.27491378928106364,0.6205210429168965,-0.15701476403998554,-0.7683098327958551,436
3.088793956916469,1.8434778629493378,0.8693707897902252,0.26097840228278674,0.012207930786926786,0.9078014184397163,-0.45930854614283556,0.7624022869429535,-0.455827173723012,0.5488323074384522,0.6470645123146117,0.5292358786163669,0.69844023205421,-0.007090117573639226,-0.7156332667511014,437
1.797705444456415,1.7489541939662825,0.5426449058890327,0.13680430773030447,0.009827386584746337,0.8829787234042553,0.5819083393656863,-0.565371841207866,0.5845830700130622,0.8043584966997425,0.5061448312219773,-0.31116686618951966,-0.11995871524653631,0.6512849537617951,0.749291542485231,438
3.4895984430403217,2.5814482075090877,1.2583168093756625,0.38161748056546924,0.010478640494632672,0.8687943262411347,-0.5104010220242027,0.728093017268299,-0.45757114738780674,0.5107211346173213,0.6847467598882996,0.5198901782854447,0.6918487691481756,0.03166122277518571,-0.721347937960964,439
2.920509174420101,2.368838210731614,1.1239581665622194,0.19909132328342066,0.0075161671408044035,0.925531914893617,-0.5232452490888704,0.673820084661394,-0.5217095962437703,0.48747662496772337,0.7388158254972745,0.4653146420486447,0.698985657518095,-0.010847557406745145,-0.7150534113493228,440
5.548100996527068,2.9791572537301514,1.8459304957066767,0.46480351273201315,0.008797902470124446,0.9113475177304965,-0.49057739699744635,0.7595289101043853,-0.42714125564133293,0.4794110174870816,0.6445764965745971,0.5955553848095234,0.7276667464349398,0.08738978646994744,-0.6803411874592968,441
3.712245914464691,3.062479335050017,1.4443212351789367,0.42540031170418946,0.008899366890753333,0.9219858156028369,-0.6016888676379502,0.6350762765097814,-0.4844054392500492,0.2799489162251191,0.7356761331528808,0.6167732414863715,0.7480635740797319,0.2354968155277188,-0.6204370548342201,442
2.5607582513253764,1.3183672773390833,0.7060808877396928,0.14064379988809106,0.013434637719270393,0.8617021276595744,-0.442807066436687,0.7748543867566484,-0.45113477059268436,0.5497883715987112,0.6321090254436181,0.5460502965914008,0.7082758278866879,-0.0062337209351890355,-0.7059082747458973,443
4.0611451891659565,2.082068003796224,1.1006697618529577,0.4787150082775329,0.010976355589375722,0.875886524822695,-0.45801242654706903,0.7664687313253465,-0.45027802636702075,0.528122572404906,0.6420636630292956,0.555734469988886,0.7150602531569563,0.01673130353310387,-0.6988625743572141,444
3.113555970550981,2.251020032972257,1.0281160454387137,0.3779662861361202,0.012090518135351384,0.9078014184397163,-0.46875915309135036,0.629667497815689,-0.6195027833574351,0.708379131179173,0.6869417343697201,0.1622037610259425,0.5276967527879246,-0.36280834579106674,-0.7680535406606949,445
3.640757955065978,3.64066774939008,1.527390544600629,0.5427529297919019,0.006647847181648964,0.8865248226950354,-0.5266870983151611,0.6358347465541128,-0.5641940052347447,0.5339774082066557,0.7638900679463136,0.36240873557059683,0.6614142635241989,-0.11039084729923718,-0.7418524333311163,446
3.700196801392303,2.16554441194201,1.1886669015267115,0.24867681942140638,0.012508519295790317,0.875886524822695,-0.5346902254566164,0.747971922189559,-0.3932484792306375,0.5123603235497997,0.657010852905854,0.5530132349373447,0.672006891075603,0.09420585321506547,-0.7345284171268829,447
2.523407554965601,1.8397786308376356,0.737113296632629,0.18378301914344686,0.01166807229891634,0.8829787234042553,-0.5268648455529811,0.6780972268598117,-0.5124427630921005,0.5276021883913911,0.7336114135724467,0.4283108972240277,0.6663702914484173,-0.044703968518127246,-0.7442796449411215,448
2.4909143068255175,1.5191355966891384,0.8208751739904896,0.2613697911058298,0.013262347301654423,0.8262411347517731,-0.47812667816574667,0.7695762703093655,-0.42325789278277487,0.4919532548962442,0.6338800667281859,0.5968065482228404,0.7275828987979167,0.07712603439434051,-0.6816705217298336,449
2.962377262528199,2.051857196117583,0.8796969893860986,0.23457418110940179,0.011720561458036636,0.875886524822695,-0.5454561220661189,0.6443872216777722,-0.5359503031429246,0.4490160242406602,0.7646123919548148,0.46233375395297244,0.7077162064526303,0.011532502223646934,-0.7064026985486109,450
3.748416569262626,3.445231082554016,1.542416483458919,0.3204810586495622,0.007531839163438717,0.900709219858156,0.5966567026194926,-0.5573521936773561,0.5773727664362716,-0.6972453624169624,-0.0038440278976834257,0.7168222429846611,-0.39730301258267997,-0.8302672796470789,-0.3909047972846663,451
4.970002763348338,2.491063492749675,1.6567167783889691,0.31169581349957043,0.008516650959685136,0.9078014184397163,-0.49277141478164993,0.7846076022028459,-0.37625422700561384,0.5103508059931432,0.6108160447891491,0.605347680469901,0.7047825108473111,0.10627638492930114,-0.7014178087346505,452
2.564978954527686,1.4303986808671616,0.8243748299309511,0.28334696904473655,0.014456940130997546,0.8226950354609929,-0.4470009501545974,0.7818589618569307,-0.4346109919512964,0.48858799325412816,0.6203746441856494,0.6135283805166903,0.7493143021515011,0.06190205663410203,-0.6593149565842393,453
4.6004839190952245,3.800506104684272,1.6887354181427723,0.4446582066589464,0.0072926373679344176,0.9432624113475178,0.6109707527669455,-0.5886200885384948,0.5293780602105898,0.2206576586992568,0.768819211915137,0.600189317671974,-0.7602795123642057,-0.24988679588790239,0.5996095832457345,454
3.3449941330550126,1.7434028353580782,0.959205534280856,0.34002245942738324,0.012458290799860864,0.8971631205673759,-0.44472024872717725,0.7796153936794734,-0.44093507266947723,0.5533487783740811,0.6262585558295628,0.5491860802334511,0.704293283969079,0.00024328639498194526,-0.7099090864102109,455
4.123695567511825,2.4442174276816053,1.2575874066721657,0.34167460950420064,0.009471320728285321,0.9113475177304965,-0.4494115725357992,0.7591955600685192,-0.4707986194150824,0.565928295324679,0.6497315393362063,0.5075175773731453,0.6911978031083452,-0.03835398758996553,-0.721647121946832,456
2.510935672373827,2.331869906092367,0.9843004400756762,0.33640546034742247,0.012042787679272245,0.8617021276595744,0.6064450883882837,-0.5193538978348904,0.6020763104237147,-0.6603279507330061,0.09285309438115459,0.7452149356692961,-0.4429349300410565,-0.8494997537772162,-0.2866335920334072,457
2.2413378465840954,2.0944307200878765,0.7159708587178221,0.2307098675227877,0.010641494505771926,0.875886524822695,0.6027594967418477,-0.5165095582873622,0.6081931151248824,0.7301457471832273,0.049613962228004,-0.6814878154613513,0.321820100301024,0.8548428691577371,0.40703254426692553,458
2.5173696858263725,2.3267941078890297,0.8809474101859964,0.24038199858621884,0.011266535498378968,0.8687943262411347,-0.5359868284295777,0.6712986883430844,-0.5119337757746181,0.38445024610427797,0.7339536063472031,0.5599197371055024,0.7516090260370497,0.10329653798065694,-0.6514704116234659,459
2.4642606191406515,1.6898038521578607,0.6542375376553939,0.22804357602093686,0.00815399411027235,0.8581560283687943,-0.4544532545686363,0.7495662664802832,-0.4812719102199747,0.5678121611123381,0.6600570568737171,0.49184756923679407,0.6863392667660146,-0.04975031483333325,-0.7255779193643326,460
3.8961734810910684,1.4481075468405546,0.8434003817862428,0.25097949068694553,0.011991412771658553,0.8723404255319149,-0.4435299403812793,0.8075201455091449,-0.38883467770026425,0.5613880139521621,0.5884979081140574,0.58181931038444,0.6986592086104826,0.03976715657760729,-0.7143485728140753,461
3.0250353329062305,1.735312002281583,1.0391901251975992,0.31740058757925,0.010254926466412885,0.8581560283687943,-0.4682135444775398,0.7960534309466837,-0.3835036008250671,0.5614073463391944,0.6031589576477794,0.5665872071319897,0.6823473222957374,0.0499820656561723,-0.729317437655634,462
3.5508786975491127,2.479203805439448,1.285895326755073,0.35793511806279416,0.00897870124923219,0.8829787234042553,-0.4975367009799643,0.7035753935423498,-0.5073843678905581,0.5020055406666206,0.7105584478113431,0.4930488103463476,0.7074232596670733,-0.009399885406873282,-0.7067276518124574,463
2.9142908989216485,2.7884818567398666,1.2743257386612599,0.31416899993536396,0.00855639327116039,0.8687943262411347,-0.5730924631185892,0.6254479902032932,-0.5295090558879326,0.3959865950253641,0.7770547551757534,0.4892652900206271,0.7174675221059744,0.0707157621001944,-0.6929932436277442,464
2.424944540331528,1.9677273933276112,0.8526173131007643,0.1794273566261167,0.012271017791552074,0.8723404255319149,-0.4674199983747216,0.7324322989389969,-0.4950368396294472,0.5364548102358773,0.680087604532784,0.499696994923572,0.7026626371838509,-0.031996525308154194,-0.7108033769433291,465
3.0080868035682595,2.967366023732039,1.2688393026861027,0.3711290722957462,0.008467989567581437,0.9148936170212766,-0.5302821477197199,0.6640092593029259,-0.527155145445571,0.49996977783347857,0.7470708385067781,0.43808148044162004,0.6847123958735546,-0.03125485262738045,-0.7281428905952029,466
3.286623805710114,2.599549473003192,1.2478254106075868,0.5750861343579136,0.009940326432576845,0.8900709219858156,-0.5336968606048337,0.6658906997443979,-0.5213034020361472,0.450940367123976,0.7455675884536074,0.49069517660719475,0.7154162748209174,0.02680572777203638,-0.6981840779335869,467
2.6389375334627005,2.2641523681143956,0.8726002039001617,0.33313652575203295,0.01148546421317632,0.8581560283687943,-0.5735256834672766,0.637181030477806,-0.5148481570352899,0.42936062313691337,0.7690574204856423,0.4734977711620734,0.6976515933493412,0.0505076073003968,-0.7146546270065801,468
3.51945515066449,2.797979966279726,1.2177325845969251,0.4526548477788402,0.009645145431159975,0.8829787234042553,0.6315359204987335,-0.45304432204142103,0.6292163565784399,0.7305268893075304,0.07576531425488621,-0.6786678724932554,0.2597938511945205,0.8882626072406108,0.3788095767791937,469
3.26163852088465,2.7029153614352546,1.2766997496615844,0.3715562994068588,0.008738884515501753,0.8404255319148937,0.5947545698525121,-0.5651336050024728,0.5717438326177752,0.749940253369794,0.13384737806054742,-0.6478228891926915,0.28958007185440554,0.8140693384984022,0.503422778687627,470
2.8025454355902824,2.105080680862116,1.049546239257889,0.21388570560135814,0.010939313999897542,0.8546099290780141,-0.42837938473521564,0.7580466429547563,-0.49178896880562717,0.5713175336351521,0.6488837416184198,0.5025397154696598,0.7000624104284737,-0.06569000660910249,-0.7110537564325015,471
4.001373479568234,2.7583845243815697,1.3019921004537378,0.3426872768824029,0.008138237725139072,0.8581560283687943,-0.47249368358934474,0.7012262715599642,-0.5338833534043588,0.6127922543551045,0.6967648198485322,0.3728329905250223,0.6334314264153311,-0.15099835063852096,-0.7589230040879544,472
2.9530982185675607,1.3049807990306024,0.776354786415294,0.25480660276078126,0.01544980659670134,0.8120567375886525,-0.43989357015138375,0.8013907333532035,-0.40529808713474597,0.5801820951706363,0.59808684383002,0.5528841322382618,0.6854796739385348,0.008063481447850712,-0.728047111720155,473
2.690138687044005,2.3407279316791,0.9378669354580635,0.4403976231266044,0.01098180492120008,0.8687943262411347,-0.47058269373831646,0.7728289584697416,-0.4257784979359154,0.5468193390705861,0.6341439568412028,0.5466717958887125,0.6924886560604422,0.024430369468289304,-0.7210149917132416,474
2.513515835252109,2.0450858293875602,0.7675254682207069,0.24911424863430467,0.01116669378228671,0.8936170212765957,0.5824736464706233,-0.5394766361857988,0.6080208961679449,0.8042290489202002,0.27382933087916694,-0.5274780890455812,0.11806814998180362,0.7962301530084899,0.593361150902173,475
2.420208595349887,2.1851709245134034,0.8552071005136795,0.40648630107682915,0.01128919867920171,0.8900709219858156,0.6118320393645091,-0.4302393961701513,0.6637436384555482,0.7645420850298768,0.10649772701341054,-0.635715057521171,0.20282247366905476,0.8964107853680258,0.3940948465162224,476
3.186383673970063,3.185734756648773,1.1693160176520094,0.5685494027324657,0.010664068844449976,0.8900709219858156,-0.5181671908470165,0.7223961782054854,-0.457871733178431,0.5293937424707985,0.6913685800529215,0.49168257234558244,0.6717477411666328,0.012379346901824934,-0.7406765312927167,477
4.270805101193336,2.365402953551037,1.4139472487589395,0.3685063776321764,0.01004657090783965,0.8971631205673759,-0.5518820676126156,0.7352279649125749,-0.39353020603015715,0.4673114685741904,0.6635088403913731,0.5842739169786111,0.6906852935937307,0.13854911884602114,-0.7097590907345487,478
3.1812713915547235,1.9803147554319676,0.9837631269827816,0.3027755045306195,0.012212096729135891,0.8936170212765957,-0.4022675291023678,0.7987968149303827,-0.44733039633692634,0.5450160323844794,0.6015356795480004,0.5840482434479242,0.7356210705748959,-0.008858594008153614,-0.6773353422334043,479
3.0427908357857443,2.4723202044454506,1.0986280202151344,0.2624473838236468,0.010677082654734086,0.8936170212765957,-0.5047403423757005,0.676455635382545,-0.5363254237285959,0.5143508612884536,0.7346084167425626,0.44248578004588046,0.693311169872725,-0.05251901950896151,-0.7187220424611526,480
2.896185348093097,2.5649411373113207,1.1066653375526623,0.5330445669493635,0.011368491774787945,0.8652482269503546,-0.5160217447741241,0.6825928983852817,-0.5174828441545182,0.49571907278449073,0.7306594804889578,0.46946706428597423,0.6985586301792811,-0.014270902059324547,-0.715410498634497,481
2.8054352605083532,2.805381514319362,1.1493462826100167,0.45737370969542884,0.009014882708298576,0.900709219858156,-0.583325158109928,0.6206657884119942,-0.5239329527820763,0.30754354723478744,0.7657959803718825,0.5647773747243348,0.7517637437854208,0.1683166525961865,-0.6375898195458763,482
3.992871215436525,2.4475273328419807,1.1944927483477772,0.29024477506828955,0.00941218648794147,0.8829787234042553,-0.46535494691280666,0.768694736780282,-0.4388088137561412,0.5091417801025574,0.6380013827551478,0.577692723994788,0.7240299863526218,0.04541626634601592,-0.6882717062420987,483
2.4818195280024318,1.623978020222137,0.8501634499658852,0.35980480992989794,0.015519782142629347,0.8546099290780141,-0.4275118444333645,0.7696425782625579,-0.4742192790203129,0.5935330960094259,0.6346395161573843,0.49492539687612186,0.6818739522893131,-0.06987836758885835,-0.7281242523995943,484
2.7180137593291995,1.6335516791850646,0.7300517691685657,0.20503762876320758,0.011867189340418093,0.8936170212765957,-0.42330020398807655,0.7913632654197346,-0.4410908290226262,0.5582570211275928,0.611283077129897,0.5609653268931608,0.7135587121361489,-0.008785314952758638,-0.7005403504265701,485
3.0342726571628074,2.563941987437098,1.086828072821721,0.38784556619902016,0.010304487734596414,0.9113475177304965,-0.5461235275848442,0.6351668767933735,-0.5461795778339186,0.46478180313383305,0.772182456504381,0.4332575785171249,0.696941151098103,-0.017242171887884572,-0.7169210133722124,486
2.094854263178742,2.0948533329936985,0.7795499940146267,0.3550905948575163,0.012444875098848765,0.8936170212765957,-0.5311476777895482,0.6502794748435972,-0.5431562841171091,0.4281411320407591,0.7591847324659974,0.4902384246929134,0.7311479436021329,0.027841454481895955,-0.681650598165002,487
3.225284885918005,2.664590136319186,1.1942984623843869,0.42273036913808093,0.010726700308455047,0.9042553191489362,-0.5317750369382456,0.6293226808783031,-0.5667171017548994,0.5999013112914685,0.7522574545445901,0.27244657970484876,0.5977739763490079,-0.19509404248782017,-0.7775632371618765,488
3.0929458110841836,2.010924911350107,1.096398593292025,0.19405487467243965,0.0113504670373926,0.875886524822695,-0.5546114124222761,0.6996809193969235,-0.45039182079922807,0.3613833844323501,0.6900881233758361,0.6270410125596546,0.7495386785664822,0.18499998110133062,-0.635583807475709,489
3.534857815667353,3.4778905012471872,1.4010272933838968,0.22457987314151878,0.007538345157377858,0.9078014184397163,0.591599577424802,-0.5677123053503331,0.5724619448876981,-0.6585775357120564,0.06929634687449096,0.7493154514390353,-0.465065123876464,-0.8203052813822792,-0.3328868815230015,490
3.8093000848250713,1.5326608623579985,1.1569403486798082,0.17085853716295948,0.011495467019063533,0.875886524822695,-0.43662981973312187,0.7921021173860764,-0.42653093223389543,0.5488578741380864,0.6101954446705805,0.5713287611348593,0.7128179532787049,0.015354313262629427,-0.7011810112572865,491
3.7978339924846654,2.3393868640461584,1.226578327704747,0.3580041598660192,0.009114884127610275,0.9078014184397163,-0.4860380557240463,0.6987688576204036,-0.5248705478571501,0.559248343015562,0.710196490266701,0.4276239423222325,0.6715715146001483,-0.08569147467943189,-0.7359678470863569,492
3.488652880791575,2.562040409868218,1.221577580057662,0.5649257103576815,0.009835981981622647,0.8829787234042553,0.5872882536564384,-0.5512494415944248,0.5926352674782405,-0.6843672253603045,0.05271812181653269,0.727229193916729,-0.4321273052814518,-0.8326733169580804,-0.34629631712771486,493
3.131561677657692,2.1868323241927006,1.052632887485838,0.4193210598508446,0.011277187188851059,0.8794326241134752,-0.6031675949196749,0.6590681167668107,-0.44924166091343826,0.35943002183076295,0.7273957605145689,0.5845557860394243,0.7120385606451045,0.19111416757237426,-0.6756304190217949,494
2.663155381406873,1.8202257857009942,0.8762988875972263,0.1990428761991805,0.011301425448423472,0.8652482269503546,-0.4489672289037637,0.7612634827802871,-0.4678742749454205,0.5618136949774338,0.6476633100741646,0.5146820464321441,0.6948336488011202,-0.031782803038816476,-0.7184678516988199,495
2.9469190053066363,2.9469190004586587,1.209641920617938,0.260092137229873,0.009758198556003331,0.9078014184397163,-0.54596566263153,0.6250266623427834,-0.5579096401640277,0.5350545804290311,0.7725479711044436,0.341886279783675,0.6447000009223112,-0.11185393914855277,-0.7562080435354572,496
2.6683904055944403,1.4492784652587425,0.7593242526193718,0.20049766058653015,0.01414180411157796,0.8226950354609929,-0.4648478787370411,0.7697236826445608,-0.43754074325686354,0.5392360953753126,0.6380777298494685,0.5496191809921989,0.7022399042193914,0.01955154843597029,-0.7116718723370314,497
2.6531936569346204,2.0848996930283525,0.9142785731391927,0.3178989765391432,0.011611007803346554,0.8333333333333334,-0.5344640471334188,0.6816254491694241,-0.499734859066633,0.4486597713569252,0.7298922694321149,0.5157147317938362,0.7162768961007455,0.051420055112938484,-0.6959190944674991,498
3.1333152818682417,3.133294237987427,1.3507601742840294,0.41203689704898994,0.009283076025732792,0.8865248226950354,-0.5499522404195022,0.6398038810842793,-0.5368459062031333,0.4429410546590887,0.7683659651303769,0.46197074120203613,0.7080647960145062,0.01627075224928773,-0.7059599898479927,499
2.2189237551707763,2.2189237475086423,0.7958811256094788,0.15551434875334624,0.01257949037959333,0.8262411347517731,0.5732054026191608,-0.5741690870435047,0.5846070696560506,0.7634341116357946,0.6333825235519055,-0.1264710878022532,-0.2976641120442153,0.5188028896822459,0.8013985513203032,500
2.530361617202112,1.8715788791761383,0.8349376750930302,0.24718962066469632,0.011523161048302354,0.8687943262411347,-0.49130313942723286,0.7239548026639118,-0.4842630162306446,0.5026544335487425,0.6897317605019982,0.5211608379268408,0.7113084743082552,0.012631003707963967,-0.7027664705452243,501
4.434938696247715,2.492407822544003,1.167903550193192,0.29800962616040233,0.008237379180866422,0.8829787234042553,-0.47753341752631284,0.7382797691964564,-0.47634527135352916,0.5356692985433344,0.6743791600699948,0.5082038479403519,0.6964339435608609,-0.01247921706340041,-0.7175123911109497,502
5.351318019308601,2.2627184461942265,1.4639964166987982,0.7824461626410136,0.008208609453387783,0.9148936170212766,-0.45836212060542775,0.8141793117059801,-0.3563933427886553,0.6201041610852243,0.5802328387897373,0.5280157972966272,0.6366906594248777,0.021021445715729864,-0.7708327334909534,503
3.1417847372912417,2.780592748778255,0.906084840644376,0.34149942852628146,0.007051256068987435,0.8936170212765957,0.5290768063943447,-0.5842807747646699,0.6153809463868362,0.7196410436911397,0.6932233090647588,0.039474194158124164,-0.4496604287356053,0.4219685059452934,0.7872408010384171,504
2.2824635675725595,1.5587772008763359,0.6366338294343323,0.20066022174374332,0.011506447030452564,0.8829787234042553,-0.5231631090597118,0.672614796241128,-0.5233447211890858,0.506113542234618,0.739279547516989,0.44420134285006807,0.685674444387206,-0.032482095076856204,-0.7271832436282579,505
2.789655090600858,2.263644391112413,0.8678568821147546,0.2504423929115894,0.011044291182613075,0.8723404255319149,-0.5725576006163031,0.6091930976613656,-0.5486907724194491,0.3929729330961226,0.7912755578010566,0.46846052713164343,0.7195485166618942,0.052600013197494355,-0.6924472332107994,506
2.7073374810146085,1.6010827894589048,0.8310797311917116,0.2789011279311588,0.01146166353592267,0.9113475177304965,-0.46227199391178025,0.7704615464508217,-0.4389688019500193,0.539828507867094,0.6372522448843105,0.5499952349647164,0.7034840337483246,0.01727952055223267,-0.7105009728569491,507
2.3383172636302807,2.3382667220705966,0.8877750276175103,0.25854800467641414,0.011050997017784487,0.8794326241134752,0.5645027497113102,-0.5705495328782006,0.5964980101398804,0.7621422116672419,0.6377843480901256,-0.11122218540479414,-0.3169793286057228,0.5174015421930247,0.7948709010732149,508
3.8238229876652547,1.7585973545767224,0.9507097451603261,0.14720202953581837,0.014217821790345928,0.8900709219858156,-0.44204822674454286,0.7828640621781132,-0.43785525620002375,0.547730219832881,0.6221481412300095,0.5593954742808239,0.7103414471321725,0.0074532217213393315,-0.7038177874792193,509
2.180281486651785,2.058407487094967,0.713240692893918,0.35802721351999656,0.011362663277222573,0.8156028368794326,-0.5578002816395896,0.6069488343097947,-0.5661024274217308,0.4323562915022102,0.7947090534832005,0.42603469050101,0.7084679830459881,-0.007115675780759861,-0.7057070809882333,510
3.7933828676631354,2.8344738219403407,1.3653780078472557,0.36771449908432047,0.009049380202573835,0.900709219858156,-0.5061466739765004,0.7183594924253691,-0.47725798480998965,0.46787652497210147,0.6935770044571267,0.5477613497393817,0.7245047286267748,0.053949777855380715,-0.6871552369492634,511
2.697299610153901,1.9239678081319032,0.9197692322757923,0.17669998457966235,0.012204910372446566,0.900709219858156,-0.5571206458280318,0.6474724081616384,-0.5199962179300207,0.43084688583819647,0.7606709846172837,0.48554156786510094,0.7099208032982869,0.04646648072257062,-0.7027469809352255,512
6.783146089206895,4.58305586828237,2.0544073989525007,0.17881870019166163,0.0075965497856188315,0.8971631205673759,-0.6305842024700308,0.667845590028187,-0.39540590723348834,0.3476428388716728,0.6985466816808988,0.6254414361823569,0.6939077893902614,0.256933457129483,-0.6726642390011623,513
2.258208542986316,2.2582033618813133,0.8058525397637075,0.34354054985642846,0.013422248510337024,0.875886524822695,-0.5608855425183028,0.6231598341792103,-0.5450497493437533,0.6092667973649891,0.7564437197038855,0.23787994566410786,0.5605366873118641,-0.1986572928092211,-0.8039489425275419,514
3.3033604008787125,2.383922216911947,0.9039400668627154,0.4190826418686131,0.006672123254908473,0.9042553191489362,-0.4677363430678696,0.7478535077242411,-0.47110279595651366,0.5267384338951219,0.6638637694668195,0.5308780630681774,0.7097670995694364,0.0001630148887159788,-0.7044363972673016,515
2.598886822515899,1.862580354344493,0.8581959999409741,0.2899001582172801,0.01172141843526125,0.8794326241134752,-0.5113223496658051,0.709722306390458,-0.48460675041114415,0.4596669775157456,0.7023174770225142,0.5435590411816082,0.726123766663631,0.05517616587385413,-0.6853465300165178,516
2.386474324678267,2.2030183908416214,0.9204373369581004,0.21764381829996068,0.01137399285042618,0.8297872340425532,0.6260979319792802,-0.4529453231601178,0.6346982856433796,0.7200505650750562,0.023499391654290738,-0.6935235845499205,0.29921324052648635,0.8912285412952476,0.34085645640706935,517
4.371554944726463,3.0127543574899893,1.4305757247561526,0.2879072599656996,0.009892239320571653,0.9326241134751773,-0.6230997361501054,0.6291889897813091,-0.4646158993702699,0.27488162282692996,0.7322975320188773,0.6230412651109836,0.7322477806328282,0.2605024754911883,-0.6292468895602586,518
3.4698161876741245,2.2067709657968924,1.0779602178354803,0.435395299516067,0.010115447996779853,0.8865248226950354,-0.42695275266094695,0.7818268566683153,-0.45437662042339044,0.5550595965539178,0.6232634451719766,0.5508643410003596,0.713876874025656,-0.01701305688287766,-0.7000645431864534,519
2.728549439348141,2.4469177777009463,0.9917220788440944,0.3159278266156082,0.010504870515915418,0.8617021276595744,-0.5555911761700317,0.6634635688919805,-0.5011332534517312,0.3796527336313091,0.7386503801487252,0.5570093515843502,0.7397176804756496,0.11921287119795443,-0.6622733910798961,520
2.9927764759705173,1.5268363869473145,0.8880857621267899,0.0939065911808451,0.013301230368418284,0.8475177304964538,-0.49949203628722194,0.7652718528906018,-0.40603780225371827,0.5051931034115681,0.638054142324569,0.5810910769645731,0.7037667468352233,0.08512286787840084,-0.70531302512652,521
4.605720410802343,2.453000122471332,1.5824375916440452,0.3559122954019953,0.008155094843409429,0.8687943262411347,-0.4827828029590762,0.742258379105059,-0.4647292370997423,0.5086422924145426,0.6696517732922315,0.5411557270267485,0.7128841305108824,0.02487973422085593,-0.7008403636284392,522
3.090565076873412,2.4741304393896524,1.0430978570525948,0.3638985351116932,0.008959198907247373,0.9042553191489362,-0.4553455096195108,0.7573390257412757,-0.46807912467723184,0.5503027165055332,0.6527007371233637,0.5207193754463612,0.6998766941940409,-0.020477984468036142,-0.7139700729555463,523
2.220330968731131,1.9282019868473408,0.6999571709825999,0.20100981463366965,0.011785534696771866,0.8475177304964538,0.6322127832084855,-0.48000648163779247,0.6081946845653028,-0.6460006098868721,0.10682905024776806,0.7558245603636793,-0.42777354847345317,-0.870736086083991,-0.24254578870300503,524
4.1482788107501,2.459932125325762,1.4153106694843292,0.5599998773398805,0.008893736808837562,0.9184397163120568,-0.40293572970242786,0.7582145623488621,-0.5125948450494754,0.5721560570411888,0.6458205039151785,0.5055228215558866,0.7143390260375335,-0.08959103841829558,-0.6940412103865876,525
2.7575437965161833,2.43409362546486,0.9782190755296662,0.30033432043800085,0.010944052715584475,0.9042553191489362,-0.4887200432020485,0.7193437178262676,-0.4936571026496742,0.5302352263457966,0.6942432405284298,0.4867000387534469,0.6928227219964785,-0.02389432159463692,-0.7207119655458222,526
3.3963787711237345,1.9838241991927372,1.0921895026593234,0.24258242811604522,0.010143224073682917,0.8581560283687943,-0.46775730578630725,0.7722363269161376,-0.4299466923638408,0.5584408287738342,0.6352653872052574,0.5334620216822821,0.6850890041753175,0.009430970789188892,-0.7283983203907358,527
2.072676365840592,2.0716995310322885,0.7511875296031985,0.4336574397286949,0.014329209620829234,0.8262411347517731,-0.41819516139500795,0.7730407518246241,-0.4769914076838527,0.5775049173370622,0.6315934697190152,0.5172791890843942,0.7011425514382338,-0.059141229499525216,-0.7105641684858366,528
4.3424952101690995,2.5523887934414877,1.4378293148496213,0.2930797318591212,0.008027006202064946,0.8794326241134752,-0.43927047905048544,0.77922018853344,-0.4470540728107366,0.5643838159337605,0.6265409274290142,0.5375103483361392,0.6989365883589184,-0.016197655333443584,-0.7150001967936057,529
2.8182127695174595,2.251282613935261,0.8876907762293013,0.15891399849491136,0.010906635265584998,0.8652482269503546,-0.581487383338045,0.5913903402725388,-0.558685858466996,0.2836101500495685,0.7909969334763997,0.5421154249971065,0.7625206264800545,0.15678429979836292,-0.6276790402181693,530
3.172276946469431,1.9153212299603812,1.085021037095223,0.3450215805838996,0.010735883683821616,0.8865248226950354,-0.4700749681017162,0.7521627588626593,-0.4618232438328366,0.5294270055790535,0.6589436221975654,0.5343223264367203,0.7062128362807968,0.006669853466552272,-0.7079681793180873,531
3.0824737382189205,2.6432197292156534,1.0744280139502111,0.2927662800658703,0.01004514639947836,0.8900709219858156,-0.5747865266734106,0.6622987639283948,-0.48060461509814606,0.4472719708162018,0.7460976199522238,0.4932404338898198,0.6852504891475142,0.06854698243210561,-0.7250745329430246,532
2.80834758768495,1.343896756148497,0.9240877978621647,0.18173927596087253,0.012629081646501889,0.8226950354609929,-0.44690046971350295,0.7817930486646137,-0.4348328405600701,0.5623266447207388,0.6235354177665386,0.5431319613388851,0.6957504687795522,-0.001792163607768349,-0.7182813330044409,533
3.1320037155354163,2.5664575363451205,1.15855860218679,0.39337685683253254,0.009216080402622921,0.9078014184397163,-0.5475582535329363,0.7239474925590177,-0.41961885921091735,0.4322075879903099,0.674093476474506,0.5989946459344301,0.7165030075802608,0.14662200718864005,-0.6820010462868918,534
3.5377887708951876,3.1449699849166266,1.3525315958052915,0.2939597220772894,0.007698777078842249,0.8617021276595744,-0.49471429735807027,0.6822498932698677,-0.5383241097357289,0.5678444312504566,0.7226838803676046,0.3940567357052375,0.6578833223964236,-0.11073884679766197,-0.744933850702576,535
3.648066946433754,2.0660594261770813,1.1376145643293243,0.10850940023242821,0.008222009931951584,0.8900709219858156,-0.4578485786547975,0.7336370705932992,-0.5021467192714338,0.5739273747456175,0.6752683185293711,0.4632710507986868,0.6789565873760893,-0.07608775618848534,-0.7302250377909651,536
5.589109741843178,2.118310751930867,1.5444886690139843,0.26951582022543885,0.00919065833392659,0.9219858156028369,-0.4147588121431447,0.8019621345462764,-0.4299207630524349,0.5723086218237377,0.5972338673905221,0.561938207481903,0.7074164043445852,-0.012978535962906601,-0.7066778533875516,537
2.438799819851124,2.024469484430173,0.7868249064978234,0.14054644213243525,0.011575489984284254,0.8581560283687943,-0.5269845543876295,0.6593983365205511,-0.5361726524458345,0.4812335959866717,0.7515217547597535,0.4512530090941866,0.7005008961668847,-0.020220927692644025,-0.7133649897160923,538
3.2811201489105515,1.5947390528371495,0.9164331638695342,0.19393422486644304,0.015373397803298937,0.8581560283687943,-0.45931466072735794,0.7851499252856956,-0.4154150181021127,0.5803816478415246,0.6193031707661991,0.5287917600792286,0.6724486488124342,0.0017825551319924082,-0.7401416332078157,539
5.120751419461348,2.2528771807342203,1.6347220549069368,0.3046199298586882,0.007678392968034324,0.9042553191489362,-0.4770734967230694,0.7203180549560225,-0.5035303153026597,0.5711392595261655,0.6895622253037773,0.44531324218128293,0.6679826531821966,-0.075138785846426,-0.7403737825647245,540
2.400707119448264,1.838458574316597,0.7765761590147564,0.0901485904508529,0.011971920962869564,0.8368794326241135,-0.5111021392339247,0.6810713781682078,-0.5243246905406649,0.5084903862927219,0.731409901693962,0.45439749421834114,0.6929733979875305,-0.03437053307830551,-0.7201434135903271,541
3.1670786504099504,2.65287083447168,1.2345138068784502,0.2277825185544802,0.008658826693567072,0.8687943262411347,-0.5266289545934973,0.6675947870695226,-0.5262880812457746,0.4696413526003789,0.7445198976992367,0.47447562830729756,0.7085894044589199,0.002705957781841184,-0.7056158541876991,542
5.449901605274972,2.355387037794062,1.225758673112548,0.15970514678363534,0.005639407270820977,0.9184397163120568,-0.5088051450872099,0.7519974964892292,-0.419066927359718,0.5100562614579663,0.6554779758541087,0.5569481423954329,0.6935127500488409,0.06963037012778531,-0.7170715982909668,543
2.7701397576475775,2.202219004917617,0.9534588709419768,0.15434192438113065,0.010502971991807426,0.9042553191489362,-0.5644674594802165,0.6646098421163322,-0.4895612780337658,0.35563755248834944,0.7310190775098058,0.5823513025458164,0.7449150410939804,0.15461198556003503,-0.6489966991234523,544
2.8064763564356983,2.4980495103783853,1.1296499800572235,0.32443652608654183,0.009657887884553427,0.8687943262411347,-0.49824367602980535,0.7119128977751913,-0.4949073299898037,0.48819732599809124,0.7020694605569493,0.5184224565367396,0.716530955496425,0.016688275363390015,-0.6973556418935578,545
3.2166604014846123,3.04193522555167,1.2282105427267218,0.34167699434500465,0.009656106149664593,0.9219858156028369,0.5375218968056995,-0.5474257003860586,0.641401054731933,0.8014110379931682,0.568254253750692,-0.18662114370284208,-0.26231766741322576,0.614338836189832,0.7441621031145076,546
2.41610816023679,2.416108160094638,0.9737484520453235,0.21040188479692074,0.011508593053992976,0.8794326241134752,0.5873064212140207,-0.5389896865839057,0.6037891066895481,0.758108192788472,0.1050840600219341,-0.6436064856387819,0.2834486472498616,0.8357316902484251,0.4703290404458711,547
3.2282049745454446,2.3471961151614904,0.9637004069693522,0.21658760161659005,0.009186452325787707,0.8865248226950354,-0.5990994034702922,0.6413856837723805,-0.4792747744388139,0.24906138070534947,0.7181756810134935,0.6497631259481795,0.7609522543515361,0.26990386409357076,-0.5900030260470486,548
3.823268781340614,2.3019091196019605,1.1365264405589832,0.208117658578625,0.011479047760404093,0.8971631205673759,-0.4359060398318745,0.78110936573147,-0.44705042579632215,0.5669797244550546,0.6241014732561386,0.5376163531147351,0.6989419979475855,-0.019118311800414733,-0.7149227746120133,549
3.765247940810371,2.44551219358847,1.1734701520322186,0.25416749523817084,0.009114229735013605,0.8971631205673759,-0.5439741827766931,0.7298074559389539,-0.4140931848368684,0.4399363901330488,0.668284325821968,0.5998766810748518,0.714526459348519,0.1441427664386582,-0.6845982776594457,550
3.0772177028688583,1.6505727355733513,0.9881342181676438,0.09466157408778278,0.01100877923002132,0.8723404255319149,-0.48013660006587255,0.7438760757875964,-0.46488410292031984,0.5223185231903473,0.6682177669677722,0.529781441955887,0.7047355572194716,0.011549882226684044,-0.709376060077524,551
2.999267127096098,2.711692423655091,1.26565090207124,0.35679544422924536,0.008163862990192006,0.9042553191489362,-0.5207010152584862,0.6501593871816956,-0.5533201821443925,0.5469260406543507,0.7516880333121837,0.3685607231236352,0.6555473733933629,-0.11071527371949805,-0.7469938215288526,552
2.564347291555966,2.0930182480064747,0.9009650403013346,0.30351475396836086,0.012510028860732582,0.8581560283687943,-0.5234939345457816,0.659008601304652,-0.5400571857685657,0.5738772508841419,0.7412255939952765,0.348209017292788,0.6297769457605101,-0.127641224582169,-0.7662171470123387,553
2.833518769851168,2.3831568252111124,1.0383777153242433,0.2988057004241098,0.009685890655235037,0.8687943262411347,-0.4720170583353873,0.7331527347803898,-0.4895783534067281,0.5581266462343393,0.678387633963736,0.4777916542262881,0.6824181587587016,-0.04772091333073622,-0.7294026124351791,554
3.711401458860165,2.2384230302291965,1.1088481378457922,0.17920043641947528,0.00983917601440501,0.8368794326241135,-0.4576051958457433,0.7653653514212908,-0.4525631045265876,0.5508427706460611,0.6435669888319069,0.5314073512032019,0.6979754485380915,-0.0061163493683996095,-0.7160955686976801,555
2.6876829390125048,1.9607690756448364,0.8570920184472457,0.2451278410523723,0.01353045738779955,0.8581560283687943,0.7065895700712064,0.07613161094419407,0.703516280750936,-0.7049007015044114,-0.011405500535901674,0.7092142945373523,0.062017582064899116,-0.997032543286611,0.04560621824111365,556
3.274811497114347,1.2983912856587565,0.8238812247627094,0.06525495754293298,0.013954314596730103,0.8723404255319149,-0.4091198401579775,0.7982956064226597,-0.4419785980739212,0.5774650377827082,0.601547615332891,0.5519733658664406,0.7065090845330484,-0.029403932621166307,-0.7070928667570361,557
5.098729792831824,1.7242059299369856,1.0926124516298137,0.17268873254333109,0.008812606950412681,0.900709219858156,-0.4560764107865731,0.8026024842533361,-0.38447829560901137,0.544593487487071,0.5933937400774592,0.5927071811810233,0.7038552698607197,0.06093538797167167,-0.7077249731230596,558
2.0168790039505833,2.01136332244382,0.7415803637745941,0.3148392110374898,0.013421251617200034,0.8794326241134752,-0.49457081744366577,0.7247322685574419,-0.4797529004025803,0.5121366955120942,0.6889848067776142,0.5128507981270636,0.7022219817429932,0.00794197338181793,-0.7119137682442627,559
5.033334702274164,2.8633265493191637,1.2852891061666842,0.7117735655940179,0.007281233075997434,0.9148936170212766,-0.42048754908477276,0.7416369115822,-0.5226518080361886,0.5280683727427874,0.6684784134529044,0.5237178672303175,0.7377899530174327,-0.05577904737716513,-0.672721846754088,560
2.485981600704684,2.161129187680385,0.9104568086966062,0.7583670029158345,0.012889919423378244,0.8936170212765957,-0.49330051196488156,0.7101479572670382,-0.5023390127042082,0.6051825399340846,0.6950070495432262,0.38822582918212656,0.6248269346419982,-0.11249479932277942,-0.7726164778667433,561
3.8332168912511464,2.5277945845296674,1.2745271788249368,0.47375822599969164,0.009883141897163892,0.8900709219858156,-0.43034476709481473,0.7344730035174513,-0.5247406869475281,0.5300742808487976,0.6761594014022912,0.5116929945562333,0.7306330393684233,-0.05794713969946444,-0.6803069092578078,562
4.636618097201505,2.271305964413984,1.5851236014136776,0.32453942552898996,0.006533958431690183,0.900709219858156,-0.4713063613326072,0.7665498380850035,-0.43620139786487694,0.5179605289666919,0.6408686478461869,0.5665723842902555,0.71385376947941,0.04109406209727787,-0.6990880301223747,563
2.087622488713008,1.8212262189565787,0.6132047553568514,0.06022550511583629,0.0098295182663952,0.8191489361702128,-0.5475753012438151,0.6202373184137046,-0.5616644534904465,0.544638608690794,0.773772573021039,0.3234884714541727,0.6352401714242427,-0.12876984929469198,-0.7615039399251464,564
5.312093624909055,2.6874440869439074,1.4433719018385531,0.2152160030277686,0.008282054718979756,0.925531914893617,-0.5152640940765605,0.7365592581668516,-0.4381590722148275,0.5022286050607985,0.6737745049583446,0.5420279925675632,0.694456148085785,0.05923154292127558,-0.7170929386829988,565
3.8915523968397028,2.3577224539298074,1.33370199745411,0.257524882589653,0.01075933856285217,0.9148936170212766,-0.47253312471756964,0.7260688936799843,-0.4995361925576298,0.5887291876998616,0.6818454818489657,0.43414822633797906,0.6558280183057986,-0.08894211888905912,-0.7496525261030029,566
2.066529819737953,1.2443474624853266,0.5198053050337661,0.12132979232058845,0.011201023917634743,0.8475177304964538,-0.45649438358337774,0.7621782427292778,-0.4590176511496505,0.520355290519864,0.6471823349134098,0.5571224255080882,0.7216947064963275,0.01547099499506907,-0.6920385819656609,567
3.2154835804209343,3.0363725276737674,1.254835607199828,0.2569771818625706,0.00941442215844604,0.8936170212765957,-0.5418757350014751,0.6478442919919132,-0.5354142892658992,0.45899770374513366,0.7617701867156476,0.457195024675359,0.7040538301673429,0.001988960709597226,-0.7101438222374326,568
3.467001809396095,1.9101388556328533,1.1172360535301926,0.3526265250279461,0.007937945815262758,0.9361702127659575,-0.4891230088796656,0.7688263764305481,-0.41190373279344755,0.5211449656520317,0.6362914224562884,0.5688067778113194,0.6994044659280103,0.06355492595563506,-0.7118947706134162,569
2.25708048288131,2.2570804828804687,0.6989518336319329,0.7180080007552576,0.012039817395925507,0.8829787234042553,0.600808260085224,-0.578394882275454,0.5518050332961176,0.43649120913551903,0.8156576472722094,0.37970781766218187,-0.6697050537070617,0.012726452920114734,0.7425181334050326,570
5.546041598420298,3.0648602977968795,1.6068340981847864,0.42639949733199906,0.009377181188577196,0.8936170212765957,0.47391706109519816,-0.5927969124198235,0.6511485543471738,0.7262765467065151,0.6812692604222573,0.0916218997170975,-0.4979206733074552,0.42949274199831916,0.7533996201643692,571
2.3332630710282665,1.9508001978696887,0.7381816390298099,0.24875265407474653,0.012330834629390962,0.8723404255319149,-0.5276082190210327,0.6834847853569926,-0.5044582395074538,0.49468605165196133,0.729964411898701,0.4716329798289946,0.6905905281152118,-0.000711018206083297,-0.7232456131430481,572
2.4811314232335464,2.404401535771699,0.8111592340441538,0.25226740576163453,0.009046261218206597,0.9078014184397163,-0.5012180182668645,0.6981830633905495,-0.5111955674291642,0.5270672244636263,0.7148508368824054,0.4595524147523697,0.6862802919076478,-0.039098478271063136,-0.7262855292073778,573
2.463187925025761,2.448030824100248,0.8617048425772772,0.3725383058068231,0.01119797458421524,0.8794326241134752,-0.5290604434039641,0.6056048952532239,-0.5944222052300306,0.6539876194522998,0.7373527483599832,0.16914821337836547,0.5407358327578401,-0.29925513417702776,-0.7861622757677795,574
3.484527942177877,1.8792026732313125,1.1242373337330345,0.3783021045172748,0.012343354514148308,0.9078014184397163,-0.6547632968341272,-0.07054451051345881,0.7525347149170736,0.5927270181970924,0.5698726460470097,0.5691395691625767,-0.46899862155243965,0.8186993583262394,-0.33131805513451185,575
3.244882700010627,1.9568351164224491,1.0002040232977563,0.36180076401460226,0.01104680819747943,0.8865248226950354,-0.44796434842525135,0.7420220581178265,-0.49872959387480215,0.570483096028137,0.6667442865666515,0.4795842923583699,0.6883872309144698,-0.06968013775325008,-0.721988710934317,576
3.148147165387052,2.0228697985490363,0.8747630227274443,0.2414752059514403,0.010331627168238903,0.8723404255319149,-0.4511021218781202,0.735084669349726,-0.5061199507271585,0.592144964284162,0.6708149141049233,0.44651057354480744,0.6677358885891682,-0.098274512979756,-0.7378827164181485,577
4.082564575091413,2.1750362935282275,1.2438142523341704,0.18562224539164499,0.009162295948795638,0.9148936170212766,-0.4565265754697973,0.7255900811418394,-0.5148810736843978,0.5839981296409116,0.68097174909871,0.4418412175265687,0.6712150702015982,-0.09897732608038254,-0.7346249508805436,578
2.0476406937081624,1.8303384084316379,0.7106914950300611,0.2602218091732928,0.013987573170710782,0.8262411347517731,-0.5061895960288867,0.6933842187876679,-0.5128259139399334,0.5215386750994824,0.7196943893470547,0.45829837040714727,0.6868547905107666,-0.03547268073582305,-0.7259284990092518,579
2.325607965118129,2.088987054413837,0.7881569786032554,0.4546321373425643,0.013341400210655979,0.851063829787234,0.6276367969328863,-0.5684557430177672,0.5319117590032627,-0.1664007808924148,0.5694994443227421,0.8049727716106194,-0.7605148461760766,-0.5937410640558779,0.26284732754885015,580
2.7101766054312457,1.7428546256392095,0.7035346149680641,0.1827218857008875,0.009307233648683983,0.8723404255319149,-0.44579979851878626,0.7835068160183607,-0.4328736638944213,0.5541800483893536,0.6213432714981031,0.5539106542856964,0.702955911567563,0.007043310074485332,-0.7111985504593015,581
3.9730205282349886,2.7944263579472075,1.2161472304684051,0.5117565508618704,0.008115120193492528,0.9219858156028369,-0.46386420607156637,0.7536746567804505,-0.46562271213125483,0.4942417532353103,0.6563529470428867,0.5700227173253749,0.7352245151547125,0.03428294962496034,-0.6769561224189722,582
2.1915473020082477,2.068364698834631,0.82333987832432,0.2503215557801728,0.012660401727859193,0.8439716312056738,-0.5491742169964551,0.6169276992789913,-0.5637445283536339,0.43059579481282495,0.7870198213703911,0.44179979884516635,0.7162366514468819,-0.00012096465782851507,-0.6978574671748592,583
3.3733041533296677,1.6404200966004732,0.9977748418072738,0.04941534764037663,0.012607645044789803,0.8546099290780141,-0.4989778663615039,0.7647068519281174,-0.4077309400763076,0.5281336107413804,0.641353125545517,0.5565438505259656,0.6870924086952157,0.06236664947858431,-0.7238884050364547,584
2.476189181947734,2.4761891776055553,0.9921452735860878,0.4660240958514495,0.010022049653807562,0.8617021276595744,-0.5707482286609855,0.6350665881198455,-0.5205159825924329,0.35183631514304403,0.7619072308175484,0.5437909331484846,0.741928343458391,0.12723128656801955,-0.658296690627664,585
3.442761624831656,2.0145197172525506,1.185291971221635,0.17526216716685028,0.010130305952131194,0.8475177304964538,-0.4973644733597679,0.7375526739143327,-0.45677634991468086,0.5282668824747278,0.6751273955780434,0.5149146537247123,0.6881589071718778,0.014800437217404983,-0.7254090332620492,586
4.85567362952983,2.5965922599904996,1.7354035768653093,0.2864477346116101,0.006508051316630637,0.925531914893617,-0.4223815916125729,0.7903441954165256,-0.44379031516948914,0.5607177944676824,0.6125141302650117,0.5571552702730128,0.7121722727220762,-0.01350899689470525,-0.7018747473508156,587
4.59422597078544,2.6912517438164616,1.5023449246805989,0.4051321114271166,0.008753167579413359,0.8794326241134752,-0.49459380951967413,0.7775491997226317,-0.38832229603193175,0.5332336314311135,0.6242983755375019,0.5708882838279515,0.6863227068191783,0.07529130302984069,-0.7233894952184923,588
2.5939973368443976,2.140570078923092,0.8429950393355642,0.48679841680019376,0.011884959197158164,0.851063829787234,0.5712086029888662,-0.4353900604892079,0.6958133565107181,0.8177474575708868,0.2287636923015153,-0.528163108065045,0.0707801349805055,0.8706909143385968,0.4867109041108078,589
2.7150821792084545,2.181098838780502,0.9747649114934136,0.5135208393580127,0.011362373004964147,0.875886524822695,-0.47335157206854145,0.659981892985881,-0.5834056823095003,0.6814472793625925,0.6940415779426438,0.2322410246623232,0.5581826714164111,-0.28762856085176636,-0.7782685374038838,590
2.82843420468498,2.314842379631306,0.9019370814479641,0.38579576111222774,0.011141593847884821,0.8226950354609929,-0.48766386006413964,0.7366834166294086,-0.4684885305432401,0.49820268301438164,0.6754947614857431,0.5435999575446917,0.7169226222017372,0.03169181074883948,-0.6964320375362156,591
2.1406429040924624,1.9044894190934818,0.763881421715042,0.2577518437520181,0.013644918466998246,0.8049645390070922,0.6486276045602597,-0.4173634940333194,0.6364667661792868,-0.7036160331283766,-0.009988093209066289,0.7105101800247019,-0.2901839218962806,-0.9086847373222171,-0.30014219901664435,592
3.1575864082179685,1.8475230818460662,0.9767557464924786,0.2367637953695556,0.012717281924647432,0.900709219858156,-0.4921800757501771,0.7311887300402437,-0.47235771836256235,0.5158646440729844,0.6820794297019136,0.5183158502042606,0.7011721914266161,0.01143208815782018,-0.7129003193507131,593
2.406608214802642,2.406608213819619,0.8466755391252242,0.33439304478406606,0.012303690947487076,0.9078014184397163,-0.5188936774167469,0.6571093522547622,-0.5467692847227723,0.4961002358584583,0.7523677525587499,0.4333904946937322,0.6961565251565968,-0.046368783562034055,-0.7163909745333691,594
2.699272139146271,2.366539246737564,0.9823716571880448,0.17817948203257955,0.010504126856629504,0.875886524822695,0.6012683093155888,-0.5514806442290531,0.578226183472767,-0.5799198899495207,0.19664964100215662,0.790583227708923,-0.5496993191315678,-0.8106775053832638,-0.201575397337719,595
2.7229223939010927,1.7373841138622188,0.8581894259234076,0.3309291554748667,0.014154985346874357,0.8404255319148937,-0.4751993692560821,0.7563672812706772,-0.44954876852442394,0.48937139918659284,0.6518039151266279,0.5793680090268672,0.7312326532074305,0.055319002601312284,-0.6798813240812089,596
2.3947406134021954,1.70889941610472,0.7026825258666305,0.283061855635925,0.0169176474895022,0.8439716312056738,-0.5381548671485199,0.7608632135613734,-0.3625968963096882,0.4534242086823936,0.6239979723611326,0.6364220435135323,0.7104898492906877,0.17808340949750223,-0.6808013464415599,597
2.9327853935326966,2.932086879909159,1.1364634617280251,0.23357419334657464,0.0095667865548205,0.875886524822695,-0.5612335010463542,0.627512081475112,-0.539671701042425,0.3832450501442733,0.7749649415889629,0.5025460882823872,0.7335803901708153,0.07521919243642491,-0.6754271864872237,598
2.571799342185164,1.5127971036352577,0.7474551371457353,0.19791533112350723,0.013774020177440012,0.8687943262411347,-0.47021898542023927,0.7612281131044489,-0.44657123235806545,0.5356594172150857,0.6483056510231392,0.5410811136976217,0.7014008087385956,0.015216526243004819,-0.7126046328995768,599
3.705497757300902,2.470734633663672,1.021095185596618,0.380864370476755,0.010351017606914705,0.8900709219858156,-0.4470636163787075,0.7066325360621192,-0.5484565451235037,0.6506238402134936,0.6776530243878685,0.34274625757814114,0.6138588937665059,-0.2036095221653275,-0.7627059859653449,600
6.113773426092953,2.9983068992378135,1.8026737423068544,0.40577169068090935,0.008015708051741724,0.9219858156028369,-0.5091893395897656,0.77073542825503,-0.3830053734357702,0.5109485988125059,0.6288169489513687,0.5861064528590593,0.6925732783032242,0.10274309876593721,-0.7139930740814631,601
2.727111449076438,1.9702082256061142,0.9115858078884858,0.19653835063772795,0.011914921475045293,0.851063829787234,-0.5106170686135284,0.654644861629087,-0.5574139524475152,0.479014711216738,0.7549643212421081,0.44785464169682127,0.714013386203979,-0.0383272591516341,-0.6990821879632259,602
3.013399014145085,2.693041255592143,1.0988321175288338,0.4013975710634663,0.00941383203353587,0.8652482269503546,-0.5591842277161654,0.6861937516321089,-0.4652430920438555,0.3711159281264579,0.7089987211745135,0.5996613888385197,0.7413406554103947,0.16266206870059227,-0.6511183333632453,603
3.0277453365269613,2.245636322917658,1.1247885785293348,0.5091364418223241,0.009719815339762483,0.8581560283687943,0.64714316241076,-0.4826745703437321,0.5901109950581284,0.7054049255908384,0.08552468180545893,-0.7036259089560721,0.2891532782058409,0.8716138984352926,0.39582773242566893,604
3.0216119990257915,1.8422134169612865,0.9859147714503391,0.25290059799257447,0.011726170350917373,0.8652482269503546,-0.43110411439139323,0.7664054461972186,-0.4762057691734266,0.5563839777592942,0.6412812510153911,0.5283892754294699,0.7103422497976295,-0.03716246944670379,-0.7028746965263901,605
2.7002730046148855,2.63311571021294,1.0810002825502136,0.3083003405145575,0.010032408266372701,0.8617021276595744,0.6295560147510036,-0.4266993391573962,0.6492972341335479,0.7195009078689582,0.004793670799983687,-0.694474955845066,0.29321948752867544,0.9043808349820901,0.310028446195697,606
2.9934632059375126,2.2009601335560567,1.1508574134324712,0.16112226694556117,0.00917587840567396,0.8829787234042553,-0.4820025449996952,0.7493648576912059,-0.45401085523504353,0.5125444075275959,0.6614207171153648,0.547559006211004,0.7106136622145697,0.031224109723665294,-0.7028892359724697,607
3.731903846397567,2.885412374466538,1.288911416515332,0.6038312968974764,0.008533688344574344,0.8900709219858156,-0.4442454667620336,0.6573085570987459,-0.6087622081126157,0.6424992180661302,0.7072957570268484,0.2948346432769201,0.6243722607914242,-0.2601502889803934,-0.7365331676833187,608
2.6724423102826327,2.4681482302066247,0.9403111212248705,0.2850723469364609,0.011072195150314981,0.8226950354609929,-0.5065631941177005,0.6933083452423761,-0.5125595270625172,0.5241864338219613,0.7196379615471469,0.45535676880582526,0.6845599411025214,-0.03800977134297784,-0.7279649334412799,609
4.577351277238729,2.2595461755630812,1.4003349412123716,0.3537286120000637,0.008891192613726808,0.8971631205673759,-0.45229281772052915,0.7565798404829577,-0.4722479772462837,0.5217748275065803,0.6538998441400501,0.5478740943082604,0.7233133735932874,0.001392411002754862,-0.6905185187760694,610
3.0035870742922453,1.5823766145810862,0.8987173087314638,0.2857754544758787,0.012621669367778797,0.8865248226950354,-0.4711610882212791,0.7988444164180163,-0.37397169318532536,0.5477771974867535,0.5973150209960697,0.5857942536471513,0.6913373784627144,0.07115029198973027,-0.7190203509568265,611
4.432351506736378,3.726038463868561,1.5451384386072786,0.566203588532215,0.00800591212881697,0.900709219858156,-0.4757101051241281,0.6994513755063351,-0.5333551060832612,0.5421973239170491,0.7106383723165203,0.4483471486789196,0.6926196343015274,-0.07590044198568613,-0.7172985188095651,612
2.864948943253795,2.3936362700016582,1.0000882133542908,0.26323501542246536,0.01163185018344233,0.8723404255319149,0.6399362917885443,-0.40924292877715374,0.6503858606226189,0.7189629036677931,0.020110382516833617,-0.6947574509601191,0.271245065580008,0.9122038137175947,0.30709984799340595,613
3.003216468490358,2.6224003691772277,0.9035656262315828,0.5218624547613672,0.008778189086320097,0.8829787234042553,0.5516887346794684,-0.5655448787794107,0.6130240860799425,0.8153484328525125,0.5204692654567495,-0.2536112709637798,-0.17563164029501976,0.6397427090645843,0.7482531611199432,614
3.7338164351600174,2.956395456634401,1.435248426705659,0.4460994224804626,0.0082845920546767,0.9113475177304965,-0.506240926748504,0.6733213030248093,-0.5388492803908982,0.5603892214517431,0.7317713810323171,0.3879105133697263,0.6555028943990446,-0.10558915093430926,-0.7477746228907789,615
2.9477141395445723,2.234598025731598,1.0122515479475025,0.26018572515327365,0.01280813259541463,0.8829787234042553,0.5086299580455432,-0.5993464705487771,0.6181256943529468,0.7144408246462777,0.694455580635551,0.08547370708520002,-0.48048920264386347,0.39813974275983,0.781418499510858,616
3.6735208711000764,2.261624616549122,1.3030423213877882,0.38405068714542767,0.0077417416539482375,0.8936170212765957,-0.46865844539789375,0.7449441683272443,-0.4747814735564772,0.5254418956162918,0.6671238573437507,0.5280687202381456,0.7101197616517846,-0.001986211978947161,-0.7040781058047376,617
2.0432506412854456,1.663398372515062,0.6499859422135785,0.32320432102321184,0.016102331696157806,0.8333333333333334,0.6305403746996959,-0.36121711057828365,0.6869796466410362,0.7303306775262339,-0.02350560977689034,-0.6826892322082492,0.2627469073797809,0.9321854350581178,0.24898670110644117,618
2.562596685723089,2.283723134663654,0.9503640391489722,0.41774801279818125,0.011805072695616611,0.8475177304964538,0.604482502650061,-0.5731725684619033,0.5532396503801077,0.3900550424904647,0.8184975138592687,0.4218043191267226,-0.6945919433866771,-0.03917941511790357,0.7183362761362803,619
2.488492804453207,2.0674355160032745,0.8004428057119728,0.17055568400369522,0.01259658301769796,0.875886524822695,-0.5336332823202014,0.6455860258371796,-0.5463096221410756,0.5005750817714185,0.7617749910373196,0.4112462164441507,0.6816598180248752,-0.05401431545292554,-0.7296727665306182,620
4.107097784887402,3.5896948812050202,1.7267098236171032,0.7014721314917057,0.007259476045456557,0.9113475177304965,0.5739608837644938,-0.5420832215088508,0.6137708732636857,0.7923503758971117,0.5568868222555038,-0.24911432920222162,-0.2067602131068428,0.629303462692486,0.7491510969886248,621
4.014282114472862,2.4484680845214437,1.3443516807210458,0.4579457514612469,0.00864183069643994,0.875886524822695,-0.48817309627299715,0.7836969999628737,-0.38406515114551426,0.5429638203193425,0.6172517355878564,0.5693773658462407,0.6832842145838435,0.0694212299154282,-0.7268448080144547,622
4.273717575725898,2.6812457428120653,1.4395011529886939,0.307479441405315,0.007863547760048006,0.9113475177304965,-0.5293794201180123,0.7428084264691523,-0.4098695781854747,0.44426551212038273,0.6542978819489033,0.611982382440535,0.7227624674095433,0.14187996068367492,-0.6763759993232077,623
2.5813561193896217,2.581337900064948,0.9927178483281519,0.3692515855769359,0.011228703701767396,0.8226950354609929,0.6004542770654747,-0.5583836620961521,0.5724179828218786,-0.6817768695335429,0.016609409179550463,0.7313716071162106,-0.41789348083311934,-0.8294165500101844,-0.3707198743611985,624
2.9612367354095257,2.485848682085439,1.0873795761736715,0.31602122353847806,0.010764050432626484,0.8652482269503546,-0.5375918881493797,0.6544192329954965,-0.531724016085009,0.4726103150068525,0.7560905052987299,0.4527324131827044,0.69830827858841,-0.007912981909329597,-0.7157534022079073,625
2.974270651644677,2.9731176260222014,1.271756883067409,0.2719795000628684,0.009053996974217784,0.900709219858156,-0.5425262432864376,0.6195896394109196,-0.5672512266008349,0.5792601623168044,0.7649765518060788,0.2815466915799068,0.6083773004462072,-0.17583956870263392,-0.7739234499485445,626
5.369212216389289,3.2083436595004944,1.9325156779471129,0.4471707973612079,0.009638685453946656,0.9113475177304965,-0.5859041341385404,0.7443221874259452,-0.3204696973269446,0.4633590907048702,0.6321347750958275,0.6210507058008256,0.6648418598888937,0.21538362848648407,-0.7152588300185276,627
4.520880997408919,2.040049448081196,1.3455889613478473,0.19894919358865804,0.008563127120038138,0.875886524822695,-0.43547192452650546,0.7618379476876909,-0.47954889678966917,0.5825147964167666,0.6446243452128357,0.495112073690852,0.6863240596866136,-0.06373692039885487,-0.7244976812063346,628
2.923312059782819,2.040625506049378,0.9606471878716913,0.42496569932919054,0.010965393278949973,0.8865248226950354,-0.5053999327884647,0.7570689357684898,-0.4140260069509905,0.5307568340141784,0.6510591523147863,0.5426040576095961,0.6803440975599488,0.054484921597798164,-0.7308647633001748,629
2.5946335152368,1.8515212099128115,0.8684974633836532,0.4175300221871838,0.012424677019148976,0.8865248226950354,-0.41277883964139606,0.7052150907580944,-0.5764419357674764,0.657418216702387,0.6687052087616141,0.34732496616704567,0.6304085325343844,-0.23559503293180598,-0.739648607492575,630
3.2262552326800558,2.638654846389202,1.2285953679410602,0.46904407391213443,0.008988829507986459,0.8936170212765957,-0.5287608528931893,0.6927673971548909,-0.4903929994268929,0.48682131802541617,0.7208210025429952,0.4933782388886928,0.6952819318547431,0.022145332062287748,-0.7183958654559388,631
3.041909391596854,3.040754606300868,1.2302327408348752,0.423683324525642,0.008580452983006937,0.8652482269503546,-0.546090219706695,0.6038062942041578,-0.5806921998960686,0.6350646561560681,0.7504460892605872,0.18309437352050387,0.5463317256411792,-0.2687910455966359,-0.7932673063759772,632
2.309101394397287,1.6400270550914258,0.661723976667919,0.2849432588299567,0.011816395344805346,0.851063829787234,-0.4779256160533309,0.7649774774502884,-0.43173668423454314,0.539608319292452,0.6435122041995455,0.5428765097115712,0.6931161282717487,0.02648588378808686,-0.7203391775334343,633
3.896328636992319,2.517998223168726,1.1880549545823094,0.37001293257628476,0.010209410035677956,0.8723404255319149,-0.5353795714574147,0.6715789524085345,-0.5122015473892386,0.49048967391492293,0.7409117342611534,0.45876974814928967,0.6875962436262343,-0.005613618795873854,-0.7260715481514939,634
2.4817497245856104,1.3323280934267918,0.7084226912603132,0.21530969567861105,0.014826722516781346,0.8829787234042553,-0.43439343999403035,0.7829881228563595,-0.4452324547424944,0.55344141484179,0.6220096229982736,0.5539012811282018,0.7106369956792782,-0.00579899675978926,-0.7035349543615509,635
2.0180782502898116,1.8325228464906416,0.6643320145458181,0.2889529429126953,0.01290702534000057,0.851063829787234,-0.48012920438033385,0.7330281456376762,-0.48181499022352714,0.5374875493091269,0.6799194869337079,0.4988152219263888,0.6932409980942966,-0.019473802679327856,-0.7204427038775743,636
4.564420742856881,4.098183400790003,1.807034393152955,0.4670101581763427,0.0066860393606125,0.8971631205673759,-0.4474307518131813,0.7215579773560475,-0.5283557585999616,0.5894283816024993,0.6822446049462747,0.43256962674598415,0.6725919307376129,-0.1178829263954333,-0.7305639673369466,637
4.427379861724899,2.9393601657240724,1.5688939237455892,0.35730924256882113,0.008618010027855264,0.925531914893617,-0.534271088528504,0.7343482633283571,-0.4186729416969687,0.4458735559755437,0.6656006790381754,0.5984751524880907,0.7181581831632159,0.13307277787190575,-0.683037670809717,638
2.441781104410668,1.9201728124722677,0.91741436816253,0.2982577844703731,0.012595647160726177,0.8617021276595744,-0.40597653439307374,0.7429152348112492,-0.5322217652516064,0.6275685866713652,0.6499796456388395,0.4285838649302071,0.6643347970304543,-0.160010668833535,-0.7301067478896153,639
2.5134419022056655,2.513365812587431,0.9758696374674352,0.3295591806387331,0.011588653678855122,0.8723404255319149,-0.5654243072005969,0.6248145506954454,-0.5384256030929191,0.34942790220019654,0.7727803548045675,0.529821351393181,0.7471248182135933,0.111432941571939,-0.6552764344472719,640
2.3374347520906866,1.8821470348342495,0.8336547118134701,0.30610049311400866,0.013098267397192834,0.8226950354609929,-0.5300975108948182,0.6690834885370012,-0.5208876215752056,0.5549981321805824,0.7382135925952138,0.3834289568925804,0.6410723065451999,-0.08583692139647175,-0.7626652743543478,641
2.4291103498218205,2.3734798687471477,0.8545957798267236,0.23363981070138498,0.012423918192129247,0.8049645390070922,0.575205954905157,-0.5352953774549717,0.6185442331127062,0.7637609383975048,0.6222263435615558,-0.17176613856106643,-0.2929288965257768,0.5712208296739152,0.7667459979203248,642
2.7166329207251727,2.379150269593588,0.9327845201073799,0.3539012403733689,0.011760584812187206,0.8546099290780141,-0.5230706281049862,0.6451713572009928,-0.5569120557693864,0.6019873903934757,0.7422318912765714,0.29445373385178336,0.6033310035304901,-0.18123393561756795,-0.7766247232476307,643
3.1194421712158946,2.7857315632616557,1.1270619242641966,0.3457956202096195,0.00971806404258501,0.8865248226950354,-0.5268782414005835,0.7332681090807714,-0.4297873880696574,0.4923971781740114,0.6755022710740869,0.5488548994953236,0.6927801510327063,0.07755360712991205,-0.7169665964019802,644
2.8118152275292547,1.9828879215242123,0.9522845051020691,0.27658514345565643,0.01078260265221044,0.8333333333333334,-0.46266055208888796,0.7553938257398268,-0.46403166009977553,0.536944737888906,0.6552626046877326,0.5313391265013921,0.7054328897876959,-0.0033297044908663087,-0.7087688982127983,645
3.4884897038624754,2.686900176740427,1.2518689200966875,0.28460955756769785,0.007790861117131746,0.900709219858156,-0.48552757867809654,0.7313700102651547,-0.47891635848833997,0.49364725772343954,0.6814889857098387,0.540263960762055,0.7215090819145056,0.025897305669174003,-0.6919204970760473,646
6.239515532989656,2.490978766044656,1.7320642668167185,0.34183152480065127,0.010412347745146593,0.9432624113475178,-0.5466340778797648,0.771482162262676,-0.3255863298897013,0.48956561388027797,0.6098849996528106,0.6231900166919538,0.679350200269762,0.1812610286548031,-0.711075062763726,647
2.5612429830462076,1.8265383383446638,0.8312065503472921,0.2280057285839784,0.011391296137266199,0.8687943262411347,-0.46667473941034504,0.7368333803418483,-0.4891740561500494,0.552950891791906,0.6747459879509544,0.4888385858446798,0.6902608194464049,-0.04236061092684615,-0.7223195828572573,648
2.368329699509874,2.0966495617129355,0.8067066840926842,0.16848310358258434,0.012443414322690057,0.875886524822695,-0.5107922279330238,0.68142008003688,-0.5241736109398774,0.510843235638523,0.7309738388953538,0.4524560038865148,0.6914698030178776,-0.03665953318198942,-0.7214745942452141,649
3.46175880714739,2.055292806364868,1.1616511662444742,0.2830383123953861,0.011601172024988986,0.875886524822695,-0.48754758132880516,0.7206211780577281,-0.49295281079949654,0.47953587330296327,0.6928347345507355,0.5385400419797735,0.7296181892990308,0.026175338292064726,-0.6833536050313187,650
4.518985423704198,1.8854079912671153,1.3165562168451959,0.27326643154113145,0.010488658709742483,0.8900709219858156,-0.4514331207925887,0.7841126822129577,-0.42588195435386234,0.584731198800689,0.6204798998545441,0.5225840784271985,0.6740159958046792,-0.013114704316005144,-0.7386003262456162,651
3.056865109429259,2.21864401358709,1.0893304674796849,0.31257155810596243,0.011369720564648847,0.8652482269503546,-0.5248016673632542,0.6832977203558256,-0.5076292301368001,0.5254740699267736,0.7292160757327683,0.43831600099413887,0.6696717194023805,-0.03671702942006125,-0.7417490464997079,652
4.400760089208433,1.790991525462389,1.3224876956404579,0.1248250964026343,0.008667927377737299,0.900709219858156,-0.44710606186963625,0.7871469966878245,-0.4248479434394887,0.543016607983367,0.6162858637836525,0.5703724200508609,0.710794719235915,0.024317477372773816,-0.702979037667953,653
3.5015878349387957,3.2016225065328836,1.3799160526028498,0.4094481407333685,0.011331225132394984,0.9113475177304965,0.5911640066776102,-0.5256430059903779,0.6117389536904396,0.8065460583806611,0.3825155401360009,-0.4507386352034654,0.0029279548312193815,0.7598560994082122,0.6500847139201501,654
2.722877866422843,2.331486485406494,0.9530952736265901,0.3379184198123917,0.010384105876453872,0.875886524822695,-0.48550220944410205,0.7253174588147493,-0.4880596157882863,0.515263748644109,0.6884049492755602,0.510491816923772,0.7062512824470593,-0.0036345221732506094,-0.7079519166514463,655
3.191912247238495,2.44516424868894,1.1044934304701512,0.437351433017095,0.00965422163756836,0.8900709219858156,-0.46550967368530854,0.7116186758293099,-0.5262125083237162,0.5077210074046601,0.7017182118478106,0.4998108940400441,0.724927666974709,-0.03450233864610702,-0.68796036679634,656
2.1045210159372356,1.1970073890301687,0.6101531504669389,0.20125712918888525,0.019092742119799447,0.8156028368794326,-0.45409462936169726,0.7998371344688073,-0.39250302662475073,0.5707325149060372,0.5994249265462692,0.5612077635457567,0.6841509073398155,0.030827191888442185,-0.7286886991208114,657
2.4935561560703796,2.4935541013479137,0.952496168395168,0.16019953880148932,0.009934797105080275,0.8617021276595744,-0.559219275213945,0.6125682847399089,-0.5585999451843834,0.4120890313735541,0.7900650103339888,0.4538500960312338,0.7193444463195613,0.023608811422012932,-0.6942522535594997,658
2.1411451274872095,1.4951988254971456,0.65452167762066,0.28309558983437594,0.015297326068907,0.8120567375886525,-0.500655385333986,0.7125601541734835,-0.4915304790349623,0.5092048208922335,0.7016106344979053,0.49845056719754594,0.7000390242809229,-0.0007377287498404328,-0.7141042082498221,659
2.0424224981182673,2.019405345678578,0.6708851197520475,0.20662638174185552,0.011599194102867935,0.8617021276595744,-0.5077214759863806,0.6878174568899714,-0.518773600735064,0.48452424304751146,0.7258753211988952,0.48820208517952557,0.7123588707396344,-0.0034877029422113737,-0.701806722115669,660
2.3671049678632707,2.187845226135435,0.845018890054255,0.31045321096338274,0.01253123774372214,0.8404255319148937,0.5793091568422203,-0.511687210779381,0.6344896367345751,0.7760304569782231,0.5843575697524623,-0.23728244881399538,-0.24935442775480443,0.6298431780989721,0.7356085510387033,661
2.4048267902355693,2.404784709902568,0.8530934377440205,0.4215088253183601,0.012440017526048876,0.8936170212765957,-0.5583175461320155,0.6436933912785326,-0.5233930986414195,0.3994381893047756,0.7615075654333096,0.5104462368484619,0.7271386735733749,0.07592789877361045,-0.6822787579734382,662
2.8722006942988227,1.969010983901834,0.988401710385007,0.2765059735818647,0.009800997490769858,0.8723404255319149,-0.5271660704397502,0.6585555637238963,-0.5370293322207023,0.44271503156132797,0.7522801826620527,0.4879322981762953,0.7253270538224565,0.019470394506786975,-0.6881290349425646,663
4.083398458167137,2.548475731454674,1.2734722359723332,0.2947033044945363,0.010176427333365807,0.9290780141843972,-0.5457812542410292,0.7439006272229783,-0.38566135317963685,0.473060718925673,0.653442029369044,0.5909543725733747,0.6916186656884086,0.14009058166531002,-0.7085465758862015,664
2.1263833960064042,1.896827695758999,0.7434778059556496,0.3849595742707899,0.014158023595448783,0.8475177304964538,-0.4608775132855009,0.7611443989604604,-0.4563453973460152,0.5387522735920419,0.6485795452747203,0.5376714248968814,0.7052218838402412,0.0019435489077171686,-0.7089840034658503,665
2.8505726022777553,2.2145343741573678,0.9344549098660564,0.2598918037027389,0.011141461743053757,0.8297872340425532,-0.44892812166126195,0.7330315718990611,-0.5110070999319704,0.5432661916055829,0.6779437835484504,0.49523133120429497,0.70945428791435,-0.055289609758104624,-0.7025792997325919,666
5.006151020271771,4.114486445632313,1.9208180717546957,0.5006703356592636,0.007034409082389277,0.9290780141843972,-0.5820927100492924,0.7027079667834508,-0.4091082867976875,0.439816243467419,0.6952774685579604,0.5684636432506853,0.6839077049497821,0.1509660727935352,-0.71377832411444,667
4.016922971863911,2.8776271478867432,1.1938142257556363,0.47301098599278807,0.009149622507954315,0.8936170212765957,-0.509742829525552,0.687298467622545,-0.517477597728622,0.5065564658538748,0.7259446840061051,0.4651933605124952,0.6953867949917629,-0.025002643199824343,-0.718200580049965,668
3.772432869652748,2.6714337786366964,1.3314043184345679,0.5004241829119901,0.008080307816067141,0.9042553191489362,-0.42681296444850914,0.7858360386236376,-0.44754040463290523,0.5663485476662968,0.6180858593745071,0.5451781296031172,0.7050390173139016,-0.020774764537432766,-0.7088641571016707,669
2.773890996021781,2.57632748034606,1.1038840038532718,0.3878144834251862,0.009964036805109268,0.8687943262411347,0.5937095490453087,-0.5434866695501145,0.5934064470443009,0.7325504387437081,0.05988972035953052,-0.6780730610278349,0.3329847234766438,0.8372786044182555,0.43368849709739954,670
2.6449588717314176,1.3343027956153446,0.7307814370895175,0.12008994515147664,0.011268856130573032,0.8368794326241135,-0.43567594805693866,0.7929019674719159,-0.4260198801275036,0.5432326986650847,0.6090088639713366,0.5779329015598534,0.7176940179392168,0.020363535633746876,-0.6960607897524154,671
4.862460040797601,2.7269753091046653,1.3786999581186359,0.5623341635249305,0.0092453090851107,0.9148936170212766,-0.4444281597798237,0.6985388332779428,-0.5608271651742719,0.4953530191638357,0.7132636816324819,0.4958631937030113,0.7463973453864852,-0.05743186281819515,-0.6630177855331182,672
4.451427140910342,2.3013103792588034,1.33040648173815,0.30595340672674487,0.01101337305092023,0.9290780141843972,-0.4458610817969372,0.795854898700532,-0.40966190444466605,0.5351573133098038,0.6038762185053191,0.5907115732189007,0.7175057809870924,0.0441417369173647,-0.695152473427248,673
3.4270939405724894,2.1423636921689586,0.9847441405150444,0.30027811621375416,0.011828255171493503,0.8865248226950354,-0.4633918788563876,0.7569939342969602,-0.4606822658270627,0.5315612772519546,0.6534036723191802,0.5389863166408589,0.7090208566299145,0.004881028315733588,-0.7051706179545227,674
2.4892279512366353,1.34421676702495,0.7050584906513637,0.17952909123711805,0.014810234597362321,0.8546099290780141,-0.4790724465043336,0.7625298490938515,-0.43478479761976585,0.4960322443429305,0.6438347927322419,0.5826051598119832,0.7241834046513824,0.06344280028765581,-0.6866829017233449,675
2.579312531672154,2.3234142021623962,1.041396769524605,0.1822518666426317,0.010238858928308997,0.851063829787234,0.5923427736123695,-0.5458713715464503,0.5925828923241057,0.7209480582216645,0.030776601256138715,-0.6923053503776583,0.35967198375132975,0.8373035569858271,0.4117752027056332,676
1.702830204927046,1.2432873834080787,0.5055741284687337,0.1843581911831797,0.01890024978668927,0.7907801418439716,-0.5274176081105104,0.7539173930961764,-0.3917131999844447,0.507639453301459,0.6493433422070057,0.5662644341500103,0.6812729644619577,0.09980875872638148,-0.7251933256551077,677
2.3066624137891734,1.855229613936652,0.7937525186378662,0.33195510099619574,0.014566127792231822,0.8687943262411347,-0.5898584919928442,0.6188223155130013,-0.5187734585028952,0.5287365688051566,0.7815485106283181,0.3310884569760893,0.6103315494320096,-0.07899916048785141,-0.7881970137028794,678
2.532120123272422,2.106973808940828,0.7151098153244191,0.20433838692317394,0.007829695641438305,0.8652482269503546,-0.5149073857444143,0.6740902378825299,-0.5295967666983319,0.4864494817657393,0.7384492654434821,0.46696850435101656,0.7058592535312522,-0.0171765409048536,-0.7081438276556871,679
2.576083929559403,2.062146671106587,0.9607883526729571,0.27380809946225754,0.011987830165472575,0.8723404255319149,-0.533870299904236,0.6149954696544238,-0.580312911440626,0.5569259531865871,0.772157705194489,0.30595091269024194,0.6362515112338615,-0.15985321583664,-0.7547390037882713,680
4.897122338471241,4.227662202068245,1.6481609718885826,0.33564758294101976,0.007379141711465507,0.9078014184397163,-0.6182809049446076,0.6973990521184421,-0.3624407326518029,0.3894003886674007,0.6723788300524658,0.629503015245324,0.682712281921568,0.24807513176772855,-0.6872864534616333,681
2.215820724743786,2.095047101027032,0.8173106003150746,0.21701348782457575,0.01196108838498962,0.8368794326241135,0.5787515717196158,-0.5730031635782185,0.5802706202811132,0.7117228291459263,0.7022692647295189,-0.016385795335573685,-0.3981171092839303,0.42247515234107463,0.8142588734240437,682
2.189421140726127,1.2111941285634928,0.5661507795313749,0.08359896207823267,0.018274986755111963,0.8226950354609929,-0.45689558215227605,0.7617991877932611,-0.4592476722720111,0.5541241120212935,0.6476271775861002,0.5229966609152249,0.6958397053103147,-0.015525344743015979,-0.7180292947953202,683
3.367856009302355,2.818183729106624,1.335968792501277,0.37315902763345016,0.009217482361403783,0.9078014184397163,-0.5213416252323834,0.7049530967442805,-0.48087840582698904,0.43716155487087593,0.7045916555578193,0.5589636605908915,0.7328660755847111,0.08118947166314308,-0.6755113507174579,684
3.987787885959704,2.561856852266388,1.3020081020032486,0.3490404851708551,0.008468194939627055,0.9113475177304965,-0.4998644125925042,0.7347520695319725,-0.45855748313819295,0.4939630762886797,0.6767491826417049,0.5459038588041015,0.7114323919298128,0.046367446686957414,-0.7012232252291402,685
2.866262870575941,2.8217497987103526,1.1121201477963967,0.32142177101604885,0.010710470813352526,0.8723404255319149,0.609939405686556,-0.512932462201581,0.6040481856694503,-0.6554599559550437,0.10184121072707306,0.7483318875586261,-0.44536071619547135,-0.8523665039274291,-0.2740897215372901,686
3.7652328413861027,2.880149044705,1.3814550923176296,0.5426684495413892,0.008917586784549184,0.8971631205673759,-0.49823850663681213,0.7646570872103164,-0.40872720668357027,0.5411954412773938,0.6425679488042704,0.5424149016297759,0.6773964015588556,0.04905068958238157,-0.733981024963593,687
3.6164878669545786,2.2311914368435475,1.194061730478833,0.33020570576140024,0.010843251080461348,0.900709219858156,-0.5072677874872761,0.6984339762897016,-0.5048458898930647,0.46980423900282475,0.7152272701510587,0.5174301199652387,0.7224703238145775,0.025296893019127353,-0.6909389976045921,688
3.4610857758110822,1.778204988860742,1.0875520272055255,0.28222580365212113,0.012040466451594874,0.8865248226950354,-0.41223646152890997,0.7704229910224671,-0.4863224390156382,0.6063488440011253,0.6304045290564917,0.48469702817694454,0.6800016023250404,-0.095071260899698,-0.7270208223884094,689
3.1647340204173866,2.809202339794982,1.2475234456619568,0.33773886070375775,0.009211130119164657,0.900709219858156,-0.5360155273280639,0.633197837236074,-0.5583438487014754,0.573955857730501,0.7583454944493158,0.3090093597696804,0.6190816003081198,-0.1548309076637517,-0.7699125678880403,690
2.3150924679475975,1.958319090916216,0.8257941757035872,0.1695773017623568,0.011815799172600462,0.8546099290780141,-0.5629942551151272,0.5964449175461951,-0.5720934618055652,0.5103179907277596,0.7953776604297933,0.3270319948090869,0.6500869303769653,-0.10783245162074831,-0.7521696253708426,691
2.5830539963190566,2.1968274297680876,0.9383121797002899,0.3802986763614301,0.01132077636082966,0.8581560283687943,0.6476923571046902,-0.48177525187706716,0.5902433542420948,-0.6481918877738136,0.0587193454873518,0.7592096647763099,-0.40042713091446536,-0.8743252513477611,-0.27425073871055317,692
3.4475850921637434,2.5959423519856015,1.2763782228603953,0.24705754270432997,0.009227710759250104,0.8936170212765957,-0.4613762839494762,0.7566845631791103,-0.4632066455216412,0.5340329963731816,0.6537801394297035,0.5360786211666708,0.7084777225810659,-3.367070925461291e-05,-0.7057331758339194,693
3.1637393950748147,2.7502388371003756,1.282537238159297,0.41234035399285396,0.008748795550628297,0.8971631205673759,-0.5381045288224666,0.6441004410672196,-0.5436709831118122,0.4448565039398366,0.7648898721522733,0.46588214645047854,0.715923324779391,0.008837720061879467,-0.6981229746548459,694
2.3943398900535784,2.0787557432040358,0.8015939672120805,0.20873770434788413,0.012816795728691734,0.8617021276595744,-0.499734405921505,0.7075219788149222,-0.4996780693927816,0.5009067558686352,0.70669109763142,0.4996800120613774,0.7066526342294637,-0.0005848267398981533,-0.7075603949587939,695
2.2095336844175972,1.6640035684593386,0.6550379364863148,0.2511350843269036,0.013997389701305738,0.8723404255319149,-0.4832698100316564,0.746743351770247,-0.4569733660717043,0.5245158256514625,0.6648869571216629,0.5317974077509786,0.7009518095797537,0.017311869813314756,-0.7129984991642238,696
2.293959529893254,2.2939545373617225,0.901557142038165,0.157102052000798,0.010446504424318444,0.8900709219858156,-0.567827428925383,0.6046533900731987,-0.5585394246004284,0.3198548176375987,0.7872958064128802,0.5271225747762194,0.7584621985267346,0.12066313056472924,-0.6404494533749806,697
3.1948396148708693,2.768264173664338,1.1583561428362663,0.37613761055943534,0.009982280920397006,0.875886524822695,-0.5822905960559467,0.5844377523373968,-0.565128459191025,0.48911561912330653,0.8070947676410889,0.3307022031616984,0.649387074766995,-0.0838483732053783,-0.7558213263969049,698
3.076205012958382,2.044576592448144,1.0467455465154223,0.565274931660293,0.013153539285949681,0.8936170212765957,-0.4523507710527089,0.6789889047735534,-0.5782325199454196,0.6239288266662301,0.704211300451994,0.3388204001688993,0.6372531672600155,-0.20751026844501413,-0.7421912754182421,699
3.7296828777282496,2.494143753483609,1.3763095855969227,0.30564823082450826,0.00984072098327879,0.8971631205673759,-0.5636551430119369,0.6616899748171973,-0.4944282121629085,0.3853705304123656,0.740094211032428,0.55113529471989,0.7306041568769543,0.12011218099220788,-0.672153724925638,700
3.6810669194709336,2.2597559021543367,1.229796788079427,0.2910680553940895,0.009527019292242322,0.9078014184397163,-0.47090601721750636,0.7458995058818316,-0.4710429386728826,0.529467884976499,0.6660555189882813,0.5253891932689176,0.7056282886384718,-0.001993175980861156,-0.7085793854767798,701
2.842411213172533,2.403800958613082,1.123049956863987,0.39541290720308,0.009778846686548487,0.875886524822695,-0.5153498389826876,0.7182529625561821,-0.46746895644500924,0.5678506281122138,0.6947461206960163,0.4414447778945864,0.6418412635637276,-0.037954045332536185,-0.7658976973655252,702
2.804896084431097,2.6082817263230496,1.1490713782991908,0.36997285608564884,0.01038683547882132,0.8865248226950354,0.5975926919408152,-0.4107572066019866,0.6885938510932716,0.7921532286158988,0.43527764560893706,-0.42781612127939744,-0.12400095536864825,0.801131629919624,0.5855013873681163,703
2.9634291344045915,2.839541747348049,1.204445600765649,0.7285017633811716,0.009860017053028108,0.9042553191489362,0.5654816509362929,-0.5062976299793149,0.6510708197513487,0.6838593476654125,0.7291151537549722,-0.026971933106469285,-0.46104977504061434,0.46049299934113214,0.7585376078302293,704
3.895253395688699,2.6683893666862946,1.2842832074773483,0.4481439482718331,0.00875360127442578,0.900709219858156,-0.4840073758972586,0.7443654011055676,-0.4600619629071689,0.48660989966489737,0.6659108722307887,0.5654852038673945,0.7272878835957384,0.04982830402269073,-0.68452134699588,705
2.38024144381071,2.2489234271649243,0.8298782840540564,0.19152729332921434,0.012519188521185644,0.8085106382978723,0.6116095658586633,-0.5032150523236283,0.6104984439497823,-0.70276521561561,0.008883171908748383,0.711366390109615,-0.3633934378479098,-0.8641155596167494,-0.3482090018326776,706
2.525402314765558,1.8403654943146985,0.9104900042701352,0.2580398018819745,0.010812192527141388,0.8900709219858156,-0.5164486220207122,0.7410205743362187,-0.42914954179554743,0.5206667601119646,0.6696113058302541,0.5296478301841819,0.6798433243971862,0.050091990524659125,-0.7316446178014706,707
3.712061303599723,2.708304127730342,1.2754507438647982,0.492472972758827,0.008879336674393667,0.9184397163120568,-0.5087510448722128,0.6861095831839084,-0.5200250130567137,0.5458890575605234,0.7241720697500741,0.42140236144281096,0.6657157885893313,-0.06948707258978037,-0.7429630109001304,708
1.9829377226338918,1.4373878915619862,0.55639563849157,0.1811057985911216,0.011639655877443875,0.851063829787234,-0.5235133000326471,0.6892388791927817,-0.5008828127396725,0.4318160026897788,0.7214175760139697,0.5413793686862745,0.7344853739251371,0.06713008585728425,-0.6752960736320367,709
5.341181164245722,3.1188553628328797,1.4603022220260364,0.41351316396944404,0.007455238774797967,0.9539007092198581,-0.44610396585260786,0.7655561149042674,-0.4635893512401459,0.5233529096599142,0.6433347804126249,0.5587683708496226,0.7260116966007345,0.006647950370135075,-0.6876502171560765,710
3.8091278029795665,2.061310768537066,1.0299183382249224,0.2866773203270926,0.009929619456091998,0.8617021276595744,-0.5002050549997509,0.7628089525075916,-0.4097772625792787,0.5013474791899919,0.6409754537166479,0.5812066524417784,0.7060068045440759,0.08528170792736403,-0.7030515075230654,711
2.7797565177991874,2.541514336266639,0.9265157474117953,0.2395361288688327,0.010422390505181033,0.8687943262411347,-0.5261422150259438,0.6694083469516092,-0.5244681445036558,0.4797803646411355,0.7428704470463584,0.46685575996228507,0.7021290275101953,-0.00599699396844669,-0.7120244832805469,712
2.005548654375669,1.397112104381462,0.6513890970937715,0.15519985878070133,0.015545400311634087,0.8049645390070922,-0.4648679436489529,0.7582061221967333,-0.4571884417075592,0.5338756668306901,0.6519853563192266,0.5384160728575784,0.7063105318014733,0.006210588432940034,-0.7078748909642414,713
4.032136203164023,2.602020228554489,1.394031181687321,0.27674569417241607,0.008766011557922377,0.9042553191489362,-0.4963118519066529,0.7397025209083326,-0.4544389136273945,0.5126456722080085,0.672164482851262,0.5342184223327521,0.7006204110810559,0.03217279215662583,-0.712808495334798,714
2.2259466258604927,1.890728005922155,0.7200166621934534,0.20899816716330197,0.013148164324485788,0.8581560283687943,-0.4972122231520251,0.6940519971312415,-0.5206455900383253,0.5621536724366186,0.7147889820730359,0.41600475919515195,0.6608806652598062,-0.08584017931673041,-0.7455656979104042,715
4.216511754995793,4.071660912693847,1.7193873911081468,0.25970111286098857,0.006353726140634323,0.900709219858156,-0.577517168648752,0.5840047749384637,-0.570449246440911,0.5615502036924375,0.7913660381603452,0.24166332443997593,0.5925666955279472,-0.1807711716382714,-0.7849754740471933,716
5.627271248865315,3.4136115969676375,1.765039600896656,0.3366379944867933,0.00651098774846046,0.9042553191489362,-0.48542530407562967,0.7163009961965632,-0.5012735351191938,0.5209897616078115,0.6974354883418542,0.4920908532996676,0.7020911211964713,-0.022285027466226515,-0.7117383192493651,717
3.320144360234187,2.675977532540672,1.333716969285696,0.432096431522678,0.010033275994603482,0.8900709219858156,-0.4710553829085163,0.6871510812316629,-0.5531095893175852,0.5952154503995324,0.7103751353875649,0.37561381048728854,0.6510187353975253,-0.15228446600115034,-0.7436289717165083,718
2.365978386501551,2.1267688478070554,0.8283854789317084,0.20009949157452814,0.011205558641810828,0.8652482269503546,-0.5110510988279975,0.6964240593650837,-0.5038058196608637,0.49546445439088677,0.7176303255246551,0.4894095323167689,0.7023829075524526,0.0004954037101577713,-0.7117991330096762,719
3.3472609476288433,2.7065675524218378,1.2564297978615515,0.45144153913599644,0.009582740741756454,0.8794326241134752,-0.4791887789456243,0.7543504661256387,-0.44870200399444765,0.5548033687006307,0.6564596449047523,0.5111300780525038,0.6801259708399862,-0.0040135853744825145,-0.7330842754563818,720
3.857002194339589,2.3589984984023795,1.2361901318058235,0.40102667968868616,0.009051472156926045,0.8936170212765957,-0.45710003829972173,0.7352629898694027,-0.5004476902881055,0.5710140781875241,0.6739974693175241,0.4686900189519991,0.6819109014365772,-0.0715244509372821,-0.7279297874246358,721
2.288677028309225,1.5482252931291216,0.6977568509706367,0.24960368765504767,0.013514694238263493,0.875886524822695,-0.5088446399752309,0.7368375457311437,-0.44513769057380687,0.5153699976571029,0.6749266343774784,0.5280793536229259,0.6895439782083483,0.03929973802449935,-0.7231767644966272,722
2.478236246484043,1.6800227733553947,0.7872439984825654,0.35976180940408764,0.01564335119323227,0.8546099290780141,-0.4362183317429756,0.7434663644673958,-0.5069233985100794,0.6003663393692316,0.6600940025299576,0.451482188326814,0.6702789162757277,-0.10739493810051581,-0.7342972842566029,723
3.7911295988173452,2.675149499790085,1.2297607743796803,0.39948750255867055,0.011153143259208567,0.8971631205673759,-0.45723632457516683,0.7022862033623672,-0.5456455186802733,0.6841620408060924,0.66975225474669,0.28871130767908604,0.5682052845662698,-0.2413006544305192,-0.786712621458667,724
2.9540612600863,1.634656387571205,0.8534966021482273,0.32296442970031514,0.010994575854558049,0.8794326241134752,-0.4875438895637527,0.7314649573955135,-0.47671791643636285,0.5424388569618364,0.6816097108175545,0.49108888052688193,0.6841498682357425,-0.019162938751383807,-0.7290896649736759,725
2.0668621837600636,2.0668182513370996,0.7875053326750431,0.5665674388325336,0.013655847714695642,0.900709219858156,0.6226942666361045,0.06657474981771404,0.7796278939245522,0.7537537679915343,0.2163940364507641,-0.6205069526017495,-0.21001692202555564,0.974033584469886,0.08456635730393935,726
2.4837202969767485,2.3886822420134606,0.9669984422252023,0.3672800966834035,0.010285922149077897,0.8368794326241135,0.6128715129538196,-0.5090513197356871,0.6043635184928451,-0.6866103457402521,0.03547843661950701,0.726159427162856,-0.391094287521753,-0.8600046711561462,-0.32777617951501825,727
4.3442317631982235,2.539975819388717,1.385179598020136,0.4626166052584446,0.009032140514191793,0.9078014184397163,-0.5120817850641943,0.7669755251568007,-0.386679181254846,0.5110770205211476,0.6338929824176324,0.580499755328894,0.6903423241412153,0.09964050708486463,-0.7165886161858672,728
3.3988372597172742,2.9920227499797236,1.3723052197414844,0.4513112777413778,0.008380183346019558,0.8865248226950354,-0.569362994105441,0.6816201599386521,-0.4595864864293705,0.4417228718414631,0.7251470653508353,0.5282448656685663,0.6933301417329395,0.09775321569277226,-0.7139591188480643,729
4.233883679699641,2.555486897136749,1.356388453581849,0.3326092742317422,0.008444966477264658,0.8971631205673759,-0.4499792487516095,0.7678608124200192,-0.4559697889582216,0.5312643907544433,0.6405756527512688,0.5544555710051041,0.717827850399556,0.007252989173699709,-0.6961828576881213,730
2.6227897286598076,1.8647077034798685,0.9907958622325741,0.21201949420963295,0.011548240563765999,0.8262411347517731,-0.46382986061205783,0.7578022687255148,-0.4589091216341878,0.5319208571760593,0.6524542073644014,0.5397811676907384,0.7084645806994767,0.006263290425439355,-0.7057185764080193,731
1.8986686285707692,1.5575457960276506,0.5775305280053403,0.4039483261058061,0.015588863085600214,0.8404255319148937,0.5991373705138743,-0.4230242734073272,0.6797682512164889,0.7805487732113078,0.11957495880580084,-0.6135514989509141,0.17826391640498396,0.8981939063113232,0.40183290404490646,732
3.778643071282052,2.980721251740026,1.4785295488282209,0.3328376407434515,0.0076596887658867165,0.9042553191489362,-0.5462018155385693,0.6401886336892619,-0.5402055997464733,0.46033582675720297,0.7681969489934085,0.444931875865262,0.6998246232493776,-0.0056533929895760116,-0.7142923322013,733
2.6358712475520307,1.9078475427683148,0.785179753194549,0.17137078349362841,0.009913739690135929,0.8829787234042553,-0.535578291545481,0.6939108105014893,-0.48129375717371403,0.4505859965094563,0.7168321327567194,0.5320939326820345,0.7142325625276436,0.06811373221766198,-0.6965862230252453,734
3.0417471070028506,1.6671174239619995,0.8954644910485144,0.3036012221982356,0.01166356406857675,0.8936170212765957,-0.40064654018997814,0.7761864387097496,-0.4868438786683843,0.6083874324925003,0.6226760784288152,0.49207645070425327,0.6850891050213714,-0.09904096988412522,-0.7216950910636902,735
4.051375018030116,2.722324073597041,1.4579022383701017,0.3059908421357188,0.007243362435630173,0.8971631205673759,-0.5268334158892296,0.7073420722055735,-0.4712894490548362,0.49339436530387365,0.7059977494378141,0.5080641475986367,0.6921044373422798,0.03513361177941629,-0.7209417987150277,736
3.775841496635966,1.7995106413234077,1.2488165992118099,0.38749423585258064,0.006757140129351697,0.875886524822695,-0.44257647213113477,0.7967289452023,-0.41152041771070025,0.5377870082475807,0.6030484112165706,0.589166994568846,0.7175731322144632,0.03944111567895109,-0.6953655141851113,737
3.2426804457649707,2.088804761195755,1.0033319519454427,0.327084120903176,0.010038496488143332,0.8687943262411347,-0.5047059559790554,0.6944811980314968,-0.5128038256292602,0.5224368054743411,0.7185971455367393,0.4589966521797472,0.6872639102157432,-0.036249248367206444,-0.7255027978635089,738
2.4708393227182825,2.470808143739536,0.936115093698275,0.20258302998968136,0.011302054265501361,0.8475177304964538,0.5825950812874843,-0.5637737778992893,0.585441797801278,0.7712412217495609,0.15618813404864232,-0.6170836609866186,0.2564565248416861,0.8110267530331945,0.5258000159096228,739
3.144947548221412,2.4635745416443244,0.9462775370998893,0.37416273262503197,0.01075654228359952,0.925531914893617,-0.5036576594035594,0.7024308406532263,-0.5029113999735242,0.5441467984341712,0.7100909376181517,0.4468502233035312,0.6709942055472384,-0.048598090618625744,-0.7398682326673138,740
2.0273785239694946,1.2888725365787694,0.5635789435410998,0.19581802028208634,0.015104583952135,0.8262411347517731,-0.47946360867837834,0.7701404373623474,-0.42071172397787915,0.5385352121563869,0.6367399536474272,0.551853292729823,0.6928884998474013,0.03802549366417998,-0.7200413797906431,741
3.165192627706784,2.6096668752537306,1.1759457105921494,0.2941463941096111,0.00978523923293816,0.900709219858156,-0.5528978206210333,0.5951749462491397,-0.5831558825132825,0.698144735562909,0.7129349973813679,0.06570858174260696,0.4548603391792997,-0.37079707774760406,-0.8096984617593946,742
2.802490646269021,2.4611274697165184,0.9784361930818246,0.22803197283166357,0.011420811090088044,0.8723404255319149,-0.5125278861327146,0.7049677619107498,-0.49024037022962474,0.48451731599171965,0.70879001193225,0.5126984391328504,0.7089133490353468,0.025242298857857365,-0.7048437343893038,743
2.339318617478301,1.8325964632250114,0.780012906657072,0.3958916527950049,0.013445462502754022,0.8829787234042553,-0.48145594623708354,0.7231071385449188,-0.4952940924524884,0.5405459251787726,0.6898054494784396,0.4816415105059702,0.6899349785346292,-0.035840034252600766,-0.7229835526062769,744
3.1424508534591955,1.9618362487136622,0.9879592304666606,0.30355463618564676,0.01178132229941397,0.8262411347517731,-0.5369708571755464,0.7003631066087872,-0.4702699410396623,0.4996619174817441,0.7131970503692141,0.49161767214281415,0.6797060149525129,0.02900838233926925,-0.732910804253446,745
2.2733982937386816,2.15987546786537,0.8306130775773949,0.1667536217252958,0.011951858786732652,0.8475177304964538,-0.5628578712518472,0.6269304679173836,-0.5386549964186069,0.40990505685292833,0.7776234758738866,0.47673847561971805,0.717752646206363,0.04753859660008217,-0.694673463360346,746
3.3429585485765045,2.164018338590217,1.1889149217933632,0.37424319467979206,0.008669503386435453,0.8936170212765957,-0.4826640024409126,0.7552272385282716,-0.4434718468321073,0.508707990038097,0.6539380500163073,0.5599832208310075,0.7129176962448878,0.044686070825603386,-0.6998224871030161,747
2.985025080069105,2.924815602465519,1.0621669791607804,0.3310116760551039,0.010099365671990714,0.8865248226950354,-0.5772135496149887,0.6086415756109403,-0.5444078898938708,0.3545344860931391,0.7873562459294366,0.5043564614105567,0.7356152637836839,0.0981100118934688,-0.6702571217486053,748
2.7017644790418727,1.2834959080420911,0.6090638601168741,0.2854863172615926,0.00975245993285653,0.8829787234042553,-0.14251984557346492,0.7568145784959153,-0.6379026472697584,0.5942418084359211,0.5808305749867256,0.5563384907296958,0.7915584417618966,-0.299779146934272,-0.532510747627537,749
3.284960670958872,2.5920789861851032,1.1645096208368715,0.5404132138137675,0.010137586076725125,0.8971631205673759,-0.539626904747822,0.7076821923795531,-0.4560578014475294,0.43006279094547745,0.6973971114673904,0.5733090482114571,0.7237739975409945,0.1132394962272856,-0.6806820233983846,750
4.011045545764035,2.4415287408992503,1.2311237870326013,0.2767357187496505,0.00808291171023645,0.8652482269503546,-0.45921975781187446,0.7392805755709015,-0.4925255776289794,0.5451072326819341,0.6722978541425907,0.5008729381720592,0.7014095229700313,-0.038468505284509014,-0.711719646481765,751
3.515296089200992,2.7440827538398684,1.3326100362572029,0.26846007342009387,0.00898960370513721,0.9042553191489362,0.6160694226913712,-0.47161562058113293,0.6309018725987373,0.7446100929934757,0.08742856255295382,-0.6617492394118575,0.25693243438104146,0.8774593739164207,0.40503181515682785,752
4.077569271086732,2.632739692557321,1.1329646297621652,0.4662776986652234,0.010896575327820202,0.8971631205673759,-0.4985848641615225,0.7191553475326815,-0.4839718166837655,0.5024243123125207,0.6947187152053094,0.5147190662300893,0.7063872476385222,0.013471928541692546,-0.707697367181086,753
2.7208953799036033,1.8019288741422712,0.9017509483821107,0.15168819198855368,0.011932700791078162,0.8723404255319149,-0.5116415801692674,0.685661308803329,-0.5177754948353593,0.5083811041821966,0.7274044601904844,0.4609028142737691,0.6926554311866657,-0.02741023358338962,-0.7207476206984789,754
2.8781762599007767,1.4144042739512266,0.8336578737973281,0.14360904241240977,0.012890451227275236,0.8794326241134752,-0.4489883042221325,0.7738312156272563,-0.4467602851558951,0.534838634486977,0.6332741120939697,0.5593849604804371,0.7157912668731296,0.012212643957684649,-0.6982075003863273,755
4.003158852484319,2.208875394308935,1.1129729658429133,0.3132014005287121,0.010108040487423751,0.8971631205673759,-0.4525054407453254,0.790473698021541,-0.41278342848523913,0.5409781165814781,0.6113118554221956,0.5776162158390545,0.7089298297263527,0.038067678631908436,-0.7042509129335526,756
2.550155100194416,2.07432436566856,0.9626447834162771,0.3195459349696705,0.011009701603999226,0.8404255319148937,-0.5015260028238013,0.6975647161490833,-0.5117373694341943,0.49327382388843555,0.7165040213936331,0.4932574601495987,0.7107408832746722,-0.005045206695565352,-0.7034358128012377,757
2.9132752641992843,2.061306119784927,0.9507707711863568,0.289662847377833,0.011758717953582095,0.875886524822695,-0.504645649178053,0.7036796685468926,-0.500167664727936,0.5117237448813068,0.7104139961359591,0.4831674275225813,0.6953212046891084,-0.012119330339294382,-0.7185969274508586,758
3.322542833348588,2.0180204156535497,1.0444145843373929,0.2763306710098986,0.01124156343878067,0.8652482269503546,-0.4564455475976802,0.7885324100952483,-0.41215785848098657,0.5777944234316251,0.6149555540758948,0.5366407278268442,0.676617370697479,0.006804758672306593,-0.7363033538765404,759
4.998155624413372,2.6275776784888984,1.6124211056492632,0.20854155549326223,0.00899331769951842,0.9290780141843972,-0.5106564254594728,0.7681516847939647,-0.3862292121074578,0.5200500848332482,0.6336818128478957,0.5727087124627456,0.6846735896775086,0.09159884941416063,-0.7230710382694889,760
2.9439433738202543,1.4533513975461396,0.8052379186346099,0.2409607017113925,0.019685699677579615,0.8723404255319149,-0.4745060183251125,0.7867619809419439,-0.39477794254182463,0.558501509016719,0.6157388232110019,0.555825301706191,0.6803823211983802,0.04325837416083442,-0.7315795309231017,761
2.4592527022134414,2.459248163123377,0.9999540452722894,0.40960601643247985,0.011167040177918875,0.9042553191489362,-0.5496523697172472,0.6405914124200864,-0.5362134974036493,0.41141196139411745,0.7662050162169232,0.49362948771914933,0.7270642822241098,0.05071997099430631,-0.6846933722888494,762
5.51350301649283,2.6683774163372966,1.4761579783182013,0.3258407257583993,0.00928772455455908,0.9148936170212766,-0.433728779717289,0.6927688811032849,-0.5761515625422308,0.6482344956170354,0.6840353691722405,0.334496117187516,0.6258365476201267,-0.22840072481561716,-0.745762512175707,763
2.5905468203971114,2.488114131746775,1.0265117284669678,0.32901298447173544,0.01051206176672461,0.8900709219858156,-0.5203997882168053,0.6911090520743118,-0.5015499362624326,0.48683695293931156,0.7226642401776657,0.49065892147315904,0.7015510257113666,0.01116575610440948,-0.7125317426009498,764
2.523191311428568,1.6098437701717507,0.7551532606129663,0.2473054794733729,0.015027857610209385,0.8617021276595744,-0.4596604647583893,0.7705027039812314,-0.44163088693581265,0.5443157542945085,0.637353035414235,0.5454369513289881,0.7017354321714857,0.01032915320206193,-0.7123627529771799,765
1.9314776479783675,1.9027155025706752,0.6572445157578414,0.25149056675261006,0.01333067358408187,0.8297872340425532,0.5962014178662224,-0.5323093778767516,0.6009913439965436,0.7175461183364884,0.017541891032350973,-0.6962900617696961,0.3600992049346184,0.8463681281118014,0.39241502815511653,766
3.4340155195619233,1.4813599725262494,0.8265343156290664,0.14777537646800318,0.012625710445311503,0.8404255319148937,-0.46234795446620175,0.7947376286573624,-0.39322572473960987,0.5611813666908069,0.6056219956213776,0.5641785817439529,0.686520096340928,0.0401758635956021,-0.7260000394658326,767
2.820901744466864,2.316876633556722,0.8873428161867106,0.3809793542981772,0.0110532729645958,0.8617021276595744,-0.4345135739057074,0.7699186780275247,-0.46735766102208937,0.541713061089131,0.6379572159230084,0.5473185088202367,0.7195449350368139,-0.015356427843509018,-0.6942760737536289,768
3.055478463417896,2.290521426191268,0.8418290061089695,0.34167015341344115,0.008951494795535723,0.8936170212765957,-0.49703551068121465,0.6902182651598242,-0.5258844431637304,0.48851087647624786,0.7234571956151787,0.4878184187554107,0.7171560671752505,-0.014437193369339324,-0.6967630463517307,769
3.3409706545668647,2.762567576224214,1.3030577255988676,0.3525402824791678,0.008416634961132962,0.9113475177304965,-0.4924840752294453,0.7069868769662851,-0.507571661386702,0.49443066962588417,0.7072235920584257,0.5053445396650459,0.716238611482722,-0.002084858133359735,-0.6978523517104932,770
3.902430684505011,2.4068977859736735,1.3291135412051664,0.316341693500073,0.00864425887702418,0.9113475177304965,-0.4980626446178781,0.7375125912452626,-0.45607979542065186,0.5125440018766863,0.6746302308972605,0.531199301298242,0.6994513908603491,0.030809565303770214,-0.7140157718911508,771
2.4903820784744544,2.16762251582582,0.9030139143156318,0.1956801379307291,0.011349454918391415,0.8546099290780141,0.5991215839824112,-0.5452583980601348,0.5862990763691363,-0.7035651423606251,-0.00900927556556513,0.7105736579756226,-0.38216412450867215,-0.8382196086340854,-0.3890224539018805,772
4.532482322100983,2.625456919401172,1.2246600944472372,0.28735391537909727,0.010097771880507644,0.9148936170212766,-0.39562623345838316,0.6731033695765837,-0.6248293665187176,0.6649999808533686,0.6791909766362056,0.310603674673975,0.6334468477027511,-0.2926285548619719,-0.7163194957662689,773
3.6416117269154546,3.182418496450388,1.4003457213912371,0.596485941853795,0.009192734163748165,0.9184397163120568,-0.4908945244162142,0.6176853379214304,-0.614400023775282,0.7083640142588444,0.6935331341519686,0.13127153208690426,0.5071912747684787,-0.37077839088899955,-0.7779976835752724,774
4.203291748235898,2.694246258486969,1.275942713953576,0.2997406435670067,0.009981247695898844,0.8936170212765957,-0.48558105629743487,0.7399329879466201,-0.46552144001480134,0.5254076027188225,0.6726276947603745,0.5210746925792928,0.6986829672822484,0.008435495820123262,-0.7153816838862603,775
4.5052760706408375,3.577668653870028,1.7515526228177316,0.47265798286612487,0.006617928509057533,0.9042553191489362,-0.5117286081619123,0.6744014017884779,-0.5322749109759055,0.47408618619690873,0.7383329473280851,0.4796944308068347,0.7165027003758897,-0.006870819133063866,-0.697550480036032,776
6.027889432234605,2.40722683404542,1.651720807084864,0.3622940231139743,0.008036491568522921,0.9148936170212766,-0.4416120924399061,0.7973583494069613,-0.4113373584320468,0.5574383454302945,0.6030799003704329,0.5705761341075566,0.7030229376448421,0.0226781039814824,-0.710805495719484,777
2.474840436712071,2.4747614010694066,1.0240456912784235,0.4396736554543549,0.011317963547572092,0.8829787234042553,-0.5261016095894198,0.6369119063492695,-0.5635249062268332,0.4862331106125531,0.7689284552748168,0.41512214204102016,0.6977065705090233,-0.05560804095833194,-0.7142221553895637,778
3.840450876586603,2.007260461506841,1.285605755603267,0.3303348364885503,0.010176944492819378,0.8900709219858156,-0.4425231228721948,0.8015427846560343,-0.4021224317161262,0.5464067848288349,0.5965706628753025,0.5878291160614091,0.7110646322356751,0.04040555113313535,-0.701964728616169,779
3.722225549068142,2.804421425735366,1.4195766036736237,0.5276819232855586,0.00780435834928122,0.8865248226950354,0.6124068972228505,-0.5050947203874292,0.608142348197053,0.7379126459457764,0.08923769628109741,-0.6689705229049677,0.28362425705003497,0.8584380915355442,0.42736556226915196,780
4.4157171497799945,3.1641079981203974,1.6040084354551827,0.44233836193840487,0.00813730669155629,0.900709219858156,-0.565085904467469,0.6350161779036841,-0.5267184963268134,0.37431803088291504,0.7662644780914887,0.5222305634210962,0.7352305300571514,0.09794489989670335,-0.6707032609553238,781
4.18896115364943,2.6166583824699585,1.4348347937126227,0.27720420448154715,0.007451140898772595,0.8900709219858156,-0.5028572016698738,0.7086747394595683,-0.49488862219761826,0.5791588294762469,0.701257350330899,0.4157080452031092,0.6416460745367709,-0.07757733083059623,-0.763067541422614,782
3.180711644076971,1.8220979158229327,0.9603520415226727,0.4399849589386912,0.010179684646650188,0.8829787234042553,-0.467158913325499,0.7793463286932522,-0.41759052869155006,0.5416448348440829,0.6255506424662557,0.5615222761358457,0.6988443478967724,0.0361343833820946,-0.7143604718560027,783
3.0022806657310186,2.329317479185656,1.0714885025604355,0.32176600185280974,0.010216998527608491,0.8829787234042553,-0.5156079971836229,0.7071414323079513,-0.48383818364588815,0.46656367618642625,0.7053424877444363,0.5336762230471743,0.7186561968728167,0.049426406868685185,-0.6936067336757556,784
2.3345691707491,1.8293344318687148,0.7943363412808037,0.37815120636422117,0.014036516474435537,0.8617021276595744,-0.5059665572201996,0.7280560007244008,-0.46252816431427163,0.5241444799110128,0.6853880977383522,0.5054856275478233,0.6850331431059029,0.013327238565964905,-0.7283899900181587,785
2.3917773385001775,1.7721988282604844,0.6277778185909443,0.22475241975281557,0.008720371444308128,0.900709219858156,-0.4408350882372068,0.7643611623495974,-0.4705490818931289,0.5703637239152446,0.6433359112033988,0.5106898548019407,0.6930726133821974,-0.04325411943000451,-0.7195689221554153,786
2.7268736808680316,2.6736776813524483,1.1208410268293023,0.4767825164976222,0.009414817023918822,0.9042553191489362,-0.5443441934610265,0.6789886482890405,-0.49260919047444324,0.440941647010342,0.7311628600337644,0.5205490716916638,0.7136244551422489,0.0661459568066525,-0.6973986302116322,787
4.084316358235007,2.300120902590293,1.1431479490723206,0.12608860617418666,0.011821491670758003,0.8900709219858156,-0.5994304499815838,0.6601308289492688,-0.4526703262923552,0.3359403582615247,0.7208012651700809,0.6062916887277354,0.726517178961375,0.2113594682051457,-0.6538348139048911,788
3.106627049341326,2.147338349881173,1.1124446726115056,0.2071743337538151,0.009289998331139806,0.8936170212765957,-0.5218025410187883,0.6758462065812503,-0.5205324324536078,0.5043965560722875,0.7365333992133802,0.4506691314762964,0.6879725448073867,-0.02739446829046857,-0.7252194982888498,789
2.675001052415695,1.7882877458997184,0.7364899877314388,0.1449414318925906,0.011318921259860192,0.8971631205673759,-0.547002119600454,0.6367724809545265,-0.5434238572713089,0.4925252904537256,0.7697093218152358,0.4061605571374493,0.676910274272805,-0.04547930748974929,-0.7346591816442296,790
3.1609755585689587,1.8299354543549908,0.8868698584646456,0.09039574679327045,0.014231660210840213,0.8794326241134752,-0.4641003254682275,0.7654064905915894,-0.44582933064184166,0.5204548727789907,0.6429035901162258,0.5619623645906127,0.7167549185746059,0.028772868747055758,-0.6967313031026917,791
1.9865132030129977,1.93650076249205,0.7913311166035115,0.2969588746230086,0.012837729737379278,0.8368794326241135,-0.5507009870819549,0.6087038784539051,-0.5711462257444534,0.3956068051909684,0.7928553155268586,0.4635468739268993,0.73499910102908,0.029326387366655104,-0.6774336015363168,792
3.328150150021466,1.8930063492583227,0.9820273509110299,0.28713966794710694,0.011497846749880681,0.9042553191489362,-0.49001676393744326,0.7500489306873294,-0.44419609705069435,0.5084559839807076,0.6598325045160722,0.553257244270925,0.7080650276736499,0.04525116085628561,-0.7046958556900077,793
2.968785994959906,2.4263002614673606,0.9858117935210842,0.4824321333533822,0.011346845488096668,0.8687943262411347,0.6088639608662108,-0.5380755034160962,0.5828888657212659,0.2935114976049028,0.8354479954512701,0.46462635275044595,-0.7369773930942771,-0.11180965754338593,0.6666055224403667,794
3.826419966991893,2.139839121009966,1.1202886053732644,0.4304864080505006,0.009503868413521742,0.8936170212765957,-0.3116567472052996,0.8011844595142298,-0.5108556877967627,0.5482282274330803,0.5907379896641891,0.592008815992714,0.7760901252863579,-0.09556196628577629,-0.6233394163957557,795
4.065060478863941,2.1494286419653577,1.132271359924335,0.4902545913397374,0.00870059395891999,0.8936170212765957,-0.3950651110063934,0.7970891081045831,-0.4566973963211815,0.5513770495363065,0.6033763738918249,0.5761252473844469,0.7347835785523132,-0.02420547810296389,-0.67786959477444,796
2.713335845848318,1.399870905103154,0.7751984848175539,0.2201985709256122,0.015049107667728266,0.8049645390070922,-0.45664858894154675,0.7842546091761842,-0.4200199688152992,0.5618171388014076,0.620281589330262,0.5473684796249452,0.6898069068708244,0.013980626732543161,-0.723858393133264,797
2.6428058999714192,2.6427801059947904,1.0219603192423163,0.5480309440375727,0.010031920298490923,0.9078014184397163,-0.5405374492365106,0.6268631717122606,-0.5611255028277824,0.41854006910581115,0.7789310383756697,0.46700176445909053,0.7298242778407619,0.017578435819093435,-0.6834087518230685,798
2.9247451310410137,2.0826008140899352,1.0060210306874178,0.1462060330804311,0.01153429423417372,0.900709219858156,-0.4740278275811839,0.7099729122090388,-0.5208033051047967,0.5715973702013014,0.6980298063618954,0.4313129209858327,0.669756720800635,-0.09323547264743867,-0.7367042022294897,799
1.8828640425397452,1.3254499638982762,0.570497476852687,0.1624115797360554,0.01615622858495494,0.8120567375886525,-0.4884731349864614,0.7202278911771658,-0.49261118660358405,0.5106676000906928,0.6937288852041801,0.5078964816288628,0.7075398212214707,-0.003466785810836398,-0.7066649720921727,800
2.398409645042201,2.0368671949566304,0.8974911586035104,0.21447493375767976,0.010910936288536732,0.8936170212765957,-0.4868690170670777,0.7069772745023162,-0.5129733848431265,0.5390215914049562,0.7052978407593006,0.46044617472570765,0.6873240023594449,-0.05232675374552789,-0.7244636820593899,801
2.472394210130302,2.253206344027159,0.8929725152592329,0.1580762751167628,0.012582672446567545,0.851063829787234,0.5992401781264487,-0.5346614258450666,0.5958593530627027,-0.6777586576372425,0.0573299505726653,0.7330460277261579,-0.4260920216534749,-0.8431194675018816,-0.32801700047802196,802
2.7465206827460436,1.3242935745813056,0.6271812655121723,0.14359635520384556,0.008853203253794252,0.8617021276595744,-0.4319349317276068,0.7894208980468134,-0.4361729708274348,0.5874321097586968,0.6132081958995034,0.5281091032221682,0.6843652030735592,-0.028113239027883652,-0.7285972238579055,803
3.03310343311185,2.9475682577558695,1.2515436455168119,0.3500909213932484,0.008548346984219208,0.900709219858156,-0.5310546354583657,0.6234089131052459,-0.5738835258300401,0.643753952049459,0.7372246925458921,0.20513556961511537,0.5509644483801884,-0.2605015926276668,-0.7928285419052243,804
2.5484024760419093,2.065519210326846,0.9183780133585041,0.2697501052259188,0.011753799395785039,0.8475177304964538,0.5841870220487098,-0.5658818556736297,0.5818103201982838,0.7221418899694013,0.03520731604323856,-0.6908484172728866,0.3704546045351323,0.8237342838054033,0.42921464986917424,805
3.8209794038652367,3.346616068475485,1.2661722192966387,0.34689076097878035,0.008260861532693967,0.9290780141843972,-0.5574893921600076,0.6263706204233561,-0.5448535798721758,0.4305581369314361,0.779287586764382,0.45533564305584123,0.7098065006402774,0.019253648625799702,-0.7041335304211824,806
3.706759326150037,1.7430649879537343,0.9984897563972847,0.17270213732498121,0.01132685358474409,0.8581560283687943,-0.45272028103696715,0.7780956763036048,-0.43544398681741553,0.5239439379332446,0.6272940133461655,0.5761813696424636,0.7214756385636414,0.032700754390332265,-0.6916672347462249,807
1.8771739915771264,1.8771630429865724,0.695994414347181,0.1365408864129535,0.013095161584309404,0.7446808510638298,0.5789049782683071,-0.5760264888348272,0.5771156819016372,-0.5120442966594462,0.29400063245733027,0.8070776086431979,-0.6345704566040749,-0.7627300389228883,-0.12475264858906013,808
2.776027758993571,1.7468166745664533,0.7181746646068817,0.1530469930664109,0.010022818190813142,0.8687943262411347,-0.45072608739498854,0.7798882969774489,-0.43430431540478603,0.5400289291839233,0.6256235620021315,0.5629954833852846,0.7107846015397847,0.019219857059296103,-0.703147102183142,809
3.6635270177848094,2.133567138399175,1.2011925990259975,0.2063330482672967,0.0076882223685192964,0.9042553191489362,-0.4658559439775902,0.7507858732803083,-0.46829351046482937,0.534282506958835,0.6605305481778249,0.5274861113637823,0.7053512899389429,-0.004468490419259341,-0.708843840612897,810
2.8036926080491202,2.723472614978581,0.956761598732889,0.29355948613965244,0.012116217946167076,0.8368794326241135,-0.5452421681164024,0.6242304592675806,-0.5595063108047221,0.44156676281708496,0.7812135666296772,0.4412756024175585,0.7125515925762604,-0.006457324238749812,-0.7015900019817205,811
2.488197992177379,2.487622942664705,0.9826061603424481,0.22281270863136562,0.010992336990463708,0.8794326241134752,-0.5809802954301346,0.5880959093473751,-0.5626767257767087,0.3486313585385958,0.804499430886224,0.4808709198394876,0.7354713265419983,0.08320977774652322,-0.6724269928564199,812
2.2452213135027335,1.6145938074870707,0.682618381098449,0.15764283062660214,0.014708723736151959,0.8794326241134752,-0.531675581453661,0.6412007713168317,-0.5533377331690038,0.52032360562492,0.7627864346913337,0.3839533832125542,0.6682697221297658,-0.08377604618018086,-0.7391868184505335,813
2.7606118433668008,2.256380739728964,0.7544462022411517,0.24324309794499105,0.006851754284765011,0.9042553191489362,-0.5425175680409204,0.6347139597093933,-0.5502843607781235,0.581245000541337,0.756565818488611,0.2996037577206921,0.6064890252202974,-0.15730973156381864,-0.7793745637642102,814
2.4577624485110388,1.3164964890935957,0.7370793599158921,0.17469340959265547,0.013574644062153213,0.8652482269503546,-0.4302408067216121,0.7824518753738253,-0.4501798651156226,0.5537487176209036,0.6226067594902384,0.5529224003151522,0.7129201960701782,-0.011396743440486162,-0.7011525570617357,815
2.7962216135373716,1.6099342679043427,0.8908079643138898,0.1878927272260279,0.011921038251372135,0.8120567375886525,-0.46882343085925493,0.7559115936694759,-0.45694885187888423,0.5005189687198791,0.6536022477142012,0.5677013860600773,0.7277948561435057,0.03744014341608792,-0.6847721394975388,816
3.15901203807589,3.0179578661165816,1.190450235285483,0.3342951024053581,0.00950691520745562,0.900709219858156,-0.5143449552880229,0.7011816065898309,-0.4937546167377734,0.48998923795315086,0.7127991837140835,0.5018245414351782,0.7038180259554684,0.016176472935717695,-0.7101961053564767,817
2.1809073568778197,1.9357221973883767,0.7779273954185566,0.21436801452893442,0.013189365130460574,0.8404255319148937,-0.5300805742857675,0.6597610747437014,-0.5326630351525314,0.4724568182415128,0.7514377997682216,0.4605711540865324,0.7041300587689585,-0.0075204609253843036,-0.7100311986141825,818
3.8731834802772167,2.3966697309432567,0.9883724655988114,0.2699141213889584,0.007986346958179413,0.9042553191489362,-0.4889009212705214,0.7362240974562417,-0.4679208987698432,0.501007875771868,0.6760853415975983,0.5402774465877873,0.7141197361755212,0.02971008585651172,-0.6993928175231734,819
2.5876565911393907,2.587656588972502,0.8951762787894787,0.26393314617804386,0.012571305198709228,0.900709219858156,-0.5171181737385896,0.6831479927873381,-0.5156526101358325,0.4412712237107574,0.729009584342288,0.523282651214327,0.7333951878176435,0.04305631066075524,-0.6784376556458286,820
2.3679771288852636,1.4825618750018745,0.7022958812233878,0.14116925064599464,0.01344959989079687,0.851063829787234,-0.4615608905845407,0.76705570390659,-0.44563111582021686,0.5406261331199363,0.641498099341629,0.5442458752520432,0.7033384167458726,0.010282783934489531,-0.710780793131023,821
3.3969568919616533,2.560298708652608,1.2953928935370185,0.5017720767682917,0.008770100855474116,0.8971631205673759,-0.5165279278117917,0.7136971767059301,-0.47311229084905504,0.49142800722531743,0.6995563835986849,0.5187671730949088,0.7012113900280071,0.03545710264973839,-0.7120711905186701,822
2.8653738936752466,2.188577943313059,0.964889217398694,0.3539946960263383,0.011241970824786113,0.8652482269503546,0.6283108791174346,-0.4416593283593345,0.6404392842852928,0.7362075698575705,0.07148214069735034,-0.6729700718796748,0.2514435389249186,0.8943306666074389,0.37006594749910077,823
2.1059673467019144,1.8462588632979855,0.7670410121031033,0.41814467889102325,0.013928385379558468,0.8829787234042553,-0.45895189738497427,0.7491289443756516,-0.4776703681257129,0.5664704621940344,0.6609162546386627,0.49224071328576574,0.6844518765760008,-0.04467134487593183,-0.7276881884423895,824
4.081709029912659,2.4418097189463084,1.415483631527891,0.2601943165132537,0.008438800716042947,0.8900709219858156,-0.4460777502698668,0.7485864738477964,-0.49054350661923646,0.5954169079906672,0.657426416350106,0.4618107975826145,0.668201576167707,-0.08607437631013964,-0.7389843403955274,825
2.785468718530112,2.6692841636036615,1.0509275913781047,0.2993601316489485,0.008984358800568835,0.8687943262411347,0.5729399598202041,-0.5726957954527169,0.5863099251351651,0.8194318695960768,0.4146366139356724,-0.3957371469476151,-0.016468561913569324,0.7071746631877729,0.7068470713059218,826
5.598935158382481,2.4616531371603405,1.5142732021423984,0.3021421608047292,0.010679703766044912,0.9078014184397163,-0.43615029871429056,0.7851066986461914,-0.4397503708609163,0.5482231476330751,0.6193473488456201,0.5620144498829057,0.7135995356856102,0.00404143771199339,-0.7005421967665484,827
2.0017851531707476,2.001783825656046,0.8100659853284149,0.27859820520049455,0.012359959179219265,0.8581560283687943,-0.4939341256414162,0.6673210426540415,-0.5574152003291376,0.6212259329932414,0.7193844478324065,0.3107480593560327,0.6083645450743547,-0.19279170689629413,-0.7698856655689122,828
2.581383723927436,2.3515130890569287,0.9127577854865658,0.22176833438075785,0.011003787497167426,0.9078014184397163,-0.5425067035850948,0.6175116031296272,-0.569531295510187,0.5975047506051271,0.7602062216451589,0.2550971845714815,0.5904867056670616,-0.2019057219899163,-0.7813830877733352,829
2.7694176865341413,2.0244279951394026,0.99182014348253,0.25393678622469174,0.011144133268714098,0.8546099290780141,-0.5310170344045309,0.6838914914905573,-0.500313238920417,0.45950318016413294,0.7284913404315211,0.5080917184282125,0.711953465186641,0.03990983316310209,-0.701091626412431,830
6.229772343119813,3.0689015039055114,1.781910956689175,0.6117879041007094,0.008387423642913549,0.925531914893617,-0.38748260714471794,0.7324469453188133,-0.5598023771416765,0.6507070585142856,0.6474506970801082,0.3967214625529708,0.6530218626968155,-0.2105446915588743,-0.7274842814084441,831
3.221888988963225,2.1658273886683057,1.0473679642617997,0.27741200449865555,0.010679182851459728,0.9078014184397163,-0.467240557151361,0.7619441231826805,-0.4484723123006169,0.5428558815009359,0.6476113508779883,0.5347027493232377,0.6978493774968405,0.006378978081439696,-0.7162161370465685,832
2.322894106298885,1.5748582431739309,0.667067261425433,0.19220126140050967,0.0134475857351337,0.8617021276595744,-0.4688378062717405,0.7629071156217352,-0.44515597754497954,0.5224609357024294,0.6458837621504062,0.5566585456591675,0.7121977829755186,0.028405962827581926,-0.7014038916349082,833
2.9025428942113827,2.2590216944899746,1.0397299455958005,0.41594489964204695,0.011397802486756177,0.8936170212765957,-0.4845622467679407,0.638803915784852,-0.5976026992786639,0.7118420513887704,0.6850119125339108,0.15504700436080895,0.5084096014847009,-0.3502688065822783,-0.7866584012477043,834
2.3682030442522266,1.6357598777264828,0.6834043292469281,0.15237205194749207,0.011654520987915216,0.8156028368794326,-0.5132678838315871,0.7066709559949189,-0.4870033258410786,0.45829801801848846,0.7054554668036714,0.5406436081534113,0.7256162939924721,0.05430234166259676,-0.6859535331074467,835
1.7257651025657963,1.5349004912674717,0.5462449764123672,0.15291004227002397,0.014240063210029071,0.8085106382978723,-0.574172638184859,0.6001464546896529,-0.5569111369718507,0.34006594789762257,0.7935734009093408,0.5045754734919983,0.7447690465106149,0.10032691708919994,-0.6597375061848814,836
3.8192347177388273,2.339747150335539,1.066076727190104,0.2082186835524363,0.007592421278259905,0.8936170212765957,-0.45196404906087656,0.783003410986489,-0.4273571770077354,0.5362997106095265,0.6213415162090805,0.5712419282888285,0.7128191346734707,0.028989284546609095,-0.7007485302338066,837
3.3769059576552047,2.410493433925636,1.2198753082879878,0.384358717971693,0.00987092965809873,0.8936170212765957,-0.5066163489319213,0.7204467561931337,-0.4735993522859603,0.5361959658344536,0.6934365156006678,0.4812896062190233,0.6751546202298755,-0.010112879035978406,-0.7376069200189601,838
3.0038000634323687,1.8450932753749505,0.843974625535589,0.2698829744644088,0.013516618940304008,0.8652482269503546,-0.43142579892933375,0.7663616615700505,-0.47598485658030903,0.5591976986449114,0.6411969549291093,0.5255134620729259,0.7079334106033002,-0.03944957116660486,-0.7051765860310096,839
3.009397658658943,2.1512705872652043,1.019455704709649,0.35962949076138573,0.011877315766060409,0.8581560283687943,-0.5534908390392358,0.6650898732372948,-0.501301657305102,0.4604599631869995,0.745917720322932,0.4812311054057783,0.6939917243033018,0.03552766563453405,-0.7191058834226647,840
2.0937833924258253,1.4470439587345272,0.5797047072381173,0.13926022229110835,0.012377194853687525,0.8687943262411347,-0.48891970751624725,0.727514221301445,-0.48133208640852043,0.5154362700056101,0.6860863436984133,0.513430599549001,0.7037634340919761,0.002930323308963284,-0.7104283510955725,841
3.8287752799608996,2.8765077697573433,1.3721838547009904,0.49809391393256924,0.008122449156645463,0.9184397163120568,-0.4712612868550766,0.7525526447779882,-0.45997534319716793,0.49562827317427094,0.6573436633785242,0.567672372981451,0.7295652228156079,0.03954522795175866,-0.6827669885138384,842
2.4879630649224254,2.081120253732734,0.8646504996746642,0.29504317687007553,0.011697766176219145,0.8865248226950354,-0.5850495488318197,0.5856823818683907,-0.5609751981867405,0.20691432640392693,0.7766150603693326,0.5950256377134914,0.7841578201742896,0.23204567562552514,-0.57554436621602,843
2.1912317405276256,2.1366297411859034,0.7792340535805565,0.20615034844891517,0.011896309964757584,0.8049645390070922,0.573820411058394,-0.5429128691579033,0.6131686165774545,0.8132339689038955,0.466265172279592,-0.3482058312835961,-0.09685374372523597,0.6984571609066772,0.7090676601739714,844
2.8187465896400554,1.5461252160696162,0.7110038127757171,0.3397576779868326,0.01098478065138322,0.8794326241134752,-0.48882004191727946,0.7944945806962739,-0.3603239207494297,0.581695497773786,0.6046501578875595,0.5440850433859182,0.6501425339798163,0.05636087127432762,-0.757719036120581,845
2.5600917683561426,1.9561544262954194,0.8404839539679358,0.26597470387715866,0.013545583237347069,0.9042553191489362,-0.4636529738819764,0.7508531030227922,-0.4703674494386741,0.5310054048067534,0.6604592841165817,0.5308736140459688,0.709266649347349,-0.003626527989217282,-0.704930967129639,846
2.859327798470001,2.5178835514177424,1.0865867741997397,0.2799332770612487,0.008809237463615324,0.8723404255319149,-0.5417190308610056,0.6701746230965256,-0.5073524082533194,0.4575742655620978,0.7414365535789482,0.490813231802361,0.7051001936592556,0.03373146267805888,-0.7083049522114603,847
2.5350889198061206,2.502168617022526,0.8946876884444088,0.3347417918393678,0.012895060921210313,0.8936170212765957,0.5737536390667347,-0.5513296028996132,0.6056751857425183,0.8007155695734804,0.5330901219602805,-0.27325720212098725,-0.1722246739009714,0.6417558654464548,0.7473205944337249,848
2.600146825552594,1.8978251224191385,0.888412637141836,0.29488776950377904,0.011606764211328661,0.8475177304964538,0.6403303439158592,-0.4373634473882376,0.6314192470532345,-0.6855715846367527,0.045259882354263495,0.7265969621378348,-0.34636491306027123,-0.8981451764263695,-0.2708626756546502,849
4.615776179326162,2.851710877657953,1.5909814774010111,0.44912196215555367,0.007307735028337911,0.925531914893617,-0.4386489203191425,0.7477597843405467,-0.4984399960133914,0.5820914071808383,0.6589868619157805,0.47634641754570123,0.6846581032815444,-0.08118879692033315,-0.7243284205838859,850
3.0296540576091933,1.5342136897416017,0.8749567728004005,0.174541648717765,0.014036262603315445,0.8368794326241135,-0.47042934199680125,0.780611373022988,-0.41151199070698063,0.5387887420670778,0.6234060156907003,0.5666318302234902,0.6988583015248746,0.04484221122794657,-0.7138531014725339,851
3.4399620483948867,2.461808028645173,1.2169060073252178,0.42683894796793415,0.009273798260740356,0.8936170212765957,-0.5159108729406593,0.7274568147895755,-0.45237435139253,0.5069589215489224,0.6849489837776462,0.5232948896023383,0.6905277858591647,0.040638309981777976,-0.7221633504396803,852
3.6453314250652626,2.5444274931671496,1.1681091929096676,0.5327001983438404,0.010395967633768741,0.9042553191489362,-0.4670641493053434,0.7084802920903802,-0.5290621477229358,0.5441386841073732,0.7019212913620544,0.4595863283329065,0.6969678420785081,-0.07322688339780375,-0.7133538046833929,853
3.373454460039345,3.069354689582826,1.3363155275281116,0.4973703152827133,0.009205420758033862,0.8687943262411347,-0.5695563990223786,0.6230004175639665,-0.536167873009736,0.25259035786971556,0.7534082144911144,0.6071030995214568,0.7821787643780096,0.21034862027699225,-0.5864723680649035,854
3.036633739438832,1.4104212526668616,0.8779732097043936,0.21892520111691768,0.012113151042927692,0.8723404255319149,-0.4436138988702191,0.7960823310756314,-0.4116547471830633,0.5663481519449377,0.6049990359764893,0.5596659157533825,0.6945908720374294,0.015135673645641196,-0.7192457381629562,855
4.112563471330969,2.362963882367522,1.397710780060556,0.24310164375861693,0.009099332170676357,0.9290780141843972,-0.5447500041441303,0.7208030165387506,-0.42859123221737494,0.4053628096069503,0.6737387219356282,0.6178649748546243,0.7341174467158027,0.1628470015480296,-0.6592059075238075,856
1.9779498314228714,1.310803582336966,0.4545807753288974,0.07153555948869877,0.0072461836166314115,0.8900709219858156,-0.45451585982822496,0.7647101853987311,-0.45676434352086603,0.5558062626390732,0.6441985602778546,0.5254403994242591,0.6960565577421098,-0.015051487746319231,-0.7178291726732953,857
3.226030830637451,2.048972710989856,0.9738170179949659,0.27496920336013825,0.0097631682105092,0.8829787234042553,-0.5011583648984614,0.7315525300001833,-0.46224581030295064,0.4968529258934287,0.6806002626325012,0.5384426176815031,0.7085036791177866,0.04017683853790968,-0.704562529745699,858
3.210971473517255,2.649739948085309,1.1579513504032588,0.37432602277172095,0.009329446571705605,0.8546099290780141,0.5938108905574487,-0.5142821487336952,0.61879115842845,0.7219436753741725,0.0010204717642159035,-0.6919510735771786,0.3552266260327359,0.8576204464279242,0.3718887118832285,859
2.2536362809059556,2.2536362793212477,0.8888384152211093,0.2240806154910526,0.011748658650125567,0.8971631205673759,0.5643551099580654,-0.5793679816982968,0.588078270000739,0.7031531052246477,0.7105890613814777,0.025276401205989254,-0.4325263234499787,0.3992441954842082,0.8084089632698366,860
2.0696804018644053,1.7650088814317901,0.6339032983899684,0.2359745966353865,0.012389697337689909,0.8936170212765957,-0.4731901744866271,0.7436432859372935,-0.4723195126709252,0.5430539110420572,0.6683856010337211,0.5082845050094648,0.6936739208527597,-0.015979725003146927,-0.7201118940259097,861
2.4997047091843867,2.0560111227033575,0.6862209486385934,0.18772421830438682,0.006755276335819449,0.8723404255319149,-0.48382087542137897,0.7400329487332491,-0.46719224661338593,0.5110550252586,0.6722617003299857,0.5356183038576708,0.7104506468885944,0.020382371270506433,-0.7034518016729853,862
2.6733221553015705,1.7853518112801603,0.7439921269473528,0.2956569508000336,0.010345170716503479,0.9078014184397163,-0.4607537432618457,0.784051243127702,-0.4158961844259961,0.5406534193052593,0.6195719953751561,0.5690557290286945,0.703846480607617,0.03733886308864401,-0.7093701015968454,863
4.091376453387903,3.0363184368557854,1.5058989734547983,0.397768129644419,0.006766507780403179,0.9078014184397163,-0.4717291958417516,0.7342798330312515,-0.4881646162864446,0.5430472794307207,0.6781166210671066,0.49523479334091924,0.694673461486321,-0.03147975597312755,-0.718636074011377,864
2.503216460016557,2.196111769210852,0.9526181423236765,0.27354087408350575,0.010575012466238407,0.8723404255319149,-0.4991867779124581,0.7146952736479129,-0.48992165351483835,0.5113206915565983,0.6994348592787741,0.49934159451397947,0.6995453603187289,-0.0012423570406566997,-0.7145871153369079,865
3.5557790101965843,3.5555157023158173,1.430944079243058,0.34538614437334403,0.009336113448204416,0.9113475177304965,-0.5049076694390664,0.7426824645224607,-0.43987612146200256,0.539974329612754,0.6693409827701644,0.5103041956946144,0.6734210931511333,0.020134688354041808,-0.7389848615662017,866
2.345122962668922,1.9872229229915104,0.7563365249619838,0.233524818950736,0.013920111278893641,0.8687943262411347,-0.5720043657380957,0.6166775242076106,-0.5408510300570119,0.31657166271459214,0.7742584908990352,0.5480019814169171,0.7566990074941802,0.14224141593755527,-0.6381018662011592,867
3.329660745773961,1.844472756554488,0.9093992998883371,0.16471299668797143,0.010231691248981201,0.8900709219858156,-0.521741850225402,0.7479287443816048,-0.4103511119165273,0.4200422714241774,0.6438835470781784,0.6395142437966811,0.7425294148652914,0.16129653167312424,-0.6501026818357458,868
3.5469998597452395,1.5789070918749961,1.0835807135775588,0.26744327323852496,0.01062814459626499,0.9148936170212766,-0.46824203317755636,0.8001569957935925,-0.3748308691240906,0.5452279336862883,0.5954638029852846,0.5900418287396942,0.6953243118818215,0.07191412529451449,-0.715089127234638,869
2.7715298421815584,2.7715298421402577,1.147624607258323,0.39106377938274683,0.010716565035539903,0.8900709219858156,-0.4891658941190679,0.6845665521390193,-0.5404492240009122,0.45396654717343654,0.7289310079394073,0.5124197105028921,0.7447355920580947,0.005312377710123883,-0.6673385022347684,870
3.476480962551932,3.476458885570425,1.4356630025914356,0.35183389564673523,0.007455053492511669,0.900709219858156,-0.547707041572755,0.6587953156774328,-0.5157574319901675,0.4378887383519218,0.7509837800465914,0.4942436797081932,0.712930886858034,0.04485637243920518,-0.6997981540525902,871
4.077362114370264,2.733578747482291,1.4903538464918724,0.3435296679849278,0.008295317675884054,0.925531914893617,-0.49144519973087814,0.7348817886187935,-0.46736535217955594,0.4790705750557224,0.676266375736162,0.559602692241965,0.7273053002537908,0.05111306882900951,-0.6844081051665185,872
2.9705335965355686,1.4502450072879178,0.7427687206466262,0.23392747611538856,0.013264384583347723,0.8156028368794326,-0.43826338102677453,0.7863037188289937,-0.43549014983886275,0.5592860884632278,0.6178387130676949,0.5526973818341797,0.7036506804533644,-0.0013365592203487264,-0.7105448145662367,873
3.640039713545712,2.8509142007266237,1.1906674883843504,0.5944514318211553,0.009413026983335059,0.9078014184397163,-0.4978135684210131,0.6315582652937533,-0.5944037421105981,0.6447711279270951,0.7278769214194885,0.23337819061880954,0.580044691112296,-0.26707554138114753,-0.7695575426882697,874
2.3496255735156364,1.4731277894246668,0.7174441679476918,0.12900288235684393,0.014793897075622108,0.8333333333333334,-0.4476563773282988,0.761378015724602,-0.46894273105419976,0.5611655584811478,0.6475007703604602,0.5155928319489637,0.6962018269236625,-0.03234609024099325,-0.7171169685862107,875
3.6872942214248194,3.0858874285600035,1.358413047306116,0.44548723449757055,0.008622612732727304,0.9078014184397163,-0.49659224036761146,0.7020501167879639,-0.5104133426201578,0.5265285957298692,0.7111449323730689,0.46587608120490087,0.6900462192385437,-0.037396773632355274,-0.7227985173175732,876
3.798175893630425,2.4877143085320834,1.3551813179483099,0.2589987380734582,0.007305965589784529,0.9184397163120568,-0.4587454532333457,0.750575188964463,-0.47559383390524834,0.5543867260585758,0.6600524336759158,0.5069380068297843,0.694411957779952,-0.031107402808038365,-0.7189049745152363,877
2.9593930627403857,2.327761138909643,0.9612443856031101,0.21637524432869512,0.010930972821352164,0.8900709219858156,-0.526888944545454,0.6575814008413907,-0.538493028165873,0.5608899863613996,0.7450376814519464,0.3610003828477432,0.6385847346400371,-0.11182823652451304,-0.7613829405762459,878
5.459789848913444,2.8265353982174237,1.6739571224308452,0.3095716053088655,0.006461337409601507,0.9042553191489362,-0.4499801399113949,0.7722255797355044,-0.44853709733698216,0.5443209925946861,0.6353441502979308,0.5477704516519085,0.7079777755735394,0.0023376664356482835,-0.7062308437115858,879
3.2312354472498725,3.054870430323621,1.1909223063202052,0.4087287506277536,0.00926810096655884,0.8829787234042553,-0.5537180952720918,0.6519661401302118,-0.5180119912627117,0.4977532998454272,0.7578586295116663,0.42177239142419864,0.6675611758192916,-0.024299172792752927,-0.7441583344560169,880
2.374879323407422,1.8501814128853304,0.7903917843656576,0.22733552345966954,0.014626131435065253,0.8439716312056738,-0.5036947510085674,0.7549146437048924,-0.4199946172587605,0.5029952532876225,0.6515455763694014,0.5678768678891447,0.7023441983646892,0.07478129868743955,-0.7078985692809968,881
2.626836433020728,2.134155230169188,0.8843296699325089,0.21568277376328765,0.011425833178026383,0.8971631205673759,-0.522301440330989,0.6772214211490364,-0.5182396667228917,0.47610898740461133,0.7357634900009872,0.4816350474105087,0.7074753971275114,0.004820116020053694,-0.7067215356424503,882
2.4330021098336547,2.2708106546840297,0.8775785438654136,0.21067041761807467,0.011816519863567484,0.8687943262411347,0.6243639503649278,-0.4882405813823815,0.6097464982893269,-0.6692676718282788,0.06815878541949254,0.7398886155467556,-0.4028032285499425,-0.8700433981483531,-0.284207748677282,883
2.7562713001503907,2.328076049491871,0.9046737699010476,0.21920260951599238,0.011947829569337414,0.851063829787234,0.6431749898341124,-0.42061253337177773,0.6398523495482883,-0.7020504768160309,0.009683067495073713,0.7120613500298058,-0.30569766183972236,-0.9071886986589182,-0.2890633227707482,884
3.042753077138593,1.5299224440785317,0.9182988248301861,0.17832024975731794,0.013009698455571629,0.8191489361702128,-0.43765059276015145,0.775394062099102,-0.45522083335249736,0.5514797846901354,0.631355303744301,0.5452160374677761,0.7101633655257149,-0.012430965183586051,-0.7039271733423811,885
4.783495137542469,2.48107364134315,1.2337549979844413,0.24471911008431751,0.009237111810822537,0.9078014184397163,-0.4577229948792343,0.6596551239020302,-0.596108024999313,0.6890459852596021,0.6869023604648631,0.23104280422775242,0.5618765791136062,-0.30499223711038376,-0.7689437204022118,886
3.6708328939729515,1.9770754059990308,1.179483834182966,0.269274483547054,0.009676250398645834,0.8546099290780141,-0.43885049600892984,0.7783284063159384,-0.44901573922793386,0.5508894805087731,0.6278282407496447,0.5498658749022168,0.7098809917285365,-0.0060491353843171725,-0.7042956662820039,887
2.4246934919987093,1.7803020175638817,0.8720827661167851,0.30856217139660785,0.012635597950748369,0.8439716312056738,-0.4584845288151476,0.7351067775487505,-0.4994096138832772,0.520747712762008,0.6775952907994549,0.5193134328510473,0.7201484267081955,-0.021969239592984968,-0.6934721306739131,888
2.8624093982462537,2.8624093874570202,1.1510333281163552,0.3036779174849811,0.008952087891228241,0.900709219858156,-0.5504427130426515,0.6295836690383749,-0.5483039515984025,0.4101680067557315,0.7759589787978939,0.4792179769759894,0.727169186566837,0.03888530446206667,-0.6853560441147484,889
2.6642759218747103,1.9155536475038786,0.8910099640495344,0.4604215696998346,0.012285780891527431,0.8687943262411347,-0.4589694447938817,0.7261978355223417,-0.5118434843077149,0.5147322216074117,0.6869154328267293,0.5130281943359113,0.7241531528514493,-0.0279980682750276,-0.6890706200297416,890
3.337422871061605,2.124176529075947,1.1246151888835336,0.30505974405977965,0.010135755166707916,0.8971631205673759,-0.4244027131326638,0.764215068526732,-0.4856517951396002,0.5870521481749302,0.6405830693207152,0.4949980874941353,0.6893853149065723,-0.07502439827372273,-0.7204992902528303,891
2.585822849478758,1.7998781718828858,0.8332577628839128,0.2091170067874659,0.010698295881540774,0.8546099290780141,-0.5314305458620707,0.6916262048759075,-0.48911631301122105,0.41693513763230766,0.7161769818344008,0.5596924349123338,0.7373917994745196,0.09350787891679269,-0.668961591310153,892
3.343912201669509,2.2212213639327056,1.0787555786809386,0.18538705942134648,0.009087094588689852,0.875886524822695,-0.4631986330429791,0.7610097587750326,-0.4542148978141101,0.5389527796401861,0.6487276491154588,0.5372916699440324,0.7035459669881086,0.004072385332557604,-0.7106380851125772,893
2.8025802243556277,2.0824886737946415,1.0016645175914554,0.3188267610584697,0.012369064065724203,0.8865248226950354,-0.4644668138842259,0.7761977139136716,-0.42636567370676753,0.541310221642073,0.6298715139264066,0.5569965169459018,0.7008950154952206,0.02791030023569216,-0.7127181717865119,894
3.108142897313358,2.0683401850185548,1.0672134820318995,0.2581391249292539,0.010066829679637542,0.900709219858156,-0.5393038291106702,0.7105589345182892,-0.4519484267953619,0.39795003438783816,0.6880209213263618,0.6068467532647289,0.7421503554114136,0.14742188573430276,-0.653819269805697,895
3.22895964646819,3.228566171289982,1.2811366389155543,0.42858180205778584,0.009452722173938484,0.9078014184397163,-0.5037800625134831,0.671736667593432,-0.5431164681947899,0.5088508841195372,0.7388344600531505,0.4418081239279502,0.6980518794077389,-0.05379117072941189,-0.7140238676731212,896
2.398979029382782,1.3946919100406994,0.7424958170282187,0.13736851560660399,0.012561543759359587,0.8581560283687943,-0.4665113862028057,0.7614509016742745,-0.4500662738781602,0.5090589773047619,0.6472451574369316,0.5673911030320017,0.7233436832990019,0.03558413289481693,-0.6895706528830512,897
2.908654197828919,2.026972023744605,1.0269698804276004,0.31724821905207345,0.007309687469922705,0.9078014184397163,-0.5311831270932943,0.7011060877759876,-0.4757044662128352,0.411637023610172,0.7043005571527908,0.5783733102310541,0.7405399694039128,0.11140457296591422,-0.6627137955690484,898
3.781025620222476,1.5555092271138677,1.059672578658844,0.14642977233037557,0.009782917923868744,0.875886524822695,-0.4308748116571346,0.7935816630185155,-0.42962197429856425,0.5620367340785761,0.6084637541583815,0.5602558071290082,0.7060181344878591,-6.32159466276705e-05,-0.7081937515807573,899
1.8558817557396035,1.722064919275049,0.5920668052726317,0.3212629125014552,0.012357552896781181,0.8191489361702128,0.5777579498811916,-0.560094237318414,0.5937088484028065,0.5795311813125028,0.7937167722571247,0.18481692380371148,-0.5747515647961453,0.23729334327038337,0.7831682501250588,900
5.819028733735189,2.7133378052459567,1.687458325821131,0.4075102183943858,0.009713600005036467,0.9219858156028369,-0.5113853994072893,0.7759859665475259,-0.36922994596098135,0.5096853998094742,0.619812595970994,0.5967018846096883,0.691885659985885,0.11695351895945436,-0.7124718295546126,901
3.283181255198998,1.7877140904842908,1.1303156431442987,0.27391666366927325,0.010929221253535815,0.851063829787234,-0.45918824130887276,0.7716514481995139,-0.44011385065146186,0.5447679117203621,0.6359462276153407,0.5466263055704994,0.7016937233604845,0.011244468569479915,-0.7123899778373428,902
3.1117788071260453,2.748803471014037,1.103906724338477,0.3466388364928385,0.008879609184457722,0.9113475177304965,-0.5269319617208842,0.7012241474977511,-0.4802368193746008,0.5035649498574107,0.7127737202826093,0.4882376111583293,0.6846641870231596,0.015437572365523455,-0.7286951573651188,903
3.614455877887955,2.1781511482535176,1.1087618093978264,0.2874093554290881,0.009671556835986524,0.8936170212765957,-0.44210704958987207,0.7721200072381168,-0.4564778758335929,0.5503068299010634,0.635369004843245,0.5417274412919717,0.7083104895927919,-0.011701372018491474,-0.7058040296184944,904
4.497867670605909,2.3841331602934868,1.4507004109072206,0.2825393597202915,0.00840753013792696,0.900709219858156,-0.4659493274007569,0.7500034608017867,-0.46945290826676644,0.505152776568066,0.6610891015538627,0.5547809226463002,0.726437813319458,0.02135435768290425,-0.6869003528806742,905
3.139754089451176,2.033548491494284,0.8730776366903807,0.2599651238680565,0.010109134315430111,0.8687943262411347,-0.43434936923642264,0.7688599408746506,-0.46924941849953394,0.5634642021164412,0.6383670290874586,0.5244002565858774,0.7027437074618343,-0.03663232851294984,-0.7104993695496958,906
3.217431530922204,2.0217075994854725,0.986208065071922,0.23251339307028332,0.008480365997004287,0.8439716312056738,-0.46819427546781617,0.7227057180040879,-0.5084196746619496,0.5977945234340606,0.6827822025509469,0.42005972388688056,0.6507194696421887,-0.10726093904061135,-0.7517042389029847,907
2.150299780510637,2.1497647787104315,0.8892600171404669,0.37889160887037554,0.011299597529169167,0.8439716312056738,0.5998305269296382,-0.5525472136611672,0.5787010589575529,-0.524651830218892,0.2744578642024956,0.8058618602622731,-0.6041057821369364,-0.7869971140053087,-0.12526670162511447,908
4.77115224752889,2.08638462820054,0.9745618088241281,0.19161430616180872,0.005389443800473757,0.900709219858156,-0.5076491650241274,0.7750763981737627,-0.37622985294138084,0.5194632996675339,0.6237343845096767,0.5840490543429145,0.6873501331554568,0.10105441392795106,-0.7192619827829455,909
2.8851738580090367,2.8850136011439482,1.1028831660357705,0.3001499923958199,0.009867858351421352,0.8297872340425532,0.5902377366454762,-0.5648758705983808,0.5766581873652249,0.23395637106044614,0.8034133034485609,0.5475321728283166,-0.7725825720787729,-0.18826129357250243,0.6063611586031511,910
4.736665112168858,1.8217925863051834,1.5150939981472384,0.1786686498034734,0.009941779847880944,0.8687943262411347,-0.413151913057261,0.7793298217373383,-0.4711162549604651,0.579794587235514,0.6240411822536998,0.5238423803624567,0.7022419336308005,-0.05672417299752572,-0.7096750205891578,911
2.2929778721583753,2.2390278326135893,0.7910761543854075,0.30331857055080536,0.013028292012928546,0.8262411347517731,-0.48777415124972157,0.7041142321392586,-0.5160421741210267,0.4991444709679378,0.7099234318411906,0.49685361830720737,0.7161921351667802,-0.015227246033633124,-0.6977370253207722,912
3.8940144760802187,2.596841640292893,1.3439639936442633,0.29140521756784515,0.0074478314807387425,0.9078014184397163,-0.46622813195501367,0.7590916750413954,-0.4543249474292457,0.5171815955512857,0.6505286217967611,0.5561795658294476,0.7177426601483046,0.024338058798002604,-0.6958829877911805,913
4.379944583927072,2.7686313291766527,1.3020305933640304,0.4130448051132096,0.010881643657845056,0.8652482269503546,-0.43679710183313064,0.7661331506546207,-0.4714321661683703,0.5363094544318445,0.6425341174239042,0.5472861016262899,0.7222052761626676,-0.013780544775465725,-0.6915414923693997,914
4.65137415472797,3.176848264126915,1.2742683912141493,0.3252074950783746,0.008996964125088961,0.9219858156028369,-0.4284619191773003,0.768458796705129,-0.47528040311105824,0.5257210526904187,0.6398260279052899,0.5605711629873742,0.7348726138406456,-0.009681517517650534,-0.6781360554089222,915
2.685429008434898,2.2277425117799865,0.9972904464093907,0.3252755793997232,0.01164226872211392,0.8971631205673759,-0.500558952133661,0.664067592888472,-0.5553872230382708,0.52033246618658,0.7435160030864613,0.42004532825223173,0.6918777782752117,-0.07872855409344287,-0.7177095197218113,916
3.7821377216577967,1.8139943649993766,0.8731121599565376,0.1574110233471628,0.008106916974790395,0.8865248226950354,-0.43265010692895445,0.7850385497890604,-0.44331519297160704,0.5501533437243431,0.6194448450195652,0.560017305417977,0.7142444843072218,-0.0015997886659793181,-0.6998944615532653,917
3.4708518176855025,3.4619479491069796,1.4811696399646792,0.421074508415935,0.007023486251022163,0.8971631205673759,-0.544829116359862,0.6598260062639593,-0.5174851451242689,0.4296122307080807,0.749616919679347,0.5034955858361365,0.7201351020416648,0.05200110756706125,-0.6918824463875638,918
5.456626765601026,2.2358285572152132,1.1550015757071135,0.2655771745547296,0.00572387577309529,0.9326241134751773,-0.4132409645223634,0.7651405786770671,-0.4937527722477614,0.6315708785640656,0.6314300095144001,0.44990484375527556,0.6560107701786924,-0.12592076058524834,-0.7441732536601886,919
2.869939468519835,2.1481653610315923,0.9765092798624775,0.18471904594893185,0.009402916444080247,0.8687943262411347,-0.5220177082140736,0.6684273613329453,-0.5298135284535518,0.5193060694637579,0.7418389308540003,0.4242595984624229,0.6766230254203806,-0.053664357732761764,-0.7343714442842267,920
4.543655293098842,2.031453866299753,1.0321426515197052,0.20070838017718193,0.006751378336016723,0.8900709219858156,-0.44344974287930444,0.7704864280105097,-0.45793339012555584,0.5606610028584162,0.6370705009407323,0.5289616401072194,0.6992936188855678,-0.0221774904515869,-0.7144904432553287,921
2.8085920242608955,2.5354461991722044,1.0646862292907595,0.17959059622126705,0.010154883057981517,0.8581560283687943,-0.5811812420271879,0.5840764207077636,-0.5666419492845044,0.3164305663953651,0.8037167933284111,0.5038958352403845,0.7497333263010547,0.1135519744218644,-0.6519247568074498,922
2.2911385909376523,1.3627903640552084,0.6790391803754627,0.20806844142218256,0.014124689308565185,0.851063829787234,-0.4472092363241371,0.764931528923972,-0.46355544976239554,0.5563815370061351,0.6437032295170418,0.5254386144812934,0.7003167028031481,-0.022932692108979996,-0.7134638094588694,923
2.7663420286392255,2.7661569316966683,0.9113841090936368,0.4588692415072307,0.008239538819196911,0.8865248226950354,-0.4272528199463641,0.7654408000207003,-0.48120204645403386,0.5427940118676565,0.6427952017581399,0.5405450853326915,0.7230696291011636,-0.030244177297170965,-0.6901127452895818,924
1.9226076390283848,1.922085533300999,0.6738488206735425,0.29950828532926155,0.013608944472805027,0.8404255319148937,0.5593331458083034,-0.5559370843478779,0.6148824198551848,0.8242385842661966,0.45190628776259756,-0.3411912415163734,-0.08818836775359415,0.6976493856712044,0.7109909608887781,925
2.4029270186734797,2.402861168593828,1.041424202881137,0.2843848500263368,0.01066696769909107,0.8439716312056738,0.5879584883459456,-0.5830794802018452,0.560645285139808,-0.5662953657729892,0.1982012881084808,0.8000161298975011,-0.5775936068603833,-0.7878671012040579,-0.21366107777114673,926
2.753381212720204,2.67584573442441,0.9707215682133309,0.25386787724810483,0.010910685732721989,0.9042553191489362,-0.5225016008685343,0.6962040784982454,-0.4922316102935974,0.5216539209923269,0.7176715624715644,0.46132929143178714,0.6744399630828162,-0.015729256245366724,-0.7381621276486741,927
2.76081024951269,2.0143183585807325,0.8549755023630756,0.28868945526518325,0.012121301303699436,0.8617021276595744,-0.5251208833049356,0.7026997832655764,-0.48006361298848327,0.49626636042209893,0.7111050363636234,0.49804550672774217,0.6913521226050064,0.023294674430048568,-0.7221423687284596,928
4.355676515943238,2.421380560421894,1.2340231392663659,0.24369107903555948,0.00924765478946713,0.875886524822695,-0.5077727998100208,0.7816846885128687,-0.36212681689931786,0.5434212125284159,0.6167978409825403,0.5694328837829996,0.6684760052142775,0.09235513577390494,-0.7379772078790406,929
3.5285761660018973,2.184303852367821,1.1058394344041367,0.29833597659250055,0.009550857186479458,0.8723404255319149,-0.5061841411662638,0.7260644762185751,-0.4654116367316337,0.5042217289306398,0.6869624408319606,0.5233001557045359,0.6996699674174736,0.030215579750209415,-0.7138269786400555,930
2.474977000207683,2.2630786918711467,0.9184662943452372,0.4372415789206977,0.011950713237974949,0.8652482269503546,-0.5013206791529452,0.6717613757242344,-0.5453569755111911,0.5718793819022774,0.7302317376466042,0.37378547575941246,0.649331617287114,-0.12449202150622002,-0.7502467509910297,931
3.002777775744074,2.058976908257104,0.9855112396427502,0.25639549592180677,0.01093741451252417,0.8900709219858156,-0.4621344274479576,0.7374973793188427,-0.4924727266206602,0.5308829261898115,0.6749019943126507,0.5125140161526803,0.7103485691176492,-0.02459499076327895,-0.7034202135152661,932
4.5646806452979005,2.2673350136192996,1.449529142087717,0.22433897685176094,0.006858084103485965,0.9148936170212766,-0.5024638286322302,0.7601987025443472,-0.41185923999120383,0.5120304718434685,0.6454765845665991,0.5667316602061271,0.6966741683312192,0.07387767880848228,-0.7135735363323635,933
3.720919774614755,2.5090236801906856,1.3218252383383582,0.2966708454303986,0.009391630975327444,0.8794326241134752,-0.48873692582617545,0.7226774465260472,-0.4887468932040097,0.5114150625046772,0.6911853206524617,0.5106050199105868,0.7068174100694722,-0.0004009951943820811,-0.7073959202777025,934
3.1260049175513265,1.636163792179411,1.0128637943932133,0.2107837354142635,0.010409064073595412,0.8865248226950354,-0.43712039805239483,0.7900373326432035,-0.4298450542189918,0.5469382780400384,0.6128946746109187,0.570279438388036,0.7139917910040097,0.014182061330712176,-0.7000104224333366,935
2.8615802178489265,2.2076058640977845,1.0436698690283157,0.39225726481363976,0.010431503749482865,0.8581560283687943,0.681733678258697,-0.2192498688635886,0.6979747036470352,0.7167250790999528,0.00874416797719268,-0.6973010114115374,0.14677994725790633,0.9756295580442844,0.1631030734023133,936
2.505981098950905,2.021596118640071,0.9682931893764046,0.37149853936473404,0.013624422567804472,0.8687943262411347,-0.5607054884065189,0.6085158436142453,-0.5615316761690748,0.48607590777271764,0.7909148084967497,0.3717310554466474,0.6703279549248531,-0.06451537623693554,-0.7392551650649937,937
4.862605357548432,2.7574133695483423,1.631590901288299,0.45144960470579326,0.007502684184240177,0.8687943262411347,-0.4471824534037432,0.7787710998278404,-0.43993570830377565,0.5501312645997747,0.6272921977484675,0.5512350590753008,0.7052541705496407,0.004480258567696627,-0.708940393972233,938
3.1058590209987456,2.5549975148153647,1.1234112236563825,0.34196537914466585,0.010308126203159703,0.8794326241134752,-0.5755120059098232,0.5999217360237933,-0.5557695940764029,0.37933666837931523,0.797895960791639,0.4684716936755825,0.7244926659922328,0.05878729793573961,-0.6867710175341426,939
3.029108397958,2.066584476240138,1.0040050916859293,0.30088763793578077,0.010062194085433296,0.8617021276595744,-0.46885757360234287,0.735141555627169,-0.4896319728794165,0.5533493076526019,0.6765408468812129,0.48589816445592543,0.6884599620864744,-0.043120478792765315,-0.7239913707445503,940
2.407094302055551,1.9200284119331785,0.807459538672629,0.22482335256306873,0.01199011135272691,0.875886524822695,-0.48039122854254535,0.7059344848577427,-0.5204620741495172,0.5792269116516182,0.7009571555909241,0.4161192747811733,0.6585745609708232,-0.1015655902090595,-0.7456299206225385,941
3.362261428976446,2.4975669116733132,1.15763969636858,0.24076881947554096,0.008470452705602169,0.9042553191489362,-0.45521369482332336,0.7357517538665553,-0.501447752739591,0.5841105881078351,0.6718252162831658,0.4554840278499309,0.6720084172877727,-0.08555837450749823,-0.735584428632103,942
2.7649915731416295,2.756749124542784,1.0122169745023786,0.5351677416598406,0.010069889633222357,0.8900709219858156,-0.5877529311415765,0.5887525106918475,-0.5549026699237725,0.3469216779014902,0.8030274060423412,0.4845537478411695,0.7308842872414895,0.09229012026731179,-0.6762327205663338,943
2.6584742295682386,2.2698886835420464,0.9631754367084244,0.35407520542244364,0.010411715268287762,0.8581560283687943,-0.5478891979438835,0.5974812410618753,-0.5855199342085369,0.6750626430099435,0.7291524035844085,0.11237081631593482,0.49407272216632014,-0.33369587789818617,-0.8028319913188071,944
2.1382408681293557,1.7890291656682231,0.6723885283902644,0.2128129821892148,0.012468449376032644,0.8191489361702128,-0.4514315275138609,0.7415500298216526,-0.49629943505711177,0.5803269488410253,0.6664926386814352,0.4679831140461414,0.6778128122242659,-0.07675360483367527,-0.731217256176075,945
2.8774080708100054,2.3737174504705245,1.0415943272125574,0.32999125092228415,0.009875290361821052,0.8794326241134752,-0.5583543791329045,0.6342287256477122,-0.534784359220039,0.47361815070307617,0.7729461514000369,0.42218490541523346,0.6811213068372673,-0.017554788496317753,-0.7319601046321738,946
3.2077381126746394,2.165733535384381,1.1656060720637749,0.3079834014600636,0.005345583969487366,0.9184397163120568,-0.4631097399525279,0.7589558495664488,-0.45772850814644694,0.5307468296306393,0.651088734457791,0.5425783470607514,0.7098148854441748,0.008335362680888025,-0.7043389454877893,947
4.103862125009859,4.103841059288315,1.70127778640504,0.6196775585072285,0.0067747577542850955,0.8936170212765957,-0.5182163255194123,0.6370812732428291,-0.5705955583847935,0.49977057586202567,0.7669802539208664,0.4024557883768383,0.6940325723391503,-0.07660771096161897,-0.7158561637322984,948
3.079996320489486,3.079980159976259,1.4210836080506273,0.36493417907581904,0.007959912210496549,0.8829787234042553,-0.5640498423281927,0.5874275702435608,-0.5803245859752001,0.6180515802858267,0.7663982484358135,0.17505990089312093,0.5475947584443566,-0.25992801794393666,-0.7953473492833198,949
3.0691615237069545,2.7498607520356115,1.2223390829414411,0.36991791840071775,0.008628634673468902,0.8971631205673759,-0.5713863220043265,0.6024539923579141,-0.5572852574026864,0.541248642106455,0.7870711586438692,0.295920426211027,0.616901595430168,-0.13254500489647883,-0.7757990997885378,950
3.9734345662956816,2.223362921754339,1.4431537405327282,0.32337658041789996,0.0055004234842326305,0.9184397163120568,-0.4707931813458501,0.754196674378474,-0.4577566567016842,0.5511401353224948,0.656574535418441,0.5149314815359035,0.6889109751157662,-0.009861835351919174,-0.7247788714970491,951
3.7184945124098996,2.585868783201984,1.425497796051649,0.35542507863486744,0.006588937263138617,0.9078014184397163,-0.4957497594960758,0.7043295038862493,-0.5080867307014946,0.49758230092830585,0.7098505256049477,0.49852190032261623,0.7117893155720139,-0.005672852345126489,-0.7023701225022279,952
3.4894733133837645,1.8333695151636042,1.0615028794679557,0.21464343445468897,0.011576214501682822,0.8652482269503546,-0.4471075172267539,0.7760752702995996,-0.4447494158160654,0.5493825288152159,0.6306398483688376,0.54815346271088,0.7058850508913802,0.00074597502178958,-0.7083260114165937,953
3.911444492579505,2.684971724496889,1.323595821328444,0.6081311566141256,0.010870135110063402,0.9219858156028369,-0.5839600859635561,0.6951975172943368,-0.41915513828322154,0.36826375645654896,0.6870185401143153,0.6264082783773749,0.7234448311253237,0.21143778632729163,-0.6572074549417914,954
2.438526150524649,1.9752071976624084,0.7417868351054725,0.16228186741340855,0.011982505919302108,0.8687943262411347,0.6337869235520334,-0.4106254678115407,0.6555157211837122,0.7425455717057389,0.08561519491400292,-0.6643012210887728,0.2166568934390183,0.9077757231741717,0.35916991374691054,955
2.447674549171579,1.7609760722462504,0.7944588482275629,0.19797083346198843,0.010432985758030073,0.9184397163120568,-0.5320778430282852,0.7149014927131415,-0.45366179547642066,0.435009686762477,0.6904950613553134,0.5779127465861379,0.7264019144944341,0.11014729211580362,-0.6783861972787895,956
4.218491714048525,2.4089150640676134,1.403838886753499,0.2701115520430419,0.009368857738236688,0.8368794326241135,-0.43767400288229136,0.7704122499464144,-0.4635800171852702,0.5410551313900185,0.637455660568368,0.548552299790891,0.7181231175763122,-0.01073526626819743,-0.6958332717401698,957
2.9178034977491554,2.219222433618119,1.0584225761241202,0.13690114801927206,0.010786744522762235,0.8439716312056738,-0.49622868744790705,0.7254631347818086,-0.47692801325386514,0.4746247518169304,0.6866617879385712,0.550660452500197,0.7269721003700518,0.04689167364848587,-0.6850640380475386,958
2.3615413948757413,1.3364813468242784,0.7344500727080847,0.21962767326452634,0.015698686441687804,0.8333333333333334,-0.41595647501056404,0.798112945856483,-0.4358852332358515,0.5500374034807685,0.6025073336726372,0.5783111339433332,0.7241816523973252,0.0007990788297741191,-0.6896087991057709,959
2.5770596341599825,1.917040282996772,0.8271423977505832,0.3489139279897126,0.012418989425435855,0.8723404255319149,-0.4939051966424197,0.7337791237532109,-0.4665038630853797,0.4849518035620445,0.6777789807678181,0.5526639136502925,0.7217197551345903,0.046731689176701036,-0.6906060702565242,960
2.4500985183830952,1.7718281638820177,0.7587346390781502,0.2130553834219308,0.01184667599514365,0.8368794326241135,-0.5412853849369268,0.6691491823501259,-0.509165497469969,0.4822169940009402,0.7431069499846534,0.46395994609578445,0.6888228384355302,0.005606482378810701,-0.7249080387228134,961
2.81404039398909,2.2660417757689064,1.0097135619148014,0.2291440188220615,0.01070720490107256,0.8723404255319149,-0.5458898673237947,0.6418856540068414,-0.5385044660292236,0.44691045812917457,0.766722541779108,0.4608769752792553,0.7087138316471473,0.010924793270057659,-0.7054114783047023,962
3.0184842674800794,2.2730024973767846,1.0515395329190007,0.2711498696048047,0.009776230132127325,0.8794326241134752,-0.454524851355355,0.7793224989744532,-0.4313509036649929,0.5346107257959672,0.6260223689505624,0.567703589417431,0.7124594945428839,0.027430569912771097,-0.701176890998241,963
4.282859765129305,1.704395199275198,1.1882434401503768,0.16689108650748993,0.011273151152964869,0.9042553191489362,-0.460834745602824,0.7781356263934918,-0.42677427778907756,0.524622015559977,0.626714803780378,0.5761946680700105,0.715823356726342,0.04163534147488751,-0.6970390378632332,964
4.618488034922615,1.6159199307312933,1.1748285084575159,0.12963268335146053,0.016709974948706244,0.8120567375886525,-0.4396809626822678,0.7998614440057246,-0.40853680549966553,0.5655090701160593,0.5999205564572191,0.5659459493242535,0.697767971944302,0.01780439083871646,-0.7161025492173576,965
3.4770796060497196,2.6988637321252575,1.426529259258544,0.2566542960579697,0.00671908534644532,0.8936170212765957,-0.5500533835282831,0.6696476087601204,-0.49901237995759196,0.44717187318884233,0.7408170292130608,0.5012259421226289,0.7053216224516794,0.05255672468664477,-0.7069364890797072,966
2.498698735421011,2.0651941863604,0.8389456082166874,0.21259532957488203,0.011577812296499613,0.8900709219858156,-0.545021283024768,0.6641253832546802,-0.5117511859945806,0.37881281697216446,0.7395789337599611,0.556348677032751,0.7479656748458775,0.10936396141006915,-0.6546654666293676,967
2.2061527492845734,1.9699162636037253,0.8265086983613031,0.22075468744347185,0.011466863512648319,0.875886524822695,-0.519845451177656,0.7301619598655291,-0.4434232957967238,0.44156788537987995,0.6740230857094818,0.5922083100833777,0.7312855184475081,0.1120553090933144,-0.6728039076974519,968
2.597998189607681,1.4482262247999893,0.7622824681114907,0.30746784083695883,0.011852185164927151,0.8687943262411347,-0.47026271708789386,0.7634186446991423,-0.44276963518610457,0.4768585523169778,0.6419667040392844,0.6004037574724979,0.7426027861510267,0.07120901509403546,-0.6659357162444959,969
2.787696413353483,2.1973602202163214,0.837119872429348,0.37393184105754496,0.011240619635045017,0.8652482269503546,-0.5167311209656369,0.6972189632544056,-0.4968648366548473,0.47429182864714053,0.7162782183714209,0.5118522981927643,0.7127665886558852,0.028831079846494245,-0.7008085037517291,970
2.8050512600815964,1.6469110659761612,0.9324088271596361,0.17691291509616006,0.01282975002063112,0.8439716312056738,-0.454291042958822,0.7636906779850995,-0.45868965177562565,0.5294186829829614,0.6455419124078225,0.550446634500964,0.7164743585055731,0.007224104339651538,-0.6975760216066185,971
3.1068902586223106,2.167349945138882,1.0667714135683608,0.2291076479109463,0.009802656904538005,0.8936170212765957,-0.5088376583413219,0.7057656999426388,-0.492929015415199,0.45575210027649815,0.7066241733574711,0.5412691573703711,0.7303247637505395,0.05076469650601678,-0.6812111897505583,972
2.595223985006362,2.290286380504446,0.9181451164928143,0.35276335567324535,0.013013811576735928,0.8226950354609929,-0.5756306019748916,0.5939973915152201,-0.5619755412321236,-0.5011840925484137,0.2867483655656375,0.8164495576714208,0.6461144754967552,0.7516265520313594,0.13264090935681622,973
2.3324618046215413,2.284917781344503,0.9140157786249354,0.18965857502010922,0.010612907453314177,0.851063829787234,-0.5720797449285173,0.6291900500557439,-0.5261602858002236,0.3417586183690322,0.766022542529408,0.5444359568464151,0.74560432684703,0.1316409710068709,-0.6532571029383113,974
4.795135081116873,2.5591286254226318,1.5880733889041183,0.2123388849806902,0.00854050163023439,0.9361702127659575,-0.5358008007652376,0.7412864390435608,-0.404242399049688,0.4530311668966848,0.6564087501652204,0.6032332173602192,0.7125168515337432,0.1400784351592006,-0.6875301944524265,975
2.7096746146678155,1.7790281068304485,0.8044390172616975,0.4746065688757032,0.013288150696245471,0.8475177304964538,-0.5025737745977776,0.7413776032604888,-0.4447233414947719,0.48413021202455186,0.6675310851287078,0.5657032686770973,0.7162663882185207,0.06900362143121844,-0.6944069133712397,976
4.008000316866919,1.8078546479123694,1.0154646503179083,0.17656155570609827,0.011809887068465402,0.9113475177304965,-0.42914218133441473,0.790798411655257,-0.43643425658747625,0.5572384509573896,0.6120719881635972,0.5611178041018395,0.7108602513674185,-0.00239863064770493,-0.7033291900645577,977
1.9103240291718049,1.9102097258093897,0.7083696891530229,0.2652944043917189,0.0147692189013364,0.8368794326241135,-0.5245156764714572,0.6767862681165118,-0.5165691167933044,0.466060572743364,0.7359878471660982,0.4910289516494312,0.7125102439051785,0.016799884307250768,-0.7014605592743228,978
2.804524347044784,2.024052459142327,0.8854317436237342,0.21324344768806178,0.011920272549516895,0.851063829787234,0.6060760391002359,-0.5345012524931233,0.5890502914962795,-0.653216915782018,0.0880894069609764,0.7520291997771706,-0.4538496400403965,-0.840564493340366,-0.29575638077758637,979
4.553091153885031,2.0371540641907906,1.219169695467877,0.15733224867387266,0.010305644902431303,0.8794326241134752,-0.4702671519108015,0.7714605013465078,-0.4285994641806009,0.5395758856395935,0.6356443177392268,0.5520997780855207,0.6983599855876277,0.028372454740960368,-0.7151841261815175,980
2.6426803767537748,1.8836014476248057,0.7412922789250534,0.2363102538164755,0.009790353015356449,0.8794326241134752,-0.49430726617958254,0.734015225556524,-0.4657058892190142,0.5298577053016502,0.679119129216165,0.5079842718678871,0.6891379678515305,0.004342462882189729,-0.7246171432429542,981
3.075656152949334,2.030670569096493,0.9218430310395185,0.4802554185353833,0.013696388449528921,0.8865248226950354,-0.46886099109925894,0.6867091069061891,-0.5555177526573969,0.650379272116672,0.693957232520409,0.30891772664190525,0.5976421784198372,-0.2164577601397536,-0.771990844925555,982
3.2135316791717683,1.9646269068255082,0.9050102506200344,0.41442205515020575,0.011570212816606579,0.875886524822695,-0.41988086796398527,0.7177758973252432,-0.5554257987677134,0.6101691961182965,0.6762904268116172,0.4127042654387188,0.671858324966032,-0.16561708795261015,-0.7219261536694284,983
4.778882543398527,2.434414623423946,1.4135930595792023,0.4051774101479031,0.008264656562096222,0.900709219858156,-0.46888941326977657,0.77070676421625,-0.4314554458050594,0.5229593332896676,0.6359018018200747,0.5675759281076047,0.7117979023913679,0.04049669163401348,-0.7012159183289757,984
2.403710852999853,2.2177418491149945,0.8575325222586538,0.3691161690416184,0.012186600490768501,0.8794326241134752,0.5831394558152627,-0.573326959091479,0.5755385070092156,0.7976064096051342,0.2696046766174783,-0.5395714352176103,0.15418297710281167,0.7736985952713773,0.6145063817787504,985
3.7749732383796215,2.345269704795173,1.111995843619685,0.28173974755744097,0.010581027392128043,0.9078014184397163,-0.4584196376337544,0.7624031465377669,-0.45671969300770204,0.5648492047055784,0.646693350049117,0.5125749573923076,0.6861463486569122,-0.023003329140857676,-0.727099742176563,986
2.384338924198803,2.384337656256858,0.9491143421153005,0.43515960352291955,0.012458214517005057,0.8829787234042553,-0.5527283115907307,0.6843207190313603,-0.4756012689958495,0.4859826285057218,0.7282968826861318,0.48311958712137976,0.6769876648482821,0.03589991885875132,-0.735118288079684,987
2.6880951449638175,1.9766370662310322,0.9110302982809775,0.32944412342821455,0.012762998562945748,0.875886524822695,-0.5084245987895383,0.7006811962140801,-0.5005499861329564,0.5024285290247852,0.7134674193535422,0.48839514201411466,0.6993353991953271,-0.003178489106872101,-0.7147866091633991,988
3.816267044958326,1.7965074060082495,1.1267441806799916,0.15422963232219178,0.016224137915029576,0.8333333333333334,-0.4360674955188607,0.790752766878554,-0.4295988838740384,0.563357787735783,0.6121356547935415,0.5549035439857334,0.7017643068362431,-4.247815264110666e-05,-0.7124091912982691,989
2.895559283859572,2.1974702978440113,1.0262523579743907,0.37310876453497005,0.01101374180773693,0.8687943262411347,-0.4655437289329313,0.7532092520820848,-0.4646986755190592,0.5651428166948683,0.6570790391635065,0.49885943213509903,0.6810892989831889,-0.03038023814767718,-0.731569824378151,990
2.467010948158907,2.2765286107503924,0.935873964877394,0.25158729518869105,0.011466075317042223,0.8475177304964538,-0.5058606697567841,0.6745054454960795,-0.5377242665059417,0.5065215140878003,0.7368441011438334,0.44776860807311913,0.6982413182843163,-0.04586038165641043,-0.7143919700240956,991
4.019296394688976,2.7197255718740276,1.405979539901998,0.8408323573371168,0.008276796671977758,0.8439716312056738,0.7006380771286689,-0.2618341295107878,0.6637387840866085,-0.6896998796485572,-0.010187359428403346,0.7240236831213758,-0.18281236525521824,-0.9650591206403909,-0.18772461953241024,992
1.9867450645975853,1.8205853982737656,0.6857145910033162,0.2916746841614884,0.015204296326750142,0.8475177304964538,-0.543364589454485,0.6759916080034241,-0.49778536422428493,0.38613387274984434,0.7277586484920238,0.566805065132864,0.7454230713106256,0.11577001103052628,-0.6564615368045761,993
2.2147758437543135,2.0048438841120833,0.7841813818899438,0.2713404936642608,0.01278495328431072,0.8014184397163121,0.6105703794379523,-0.5602572592371112,0.5597460274312943,-0.6708105027988618,0.009835201201789833,0.7415635766082762,-0.42097159178231175,-0.8282602684479323,-0.3698213712359334,994
2.370441846447256,1.7333300602313106,0.6372424777519234,0.3766749614895951,0.010830830995891525,0.8829787234042553,-0.45967207974258034,0.8040378240013063,-0.3771269768663801,0.5633557838594521,0.5922697165559412,0.5760614929353006,0.6865361169648929,0.052342720850080376,-0.7252092109707222,995
4.56546950790617,2.395592501231438,1.3447627929093535,0.25277871326861256,0.008045985435759385,0.8936170212765957,-0.48970352013080737,0.7636908627752093,-0.42067413574541584,0.5030073741336892,0.6415546051002678,0.5791297525095478,0.7121615293868566,0.07199968602914808,-0.6983136840081807,996
2.811699797514234,2.689640217962704,1.1220735550038063,0.19977244853663656,0.009737898867843571,0.8900709219858156,0.5703404092217232,-0.5612130384194547,0.5997930835853319,0.7057477871207959,0.7084152024816383,-0.00824389877420692,-0.420275955275694,0.4280044700711702,0.8001126764501358,997
3.9979956987217795,2.440099895042809,1.2884258847753858,0.3366841235963658,0.012136200966213897,0.9219858156028369,-0.4750816246133621,0.7507401211616421,-0.4590062313661238,0.500675002514002,0.6595876233050781,0.5605967436940412,0.7236172965126889,0.03651626570394906,-0.6892347717046101,998
3.321932568833819,2.4215283927292037,1.1031930411121451,0.17491045718427603,0.008883523759635784,0.8865248226950354,-0.48756259570264093,0.7258857521669904,-0.485152130854504,0.5079607681811465,0.6877854891437352,0.5185816993609904,0.710111662529579,0.006402790350757082,-0.7040599626560239,999
2.2583621029594956,1.9740892299853539,0.7005506025476228,0.26867394624752133,0.010478706359476977,0.8546099290780141,-0.5383760689229996,0.6467803273324345,-0.5402096043081488,0.4701919212263171,0.762533402724355,0.44436737835165335,0.6993359461836082,-0.014765429399974633,-0.7146406205010404,1000
2.164387882721915,1.550382436108647,0.6684860931544795,0.22049662589931118,0.015828549892739605,0.8475177304964538,-0.513737278601522,0.7642767784072529,-0.3898140769168465,0.49610717136136484,0.6353256065187729,0.5918099764496867,0.6999654870769898,0.11064528769443463,-0.7055536387916146,1001
3.6014771965427483,2.7268754048592947,1.208835404887774,0.34421040516315715,0.00841069091492026,0.900709219858156,-0.48853917519791873,0.7115802556341577,-0.504958428079544,0.5015948110332336,0.7025730299934331,0.5047710204343958,0.7139552645939884,-0.006684109325366061,-0.7001594124490897,1002
2.391861146170926,1.908201199023973,0.8591892402699168,0.26286925911851067,0.011941200377529812,0.8687943262411347,-0.47619252525450156,0.7426402843419356,-0.4708779958378497,0.5227421995419733,0.6696714544996185,0.5275232088224983,0.7070935381615086,0.005054809679349487,-0.7071019567144083,1003
2.3655593844716694,2.251925561531032,0.8655283235107718,0.19055485092552793,0.01085554123487841,0.875886524822695,-0.5348653249559531,0.6642069787335012,-0.5222529785089568,0.48386688232709824,0.7474911721014627,0.4551151368801477,0.6926701410821869,-0.009275614917396702,-0.7211948686874354,1004
2.6591267439531636,2.1951631034038424,0.931035392926051,0.36929719268266414,0.009991368960184016,0.8652482269503546,-0.46400801497181604,0.7620517275258472,-0.45163450556482837,0.5325683671543813,0.6473963836453462,0.545205334483664,0.7078612126317074,0.012453393826572984,-0.7062417550908253,1005
2.3407501539175746,1.9893356999015908,0.8243054322580687,0.17132838089833297,0.011953184160391,0.8723404255319149,-0.5658030438776334,0.643974418330938,-0.5149406413113407,0.2948469970876867,0.7412425591489937,0.6030130320437728,0.770020885331806,0.1893579072591911,-0.6092712196643142,1006
3.5126246349848795,2.712469151401726,1.1172286693356492,0.31687858597864693,0.010017586767249394,0.9042553191489362,-0.4292096300332806,0.7787465318351401,-0.45752916042743724,0.5626203048001772,0.6267977483928148,0.539057487876992,0.7065673967239432,-0.026046530756300534,-0.7071662407965408,1007
3.904979506592747,2.7397427162301797,1.1905949289648379,0.25675602438756756,0.010354731911175667,0.8723404255319149,-0.4983338588209003,0.715848978786384,-0.4891049015529922,0.5090481758076709,0.6982527292952095,0.5033021763698954,0.7018071813963958,0.001834557789226171,-0.7123645938269001,1008
2.372815812875926,2.167366574198188,0.8496571341388437,0.14721734098295164,0.011894277291150498,0.8120567375886525,0.593392228504929,-0.542787758815342,0.5943627781331635,0.7329428073345159,0.05916784169255516,-0.6777123340223664,0.33268679614098445,0.8377831553508717,0.4329421211706991,1009
3.485677100483561,2.5041654504840927,1.1335237158857099,0.24531433040881975,0.008130075805693514,0.9078014184397163,-0.48720797347433215,0.7336412630223309,-0.47370759733619805,0.5167489150044211,0.6794777350820909,0.5208460102270781,0.7039878901123144,0.008972442182094476,-0.7101552969995373,1010
4.379286339691301,1.9884686609710902,1.272060050420614,0.14774602733979408,0.010761054100795302,0.9219858156028369,-0.48330234402126865,0.7788689862495985,-0.3997273402233952,0.5031054361913743,0.6207690726205525,0.6012742124459572,0.7164522065973655,0.08949223841396428,-0.6918723689564599,1011
3.0173397952727687,3.014089465641629,1.1796368062381837,0.21847582272299143,0.009153121371756869,0.8723404255319149,-0.5813753182347529,0.5843124271381378,-0.566199370221637,0.2180851759315481,0.7823343229621906,0.5834311126038758,0.783863250437438,0.21571275949101676,-0.5822597444495241,1012
2.468038916158029,1.362862121557022,0.7557114362749691,0.24254512378818255,0.015446689536222226,0.7801418439716312,-0.5075994090015862,0.7819510423077046,-0.3617947034094539,0.5286843091901055,0.6142452295699041,0.5858290699229569,0.6803203224933247,0.10609130682817561,-0.7251957621346588,1013
4.018774547508588,2.44078847011595,1.3335831014536927,0.3815835832167803,0.00924185465222939,0.8652482269503546,-0.4748787139631568,0.7564040546225664,-0.44982564752939536,0.49339076806502463,0.6520806458866726,0.5756356323649754,0.7287357250834512,0.051417287078972584,-0.6828619959966546,1014
3.728932774582638,2.3194893849515954,1.278175536913367,0.3039644035312639,0.008602700498655767,0.9113475177304965,-0.4558483661861678,0.7503147399217687,-0.4787797594944155,0.5436682604866333,0.660633437896546,0.5176758476811802,0.704717737526763,-0.024315669621032043,-0.7090709827838404,1015
3.5106049331546374,2.945233768020083,1.3439346080793915,0.3951458690739538,0.008299204749579682,0.8900709219858156,-0.5052224510030079,0.6691482919438215,-0.5449686581732747,0.5741569102788312,0.732078696232113,0.3666123632696475,0.6442779814502274,-0.12767672423647147,-0.7540587090582964,1016
4.936801804043802,2.8988759035294183,1.6967958849624516,0.39418770349295096,0.007409050166443085,0.8865248226950354,-0.4484396803408534,0.7611982742024382,-0.4684859020792651,0.5555394265457005,0.6479735894359661,0.5210625422602784,0.7001983994905068,-0.026597269497068504,-0.7134527220539795,1017
3.9810449200528044,2.6353671823789453,1.486124125743987,0.47295181416475746,0.008302564905985618,0.9042553191489362,-0.5076757744699636,0.7503456614027418,-0.42337536115178503,0.5556821194904396,0.6607140037542273,0.5046527393383217,0.6583940234350063,0.02093785225711689,-0.7523821610378091,1018
4.6175022281647085,2.4686880422970017,1.3092976407747594,0.27968517421186834,0.010790359380269544,0.9078014184397163,-0.47426098463115957,0.7787610309647931,-0.4106187710119154,0.5303146697142335,0.6249993670400419,0.5728369246874981,0.7027395460215446,0.053917046007729896,-0.709401214128672,1019
4.060725555045689,2.341843161439309,1.243562363258773,0.4621220431743704,0.009002893909833295,0.8936170212765957,-0.49964604210294994,0.7791152647506366,-0.3785937622880263,0.5406606563988283,0.6219685832162472,0.5664284033435844,0.6767864413781095,0.07832295783816898,-0.7320011113668032,1020
3.8978505933108076,2.8492481885661474,1.51870664551819,0.24390958201983942,0.007943704171924347,0.9113475177304965,-0.49877493479344803,0.6920822189869577,-0.5217717571734602,0.5607982807901993,0.7166962007644151,0.4145501707545301,0.6608546380896093,-0.08584147000105438,-0.7455886193763352,1021
3.10887946389256,2.2202442972381684,1.181551327110436,0.23673434912230026,0.010806046208450262,0.8652482269503546,-0.5136169724595194,0.7245145424316722,-0.45964799945887064,0.5107603217392379,0.6886240239958127,0.5147046214214952,0.6894356382856544,0.02959106927502167,-0.7237422671647784,1022
3.0212069682605702,2.926538285882945,1.2643093266413392,0.3365381632248013,0.008462770743439667,0.851063829787234,-0.47291618486248943,0.766373685943314,-0.43476620796557597,0.5607222407457164,0.6423866498422862,0.5224269909159622,0.6796623064641812,0.0032810970821913754,-0.7335178140806988,1023
2.286641672759306,2.034156388077189,0.7825310427208065,0.2568733802087406,0.01255249499497731,0.8262411347517731,0.5950283412971337,-0.5728189682308711,0.5637550023619322,-0.628597615304971,0.10539390468378469,0.7705563982528527,-0.5008056619948356,-0.8128779456292474,-0.2973602771445589,1024
2.043076242036717,1.6047508745425885,0.6512170072075812,0.16294255575025907,0.017646166929300856,0.8475177304964538,-0.517789940865085,0.7625618950678882,-0.38780527759354044,0.5445061568337201,0.6433875568765522,0.5381129034195273,0.6598534854868193,0.06746708713804359,-0.7483592518596958,1025
4.317730461784446,3.1638682713234054,1.2650911657029247,0.4246642548463212,0.008410839129908232,0.9184397163120568,-0.5423374329377812,0.6287810825475202,-0.5572292697488407,0.4954561425633967,0.7749996239482747,0.39229936741757815,0.6785228954358554,-0.06332403264481423,-0.7318447562556842,1026
2.2449519191074563,1.6612104163233812,0.6470345764159999,0.17124706382157337,0.012032500551382962,0.8262411347517731,0.591754763938911,-0.532506080335638,0.6051971362797239,0.7924076869228416,0.24637896889852642,-0.5580210223549743,0.1480417409421934,0.8097744612483614,0.5677578399711716,1027
3.584338530746657,3.5842111691400165,1.4964331731109344,0.4868370924194693,0.008449741697714437,0.900709219858156,0.5400289969953005,-0.5808365002980177,0.609095757927931,0.11276187415290015,0.7671023729831804,0.6315367836485055,-0.834058416504369,-0.27236539663680587,0.47975373742483785,1028
2.7317542997986584,1.5751064750577177,0.7940034596730225,0.3518468907842116,0.02170356481030765,0.8085106382978723,-0.47151610717659637,0.7491148478086025,-0.46529507354551136,0.5213554857945424,0.6623469820424769,0.5380380403012036,0.7112390723975767,0.011109463169620831,-0.7028624059679943,1029
3.438566467908258,2.3952196289073187,1.2051932324832002,0.3197588623054911,0.008742288482673874,0.8971631205673759,-0.4974517152168176,0.7217264553149719,-0.48130314223608817,0.47420070289638566,0.6908243618662029,0.5457979428549795,0.7264127507143718,0.04327383448042804,-0.6858949561331826,1030
6.8149012165792255,2.128041680204493,1.6818582608996309,0.28840208169411685,0.011328611186462704,0.9432624113475178,-0.36198338655344336,0.772405840553199,-0.5218785733660717,0.6457561898829656,0.611533742885254,0.45719298391443786,0.672284888337627,-0.17151005449260998,-0.7201509078802901,1031
1.945268321300318,1.8002170436381035,0.6692444746123627,0.3077878937065178,0.01609886933243725,0.8439716312056738,0.5505076571805682,-0.5560717009489887,0.6226761459934533,0.6395637103722948,0.7603067240831436,0.11354270425166892,-0.5365627454085733,0.3357349381843613,0.7741979537056124,1032
4.815096255952055,2.6413475721533124,1.4928864515997313,0.4219004800958318,0.008843599237741582,0.9078014184397163,-0.4466727125150112,0.7598608049199399,-0.47232938193690993,0.5528129536832027,0.6494863249282078,0.5220779175288911,0.7034780210742446,-0.02791184117308665,-0.7101687144529765,1033
4.092367716851109,3.651768851787018,1.59289589022537,0.3179392049436096,0.007113471167700307,0.9184397163120568,-0.5514746113508979,0.6792599423058103,-0.48423308830983797,0.3823577295245051,0.7217394467544453,0.5769703091766964,0.7414029401804674,0.13303421280743727,-0.6577412701925158,1034
2.385025858629178,2.1244578967642624,0.9063208402749305,0.3387531025190829,0.013022243182020072,0.8546099290780141,-0.4691041881621354,0.7456285373081349,-0.47326456131901007,0.5368725073834771,0.6662660409432138,0.5175494889395931,0.7012197740113453,-0.01129809884834243,-0.7128556526379594,1035
2.348149374936781,2.316374133601691,0.8590572044673453,0.32925205071211483,0.011790024329568933,0.8581560283687943,-0.4823501119435341,0.6869984410570135,-0.5434809210021024,0.5577075879047106,0.7192800464381973,0.41424444617806777,0.675500270837525,-0.10329257853833484,-0.7300890543744184,1036
2.9182354725169257,2.2676272889449143,1.04299657338707,0.3932534049243916,0.010874512718593916,0.9184397163120568,-0.5629531428850701,0.6388268807872596,-0.5243891449100012,0.5318245051855509,0.7656671660078584,0.36182383362851966,0.6326503414999204,-0.07519313320453566,-0.7707785272819418,1037
3.864102160301656,2.5501082428274775,1.0798962202291074,0.35508082067865965,0.009026658836349762,0.8794326241134752,-0.5343769598891811,0.6630331855410369,-0.5242406504754296,0.4901570341422203,0.7483695689372686,0.4468658301655534,0.6886126244997973,-0.018165438611601303,-0.7249018348849376,1038
2.1599236558355366,1.7359486477146562,0.6466198070824317,0.21947451633941314,0.012575022146089214,0.8156028368794326,0.6302636909303264,-0.4590409148443237,0.6261382582096133,0.708281560882768,0.009663089653942433,-0.7058639070046079,0.31796998350214095,0.8883625741763473,0.33122051022607574,1039
3.0345223548744578,2.486483361715806,1.071161362231006,0.3691652093772679,0.009477043095487145,0.900709219858156,-0.5080107778120021,0.7026784064290293,-0.4981647385807275,0.49277475590764186,0.7114502173780733,0.5010106068067384,0.7064687463483497,0.009035780600042065,-0.7076865585143887,1040
4.177989326326223,2.2811728409596856,1.4220335156956676,0.27674266786711893,0.009033881477283226,0.8794326241134752,-0.44643759804505706,0.7778748896213339,-0.44227155362781095,0.5582218548968697,0.6283990893192237,0.5417591210660585,0.6993438580321258,-0.005024006306504597,-0.7147677438114943,1041
4.847281737798594,2.521849075515523,1.516283340115508,0.29018414890995226,0.007814104311047513,0.9290780141843972,-0.49216812321424314,0.7331814236487812,-0.4692712845552304,0.4838006916140113,0.6785421978307434,0.5527362631100194,0.7236763290902736,0.04500539722489641,-0.6886705198678504,1042
4.062094955175852,1.517446897887039,1.1138333187264748,0.19660072434450304,0.011609953656571047,0.8617021276595744,-0.43836574648377624,0.7872315618201492,-0.4337072058243098,0.5579485746695004,0.6166557535139972,0.5553639074357976,0.7046480400412637,0.001466196539674891,-0.7095554875650758,1043
3.3716650804378863,2.267591241671013,1.1145458160938195,0.37358556945339944,0.01006540065423052,0.900709219858156,-0.5254777270127682,0.7051825780049858,-0.4760154305185251,0.4864863374827717,0.7080385703861103,0.5118714939202923,0.6980001445960404,0.03740206576962313,-0.7151201882341676,1044
4.445920776821298,3.0105524779191724,1.4632052891430072,0.4226212902589826,0.0071827470379418334,0.900709219858156,-0.48636947184766116,0.7625800416994006,-0.42651660794905477,0.4919043357532287,0.6424126285920075,0.5876530771575029,0.7221321633342487,0.07601114804584752,-0.6875663197473756,1045
6.152741225083801,2.932603958182245,1.793200701928615,0.2317150381195093,0.006575265394250903,0.9468085106382979,-0.43423082456864975,0.7788092194029741,-0.45265858079501897,0.5532900768965375,0.6271385175873786,0.5482402489476023,0.7108541916611691,-0.01238868561371445,-0.7032302885019319,1046
2.5815549439688397,1.604830120501108,0.7759048912180223,0.28571351431109104,0.013210285933438941,0.8581560283687943,-0.37862276475775164,0.7910774735393633,-0.4804593977286471,0.5580106328441747,0.6092580179724358,0.5634082011908796,0.7384232767458241,-0.05478228176041097,-0.6721085968540226,1047
3.059943418934109,1.766453558212569,0.9995869324962785,0.43903111871269085,0.009011265571991355,0.8936170212765957,-0.47158013301576995,0.7775502823974274,-0.4159660280461729,0.5227055225748356,0.6263859934311983,0.5782901727532458,0.7102049808432751,0.055282416525434724,-0.7018210167902579,1048
3.2609267872748746,1.6188964587626193,1.0682025426273183,0.22725747280708752,0.011249679793273121,0.875886524822695,-0.44589768454762824,0.7884099525611911,-0.4237747062031008,0.5547498066484142,0.6149721768279857,0.5604122355471871,0.7024442376008297,0.014797581893992051,-0.7115849384518196,1049
3.1259982166854536,2.718838435748012,1.2230279972410645,0.40495287431241506,0.008375890324369556,0.8723404255319149,-0.5104654288395231,0.7280975416489559,-0.4574920937070155,0.4743335074888036,0.6821872901732546,0.5564424721383521,0.7172396877146794,0.06704081570818318,-0.6935940883514871,1050
3.3181814745259306,3.1575810826728086,1.240440638982516,0.2628272993961091,0.009205114298759413,0.8936170212765957,0.5758058071965404,-0.5774391500228829,0.5788019526743072,0.5504718962843881,0.7972465724284865,0.24774703661618275,-0.6045067111288431,0.1759600260624006,0.7769232300738014,1051
3.204336870381734,2.7037866914203916,1.1114370544488783,0.35611677113081613,0.009217241203537653,0.8971631205673759,-0.48401308195280013,0.7134797082582459,-0.5066340320214191,0.5459801561223122,0.698680835137372,0.4623318718544074,0.6838398976509105,-0.052837453718672184,-0.7277164268211346,1052
3.1305003136512,3.1304147030151714,1.415188071062919,0.41581397229370093,0.007908430937228591,0.8936170212765957,-0.4881077032840279,0.6883050642880191,-0.5366442103202619,0.5903479930967681,0.713241714528101,0.37785645912652216,0.6428375510511266,-0.13237218413428464,-0.7544782885054477,1053
4.417739049512962,3.0728924659881955,1.4633819088719986,0.3103422579433674,0.0069335116168308415,0.8971631205673759,-0.5026305642406653,0.7203119737634796,-0.478030518214131,0.48435705860607686,0.6926580809781714,0.5344371082120948,0.7160731496639011,0.03708696952565954,-0.6970393109587313,1054
3.255871936746895,2.2542386582920146,1.1454646828918023,0.5172226365801738,0.010046809178140752,0.8723404255319149,-0.4161399186338088,0.7585965729081109,-0.5013569663338848,0.5860721148593047,0.645324192276218,0.48997567597523534,0.6952316479446177,-0.08993289962586518,-0.7131374546755309,1055
2.7584042148978627,2.000647189518835,0.8972938076418083,0.42021862622775563,0.011589181976480803,0.8723404255319149,-0.49833931652904323,0.6770527221694411,-0.5415325816645898,0.5713755152230354,0.726257677772932,0.3822038802517299,0.6520643727462625,-0.11895123739927013,-0.7487741027280561,1056
2.3906874409432306,2.283664488481714,0.9568772674921151,0.33921006451009295,0.011334963924871265,0.8439716312056738,-0.5471432062578789,0.6583079081178159,-0.5169767982756998,0.4907085124621794,0.7526282805635777,0.4390396646011244,0.6781146419618171,-0.013467345895085803,-0.7348327448824928,1057
2.908474254838423,2.1464506732658393,0.873169071125124,0.25687344558086633,0.01200941178670146,0.8723404255319149,-0.5123814104990176,0.6951575611675457,-0.5042035851981093,0.4827523645156175,0.7187403715610802,0.5003623015803857,0.7102221094345187,0.012970868892654086,-0.703858161727597,1058
3.9763979260410296,2.6185876574197624,1.2905895100131264,0.52336550587952,0.010053076899449622,0.9113475177304965,-0.56292926011837,0.7301148722900039,-0.38735374189948885,0.5341260790976935,0.6790158411893347,0.5036336158773209,0.630729720030941,0.0766143633719657,-0.7722112791165379,1059
2.7066215576818027,1.6323090567516962,0.8336081908216382,0.46264773113997115,0.011605805898245138,0.8829787234042553,-0.3826924934339588,0.794844948210864,-0.4709224604677168,0.5880780257841539,0.6027000841655923,0.5393670773569703,0.7125382032278069,-0.07052741913934527,-0.6980796459505403,1060
3.078170033254614,1.5092257860952214,0.8675426282068717,0.20377207647370146,0.01039172683222571,0.875886524822695,-0.45073027142150346,0.781021744252218,-0.43225832256825397,0.5450371459079568,0.6242817352017578,0.5596488405008904,0.7069488892450475,0.016653831352133913,-0.7070685383302585,1061
1.9462925033711846,1.5664226140249145,0.6847751671393959,0.3385231123682369,0.015740250158799443,0.8226950354609929,0.6306398704795523,-0.502879961531051,0.5911049805678026,-0.6799833479145394,0.009061310362707095,0.7331715619235686,-0.37405347254165155,-0.8643087625062235,-0.33623557624750616,1062
4.35464170724193,3.0294793626398433,1.6031170360608733,0.3346086997152217,0.009484831417450088,0.9432624113475178,-0.5199287581087869,0.6476341574910427,-0.5569955875429552,0.6087342092635725,0.7383602169819761,0.29028753409435676,0.5992635054495707,-0.1881334314501187,-0.7781317774047631,1063
5.375272579858533,2.432423888700126,1.4327501802535518,0.2570661455483756,0.00904540851329771,0.9113475177304965,-0.45659858398780295,0.7602628628536179,-0.4620802013351733,0.5581208662398429,0.649243939706292,0.5167043694631778,0.6928339135521735,-0.021970118804270383,-0.7207624311183995,1064
3.010178566227243,2.1868826791078235,0.9949843810367848,0.3194285381599795,0.012514239680605506,0.8865248226950354,-0.5102186725023834,0.7396353869445663,-0.4388808501282181,0.5223081777444746,0.6718944530339119,0.5251209493473924,0.683279645307214,0.03869545660180243,-0.7291307070390234,1065
3.9779340118333786,2.4519522296595437,1.2470887423252222,0.2931857246716018,0.007789968782105613,0.9290780141843972,-0.4757431405077228,0.7431192745666512,-0.47057646352891797,0.5666354629633653,0.6681223769488365,0.4822206357390043,0.6727501143605563,-0.03723215260726706,-0.7389323720341987,1066
3.903545962304868,2.7048000653134676,1.529061499886288,0.27341737858002163,0.0030844408162458425,0.9609929078014184,-0.5121155776931496,0.7380248437947803,-0.4393824814733761,0.50935055800316,0.6728469901279515,0.5365062319653201,0.691592108215443,0.05095348680361761,-0.7204887910555391,1067
4.3382219246771125,1.9435611518665885,1.2697447436734834,0.40096063935621756,0.012466027088891676,0.8865248226950354,-0.44149788052406125,0.7990386377512536,-0.40818730611495324,0.5477322808301195,0.6003344396354493,0.5827417173364424,0.7106820456641612,0.0337018689127454,-0.7027056382315366,1068
4.099153690406415,3.0628766993604892,1.2815389555319279,0.29603391393571243,0.008702856723741211,0.900709219858156,-0.45798726422243524,0.7401672479188208,-0.4923414576473609,0.5594417243265198,0.6703939735196442,0.4874391011717389,0.6908492041629776,-0.052195453602984304,-0.7211123433491894,1069
3.3594665712172556,2.0020786677323184,1.1270246451469577,0.3536259827673224,0.008912183009637125,0.8794326241134752,-0.503965110892215,0.7571532967676344,-0.4156176755111602,0.507426569850355,0.6489392302907051,0.5669181171911953,0.698954535870038,0.07481150034326056,-0.7112424313854524,1070
3.976959887059916,2.2755348851654618,1.4032211715161254,0.23592315940467515,0.009185841245095245,0.8900709219858156,-0.5027553391339992,0.7561632936801791,-0.4188724653913177,0.5213092171277017,0.6517549334678648,0.5508649624345352,0.6895460601801451,0.058588223996314304,-0.721868167257012,1071
2.8301054940269905,2.3319034077692637,1.0409125616176405,0.20120509130921044,0.009825344768493935,0.8297872340425532,-0.5178171427457311,0.7012293648251443,-0.4900436557956564,0.460080937660621,0.7111959538291092,0.5315316040071629,0.7212426342639284,0.04977643181294025,-0.6908917204280283,1072
2.014158673672458,1.457895357972631,0.5687261634076306,0.28347665840984315,0.01503390111047866,0.8439716312056738,-0.5430225874088831,0.7093742672076018,-0.4493491054708353,0.49352224336115,0.7025524490410541,0.5126946963390542,0.6793837390396826,0.056641021972552164,-0.7315938284036883,1073
3.1392858004533513,2.984304773617048,1.360869693510913,0.6438565064057484,0.009039576247739278,0.8794326241134752,0.6937682263092856,-0.3018733098188424,0.6538793107161942,-0.6823068936600072,0.015118187359787948,0.7309095315256096,-0.23052754938987172,-0.9532281706023861,-0.1954817222717478,1074
4.371904147933426,2.289601109774402,1.4298947522484498,0.4239485165355465,0.009244488236357934,0.8617021276595744,-0.5272797338801863,0.7741062045197613,-0.3503365044685601,0.5362915936237734,0.6230028248794555,0.5694372720508308,0.6590655573216623,0.11237021098239502,-0.7436434137649971,1075
2.4252071853631905,2.2338329842991427,0.8898844352374303,0.44031011386097885,0.01100905981375269,0.8687943262411347,-0.5349762976544131,0.6947933127727124,-0.48068972682417166,0.4688881913920391,0.7174542810185713,0.5151729987307443,0.7028116567908357,0.0502156068811761,-0.7096014148129046,1076
2.614220981271376,2.4342019571362505,0.9641813995614427,0.25118930151371666,0.011965702439299137,0.8865248226950354,-0.5317272503315554,0.6838892110570988,-0.4995614859599793,0.46266435765255737,0.7286264602788357,0.505019973406479,0.7093714283876889,0.03740358781231143,-0.7038417067821264,1077
2.9636311361903087,2.389359788996275,1.026329506680608,0.321773706999822,0.009946885217803994,0.8794326241134752,-0.5460281064769947,0.6056775204863408,-0.5787987976099,0.5755272544110122,0.773241120196835,0.26620771864629655,0.6087870615964747,-0.187757586302823,-0.7707953051352014,1078
2.6279570584225262,1.3460792606974137,0.7408900611367615,0.32898779698489644,0.015274040133354452,0.8546099290780141,-0.41313506866172345,0.7871841137352199,-0.4578870888382523,0.5775282957054589,0.6152345000846414,0.5366074706572294,0.704116810409623,-0.042751385807921705,-0.7087960470474431,1079
3.2441294362747835,2.6430956574321502,1.1606524459900784,0.3342669325961708,0.00860159013987234,0.8900709219858156,-0.4930792121534721,0.7168527716664714,-0.4929452244379785,0.5161880763340169,0.697164621295836,0.4975051363192353,0.7003019066036438,-0.009143006482086019,-0.7137882354310487,1080
2.4943887991370457,2.2668581815502007,0.8715572935139395,0.3207771048723181,0.011424491160878555,0.851063829787234,-0.56640582704999,0.6093636999936861,-0.5548516199974743,0.43012149402946837,0.7928692083051947,0.43168729295098757,0.7029793307471244,0.005856590432890912,-0.7111861647211837,1081
4.276090865059658,3.411098288909616,1.3607211260208327,0.2003866104505179,0.009548185022327302,0.8936170212765957,-0.559131886111109,0.6010421187674913,-0.5710690898668205,0.4890818325940067,0.7953006060889455,0.3581841802495524,0.6694553718959328,-0.07902732073176238,-0.7386367088208095,1082
3.4211893163634315,1.8074093862784997,1.0874224016082306,0.35947991667984486,0.012006722863613739,0.8936170212765957,-0.33728013224704,0.7066811544946513,-0.6219677308940763,0.6770641946665193,0.641130907457273,0.36129660364247995,0.6540842366943243,-0.2992539145694182,-0.694709224008781,1083
2.4065212666517826,2.275435857291513,0.8602180955827026,0.24856363878507362,0.011476586160816383,0.8652482269503546,0.5805732905596663,-0.5390133965297244,0.6102452069866764,0.8102540340407347,0.4562527483185637,-0.36786115583528695,-0.08014396177777364,0.7080240024273525,0.7016259383584071,1084
2.5335140829403917,1.4070730597351653,0.700426519006262,0.18649759998115895,0.013897982126922748,0.8049645390070922,-0.4774059634492561,0.7713295832040226,-0.42087316395488605,0.5093212633275188,0.6332242116825664,0.5827683488844023,0.7160135451131827,0.06385743350073778,-0.6951595726170726,1085
1.9467010157062719,1.946701011013517,0.6765907081436618,0.22929769180482834,0.013076335117472266,0.8723404255319149,-0.5589181963955956,0.6045746703505817,-0.567538472447798,0.5196457742957836,0.7887279671048257,0.3284455254120907,0.6462033108816683,-0.11134478828025274,-0.75499908551494,1086
4.979911747164896,2.390357778492321,1.4062980479213656,0.38626626565527855,0.009256322768331385,0.9219858156028369,-0.48013418307685896,0.6870630390292343,-0.545358181969456,0.5617813499690579,0.718324639259432,0.4103796138452174,0.6737008839745278,-0.10933477503850181,-0.7308714154344935,1087
3.0339492406483557,2.5951141653992655,1.127218179815591,0.28832609391758235,0.009488285168479637,0.9113475177304965,-0.5249277475121255,0.6664882409633067,-0.5293810390913933,0.4621169040400545,0.7454778236868674,0.48032362152149755,0.7147718705239324,0.007499269879724602,-0.6993174773012538,1088
2.303039715892038,1.6212348197882571,0.6532483340657248,0.13102238140506742,0.01302485339885963,0.875886524822695,-0.46987408245688145,0.7100163539464488,-0.5244951131935311,0.5919610689064402,0.6942128813669389,0.4094515456599928,0.6548285573602061,-0.11809001851470602,-0.7464946804852315,1089
2.733852158807462,2.671291209236739,1.05464467397426,0.4090040441526542,0.010103852232244677,0.8829787234042553,-0.5077796332211139,0.6692165699246203,-0.5425025590945696,0.4478567542265891,0.7430055810815623,0.49736006491803736,0.7359240258202308,0.009585876067198101,-0.676996262323928,1090
3.475005415874835,2.042312583108799,0.9938950894252021,0.3515170198628838,0.01284594648426224,0.9113475177304965,-0.47406392504549877,0.7699257174758147,-0.4271741852450914,0.563430529443529,0.6380821392709832,0.5247830237672996,0.6766161640556929,0.008097722687121334,-0.7362913780738182,1091
2.203694792577321,1.8418377275792552,0.7637138893447997,0.20515606086815127,0.013202010525387204,0.851063829787234,-0.5554490326144147,0.6166780095879452,-0.5578392283251161,0.524468809308091,0.7803885319537602,0.340479378609055,0.6452974819652283,-0.10345033439146134,-0.7568944365521725,1092
3.1975078524319,2.286928161159332,1.0160877781389641,0.3100185066910309,0.010531638363854344,0.8794326241134752,-0.5178754799755686,0.6720898357355903,-0.5292449715783624,0.47659794789587145,0.7404383678985221,0.4739255420477112,0.7103938226797293,-0.006802649827816337,-0.7037715116810295,1093
2.5192957373676794,2.312960431896655,0.959640152700799,0.33142759045654696,0.011798988501808366,0.8262411347517731,-0.5398881705194045,0.6673243393783547,-0.5130292286083249,0.5110117177618038,0.7441668977522082,0.4302123343187467,0.6688705313013431,-0.029897397262922648,-0.7427774619585343,1094
2.0560014806314855,1.7712684325153163,0.7380481469953604,0.2708879999187299,0.013207560050726593,0.8439716312056738,-0.5335948474949491,0.6833022894330182,-0.49837186917244636,0.4017846780566251,0.7233365882198941,0.5615632222834198,0.7442080429596124,0.09940906094516377,-0.6605090668539113,1095
3.059437705992198,2.9506989467905695,1.2785187185196532,0.3145344077114752,0.00786102907744306,0.875886524822695,0.5576878514706233,-0.5657011376694988,0.6074261133352062,0.7031790826154996,0.710823711885945,0.016395987091712815,-0.4410481131283803,0.4179854943178314,0.7942069556770286,1096
2.105198107994182,2.1048963482786767,0.72269579631962,0.315230393567251,0.012629230120683009,0.8865248226950354,-0.4954752555204082,0.7128765799215289,-0.4962975447918016,0.4931106890085107,0.7012123837796562,0.5149204222203699,0.7150846939716569,0.010400703506796782,-0.6989604465304354,1097
2.6202553911458994,2.0926941992512775,0.835958073922789,0.3314809081284102,0.013401860525590567,0.8368794326241135,-0.5380160738375769,0.6524743211063937,-0.5336815198122843,0.44561863861811696,0.7575776256038786,0.4769697790222411,0.715515711363863,0.018798975534325052,-0.6983436584593038,1098
3.546968407326381,2.402182484919546,1.019020721814131,0.520672991744014,0.010923619282620102,0.8936170212765957,-0.48393384073670015,0.7069302835527992,-0.5158077277298054,0.5401576682251823,0.70504307829001,0.45950402741747615,0.688503980560287,-0.05624795064094021,-0.7230480183233574,1099
3.4666026097224685,3.465125405903371,1.5618663089963847,0.33494027582956465,0.00767472416407356,0.9219858156028369,-0.5476665955061993,0.6284320071785493,-0.5523898193487901,0.4751949460556651,0.7770127868434074,0.4128448768302632,0.688658887555953,-0.03639150224134041,-0.7241716613861771,1100
2.4703990067282944,1.8823466411327998,0.805469047540361,0.21177083069556754,0.012683197472846741,0.8687943262411347,-0.46981707459306216,0.7401352954211087,-0.4811150183612286,0.529129583979676,0.6723617577071349,0.5176403675627191,0.7066072457725806,-0.011375906332256935,-0.7075145150290612,1101
2.232229457078721,2.230369776982962,0.7084732284059616,0.30550467836815626,0.00878119853524735,0.8652482269503546,-0.532716918077975,0.6800502361527865,-0.5037304452800561,0.44296571535216384,0.7312327824793248,0.5187292095593715,0.7211061365818835,0.05320050879534843,-0.6907790136127953,1102
5.140792363535407,2.1602701985844637,1.1897410375731166,0.3269938771069999,0.008885977604331364,0.9113475177304965,-0.40370596667932057,0.7945257914759672,-0.4535970228595016,0.5791358441295856,0.6057458904519472,0.5455947124422029,0.7082536032466251,-0.042434453926798926,-0.7046815951960905,1103
2.8294676298451273,2.581295548923876,1.1074656029692407,0.5662699948884659,0.012867900277483454,0.8794326241134752,-0.3387703449803197,0.7164481332371314,-0.6098661539575259,0.5545828172183194,0.6756750262415274,0.4856965696396293,0.7600477302170615,-0.17368169533529088,-0.626228485855883,1104
2.3773523288985823,2.366171392933942,0.8118220508333353,0.24285653104366736,0.012533450324562118,0.8829787234042553,0.5930229787890998,-0.513936040446143,0.6198334396905699,0.7993012202231509,0.28285368482590195,-0.530199351499218,0.09716638296182975,0.8098540234579006,0.5785284389821863,1105
3.2563102685647305,2.3088528102574934,1.107955538168942,0.25921487685550565,0.010778177152938944,0.900709219858156,-0.47088197910715535,0.7476411480637435,-0.4682978491025303,0.5123558582913792,0.6638962010131803,0.5447323276204297,0.7181654657713867,0.01656949010062156,-0.6956750791649595,1106
2.7267705565243494,1.4786916896314528,0.8275750348756656,0.16462692428105086,0.012457632820157442,0.8865248226950354,-0.4742608108462391,0.7549114518344823,-0.4529739321248211,0.5317389676745604,0.6556907999514168,0.5360254146171282,0.7016625638808593,0.013351956718971936,-0.7123842865335493,1107
2.8857262786708877,1.7221491750444737,0.883221691882265,0.20348248232879115,0.011483391098758176,0.8687943262411347,-0.4670508092172285,0.7543504055203029,-0.4613231051019305,0.5220805541939642,0.6563323701520833,0.5446647728861046,0.7136493792767253,0.013538300554476912,-0.7003722423654735,1108
3.419924170736261,1.5509361882668857,0.8884586288037504,0.11971618052539523,0.01273094306895371,0.8014184397163121,-0.4348608941536736,0.7956340580221997,-0.4217374164702423,0.5557698333221699,0.605632323820589,0.569499236797312,0.7085308003925552,0.013264013676124675,-0.7055552216774281,1109
3.4926928196318845,2.6980623409727515,1.0845717733625932,0.48300240126255267,0.011230434226371015,0.900709219858156,-0.5013153692266002,0.7001279117250101,-0.5084326974150797,0.5925218766318222,0.7059884114419295,0.38794096022771885,0.6305558867300353,-0.10677673029868173,-0.7687639452893336,1110
4.015075530783681,2.601801425146947,1.1202664530153272,0.35314283649641703,0.008815591730865276,0.900709219858156,-0.49834744446849133,0.705290197525898,-0.5041979391723092,0.5542716592589627,0.7063697532999839,0.44025526614140137,0.6666578975261901,-0.06006254154462248,-0.7429399294486467,1111
5.85613045650502,2.9018982323026075,1.9569495529314576,0.4024716969126118,0.0063311542181116115,0.9361702127659575,-0.4463242237122033,0.7791994441765983,-0.4400487626645251,0.52267603637992,0.6261398689225681,0.5785832917910833,0.7263638539477826,0.02823279547812435,-0.686730267963787,1112
3.7047343523916596,2.1552553821199973,1.2145718406826063,0.20561518722120664,0.009660749162332286,0.8865248226950354,-0.49095041745406864,0.7821006650358876,-0.3837788912278763,0.5463934873189312,0.6195401901945041,0.5635815023128551,0.678543915024763,0.06699628709249528,-0.7314982248089787,1113
3.406206143845847,2.491348458217573,1.2533377076606749,0.5186830683899761,0.01048167674926424,0.8652482269503546,-0.5324649368429357,0.7361340494914158,-0.4178369923932277,0.5292458491690716,0.6747775212680576,0.5143676972056511,0.6605905858927728,0.052744269553248596,-0.7488912603703808,1114
1.985322701547361,1.5940445114723694,0.605180330761859,0.2429097156852191,0.013435473612329206,0.8652482269503546,-0.4659989395506558,0.7570944070775616,-0.4578788563687342,0.5688085203202157,0.6527363727366826,0.5003919412997031,0.6777181239636367,-0.02726328077165663,-0.7348162069339346,1115
3.257540014170121,2.0239829298087155,0.9809753938475884,0.3765491013091229,0.011218357396121923,0.8723404255319149,-0.4394186970328853,0.7707767699897015,-0.4613180893290056,0.5719485633233793,0.6360733287962035,0.5179628956850474,0.6926659004240385,-0.036247637693507306,-0.7203471795956423,1116
4.46839910439001,2.1593331439564616,1.1661935769469771,0.16960490659374208,0.00880837060319623,0.9184397163120568,-0.4683646427155207,0.764613393130342,-0.442719912020758,0.545399865018507,0.6444181644498627,0.5359703504531421,0.6951068613470571,0.009570181438971592,-0.7188427247565827,1117
3.2409463679235055,2.295247422254275,1.127594328539858,0.22997649271965206,0.009799226379034635,0.8971631205673759,-0.4894260104043478,0.7299768589622979,-0.4770701895101189,0.5078612007152501,0.6833192504176492,0.5245491424230209,0.7088999796499842,0.01444255476706019,-0.705161138651339,1118
2.3571118557438466,1.7027631408491684,0.711133371641121,0.21346815093175306,0.01305167047982315,0.7872340425531915,-0.4933533789488572,0.7185427589523443,-0.4902027611477709,0.5202177756620716,0.6954046705604285,0.49576789937222476,0.6971197238387047,-0.010423421698035035,-0.716878959738081,1119
2.6355048589625434,2.4395243353368445,0.9897696269960813,0.26981484804148254,0.010171951471162798,0.8723404255319149,-0.5014718478554181,0.7201153521574991,-0.47954130728807237,0.4514476886718515,0.6906269066172028,0.5650039471093955,0.7380521459905902,0.06684575860467515,-0.6714243623486194,1120
3.212074164553537,1.4303737781204764,0.970104222434924,0.1465841774761559,0.010691316478805966,0.8723404255319149,-0.42161943878019487,0.7947515695840425,-0.43658560613741515,0.5727696663549585,0.6066783197626513,0.5512497851551469,0.7029736539489249,-0.017645366917888566,-0.7109969640441722,1121
4.995249565213568,3.151637498837617,1.8238407569477217,0.4589636083435882,0.006353222914149461,0.9468085106382979,-0.4571909959454518,0.7415343149536273,-0.4910226603453864,0.5576894598601124,0.6691038475264871,0.4912051583464772,0.6927906318559325,-0.04926358666912467,-0.7194541260157953,1122
3.104480396688761,2.798444718326394,1.2088408648680016,0.42772880280192443,0.010095858691525749,0.8546099290780141,0.5344123722226428,-0.5080353138169816,0.6755024325124585,0.790057615157613,0.584250593784658,-0.18563460990273248,-0.3003537600011571,0.6328912731087035,0.7136079142470408,1123
2.2785210076606757,2.2785210050868967,0.849573864308848,0.37038592506508605,0.012182691936126826,0.8936170212765957,-0.5638661055179083,0.6226715852052629,-0.5425266002935083,0.36953085701551724,0.7777135170993672,0.5085357716368728,0.73858104549294,0.08626576550925275,-0.6686226566155669,1124
5.100892514846062,3.147330281397423,1.723870001384998,0.46551559710668655,0.008040955897713222,0.9468085106382979,-0.5977130491101248,0.7356562397274082,-0.3186675507070146,0.48064736452598633,0.646949503149057,0.591975042843372,0.6416519476302565,0.200664489447731,-0.7402813929695791,1125
2.2869248495346453,2.27766351516839,0.7967443212445541,0.183874605221919,0.012236822100013766,0.8191489361702128,0.5627348530896119,-0.5766424728011439,0.5922946426230741,0.7248971932527426,0.6886138615612385,-0.018303247799652873,-0.3973078709672248,0.4396525994777031,0.805513530265004,1126
1.9860570714901251,1.188835725207582,0.6320487083294551,0.1272548481478459,0.014559251430972376,0.7836879432624113,-0.4405268560562039,0.7655393415460796,-0.4689196153270104,0.5337957816890944,0.6433323462151586,0.5488037497723828,0.7218020175534046,-0.00854452213374754,-0.6920468471117692,1127
2.1993376787485275,1.7827619471830787,0.642153304732902,0.20602890811165522,0.010597670713368697,0.8687943262411347,-0.46425801472205414,0.7508614801185953,-0.4697568875923474,0.552443094870321,0.660052781310726,0.5090549605043413,0.6922941013012017,-0.02318110347000671,-0.7212430337587146,1128
3.9276833333397567,2.870594519418553,1.329752829022897,0.4021362491882864,0.00818719229742637,0.9219858156028369,-0.4427605611383205,0.7633088427358957,-0.47044946179336533,0.5225493916278431,0.6460335444778904,0.5564016469410427,0.7286324305229974,0.0005196253661324812,-0.6849047460630042,1129
2.5060448502567887,2.1596711870996086,0.8319062628986144,0.3361245374610533,0.012485514577367421,0.8546099290780141,0.6622740153374347,-0.39212646510314375,0.6384590542662422,-0.7019284443856251,-0.02664018583139928,0.7117490846226955,-0.2620869847421038,-0.9195254949508369,-0.29288782249218004,1130
2.376848352045162,1.7368357128183534,0.8199302494187123,0.22444708415098302,0.010928703457465078,0.8404255319148937,-0.5011680150695533,0.6937022838066582,-0.5173081887160406,0.5370459542459957,0.7180833731134878,0.4426487459441893,0.6785368550780805,-0.055976876470397285,-0.7324304237273094,1131
2.832741150876737,2.2739739420692016,0.9467183293157166,0.20935293331445382,0.011260570431364286,0.900709219858156,-0.5296978037992129,0.6641700978336194,-0.5275398731792423,0.4666305430359426,0.7475697234807487,0.47264727317620087,0.7082910227839061,0.00419400507837811,-0.7059080941348743,1132
3.1694274103815485,2.4823990705707843,1.124678173476185,0.4462340077883661,0.01060700185654048,0.9148936170212766,-0.45045136686947934,0.7940339702985717,-0.40817106719769436,0.5476683857627118,0.606809812454003,0.5760565864093589,0.7050907071586486,0.03594308725505738,-0.7082056122038939,1133
3.9669346074581893,3.2172524286474244,1.510965228296937,0.976677011997639,0.008702985103777665,0.8936170212765957,0.6224363665726859,-0.6143729803027705,0.4848905140768219,0.4529755207503538,0.7880067601724382,0.4169634558609225,-0.6382680840906421,-0.039889685338807934,0.7687799853240407,1134
3.123528374903653,2.571195663169996,1.1750748796733232,0.3036603963054184,0.009979719515687432,0.8794326241134752,0.6093153581140609,-0.5039875458995687,0.6121530429104015,0.7376812896198344,0.07717435971584372,-0.6707238128673141,0.29079392928868353,0.8602561663717267,0.41880570543901197,1135
3.2573915428587905,2.7879637364008634,1.2176239416053818,0.3997385920827884,0.010390113987200168,0.8794326241134752,-0.5438922201591466,0.6987763563370911,-0.46464271938190654,0.4670734527804853,0.7120936404334606,0.5241803477448742,0.6971539590062372,0.06807533384773196,-0.7136820765322958,1136
6.031902390106451,3.640796618101581,1.4448209906467744,0.662799125756787,0.0036071689834891994,0.9361702127659575,-0.4796652025150334,0.7452956204427298,-0.4630936532118513,0.5075870228891749,0.6661861003219677,0.5463986584283618,0.7157350820594979,0.02702809439630713,-0.6978486758765027,1137
2.535176496616279,2.2387345567171817,0.8269127672123254,0.33035169421333976,0.012312175416120225,0.8652482269503546,0.5951817170601169,-0.5589610371672649,0.5773398328595268,-0.48186669810378746,0.3267036555407387,0.81306162541032,-0.6430888033047412,-0.7621202532312166,-0.07489666667390449,1138
2.470778390975424,1.950234545017086,0.7990944033760666,0.3225136895295315,0.013009243226418912,0.8794326241134752,-0.47806951321467617,0.7180659076745963,-0.505797284265288,0.5017724523069768,0.6959267972112122,0.5137220055917279,0.720884142314509,-0.008200314555098093,-0.6930070765877303,1139
3.3372829385382126,2.151964256565247,0.9654653371987786,0.24884834557018462,0.010748956035332154,0.8971631205673759,-0.4829158663048151,0.7383585165773017,-0.47076423724496785,0.5536866869633881,0.6739643498939724,0.48908394755042023,0.6783976111032357,-0.02446949263392273,-0.7342873587224972,1140
3.231111046369722,2.757103969573224,1.2022108134395557,0.30882062384477454,0.007759717330313802,0.8829787234042553,-0.508429472072851,0.6970666593322742,-0.505566557809222,0.4668302871275964,0.7164767638806532,0.5183922548027436,0.7235806485445062,0.0275521190918242,-0.6896897315354653,1141
3.365679926753631,2.811747875399189,1.2875657040591058,0.2222728124697944,0.009091729187147148,0.8936170212765957,-0.5650621536340081,0.6239382003927187,-0.5398202336159624,0.3762200088416514,0.7771641899179865,0.5044544844248167,0.7342773777515446,0.08195696431552044,-0.6738841061506795,1142
2.956324215988586,2.66282342305715,1.1301804581362125,0.5783846747166821,0.009792806671409431,0.900709219858156,-0.5399520155337855,0.6835854479004739,-0.49108324787118446,0.5007813085467372,0.72985101112554,0.46533383991414645,0.6765130463865574,0.005332633283405774,-0.7364113395997134,1143
3.540718779642247,2.150124938695438,0.9545810740293865,0.20030494126328816,0.008155742482977043,0.900709219858156,-0.47735765161702587,0.7306393766316102,-0.4881554811308076,0.5441103601167523,0.6819977971314864,0.4886951204190789,0.6899808609347772,-0.03232809959109903,-0.723105321181176,1144
4.6856756725979976,1.8445415326635208,1.3528788785287083,0.30736926651197344,0.008353520486805587,0.9042553191489362,-0.4840601452609836,0.7960771307627067,-0.3632450655501487,0.5488345240215305,0.5995291080557696,0.5825337018884945,0.6815177481269109,0.08261991570117769,-0.7271227602802397,1145
3.9946449292566917,2.249227618818923,1.0693051317698044,0.3869658042975783,0.009873561671468164,0.9184397163120568,-0.4866237581030178,0.7737596376095528,-0.40557778693615504,0.5478899595436736,0.6319110563001434,0.5481833718354368,0.6804512548896705,0.04454705525588157,-0.7314380695500489,1146
3.6244139370990194,3.0940854253537036,1.3398913107028305,0.3699262230005104,0.0076853665474950535,0.900709219858156,-0.49560077237727856,0.670613725854011,-0.5519575211148466,0.6056779477730938,0.7223244328739004,0.3337688380522842,0.6225223674699718,-0.16889240471258557,-0.7641604920630103,1147
5.269758248580957,2.569487757890639,1.6605944624047977,0.26972022236003756,0.006713432401165324,0.9148936170212766,-0.4779621201250991,0.7527566299027773,-0.4526694907578083,0.5098747785696406,0.6574000120529078,0.5548449642300062,0.7152481540724733,0.03439011907873904,-0.6980239235195809,1148
4.808251404130866,3.0273857706101346,1.7454299451341502,0.4210673199662372,0.008187746017918104,0.9326241134751773,-0.5013286888689636,0.7465562699530316,-0.43740516859170986,0.5175899179433933,0.6638504927138844,0.5398177471766599,0.6933759604718621,0.04422961810087339,-0.7192172956223826,1149
2.7429650853376466,2.3515562255311684,1.063684412462018,0.338403699095589,0.010506065617961033,0.8936170212765957,-0.5522011771220499,0.6363626508127107,-0.5386245785662241,0.42716065428749844,0.770768947734568,0.47270392915314646,0.7159662250509439,0.030948438712909115,-0.6974486065134367,1150
1.8477361668581762,1.469340993453096,0.5953267000513454,0.23102246658497919,0.018829132466922943,0.8226950354609929,-0.49261825826756733,0.7876601014639999,-0.37002542640087566,0.5631329282489344,0.6126937946578864,0.5545156617350862,0.66348214500709,0.06479103757034,-0.7453814893779895,1151
3.0056812244163496,2.0421984643603395,0.941258060297111,0.348369107165601,0.011614755896970074,0.8652482269503546,-0.4901251061791192,0.7513869839999838,-0.441808760176069,0.5282037607959182,0.6592268096736165,0.5351829598264447,0.6933816895289027,0.02894155633260992,-0.7199890408492973,1152
2.6066736573011893,2.579393725916153,0.9271041946074288,0.32675149274017995,0.010915865201906955,0.8687943262411347,0.5816586012685522,-0.5628269903737777,0.5872810659957521,0.8032261648939063,0.5114224892775464,-0.30540917715580373,-0.12845621666598567,0.6493633931535974,0.7495506547471678,1153
3.44165693947608,2.9508039613475474,1.1732902786650137,0.3467289875181728,0.011640166644452075,0.8900709219858156,-0.4802508125753079,0.7148220630802998,-0.5083193633478666,0.5614034975400023,0.695773116897573,0.4480244220491657,0.6739326894954787,-0.07020817570810509,-0.7354492110901546,1154
3.3692895535759266,2.077150677529019,0.915867083649538,0.2913348582010023,0.009306921769550388,0.8936170212765957,-0.44227534533148977,0.7790557498985357,-0.4443699556247493,0.5638559784361631,0.6268253066675133,0.5377327128815719,0.6974660955872397,-0.012734734830691319,-0.716504621084249,1155
3.175801561438655,2.9427167512892263,1.1595707453898363,0.2801491126685023,0.009209364923722384,0.8900709219858156,-0.5517949079001607,0.5992670325430868,-0.5800012097594763,0.7105374918556789,0.7019326001920412,0.049265580835721905,0.4366449957149333,-0.38492810821586276,-0.8131245287300481,1156
2.8287113995362168,1.302043489998082,0.6424888499375152,0.10730413964405855,0.012217963408972535,0.8865248226950354,-0.4222778944694446,0.797511551688279,-0.43087899086194265,0.5634810384545135,0.6032871631237894,0.5643879145696455,0.7100496455492924,-0.004463600990649574,-0.70413747032914,1157
3.1729016917450616,2.9729113252761032,1.2550402393039062,0.49984037860528,0.008389514041384683,0.9042553191489362,-0.5273719053703206,0.6686058951695856,-0.5242566455187333,0.5492323738288531,0.739055710607939,0.3900518634183373,0.6482458429981641,-0.08223632750963286,-0.7569772212380819,1158
2.363773363551,2.0336716900328207,0.8502187372941422,0.27645387050030085,0.01206182225513906,0.8475177304964538,0.596182310923521,-0.532293525079381,0.601024338359485,0.7944455853835025,0.28310431346431725,-0.5373156982282963,0.11585708440382123,0.7978192469829642,0.5916600249611105,1159
1.7933197307442543,1.7933104620749243,0.5971715221262301,0.15996094230606145,0.012812159773512492,0.851063829787234,-0.56567559112851,0.6024593879859461,-0.5630753159471742,0.42239144577758486,0.7981326972071476,0.4296157168712118,0.7082348425030587,0.005184927814624013,-0.705957877205308,1160
3.447953890194481,3.436006031919359,1.4584982375843218,0.4608553480452677,0.009731859892024759,0.8829787234042553,0.5974671019704286,-0.553001495349675,0.5807085398063998,-0.6980354854805813,-0.002226489116569367,0.7160597068374278,-0.3946891473969697,-0.8331772853884325,-0.3873449212779432,1161
3.6768756972102317,1.82876274022749,0.991711870429804,0.22007124590092325,0.012964664661323731,0.8617021276595744,-0.4218041510398232,0.7747123914333293,-0.47106471819191253,0.5831747886643298,0.6296294259430372,0.5132971379746392,0.6942538613734087,-0.058202203964226984,-0.7173730406293635,1162
3.278920178915059,1.7568514819832326,0.8598970214935115,0.4204446363911499,0.010836206117641495,0.8652482269503546,-0.4753271311270605,0.8011052598577124,-0.3637230829117468,0.573673258944236,0.5956494399067845,0.5622283670458412,0.6670555526991869,0.05858419041892532,-0.7427010046082753,1163
3.495884274616879,2.3112587424528077,1.1798540864887999,0.28489005931043965,0.010818538693298007,0.9184397163120568,-0.5057241150755668,0.7206253646974408,-0.47428072192080006,0.46105429908327,0.690434776999026,0.5574304907404508,0.7291584551576353,0.06323687583195167,-0.6814169390374332,1164
4.36687845260716,2.8459727639864516,1.499829812303007,0.38526532128919944,0.008620855408316759,0.9078014184397163,-0.4618211147278565,0.7349166326419856,-0.49660729058047964,0.548653044831472,0.6766179083099124,0.49108863003685366,0.6969225885194674,-0.0456700035086921,-0.7156906848568321,1165
2.0382541163809234,1.8318195371473105,0.5657611825871709,0.12817618593096805,0.007199596686791399,0.9078014184397163,0.5850816799767988,-0.5747930071476719,0.5720947707239274,0.466325779541325,0.8156028680989121,0.3425379232785827,-0.6634905388102399,0.06636987632175403,0.7452350933942474,1166
2.220589598760327,2.122761684965513,0.6702622523513206,0.15215670612960716,0.008260258138405151,0.8723404255319149,-0.5512776212041492,0.6368644741015618,-0.5389773891239185,0.4498664524926167,0.7709518919417385,0.45083628429083006,0.7026472509596853,0.006068108337456496,-0.7115124867351255,1167
4.123769324619356,2.609021421300587,1.263067574980943,0.3854923810938421,0.009835265001122797,0.9113475177304965,-0.5017072811309731,0.7355773810672003,-0.45520953474469933,0.4550980925539122,0.6719651716362903,0.5842504037325107,0.7356463350102124,0.08595769058164479,-0.671889682325836,1168
3.4554392433901158,1.6971610566454527,0.8828314857470245,0.17820653591308708,0.012345432903631838,0.925531914893617,-0.45541864603639554,0.7738338422995039,-0.44019886568954586,0.541498667168713,0.6332454647950124,0.5529732134299602,0.7066633217430234,0.013467213094598834,-0.707421786400858,1169
2.9156896960691214,2.6602859421998746,1.0054901904032616,0.4290266589102893,0.012363194428033913,0.900709219858156,0.5880164559490634,-0.5723057508060906,0.571579194099453,-0.3276615335204365,0.4775366609214387,0.8152279784986767,-0.7395096801152363,-0.6666519819743131,0.09327683498908557,1170
3.525919183379036,2.329357917238162,1.2201059921651798,0.2542334718532294,0.009211147738283028,0.8581560283687943,-0.5118284285345488,0.6859804895990328,-0.5171676977860523,0.5116429837648111,0.7269920491828682,0.4579345123367917,0.6901109453617551,-0.030221322180958854,-0.7230723025932739,1171
3.0005238145689526,2.028631251052191,1.0132514246326274,0.24511679788407237,0.011264340215084576,0.8652482269503546,-0.545451794081681,0.6660777833933517,-0.5087462302591291,0.3965488762936452,0.7398457770444344,0.5434861680850438,0.7383978121875246,0.09470275951267945,-0.6676826029614378,1172
4.160238132185322,3.09574002894668,1.1440471136658508,0.5454554027282401,0.006086389941593055,0.9326241134751773,-0.45752410144929406,0.7560979391503517,-0.46796111270660845,0.5094321702444166,0.6542283418666645,0.5589849198488799,0.7288007687379863,0.01735462794144485,-0.6845058483139017,1173
2.3433546156180274,1.8660978187179857,0.7667162543085138,0.23345875941557945,0.0133037396402046,0.8652482269503546,0.5699368723036596,-0.5758918104318415,0.5861062909287512,0.5434281205503664,0.7992003176108085,0.2568359985007541,-0.6163260820246199,0.1721263344416503,0.768449533546519,1174
2.5078777298471615,2.5078777243104176,1.0259432590022621,0.22155452267775624,0.010313991615119837,0.875886524822695,0.5632465431949006,-0.5841357267343571,0.5844131965754363,0.7122307959902516,0.7017847178303698,0.015016759398783098,-0.4189040759196402,0.4077789383627763,0.8113172700033198,1175
2.5293492188704274,2.3577304820442797,1.01245884678569,0.2606845844510671,0.010955050400782223,0.8865248226950354,-0.5700457344969209,0.5965136055687363,-0.564995025600449,0.45455809133275926,0.8018089198985107,0.38791674051928027,0.6844156647723552,-0.03569277717647895,-0.7282178406710765,1176
3.4190113448627995,2.684866378705465,1.2494152408128083,0.2521119919364183,0.009025194024267628,0.8865248226950354,-0.47366556396563464,0.6976921287296358,-0.5374631401517935,0.6206279177564543,0.6974167022680107,0.3583726148841462,0.6248695233521994,-0.1638158628043147,-0.7633494886873724,1177
2.790958052967726,2.2330859250637825,1.032858942059947,0.29079173208639986,0.011918886250309764,0.8652482269503546,0.6956614392081429,-0.03893204487084729,0.7173140580533952,0.7180335297725035,0.007135053318283874,-0.6959719399060458,0.02197753674310726,0.9992163864230408,0.03291809506010016,1178
2.8766014118131737,2.569985271872578,1.126160746854206,0.29636075838751236,0.008721503602597182,0.8900709219858156,-0.5335161462494388,0.7045652225164166,-0.4679191905783946,0.4735587691329975,0.7072252650879457,0.5249519183682685,0.700787138772101,0.058483088510075554,-0.7109691375087492,1179
2.5773671377660703,2.0789383585234797,0.8960063271100993,0.2605044280011333,0.010908115663590068,0.8546099290780141,-0.515071739123701,0.7094699932997734,-0.48099213316155764,0.498687459228706,0.704444101908546,0.5050438845231965,0.697145552638833,0.02026908713981984,-0.7166430370431395,1180
1.9582806084855258,1.27166997827165,0.6260245745571598,0.21329249529004224,0.018159548344516274,0.8014184397163121,-0.39715303901711313,0.7966423988378292,-0.45566473637245686,0.5658605961033351,0.6034533244677469,0.5618237009653495,0.7225449808676618,-0.034712729116757074,-0.6904518644049105,1181
2.4610960910726316,2.4610949665604767,0.9526631735676092,0.2482390528190179,0.011532722204453463,0.8794326241134752,0.6156682086271192,-0.5657308485096446,0.548544678153413,0.4000518975097173,0.8241344098057001,0.40095006406419886,-0.6789043645350563,-0.02740586832720396,0.7337150551791093,1182
2.264755137699826,2.073012646040027,0.7335100628033788,0.219475381302186,0.010105102544318801,0.8262411347517731,-0.5501129078175234,0.6249808823349853,-0.5538724450343528,0.45970055051677516,0.7803468229427243,0.42395075159476997,0.6971737175963555,-0.021394687167140852,-0.7165829155470408,1183
2.259182273911289,2.2591822708564826,0.8416393479380133,0.13138772466589757,0.011822541840646563,0.8297872340425532,-0.5644812592998435,0.6015021658997284,-0.5652928907364735,0.36284273309706544,0.7959347302680975,0.4845957657591559,0.7414216472007777,0.06843281063193749,-0.6675409287010788,1184
4.670142769323925,2.641630198973847,1.2097351557644123,0.3582314730530218,0.008851746928820478,0.9148936170212766,-0.49673466799777644,0.7706547573174308,-0.39918155597816735,0.5178564559938772,0.6322717429414519,0.5762439883098478,0.6964763891149508,0.07952162034183158,-0.7131598357336237,1185
4.005453332205838,2.9611228581302758,1.5534079601640278,0.39124289439361304,0.008571818514823014,0.8652482269503546,0.5324576538650817,-0.5823885709869664,0.6142576000541239,0.3507720741396709,0.8122530591008843,0.4660514134567221,-0.7703556314094459,-0.032688229762629945,0.6367760051939295,1186
2.6473767051678427,1.307381178056947,0.7892225631229053,0.07557839249455313,0.010046095150712872,0.8794326241134752,-0.4341255606849041,0.7802781978568029,-0.4502232018780882,0.5651117933509832,0.6250906498981204,0.5384332274531181,0.7015580222445278,-0.02067881426208079,-0.7123122405694438,1187
