R1,R2,band_half_width,mse,mean_error,frac_inside,normal_x,normal_y,normal_z,u_x,u_y,u_z,v_x,v_y,v_z,window_index
2.1515934917436916,2.1368730656609904,0.8692317451323442,0.4859712165035399,0.013101330673097194,0.8571428571428571,-0.4931214851622119,0.7135441444191805,-0.4976805751046691,0.4533659344611763,0.6990273204869584,0.5530100674336478,0.7424894142959608,0.04706972676703139,-0.6682019982613927,0
3.705161929390534,2.562400142468412,1.2113149408398736,0.4134294963280556,0.008839361431187936,0.8857142857142857,-0.5108721483791347,0.6976129170417011,-0.5023403885684048,0.4988842195012969,0.7164732966055418,0.4876274713177766,0.7000886969113764,-0.0014943987941293813,-0.7140543279255263,1
3.8243343271634975,3.6709402111906497,1.320940435864157,0.7130602891276392,0.008904935115567666,0.8678571428571429,-0.5636838451221159,0.6273988659385038,-0.5372440653626858,0.5998821285945923,0.7580691833276678,0.25587603459828734,0.5678045038049342,-0.17804992644761805,-0.803676719303745,2
4.042505398985549,2.143003548825913,1.0671911332621407,0.31184398930157814,0.010600442488237263,0.8607142857142858,-0.47611959187238545,0.7836806215552223,-0.3989421231633653,0.5430743038770881,0.6188506812874108,0.567533377642693,0.6916505148582551,0.05355854431300322,-0.7202437418175758,3
7.240405587410779,3.176274345907688,2.0867079238025967,0.42168685837969405,0.009980944993248036,0.9464285714285714,-0.6777747922028765,0.6997660509881709,-0.22571841958238217,0.4620565081029379,0.6441573958207426,0.6095613445168246,0.5719485242345393,0.3088506488480475,-0.7599251031069265,4
3.3179568833657695,1.3536144174559261,0.7213608073079507,0.25587221496912854,0.010726193481936774,0.9035714285714286,-0.43151339653171433,0.7991061385498197,-0.41859953170740644,0.5675878150697026,0.6011679304303825,0.5625310583482942,0.7011706360067176,0.005147694051444912,-0.7129749227342349,5
2.2182844070134338,2.218284407003624,0.9546873024922644,0.2864949439794996,0.013200928023200489,0.8428571428571429,-0.5348436715825149,0.6827915568498099,-0.4977327966517253,0.4762844368477052,0.7301872492028333,0.48987724617322614,0.6979221892050711,0.02494536021411939,-0.7157390214449597,6
3.2389223196630845,2.061699500490582,1.05735672119577,0.5703474659229079,0.011287133504260818,0.8678571428571429,0.5469174082679306,-0.5876750455105301,0.5962544670001946,0.7399697532570123,0.006219068510899368,-0.6726113940839935,0.391568784249008,0.8090731512484228,0.4382630752535522,7
3.598784943143181,2.835206751709572,1.3485868499560651,0.4780565435755459,0.008890235953033563,0.8857142857142857,0.636892405910931,-0.4214196843918231,0.6455799817993756,-0.7064853808202624,0.01618374265191796,0.7075425733911886,-0.308620268258964,-0.9067213111429955,-0.2874195434184885,8
3.5357986129953964,2.613817750189186,1.1297477518706127,0.6032766997588206,0.012984294400387347,0.9,-0.43679392222270613,0.7936018360626149,-0.4235648655251649,0.559947134336924,0.6083781385150525,0.5624368829698372,0.7040385474227753,0.008495079458487653,-0.7101109472243212,9
2.2786385453613938,1.825820740072596,0.7768250303137603,0.35072244883442644,0.014867453092846608,0.8035714285714286,0.6746376369596803,-0.48192328373053284,0.5591189563910697,-0.6138097235249168,0.05446477990391053,0.787572987764489,-0.4100020513408731,-0.8745190314386526,-0.2590652071349551,10
3.6815940856405667,1.6930106447075037,0.8432673879288675,0.38301949279196107,0.009881437387072506,0.8964285714285715,-0.4854319208956572,0.7758519410209588,-0.403000764006178,0.48327006148980783,0.6222530021623784,0.6158337835549009,0.7285642715939273,0.10418717250179077,-0.6770074853669584,11
6.844561064234685,4.519427831760583,1.8434063576229607,0.5253868484203508,0.005852998043199963,0.9035714285714286,-0.3740919970346036,0.7732724797837127,-0.5119617659198876,0.599221675275902,0.62287772012208,0.5029480387227504,0.7078054546513495,-0.11862975084129337,-0.6963752010095772,12
3.9578478774399786,2.264421684821224,1.2786580126348523,0.3405265485227302,0.011363207213239801,0.8642857142857143,-0.37573315347801034,0.7348241989247546,-0.5646751225723182,0.6613571095569772,0.6394479313094005,0.3920626439519184,0.6491774572610407,-0.22614097333017952,-0.7262429959492681,13
3.059501261030561,2.5405213135858977,1.1153327336867669,0.3309739176164471,0.010221864162367124,0.9035714285714286,-0.5206950420731709,0.7136731065280199,-0.46855882253892583,0.5086802174788315,0.7001153874659877,0.5010817104814729,0.6856537825361336,0.02256415857052091,-0.7275780021701432,14
4.426421184344365,2.6177530465758605,1.5781897382076149,0.3156019621816649,0.007139436055316201,0.9357142857142857,-0.5450891948495815,0.7138816672915308,-0.43960292851993044,0.46224973498335264,0.693358868758624,0.5527916982205697,0.6994304484121743,0.09811444449633963,-0.707934039028439,15
3.9650510323268513,2.7689145227280125,1.381605815372534,0.3420314681865251,0.006277282708016652,0.9214285714285714,-0.5033446385413612,0.6843345203141068,-0.5275703167902149,0.5119744465549174,0.7280355261499725,0.4559017862855101,0.6960792633935108,-0.04062680112923173,-0.7168145660514673,16
2.585904585597041,1.3558488652697658,0.6905559706445686,0.14293453779881185,0.013131372171114408,0.8642857142857143,-0.43288568420738155,0.7911563108803227,-0.4320667496609122,0.5598305058871661,0.6116139950260204,0.559033206318221,0.70654072004834,0.00011332497201735348,-0.707672380463604,17
2.504225709442062,2.3484607103038915,0.8800355508995025,0.5772947436581671,0.010469876535271778,0.8642857142857143,0.5140421505865738,-0.593015522044074,0.619752578078643,0.7374283745522012,0.6745776288018934,0.033829205212556654,-0.43813246835361175,0.4396334988769728,0.7840678075521033,18
2.990911089183834,2.1792481003373187,0.987188230338746,0.30548375400416883,0.011356740314957406,0.8321428571428572,-0.49523699300293894,0.7393063033771423,-0.4562526827846953,0.5076039534793056,0.6724504026336268,0.5386545111758113,0.7050379756960514,0.0351659748151259,-0.7082971177703012,19
2.895874725140844,2.2203868912674194,0.9533072900014373,0.3499816654118222,0.010955314267787872,0.9035714285714286,-0.5218941229740682,0.6779327108296325,-0.5177197736153355,0.47138336583263696,0.7350518939605156,0.4873360602308774,0.7109319565341135,0.010293336302923756,-0.703185466577867,20
4.905180402726333,3.2324956291659395,1.3325357808261364,0.7394273435049951,0.007892968920603762,0.95,-0.6557476945255974,0.7373303256192999,-0.16229279727240173,0.5305641674883609,0.602987264556747,0.5957415739729385,0.5371188186069692,0.30454942079161595,-0.7866085589375093,21
4.1120509762864135,2.973089176446503,1.384426006353343,0.5086696915573341,0.010048654393932271,0.9178571428571428,-0.4696293420505911,0.7595327386471487,-0.4500647731252591,0.5431081626501495,0.6504503665869167,0.5309876121622088,0.6960472719204547,0.004933510931136698,-0.7179790078560686,22
3.3407192123250096,1.797043612405374,1.0688666726496292,0.19713241954034344,0.009484062713612915,0.8607142857142858,-0.4783730779058502,0.7786610986790014,-0.40601242805965176,0.5321477275592074,0.6248277546739744,0.5713222147288264,0.6985542172147091,0.0572465753830759,-0.713263510365177,23
4.962263288307108,2.9666225095462653,1.3554864082210691,0.43184553455876645,0.007530786011962623,0.875,-0.5027126931521381,0.7401763757150674,-0.4465634120447304,0.5060110103764255,0.6707955676963955,0.5422049093624104,0.7008800222017699,0.04660728689999025,-0.7117548421235143,24
3.327615332765229,2.7684758242273677,1.2158533455458362,0.2328140476137459,0.009469708160432376,0.8571428571428571,-0.5446133244369752,0.6637925621117282,-0.512616583160215,0.49407790750326613,0.7478241913608603,0.4434478550322116,0.677704469634737,-0.011764918215734416,-0.7352402590558254,25
3.2368985846079164,1.774728481796043,0.9216102564624724,0.38799546132059737,0.012540977972370871,0.8678571428571429,-0.4670170821410704,0.7481793616244429,-0.4712989367988026,0.5276502039096778,0.6634958336493607,0.530432409496267,0.709563462491211,-0.0009599839482984651,-0.7046408809658313,26
3.554866579409673,2.0333269273833086,1.1535504352253227,0.5267500784385392,0.008678517327315624,0.9107142857142857,-0.6018049650448098,0.7131642589166854,-0.35948229977459273,0.3763962014537369,0.6502625112139214,0.6599125442367061,0.7043839035487773,0.2618308734919922,-0.659763525899854,27
3.6633500901770923,3.2121819708612476,1.2185516171746644,0.4204620938577124,0.0078063794372803304,0.8821428571428571,-0.4795024272873758,0.690615663221295,-0.5414124379241078,0.5417317856342947,0.7183275177643247,0.43649999960598224,0.6903651893447362,-0.08399751743923656,-0.7185682447791941,28
2.584361238152018,1.2494248036766542,0.7141530755253275,0.09379260675296183,0.013698056332384925,0.8357142857142857,-0.44084499140006717,0.7869412259431554,-0.43171657423425197,0.5419928339715423,0.6167753448915386,0.5708169074733331,0.7154714959248698,0.017654485124386554,-0.6984188268324544,29
2.5933841461500506,2.016281714597972,0.88884477163639,0.3115861739992617,0.013244733934453181,0.8535714285714285,0.530631598157967,-0.45400588240932255,0.7157574769250086,0.8238525828330067,0.4747609307123253,-0.3096271635831562,-0.19924113228875626,0.753976602691953,0.6259570702511437,30
3.08510492544413,2.264381811262041,1.1771520594860627,0.4689398893132177,0.01059872229108288,0.8821428571428571,-0.4788288060363311,0.7015641520280232,-0.5277600923705983,0.4907489980886236,0.7123591633377654,0.5017069296748161,0.7279343345280767,-0.018766006445684824,-0.6853899923527091,31
2.1472062022582734,1.8236821780367833,0.7910159061758568,0.28346233303782975,0.012878886116452616,0.8571428571428571,-0.4902583773436468,0.732097904858312,-0.4729475458721022,0.5053057958713503,0.6808777135052716,0.5301618544469742,0.7101498265177537,0.020933154418367683,-0.7037393174627243,32
3.6548297439275133,2.638866293504704,1.1851303244528069,0.42291455679975165,0.009946661021818478,0.9107142857142857,-0.4932989685953067,0.7116127276044604,-0.5002633841229506,0.5503763482020074,0.7006910864733084,0.45400206681982996,0.673603743251646,-0.05137438319040802,-0.7373050046142207,33
2.917383879488255,1.7716938984531954,0.8124438704860674,0.41721168248935153,0.016163292009547425,0.8821428571428571,-0.7004900405105517,-0.056759698841428,0.7114014617169098,0.5919101704771574,0.5106805853771004,0.6235765308321062,-0.3986929310023291,0.8578949098265665,-0.3241300209212955,34
2.5995748725576715,1.5805918583454905,0.7547900975132075,0.26112171489260133,0.012690305948883407,0.8285714285714286,-0.43109901392534444,0.7826521679784315,-0.44900915820421405,0.5617781776538818,0.6222214184004652,0.5452025179652025,0.7060870479653905,-0.017207278761453226,-0.7079159485794528,35
2.62190580480991,2.417583230259853,1.0686635572419187,0.34792924069389514,0.010385057937377594,0.8857142857142857,0.6745097503270527,-0.4267629144086804,0.6024201288130621,-0.6702496001099822,-0.011879323477403591,0.7420406695229906,-0.30951909515593046,-0.9042855171676303,-0.2940503922369864,36
4.562822938625473,3.1596707408232287,1.4925180302138246,0.5651964802067672,0.008398026935560542,0.9071428571428571,-0.49689663569483916,0.7520557166655677,-0.4330195520594766,0.512313069238096,0.6569653485292929,0.5531110647235566,0.700449179115082,0.052997451471029716,-0.711731843895286,37
4.161184278869239,2.9970681437205053,1.4379890295034539,0.7049573446895295,0.009396426764417234,0.9178571428571428,-0.5968220135195538,0.6453761015405256,-0.47675273647753574,0.32330506035197726,0.7372353579803071,0.5932603685519982,0.7343550381996911,0.19993427546071607,-0.6486516502458993,38
2.3524676413120007,2.1924649765925004,0.8672622839144523,0.38630013629437787,0.012213151159308995,0.8642857142857143,-0.4682809697830119,0.7738203044513131,-0.42651502875978353,0.5893345681351524,0.6331928235894022,0.501748557502494,0.6583294768883095,-0.016400749182803903,-0.7525512044281156,39
3.6253046269628886,2.806938735489483,1.227198836797791,0.31459234372808526,0.010290848911848794,0.8678571428571429,0.6442334461759374,-0.36079889466733994,0.6743792882607691,0.7389503125841944,0.06620147780772742,-0.6704996643308588,0.19727063227961,0.9302910952722803,0.30926166218447476,40
2.225105839995953,1.6010705991777048,0.8052854566074916,0.30122032501452045,0.013664927522668775,0.85,-0.42696314044712436,0.684305574216294,-0.5911246550398972,0.6808001911428316,0.673502228844157,0.287933755370635,0.5951584464992605,-0.27950067770662207,-0.7534359924519972,41
5.947377566610792,2.8844039328745614,1.841745231930381,0.6156694999426946,0.008229336479999032,0.9142857142857143,-0.4070541755964002,0.756401449401792,-0.5120192823248002,0.6345094361184606,0.637393163251859,0.43718157659766765,0.6570423681971874,-0.14692447986178972,-0.7393974057373844,42
4.271563204477261,2.7325465269138114,1.4365663975063623,0.49950463855067745,0.0070405581397570945,0.9107142857142857,-0.44719447499487247,0.7557581439671545,-0.4783792735491183,0.5131046709568567,0.6548453419021038,0.5548884345806575,0.7326258923736699,0.0026844024360232754,-0.6806262526579806,43
2.615695097883222,2.004147446154109,0.8023793391550106,0.2876365018383378,0.012052961708454652,0.875,-0.5208647341592653,0.6641535922525323,-0.5362834461432266,0.5431206909133204,0.7425091991656027,0.3920459211065625,0.6585740989524532,-0.08706374131929173,-0.7474624145309596,44
3.1784602390923107,2.6955899910837666,1.0991743100632072,0.44444609688431114,0.00999570209475778,0.8607142857142858,-0.47787933245038566,0.6902968587347456,-0.5432509460992374,0.5743488112173616,0.7134691359079214,0.4013542514537595,0.664646362112949,-0.12021663332395718,-0.737423334593011,45
3.239590268181172,1.9161292886255283,0.9736096591876345,0.2510254738549542,0.011699251226633532,0.8821428571428571,-0.4837060165297701,0.7352543445416013,-0.4747942063732475,0.48798798533616616,0.6768940585440197,0.5510736426970129,0.7265646672805192,0.03486376830615698,-0.6862130149735162,46
3.545687489143065,2.038813269365427,1.1681649744189193,0.23244447425747117,0.009860816407062841,0.875,-0.47729985976601436,0.7464655857407575,-0.4636528584750136,0.5248797983226289,0.665348615850312,0.530860072616947,0.7047595626737813,0.010017419367369496,-0.7093755071392576,47
2.616483875671423,2.4236223117071365,0.9826022429533618,0.41690402018693357,0.01108071447079129,0.8892857142857142,-0.5556512978723298,0.6048150264964816,-0.570482619276745,0.6842715469096659,0.722419155478019,0.09941334864231695,0.47225425912600133,-0.3351258681786385,-0.8152708551241516,48
3.095840948353057,2.664103778951517,1.0590075642967647,0.6856368165367062,0.009746177886087767,0.8892857142857142,-0.5676773802952245,0.6162191371483395,-0.5459087532851135,0.3630641606589263,0.7825386859434471,0.5057841636972558,0.7388685993775757,0.08892232573464853,-0.6679565950267732,49
3.3700129466358124,3.1327436311521115,1.2671889970957078,0.376171143750341,0.008430772756189937,0.8892857142857142,-0.5466848619588501,0.6474424580431617,-0.5309933382143902,0.523973589851658,0.7591541205516605,0.3861822087919139,0.6531365392037101,-0.0671065181071383,-0.7542608145625337,50
3.5594479496551275,2.280867424742014,0.9885885969998287,0.5758491866255954,0.012731118897195502,0.8892857142857142,-0.4340682157615133,0.7707005901219075,-0.46648192296310903,0.5198891152899145,0.6371819315495121,0.5689591320208358,0.735730991510271,0.004448201049474632,-0.677259272095065,51
2.5204823863944674,2.345293144770625,1.011148451382134,0.3040347663696913,0.010942493429216178,0.8535714285714285,0.6185553027268816,-0.4788958693182504,0.6229350558592548,-0.700490178037682,0.023055411245404674,0.713289533418963,-0.3559534350742977,-0.8775689114606455,-0.32120080587785765,52
2.8281953391086625,1.8588154682118248,0.7692605598404734,0.3354038313412622,0.011801420042669084,0.8928571428571429,-0.5182945218865477,0.784163483642263,-0.3412600467450377,0.5584091272134656,0.612543179026555,0.5594373070083344,0.6477268214510579,0.09939056670565949,-0.7553618206017811,53
2.739435593732038,2.5012937623846234,1.0918440788130672,0.592380702280994,0.010462268385156407,0.8678571428571429,0.47085805202279646,-0.2627279642142511,0.8421797383368544,0.8622196000635644,0.33911117161744253,-0.3762724738144855,-0.18673525674474203,0.9033148012205272,0.38620242591728327,54
2.4690177628790844,2.2565985186376802,1.0122572300056236,0.3293437290308489,0.011040044453066897,0.8785714285714286,-0.5363117089229884,0.607480411632891,-0.5859499128376391,0.6699526449937294,0.7286525526282762,0.14222837626227475,0.513354852259146,-0.31627995040885915,-0.7977680042665034,55
4.171822020034371,2.7883671911486503,1.3952380824085198,0.3920384878693045,0.008264354125129075,0.8964285714285715,-0.4805418459965916,0.7109945276981529,-0.5133871013469938,0.6063462740443176,0.6923051263273328,0.39122603187092403,0.6335800898061439,-0.12328987648698694,-0.7637904661339144,56
3.4613284111429445,2.1451901976237293,1.2176769067934394,0.27190524489177553,0.008683800911697683,0.8857142857142857,-0.4756585568804357,0.7473127351667631,-0.4639747979405701,0.527293411998916,0.6644327680920965,0.5296137784725921,0.704067180692981,0.0072644712846770265,-0.7100962135710847,57
3.931471581944091,2.566308914539078,1.2479261030766646,0.5842232737890423,0.009871411424164736,0.9214285714285714,-0.5338395351674146,0.7424012140415572,-0.4047910424921241,0.45015101162986587,0.6547516012244096,0.6071774101715908,0.7158068296830138,0.14191820913361897,-0.6837249479838068,58
4.133935761322174,2.6499916038793563,1.1873578103849838,0.3240894931106711,0.011618212543390372,0.8464285714285714,-0.4246292606036666,0.7763409580606114,-0.46581617391060526,0.52020578956541,0.6303086793608453,0.5762784962368589,0.740996577280767,0.0023844412173455454,-0.6715045695289565,59
3.0970449334377865,2.3463011492931183,1.04928392503063,0.5200187505904627,0.009924969220079355,0.875,-0.5145647285036338,0.6229720542100491,-0.5891765099299983,0.538020960714286,0.7696050287677574,0.3438626841159943,0.6676500475638854,-0.1400497032081503,-0.7311836257871551,60
4.152318568349374,2.7174751240418216,1.4092520773556376,0.27673223423195054,0.007992622339001661,0.8928571428571429,-0.47493499324603605,0.7413483998482429,-0.47417222844957674,0.5321236088570575,0.6710823577876766,0.516229536120391,0.7009145576226313,-0.007142766171639614,-0.7132094810110758,61
2.8349626526978433,2.5870433175460805,0.973205762263821,0.7026146807826746,0.010907258098654189,0.8678571428571429,-0.5428405834255838,0.6437346234346408,-0.5393791204502014,0.3894201463172941,0.7619615713482485,0.5174616057551761,0.7440941140933646,0.07085406396226843,-0.6643068951859838,62
3.293159876638125,1.821942703727395,0.9616469817289239,0.33649243952068864,0.012527073955649096,0.8857142857142857,-0.48283275151043176,0.7789780278446038,-0.4000821993093385,0.5404219336737018,0.6245442115446387,0.5638161592491499,0.6890694215195177,0.056015711737130686,-0.7225272121971186,63
1.6221813997840182,1.5893269855037344,0.5372474845152178,0.34109319952951306,0.015365991323497138,0.8607142857142858,0.6494498831399053,-0.26218812433196753,0.7137732390254262,0.7596719377188085,0.18252481434179682,-0.6241660349554784,0.0333675940414393,0.9475980580440092,0.3177176798025385,64
2.50175539641564,1.0852607857419654,0.6498103542140463,0.10116740906952723,0.013273370997329958,0.8392857142857143,-0.4677683049117914,0.7828133825151704,-0.41036084252168464,0.562483516631209,0.6217897744474986,0.5449676778587124,0.6817661669796602,0.02409739711434211,-0.7311731730678963,65
2.7230435432591715,1.8154223151999203,0.8991456954293927,0.5444977728502004,0.012574198258387268,0.875,-0.36550995194178426,0.8057512883477032,-0.46601216331500517,0.5730152319189433,0.5893212971856792,0.5695208096920322,0.7335230187392854,-0.05886654405861544,-0.6771105603741541,66
2.945482647810161,2.210659427459952,1.0060456987904043,0.3810505400108756,0.010391382622301468,0.8392857142857143,0.6668058450421811,-0.36102777131840125,0.6519424156736935,-0.69405346237773,0.017746857748800745,0.7197046897176153,-0.2714033094475227,-0.9323861846772035,-0.23873886622001925,67
3.004824296435024,2.869985072632038,1.1760533088926244,0.41087360478748014,0.01014488645017179,0.8857142857142857,0.6055026661509266,-0.5383927789880898,0.5860885059592973,-0.060651607576001146,0.7030775320392866,0.7085219590386685,-0.7935287668273697,-0.46455914529263953,0.3930609326076632,68
4.038835014029883,2.261745258547937,1.2625755974675612,0.37449895761863977,0.008118500951249602,0.8857142857142857,-0.48049786346407075,0.7782251840275883,-0.4043357097161829,0.5181395404937961,0.6238881908010298,0.5850597763954516,0.7075685265635696,0.07161765371920553,-0.7030061819731138,69
2.7594203287698003,1.9783027968117342,0.9054422555675115,0.3612351269723092,0.011628560678901223,0.8357142857142857,-0.4461773022594515,0.7792032538860679,-0.4401909859161612,0.5816302618596938,0.6262954309569505,0.5190956286191124,0.6801706061257734,-0.0244197112147439,-0.7326469984014718,70
2.919400584865641,2.078639740967435,0.9131945024159377,0.3633215750269329,0.012447858439408105,0.8892857142857142,-0.5475311310578372,0.7342234589565231,-0.40140450027428,0.4864594113060293,0.669600730680967,0.5612415724296506,0.6808574753017823,0.11203023605006854,-0.7237971570379709,71
3.389470840271481,3.090013618001865,1.2989538035536834,0.41004651295054134,0.008573690281189763,0.9107142857142857,0.5795845530590626,-0.5584869465879276,0.5934425636455646,0.2742362320988033,0.819425030335443,0.5033260460814735,-0.7673827173318265,-0.12897654883990206,0.6280834458810155,72
2.523522243042994,2.4969904557744482,0.9035502399299279,0.3704299596354883,0.011163968577507618,0.8571428571428571,-0.5128695771205747,0.6604021856538547,-0.5484831356092681,0.5181709657925396,0.7475399384490388,0.4155513092666586,0.6844440423247102,-0.0710844118440826,-0.7255917304648609,73
2.4512498539404906,2.308615526346608,0.9752860260431847,0.36297325407481307,0.009899208808175616,0.8964285714285715,0.6393217997007099,-0.5461890056653884,0.541244128390969,-0.28114360454854886,0.4891110201712278,0.8256686281847639,-0.7156995948363354,-0.6800352785240742,0.1591417918517645,74
2.9362473781918172,2.3375529074407533,1.024615685465782,0.4154824586756864,0.011689105961092456,0.8535714285714285,-0.5468247101500789,0.71732531706525,-0.4317720762931766,0.5077657798543367,0.694171822486428,0.5101954465445457,0.6657001195569965,0.05974839213828034,-0.743823554654389,75
2.7011299144886745,1.9691901582278983,0.9031455389706378,0.3087737704746738,0.012790276470537584,0.8535714285714285,0.6742121573594253,-0.2422386420733156,0.69768073440165,0.7228544894077437,0.022796191415720358,-0.6906241530673599,0.15139139345359054,0.969948851199595,0.19047275932470298,76
2.6810347277705886,1.9813585073823876,0.9199235549635613,0.25752957541983135,0.012230332466078853,0.85,-0.4906658317776902,0.75271082091918,-0.43894585269379366,0.5381046805087878,0.6579741228200249,0.5267954123886752,0.6853396197072243,0.022281691371909357,-0.7278826360679063,77
3.0267317602607506,2.321156561442988,1.0602498934247508,0.3237921983405257,0.009962696217050041,0.8678571428571429,-0.4960325677798954,0.7023796203937421,-0.5105042218799235,0.5064293868219311,0.7116001385056692,0.48698513225957474,0.7053233073313588,-0.01697385443130786,-0.7086825244077197,78
3.2272150488664484,3.2272150456262043,1.4883671709901176,0.47697031863796885,0.007344864268858185,0.8857142857142857,0.6390464495262962,-0.5465607065639303,0.5411940773772125,0.18134453434191147,0.790835892116686,0.5845449098267135,-0.7474849799241121,-0.2754087612628592,0.6044966658365513,79
4.026652709866472,4.026249635384574,1.7372760251717498,0.7317749728872409,0.0065529810168921026,0.9107142857142857,-0.5708949960258639,0.58997415737268,-0.570972326076339,0.06286270621071412,0.7248088323604438,0.6860761158210913,0.8186129632985873,0.3557845558265371,-0.45087710759675903,80
3.640384510733899,2.197347666181214,1.100483629215892,0.5522192763584401,0.011069681878443953,0.9178571428571428,-0.4811410558142008,0.7197197917355388,-0.500506449303252,0.48467384465718943,0.6941334763606554,0.5322311352229312,0.730475563393612,0.013495865278825958,-0.6828054722284826,81
2.3708185700998543,2.0504184305260797,0.7918760016758102,0.367100777265448,0.011606481323088108,0.8964285714285715,-0.5295782995592956,0.6181842771199121,-0.5808571460846607,0.6530798477203501,0.7341234829207919,0.1858747544068587,0.5413257218509474,-0.2809108601424614,-0.7924995593163274,82
3.729952339741174,2.2593392610079355,1.3515898427233204,0.35909345319071084,0.0074168107725791,0.9,-0.4187792086130938,0.6947723804825247,-0.5847352509914526,0.54519502049337,0.7073171108242187,0.4499609920476594,0.7262137178975793,-0.13036043899099944,-0.6749961421248638,83
4.346964820750495,3.087594385764014,1.176458671931346,0.5252093916907813,0.006984268875184877,0.9035714285714286,-0.48398439541813887,0.6982041651151583,-0.5275130792763185,0.4816111430969357,0.7158375627840804,0.5055959756091921,0.7306228930416852,-0.009355614527793266,-0.6827171161178002,84
2.868530161459427,2.1556612201045615,1.0095430736605389,0.365818416342808,0.010489392911537,0.875,-0.49362730549320477,0.6921526118699189,-0.5265518446963865,0.5175878673326394,0.7203701381426039,0.46170300373991047,0.6988811650499449,-0.044627636662218806,-0.7138441644955686,85
2.5305618390311473,2.2066893274668113,0.9670524796713884,0.3708517670173795,0.01068359418030189,0.8285714285714286,0.6220003418923922,-0.5201797548967022,0.5852594273323191,-0.5919244574947211,0.17692507102433958,0.7863351422024915,-0.5125826872859903,-0.8355300963093066,-0.19785966455049248,86
3.5670218037300763,2.6870642745766244,1.089558317963582,0.2860757598930652,0.010451226907551256,0.8785714285714286,-0.5555413354531233,0.6951330289535288,-0.45624981825843264,0.4237263300054331,0.7087975977689733,0.5639698242433362,0.7154228273287673,0.11998348825911476,-0.6883125312545804,87
4.140243615796618,2.6756409867905675,1.3271757836231006,0.6985006989261454,0.011180020681192311,0.8857142857142857,-0.41340924437865434,0.7954755913397278,-0.44307040100302414,0.544550219426239,0.6059836460384482,0.5798697088629339,0.7297656166092681,-0.0015505859083727591,-0.6836956490268429,88
2.7806550582338807,1.4998282807044467,0.7332012862550836,0.096821136498438,0.015510227292713036,0.7892857142857143,-0.46700387641480234,0.7615510137054207,-0.4493856171906199,0.5294255745770451,0.6478586423982112,0.5477113660074187,0.7082485018673277,0.017867092494107117,-0.7057370803695193,89
2.914783669111442,2.914783405548991,1.1192994614237874,0.8143474752900736,0.012537170014022462,0.9178571428571428,-0.507996217594819,0.7766183589003155,-0.37256377645758587,0.5498799660241704,0.6253186044617238,0.553722553161147,0.66300216128955,0.07642360586247487,-0.744706362664079,90
2.7543632991644778,2.6757173851704965,1.1176531343583302,0.1594451582735051,0.00915053103141945,0.8535714285714285,-0.5770243921848327,0.5783040793951303,-0.5767211133456753,0.7060152178299509,0.708186764925679,0.003744085553005248,0.41059147947351693,-0.4050134537753679,-0.816932518170685,91
2.3563597050830367,2.295998937649185,0.9279351045763087,0.3907263046002786,0.01207336436758314,0.8571428571428571,0.6229477813939897,-0.5821099129218238,0.5225745027596094,0.16797129648363207,0.7519840333861395,0.6374210987172617,-0.7640168225987658,-0.3093025425218165,0.5662245420110523,92
2.3989406368276405,2.093314543744566,0.770368712706851,0.20141343014252766,0.011514389340678515,0.8,-0.535757346913209,0.6670229315280953,-0.5177301169955109,0.4689812025041306,0.7449501763930328,0.47445322887484814,0.702154325576863,0.011386110295235258,-0.7119337466127349,93
2.9761256086432395,2.510921503753143,1.1574039877233675,0.36031227347737677,0.009213135472650541,0.8607142857142858,0.5525436015800416,-0.5609856296297054,0.6164338502239469,0.7269030691203683,0.6862058848540008,-0.02708157482730472,-0.4078081613410226,0.4630514085290108,0.786940846952904,94
3.027866508585786,1.4814247902868887,0.7963423084110397,0.1913218961264341,0.016443154404327292,0.8892857142857142,-0.4450050606883903,0.7931262454255198,-0.4158380150719029,0.5590265780198546,0.6087902890625323,0.5629064478317598,0.6996140228934333,0.018031715403043908,-0.7142934104487385,95
2.967153552218934,2.538377511338899,1.0950237780625318,0.30330401923820693,0.011314186712650089,0.8785714285714286,-0.5406297679459687,0.642834498366823,-0.5426631199189447,0.37445044829169055,0.7615154532122695,0.5290378779379258,0.7533301505879344,0.08281317665919227,-0.6524075888482395,96
2.1801428496836133,2.1801428482486367,0.8030185627610469,0.2907361030307601,0.01231708564667527,0.8392857142857143,0.5369534368632195,-0.5789716700287325,0.6135738031768607,0.38737784577362355,0.8153208350727005,0.43033747280493834,-0.7494127108907103,0.0066137130641376884,0.6620701228381642,97
3.032395861678387,3.032383754080549,1.113388003423268,0.500970019273216,0.00990552442594272,0.875,0.6346814638871039,-0.4935437243084985,0.5946377313909871,-0.678403917506193,0.01264086310609577,0.734580379054725,-0.3700642702428503,-0.8696291167938375,-0.32679907453050855,98
4.0845170827547275,2.335120390761297,1.348811625523073,0.2935158696763824,0.009439234854808501,0.9071428571428571,-0.49422176069302753,0.7555524710602046,-0.4299829237682614,0.5273360684946053,0.6537751077400271,0.5426737319643994,0.6911306114781322,0.04145566275353099,-0.7215399544748224,99
3.9223517436979485,2.4253061495779518,1.1467588343601376,0.2935189143463444,0.014084829360086213,0.9071428571428571,0.4549636299532398,-0.6154192395298029,0.6436359646852641,0.7059020596647411,0.6898543190624159,0.16063405813216217,-0.5428723400403154,0.38126129896370226,0.7482843338809537,100
2.6902414163871935,1.6084321243191055,0.8945940420253088,0.2744424286114003,0.013401962320902926,0.8714285714285714,-0.629392351623685,0.7353568525552089,-0.25122811768929193,0.5018663222435217,0.6314809644907706,0.5910685121739846,0.5932920548223863,0.2459310693790093,-0.7665001283748931,101
2.693154595255325,2.159862021744203,0.8780310655443251,0.21626406849508606,0.010843430598703024,0.8857142857142857,-0.5290139162085576,0.6730349312339066,-0.5168832148528871,0.5105604328425213,0.7389471102762758,0.43964214155378556,0.6778438764740318,-0.031323306870638834,-0.7345383104871694,102
3.8782626668192157,2.9244527754205114,1.4692306654964031,0.6042759483817483,0.008162893691237797,0.8607142857142858,-0.39980703288567726,0.7524597417799372,-0.5234106164911265,0.5421582543568644,0.6545669340964715,0.5268838164341956,0.7390661429722434,-0.07311953082464179,-0.6696527238234127,103
4.475860529242475,2.8144577733862306,1.5615172720869386,0.3325399033866942,0.0066559231612921595,0.9285714285714286,-0.510136464586348,0.7241774083797682,-0.4640343399918848,0.5020432903944477,0.6887830992971091,0.5230013161480428,0.6983647485871963,0.0338367154882277,-0.7149417840745572,104
4.782127000662077,2.804289460195239,1.5268644538856142,0.5505209628786757,0.008206529458743124,0.8964285714285715,-0.5129188382035,0.7444702685672588,-0.4274088027116023,0.5056559676823766,0.6643672241985107,0.5503891657345421,0.6937047698864203,0.06618315971725372,-0.7172122988395204,105
2.3270187441915366,1.6050255264383475,0.6255159114118085,0.2193769789409112,0.010740930968520015,0.8678571428571429,-0.49861405445583123,0.7506120534905084,-0.43354996235022275,0.520919276746814,0.6592407152523673,0.5422589662394928,0.6928399034500636,0.04453340890061472,-0.7197149739160615,106
2.9070509384375187,2.0012041215171217,0.739663447629724,0.32215032016515727,0.006878040707489067,0.8892857142857142,-0.4594914795821144,0.7660441817118486,-0.4494929274825841,0.5153115670816919,0.6421260885362854,0.56756327863323,0.7234096826994025,0.02916158580247097,-0.6898028942315586,107
3.3024386473743834,2.652016283432913,1.3332256983923798,0.3538151153409627,0.008572733563457688,0.8821428571428571,0.5061203242683253,-0.6090092978696665,0.6106962358413724,0.7687108612574448,0.6395960014754747,0.0007527824532765481,-0.39105732207358385,0.4690678309209452,0.7918645975466746,108
3.402941608424625,2.3618483391127056,1.2195899088068336,0.30033905270645606,0.008544543682000182,0.8678571428571429,-0.49089032266086663,0.7296969088361008,-0.47599276502164345,0.5040270808526635,0.6834989320865092,0.5280018102277152,0.7106218353562274,0.01927773512735803,-0.7033100141781763,109
2.569783774746221,2.569681468233292,0.8362334380735873,0.37662575778660595,0.008849092293382542,0.8642857142857143,-0.537062655453855,0.6157024726657521,-0.5766057312151283,0.6781998976456167,0.7216357595747807,0.13887666951797392,0.5016060236384019,-0.3164684749800654,-0.8051329712497576,110
3.066293167258295,1.8767622583279167,0.9873509187979749,0.5107730199834553,0.011290795915068626,0.9,-0.29708893045670937,0.7856426087452011,-0.5426820972946531,0.5878652326508587,0.5983538294057741,0.5444145140201514,0.7524311500997551,-0.15728441168622115,-0.639616274183263,111
3.180228291293188,2.360340561575599,1.1896573728685647,0.2390125672946652,0.010128221814758679,0.8642857142857143,0.6812058304644885,-0.1933945739654339,0.7060857988247001,0.7240013291118091,0.03497146147384069,-0.6889115126971807,0.10853889618712982,0.9804975959394864,0.16384069204983076,112
2.706032323199065,2.3803527161921894,1.0270489523609674,0.4196848412269649,0.012038855050628848,0.8392857142857143,-0.5684630010362578,0.6892826415562135,-0.4491539340828931,0.4746266563520222,0.7206970271367937,0.5052972710754403,0.6719965427983621,0.07406237320985612,-0.7368415103274062,113
2.571945696901683,1.6574769331138004,0.6882943597778031,0.2735425222827797,0.012460724405030103,0.8714285714285714,-0.47534516032380936,0.7472039258274343,-0.4644709590327494,0.5018208264720375,0.6638957308138894,0.5544531691008834,0.7226498714285177,0.030475430024229422,-0.690542114203895,114
2.4004079693647125,1.8315440144577118,0.819040793238645,0.47428942392354045,0.011296456665670895,0.8714285714285714,0.6671286884294604,-0.4206272257076302,0.6148268455979214,-0.6841944965358823,-0.01952694748159785,0.7290381260483306,-0.2946475928705319,-0.907023392926309,-0.3008178197847463,115
4.228060407505519,2.909560065497164,1.483276624569575,0.4926971682960059,0.008909465319074264,0.9321428571428572,-0.47874077608906773,0.7099961611514856,-0.5164423689626857,0.5603508675762338,0.6999399297475634,0.44282163446645006,0.6758802959964134,-0.07739215654786857,-0.7329367500601065,116
2.349009737731897,1.8180510131640757,0.7372595768406136,0.4380573849489911,0.0153643328424627,0.8142857142857143,0.6441882294057005,-0.4581027312447616,0.6125058470914693,-0.6929981099864554,-0.010674534788441227,0.7208603705727283,-0.3236898896325763,-0.888835160158024,-0.3243407365973484,117
2.400665077725658,2.4006286379458026,0.8551041070977876,0.6023453218249252,0.013176841458564079,0.8821428571428571,0.7165587763476136,0.21390252291630485,0.6639195965847449,-0.6691495467855011,-0.057927582096052234,0.740866573189305,0.19693248608589026,-0.9751359422780729,0.10162425892219754,118
3.2027261812298984,2.508134109596706,1.1888337385580532,0.5000532207927112,0.009768357991799346,0.8785714285714286,-0.5762005536215734,0.7174247080920738,-0.3915286837834426,0.44225570117584306,0.6765396308347683,0.5888157799239241,0.687315660220001,0.16612018579618226,-0.707107677152063,119
2.7727065955010506,2.1681815682664287,1.0455815985076833,0.49916490657326995,0.008805505273822803,0.9035714285714286,-0.5420943061809363,0.6062399123414206,-0.5818994173312737,0.4791925298246867,0.7918672085349849,0.37857739421052,0.690295793530879,-0.07361720404414551,-0.7197723422737892,120
2.9465957147766972,2.695438313874233,1.1026645153487524,0.5583265637856301,0.010957922995450268,0.8714285714285714,0.5689011145276347,-0.5205906791715728,0.6366607154905161,0.7069752454940487,0.7050812360030704,-0.055194681763846835,-0.42016368732655235,0.48150368160177487,0.7691662242039052,121
5.872956423140338,2.4084202553821457,1.7132143564651392,0.2863258821669255,0.007468643809462505,0.9107142857142857,-0.4563091718978875,0.7776918745766752,-0.4324087046525326,0.543774327262841,0.6283671635386031,0.5562950555202654,0.7043375757772043,0.018709783640314198,-0.7096185759578337,122
2.2919767031271294,1.8491010466614837,0.7931219790481447,0.6839963538689797,0.013873022773833189,0.8571428571428571,0.694409218899881,-0.5691942410043406,0.44024283380237966,-0.5281859253599012,0.012309311299093828,0.8490395215224359,-0.48868749212412005,-0.8221109395104985,-0.29209268765000496,123
2.4312072996183707,2.391778597134566,0.9008442825434109,0.33174667151902254,0.011097546780267541,0.8535714285714285,0.579349654138077,-0.5685353297383143,0.5840561249481393,-0.5205673483422784,0.29328880553122055,0.8018673907760303,-0.6271870646704852,-0.7686021437580147,-0.12604416099369478,124
3.639089198667122,1.8801854633011592,1.0089638850883746,0.2952753156203908,0.013093563325769657,0.8964285714285715,-0.5204192470697427,0.7714094152430949,-0.3661848185734471,0.5191287898497643,0.6263020838339146,0.5815935000792353,0.6779890167462016,0.11257536968450291,-0.7264004951209189,125
3.2007242368140814,2.2137729062636438,1.0522071746584358,0.45832290597692477,0.011412891825240282,0.8357142857142857,0.6745310324736234,-0.3519297469786596,0.6489632804878903,0.7175300057126741,0.10574572893182879,-0.6884537251803101,0.17366225016403936,0.9300340284119785,0.32384892907611995,126
3.738151381616713,2.4805997373679536,1.1775585973167881,0.49101986808986686,0.009122144622435248,0.9214285714285714,-0.4303012938782219,0.7554719312302292,-0.49406776621228404,0.6169651942278629,0.645674234135215,0.44995414486953994,0.6589345533496506,-0.11120676461965623,-0.74393434515737,127
2.7808102280150115,1.9627416520445973,0.9770463930655962,0.31992729882403137,0.01149684195636708,0.8642857142857143,0.644569704432417,-0.3427052419254259,0.6834347176466395,0.7557827523336024,0.1506625949997068,-0.6372544340708811,0.11542238692277704,0.9272830741606307,0.35612325530953337,128
3.079091330457553,2.2035237484248347,0.838158130246214,0.19976820130392042,0.00886586732648497,0.9,-0.47689878516174283,0.7420667740910537,-0.47106735346588274,0.5150409036619126,0.6702145960783847,0.5343643539370942,0.7122502483441999,0.01221875581164597,-0.7018192685727864,129
2.475211753281323,1.9365671778503784,0.8331262656131488,0.23997550652133687,0.01111956964501688,0.8178571428571428,-0.5576921181007473,0.6311464206875906,-0.539104532592284,0.3916448908304555,0.7727269228715362,0.49950713924416273,0.7318427296179846,0.06743365867821322,-0.678128985357924,130
4.228374871633144,2.4242035720208666,1.418616486406107,0.3989650843168575,0.008830985538940862,0.9178571428571428,-0.4386551463581639,0.7770066284236203,-0.4514890496559755,0.5480151142093702,0.6294658492186078,0.5508649374080619,0.7122226457868277,-0.00578308336918526,-0.7019298104334624,131
5.0829371458126715,2.866563016608966,1.541196806491807,0.5595167090972237,0.00893646179029037,0.9,-0.5180676892213135,0.6805782886254753,-0.5180917509828812,0.6209833451431114,0.7158145790178329,0.3193574384923486,0.5882053675713611,-0.15627757842103263,-0.7934681871651176,132
4.012812582294858,2.8040703307984938,1.3378887774034127,0.4851606523718705,0.007772335354165959,0.9178571428571428,-0.43575129520812056,0.735486042709307,-0.5188266470645555,0.5920919277664127,0.6683834712939957,0.45021182167380003,0.6778996664686436,-0.11101268522467114,-0.726724312185102,133
3.9850050090207216,2.3592709818319038,1.3416709194862162,0.2814720621277068,0.008239444722395114,0.8714285714285714,-0.47805691200341155,0.7248517037490101,-0.49603588222821116,0.5212484040450504,0.6886796890753446,0.5040043522982462,0.7069382506034387,-0.017615147664554492,-0.707055879267336,134
2.5759461002595843,2.2929159465384865,1.0015909416683209,0.3970006330306846,0.011629723764602374,0.8964285714285715,-0.5169862573414428,0.7648204990609937,-0.38441489817146796,0.5341839759131319,0.6391709985790504,0.5532702002214632,0.6688592449818765,0.08068481140556844,-0.7389974774048433,135
3.0774443623817485,2.1531581565114832,1.0112809897929704,0.44808904658867427,0.010435330913587384,0.8821428571428571,0.6715552020510757,-0.16875770932479306,0.7214807316495622,0.7397176785158274,0.09645827482419694,-0.6659681353556601,0.042794470312108784,0.9809264176080632,0.18961011721244647,136
2.517952373733406,1.9337397173210154,0.8854975143279212,0.3008411120135834,0.012093751478487248,0.8607142857142858,-0.43919684190206404,0.7728614065585256,-0.4580298901989157,0.547572788546653,0.6344758491276656,0.54553133559583,0.7122290188601528,-0.011209064461634,-0.7018576647493415,137
2.7445193329012327,1.9684570819341924,0.8654834470585313,0.43864176095828494,0.013326095459373993,0.8285714285714286,0.6705494880444205,-0.32009529906938217,0.6692550960560916,0.7218842420654009,0.07357250396451842,-0.6880917291452154,0.1710161546200451,0.944524264470783,0.2804057572249527,138
2.169649154318916,1.876092841342994,0.7490908606541535,0.48738075025956046,0.013534967917248253,0.8785714285714286,0.682234773469842,0.3496320181195768,0.6421161622122475,-0.5737949191674186,-0.28825034130011035,0.7665971115768866,0.45311709811726264,-0.891442198151962,0.003962669275778596,139
3.4591351524800293,3.459135152329757,1.373109152428583,0.5519143596083753,0.008031241572725532,0.9178571428571428,-0.5777976719251658,0.5919254298962088,-0.56193783976526,0.5941950872216255,0.7770740105570154,0.20757692655620583,0.559537352318452,-0.21396323880289364,-0.8007107366592712,140
2.6829053533592444,2.3420158507930005,0.9016933642582188,0.6331391577338833,0.013188442500822494,0.8678571428571429,0.5827191000573526,-0.4619672093090948,0.6685990935916052,0.7428767835967677,-0.03077566332279598,-0.6687203772429573,0.3295034670853559,0.8863628805800754,0.3252511477435873,141
2.727352325781087,2.0397397327935725,0.9189649107027394,0.3523847649264337,0.011264662529101854,0.8678571428571429,-0.5429358132658998,0.6938763336903705,-0.4730288957534261,0.44822608653362056,0.7157790081399202,0.5354939652853125,0.7101507431694002,0.07871496078028448,-0.6996355314914381,142
3.7808188153927236,1.5893153549470382,1.0161168573885233,0.22387348070359836,0.013059714236202186,0.8607142857142858,-0.434801010773942,0.7974520157913068,-0.41835196132005864,0.561326019245017,0.6032727063644933,0.5665466811077466,0.7041741128076928,0.011503228505136576,-0.7099341480626618,143
3.442719220400448,2.414609219290284,1.2120527563342487,0.469280047674376,0.010285567572870963,0.9,-0.49173848182981383,0.7088712817897468,-0.5056627051122825,0.5488595988858254,0.7031690104472994,0.4520027471791036,0.6759781107392462,-0.05527068481869121,-0.7348460690519288,144
3.2721271560531826,2.676405928628204,1.1985146595699887,0.35752925308527467,0.008151824028362866,0.9,-0.48534654003156086,0.6390040847085295,-0.5967516366171164,0.6234761008365759,0.7314477436161358,0.27615530059096044,0.6129570031943615,-0.23802936391268664,-0.7534094067307029,145
3.6267921841126034,2.8621718507544873,1.19272502809966,0.5222874123802336,0.008103215045625991,0.9285714285714286,-0.4266651640818559,0.7372652326015666,-0.5238289936190634,0.5309994214451397,0.6730655437513251,0.5148032519707507,0.7321177857311827,-0.05850427857593907,-0.6786610326255509,146
2.6956892850357015,2.694962457393856,1.0691611153604046,0.6816851376089279,0.01081138615562943,0.8678571428571429,-0.4407370574795298,0.7400656742970609,-0.5079898068775811,0.47733614928980883,0.6725002776165873,0.5655913517609605,0.7601980312691312,0.006795169817577218,-0.6496558927014264,147
2.5556190875380493,2.226737034410577,0.7859538333811278,0.3791204819260437,0.010755050370434812,0.8607142857142858,-0.5154586409767885,0.7701833228591755,-0.3756594716388251,0.4918469613127168,0.6248978198391139,0.6062914162412075,0.7017043224106638,0.12775117983768838,-0.7009213079656442,148
2.562423698916655,2.036003915052224,0.826751095749119,0.6837083207978811,0.012744476028005491,0.8785714285714286,-0.544662967939291,-0.3184627618422623,0.7758374318601554,0.5293025886385179,0.5870406405249342,0.6125537168548068,-0.6505236513887305,0.7442880864906232,-0.15117613334121185,149
2.777535885114676,1.8242084323694758,0.956260194121977,0.5200687111234604,0.01188569337330639,0.8321428571428572,-0.4777255922429109,0.7775207829883242,-0.40894949631633415,0.5128007956554317,0.6247701294451962,0.5888103509010258,0.7133117148142993,0.0715801465090446,-0.6971819562599333,150
2.654665474990471,2.311686322148871,1.1562061582699823,0.3991129506060851,0.009324363737206352,0.8178571428571428,-0.5764093971137793,0.6145199009525586,-0.5386255640537193,0.531322454091654,0.7826338155158575,0.3243158346259291,0.6208451149014156,-0.09924516181833962,-0.7776257076246258,151
3.856606327920797,2.5940792856336357,1.2473879864401416,0.425171158933142,0.010308897532539689,0.9071428571428571,-0.48445638333815294,0.7368129021168806,-0.4716023323914086,0.5029078575743904,0.6756719030277886,0.5390279828067774,0.7158112177333165,0.02396302845858264,-0.6978825645008191,152
2.630056724532745,1.9747257171347217,0.8762679183744798,0.3951161017441045,0.012990676069232937,0.85,0.6538341032813408,-0.2556476512920344,0.7121413088532018,0.7468766983819596,0.06736895211557627,-0.6615410960060701,0.1211452136914549,0.9644198788285709,0.23498539214158853,153
1.8522173232747743,1.7513645202317298,0.6663485001522212,0.2004778820483431,0.014798054458066673,0.8571428571428571,0.6182843244572183,-0.3968892859071875,0.6783829220009626,0.7739024040999285,0.1568565613437708,-0.6135723984109446,0.13711149863826966,0.9043643700939853,0.4041355255921918,154
2.8905318791443237,0.9969301569389966,0.6368698512428568,0.1366721563699562,0.01396072760125945,0.7892857142857143,-0.41029035288722443,0.8026588119013927,-0.43289797643870054,0.5829348541049363,0.5958836262705364,0.5523673232662594,0.7013193154315183,-0.025720334751330953,-0.7123831007140371,155
2.6179120447865323,1.9141745804951538,0.9086465712734522,0.7072397596053033,0.011776976271306815,0.8892857142857142,-0.36272502299506804,-0.25250568022005615,0.8970348037561497,0.6757046898962751,0.5916324069139075,0.4397661505180172,-0.6417583110061031,0.7656448109573155,-0.043980606052333504,156
4.887337971267323,2.937376108720655,1.7031169662027839,0.429007389807396,0.007097750579654505,0.9107142857142857,-0.4008569261946735,0.7568517703314508,-0.5162258444401121,0.5536432099317966,0.649073640946231,0.5217112273329183,0.7299266544099994,-0.0766733746156518,-0.6792115081525586,157
2.313007507553121,2.0369221816897967,0.7577122146711326,0.3786687985960204,0.013266585779848199,0.8428571428571429,0.6088092411053277,-0.5200870149717939,0.599049918456287,0.7326251312932922,0.07892245188068372,-0.6760411700382066,0.30432174575971604,0.8504591368471917,0.4290775356632977,158
4.498467954985048,2.5942263611044933,1.2549353279567728,0.5997097082436793,0.010175700604637104,0.9,-0.5596273157212238,0.7547613540048604,-0.3422755702637972,0.5103381072869059,0.6392610419601722,0.5752393732028549,0.6529718858798411,0.14724339962370037,-0.7429314218134666,159
2.8448366899586075,2.4249460130502993,1.0453162450235485,0.29888128555401755,0.009691862568818979,0.8642857142857143,-0.5464177630997671,0.6182695644465966,-0.5649516562043715,0.5453597604564518,0.7746120255021154,0.3202482499911463,0.6356180927600538,-0.13311256750031458,-0.7604411118091564,160
2.8165168240761695,1.7847898471454569,0.7823479971817597,0.28218400636891633,0.012347558149029835,0.85,-0.4537628531610195,0.7807612824363391,-0.4295475444459369,0.540934545759584,0.624393568847456,0.5634913383414245,0.7081589442314794,0.023334331580318557,-0.7056673569569845,161
2.696025459740772,2.297530843383098,0.9807507806440924,0.4410424482154592,0.010417658320913282,0.8571428571428571,-0.48624160108531184,0.7256129349070178,-0.48688291618172064,0.510099742172805,0.6880982895650893,0.5160610399292281,0.7094838676173196,0.0025714963002998192,-0.7047169850355157,162
4.569253002402396,2.831686074769374,1.4470494155448577,0.40005434811381807,0.006898913487113102,0.925,-0.45138205536195597,0.7485847485008872,-0.48566975859021694,0.5820411324289699,0.659544338146714,0.47563577050030137,0.6763744231252528,-0.06798632458426071,-0.7334135936915167,163
3.3581361974824193,3.225082048892782,1.314544892809351,0.3778635450416319,0.009355323147694139,0.8964285714285715,0.6112939304028533,-0.5689253276679673,0.5501306228438182,-0.15167967300504936,0.5980219643922693,0.7869961924313819,-0.7767322623978694,-0.5645296286664742,0.2792727894156176,164
3.527948800180982,2.124961036336097,1.0729212639233157,0.2744280981658826,0.010090181184256721,0.9,-0.4576652879642348,0.7479109286647848,-0.48080321023927564,0.549242304633119,0.6630605311106724,0.5086094994045365,0.6991962349683486,-0.03130455026049925,-0.7142441110286271,165
2.296673770169196,1.9715961281280256,0.8436382073942296,0.34576406812321636,0.013556057664863723,0.825,0.5740412272074715,-0.5246584005687431,0.628657483991711,0.7828024723740077,0.5768518344104255,-0.2333714857956472,-0.24020191238056576,0.6260794868464988,0.7418406280588464,166
2.057137749903832,1.548983633369997,0.5628329584016019,0.3196758030814371,0.01167977748694168,0.8571428571428571,-0.6688709525388558,-0.09939436633532642,0.736703745606443,0.5920618974786995,0.5280500837475394,0.6087904554180679,-0.44952681611188183,0.8433764693154626,-0.29434974537325287,167
4.747191925103822,2.17223645804198,1.427411507104896,0.21618698228644462,0.007917334037228635,0.9214285714285714,-0.47279584582331374,0.7679682305903824,-0.432075091825593,0.5356235155605987,0.6398248464547287,0.5511185130602018,0.6996938886046686,0.029136963861392445,-0.7138483729660084,168
3.585123338779635,2.8279311277145247,1.1727431035123588,0.5649679880401478,0.011451126963694287,0.8571428571428571,-0.4848912080200582,0.7383989398363096,-0.46866568258563895,0.5247753238730868,0.6743378436057496,0.5194991165873573,0.6996366027008205,0.00595636884031675,-0.7144740343997762,169
4.275168411419142,3.0239997612081404,1.6738303503149532,0.5904250382744621,0.008648617245920552,0.8964285714285715,-0.4819576216230497,0.7325111950380431,-0.480774583462345,0.5688571252290678,0.6789322924767224,0.4641686259415031,0.666422105002208,-0.04978244044078625,-0.7439108055326161,170
5.5649991516999195,2.482982086884407,1.2854721473516917,0.2414702947466782,0.00903400672545921,0.9178571428571428,-0.5869430136790659,0.7426854116201996,-0.3223604784396972,0.4690431787022777,0.6364552932136815,0.6123096898246425,0.6599215068522916,0.20818991115522711,-0.7219145141129797,171
2.4140228868953435,1.6660029914177275,0.8113563773643208,0.30909159189225993,0.013047393237571437,0.8392857142857143,-0.49138802482124583,0.7639958948043566,-0.41814839684538446,0.46833960689455095,0.636579341747635,0.6127191479576963,0.7342995449243668,0.10524739608293504,-0.6706170024251022,172
3.0401901032402447,1.4317688429200743,0.8926232191602346,0.29610035617889013,0.013219621034583077,0.8535714285714285,-0.3298694416801586,0.7972497192922153,-0.5055482534181127,0.5783646063093164,0.5939251620583927,0.5592381282088885,0.7461102690717303,-0.10791564744000628,-0.6570187816366548,173
3.5654530128286175,2.396837430354711,1.1769716417807843,0.6362472850750764,0.01265797439942751,0.8857142857142857,-0.4016743570455685,0.7887725787303308,-0.46529080147272767,0.5402011887342244,0.6143484790749569,0.5751161812611588,0.7394865695752426,-0.020341221728088915,-0.6728639150054405,174
2.282550801315839,2.139267231486172,0.8421047974899045,0.29532838266755657,0.011638100284736703,0.8464285714285714,-0.5583492789850009,0.6239957632995501,-0.5466949515416634,0.326341657444797,0.7710570872130829,0.5467834039861297,0.7627235444596636,0.12688678277381055,-0.6341549803354062,175
4.565293344126046,2.4287145606617795,1.2017359889272865,0.4273744041872693,0.008518859694402239,0.9,-0.41924087284059397,0.78358284473408,-0.45851392124809415,0.5660808716940267,0.6204620358696149,0.542751608700208,0.70978133058146,-0.03201230205685571,-0.7036943052739824,176
3.338941338021451,2.016581750361448,1.1207055066674254,0.40331696273952294,0.009723818469913985,0.8928571428571429,-0.45801450920498976,0.7221016725769664,-0.5184514286018121,0.612853044515809,0.6789634716609317,0.4042520871657176,0.6439206901361504,-0.1325812151538923,-0.7535173297296494,177
2.21228264483096,1.933451605124654,0.7982779599323149,0.46991120670024517,0.012741860264973502,0.8464285714285714,0.6282586269180462,-0.4947114906067815,0.6004595230027313,0.7081026447366874,0.6833329338097877,-0.177895323400637,-0.32230690687597746,0.5369512479103897,0.7796163256035082,178
2.6451843653563145,1.252869983375201,0.821429962850048,0.21853556876078234,0.01308227083538333,0.8571428571428571,-0.4566430640417686,0.7790264689170648,-0.4296450544218503,0.6343606983426465,0.6237154994136656,0.45668969792342756,0.6237496424534246,-0.06400575378644566,-0.7789991315922334,179
5.569234557840049,2.6787942079382336,1.4114026332887901,0.3962341296292284,0.00874421116952329,0.9321428571428572,0.3942090765039536,-0.6442478410340362,0.6553960049656111,0.7104808734411427,0.66598992824181,0.22731991543808827,-0.5829375030620443,0.37603475212199733,0.7202650433835708,180
3.8850773796062867,2.7770819239289324,1.379561142390684,0.6568485667506727,0.008397660242106727,0.9321428571428572,-0.485940636003368,0.7590373379532027,-0.4332712982342099,0.5587362245757983,0.6510027241226685,0.5138183380647754,0.6720680989508616,0.007600840596953318,-0.7404503343201314,181
2.280010329295856,2.1230035588206104,0.7776164534579574,0.27661571371103627,0.012830717214358543,0.875,0.6277810048008738,-0.46395298648514116,0.6250109089789742,-0.6982979926932507,0.019075615090709624,0.7155529570265837,-0.34390539892793487,-0.8856544175017869,-0.3120021303577725,182
2.994945921557427,1.9271599807892328,0.7964606907436189,0.36869369415992553,0.009432830648599332,0.8571428571428571,-0.5506996270452573,0.6966453467435848,-0.45979906658531294,0.3740750491919777,0.6984169045146147,0.6101489040064262,0.7461888355799985,0.16400941542708505,-0.6452155711907703,183
5.085734164370229,3.011299213764808,1.3455704485308777,0.5240833639200851,0.009040830493502721,0.9107142857142857,0.4473077509697119,-0.560369041260177,0.6970669361830099,0.7489809211994298,0.6606654482982514,0.05048509784207704,-0.4888183257629277,0.49950746042678956,0.7152264965563759,184
1.9015703677262876,1.9015542717819123,0.6086411153141413,0.3047876967076164,0.009810036225550961,0.8535714285714285,-0.49618246087683116,0.723578202934774,-0.4798307511570043,0.5118796294298292,0.6901940367993957,0.5114796540834592,0.7012718520609484,0.008171646360277146,-0.7128471180433922,185
2.6017049754822725,2.600492763438267,0.9862856651556128,0.507090548382923,0.01063134881454715,0.8785714285714286,0.7078210092915647,-0.4367656636008355,0.5551803075621401,-0.5286137982348447,0.1938283444662264,0.826436945687457,-0.4685689609024498,-0.8784454040979459,-0.09368458196520268,186
4.705499199282836,2.962805609174394,1.5832951865106022,0.43314233414623626,0.007707770963942934,0.9107142857142857,-0.45927986530759995,0.7614664510976451,-0.4574175873048505,0.5418477750479729,0.6482008198623658,0.5350109212019117,0.7038913225765709,-0.0021309581212361206,-0.7103044875395983,187
3.762482681987394,2.791081851978257,1.3811215645492863,0.4068172814872894,0.008160792446480684,0.8892857142857142,0.6396961024083546,-0.424248460570837,0.6409384839958003,0.7289140605861143,0.07026804004293048,-0.6809894968561465,0.24387125464765697,0.9028153998751904,0.3541908594314336,188
2.5983950524827386,1.8256407690497802,0.8639773708760646,0.48563869304241586,0.012488711750503402,0.8535714285714285,-0.5722462448027384,0.7041450401703826,-0.42037364060156635,0.40285019377438974,0.6878540828512564,0.6037950662938492,0.7143150262209953,0.176171856743089,-0.6772868817617772,189
3.071513065792253,2.8531977461993847,1.2886211524104958,0.5614754604683552,0.008477203616414127,0.8535714285714285,-0.5471992161987337,0.6521049605674153,-0.5247210098660633,0.31346672469477255,0.740942185596448,0.5939219562473596,0.7760873857373428,0.16051105260052545,-0.6098561893532345,190
3.0827573179251675,1.8217902681527223,0.8952252417609073,0.29883334741191164,0.0112796700917041,0.8571428571428571,-0.47049957676932264,0.7693389560867551,-0.4321431694557144,0.505220582082164,0.6363884527010242,0.5828909852702783,0.7234516650754546,0.05592233825707216,-0.6881063728693508,191
2.486167122794764,2.3010505367468315,0.8422635705528437,0.5267071535493676,0.011985468930312082,0.8821428571428571,-0.46494902835321467,0.7389383220484618,-0.4876397822590007,0.5160399833225824,0.6737488208126484,0.5289284092067608,0.7193921994613444,-0.00571687517526745,-0.6945805789772702,192
1.9103645734783756,1.8797473266801659,0.6845313259142581,0.4294196886877258,0.01360698185458513,0.8392857142857143,0.7489750223250367,-0.41336396996010716,0.5178480899569202,-0.29389113093468566,0.4932130261896309,0.8187605962397054,-0.593855554062722,-0.7654221966572998,0.2479202326821504,193
2.3144304920591994,2.08518513169568,0.7364831786784736,0.16881714897610617,0.011991182153743228,0.8535714285714285,-0.5587995824573334,0.6111229946619727,-0.5605994220839798,0.10107998047423541,0.7211395601492395,0.6853762268528794,0.8231195928860143,0.3263225707534553,-0.4647447854726486,194
3.017656059422456,2.0492208553504625,0.9683605084570825,0.3169568077258927,0.011012034584476438,0.9035714285714286,-0.4830264939830789,0.6364069105089761,-0.6013914285777897,0.6658374440170475,0.7130064650079715,0.21973228939252765,0.5686351240077065,-0.29429241429784836,-0.7681445636281519,195
3.0661251557354876,3.066125152706064,1.2581517883434938,0.2947058173723576,0.009696711909372456,0.8357142857142857,0.6256550451664087,-0.5262559081892825,0.575856304605318,-0.6677001802025069,0.020470623158554867,0.7441487908644617,-0.4034008351693872,-0.8500798037145537,-0.3385736160737676,196
2.517368649048339,1.769982168525496,0.7368435415909025,0.21901278143568123,0.012085517678975848,0.825,-0.4582837638111229,0.7641790115733775,-0.45387931226026,0.570643302227685,0.644489084698958,0.5089204666021817,0.6814266016599249,-0.02577320264606467,-0.7314325181283445,197
2.4320127817659443,2.16715547903264,0.942486968825573,0.28012471425148217,0.011264898398698724,0.8535714285714285,-0.5497611700527336,0.647962412901909,-0.5271692018399646,0.4685132625452062,0.7616717697704772,0.44760634262033866,0.691561984728409,-0.0009091760254119896,-0.7223165474204913,198
3.210098781421849,2.302245561694752,1.1701658969777502,0.33501545133916,0.007375829591100468,0.9071428571428571,-0.5047596908715524,0.7085021223623658,-0.49319610407958236,0.48657747007072677,0.7054204155771084,0.5153876239361891,0.7130638260989166,0.02016878516527265,-0.7008089611400037,199
3.783839201668325,3.2110383034905516,1.0948065694591926,0.35716619692035845,0.006744691841950011,0.9071428571428571,-0.5166984046033156,0.6417496562881989,-0.5667275688850568,0.7163781147627245,0.6865512535830335,0.12429711538314134,0.46885515393284627,-0.3417671061666757,-0.8144753463261262,200
3.463685040193703,3.0473954276304447,1.3925006103275421,0.658597619746553,0.011002876432171184,0.8785714285714286,-0.46938157324081126,0.7890872034128918,-0.39626042460988,0.5056279460515183,0.6081028567286457,0.6120059606002077,0.7238931681358125,0.08690397602228336,-0.6844168175007205,201
4.690432604954566,2.853989531715075,1.2878838936385417,0.3760344692389524,0.008572831908613882,0.925,-0.5402920684912094,0.7392447430771344,-0.4019971275498269,0.46041796731283907,0.6595805045151999,0.5941118189692811,0.7043435071760112,0.13590720325389638,-0.6967276770752691,202
2.319192355600073,1.6011124204166611,0.6993332246446483,0.3332351434410344,0.015289009017594722,0.8678571428571429,-0.6583232403069712,-0.0646399135977025,0.7499547938654779,0.592814450635004,0.5694562731567833,0.5694651702085962,-0.4638766413498833,0.8194761952201349,-0.33656682408918914,203
2.3533093931504,2.2352807940243142,0.8303466728504325,0.4649363749072884,0.013616941220340123,0.8392857142857143,0.6019518682362326,-0.48521862751549244,0.6342056699832407,0.7962126017316224,0.30421215110491273,-0.5229727143588686,0.06082303158072788,0.8197669489751974,0.5694582585205226,204
2.9977951561037965,2.535135828077899,1.0985602936330179,0.3254935100767551,0.010550108535076331,0.8535714285714285,-0.5416733932220621,0.634084867683788,-0.5518390305602988,0.475705678214317,0.7724869971236906,0.4206755840187067,0.6930324976434756,-0.0346441892567326,-0.7200734249788626,205
3.6076082395258573,2.0512642785667574,1.1428109929119619,0.3469615319683537,0.010407306846579338,0.8892857142857142,-0.49225608148965616,0.6717837846091943,-0.5535255160989387,0.5978232342215168,0.7231269660908293,0.34596932167057537,0.6326858073810209,-0.16060491165721003,-0.7575716015600145,206
3.96425882989582,2.0107483423167203,0.9866445465437186,0.444580539806442,0.010895778185100093,0.9,-0.49884172971455026,0.7709187943715705,-0.39603174264202623,0.49644036830323196,0.6287171273669183,0.5985496925689976,0.7104251469467753,0.10197541978425276,-0.6963455495265827,207
2.6316329432009393,2.6315941906013385,1.0667138100579638,0.306063913871004,0.009610410712864809,0.8785714285714286,0.5708104348612114,-0.5265255372049408,0.6300367498206777,0.8164702918488651,0.4451922101490045,-0.36766854441313557,-0.08690057526727807,0.7242753307228497,0.6840128180995755,208
2.512154327947198,1.8743853049538863,0.7761290093669195,0.3083596383310477,0.013599909879262304,0.8392857142857143,-0.46981708153183926,0.7340479556630103,-0.4903524331415727,0.545114429701489,0.6781573433317174,0.492902501734864,0.6943501770951928,-0.03572417209988976,-0.7187500365882787,209
2.211765507850876,2.1687465401233292,0.7968622972366104,0.6810243169314497,0.015033962720714847,0.8535714285714285,0.4735688373247674,-0.45802944597806194,0.7522908898371012,0.8534012861563004,0.4498487383880928,-0.26332937048003874,-0.21780450202335172,0.7667105967623448,0.6039172623055984,210
3.0781531945965632,2.1046125752774376,1.0033527320734574,0.2898444076796837,0.01113919742701429,0.9107142857142857,-0.5063050930881696,0.6357354309507833,-0.5826625220029187,0.6591748000769445,0.7209484376707036,0.2138268766167899,0.5560069564821111,-0.2758148147833858,-0.7840806414454489,211
3.1296060544803006,3.0896095338574043,1.0163131633497064,0.5117158390327737,0.008848252676984997,0.9071428571428571,0.5703015968541776,-0.5106729565215027,0.6434043985730611,0.8178022274905201,0.42656588806344437,-0.38631730462430586,-0.07717256855333188,0.7464949260498912,0.6609006884885571,212
2.8725936970366286,1.5369065829690278,0.6841795252418889,0.19338031061812358,0.009315811604107207,0.8678571428571429,-0.45238970102791665,0.7888028590985292,-0.416093268248668,0.5691965418116797,0.614560729208537,0.5461963080288039,0.6865557917558462,0.010254735133441079,-0.7270048041201969,213
2.7445116685352176,2.477481955794024,0.9492161186446852,0.43475425991829886,0.01159911198116156,0.8964285714285715,0.6418833321839381,-0.46823653505724006,0.6072399320713635,0.7121141512456587,0.07029691317978323,-0.698535453354423,0.2843927275091953,0.8808024132772254,0.37856027961857885,214
1.9553143206773513,1.2736220597932604,0.594029459957789,0.17101806883686196,0.01705664286403617,0.775,-0.4085466060007746,0.7931714308983879,-0.4516289981077961,0.559277487535465,0.6085781731247676,0.5628865775021981,0.7213171027095264,-0.02262053055797253,-0.6922354721740357,215
3.6439952585780326,2.460933782547492,1.306055820527184,0.6746121623166684,0.00930613716223264,0.9035714285714286,-0.39854925628041116,0.6836974296758059,-0.6113234127473178,0.6278276558044824,0.689275281424396,0.3615688330378715,0.6685737991616031,-0.23970275566212476,-0.7039543053370754,216
3.2456077787770594,2.4445993813153826,1.2626720592105027,0.4172181388789709,0.006461072660525134,0.875,-0.5166523928335381,0.6790086929709953,-0.5215529693609269,0.49823425014044637,0.733822301326412,0.46180890210453474,0.6962994592604295,-0.02126087829392756,-0.7174364348761528,217
2.155979039657689,2.155979034764461,0.6874880481211356,0.4969404937087788,0.010249392447935206,0.8821428571428571,0.5774643369357471,-0.5598918233222235,0.5941852284803739,0.5250594092694677,0.8120091531143176,0.2548602597427975,-0.6251780196911562,0.16480983415890196,0.7628827971972888,218
2.5665934793444167,1.7991372208326988,0.8226499308004815,0.43393831471426836,0.015288796174327872,0.8464285714285714,-0.40116284863770807,0.7553666012964798,-0.5181598850921251,0.533850087222416,0.6524708455800242,0.5378530282899847,0.7443604323481322,-0.06085304687435997,-0.6649995890529623,219
3.084202494128922,2.3628986908221687,1.023623043791901,0.5649290827063261,0.010787994445298658,0.8714285714285714,0.6725155001741561,-0.3227315621112615,0.666008439017652,-0.701294524904801,0.009617548254367449,0.712806770523488,-0.236450610834597,-0.9464416736296009,-0.21986192724786643,220
2.0844210526535174,1.4180673717487093,0.5311973172538529,0.19421451907019147,0.00883610768433339,0.8821428571428571,-0.437931560430727,0.7838549392116417,-0.4402128833328508,0.5676098873797841,0.6208067409520516,0.5407568826535646,0.6971620788076596,-0.013054679697558413,-0.7167946785590535,221
3.2216258511915417,1.5931451018153633,0.9662770690984537,0.287348159756253,0.011649809795270456,0.8535714285714285,-0.45255326621558994,0.7669562045537186,-0.4549436465477411,0.5424331389374178,0.6416979235674296,0.5422085066390504,0.7077865716585059,-0.0013982795871467224,-0.7064249526978041,222
2.929604060519833,2.8547934753838593,1.1272598643309153,0.3203240845192549,0.009515232637080666,0.9035714285714286,-0.5187897590559738,0.6522869862653062,-0.5526109603035112,0.5956096682045801,0.7394833523088543,0.31370925201416827,0.613275068007721,-0.16639128344652857,-0.7721448256338588,223
2.6615545776466156,2.611954989901478,0.9843269015292224,0.28365416736559257,0.010328322092878317,0.8607142857142858,-0.5540624852574513,0.6512005320117712,-0.5186064302897939,0.4697666568883852,0.7588797997714565,0.45102188148109223,0.6872656331479459,0.006270295560849709,-0.7263791247601579,224
2.4795973845885118,2.1427530117511444,0.8952028637387113,0.6925039140883769,0.013150213288557106,0.8535714285714285,-0.46749569407977376,0.7046341474768711,-0.5337963040584054,0.564263878959978,0.7026882996062642,0.4333998482896558,0.6804807498510961,-0.09858941021225442,-0.7261033516491231,225
2.5267044553469034,2.39931543658039,0.9152426808531966,0.5743151121711411,0.01137129876741577,0.8642857142857143,0.670313214088251,-0.35242995230874924,0.653049250619225,-0.6965423069950207,0.004714353116239141,0.7175002365440374,-0.2559472789164458,-0.9358263212745985,-0.24232227884558813,226
1.7144639581124745,1.5826629711843023,0.5011195370149323,0.41692502611962,0.011483701978108976,0.8535714285714285,-0.6020993581885418,0.681280365722906,-0.4163333113617134,0.4278826036137852,0.7155740233134652,0.5521506086962766,0.6740866712772434,0.15430774588284216,-0.7223546768498988,227
2.6860506548249257,2.6815818434987344,0.9791784571885216,0.29245000480758443,0.01037483803636357,0.8571428571428571,-0.5596158081595272,0.6268682146004053,-0.5420944463667374,0.5189078335138317,0.7750577689347757,0.3605830211363663,0.6461925468279102,-0.07950909594221225,-0.7590214068697347,228
4.448399122294974,2.6764584204219863,1.569206145781756,0.469026224015233,0.0072137746268058295,0.9464285714285714,-0.408065018973333,0.7398736876682367,-0.5348549958507427,0.6081216973293604,0.657245488077415,0.44521497014266975,0.6809338745631262,-0.1435802726633612,-0.718132135316589,229
2.2625430313876222,2.26241709523036,0.8771231030720419,0.36424971049412264,0.011684213420910312,0.8821428571428571,0.6231235277216786,-0.5503075049619941,0.5557685841986713,0.7516062110498934,0.6178848710303577,-0.23088176554899492,-0.21634503162983298,0.5615869800256262,0.7986331392790957,230
4.212957486391209,2.438769791245241,1.4848633681591168,0.3599997554261645,0.006333505492464399,0.9107142857142857,-0.4840931891252373,0.7535103220561606,-0.44483252893350583,0.5325310249169906,0.6570881039423357,0.5335221936886282,0.6943086429992191,0.02138733766244383,-0.7193594998637995,231
2.2440849460178756,2.244084938411299,0.8231070841203678,0.4124854218645075,0.01224642235741701,0.875,-0.5346677860350565,0.6206827226618186,-0.573483492670437,0.6158480432495294,0.7508905262833087,0.238525900404341,0.5786722269144225,-0.22564657171578706,-0.7837232154726663,232
3.25648675477324,2.1510254593204463,0.9669052144218114,0.24537592147615464,0.011065097822509855,0.875,-0.4812080128124399,0.7470437311840884,-0.4586551123705677,0.5022400418348113,0.6637811244286709,0.5542107534413028,0.7184662753274296,0.0363356925180304,-0.6946120706310577,233
2.5954496487837,2.0591784645537414,0.9379791927785421,0.6282941026489546,0.011394492605313188,0.8642857142857143,-0.5983092003553092,0.7770465828011224,-0.1955114035735233,0.5401249148809738,0.5713566914964977,0.6179131066800548,0.5918540167093669,0.26410251653339945,-0.7615501846009325,234
3.1091738779513602,2.5342840463824503,1.1298208127228635,0.2910165380522355,0.00942991451952142,0.8785714285714286,-0.51907440641243,0.6554949044826485,-0.548532761833664,0.600474424997427,0.7363754538718041,0.3117397245445371,0.6082698624225871,-0.16756378228118993,-0.7758415774731522,235
2.384649612346077,1.8591749235283246,0.8133979380801382,0.36645175590345425,0.012487769467983583,0.8607142857142858,-0.5198015047943876,0.6886450942274139,-0.5055435983275889,0.46496523407211654,0.7245011116227618,0.5088275448141979,0.7166684915061861,0.029429125945206303,-0.6967927954767824,236
3.5764852219825953,2.794851738913467,1.3528362171582593,0.2654530754704033,0.009039765830553525,0.8964285714285715,-0.5441376634708698,0.6968794893059662,-0.4671971538623905,0.41937026770561664,0.7082121465995855,0.5679472985879294,0.7266655226147598,0.11311292054165545,-0.6776154406811841,237
2.99576786766006,2.995767867659975,1.2643365725771012,0.9028220647913173,0.011475347849398167,0.9142857142857143,0.7088468714790276,0.5897157572824101,0.3870031503841134,-0.5355663564810125,0.09292188377363136,0.8393653562791432,0.4590259149547531,-0.802247374024243,0.3816993060920579,238
1.6236903802805724,0.8084475785585987,0.35087830454871566,0.127261290748887,0.009433483208811471,0.8214285714285714,-0.41491831260216655,0.8043664000429449,-0.425249912815187,0.5590048575735898,0.5941292529995637,0.5783804975440572,0.7178832517035773,0.0022638931365466797,-0.6961598320151522,239
2.777620101961819,2.154417779177016,1.0228913403083686,0.2619849540194826,0.010857402422463532,0.875,0.715839625425702,-0.0023907125918571867,0.6982606355535832,-0.6982588710120026,0.0016450098635519262,0.715843448664296,-0.0028600215793358873,-0.9999957892090607,-0.0004917730307577816,240
2.57619043171439,2.3956774931076605,0.8521493304249826,0.25104097065281306,0.011362718441077438,0.8535714285714285,0.5844596270360629,-0.570385188638648,0.5771201616184625,-0.2469288732079272,0.552485225558883,0.7961069068381543,-0.7729379508997665,-0.6077999770654852,0.18206073694804756,241
4.085044707637412,2.244734981307067,1.2799666726915382,0.3713407520473019,0.00994954953876783,0.9178571428571428,-0.4600757157804821,0.7662826916449906,-0.4484876500355226,0.5319521118844174,0.6423218059267574,0.5517695608609606,0.7108848615709757,0.015281823068513,-0.7031423607441933,242
2.2930701322110147,2.246904054600143,0.8768263108961147,0.2407992749522414,0.011347214615604817,0.8071428571428572,-0.5931518490137067,0.6231622861783612,-0.5097446901112156,0.24923360413752943,0.7441784436696816,0.6197427325479402,0.7655413082128477,0.2405560414172315,-0.5967238024056296,243
2.9794768145273762,2.906778170876527,1.2447825013778249,0.49803379164019085,0.009085789793942386,0.9107142857142857,0.5698520584499939,-0.5474453486470073,0.6128394746791866,0.736009832072026,0.008354910596065784,-0.6769192880707714,0.3654560966431029,0.8367997285573703,0.40768622212762934,244
3.567754132696694,2.389801498520591,1.282036185898659,0.33692054178324243,0.009937879636824711,0.9142857142857143,-0.4664781099521693,0.7540921280341344,-0.4623237343814426,0.5258544432656639,0.6567063211730961,0.5405681383776305,0.7112490966132826,0.009048213539103678,-0.7028818196528777,245
3.2661403401815936,2.19400034774324,1.192133565590356,0.4760022553535522,0.009992552744485574,0.8821428571428571,-0.4748217977589088,0.72150928104581,-0.5039529915952042,0.5852527393653165,0.6865217387865727,0.43147089500782515,0.6572849393059228,-0.09006808279417869,-0.7482407694207729,246
2.3307664780585395,1.7358583219066976,0.6348186948370969,0.37701766806892384,0.010158634189572833,0.8928571428571429,0.5886935368401369,-0.5673933645189061,0.5757644393174749,0.7202130285228737,0.04472635674872566,-0.6923097186649168,0.367060094846281,0.8222313074262629,0.43497421056832525,247
2.468277129430423,2.2057332977877526,0.8629522480142097,0.34920515473773434,0.011274491975875997,0.8857142857142857,-0.515901263766633,0.6820783485785055,-0.5182808239211728,0.46073496847480505,0.730980262042173,0.5033797228030509,0.7221974625187431,0.02090413607817382,-0.6913709874056864,248
3.8995955789206524,3.1750918851159016,1.5255873660353252,0.6219209252041822,0.007552898116359406,0.9,-0.5127969310619558,0.615290002115582,-0.5987132208245004,0.4135749961525877,0.7881784051801501,0.45577464186268885,0.7523264119056483,-0.013892980395947302,-0.6586440275633652,249
2.891687839892216,2.3077076122077407,0.9258833501346952,0.4296464492839475,0.012249176426394363,0.8464285714285714,0.6705836844880686,-0.43232650861513766,0.6028360573547769,-0.618786650812163,0.12223795358277455,0.7759903114604987,-0.40917062806984666,-0.8933933471055966,-0.18554709502545833,250
1.924403936308924,1.3815250998327038,0.5907820477914334,0.28785723263948076,0.015315264065641994,0.8392857142857143,-0.5357478221772316,0.7750067448839565,-0.3351698321996292,0.5738350465070706,0.6253713071646462,0.5287949201490213,0.6194252258607019,0.09096853060017998,-0.7797673473593663,251
4.338388793098266,2.6045713365687173,1.5488977313151957,0.4335866072605755,0.008009520002680338,0.8928571428571429,-0.4722631426737668,0.761408546294464,-0.4440997069371342,0.5266442463340337,0.6477464421081376,0.5505182871980792,0.7068333338738029,0.026106940954471886,-0.7068982004212805,252
3.198785037050344,2.5813782784010626,1.097359788233119,0.4414014780459731,0.008555108316743235,0.8678571428571429,-0.5454592517179563,0.6610581339729328,-0.5152439696139213,0.49075163519845155,0.7502511596706509,0.4430417925691542,0.6794387663839423,-0.011195575959620285,-0.7336467963629361,253
2.2934334213088032,1.9908455080154932,0.6689252894359777,0.24742474443701523,0.010369838721756473,0.8714285714285714,-0.5316961486823681,0.7022738645148179,-0.47340323688770897,0.4586263328619326,0.7086556947735447,0.5361613498478236,0.7120120029058168,0.06795973428764884,-0.6988707908001301,254
2.9079126948722154,2.907910216330327,1.2362419410975138,0.49612053926377003,0.009435544260206402,0.8964285714285715,-0.48043926292354855,0.6217547225498038,-0.6185460206229557,0.36963567560789246,0.7831257684983703,0.5000834910609764,0.7953285999883157,0.011623067618030863,-0.606067093925889,255
2.5778413979553543,2.3650754024317413,0.9377468759406067,0.2659374847779025,0.011066681151096094,0.8642857142857143,0.6615272525365118,-0.3535789156504726,0.6613347447087066,0.7075035029828121,0.0018743279246388861,-0.7067073511446452,0.2486372607204,0.9354028208757266,0.2513982404059124,256
2.3334419458872757,1.9267743485743187,0.734182750238903,0.3928324423430025,0.013701026969867698,0.8785714285714286,-0.4808519850633281,0.7177399996207043,-0.503617574559435,0.5205976542635325,0.6958867571280618,0.4946915237085606,0.7055206948318131,-0.024308726792267754,-0.708272288717958,257
2.4603363456980345,2.4602809144782563,0.9489385637485259,0.4502833002623086,0.011648198808153966,0.8892857142857142,-0.5072779235583027,0.6836082059000429,-0.524737009459502,0.5855076243106325,0.7201760671829197,0.3721924960703292,0.6323368802659672,-0.11843248322596053,-0.7655872365527241,258
2.372783452065367,1.9423625005829501,0.8893815446857567,0.4407461684856671,0.011886552133862196,0.825,0.5282173455216458,0.004554499964911948,0.8490969864627573,0.7864967831569981,0.3742527759129847,-0.4912816603590237,-0.320014446507904,0.9273155429795701,0.19410470827557222,259
2.6396791803375628,2.0710957896430657,0.8242356268538606,0.5828302622490819,0.012428422464382126,0.8785714285714286,-0.5879956079589032,0.7037957344928067,-0.3986636792219359,0.46052414756483656,0.6964735803871592,0.5503108769889724,0.6649651679078541,0.13998612764278454,-0.7336383370141295,260
2.1949807039155336,1.5692162329975488,0.6185141220630399,0.4146347801378585,0.012753729054644494,0.8607142857142858,-0.4614919306672045,0.7747221915049477,-0.43223919757331974,0.5265697053024303,0.6313243346878429,0.5693451763988735,0.7139674666164895,0.03514413778603431,-0.6992963221642943,261
3.7150060238898766,3.7149898013534,1.3668753579831978,0.45916469434873053,0.008478394217743686,0.8892857142857142,-0.5375042677456827,0.6180974007199139,-0.5736242370912021,0.6167251945144214,0.7520653206943527,0.2324818011373135,0.5750992928237058,-0.22880855891374913,-0.7854345591845873,262
1.8202349139013123,1.0973814293805164,0.4891903666443813,0.1367044508597134,0.018811672212750607,0.7821428571428571,-0.4715934028315465,0.7695328474269519,-0.430602901913968,0.5653696821844455,0.6386013121358343,0.5220588918934814,0.676725043775108,0.0027497035037133133,-0.7362307072230958,263
2.0479008928960085,1.49913904198954,0.6687353585125169,0.31540889225800645,0.016928851815107678,0.825,0.7045168578484426,0.11112670246080916,0.7009328448628612,-0.7051786322845589,-0.001536926202297308,0.7090280209040596,0.07986922797070234,-0.9938050582775453,0.0772813856328191,264
2.6414956587195917,2.138107893728092,0.9378530497050653,0.37135418638264867,0.011839891546973466,0.8642857142857143,0.6811832875499557,-0.35848490109389997,0.6383399599354024,-0.6927166799095594,-0.03343204024952671,0.72043452170189,-0.2369238910234915,-0.9329366936574265,-0.27110181757014823,265
2.9596714643662834,2.574757602409841,1.1148833998815033,0.42646841235163396,0.010821710009258991,0.8714285714285714,0.6382692024458062,-0.4125603834510431,0.6499279615587582,-0.706655807169699,0.02090364138953063,0.7072486182171013,-0.3053686221643206,-0.9106903797577891,-0.27819604025592853,266
2.5915909650117834,1.8553266388846583,0.824552292442837,0.259761572284399,0.012230720566322866,0.8642857142857143,-0.5478089322205043,0.6847068088244523,-0.48070984983549664,0.43799291993808487,0.7242844898373642,0.5325168352879931,0.7127885912832368,0.08116996815611016,-0.6966662475001891,267
2.901719184720368,2.1120929629677647,0.9731670184750167,0.38876582088732947,0.011419764771410889,0.8428571428571429,0.6712418133625686,-0.3090063659400327,0.673757741181699,-0.7043614790141706,0.017227587185331076,0.7096323816743019,-0.23088814364254576,-0.950903925771845,-0.2060883040761721,268
2.1270395329663416,2.126582173384535,0.825895579828754,0.3183605397143192,0.012730591984925349,0.8821428571428571,-0.5930353319678241,0.7468252518168075,-0.30093377724438797,0.5466362053586236,0.6478527878474152,0.5305427638460982,0.5911835197541772,0.15012930602348826,-0.7924413148265104,269
3.1809470118605137,2.1675756323121242,1.0791759939490835,0.5643961916006746,0.010872181568644635,0.8678571428571429,-0.4622103108275246,0.7188710484521283,-0.5192167603824639,0.5834284053234177,0.6874632673761534,0.4324413854735431,0.6678120427384469,-0.10304693933272022,-0.7371623999280361,270
3.03289990539235,2.5397338934108054,1.1281966520471642,0.9558863616152091,0.009209448160157169,0.9107142857142857,0.34036329354148087,0.602272015006061,0.7220950410784822,0.8515527772440209,0.12823887942778878,-0.5083430508732267,-0.39876145247201444,0.7879233527086529,-0.4692185996726528,271
4.647276267840198,2.7082078678312107,1.2726585889666642,0.44086008323863835,0.010059687805843117,0.8642857142857143,0.44136715338178245,-0.6219444581521971,0.6468231032434077,0.7376067000501951,0.6619645140268448,0.13318910695047384,-0.5110101681539455,0.4183157577034043,0.7509197925879323,272
3.375441268005998,2.4192960292719667,1.0909584666678922,0.4906866749319626,0.009830232421553124,0.9,-0.44832659276518727,0.760705239352115,-0.4693940828789807,0.5082691344442158,0.6489181202155869,0.5661870364351312,0.7352997709715987,0.015258180694645268,-0.6775702433925238,273
2.1004391381123813,2.0414623330150237,0.6793917241439555,0.26883378296989713,0.01206418934613266,0.8607142857142858,0.5789211179849076,-0.5557942264215686,0.5966096856635458,0.81239582403669,0.45574702890112273,-0.36374121396337067,-0.06973782502237988,0.6952606874577689,0.7153664880583228,274
2.5729875940349882,1.3084297033060235,0.5763889992957485,0.18202340068921863,0.006684574797085824,0.875,-0.39591582303552525,0.7777569287975485,-0.48820571563379683,0.6047002917228358,0.6209199180910402,0.4987945594211442,0.6910775775992303,-0.09773748014564823,-0.7161418621434996,275
2.1292072297445297,1.7874004698181996,0.7382868365664614,0.4583427463289288,0.013316775359182149,0.8214285714285714,0.6892528639348897,-0.25014558023349714,0.6799688803520346,-0.6997788532628502,0.013324919093837173,0.7142352575008275,-0.18772332322778365,-0.9681165401028897,-0.16586234863743893,276
3.247484067946362,2.705795905426809,1.2520605041065584,0.40698389412173724,0.011338300505735113,0.8714285714285714,0.5042522156779778,-0.41241591284153606,0.758711287525718,0.8239065026594649,0.4929309994560368,-0.2796374521603319,-0.258665378161244,0.7661149682719659,0.5883537010424473,277
2.8582594610170466,2.8266975840890862,1.116874036167878,0.5145138141224885,0.009511535231509662,0.8785714285714286,-0.5489815739207379,0.6253769179056409,-0.5545475110811973,0.478488163852953,0.7791357155966885,0.40496495371114,0.6853235064902845,-0.04302612267538683,-0.7269666046108194,278
3.2464595994990875,2.544285360894622,1.1699248522185508,0.4103312669316936,0.00962984575495903,0.8857142857142857,-0.4757732660376946,0.73998869957743,-0.4754540186196024,0.5097442638253736,0.672495060946696,0.5365735536712816,0.716798845437793,0.012927393395573111,-0.6971601664460206,279
2.219828708922832,2.0985484290624994,0.8392706485466149,0.3793947183248089,0.013189200409497961,0.8035714285714286,0.613706678271086,-0.400425903333124,0.680458087603727,0.776200102342694,0.14827097640525108,-0.6128043070010399,0.144490533145466,0.9042537329177498,0.4018055155615137,280
2.3116694050724456,1.5346796539882053,0.6891056011315433,0.283672634028408,0.015144065483163719,0.8392857142857143,-0.43205802369301294,0.7819275057042168,-0.4493497969129062,0.5700854495630535,0.6228800418229199,0.5357453067411498,0.6988050116870794,-0.024694722550772735,-0.7148858134829374,281
3.2494887658605207,1.736846329459242,0.861240762318289,0.30282650310039905,0.011360059669708008,0.8714285714285714,-0.41035311348143616,0.7889875246459822,-0.45728438439235736,0.5649077184562961,0.6135794068476321,0.5517241893564302,0.7158837837837883,-0.03192173938734588,-0.6974893624062611,282
3.062547986769696,2.4071790027299245,1.1167419756922956,0.6528406160039182,0.009649011278305435,0.8607142857142858,-0.5709078247845695,0.6618127128171639,-0.4858684891545629,0.5691781509541115,0.7455369733462717,0.3467143692582405,0.5916929001401067,-0.07860378188908579,-0.8023222279087893,283
3.0048283756556184,2.1540082671572125,1.0106307479646097,0.38884650277063515,0.010322180170599842,0.8785714285714286,0.6348999772550589,-0.1706859315771277,0.7535040355851943,0.7725818556559029,0.14580851371603945,-0.6179459148171473,-0.0043926293728697025,0.9744773933188843,0.22444267579412114,284
2.589525471524037,2.2224928321545927,0.929844592472883,0.36080001778595233,0.010068589765768157,0.8964285714285715,-0.47555438010782514,0.693902746580348,-0.5406912333749379,0.5970099511737998,0.706003555264446,0.3809699438977036,0.646086023498202,-0.14162612132728788,-0.7500099279330035,285
2.493182824916452,2.451466096099804,0.87489048449639,0.4119846942990457,0.012245826613133223,0.8535714285714285,0.6249806359953706,-0.5372522544818096,0.5663560891215305,-0.5266533346080297,0.24534503144421027,0.8139054494791654,-0.576225190161854,-0.8069484683670032,-0.12960979755822002,286
2.4872309315216814,1.449021161938113,0.6726149332981816,0.21560308997900254,0.013673468238307066,0.8464285714285714,-0.4495093794824329,0.7757365025260999,-0.44291556351735073,0.556204354909561,0.6310484413589982,0.5407537149553557,0.6989835715787298,-0.003277698423170383,-0.7151302142659681,287
4.779032222249451,2.6752549188044856,1.510194222405933,0.7043668483512207,0.01146822376040416,0.9357142857142857,-0.40901992135031034,0.7786034942625598,-0.4758984163250788,0.5242176180301084,0.6273614357950461,0.5758589391717539,0.7469260959997486,-0.013936556221329693,-0.6647609942793458,288
3.4735719537766583,2.73647662317447,1.205145669618323,0.6415622653289106,0.008903209898357054,0.9035714285714286,-0.5025953483346608,0.6977853698410272,-0.5103856321137791,0.44160276076963006,0.7147512519069817,0.5423261468692462,0.743226020476276,0.04718289449814561,-0.6673746001712794,289
3.2979610701112074,3.2021511144353965,1.1263561607807315,0.5479104784369838,0.009315866054094383,0.9107142857142857,-0.5092792774557451,0.7314666246439662,-0.45342165209230706,0.5094961342442859,0.680876206958998,0.5261380807233558,0.6935764606330601,0.036934642669055134,-0.7194355603017036,290
3.9475421034978484,2.492006965526911,1.188268111861984,0.5744597446582053,0.0080198866341959,0.9071428571428571,-0.43444032405907257,0.7598210953288315,-0.48366673229067836,0.536585644904441,0.6496298771355141,0.5385692791232917,0.7234206594464476,-0.025552413314433364,-0.689934506790228,291
2.5275760433203094,2.493444330678176,0.9785630993000876,0.2513847813262358,0.010857105927247927,0.8785714285714286,0.5982953179610699,-0.43405865396998927,0.6735249048250728,0.7982086113692339,0.24938639009322044,-0.5483333303495889,0.07004088264621924,0.8656786432331764,0.4956760649941707,292
3.77080836390914,2.598527989558287,1.2862666839971857,0.4505197002233314,0.009445235257983678,0.8964285714285715,-0.4685976797697847,0.7809413960532973,-0.4129730626138968,0.5530221226480783,0.6238644994085373,0.5522314897210672,0.6888996635041915,0.030391155095888855,-0.7242193254227268,293
2.2946096852138758,1.510123574102598,0.782260008012904,0.4464686804633937,0.010133724955627485,0.8642857142857143,-0.44402674470175313,0.7444148530252422,-0.49868504748485426,0.6163924314646851,0.6577165785421366,0.43297721965927805,0.6503080965378008,-0.11513222357894612,-0.7508954325810951,294
2.7481272584297707,2.2895836201373294,0.9133382232119541,0.409772774238845,0.014541015102833408,0.8821428571428571,-0.5683478619230503,0.659974548090703,-0.49133929592489306,0.3541652117503389,0.7352424495083137,0.5779148235050322,0.7426625819531606,0.15444136853021986,-0.6516134997474944,295
2.650064106726526,2.1275641605656563,0.8762988749941083,0.2743339609202862,0.013348314250234073,0.85,-0.524897692364799,0.6677549277876227,-0.5278122478357771,0.448942740910501,0.744032464723926,0.4948394758106982,0.7231409461051668,0.02278262171451584,-0.6903246513155514,296
3.1895831922381968,2.0565319681045047,1.120995388568498,0.4126592228422852,0.012064814509280755,0.8642857142857143,-0.46990324440876086,0.7579331569209551,-0.45246908240669365,0.5288622777179908,0.6521374878278993,0.5431587136155097,0.7067500492402241,0.015938212238243765,-0.7072837770581123,297
2.521710800904045,2.4243905012620646,0.9056823369561051,0.3155614684696495,0.010690464338719516,0.9,0.5706375323648534,-0.564937060062609,0.5960024537066664,0.740603507885269,0.6675981199521555,-0.0762836440161451,-0.3547946600000984,0.48493181830455667,0.7993509121976725,298
4.122830617479244,2.317331392538762,1.3542342945169232,0.7682894757574196,0.010852414269380344,0.8714285714285714,-0.4728220856377334,0.797166096598841,-0.3754537118827718,0.5618206757844015,0.6009816083573498,0.5684880250958425,0.678820155559882,0.057856035550151536,-0.732021772597016,299
3.301064718470628,2.815998966711105,1.1647997306695907,0.44405271607377433,0.00874959228290683,0.8928571428571429,-0.4782169143865123,0.7220473921015556,-0.49995614443067465,0.5115537986349548,0.6917395159052772,0.5097147763576027,0.7138776463069783,-0.01200023726745375,-0.7001676230794547,300
2.6896276131164765,2.048602728011504,0.8846295818995751,0.7210465938320004,0.014383534075431918,0.8821428571428571,-0.531932455821471,0.6802509748370485,-0.5042880859954793,0.34608338564072394,0.7181682184146498,0.6037058060368328,0.7728351393584487,0.14660498385925708,-0.6174405445712439,301
3.7843461988666536,2.7195702897759504,1.3600836851206455,0.7001452450395614,0.008682825161431075,0.875,-0.5275425524925179,0.7386063623297536,-0.41971358905292533,0.4645007575712645,0.6644466446214433,0.585448292052361,0.7112931192732012,0.11389160626364941,-0.6936070937478116,302
2.882429664020755,1.6072805352332977,0.7950614048670938,0.3745493246798497,0.012648832812324253,0.8678571428571429,-0.4539246992736601,0.7739894726954629,-0.4414664919854241,0.5197311334070691,0.6324252004511546,0.574384814215801,0.723762334165519,0.03128357381943733,-0.6893398448170273,303
2.9348780898700864,2.7656772378350785,1.2047674522580416,0.5407605744361448,0.010251652819156394,0.8821428571428571,0.6069063283915018,-0.5043680697266564,0.6142292396154331,0.0019360040154314771,0.7737716010451934,0.6334617283659767,-0.7947710113276645,-0.3832627814648389,0.47058334001219854,304
2.475653193344888,1.5175271210939731,0.7528290990022422,0.2192822860891177,0.013693606900932492,0.8321428571428572,-0.43137909039301997,0.7761581572896281,-0.45988106641224064,0.5744824898548841,0.6293653298343637,0.5233250906010677,0.6956162370314711,-0.03844211850628998,-0.7173843142297751,305
3.3917817670032395,2.4867093608260307,1.0989248963893736,0.7598323741408987,0.014735788074566313,0.85,-0.5085314698399628,0.676490778316258,-0.532687498478677,0.5264900162540402,0.7338251524690836,0.4293121339870873,0.6813251844510282,-0.062135919215778185,-0.7293388242620729,306
4.050236878505494,2.5571561289516045,1.3433326665616445,0.3504040822272219,0.009231435597992057,0.925,-0.5208414847977885,0.6649123803288137,-0.5353649915703362,0.4717114495491306,0.746873837297164,0.4686872939661025,0.7114860898695725,-0.008426010116338978,-0.7026496611225443,307
3.688689436280455,2.6607842808837505,1.1944813573024888,0.7041334071524835,0.010047795217665478,0.9035714285714286,-0.4831235787932643,0.7446040657900026,-0.4606043777722766,0.5633431516488416,0.6670763476280672,0.48749732299321225,0.6702507747883167,-0.023956870500871336,-0.741747913547093,308
2.9654097024606147,2.7062007321986132,1.2081390643176033,0.5945197225209776,0.008937542632717864,0.8964285714285715,0.6908295183613332,-0.3468085973621639,0.6344118326105975,-0.686720395527288,-0.040209760434263594,0.7258087031254614,-0.22620715047825826,-0.9370736214201676,-0.2659386265870361,309
2.548547270493115,2.3477119646822846,0.8479851508890044,0.3664630512142603,0.011236429282716828,0.8785714285714286,0.5932983853262341,-0.4930113616131163,0.6363464648205917,0.8011788734567141,0.28489083770328616,-0.5262600339369792,0.07816289846157182,0.8220565722096631,0.5640155613021551,310
4.54901240759237,2.560057362101312,1.1455127484980385,0.2948961305691395,0.0064878091905177255,0.8857142857142857,-0.47607612346853,0.735892717552447,-0.4814700747880926,0.5075084044811835,0.677033092676055,0.532974118323263,0.7181829460827793,0.009386142699255723,-0.695791029175491,311
2.3379118560334637,1.5418409644688826,0.7601601967032756,0.2920651342135821,0.012660186676550812,0.8392857142857143,-0.4541533088381469,0.796819102210656,-0.3985274023496589,0.5540669632093225,0.6028996655759596,0.5740398884471315,0.6976779861450138,0.03989124716777023,-0.7153000182077711,312
1.7449949531112638,1.707437990296927,0.5900822148351035,0.20016194802420437,0.013428840683509394,0.8035714285714286,-0.582776147584566,0.5868388536690075,-0.5621317653637246,0.5647355964203331,0.7898723807604654,0.239113630409404,0.5843335245750179,-0.17810609741454553,-0.7917275731724249,313
4.475118440527791,2.704936801439452,1.3606009818221938,0.31333086473304556,0.010105788814887462,0.9035714285714286,-0.46254488986219044,0.6993004865558329,-0.5450055544351355,0.626318072364565,0.6928138820025961,0.35739977215161794,0.6275172484417537,-0.17603339003515306,-0.7584420534891391,314
2.432152224373138,1.9074412846211868,0.7835260529853043,0.5789274818222498,0.01613760121460476,0.8678571428571429,-0.4992037997009053,0.7786816971753211,-0.38006628480876875,0.5801017070870647,0.6261691380828017,0.5209551035812151,0.6436439821818052,0.039585666557516,-0.7643005947952319,315
2.8024124356844142,2.3877659198518915,0.982121705588139,0.6184546514877587,0.011011472806889067,0.8678571428571429,-0.5014087820417142,0.6889495521050649,-0.5233906265359317,0.46622648571588776,0.7247351784042037,0.5073379398393544,0.7288498455158359,0.01036512603191908,-0.6845951116199156,316
3.237091689307087,1.848471517596445,1.0672498240487838,0.5255422725231179,0.010684598644648232,0.8714285714285714,-0.43485623430419956,0.7723929451132096,-0.4629354099937848,0.562899732598843,0.6344258322029249,0.5297619790752989,0.7028825979684817,-0.030215919197812552,-0.7106638106025304,317
2.709656518806271,1.7499200315754815,0.8875147257005779,0.296744956238297,0.01329154989238762,0.8678571428571429,-0.5367795862374761,0.7541380746821409,-0.378343019115508,0.4907598130935783,0.6438322544843388,0.5870560739298843,0.6863107762894883,0.1294441671158937,-0.7156966717462032,318
2.2318752833708424,2.2318744700700304,0.8716872517956887,0.33696000804763665,0.011549081145486917,0.8821428571428571,0.6393195975807723,-0.5152067461882016,0.5708173620619167,-0.2181261169598642,0.5903354410068763,0.7771261571915004,-0.7373543579915771,-0.6213421567650008,0.2650329696046252,319
3.8217991575452084,2.719685718322495,1.4446141804503736,0.45601685776668394,0.0075644231941587176,0.9142857142857143,-0.5026566863944724,0.7227023080557615,-0.47438131239942866,0.5206162647154272,0.691141345322406,0.5012807054931308,0.6901412612912557,0.005001471464467722,-0.7236573945911868,320
2.51446796867708,1.774062631098103,0.8491552325252365,0.31490897745347407,0.011745203849851699,0.8428571428571429,-0.4886996951143334,0.7245858689835366,-0.48595053911332453,0.5046153106834558,0.689126574876615,0.5200653343789267,0.7117134228177779,0.008937688079052264,-0.7024130704313557,321
3.4170491890462085,2.210836765870507,1.1634879004858802,0.27071068258881537,0.008956692378520129,0.8714285714285714,-0.5095975097169723,0.6670298593863526,-0.5434901514998068,0.5461529412744094,0.7388613250678507,0.39471623611943224,0.6648513689747295,-0.09568233382397479,-0.7408222109024714,322
3.6808400717753904,2.3236989530815872,1.3287881202337284,0.318366115072203,0.008912371127163933,0.9142857142857143,-0.5887433578082354,0.7283773155101128,-0.3504964263540581,0.4905343699422923,0.6665865085733881,0.5612828685193043,0.6424618981247077,0.1585210170236806,-0.749742486871176,323
1.9229576321915622,1.9229576272008733,0.6514662214459688,0.4405549484031194,0.013154362423567604,0.8892857142857142,0.6464691319555228,-0.5597220145988938,0.5184485777799265,0.22187393988946927,0.7880960454406657,0.5741746928929458,-0.7299654897504382,-0.2561559867232073,0.633667495015535,324
3.675662726273498,2.5673615533298255,1.0186336801494227,0.3286464331985024,0.007953536147973608,0.8964285714285715,-0.47546391066365945,0.7693585216720332,-0.4266398185671881,0.5145770267994434,0.6365652719437437,0.5744520328499436,0.7135436588931784,0.053592160674965555,-0.6985580342158582,325
3.037597215148142,2.3270351028971383,1.0786959448518918,0.4417625861307931,0.011589112378058115,0.8571428571428571,0.6104963405673742,-0.5053618205817525,0.6098390348707937,0.7354656122802609,0.07598934400086149,-0.6732874220951551,0.2939124891988524,0.8595551465127849,0.4180674572318672,326
2.7928254139930537,2.3846095369132922,0.8338385893512418,0.33275735458167666,0.008428587875880541,0.8821428571428571,-0.5110552606129287,0.7094600432195601,-0.4852720553202621,0.5321103105931774,0.7045099277706811,0.4696002332122313,0.675041582393473,-0.01822659451048525,-0.7375545086922501,327
2.0685525226214705,1.6097939949135962,0.5561774044012411,0.31220611331347686,0.010128363469972874,0.8535714285714285,0.6371301571697933,-0.5603586970980547,0.5292100654856869,-0.15363306179646408,0.5805027266040732,0.7996333326770968,-0.7552893784158747,-0.5907746736208377,0.28376617109929514,328
2.9800343735636066,1.4239399183871069,0.6633659338049869,0.29787107560020587,0.010367429295110983,0.8714285714285714,-0.4655373950679764,0.798431693064676,-0.381813783542708,0.5477514916861994,0.5987931248170864,0.5843073652003136,0.6951569874128191,0.06287785923251679,-0.716102742397674,329
3.125343388375593,2.52856072042388,1.2111421647090617,0.8111662749974632,0.010188105085259013,0.8821428571428571,-0.521583170521473,0.7196779521424449,-0.4582735443256844,0.5590393895956114,0.6940319251032603,0.453645949852998,0.6445354583801689,-0.01957886966909611,-0.764323695009612,330
5.341392599730938,2.812989647346603,1.6876673742307207,0.8110774157649627,0.010161790744991602,0.9178571428571428,-0.40612520146650805,0.7794236673775242,-0.4770336125112765,0.5988510885369049,0.6213106004515636,0.5053221858623284,0.6902461115370027,-0.08044802358223577,-0.7190886044221252,331
2.0994015419298186,1.7547035205501673,0.6707336437985891,0.1906495005093384,0.013351562925739902,0.8142857142857143,-0.5276773143242481,0.6647325049059623,-0.5288547521475,0.49754337517692543,0.7464796087824325,0.44183569739166606,0.688481838369831,-0.02998150418960796,-0.7246336092408541,332
3.4927897742719947,3.3344200789961156,1.3167954572397425,0.3824638365133504,0.008913540219792829,0.8821428571428571,0.6204725228372502,-0.5156496082031509,0.5908632074887682,-0.6909973600050261,-0.003178968762340731,0.7228502906022051,-0.37085913345913757,-0.8567936599424304,-0.3582849807239936,333
3.135501281737064,2.603877793375843,1.1170198811586798,0.5147932094360914,0.009147605488942938,0.9107142857142857,-0.5985850099216129,0.6261309894746193,-0.499655851478472,0.29873493523291045,0.7532288160104456,0.5860066460398646,0.7432721065454639,0.20151013560373743,-0.6379186788928759,334
2.484308848350014,1.7400811285699154,0.7705808906424445,0.24179584672648582,0.013701878714573764,0.8392857142857143,-0.4971900478164923,0.7642419391267322,-0.4107752607351691,0.5331176027231429,0.6426130835273753,0.5503035948875563,0.6845346434030664,0.054613948394624384,-0.7269316602142089,335
4.545328699276818,3.1328044741129863,1.3202328966204018,0.6025636141832436,0.011770787307818302,0.9214285714285714,0.4481232908561132,-0.5089737521587986,0.7349362120658371,0.8252548866648177,0.5516054467290231,-0.12118499566659964,-0.3437148356241352,0.6608155194547634,0.6672203241955427,336
4.626657262128644,3.756061922769909,1.4236903537356367,0.5612076213412265,0.006710118439405022,0.9178571428571428,0.41136294166733345,-0.6121786268116541,0.6752909440365653,0.7104847704611313,0.6794595697491191,0.1831559008580822,-0.5709570221703134,0.40444038120758863,0.7144480785075071,337
2.7777237481655903,2.197916477604793,0.9546276262714506,0.5752881090330182,0.012756000985610905,0.8928571428571429,0.6184074486574911,-0.523027484101928,0.5865274744791928,-0.6689413140882787,0.04133958883918064,0.7421647773240484,-0.4124193809107175,-0.8513126859554103,-0.32430998285684265,338
4.824828154289087,2.8558915091746546,1.5439094626376368,0.5165410578850906,0.007849420117594562,0.9178571428571428,-0.4574916798364618,0.7903763988844243,-0.4074389659407919,0.5397891772199086,0.6109666749756933,0.5790918461050886,0.7066321582242535,0.044998557261704375,-0.7061487965065851,339
2.1280254549286037,2.089961241299301,0.8428885924821683,0.5390298320685332,0.01180067315274652,0.8285714285714286,0.5507294007632044,-0.4231080403105577,0.7194975422887567,0.8314173231050936,0.20189002008786533,-0.5176733087862283,0.07377236593577643,0.8833006317293568,0.4629661240423073,340
3.747663675174911,2.109868934333657,1.0993021563234324,0.4505794428874496,0.010392469915929653,0.85,-0.4606254691977765,0.7537000954654334,-0.46878603138502856,0.5393829976003137,0.6571374614029163,0.5265323719588669,0.7049043616165446,-0.010320993960240166,-0.7092272682699421,341
3.5948776715646504,2.929775090805315,1.3489945838997972,0.528216044513098,0.009099071454371787,0.9,-0.5196961652107897,0.6686338918014836,-0.5318313779757655,0.5515084264802457,0.7379766894344179,0.3888815518544178,0.6524985451221199,-0.09120923520027346,-0.7522808810728199,342
4.708772003135316,3.3159753774797442,1.398514997537857,0.583342103384347,0.008961778159908116,0.9035714285714286,-0.4410095612057595,0.7799098540009617,-0.44412969564903243,0.5514738965924008,0.6258895110749921,0.5514878614289724,0.7080869355540305,-0.0017145140728750952,-0.7061231848191903,343
3.6580738399715655,2.538562363946574,1.207177581907255,0.6247859182358555,0.009095303795943005,0.9035714285714286,-0.5386465674716733,0.6860870682468033,-0.48902393615802736,0.43539950601440974,0.7235837780156443,0.5355873284115437,0.7213093272053206,0.07557149579777442,-0.6884778889038448,344
4.319254845535624,2.793716722034889,1.0310735383435556,0.3608124971810641,0.003975948510679828,0.925,-0.42041583688686396,0.7607949716833329,-0.49441029030156186,0.5349862792928789,0.647961111192772,0.5421587215476571,0.7328302702966627,-0.03657060900757417,-0.679427984037849,345
2.640321776037958,2.41627686473959,1.0578136131224398,0.3532945664788797,0.010226572172090068,0.875,0.621611894417557,-0.5202430647503584,0.5856157497009198,-0.6911249577528191,-0.012356122046188299,0.7226296555076768,-0.36870712698533487,-0.8539288493938673,-0.3672336785795743,346
2.3085851993631734,2.3085851986676214,0.7984550417274957,0.6944417999473432,0.01099818608056338,0.8678571428571429,0.6394630053115186,-0.6341238163763171,0.4347114564194228,0.37522524142696234,0.7509242545645779,0.5434324080349927,-0.6710388088881587,-0.18439020963968752,0.7181275426795671,347
5.204048505303346,3.3296174427351177,1.8529439174641444,0.7390423935264463,0.007862289616392841,0.8892857142857142,-0.471231796151031,0.7779732106911993,-0.4155698229456753,0.5542741201432958,0.6277069973773849,0.5465931989906597,0.6860909517226184,0.0272324969529871,-0.727005912681635,348
1.9666818365778302,1.8686512917407565,0.7213198661942697,0.5744277411247264,0.015779708244078657,0.8678571428571429,0.637836733690313,-0.4264778753197606,0.6413118765608629,-0.44055038573227623,0.48097029858971974,0.7580124863784623,-0.6317275194151473,-0.7660184030016893,0.11889553177611925,349
2.8737264468185018,2.6527941023922703,1.0956790687291627,0.4677085599504295,0.009243109231280031,0.8571428571428571,-0.6000272820859827,0.6117953559011383,-0.5154354501296046,0.2721540857878954,0.7619906252603378,0.5876244043641434,0.7522628625297565,0.21231281052531656,-0.6237177696245134,350
4.000919237892738,2.0166577655525835,1.1367723254260662,0.3856650179359419,0.0110345274783236,0.9357142857142857,-0.5233071671849993,0.7545309830647737,-0.3960209645563192,0.5087277834843142,0.6494563477631278,0.5651570530934883,0.6836268361349984,0.09428386895691915,-0.7237160361430212,351
2.54692252615035,2.36156040316311,0.9306994926205477,0.3821287462372674,0.012411730650762532,0.8428571428571429,-0.5749798449565928,0.584987596366578,-0.5720032255074671,0.6897627827574742,0.7225951633164318,0.04564573884126278,0.4400289552022208,-0.3683011567304031,-0.8189803273184828,352
2.7929349675368145,2.4664234762076083,1.0274763927853237,0.3785957301503358,0.011445693507127423,0.8785714285714286,0.5557960825706448,-0.4967483254407584,0.6665821898092743,0.8030853708239403,0.5280275617838661,-0.27611733224330537,-0.21481294599650985,0.6887873366783015,0.6924069634715647,353
3.2087574128837746,2.924562854662413,1.1673050922659836,0.4974214253397477,0.01150399791568935,0.9071428571428571,0.662042946804629,-0.24699225380740789,0.7075973170846396,0.7308180830493977,0.0034528066812024583,-0.6825635557323771,0.1661447142531073,0.9690113026612017,0.1827923117655501,354
2.0948792387242685,1.7160414262920443,0.6373715749307534,0.2752494021170744,0.012810639149986924,0.85,-0.5086612527810048,0.6325277874561576,-0.5840995874121782,0.6434781990671355,0.7300331585027777,0.2301899103170554,0.5720135813462601,-0.2587666624244248,-0.778357422507905,355
2.414478369011645,2.2356324331858843,0.8795241723607541,0.3598140422159434,0.011061106599255344,0.8678571428571429,-0.5224088840371894,0.6662362194975534,-0.5321825417172441,0.4761448746463628,0.7456750814901187,0.4661059227178992,0.7073719079996165,-0.009898114684757736,-0.7067722483931225,356
3.8042453410198287,2.947932973593445,1.134596589874679,0.4209521571731201,0.00905957409346835,0.8464285714285714,-0.470054566158877,0.7504779948244407,-0.46457667194713576,0.5434969721055976,0.6608314781050063,0.5176029355187235,0.6954565019792662,-0.009194391216349074,-0.718509371563742,357
3.263237693963382,2.342322580348227,1.16034578917768,0.36044898021355626,0.011762090350272024,0.8464285714285714,0.715792581567241,-0.16123905290298735,0.6794431160827611,-0.6863474411471744,0.016902280007060448,0.7270773706843647,-0.12871740443324173,-0.9867706322897489,-0.09856748473233308,358
2.414412857706043,1.2845481746638272,0.7178103481665118,0.1561373493467184,0.014272345213587811,0.7964285714285714,-0.4694413741022068,0.7868911931709283,-0.40053345227466947,0.5514836246910115,0.6155638100951398,0.5629804680438018,0.6895582701836702,0.04339868444074685,-0.7229287283059909,359
2.564222123920948,2.167006171405215,0.9474827252417519,0.4995555347458564,0.012609010948597461,0.8464285714285714,-0.5762489399711633,0.6313654259051604,-0.5189555454503845,0.10378875411285417,0.6863757072140473,0.7198029473863788,0.8106571739655501,0.3609239359172678,-0.46105190464868046,360
3.5766187630902695,2.637833908897837,1.1900668115418322,0.7101040612213042,0.009829591833868289,0.8964285714285715,0.44129270428098416,-0.6028758685912805,0.6646814546974249,0.6494876891791562,0.7256942675843288,0.2270100693801149,-0.6192144142000375,0.3315245346359058,0.7118040405767241,361
2.3423031906953375,2.1559082135598917,0.8557190270047011,0.4979976723613356,0.012165367356829791,0.8392857142857143,0.6290838741363178,-0.5405152918818404,0.5586561541266061,0.7771529535959293,0.4529808771718137,-0.43685422240580174,-0.016934167200215622,0.708979226887885,0.7050260206706502,362
2.2387543312737965,1.8921374434974028,0.7632997444835639,0.4377426147643414,0.01688825327574391,0.8428571428571429,0.6433507456572496,-0.4872413395807262,0.5905046105373272,-0.595765708684497,0.16577080785783052,0.7858646573156355,-0.48079417469216484,-0.8573890110479265,-0.18363290913215508,363
5.156488989737088,3.4637849454648424,1.8636188608454451,0.9401128715770418,0.008126899038673844,0.925,-0.40499222539571333,0.7878000864948727,-0.46406068685862506,0.5546755176779852,0.6151753492166927,0.5602627596090779,0.7268537455758806,-0.030501039896885213,-0.6861146544911585,364
2.281006187554584,1.0281531374530444,0.5371100668170793,0.08817878285615696,0.014280813187184228,0.8321428571428572,-0.45455356343675746,0.7868405304673183,-0.4174482453919943,0.5233143674020883,0.6151613686085574,0.5896766600792326,0.7207795299795201,0.04958296265407747,-0.6913887466374806,365
3.4912118017726104,2.6760591999933308,1.269233335642886,0.30029658926260816,0.008594292608179713,0.8607142857142858,-0.4540429217045474,0.7269278201175516,-0.5151902266048364,0.6019544106318843,0.6765790034030048,0.4241364635055772,0.6568834849277452,-0.11754487012771478,-0.7447733149998323,366
2.6341449926894245,1.9381691966831485,0.9174605584676394,0.4708427751098071,0.011642019223977186,0.9,-0.46357441177077385,0.76248963854946,-0.45134057634572916,0.5524107686180522,0.6469756117105285,0.5256090758031107,0.6927778196984902,-0.0056664765508517845,-0.7211288259231527,367
2.2642656127083747,1.6280683215702159,0.6775378236936573,0.2670316981314138,0.014102921315299995,0.8142857142857143,-0.5311359257880143,0.7009367095516194,-0.4760066780416614,0.500377140466668,0.712858725255332,0.4913808656487791,0.6837524008262855,0.02280717058935569,-0.7293575853681092,368
3.0778202223433593,2.3619303962518594,1.071572436112879,0.4973874936706332,0.010798295582673752,0.8892857142857142,-0.5104506763868946,0.7428544197363784,-0.43313671981753116,0.48851013462261567,0.6650391625198184,0.5648723401671678,0.7076707958840438,0.0767477908025185,-0.7023616029224385,369
4.0155759226965255,2.9088369544643786,1.2683488130353129,0.5351302341056798,0.011500802033103434,0.9142857142857143,-0.49786437203027395,0.7461242391545984,-0.4420743000999637,0.5047268950137451,0.6637998220908345,0.5519244129787707,0.7052530244619197,0.05165671242102404,-0.7070712521020543,370
2.527842440344955,2.2587929076726763,0.8764327391258234,0.5445450845721836,0.010898275481918851,0.8928571428571429,-0.5089941153642147,0.7283198940151498,-0.45877567776241296,0.5059316522829074,0.6843347268538414,0.5250896540974366,0.6963893693494236,0.035158407296677935,-0.7168024362775793,371
4.218545069889203,3.806531136193937,1.3547111182378144,1.0568557997451506,0.008419109712114917,0.9321428571428572,-0.258892405645948,0.7336581576340522,-0.6282678012088971,0.6361779162347254,0.6189512227755884,0.4606267933152028,0.7268097283292902,-0.28043732198409715,-0.6269788889941122,372
3.635862434875418,2.9034871631241175,1.2921834012359394,0.4932914549154208,0.00923139970124527,0.8714285714285714,0.7030228561959416,-0.1969888689324545,0.6833405074944794,-0.6978226818255804,-0.005811091219414426,0.7162469797134187,-0.13712172838706163,-0.980388502959695,-0.14154863075492102,373
4.949638336265258,3.2669437586335763,1.822979060522534,0.4933637526328623,0.006339741206914091,0.9392857142857143,-0.42730379556280623,0.7630045919472124,-0.4850107823183804,0.594696456821777,0.6412673478264295,0.48488381376911466,0.6809901545112409,-0.08124149973458741,-0.7277720990664805,374
4.108532291780119,2.4551992807540324,1.257771012212114,0.4450781616492878,0.00958080133247119,0.8714285714285714,-0.5099612250380859,0.7678707915197047,-0.3877034904260689,0.524820387880736,0.6348473735502098,0.5670382462948281,0.6815446496175936,0.08569282249583376,-0.7267417909755356,375
1.7119664278389504,1.710786315151983,0.6545844056995892,0.3406281583710099,0.01426144488133238,0.8071428571428572,0.6254164382706895,-0.5672174205854964,0.5358345607789228,0.011892082323241283,0.6935601856853711,0.7203005256211401,-0.7802005236596693,-0.4441156005100582,0.4405093373184822,376
2.523372620084005,1.645687411168856,0.7148875918653876,0.3799023980026329,0.015424462981163779,0.85,-0.5014713234811357,0.8102300230665392,-0.3034037268190249,0.5731479127210701,0.5738056169361124,0.5850201570168739,0.6480956579622785,0.11947561966427564,-0.7521287086903933,377
2.226520257701451,2.2265202537601887,0.8920324234689457,0.49706113797243623,0.01277919210472018,0.8678571428571429,-0.5798015461617547,0.6329377341600912,-0.5130496971490466,0.3207623394649847,0.7561673823003142,0.5703704160684008,0.7489604052614456,0.16613462800205203,-0.6414496057596664,378
5.378734204204023,3.074995643078946,1.40913536585757,0.5176803505050721,0.00918471289439095,0.9285714285714286,-0.531841023665841,0.7312279624187638,-0.42714259038753516,0.44166462873336565,0.6698694883831774,0.5968309846674169,0.7225492933163029,0.12876542824129206,-0.6792216009653609,379
2.8777393539579643,2.0624355802147427,1.0253414917220085,0.2350913474205755,0.01036107752564147,0.8714285714285714,-0.5106288641161911,0.6238491788858038,-0.5916674447144415,0.6880088689906233,0.7091789037897192,0.15397752631425074,0.5156568232086645,-0.3284470800952883,-0.7913409860832608,380
3.2318567309950543,2.221220359870505,0.942322682149139,0.29977799696287377,0.009242310190487392,0.8428571428571429,-0.4246156873341791,0.7792325773979248,-0.46097517112259934,0.568119895736512,0.6257600307649288,0.5344756009074784,0.7049406373149851,-0.03494244151261458,-0.7084050561953099,381
2.768105177491781,2.0920711225883104,0.9503033087389501,0.2660378812278703,0.010815671902539514,0.8642857142857143,-0.5122743572770441,0.657437407693519,-0.5525857741940313,0.5263375211160473,0.7487614325148152,0.40289593078582525,0.6786337721789315,-0.0844533726004332,-0.7296052570497327,382
3.9671951886325485,2.1009906381718833,1.1509842032360869,0.36618895777037314,0.012081630712920812,0.8928571428571429,-0.43341685561293625,0.7905590988330145,-0.43262702241414297,0.5803299991657928,0.6121136056309391,0.5371536333952532,0.6894685789351289,-0.01825500078946443,-0.7240855153967316,383
2.4927377048427584,2.407205344540959,1.0113231500915738,0.2689022629516995,0.00992359118514485,0.8464285714285714,-0.555927657289714,0.6132549349238211,-0.5611263891958301,0.4905514440739217,0.7870147542481057,0.37412171456998305,0.6710467350172865,-0.06727675220589813,-0.7383563624939288,384
2.9684801202661424,2.9680339638210205,1.2026244947077855,0.4464476770506657,0.009631079144599368,0.8964285714285715,-0.5235145933551104,0.6369482234523204,-0.5658881790470325,0.5849905460915903,0.7515928073207765,0.3047856836649931,0.6194501848637196,-0.17147948164316096,-0.7660784919626034,385
4.090439791535357,2.996257826361928,1.377400759815478,0.4836848348942777,0.009260299024008541,0.9035714285714286,-0.4684438911973979,0.7340169765696432,-0.4917106861838579,0.5810074493730918,0.6752168854489239,0.4544364657216991,0.6655754386790536,-0.07280958530451037,-0.7427705565751584,386
3.654718179026037,3.2259232959717967,1.4214693287034208,0.546021668219339,0.007374683233634771,0.875,-0.48884267057216263,0.6716823724652049,-0.5566647410671793,0.6499887528778115,0.706035630065599,0.28111974354395647,0.5818483174850841,-0.22440249463271664,-0.7817263305290352,387
3.2325434062042087,2.837054819658416,1.3321582630449784,0.3042861508938768,0.008130961220691001,0.8428571428571429,0.6255901900721842,-0.48270722412195577,0.6128871428459929,-0.7025387684883267,-0.0069688503357324925,0.7116113503141327,-0.33922882079262323,-0.875754058457895,-0.343480183181173,388
3.200381558370984,1.935959574801083,0.975960895147892,0.2837504061647562,0.010353232033806406,0.8714285714285714,-0.42398755915711955,0.7883023864942923,-0.44588552020377564,0.5539683606644005,0.6152194433781877,0.5609136224698325,0.7164869887602879,-0.00918607298231669,-0.6975399708979972,389
4.422419411657939,2.6654314970852946,1.5319489744423664,0.7617136456793427,0.008526065903412079,0.8964285714285715,-0.4323448579680795,0.7891659565907304,-0.43622817051034046,0.5377402262233679,0.613991144368767,0.5777978225451987,0.7238186049624604,0.01523048242733313,-0.689822194130653,390
2.9865898714511268,2.8326017726331165,1.1809239094499242,0.3887108144307441,0.010627438152963796,0.8535714285714285,0.6249189360191166,-0.43651237462639414,0.6472505466994692,0.7365432194690338,0.054810457688540176,-0.6741660771517382,0.25880573652631034,0.8980271491029652,0.35576232264684066,391
3.118349332373205,2.560260905233918,0.9428521074329821,0.694868639706774,0.011789992787833357,0.875,0.6281420254760166,-0.37686139689682274,0.6807445066688843,0.7102816087668803,-0.07950870120780879,-0.6994128985654897,0.3177068335406398,0.9228509381049699,0.21773496265036862,392
3.3427506308187094,2.1820132207639666,1.1758281422724937,0.2915892321290434,0.010822156263584284,0.8857142857142857,-0.501370798023591,0.6899999263881583,-0.5220415926662586,0.4997647373324905,0.7234715174004483,0.4762606123009539,0.7063020106216422,-0.02211481617895439,-0.7075651239972168,393
2.2519699273733993,2.005848159614732,0.7839538146395751,0.39814270568296245,0.013921851236753437,0.8571428571428571,0.7926712653239939,-0.23666211900667689,0.5618392177099494,-0.49621473964823587,0.2849404491461344,0.8201096710783459,-0.3541796116174559,-0.9288702718182279,0.10842887459915554,394
1.6841362179206416,1.558544558008058,0.5679277897787436,0.3338072191503873,0.016111890798126687,0.8142857142857143,-0.4239042303564899,0.7819925508579121,-0.4569385668649649,0.5430568247226549,0.6232140058036147,0.5627553536772083,0.7248410091930643,-0.009589232135477133,-0.6888494451032333,395
2.506734163463126,2.157800827621605,0.9854915766026527,0.6018277852002192,0.012023449631134178,0.8642857142857143,0.5688424232981338,-0.23860286875783096,0.7870749446379551,0.8203121834887228,0.2335007804951692,-0.5220778745820502,-0.059213335290886335,0.9426272097328192,0.32855399007628716,396
3.2974311084128907,2.238371827503683,1.0998654593863009,0.2221543785628393,0.00928062425240082,0.8607142857142858,-0.49763608473794824,0.703850993801096,-0.5069044344764555,0.5786152056146565,0.7047490109722616,0.41052804455375286,0.6461909709971152,-0.08900904481471994,-0.757967426043479,397
2.6366861307733225,1.8574859692693158,0.7838146636771686,0.23578196188666403,0.014018921436740765,0.8535714285714285,0.6986101885965266,-0.24775013670704782,0.6712403996712093,-0.7021680685363983,-0.05711993305961199,0.7097163636095263,-0.13749111941136233,-0.9671386575920253,-0.21386680217861292,398
2.832134531950591,1.8166436428078094,0.876069873641776,0.23591088184132625,0.012029516041826251,0.8607142857142858,-0.48727437228476955,0.6681235276653682,-0.5622940848830511,0.6663206744326431,0.7006657658539205,0.2551161370512786,0.5644293090707742,-0.25035661832738343,-0.7866009907962013,399
2.1477411420350268,1.8369892998566955,0.8044641471260644,0.3642565669853044,0.013349097341557058,0.8571428571428571,0.6542302409265401,0.25788340115942787,0.7109704236208754,0.7358604863554399,-2.011899262974251e-06,-0.6771331808563863,-0.17461997731627563,0.9661760457610187,-0.18976752124551113,400
2.558361559669877,1.6557442155137263,0.8639687068401327,0.41317313157385804,0.01312333471122311,0.8357142857142857,-0.5049662703458301,0.7903285434978017,-0.3469724184220779,0.577017794177621,0.608059262548379,0.5452654385081765,0.6419186327062136,0.07513139531357554,-0.7630830508030044,401
2.618716293109957,2.618716290702839,1.0895198302584248,0.42141532133267,0.009892962938468848,0.9035714285714286,-0.4996966019802366,0.6908163190182296,-0.5225668563423331,0.5500515527123513,0.7191048056808179,0.4246546453360479,0.6691386966303298,-0.07524022743756692,-0.7393188167813712,402
3.185978100852644,2.3910683514243254,1.0587577601908205,0.47801018094410963,0.010745998732341604,0.875,-0.5539385991849504,0.6604319976005726,-0.5069335310258457,0.3170920248873846,0.7303537033803424,0.6050091864686329,0.7698082073385767,0.17439336141016368,-0.6139888267796335,403
2.248069208975656,2.026707320543182,0.739211903262134,0.2067407737762115,0.01247121829660179,0.8857142857142857,-0.573592089402348,0.6201103555437983,-0.5352151547951467,0.3272288270727116,0.7724494931876966,0.544282165063938,0.7509416819618326,0.13705811694830217,-0.645988903055555,404
3.6891000735715744,2.0512790368324993,0.9655147233280601,0.4257093793302917,0.009946723039628834,0.8642857142857143,-0.4859908602612034,0.7222205899599287,-0.49214865963498067,0.508665190681773,0.6916618031651999,0.5127023247762191,0.7106846048221749,-0.0011702479210927708,-0.7035097888363403,405
2.5674381759534444,2.224982017303481,0.9752533918018595,0.40695143928141003,0.00982692994591571,0.8928571428571429,-0.5505893508590719,0.6044466593910816,-0.5757565480926358,0.7411306024994401,0.671349366063245,-0.003931758550050511,0.38415725524764294,-0.42887558176869994,-0.8176117285136976,406
4.331319101277447,1.5329165645836313,1.2500131721943633,0.3707736510226763,0.011155226635087863,0.85,-0.27932073747611363,0.774593659179733,-0.5674368588436529,0.6464707927054228,0.5886601380716558,0.48533983560416855,0.7099686188801744,-0.23126587513943933,-0.6651771607634819,407
3.6441092607960486,2.9632476991485377,1.4343288723520675,0.5323597496119269,0.008809311898397626,0.9,-0.43047886378748,0.7690057513250229,-0.4725654475956502,0.5750212618610362,0.6372167701395022,0.5131328641401977,0.695728751914122,-0.05084232766128852,-0.7165030087012896,408
3.344470681534319,2.7847505288517587,1.2762583803489251,0.730437552469983,0.009567688063965801,0.9035714285714286,0.6057526271275855,-0.5355255447327458,0.5884523308363424,0.7579405473431692,0.16338948137064,-0.6315298916682967,0.24205346810398226,0.8285627727071312,0.5048701320762651,409
5.249622445414152,3.199371026742212,1.5446098337957919,0.7163378381755274,0.008012074721578572,0.9178571428571428,-0.4653518063758792,0.7488261236997182,-0.47191856582207126,0.557586241162631,0.6620820523189718,0.5007443855533744,0.6874192897852333,-0.03011299490174585,-0.725636222613792,410
2.3940326046937925,2.0559132982129893,0.7506565786239263,0.34503021246221766,0.011632526781688218,0.8642857142857143,-0.4806788465986677,0.7259734199649275,-0.4918439182677788,0.5453903882913151,0.6867140596178744,0.48059663407330144,0.6866565158738558,-0.03723430981722922,-0.7260278475240544,411
2.592163548373257,1.9405427573720464,0.8459042708320974,0.2124815008925515,0.011750714761711687,0.9178571428571428,-0.5337136834142602,0.6474969249502257,-0.5439645542830752,0.4846085289940571,0.7613219419284154,0.4307475761563407,0.6930398817980095,-0.03371398698386388,-0.7201104702190164,412
2.9976275058383144,1.6735046030247993,0.944973299458225,0.37763535834607365,0.013062223000543053,0.8785714285714286,-0.4238402530390249,0.768995168293515,-0.4785455788585282,0.5494863671287604,0.638324524563664,0.5390793389476258,0.7200167860844997,-0.0344707482048304,-0.6930999893772518,413
3.355621460141644,2.7867326190558215,1.0857201529174532,0.31602486176721056,0.010786876135346866,0.875,0.6001017252241765,-0.555033708225308,0.5760342890111929,0.7560655320863073,0.1583871978358871,-0.6350420511688534,0.26123328764538406,0.816609501717534,0.5146902866099425,414
2.38498436429376,2.072240550772507,0.8225152607355946,0.3918304596883445,0.011837018621732018,0.8535714285714285,0.6691641095836691,-0.29562489979069545,0.681780986144991,0.7115788615253301,-0.0095272639080948,-0.7025416393871189,0.21418430912513237,0.9552565884966022,0.20398512656177398,415
2.1770952477814345,2.17707429773447,0.7525160932076369,0.44926713849812133,0.012323412788393438,0.8392857142857143,0.5159922682389877,-0.600164338862579,0.6111912511442125,0.6678219628405118,0.7286896429703168,0.15174066750755466,-0.5364380719760954,0.32986992979875496,0.7768011485245974,416
4.774680011202454,2.4684450475816186,1.5675982570962694,0.5634665877803637,0.009937071040581698,0.9035714285714286,-0.5548869123730591,0.7742593515753128,-0.30434022240786585,0.5339798504549856,0.6119953489373559,0.5833757041453776,0.6379388950245659,0.16119599677789856,-0.7530271023260819,417
2.467664835918004,2.1028693889481844,0.8110212001769311,0.6703319398014433,0.01747785454804027,0.8642857142857143,0.6298264192765396,-0.4158380685016632,0.6560467836717888,0.7253732071708664,0.0128519165456796,-0.6882358160977633,0.27776319392594845,0.9093478591968583,0.3097322699915962,418
3.0244780777759845,1.7314291654665934,0.9757792087176339,0.23202247865306153,0.010424138452357576,0.825,-0.46154887928030924,0.777834931003659,-0.4265506442916522,0.5488110608565175,0.6281344961229809,0.5515917641352822,0.6969785158214237,0.020490848954155483,-0.7167991863782378,419
3.7760413316918866,2.5076817907172955,1.2675711671817247,0.39264085832732926,0.009509847857494409,0.8642857142857143,-0.45941666304364387,0.7340406172237871,-0.5001206874181117,0.5178304354953092,0.6788171493087908,0.5206331893752313,0.721656407019699,-0.019790150833395914,-0.6919684820404828,420
3.32880557054716,2.316689757764286,1.114087368834279,0.3916018623980856,0.008948934603819124,0.875,-0.5537548075684436,0.6826750991806738,-0.47677072273105564,0.3861283252028118,0.7178174796585787,0.5793470310381141,0.7377401504397789,0.13672152301398333,-0.6610950730218985,421
2.3881499497320062,2.2990534531381432,0.8656241636602412,0.2923152061457953,0.011005239617849825,0.8714285714285714,-0.5470265145946495,0.6643683021290694,-0.5092904391961106,0.3783518052276729,0.7389211513674133,0.5575351500513822,0.7467341587281184,0.1122955528415697,-0.6555744084393589,422
4.550890675611227,2.097760868618557,1.3215175731899669,0.2675207863003051,0.01384346994467039,0.8928571428571429,-0.5488324584227914,0.7606225699835824,-0.34675097492749096,0.48609075735045637,0.6278581112572548,0.6078733155411022,0.6800725756859004,0.16506816216352316,-0.7143205118431797,423
2.3528081454968324,1.9313689399582203,0.6842818553330566,0.12213842271278928,0.010632266490389718,0.8535714285714285,0.6653396596478457,-0.3769768188259299,0.6443691607825213,-0.6885064325228019,0.02380402861994,0.7248394722945113,-0.2885862603701245,-0.9259167599138396,-0.2437132003733972,424
3.6433137980234,2.901907999354936,1.088716741842265,0.25044890615334725,0.010353180590619933,0.8964285714285715,-0.43199206415120767,0.7673141543039498,-0.47393232123921797,0.5571672079334131,0.6402806808942602,0.5287772234857203,0.7091879573949799,-0.03563198392451572,-0.7041184579369719,425
2.4959944033064385,2.190888031490653,0.8241668379856762,0.3493045214928437,0.012614502093380506,0.8285714285714286,-0.6155012076503928,0.6260027448526663,-0.47883068700516224,0.27806305846231,0.7409626529477827,0.6112734923544204,0.7374545402256969,0.24309444743455444,-0.6301316455527326,426
3.0885191554051863,2.405066615968355,0.9876537900398581,0.6921695320520264,0.009937356261062697,0.875,-0.5285349549771509,0.7105955890381311,-0.46444021166007204,0.5296942768559779,0.7035872012734994,0.4736971852039518,0.6633813190264886,0.004354198396454595,-0.7482688464201892,427
3.711495400785151,2.439999305811771,1.0469081972237329,0.3890640287860201,0.010140282069601266,0.9,-0.48201082408094387,0.7149854953498866,-0.5064200893606873,0.49338442326697624,0.6991391519717347,0.5174710205004304,0.7240423857387925,-0.0004331506906138094,-0.6897553450566052,428
2.8277218775607973,2.4919003475606183,0.999625024423365,0.28550321098567155,0.011356992429141708,0.8642857142857143,-0.6033705130097126,0.6633776869524641,-0.44257662442112194,0.23471953647923577,0.6781302251723118,0.6964525374372056,0.762135659331965,0.31633754465973224,-0.5648714850417595,429
2.7461137760649086,1.9870568695535058,0.8478651467505729,0.4167825764318273,0.012663671677614832,0.8107142857142857,0.6704205319778133,-0.31069574092721647,0.6737985358193307,0.7089581111263827,0.00033251488589568375,-0.7052505130107757,0.2188942826359278,0.950509361344505,0.22049319042946408,430
2.669692613634829,2.0901911387098866,0.9482491714273988,0.24521227080117158,0.011990536834570999,0.8714285714285714,0.6372704200378387,-0.4560433615509571,0.6212172439091656,-0.701253965129155,-0.008880343071515745,0.7128562378892185,-0.31957673278171306,-0.8899132496441635,-0.3254613955177025,431
2.755171971530522,2.7549151143598616,1.0789111478204298,0.4717667987431492,0.010135685281040313,0.8571428571428571,-0.45831029348062036,0.7241557001036696,-0.5153156284230781,0.5187939988923579,0.6887360821649114,0.5064537450127153,0.7216678332882683,-0.03522969105020024,-0.691342467425171,432
2.5053947340883944,2.099232676882397,0.866694796023583,0.44589653479297114,0.012011722969987182,0.8785714285714286,-0.49566111786468636,0.6821202365620713,-0.5376170003912016,0.5117847382636939,0.729512227186783,0.45374915103539537,0.701709653572966,-0.05023836439896687,-0.7106895727566465,433
4.042756552339099,3.3197693122339835,1.34250022830886,0.3910383745615315,0.008281811822063449,0.9214285714285714,0.610666749131861,-0.6005863645502194,0.5161222144231691,0.22653907706393145,0.7570168325693442,0.6128666753623497,-0.7587925724911564,-0.2573354501871605,0.5983412889056083,434
3.532484939926074,1.9047273346539495,0.8061037000353878,0.2513352598219093,0.007050670965612374,0.8928571428571429,-0.4560789324097405,0.7601330533279365,-0.4628063835453652,0.5394950166667463,0.6497446425795318,0.5355156640388251,0.7077691250709786,-0.005444325260762745,-0.7064228372007211,435
3.100951132335109,2.607914090479144,1.154558731006975,0.3022493185259279,0.009883190829015818,0.8857142857142857,0.5945714781595027,-0.5055382927855033,0.6252325902308217,0.749952326856059,0.06829141510656177,-0.6579572858977446,0.28992458468092525,0.860097271911882,0.4197337466148405,436
3.025437227417114,1.8228625324629604,0.825160231136802,0.32490576185187703,0.012923694903203867,0.8714285714285714,-0.4608405347361453,0.7630746292305671,-0.45314800205753536,0.5497518716381306,0.6462892301386043,0.5292287885567287,0.6967057349946792,-0.005228884343964263,-0.7173379800303629,437
1.8121044625635345,1.7188995187380738,0.5303549668466045,0.17859091815158545,0.009559925671249251,0.8821428571428571,0.6207316694099553,-0.476182352053902,0.622850352961242,0.7246441044789683,0.04517630735878486,-0.687640911448191,0.29930438759798383,0.8781853271638274,0.3731050987573844,438
2.927107329616109,2.6162953910865903,1.193644758462126,0.49795157674869583,0.009709925809142166,0.8892857142857142,-0.5197807886765938,0.7334688726422337,-0.4380083841522545,0.5161674156791125,0.6781770334717017,0.5231129039343886,0.6807342585134706,0.04581838208026659,-0.7310961257930877,439
2.680418680202336,2.508241361784441,1.087150763947151,0.26821954570088596,0.009405945479553507,0.875,-0.5448714370456882,0.6436205585985829,-0.5374641324228199,0.4837027127415974,0.7648280701602226,0.425522865168735,0.6849429193576544,-0.02811760381393985,-0.7280539798514778,440
5.198133663267176,2.834915183804317,1.77500476261156,0.5833016538859873,0.007626720536012191,0.9178571428571428,-0.4994004920132638,0.7621724021966475,-0.4119373470646987,0.47047698272940547,0.6378372809532529,0.6097663583275121,0.7274960874800256,0.11071057924134034,-0.6771208240375585,441
3.458132595774284,2.9185808786244936,1.3131510012985306,0.5806665040504361,0.009752515828600134,0.9071428571428571,0.6420733010061699,-0.6007554482535269,0.47627173706692305,0.15900705643660723,0.7120886275030791,0.6838468707131347,-0.7499724209185334,-0.36334925068656065,0.5527374511349027,442
2.4571078084479696,1.3681912641896707,0.6882643919758922,0.18059049055745394,0.015214048172551392,0.8321428571428572,-0.4429953978861944,0.7744185494497706,-0.4516978943052154,0.5497189334441278,0.6326386708930388,0.5455065593590418,0.7082119539126002,-0.006649989383633731,-0.7059685587733314,443
4.0705031566962875,2.1917365396053885,1.2920098870295356,0.5971795468117126,0.01188766501369913,0.8892857142857142,-0.4663803517564694,0.7636411986026942,-0.44647674888190136,0.518078819496523,0.6449091174323643,0.5618599176322314,0.7169963070229866,0.030730279029799995,-0.696399271730054,444
3.021857590826248,2.118546518579243,0.9590536512091649,0.4981799944319309,0.01252686959736249,0.8857142857142857,0.4528480806748654,-0.6033598362498145,0.6564187107553285,0.765923126241462,0.6401270761697894,0.05999242487866313,-0.45638840970997063,0.47559881660377756,0.7520075698604969,445
3.741154039569551,3.3883044443175314,1.48181224903389,0.7408113926953536,0.007634381181445225,0.8928571428571429,-0.5404433836226993,0.6057616815361498,-0.5839295627735798,0.7946123931395382,0.13930992949821439,-0.5909178354156004,-0.2766081954091454,-0.7833553017154469,-0.5566348691079255,446
3.4675162737023872,2.1202163445695463,1.143499807183684,0.3116744274799838,0.012816480342183302,0.8642857142857143,-0.5752841278160701,0.7384523983832253,-0.3517616062121702,0.498820797546837,0.657557914106587,0.5646196963714,0.648248397003526,0.14935074461768397,-0.7466380454172573,447
2.266132194694168,2.055998118776477,0.7429197109605346,0.22712612867065776,0.01200147243371474,0.8857142857142857,-0.5505844839746128,0.6474102617908635,-0.526988310054687,0.5730014321425364,0.7521833729057052,0.3254067182570128,0.6070634931940905,-0.12280116633030108,-0.7851075014155107,448
2.3650828341190495,1.455024841072283,0.7664074353843583,0.32852641647874026,0.013912423962295839,0.8642857142857143,-0.48395433591672393,0.7819281960221313,-0.39290774618602037,0.49133339271099097,0.6143338968410759,0.6174021059238181,0.7241406617187781,0.10574573020994188,-0.6814969864847946,449
2.7755992234204787,2.1510809331700447,0.8592315789128036,0.2939974259694863,0.011566402315235749,0.8785714285714286,-0.5786042792283992,0.5939073948297352,-0.5590090289298928,0.40598928554484903,0.8041678665184054,0.4341505988502368,0.7073823492859911,0.024249718055952135,-0.7064150076922483,450
3.782162954431391,3.206994321088083,1.4834586514472687,0.4325835818884232,0.007946476991221588,0.9,0.6367931733289229,-0.4701725421748855,0.6110910202142443,-0.6935632669042149,-0.003047683492337004,0.720389274230595,-0.33684484440589724,-0.8825692563250411,-0.3280351484018608,451
4.741185546223662,2.4983630435496695,1.6155391125637724,0.36000845083250266,0.009493157876400907,0.8928571428571429,-0.4956362186596496,0.7834911984043511,-0.37481499539863367,0.5071290890381471,0.6114093958567413,0.607452580626203,0.7050991602633654,0.11099591290227076,-0.7003678187316209,452
2.8440075269973546,1.477679761356368,0.7642322612098162,0.3442862842167793,0.017188468081855274,0.8214285714285714,-0.3604272610102968,0.8023670958928026,-0.47570918947311225,0.48162782162932194,0.5968268283373122,0.6417416757616874,0.7988284114584367,0.0021864138159575497,-0.6015549755769758,453
4.15856717808543,4.024665605053092,1.6375983716422955,0.6296940516863704,0.007489916617491155,0.9464285714285714,0.6721653634786096,-0.5144447758480363,0.5324850202046368,-0.29463620317894984,0.47393586380278135,0.8298037748635542,-0.6792519649702615,-0.7146547205498438,0.16698921665743396,454
3.400305471733404,1.7314308693049134,0.9494555940497332,0.4075894563455284,0.012697779292249954,0.9,-0.44701747825736843,0.7802089964347007,-0.4375491926798408,0.5558536319985984,0.6255170550345802,0.5474989987706212,0.7008581268176819,0.0015283138497331206,-0.7132990609347434,455
3.9343680296920125,2.614665754501473,1.2669501365994615,0.45854158115358346,0.010798885797873707,0.9285714285714286,-0.4533436303039633,0.7534200185556666,-0.4762749505300507,0.5691576189936549,0.6559077751949414,0.4958271827767169,0.6859585684312843,-0.04629542178662083,-0.7261663558147691,456
2.484997946653053,2.1848164184554055,0.9517721552875256,0.44660791578482134,0.01263905155006024,0.8214285714285714,0.6543313122531272,-0.39535929882357135,0.6446251303190362,-0.6828951890542445,0.05722052927999661,0.7282719078719738,-0.3248148619932102,-0.9167425133932925,-0.2325477791028776,457
2.3252069279430985,2.12990209392357,0.7174104722127427,0.277594840491157,0.009822887200443253,0.8964285714285715,0.6462148009453287,-0.3854762565016569,0.6586459494391945,0.7221438348017204,0.02974997098124491,-0.6911029019505566,0.2468090616186016,0.9222380359213579,0.2975941736708926,458
2.3971265060295486,2.3301012119769218,0.8496078700924357,0.3020212940919261,0.011348403606725866,0.8535714285714285,-0.5566021372200239,0.6381430436389236,-0.5319469115403835,0.24812319257102167,0.7387652755666456,0.6266264827832463,0.7928612376390118,0.2167932735861266,-0.5695364205890134,459
2.469872266709407,1.7244771956406846,0.691793933244693,0.30273053477913914,0.010859583142756406,0.8892857142857142,-0.450047047128614,0.7499574502772044,-0.4847901382500778,0.5781309972002366,0.6584409675671814,0.48189214800145286,0.6806042943201837,-0.06339806781683915,-0.7299030617486245,460
3.8959294651020304,1.4706588448990796,0.806512227651703,0.28302198552645097,0.009793535147281209,0.8714285714285714,-0.4354008809660036,0.8087991610589343,-0.3953099921889049,0.5601633239768793,0.5871590719624562,0.5843468787315981,0.7047291134366466,0.03298698656366114,-0.7087092036881186,461
2.954308467436245,1.7153360220724252,1.0042869649329889,0.3681737466650577,0.010519748116613017,0.8321428571428572,-0.49581807819100526,0.7969181395868142,-0.34508826716721214,0.5652436865520462,0.597822069744257,0.5684262025450136,0.6592905339469317,0.08677702301982737,-0.7468639368210156,462
3.3048728091421453,2.763662497268935,1.3240867244770014,0.47307392212146726,0.009575321694680922,0.8964285714285715,-0.5092930850190163,0.6893849712719786,-0.515139704290153,0.4828081603085158,0.7243926675051617,0.49208895903511457,0.7124021574162445,0.0019038511205881903,-0.7017688661230214,463
2.9467775153682845,2.8822353146828417,1.2703216628694078,0.4361161760087604,0.00931478502166684,0.9035714285714286,0.6147978493097337,-0.5783067364597939,0.5362694500429317,0.182521444701726,0.7658224569209889,0.6166051302896327,-0.767274088385709,-0.28120683320417833,0.5763793804875021,464
2.326708410477151,2.145897975564879,0.8748003460959797,0.22965672651042834,0.012273704169338907,0.875,-0.4685179196536513,0.728083845906957,-0.5003847242799776,0.5326135075569148,0.6846736196510957,0.49753882875790406,0.7048502043209854,-0.033405806130091115,-0.7085691508846994,465
3.010120132612389,3.010120130082347,1.2867601208397446,0.4573227351661363,0.008492383748094032,0.9071428571428571,-0.5582277882077664,0.6174175688736993,-0.5542357640199305,0.5138782609081178,0.7817429318699217,0.3532805138094477,0.651391487078787,-0.0875987107068926,-0.7536680943517357,466
3.0819557204251824,2.5575908992470437,1.1747294645873896,0.6957888484613456,0.010338478239299486,0.8571428571428571,-0.5624487145687103,0.6380230440749209,-0.5259068726584368,0.4145442503553406,0.7679320498750907,0.4882964583856512,0.7154051355542079,0.056630045064549966,-0.69641117884383,467
2.516909472622065,2.415016731887124,0.8790933165424701,0.4280391290008292,0.011882284903017308,0.875,0.6171333757304391,-0.5895920877123694,0.5210830707924816,0.22915040835631034,0.7681941014379794,0.5978025701400353,-0.7527526067106569,-0.2495175196711953,0.6091834866995706,468
3.441594669151022,2.634364900971366,1.1693257386625264,0.6436802164131538,0.010267914550180054,0.8857142857142857,0.6743496014687412,-0.28830533199009206,0.6798033910955672,0.7183823211245807,0.04317795497326354,-0.6943072121906748,0.17081995110235154,0.956564529841249,0.2362304903160907,469
3.4859707138614393,2.4153923432693016,1.2234940678902446,0.46878182517564226,0.009577160044671823,0.8357142857142857,0.6321916511859835,-0.47973883872840184,0.6084277794334051,0.7150057535386357,0.05869730844023501,-0.6966501262387883,0.298497049528781,0.8754457565134441,0.38012397822975613,470
2.6702440655169064,2.2162719936314517,1.0259144458539102,0.2615994088935819,0.011428212696508355,0.8642857142857143,-0.4262455450021891,0.7549050309439743,-0.49843066681461723,0.5719061950969754,0.6517871390511897,0.4980931934660075,0.7008837559649155,-0.07274558146679685,-0.7095562282170247,471
3.7059283284276052,2.677447754707366,1.2428311214426888,0.44457685125744023,0.008571502802771793,0.9214285714285714,-0.48055703862814936,0.6765143056980591,-0.5580262778855638,0.6462771348195419,0.7033153450496697,0.29609692741922844,0.5927822514502161,-0.21834816143841718,-0.7751988665897777,472
2.9133990931438194,1.2874891076267494,0.7578439707695033,0.297367445522708,0.016366414589044174,0.775,-0.4366297155341022,0.8079441352383754,-0.3957028757117172,0.5849726347888572,0.589138655414816,0.5574250274648646,0.6834921419159048,0.011912977374961997,-0.7298606530765117,473
2.6796452697913007,2.183369817692943,0.9144570126540011,0.5460336939392464,0.010734053511839254,0.8785714285714286,-0.47236743689340704,0.7868352284936415,-0.39718928455348845,0.5571391227051149,0.6157385269378427,0.5571912278525125,0.682982432068445,0.04190930261617887,-0.7292315186825769,474
2.474053901911028,1.864242683369892,0.7027580043142542,0.3499639606546166,0.010990786846666973,0.875,0.6147658166529439,-0.4320981365369978,0.6598137548401768,0.761825926452674,0.10876466133754778,-0.6385855512213329,0.2041672071111419,0.8952437929666883,0.3960483590359308,475
2.3811679532306465,2.2006548483382757,0.8342549730520459,0.5261464920581769,0.012264368528800484,0.9035714285714286,0.6379240635336915,-0.22374695101012929,0.7368786813840753,0.7667861211215384,0.09588366541915123,-0.6347010061132515,0.07135778598056544,0.9699193907843369,0.2327325541485178,476
2.9699947969857723,2.868548683435395,1.111515031707548,0.7204169064859778,0.010957235058909255,0.9,0.7461330852360403,-0.663064040155467,0.06026190976775462,0.5476832886866874,0.6627151317391167,0.5107363991897776,-0.37858741977181765,-0.3480728843456704,0.8576227799993439,477
3.3899558831946526,2.494704634618914,1.1945223714200606,0.45346481455511206,0.01244387295280981,0.9,-0.5879946543319571,0.7229337116623652,-0.3628072973619997,0.4422661534825186,0.6628977712538718,0.6041251479208813,0.6772465843109285,0.19476496966530113,-0.7095094577455996,478
3.190949807940024,1.9760300358261822,0.8628396796838343,0.36061267868042707,0.013256241568865651,0.8857142857142857,-0.3728347568074538,0.8090606438455072,-0.454329306447009,0.5488055782417866,0.5870831350538384,0.5951015290066518,0.7482022997873137,-0.02746392389390165,-0.6629019923618611,479
2.864891384460133,2.4667530168796716,1.0611273631560185,0.3575280599271091,0.01061831028172499,0.8857142857142857,-0.5148332477223758,0.6477769488505458,-0.5615440780361843,0.5153866172625835,0.7573038093596584,0.40108300272634523,0.6850717931620467,-0.08292143792305842,-0.7237407500939202,480
2.524187963857211,2.516101077175116,1.0075043709926654,0.6987900991748252,0.011433435631892643,0.8785714285714286,-0.5078011523755664,0.6892075957961845,-0.5168470562389709,0.5144800192569604,0.723837106321312,0.4597500987468597,0.6909763378230867,-0.03244585349829324,-0.7221488538794221,481
3.2009729681566625,2.7276003683065686,1.195631970554042,0.6061257632155207,0.009956887216699893,0.9,0.6412826248809584,-0.5556956331407604,0.5291114800626399,0.01677733941318446,0.6995614784971484,0.7143754325878645,-0.7671213175945528,-0.44923946967199263,0.45793971544388246,482
3.77762024861469,2.507923352387851,1.1750938756451537,0.35705107227504573,0.00916447849298331,0.875,-0.460527314898992,0.7683674405754894,-0.44443904924679656,0.5016867327099317,0.6383624065544145,0.5837840869027607,0.7322738657461143,0.045879343516754406,-0.6794630758059731,483
2.404216602243583,1.6218134267563433,0.8651610891371609,0.41673171099261075,0.011800500222348997,0.8535714285714285,-0.4287810371522882,0.7902580967854811,-0.43776587651802795,0.6213237556373938,0.6097321818630909,0.49212138449890463,0.6558228517360859,-0.0609820208378164,-0.7524477259419979,484
2.694509356872575,1.7811307965340242,0.7770609416030776,0.2418876982281155,0.01318434029067568,0.9071428571428571,-0.41698549725767114,0.7897359305528906,-0.44993361184794006,0.556487297887379,0.6132218453639621,0.56060757723957,0.7186410664349597,-0.016617110524308643,-0.6951826301563113,485
2.8286735387973763,2.634130527078755,1.0453677379494961,0.5225313989598307,0.010374323425559528,0.8964285714285715,-0.5810127603663464,0.5872078776438617,-0.5635699430633878,0.43141920073476936,0.8093532595628957,0.3985282605691704,0.690146104479951,-0.011584889637253987,-0.7235773246884132,486
1.996346206970784,1.9963391606768415,0.6914163643841452,0.44570759190368064,0.012914906804947085,0.8642857142857143,-0.5477590477327067,0.6049486864747101,-0.5779248327935748,0.40189970695233734,0.7961126514541687,0.4524171435149632,0.7337824276845173,0.015547762769491297,-0.6792066076638831,487
3.3549392847663886,2.553487164884227,1.2027123212537658,0.5917755950033966,0.010248701632143614,0.9035714285714286,0.5374189432763229,-0.5615278299753305,0.6291799230513929,0.6619228755409886,0.743156163255881,0.09786226979969093,-0.5225313256095844,0.3638755462764637,0.7710743158598241,488
2.9129900285763877,2.115571989753774,1.1074179667109574,0.2587442309415618,0.01071203502313133,0.8857142857142857,-0.5706929333548894,0.684070750421469,-0.4542651034765933,0.3065161331134144,0.6906720030659876,0.6549962170287826,0.7618119426472596,0.23456212950650124,-0.6038403526110059,489
3.7111184448482404,3.3027249402006236,1.3975277332136733,0.2907400061121599,0.007885946218439317,0.8714285714285714,0.6360374996292094,-0.47694821954947436,0.6066108265881922,-0.6890837749230319,0.0027538907876521867,0.7246764569263681,-0.3473036858474839,-0.8789270799981738,-0.3269057017591406,490
3.8457259244543285,1.6418414394944623,1.0645128210130905,0.20386047906533278,0.013365948343492353,0.8535714285714285,-0.44220734445801424,0.7884337163168517,-0.4275803310282053,0.5419843166611984,0.6147385740157492,0.5730178759082277,0.7146367363917734,0.02165087970225843,-0.6991606213220489,491
3.51277038770451,2.4057570582489443,1.192562178744053,0.4553827599885092,0.008910456555250525,0.9214285714285714,-0.49775035385902333,0.6724885113115586,-0.5477260148899088,0.5765980374852926,0.7283258969235032,0.3702378843914866,0.6479037647686007,-0.13153170729728292,-0.750280028772015,492
3.381093022529977,2.406063808073005,1.154089708650965,0.7631918721062508,0.01069525911450789,0.8928571428571429,0.6315362091304098,-0.4567558936348439,0.6265269907889256,-0.6898857639161607,0.03776400675005432,0.7229325781426628,-0.3538638852765378,-0.8887901515116023,-0.29126005093897844,493
3.05609102134651,2.0307181263256093,1.0360860067802422,0.5291573204736673,0.010801358944286724,0.8714285714285714,0.6426783550615479,-0.631605867998382,0.43363413085848457,0.2972671151923268,0.7272357104292619,0.6186763965933069,-0.7061138677016724,-0.2687047617487587,0.6551343044391188,494
2.6114835067505933,1.9281557390040356,0.890130164480707,0.24128245562141687,0.01124350110478067,0.8785714285714286,-0.44988865658251437,0.7570951973152857,-0.47371622188870527,0.5655126963391929,0.6520361718703321,0.5050190301878321,0.6912275941812192,-0.04069020490008904,-0.7214906238251697,495
3.0584975334126763,2.7942257709830822,1.1671232510487757,0.3408822699177043,0.00992123161917285,0.9142857142857143,0.5710575197153868,-0.5612884494974987,0.5990397195822699,0.7941085351907148,0.5626475645124808,-0.2298246124448625,-0.20805033889366317,0.606945627390846,0.7670280711143265,496
2.3026581840517104,1.4002750121771375,0.6843169241235564,0.23729122470579894,0.016971886124131773,0.8035714285714286,-0.4733131638473663,0.7636913982795935,-0.4390331389799128,0.5320187881253635,0.6450560482065539,0.5485058830621268,0.7020902064624002,0.026041176354061252,-0.711611691249997,497
2.54763228295359,2.139255096224551,0.8956355665265463,0.41473134235140535,0.012676554483057099,0.85,-0.5562947226179865,0.6634560000519,-0.50036218640352,0.4239779457034573,0.7444698534263668,0.5157589930349252,0.7146879620816722,0.07477147406904094,-0.6954353625759112,498
3.2677349440358263,3.2677349440353485,1.441694171302781,0.5498889341188227,0.00905718000774463,0.9,-0.5513065404681562,0.6416482663362042,-0.5332434722945766,0.027318381760385466,0.6526893690561246,0.7571329431078216,0.833855385816406,0.40284499479186975,-0.3773607103503376,499
2.4492672365053463,1.8834457049369084,0.7581369798219115,0.20935302255680024,0.013514372885545106,0.8,0.6114685217715281,-0.485058487302462,0.6251595882479846,0.7612497077796864,0.14506212623269824,-0.6320252067269081,0.21588221160596907,0.8623660727490943,0.4579515556075987,500
2.4252264178918064,1.927463323952829,0.8279907744052146,0.311358304848687,0.011654046932695922,0.8821428571428571,-0.5040575189618173,0.7048492680666761,-0.499112739653005,0.4933216050348236,0.709316764647034,0.5034913319974138,0.7089145305210798,0.007565493806448553,-0.7052538207762805,501
4.305918651404133,2.7756720327211495,1.175496760785827,0.38600004147337874,0.008898575223684516,0.8857142857142857,-0.48856601431909225,0.7307299326818587,-0.4767987155342627,0.5268586682269863,0.6826559971172675,0.506360280150325,0.6955021160042886,-0.0038151123961761013,-0.7185139188289686,502
5.380758987197546,2.2874924107187624,1.614161583749259,0.8959740729829154,0.013844679257745662,0.9071428571428571,-0.4170164329226561,-0.28973104983241676,0.8614831475052019,0.6346857691954685,0.5856338346060842,0.5041894347815415,-0.6505930133756592,0.757026373733161,-0.060330758483547964,503
3.0805201132879096,2.7517361547049775,0.9081658585285303,0.4331420679487244,0.00812706490422204,0.8821428571428571,0.521673862463382,-0.48104961733801227,0.7045904107220651,0.8020397010796836,0.5580726106111141,-0.2128080806212671,-0.2908413641739226,0.6761258957802518,0.6769527856067985,504
2.2360865889178436,1.659216879095231,0.657651200643091,0.2622301855410619,0.011299836968337099,0.8785714285714286,-0.5439119668954826,0.6440507237096735,-0.5379204751233524,0.5014859162477884,0.7634511539775952,0.4070064020324427,0.6728087752645647,-0.048383889667160535,-0.7382325860781767,505
2.455515597118201,2.455515595214688,0.8198715657606167,0.3451036381521969,0.010913581441264725,0.8464285714285714,0.6089562031303914,-0.5534698811444336,0.5681931303130865,-0.5276578906218738,0.2521822025711726,0.811160457105021,-0.5922410768711439,-0.7937727806950291,-0.1384748334326106,506
2.6593808422857412,1.5177583599464732,0.7430330533644011,0.35121590105875683,0.014443374009257678,0.8678571428571429,-0.45326513362564697,0.7808602362171163,-0.42989302173246985,0.548524456619417,0.624495558617996,0.5559912029490848,0.702617704822258,0.01620459074911887,-0.7113829995923123,507
2.318617146262426,2.1421756955911517,0.8031478693481651,0.337300051037675,0.012520354434582348,0.8464285714285714,0.5922754148626418,-0.4801950702983908,0.6470104538648577,0.7884938749169369,0.18019459367917853,-0.5880538390549539,0.16579276874387325,0.8584536113675096,0.4853556994229297,508
3.921130679882411,2.0299112625296463,0.886391969334444,0.18306929990653753,0.0071793973071079325,0.9107142857142857,-0.44834655604571033,0.783934352006121,-0.4294558154533409,0.5465912758599341,0.6206017328875193,0.5622201226306451,0.7072646907882227,0.0173326536269367,-0.7067363272695755,509
2.047104700798605,2.0240998743026455,0.6806600772712748,0.4494231846553513,0.011500194044283664,0.7964285714285714,0.5678600273273549,-0.5396455407000209,0.6215445919371818,0.47011869612894847,0.8324598389237463,0.2932559089414361,-0.6756651544321294,0.12567142468211506,0.7264181248458592,510
3.643890015028601,2.9504551010936484,1.3383594235685985,0.4812805844735274,0.008756333812492936,0.8857142857142857,-0.5127039339922698,0.7046697514201099,-0.49048467611370994,0.4384394855570414,0.7060677778867648,0.5560927175701216,0.7381771424077876,0.0700630748937465,-0.6709587706879656,511
2.4877715617492333,1.9118165068800859,0.8860168217380575,0.25064905634683726,0.012679291279122906,0.8857142857142857,-0.5835984876854639,0.6063311761973621,-0.5401622996307341,0.36566609754510676,0.7901551363323706,0.49187718551860615,0.7250524879464741,0.08953974144867968,-0.6828480976204969,512
6.366547397005379,4.520335563809265,1.977689226621128,0.25137136806666305,0.007930252525147697,0.8964285714285715,0.6720477674818395,-0.636709831284002,0.37809045077728837,0.2740330310319958,0.6881733429957834,0.6718060344276652,-0.6879372763022024,-0.34787647338718625,0.6369648837554561,513
2.161156019332207,2.128607429792609,0.7490254925645797,0.4513325157033617,0.013542795599393132,0.8821428571428571,-0.5814537795935314,0.5884621213809139,-0.5618040885364501,0.7449137238998345,0.6627262737667795,-0.07679472641321747,0.3271315425667146,-0.4631481596196559,-0.8236982069294844,514
3.101983788460698,2.402654372921233,0.8577301143218137,0.5080738772771823,0.006527407240703092,0.8821428571428571,-0.467515516142933,0.739923892122505,-0.48367538290871337,0.5226708988988422,0.6726439799657353,0.5237988236528714,0.7129125988575902,-0.007918969765005557,-0.7012081832865171,515
2.5389653517345603,1.8778814694206898,0.848850638671749,0.3742313619066783,0.011328535249367397,0.8571428571428571,-0.5397706903440092,0.6916688389477624,-0.4798351999116012,0.4208844147238772,0.7153832608745018,0.5577482402510149,0.7290431477547068,0.09910099539973771,-0.677255551046051,516
2.513547100875516,2.0519907500260697,0.9203216140398949,0.2992674894039202,0.011874247796856243,0.8357142857142857,0.6643859365558404,-0.30399980987769637,0.6827704174179952,0.7207496923058512,0.0188754471970949,-0.6929383800412058,0.19776553882777365,0.952485082868721,0.23164835109433912,517
4.937326901144116,3.1163175711504354,1.4037249276147716,0.37813595288894775,0.009735481689376053,0.925,0.679845157481612,-0.5666069241357293,0.46558259779576183,0.1308282150805187,0.7183871633960048,0.6832304600987045,-0.7215916712294065,-0.40357957949986745,0.5625202067686658,518
3.3857650759599283,2.1143542694717787,1.024847860923897,0.5388117728586626,0.010333503895928001,0.8928571428571429,-0.41550934466440986,0.7858406460519763,-0.45804635519690035,0.5572956152203211,0.6179305811035044,0.5546020142347927,0.7188696556071597,-0.024824905834621852,-0.6947014771090858,519
2.3301454867940445,2.3301093706809852,1.0055501297035994,0.42121768498060763,0.010119075503201387,0.8821428571428571,-0.5808193096501558,0.6444458998702679,-0.4973312896630547,0.2653710173865012,0.7274709853336988,0.6327433829198618,0.7695629621212094,0.23553226453719278,-0.5935464595911698,520
2.9188132833452696,1.5830450252321009,0.8943179528068503,0.12071425346333431,0.0129375057442258,0.825,-0.5024559778157152,0.762227164876534,-0.40810260901093826,0.4950265646956537,0.6406053894985583,0.5870037778336868,0.708862956150816,0.09292192459092566,-0.6991987023210534,521
4.669452772825012,2.5268169961967,1.5864269407780254,0.485668926792932,0.007918457875807977,0.875,-0.49179996867657777,0.7378085895412958,-0.4623540591460195,0.49449880622439396,0.6737373109162268,0.549134743502923,0.7166615110722542,0.04143091935324861,-0.6961894551551167,522
2.954093611412986,2.4535790057418057,1.0135391275887426,0.45675193075547077,0.00931890136039362,0.8928571428571429,-0.4625146533238141,0.7476186065539607,-0.4765990081767546,0.5484549634896613,0.6636154333032688,0.5087354024493177,0.6966185100069524,-0.026095513331393483,-0.716966997636338,523
2.2269954220402557,1.8054940814786367,0.669472435062083,0.2791036055053497,0.011705967585938006,0.8392857142857143,0.6889177570039932,-0.3234117970807866,0.648688780227902,-0.6658170438208597,0.07137521087319723,0.7426932364243384,-0.2864960527515844,-0.9435626045905927,-0.16616143648867102,524
4.789097733464138,2.475241173742246,1.3391429459604507,0.6901604974493906,0.010368717435247282,0.8892857142857142,-0.37984271237295364,0.7488583570805459,-0.5430752018715118,0.5778205317355473,0.6505292504766135,0.4928844969961876,0.7223869786769465,-0.12658141769217582,-0.6798045290618708,525
2.6855517934514124,2.27806882493229,0.9087341928994148,0.3933060304710734,0.011964448037981192,0.8964285714285715,-0.5016462574377948,0.7039589252976117,-0.5027851070710878,0.5289146368529447,0.7095046286423913,0.46567423039904215,0.6845438914498992,-0.032326667456668484,-0.7282545209264235,526
3.3888068223653445,1.9306544893652606,1.089037741592108,0.29863865579972904,0.010070030529373842,0.825,-0.46971736527121094,0.7717287910488518,-0.4287193368964705,0.5609380675611058,0.635894933014425,0.5300812376677675,0.6816994067207951,0.008503365972221483,-0.7315829492570602,527
2.110584900168284,1.8681651927678167,0.8185629827942521,0.5064206483814625,0.016509981624287313,0.8428571428571429,-0.5537964030411094,-0.1610083784484044,0.8169368678472925,0.6163105793927905,0.5804572386453691,0.5321941974812539,-0.5598846432143428,0.7982140666347646,-0.22222396387235044,528
3.8199140038219013,2.568969925321274,1.4173274715458293,0.38028002285974144,0.009967633589524188,0.9214285714285714,-0.42749791857090025,0.7785547944441512,-0.4594539820978522,0.5720755069576933,0.6265116412339106,0.529351280094315,0.6999822454581589,-0.03654579929919846,-0.7132245513139159,529
2.5446550846505662,2.544577092208339,0.8929826399651077,0.20080697217167842,0.011462673128685453,0.8678571428571429,0.6157499028223894,-0.5142624833877082,0.5969808668241597,-0.6495692147668332,0.09754341604261547,0.7540193082500852,-0.44599539504508096,-0.8520677086749882,-0.2739867285689908,530
2.8639408340511134,2.102457983173549,1.0421642956711183,0.4168058545712995,0.010168743931708099,0.8392857142857143,-0.47664723607204523,0.7515005357119782,-0.45612975913602677,0.5287570208978044,0.6595956850565919,0.5341811912694081,0.7022986723582487,0.013434175796637304,-0.7117556446734414,531
3.283239792778045,2.560773454364112,1.0715556238561061,0.3765471028439302,0.012119858634853936,0.8964285714285715,0.6263910308939629,-0.6177874485948028,0.47536611656103805,0.38077010553682106,0.7746186815604138,0.5049554682415911,-0.6801826248479719,-0.13529436993581873,0.7204491864931164,532
2.8561847116444543,1.398737654271142,0.8610839649361742,0.2181630802754724,0.014643914932763877,0.8214285714285714,-0.4605780897161609,0.7841399494020348,-0.41592350621861496,0.563642152027655,0.6203574419683456,0.5454027581999604,0.6856933335909325,0.016768540373715113,-0.7276973741348042,533
2.992613162591583,2.5468316652491185,1.1537852405894302,0.4947227412417776,0.00980126645870567,0.9142857142857143,-0.5788105076390756,0.7173875243306113,-0.3877286888810165,0.40442271154173537,0.6654108359108374,0.6274318208711374,0.7081106316359229,0.20635784304754995,-0.6752745915380919,534
3.30720808049041,3.086221952199895,1.2877132295666827,0.37146223249566107,0.007476367041687886,0.8535714285714285,-0.5158095046810204,0.644062574502159,-0.5649105725744309,0.593746026930475,0.7441045452428869,0.3062255398446579,0.6175809342790596,-0.17745936400913703,-0.7662257916178994,535
3.5108978240382753,2.2358797458905317,1.1396195457319078,0.14396663624045458,0.00804586540085116,0.8892857142857142,-0.46807016363407566,0.7122097394232905,-0.5231324965877941,0.5865012360799832,0.6931798231175729,0.4189487234726253,0.66100425262794,-0.11072045833222999,-0.7421686857544445,536
5.508908236770278,2.1897948985554834,1.55065226024108,0.3224843449928258,0.007323828789902821,0.925,-0.40582965405900595,0.8020144891225081,-0.4382636776233116,0.5726598158900525,0.5968650156703555,0.5619723198998305,0.7122941998578387,-0.022910964763377728,-0.7015069925114736,537
2.3685428619985105,2.220978343765517,0.8151590072240327,0.1847651192021674,0.011798963408333769,0.8428571428571429,-0.5513387687921344,0.6151178373350052,-0.563609446531088,0.4554587839843272,0.7879296993943107,0.41439604836908067,0.6989870228539952,-0.02822826605899434,-0.7145770125584865,538
3.1439382768338198,1.4968869226149808,0.8237687381603547,0.23187299081544444,0.017146722934395994,0.8,-0.4672805323811809,0.7881366240294192,-0.4006114900013104,0.5887657741011973,0.6154345718162145,0.5240182735939756,0.6595481538936926,0.008997203838004592,-0.7516084639082501,539
4.948644218835842,2.43294293308589,1.684999085721224,0.40111804138862533,0.00501971603081286,0.9464285714285714,-0.49335455307042486,0.7001536085257546,-0.5161261565092838,0.5718495668865735,0.7081873492565438,0.4140757795435859,0.6554306659108342,-0.09086034790465225,-0.7497699909721154,540
2.277699793252441,1.9637278233775899,0.7547749515319598,0.12625653059860156,0.012760400690601182,0.8142857142857143,-0.5308297224660934,0.6481997322057002,-0.5459458882664369,0.5028728591115451,0.759449070061579,0.4127420472299654,0.6821573816323843,-0.0554456233715655,-0.729100191697539,541
2.992209799338286,2.6267942185926336,1.1896299596836313,0.30181624888093217,0.008786457132997692,0.8535714285714285,-0.5414547855127512,0.6321567270956877,-0.5542603969552659,0.4441058701609844,0.7748363285439752,0.44988736374457966,0.7138604144606251,-0.002556629844372521,-0.7002833514442159,542
5.37351099989199,2.467848457485932,1.212232822175757,0.20237182515866384,0.005291451144753922,0.9142857142857143,-0.5469632111985455,0.7343848958694431,-0.4018831550515677,0.4834799896562696,0.6690119891413306,0.5645086872556823,0.6834313024711034,0.11446302068348252,-0.7209853477697477,543
2.570708890288359,2.2739136360610837,0.9352999800689017,0.20373558777015274,0.010580348709973162,0.8964285714285715,-0.5958457009925007,0.6241547505558318,-0.5053699120123228,0.22523185815929533,0.7338931813804055,0.6408364911531321,0.7708686727834169,0.26801426395237743,-0.5778666313598656,544
3.528060648175285,2.8152259960493633,1.0917781102693076,0.39473943507572756,0.010963180311916282,0.8357142857142857,-0.5088555465497746,0.6956972130427532,-0.5070221104745595,0.4662449549333469,0.7178388213864292,0.5170329472187857,0.7236585346313078,0.026698581892834528,-0.689641581533611,545
3.1740201660433414,2.855062446550034,1.1586943834060388,0.4859624395079017,0.011093579721622653,0.925,0.5401202264005003,-0.45490831412229055,0.7080455965370365,0.8354052405155706,0.39160167347964453,-0.3856763065668717,-0.10182448208654937,0.7998165758912211,0.5915447741105053,546
2.3100995857497613,2.310081939779039,0.9155903955194005,0.2863535508822214,0.012280565099565705,0.8642857142857143,0.6218064641529316,-0.43863380985593736,0.6488120698545106,0.7338203422255564,0.03688268459568092,-0.6783416343650027,0.27361364453110953,0.8979087082929317,0.3448123041570917,547
3.025036574013329,2.417937644160028,0.93516104681502,0.2926006495890823,0.009751084679040562,0.8714285714285714,0.6451437825459196,-0.5936148663189236,0.48105185825179975,0.08318951586409945,0.6804281798115656,0.7280776033972043,-0.759518929515677,-0.42969626784914766,0.4883565430132719,548
3.744026503739371,2.4548496235663353,1.1503588180218962,0.2548237139907097,0.011095722924371106,0.875,-0.4323188248956167,0.7755859702150417,-0.45996395124668793,0.5699632182411809,0.6303104337021955,0.5271154399354151,0.6987434174953129,-0.034280606350277215,-0.7145505416240535,549
3.592378854161741,2.4487015667149,1.1452777540767876,0.3201332493133419,0.00956738129133706,0.8714285714285714,-0.5702144014300504,0.7118760761625795,-0.4099853516762989,0.40069948501885155,0.6766948280818861,0.6176763168139554,0.7171439598207576,0.18792701198762204,-0.6711095134611099,550
2.870842811935195,1.6085682372809422,0.9155649191471813,0.12149291223570095,0.014754433578845141,0.8285714285714286,-0.4976442682360354,0.7287162412713465,-0.4704495955989138,0.5072761736217568,0.684464571517131,0.5236211741455262,0.703577334745435,0.021929205303224203,-0.7102802573542918,551
2.841504418938716,2.6514834116876482,1.2275728561414607,0.47490617430040855,0.0082012291125733,0.875,-0.5420896633346497,0.5961763341665667,-0.5922099082972527,0.5977736609445526,0.7688953223650246,0.22686258732133843,0.590597534016756,-0.23102762134623464,-0.7731887162836946,552
2.3723277193038053,2.186285019399015,0.865904294574106,0.402731850662555,0.012568103503303875,0.8214285714285714,-0.532713584826573,0.6401756826329273,-0.5535262702949943,0.668203752721237,0.7195441687338263,0.1891029721881784,0.5193457243402295,-0.26913060882518075,-0.8110787471034548,553
2.817236754149966,2.3243099019038467,1.0505573395129917,0.376459720520755,0.008598379125965004,0.9035714285714286,-0.490085261429662,0.7250106279124018,-0.4839173751204692,0.5597505261355609,0.6873293355542544,0.4628798256324314,0.6682034009344631,-0.04402242497423564,-0.7426750575312229,554
3.557594017751214,2.3649254481106348,1.100288578492919,0.24002587335309503,0.010089683676349418,0.8535714285714285,-0.4596864527753137,0.7623155737756888,-0.4555911885823647,0.5510428395611326,0.6471447042613054,0.5268353829375465,0.6964482422285615,-0.008871173856372927,-0.7175521919492387,555
2.6723225305916136,2.12401421313993,0.9563051594893325,0.24503736925928463,0.012392891747052501,0.8892857142857142,0.654008062731322,0.3786219818862005,0.6549189634718093,-0.7007319137804794,-0.022999643932469685,0.7130538558822371,0.28504076707020354,-0.9252655895533699,0.25027055339469056,556
3.1736957580237743,1.3928811566578856,0.8160033406551024,0.08126644501079644,0.013492943675435333,0.8607142857142858,-0.41350781258692526,0.79621681196715,-0.44164474101979817,0.5777714878538791,0.6043479235086628,0.5485833529864739,0.7036983705769762,-0.02832623680681201,-0.7099339599960501,557
5.079557737570959,1.788772298201455,1.1258090896569035,0.19937853193581626,0.00865446650859431,0.925,-0.4526828587371284,0.8014948798989466,-0.3907482397930338,0.5393131182674267,0.5950852871135308,0.5958312357754261,0.7100842132242104,0.05898693547540662,-0.7016416119166355,558
1.9296070730181776,1.9296070730164412,0.6790212353414118,0.39365459995176133,0.014053636302475758,0.8607142857142858,-0.49427728378558566,0.7288672410801097,-0.47375364021167454,0.5160039006300177,0.6845816077388192,0.5148669700809525,0.6995926966944055,0.010028321195633544,-0.7144714770414888,559
4.6686201404136325,2.8145555666032913,1.271787070643561,0.880770060051752,0.009020609258566433,0.8892857142857142,-0.3801181623350514,0.7516507749603514,-0.5390095501607803,0.535211775504421,0.6540257665407465,0.5346013954921874,0.7543596874332753,-0.08527255831914621,-0.6508994183230455,560
2.368701421223327,2.3540701164469926,0.9146290573303906,0.7917788462658035,0.014897300104422527,0.8892857142857142,-0.6614884623625462,0.1503770532130228,0.7347242721104305,0.6979403415087082,0.481936520727985,0.5297324510385522,-0.2744308544168128,0.8632056138925256,-0.4237496599272805,561
3.8545776577010584,2.4662880760539014,1.2284557394699769,0.5935750529164977,0.010395437927268205,0.8928571428571429,-0.40267789276841087,0.7366944029358707,-0.5432604084217377,0.5415415018885387,0.6702298558805371,0.507468956704408,0.737958885309946,-0.08985152736217383,-0.6688373394352221,562
4.505817961658668,2.379029462399347,1.559728921050046,0.3933108411103972,0.007974253744173659,0.8892857142857142,-0.4852367076791746,0.7600384924239799,-0.432304091531134,0.501801276939109,0.6469451913647011,0.5741579903061264,0.716059226588803,0.06167178774751167,-0.6953098407279097,563
1.9651346762989246,1.8276587051396198,0.5550211071536295,0.07913550981172607,0.007208193062560653,0.8821428571428571,0.5799969264598087,-0.5510025524961618,0.5999997936998726,0.8088901224109096,0.3023522116939393,-0.5042617474584473,0.09643824533471565,0.7778041702295622,0.6210638756281542,564
5.400554934509486,2.8257281184094274,1.3976788610330209,0.2875079978523222,0.00744457181986588,0.9285714285714286,-0.5405140799188866,0.7212883046276458,-0.43311397000883733,0.47508287617655365,0.6865313498420104,0.5504279847972126,0.6943635864395922,0.0917490451802282,-0.7137515832103376,565
3.7047209702914095,2.296497288505368,1.2845514396359998,0.33471540186940585,0.007966909860754285,0.9035714285714286,-0.48328080677428786,0.7135835893359113,-0.507186477376981,0.5929053340541554,0.6930276702181717,0.41009256657747833,0.6441295884010637,-0.1025237013692471,-0.7580144879907148,566
2.108803784535828,1.2154052255273615,0.5135441846831876,0.15616654174851533,0.011509360745928359,0.85,-0.45796779674958393,0.7619152901722379,-0.45798535756297537,0.5123828408084609,0.6472387917002602,0.564398592276273,0.726449806652451,0.02381254123653545,-0.6868068442396851,567
3.1224992011939534,3.122481477964473,1.191168124823673,0.35402098762233014,0.009900584052101181,0.8892857142857142,-0.567361209710015,0.6057766245140299,-0.5577956067492611,0.4284017336397077,0.7956244651369425,0.4283149134574316,0.7032589937788789,0.00404866248805269,-0.7109222151552,568
3.405129062235581,1.9113399982657617,1.0663953060660085,0.4230372888529812,0.010238054740180916,0.875,-0.5231994913287359,0.76472544121354,-0.37610808530807793,0.5106696995631419,0.6346529193728391,0.5800276975107508,0.6822600312354831,0.111403193366658,-0.7225721958989763,569
2.225139397550177,2.225139397550177,0.7194385320440326,0.9146544504893992,0.013743060112426589,0.8642857142857143,0.6952349340581307,-0.471910049832017,0.5421709060183235,0.4609673159550557,0.8714782899035307,0.167435730499824,-0.5515047779361285,0.1335158982831673,0.8234172604574551,570
4.844937416064685,3.033215344395568,1.4986011401366917,0.5636876900958212,0.010295438138086263,0.9035714285714286,0.4674759862314228,-0.5203994238443356,0.714598238144653,0.776367853136633,0.6282652374169618,-0.050356211825593813,-0.4227518881246707,0.5783314197896325,0.6977202949399808,571
2.176458390971641,1.927771083744231,0.6954208714376753,0.31286061729347736,0.011697558550358408,0.8678571428571429,-0.557728420129037,0.6482660706259309,-0.5183532685877306,0.46305029454854063,0.761300888609314,0.45387815735192505,0.6888566135988521,0.01311711393122017,-0.7247789367960671,572
2.403753102070104,2.4037444786129583,0.7991486469800365,0.3334366807639226,0.00927281358183867,0.8964285714285715,-0.5112724857263008,0.6829673648076453,-0.5216857521026909,0.5357874826220697,0.7279176446439911,0.42786408599162606,0.6719614712204524,-0.06075756104095145,-0.7380896286844845,573
2.450957294315765,2.2927905003111273,0.8245911534197421,0.4596556885213837,0.011475818299680033,0.8821428571428571,0.5514967457430843,-0.5368684862836758,0.6384540452297741,0.819924131512653,0.4897524862959535,-0.2964235495539339,-0.15354399368913638,0.6869605014863711,0.7102883297644584,574
3.3914970870660235,2.0247523500159392,1.0837236465779494,0.3627414155076571,0.013524608144758496,0.8857142857142857,-0.6464899502357816,-0.07986635224096005,0.7587305912007631,0.6023988679017357,0.5568204374874566,0.5718973722154918,-0.4681520567025674,0.8267843528853218,-0.31186741674813634,575
3.084962201545373,1.9546198013303118,0.9602389719322451,0.45380941960350885,0.010497466688851948,0.9,-0.44478877310662385,0.7359889266087607,-0.5103755942711098,0.5808792667685154,0.6707984804966013,0.4610950834718611,0.6817200486686423,-0.09137668451380218,-0.7258843411801144,576
2.919840359512943,2.0682142782721105,0.8220222174520369,0.3063722783650538,0.00908366751857148,0.8785714285714286,-0.4564681770321164,0.7234202355759676,-0.5179768007509489,0.6073640936701763,0.6787778617679568,0.4127583701076525,0.6501889425983665,-0.12618944937248983,-0.7492199688942401,577
3.989389964825655,2.2573543852599207,1.267316373937602,0.2537361435135659,0.009336734321983198,0.9142857142857143,-0.46124439046127874,0.7080173388975677,-0.5347570103218939,0.5990080553353786,0.6931002095760219,0.4010005600108342,0.6545555453216568,-0.13536449795305006,-0.7437966730112385,578
1.986188421142857,1.8376188403490041,0.6965150325078214,0.3411805958695624,0.014669028189286549,0.8214285714285714,-0.51492408607634,0.6952683517831187,-0.5014529933974188,0.540329037249925,0.717372145287139,0.43979738138226465,0.6655056101063427,-0.04448734848149011,-0.7450658754379181,579
2.3118378123092804,1.826531176186477,0.7144898944718299,0.5742899966215097,0.014728717570832123,0.8285714285714286,0.6893383976478382,-0.4752891847821666,0.5467291508209657,-0.4301974513913954,0.3386479883530394,0.8368080382027814,-0.5828745373960496,-0.8120453994780976,0.028974865690765877,580
2.6528965492162886,1.7767325834351595,0.7027419040636975,0.21713314076645912,0.009854344136302073,0.8857142857142857,-0.45081843357677553,0.7801702196675234,-0.43370170427531274,0.5520297859049894,0.6255003209714312,0.5513732528318074,0.7014455470106529,0.009152967200036916,-0.7126642742346224,581
3.8586843730593516,2.684411742910822,1.1378209628590974,0.6679665275627786,0.008185828357766819,0.9107142857142857,-0.46200946577304003,0.7502242994947276,-0.47298071206314074,0.4810592260281331,0.6600290264062757,0.5770127428007091,0.7450699796591752,0.03905361377426239,-0.665841978747095,582
2.0734266156768233,2.0731088000498707,0.8087093190887197,0.3249260996535855,0.012943651973324331,0.8392857142857143,0.5694862872060386,-0.5527464126292265,0.6084051051805879,0.1413702058968942,0.7949832525222694,0.5899288881668564,-0.8097529460081953,-0.2499460572496281,0.5308739350320513,583
3.262359316544612,1.6493587272315995,0.9988325933594793,0.0637104705186373,0.011751850830399124,0.8785714285714286,-0.5176330356521543,0.7533636769428246,-0.4055850227322541,0.5126776708023032,0.652614499862359,0.5579031461016585,0.6849946322871888,0.08085471434981764,-0.7240475598364715,584
2.5351211638458424,2.535121161288776,1.0252788317891983,0.5883597307170308,0.010597029281573987,0.8571428571428571,0.6238293554500369,-0.5799515684210401,0.5239209039203981,0.1344393402792153,0.7399870187749042,0.6590487658966664,-0.769911033213631,-0.3406983861579112,0.5395939312161637,585
3.307086277760788,2.0627261463712725,1.1751031567297634,0.2288548793449342,0.01024560949531713,0.8535714285714285,-0.5210832708783537,0.7239248818964986,-0.45211170100082193,0.5084195309701391,0.6887493869454964,0.5168499419660475,0.6855521900911847,0.039459439344005615,-0.7269533322764514,586
4.6535164366874175,2.7268231694211895,1.6530468317274694,0.3479755487257091,0.008369811977006005,0.8714285714285714,-0.4078121635911631,0.7964370870943764,-0.44651674719736884,0.5649112679645976,0.6042801602123652,0.5618903338733895,0.7173315123105392,-0.023096629068825314,-0.6963490842759341,587
4.34338471790283,2.70136935240111,1.402650820096053,0.4912388099784185,0.009223552263534504,0.8821428571428571,-0.5241328513736891,0.7707575165828141,-0.36223970619188,0.5224769965923974,0.6269104329598184,0.577928280219891,0.6725344170692488,0.11364928366349791,-0.7312874251483473,588
2.6791415839407016,2.2026089897270174,0.892567814529174,0.5736132458528219,0.012971364394893409,0.9035714285714286,0.5745639458970462,-0.2026466470042557,0.7929757931571108,0.8184388185595001,0.1353356681941498,-0.558428291895542,0.005845712116241866,0.9698549341898384,0.24361287789745117,589
2.608695868861101,2.199132401427065,0.961200056055938,0.6336406202312178,0.01126601148512984,0.8642857142857143,0.37399095951476635,-0.6508296953685382,0.6607204172929122,0.7443930005986457,0.6355857901967898,0.20471874354749997,-0.5531815460235177,0.4152726946554733,0.7221764093437371,590
2.668169345061967,2.4101010370055453,0.9032318205923875,0.4859442673942882,0.011815416723657554,0.8178571428571428,-0.48483832733577686,0.7335900023336882,-0.4762116176893477,0.4979123292888322,0.6791557385557109,0.5392873029554993,0.719037626754272,0.024355518120260683,-0.6945442390868116,591
2.20150910402982,1.8650074729158712,0.7519057275156451,0.3160952294143375,0.013392633369313496,0.8428571428571429,0.704308764165914,-0.21672028916205402,0.6760040539705355,-0.6929823761622047,-0.003278038703916937,0.7209470721147568,-0.15402789048632615,-0.9762282370059634,-0.15249209233452407,592
2.900697108223047,1.9041304906010876,0.9385427307515368,0.3027973465377244,0.012284125616997496,0.8964285714285715,-0.5038279495749389,0.7197199351086792,-0.4776616084994393,0.5026232803248395,0.6939865056369117,0.5155119475524953,0.7025149359996632,0.019645482967529743,-0.7113977928672269,593
2.3793213383667506,2.3793213383171046,0.8189571176412063,0.4517810598830973,0.013581256009826246,0.9142857142857143,-0.5226615695310225,0.633167688576682,-0.5708971552546308,0.5110840304194649,0.7686759937764673,0.3846171218783113,0.6823620722062179,-0.09075183047312094,-0.7253592955771742,594
2.7130241430276167,2.253816037843517,0.9637347905064968,0.24039817374514313,0.010848556086278308,0.875,0.648376925351245,-0.4582031996899832,0.6079944000284274,-0.6600286525855067,0.05970663659602272,0.7488640032159051,-0.37943318310109175,-0.88683986454165,-0.2637148350425541,595
3.2335345826017172,1.8498091637510177,0.8593660789074208,0.3969006495724029,0.01241211417251011,0.8678571428571429,-0.473739465486691,0.7508690757939023,-0.46018099684449765,0.47467777751588763,0.6578484710050388,0.5847361770310694,0.7417896779903062,0.058574911120238105,-0.6680696471284222,596
2.2620667403538337,1.6440211176296342,0.6391898931993477,0.33469194482964215,0.015261134473676817,0.7964285714285714,-0.597936184972663,0.7564974086199124,-0.26492261030666026,0.4621398183108116,0.5954215565463007,0.6571909603240376,0.6549038914466668,0.2705269686211298,-0.7056316689439859,597
2.9108769526171514,2.91087132804143,1.1625406061868866,0.3175228422258753,0.009471743500273466,0.8928571428571429,0.5969474805274383,-0.5689758583866658,0.5656148672596052,0.20804779610342194,0.7906760327853142,0.5758016374719559,-0.7748353502702705,-0.22604841019576707,0.590366239058022,598
2.497080689266689,1.5106109336433653,0.7541694962659712,0.24497270488841158,0.010951001986527627,0.8857142857142857,-0.471996944206813,0.76157741267577,-0.44409315369808466,0.5375097783151195,0.6478749052995675,0.5397604517734766,0.6987861782226819,0.016060871245250075,-0.7151502817868296,599
3.4797734178960016,2.401792249582462,0.966409924422306,0.48318815837571905,0.010870164858710224,0.8964285714285715,-0.3673733309352714,0.6725312619937794,-0.6424473031763601,0.6943578775369375,0.6578870275167488,0.2916364122114656,0.618792350970762,-0.3389489056867288,-0.7086675283331713,600
5.75003241449983,3.1163007237641107,1.7230111946882876,0.49042851916218644,0.008048646539226647,0.9321428571428572,-0.5114582133914104,0.7690311217367151,-0.38340791561317084,0.5028265837698801,0.6296587336875458,0.5921953273585566,0.6968327795165625,0.11009547171144762,-0.7087334227337212,601
2.597209862164921,2.045944359562611,0.9120408078583812,0.2635733715521355,0.012044369044712826,0.8714285714285714,-0.519468462500597,0.6107455476692545,-0.5976139158934038,0.5046598232257321,0.7836595977070357,0.3622100188335763,0.6895440372369547,-0.11343505156621256,-0.7153051864673792,602
2.860024697933219,2.6818810815208223,1.031238364626125,0.5166423161338253,0.010097418521205557,0.8214285714285714,-0.5994741210739379,0.6676517980686222,-0.4414429234888304,0.31360921657619445,0.7033630817032465,0.6379103656277878,0.7363966576791989,0.24397018636023546,-0.6310297225378982,603
3.115669912570784,2.294792868444497,1.1848097431218858,0.6189345198956939,0.010121272979059454,0.8857142857142857,0.7198488840558918,-0.23789823574651592,0.6520904949101639,-0.6818327774561117,-0.06628723276474298,0.7284985012742836,-0.13008323377734657,-0.9690255064760103,-0.20992360536380916,604
2.878813507903537,1.9678239353261644,1.020544431682691,0.30759865508767775,0.011142508125367519,0.8821428571428571,-0.4178562930867985,0.767593222690769,-0.4860007847801884,0.5574030863222924,0.6390293885176195,0.5300407908540441,0.7174245031263866,-0.04941745734046726,-0.6948812828274054,605
2.698479005668222,2.472756813150678,1.0332907481817486,0.4405132577619279,0.010556515939708364,0.8642857142857143,0.6675647726601867,-0.23030525028964047,0.7080372631381623,0.7266480827131477,-0.005761151904952789,-0.6869857152940186,0.16229552733350264,0.9731013825998573,0.16350492650004825,606
3.1139940131540342,2.4154627257318952,1.0701767732073904,0.20907485593377848,0.009327554251758553,0.8785714285714286,-0.5018231263259818,0.7358435377907706,-0.45465133649422024,0.4906891343251618,0.6750440111854381,0.5509444222586317,0.7123185546787625,0.05338418168556161,-0.6998231246580253,607
3.6285234413055387,2.69965464543045,1.193878317700702,0.795268981938647,0.008847229452725577,0.8892857142857142,0.3794419523022167,-0.6123467517393495,0.6935814735612175,0.6802354007193625,0.6927668016360852,0.2394868642725052,-0.6271392225345586,0.3809273082691453,0.6794047257515751,608
2.5476625239897635,2.4785038180467236,0.9159043917557537,0.3782960204150004,0.012043564510277414,0.85,-0.5154474755571478,0.6783498506345201,-0.5235984912945107,0.5333017027649148,0.7322123233111599,0.42362059371484273,0.6707482342651422,-0.0608818013481672,-0.7391821240362867,609
4.318540220559548,2.326636130035625,1.3452181968094246,0.43793740212622156,0.008909297004135355,0.9035714285714286,-0.4639698341129263,0.7503853928971741,-0.470801184322828,0.5046820519660781,0.6606913937268086,0.5556823811123007,0.7280302325154724,0.020214954412045433,-0.685246916199983,610
2.9697860641997305,1.5152645306492003,0.8925038085204239,0.3259964986638635,0.01148513130612883,0.8892857142857142,-0.4837605227590235,0.8007162291199338,-0.353311869378698,0.5462399320387104,0.5916470698234771,0.5929381767230364,0.6838111532186804,0.09384703081742862,-0.7235986743634149,611
4.260095585720643,3.51077391642456,1.4739100110579049,0.7446493612982987,0.008242537762132083,0.9107142857142857,-0.44381505861591153,0.7197208338148687,-0.5338821172492904,0.5751613248602145,0.6856463360712899,0.4461821962125547,0.687180939877408,-0.10904596831082713,-0.7182557571397227,612
2.7814794750289256,2.2918797056187747,0.9481685104079727,0.3451480854514419,0.011566020421835323,0.8892857142857142,0.683131975326554,-0.2272872025447439,0.6940253827100453,0.7130634798567627,0.0023688512503845086,-0.701095472983757,0.15770598587563092,0.973824889856045,0.16368844160739388,613
2.7885247630941343,2.6045658513217695,0.845490677462608,0.6602905219502908,0.009604481258483785,0.8785714285714286,0.5708454631421211,-0.4732540848354062,0.6709441320979411,0.7980978778911325,0.12793594251844337,-0.5887887328385187,0.1928088030037226,0.8715864649009414,0.4507347331699123,614
3.532349267501776,3.01077313828354,1.3876572788005213,0.6147829713138133,0.008749616609129983,0.9,-0.5103441624401791,0.6511550640173948,-0.5617347403069661,0.5957848295774805,0.7387590913244421,0.31508005622510804,0.6201526204964103,-0.17387376912572877,-0.7649696985511572,615
2.572972617351372,2.2955552196958093,0.9397705383035606,0.3307118107908518,0.013418438666818976,0.8821428571428571,0.5226005859514473,-0.5215967195555454,0.6744075101243296,0.8020698045710155,0.5689972574801352,-0.18145564079272292,-0.28908935670241637,0.6357507240491186,0.7157152790826843,616
3.5458587384278086,2.220406637007889,1.2423199405857221,0.4858782102768978,0.009284310816380018,0.8928571428571429,-0.4530755997262948,0.745860266744194,-0.4882775475330993,0.5276081750235886,0.6658424174188671,0.5275258181492896,0.718576450060073,-0.018610149329838344,-0.6951989267547702,617
1.9012869219503248,1.6933271749414094,0.6845787886869088,0.3838266893632436,0.015136384723486065,0.8678571428571429,0.6346743836193088,0.021578623953869537,0.7724783425868378,0.7726247207812571,-0.03773567254921049,-0.6337405303868006,0.01547474119767115,0.9990547442485403,-0.04062204302283244,618
2.3776084515547935,2.1671605728148915,0.8755014335837634,0.5519085343333562,0.012628064822444494,0.8607142857142858,0.6712580821745157,-0.49263489163521024,0.5538261917415569,0.18050346841708748,0.8333278513280945,0.5224779326347694,-0.7189096500985311,-0.2507499865293431,0.6483003619085381,619
2.3854529955679173,2.0349402821734,0.7672244619148154,0.2152673524320552,0.012764530418595129,0.8892857142857142,-0.5552526391192506,0.5885544633670946,-0.5876207538895972,0.6042421245101858,0.7709702809436687,0.20123687750772118,0.5714770001658198,-0.2433279054122477,-0.7837126825113677,620
4.202045714713884,2.9052482964306874,1.576812491968508,1.018383852878025,0.007835890504222126,0.9178571428571428,0.45991642333887967,0.020056413616892636,0.8877356722673707,0.8157627838275613,0.3853330422729831,-0.431334588289132,-0.35072491223903673,0.9225595844201477,0.16085971879076638,621
3.9594477521911,2.5050101521212733,1.3205621127613059,0.5468509379437078,0.009550219999144892,0.875,-0.5044569039389747,0.7873700764791232,-0.3543608256192603,0.547437710927252,0.6090340080878792,0.5739246724502647,0.6677089071766488,0.09552978413915167,-0.7382674824339026,622
3.986344546200586,2.7507784558424486,1.3781631131973158,0.38579051453369195,0.009427501375880824,0.9107142857142857,-0.545457135462969,0.7400415489447554,-0.3934653977263814,0.4241183620491622,0.6486201646635318,0.6319932728792204,0.7229108716468913,0.177849340249831,-0.6676597066076639,623
2.4520647086001675,2.451782905364482,0.9412095395918911,0.47232432628055454,0.01163322623830271,0.825,0.6556403432623297,-0.46084653320995816,0.598127254950999,-0.6811276502299737,-0.01908648522857566,0.7319158627696315,-0.32588474094232944,-0.8872745792087038,-0.3264091860088631,624
2.789488304076194,2.3722014275015577,1.028962873874579,0.44821137862871807,0.011427320686919264,0.8607142857142858,-0.551693596093881,0.6288989604872822,-0.5478323407092881,0.47702986362202393,0.7767239767612012,0.41126922220975676,0.6841613006022447,-0.0344377906126517,-0.728517229265008,625
2.8866199301121513,2.8866197890945005,1.2022020734546766,0.3676731946207321,0.010261575135024298,0.8964285714285715,0.5684829591416789,-0.5708169057819702,0.5924484663150186,0.7673422507284281,0.6275810986779812,-0.13163523399594879,-0.29666984243861116,0.5294431269320959,0.7947810893144188,626
5.146439441653774,3.138772807295144,1.8897662576444756,0.550157061143893,0.009913922113857589,0.9178571428571428,-0.6369495069782322,0.7242865794295886,-0.2640156745694719,0.4445998113148461,0.6249107242650246,0.6417301570577509,0.6297827667846988,0.29136838805324894,-0.7200542542782878,627
4.370038916501043,2.091187357181665,1.3193037498372564,0.2551046485063955,0.00823644499521683,0.8892857142857142,-0.4375204556920408,0.7523325024530105,-0.4925156409737867,0.5910490383103786,0.653387528613035,0.47301772880657145,0.6776701890768146,-0.08414596369251098,-0.7305358113267638,628
2.7909552633162065,2.055562150625017,0.9492258245782454,0.5019847374170153,0.010399769193015931,0.8678571428571429,-0.5170587466395101,0.7590241070606667,-0.3956420824739658,0.5308199135716425,0.6469524941071956,0.5474328175441012,0.6714763375424133,0.07304023048455344,-0.7374175566471077,629
2.537098969072776,1.7787903140209826,0.8471880155741117,0.5028141250146819,0.012896941397175345,0.875,-0.35696084663429667,0.6779805958935553,-0.6425895000402246,0.6963238950534442,0.6516742597148099,0.30075520345083756,0.6226652287929095,-0.3400925915349734,-0.7047162847808326,630
2.997229520282763,2.54532092711047,1.122845275328388,0.6011441411298307,0.009834085868962941,0.8785714285714286,-0.5457718408345577,0.6869386880980635,-0.4798419912285394,0.476130029172408,0.7254548108683974,0.4970065519771139,0.6895167097847159,0.04278499949759493,-0.7230049451737177,631
2.9781729315156444,2.9118481809564063,1.168315408097668,0.5693040917973224,0.009524625313487292,0.7928571428571428,0.566412838057686,-0.5389865010117015,0.6234340771971008,0.8235147021299664,0.39919654416876105,-0.4030702848133453,-0.031623286660788286,0.7417113123384875,0.6699733553581726,632
2.2619345801662085,1.5979724906774444,0.6402652555257038,0.3450077872189654,0.01186853676020891,0.8607142857142858,-0.480155169347157,0.769407832655943,-0.42126310115756344,0.5418379026318593,0.6378223556265264,0.5473521078195795,0.6898280224959776,0.034557628835226645,-0.7231480274940781,633
3.5712419853144586,2.669431253035785,1.1485924984591152,0.4821075190550951,0.010135326366693734,0.8821428571428571,-0.5653278559419546,0.6370595284612977,-0.5239843246631923,0.47219634692592827,0.7707939286359125,0.42767666469872345,0.6763394304976467,-0.005645952061873488,-0.7365684611625956,634
2.494396588593527,1.3057819917200337,0.6270113525597163,0.2527378740791162,0.01342967218380862,0.8535714285714285,-0.4333703320614599,0.7839911196657128,-0.44446381132128426,0.5541504167748861,0.6207435491712808,0.5546122625316372,0.710709132400281,-0.005947305906350814,-0.7034608437399315,635
1.9248756488323169,1.7438285904737796,0.6241881420826402,0.3537654275952875,0.01305272381624532,0.8464285714285714,-0.47553801852045674,0.7404031491685614,-0.475043966010426,0.5458076150003206,0.6718298313148328,0.5007381802530592,0.6898968331202134,-0.021162572073364888,-0.7235983037528073,636
4.304352571124687,4.060351588888892,1.7573840272008752,0.6193242063069304,0.006713931919456725,0.9,-0.43407789931651525,0.7232537142084281,-0.5371037536721138,0.6162214548621583,0.6732823683201101,0.4086098029622254,0.6571510449603852,-0.15360637158977827,-0.7379414520912189,637
4.241638980962385,2.7438059000270747,1.518344948916616,0.4524308137100792,0.010677232657848762,0.9178571428571428,-0.5495326608950122,0.7261202897909588,-0.41323501710714416,0.4244204683983667,0.6686621153692889,0.6105393037916386,0.7196395768814821,0.1601258886743861,-0.6756319850052095,638
2.3424847027210176,1.8473344427163196,0.8960150386893414,0.361075268734118,0.012684585710379425,0.8607142857142858,-0.3574988060312914,0.7404827491317088,-0.5691044736465776,0.6518087579481449,0.6342446718143516,0.41578725249483306,0.6688347678973469,-0.22230383378037458,-0.7093948538989058,639
2.4095929629731274,2.409592957810883,0.9349439875973089,0.44052042734771313,0.01099718186220906,0.8678571428571429,0.6018160685724548,-0.5794789248183947,0.5495649145454171,-0.0003150265846386368,0.6879582039846168,0.7257502396337953,-0.7986346601333085,-0.4369412835399941,0.41384175039763343,640
2.23745725015384,1.8844886452698457,0.8182678035533808,0.3545435321528428,0.013923542939599742,0.8428571428571429,-0.5515681140040823,0.6182175242922492,-0.5599818820925744,0.6188479006357883,0.7534213303920745,0.22222415437776835,0.5592851611590077,-0.22397185441076944,-0.798145799299316,641
2.3046707793646064,1.9031189158824109,0.8063829730387592,0.3016827358277853,0.012388287948646146,0.8714285714285714,0.6042427234750456,-0.41450381186583807,0.6804978479584999,0.7939494911761199,0.24102930239181453,-0.558165818417516,0.06734193781470729,0.8775485544043733,0.4747352926359646,642
2.55837254385716,2.352199414965256,0.8866554480213545,0.4676034134618201,0.012665824993362735,0.8535714285714285,-0.5386470617613727,0.6164893519433755,-0.574282353721823,0.7022133750627635,0.7051438318853971,0.09832879658035852,0.46557031556876854,-0.35030423248144726,-0.812730721682638,643
2.811369133864796,2.720003984371197,0.9925285806832757,0.43871407340710367,0.010533314545881876,0.875,-0.552471312652395,0.7238568075838645,-0.41328775787656213,0.47664160867289396,0.681114626821271,0.5557838086988831,0.6838042304474692,0.11006446858372149,-0.7213165651622924,644
2.6492717249703346,2.0279996992584417,0.9362201118046728,0.3431861609977889,0.01151055772750482,0.8535714285714285,-0.4574418036385275,0.7564336898756179,-0.46749873700908373,0.537398633716825,0.654025187002828,0.532403759608444,0.7084840892802187,-0.0076894464738032076,-0.7056848926041324,645
3.544064707678433,2.787874739547474,1.2889070348147205,0.35966719794290786,0.008065197797118619,0.8857142857142857,-0.4964927549532428,0.7156109450062524,-0.4913205874642314,0.4676516225328466,0.6973588884578714,0.5431321576110165,0.7312980953218292,0.03989431132455329,-0.6808902552560173,646
6.098608101181194,2.542322240103977,1.6829971906829653,0.406322147879385,0.010034295314956275,0.9357142857142857,-0.5610744686442191,0.7669519793947073,-0.3114162839964345,0.4775346318562556,0.6071993771532491,0.6350351106534322,0.6761332087788012,0.20758992674801682,-0.7069301990290381,647
2.4494352649004383,1.8052312350101114,0.797664334595358,0.29291748383698674,0.011882852260705849,0.8607142857142858,-0.4707893571556,0.7288651286875499,-0.49710462215945866,0.5561604708952884,0.6825817906020369,0.47409664600379525,0.6848670760100444,-0.0532702855426761,-0.7267182155936741,648
2.1704539743647877,2.1492119923950326,0.7701945547042444,0.2304931316154395,0.012394632962189123,0.8714285714285714,-0.5274161952303273,0.6505985667984794,-0.5464006422841484,0.524914606779733,0.7552207476354703,0.39256372467435074,0.6680544982245412,-0.07976921223558545,-0.7398243441393846,649
3.2859222755213957,2.1873962992420712,1.103659211769871,0.3755460834690264,0.011661318055630398,0.8607142857142858,-0.4923302791648488,0.7086203137016757,-0.5054385691919454,0.4563017046689509,0.704624244804785,0.543409079745173,0.741214982669449,0.03690426320393442,-0.6702525082561819,650
4.44862888549009,1.8722089839337506,1.296706547667595,0.3354623797340877,0.0109490411335054,0.8607142857142858,-0.4419240586569206,0.783019141601759,-0.4377032673689325,0.5959949299922559,0.620961902762174,0.5091133063881815,0.6704425178967401,-0.03587950951761909,-0.7410934428215206,651
2.835106897335466,2.1815010355754016,1.0352085284663723,0.39527003092143187,0.011432383702089122,0.8714285714285714,-0.5438849086641906,0.6566017018269719,-0.5225546969315933,0.5522228351693159,0.7489260126057273,0.3662782657489364,0.631853738174356,-0.08935341515806866,-0.7699200093221907,652
4.364981054320111,1.8022318955486238,1.3183590678446462,0.16024908599129115,0.010177799315752887,0.9142857142857143,-0.45378108061064754,0.7837420166598671,-0.42406506835833313,0.5361934323733786,0.6202394776695114,0.5725378532637879,0.7117438682275303,0.03242594119183598,-0.7016902624223422,653
3.669769695181758,2.805435643695481,1.3197434854226477,0.5507047464995084,0.013338705776553994,0.9071428571428571,0.5974957497198301,-0.42117065428136286,0.6823592228723423,0.7902622278063917,0.1650015485222357,-0.5901356626130495,0.13595749471513785,0.891846269800728,0.43142298347829156,654
2.5472038706122895,2.3429158585736,0.9179382094685613,0.41734964046423384,0.011116033520826624,0.8857142857142857,-0.49568843962378817,0.7164875297167324,-0.4908549588052958,0.5113443124577035,0.6975963721242759,0.501882750965011,0.7020113709481439,-0.0022184137268077553,-0.7121622804530188,655
3.118966657175411,2.4265266910949435,1.1109315058843097,0.5603015987363993,0.010532694064959242,0.9,-0.45769787968573633,0.6924288572626532,-0.5577229855054546,0.502206410017991,0.7189724093079575,0.48048662457008345,0.7336902429963361,-0.06017434905212682,-0.6768143578915345,656
2.1299973958251264,1.2471574688024787,0.6534995302960128,0.23056255722801003,0.014507378533257885,0.8214285714285714,-0.5359206898082214,0.7962800476654862,-0.2805834990253903,0.5780830858439666,0.588307748583953,0.5654325236641394,0.6153120834963323,0.14082641316859382,-0.7756023215910789,657
2.602778901192645,2.253577875428261,0.9184502549938748,0.21789347056238365,0.010741704356030292,0.825,0.5938348040225027,-0.5453647905961753,0.5915551290535362,-0.6632898167255624,0.08433466983778318,0.7435955099995709,-0.45541941609874936,-0.8339453870855946,-0.31165404986768935,658
2.084323525647652,1.4686981932249805,0.6468553410868172,0.36377868205993763,0.016708092089765567,0.8142857142857143,-0.5044106302186383,0.7217548838947857,-0.4739618167072751,0.5166523902013765,0.6920851071573332,0.5040719315238921,0.6918382931159859,0.009385735189492317,-0.7219914709699223,659
1.9582640439387167,1.9581775630112972,0.6404555280488523,0.2721071789684098,0.011260870728889,0.8214285714285714,-0.5196041229490829,0.665015955665581,-0.5364376330241087,0.4793703820147624,0.7466244986031403,0.46125469638002614,0.707259211506881,-0.01748247110117293,-0.7067381204823053,660
2.5618158607322963,2.0732668629989166,0.8175192304881821,0.3777684152671134,0.013368404088638444,0.8321428571428572,0.6128895713551861,-0.3589025613030176,0.703956905509272,0.790168315809638,0.27766213618671076,-0.5463861004992647,0.0006371927624631291,0.891118785358252,0.45376966003360925,661
2.319526065542547,2.3195260610027346,0.8195417728460381,0.5147881480173471,0.013436050308623267,0.8928571428571429,-0.5945215029410978,0.5948721574599612,-0.5409910339548977,-0.20017531555226295,0.5421280074436098,0.8161048134821736,0.7787644223924268,0.5934849112017528,-0.20322803593903438,662
2.7893477656111036,1.995477227349935,0.9591124214364507,0.34641965818414955,0.01062247408115816,0.85,-0.547462652750353,0.617387480276131,-0.5649047203217871,0.378809631150412,0.7847640620393196,0.4905595073782953,0.7461822211706972,0.05457166050100509,-0.663501338867472,663
4.310979416570291,2.757660302302325,1.3103468472161997,0.36654752000433977,0.009385528152828766,0.9035714285714286,-0.5673412491011777,0.7315157880556629,-0.37816472454952493,0.4513980819352083,0.6603457413215685,0.6001527085198258,0.6887406469009437,0.16978855598588105,-0.7048462013536705,664
2.046691322837842,1.755467077923566,0.7111903625072308,0.466457540445434,0.014210974627466021,0.8607142857142858,-0.44523717369645927,0.7866424985541653,-0.4277352436113359,0.5568946801042495,0.6173402505935475,0.5556611649815755,0.7011648696493391,0.009197524969030507,-0.7129398509720644,665
2.658334169560134,2.2075001279588062,0.8727528253576284,0.3022039347088504,0.011175919059154731,0.8321428571428572,-0.4422051926441317,0.7097747667530251,-0.5483378047146259,0.5515455971824884,0.6972954922494645,0.45779520608803803,0.7072849650792661,-0.0999938846593422,-0.6998208350739178,666
4.7227103438342315,4.011648167940108,1.8159786870549302,0.6676204029234161,0.007304759112144313,0.9285714285714286,-0.635565154581127,0.6814408251316211,-0.3628985204243794,0.4033601172861569,0.6938783649084383,0.5965177537130726,0.6582989822756572,0.2327471085876851,-0.7158709614021974,667
3.699886645223195,2.9897603965019015,1.1256267540429206,0.6268370517940615,0.009286485109410964,0.8892857142857142,-0.5122714964551032,0.6748676124992091,-0.5311606343840499,0.5376705382306602,0.734289075560073,0.41440311995915957,0.6696926953748272,-0.07330251777906877,-0.7390117960146834,668
3.683879114047006,2.7552655139356608,1.2845211801850982,0.6106701808927257,0.008508139069953095,0.8964285714285715,-0.4139803399919942,0.7940938431926227,-0.4450115125518478,0.5746435499633337,0.6071252127903588,0.548802119602138,0.7059780935593192,-0.028529707286126305,-0.7076588070649001,669
2.935265899534265,2.4118629271746372,1.0802245227533451,0.4886840068278289,0.010635397976893219,0.8714285714285714,0.6571620141759781,-0.424142868160654,0.6230898125572474,-0.6991475241496954,-0.0341044035978926,0.7141635870937296,-0.2816572857206479,-0.9049528811179541,-0.3189505547209335,670
2.578720947969609,1.3437409938688052,0.7389442206414517,0.14215161120437073,0.008928012383469413,0.8642857142857143,-0.445820075592131,0.7896336043863227,-0.42157233189915494,0.5362489346822833,0.6127039983997166,0.5805436162745367,0.7167158015916372,0.03275028501959526,-0.6965959220236596,671
4.561530393512784,2.728423266217403,1.2980201042733297,0.7157958304876437,0.009487913573230021,0.9178571428571428,-0.40164721118603486,0.692839413063079,-0.5988765026722028,0.49310191140558446,0.7146656829381137,0.49608816413895485,0.7717059172473928,-0.09605472053474368,-0.6286839173609838,672
4.471494432603492,2.424535343989622,1.3491718572799432,0.35778252102926333,0.009341942092608838,0.8857142857142857,-0.4368137278260395,0.798999297856632,-0.41327217327970167,0.5402579230813538,0.6003530645781169,0.589658862732924,0.7192462330318738,0.03429751997262248,-0.6939081613536383,673
3.212630895990226,2.1668528094430393,0.945060146756501,0.3791483289044016,0.012233818349647471,0.8821428571428571,-0.4707426624418675,0.7547501464014532,-0.4568955704142107,0.5242953766396037,0.6558137750301164,0.5431598756490431,0.7095884044933923,0.016140290819339043,-0.7044315348000749,674
2.4063838025140356,1.3326156040369348,0.7069337256171282,0.22605161941764,0.011983026262850877,0.8464285714285714,-0.4817561981308492,0.7613367444658417,-0.43390935353903554,0.4848264641025283,0.6440385353828793,0.5917412142547752,0.7299686741692071,0.07470426003936834,-0.6793857580665205,675
2.796732288599385,2.266339437836561,0.9835217790519984,0.22791942912114987,0.011622419820482701,0.8214285714285714,0.6357643305182596,-0.44114057805292317,0.6334024837619457,0.7096604394967877,0.011275573290140931,-0.7044536337192142,0.30362110706256124,0.8973671778275109,0.32022862380492045,676
1.7044190369500176,1.189139081057616,0.4818338779577522,0.21791450078974003,0.0169702810428955,0.8,-0.5980957428358047,0.7444144771294668,-0.29686456279210843,0.5049484928005298,0.6376796331805319,0.5817144531857668,0.622341146012507,0.19801962444870172,-0.7572844421437924,677
2.3212675177214925,1.8969509075507154,0.7809940458413155,0.40436026793042673,0.013596516534841056,0.8785714285714286,0.6455202075821589,-0.5680934045037691,0.51046404904009,0.5809820410792099,0.7990957835218687,0.15461499507164872,-0.49574542816502276,0.19676334139490426,0.8458845417293016,678
2.435102467230821,2.113870205325773,0.6770579771291317,0.2685073312926578,0.007255337149462947,0.875,-0.5291288469210519,0.6463909060337897,-0.549728532962238,0.47019992150886214,0.7626456397008697,0.4441662549747687,0.7063530966655827,-0.02346113471398495,-0.7074707612254194,679
2.512677302706819,2.2552017963517406,0.9269762426914421,0.3686918642824548,0.011744158837361275,0.9035714285714286,0.5598633101016225,-0.541796540909698,0.6269047633096598,0.6930680268782994,0.7208608318228686,0.004046141700760824,-0.4541032747306226,0.4322223610619051,0.7790853910047324,680
4.61772230559306,4.180314209435097,1.5472137415069342,0.4392300820540218,0.007718709893793732,0.8821428571428571,-0.6616874200906286,0.6690995855499783,-0.33834228631765073,0.3421870134486304,0.6710077746279938,0.6577663827042961,0.6671415186607073,0.31945940431553244,-0.6729545921334146,681
2.228690123742557,2.0184060536871624,0.8016593271554675,0.2868599654811487,0.013002011354728385,0.825,0.6184781038431479,-0.4754593367035416,0.6256382774479294,0.724003187561136,0.03529706191539255,-0.6888929538189917,0.30545739386680226,0.8790293149614345,0.3660645352537338,682
2.1251742454116527,1.3368474609775869,0.5880045427026266,0.1043334015386696,0.014397980928463925,0.8428571428571429,-0.4625434133757382,0.7551096347211383,-0.46461062223546934,0.5500757553145919,0.6553989243602476,0.5175605407703641,0.6953202529466564,-0.016176819796841213,-0.7185179582609319,683
3.0800122625267385,2.8633575364297967,1.2263745952300988,0.4795246648468775,0.009641952657025343,0.9,-0.551437806737453,0.6871438027410073,-0.4730219230175439,0.37887514934762995,0.7114644009536417,0.5918378387552514,0.7432159622259191,0.14714550801945514,-0.6526700797204497,684
4.667223742315735,2.4023641519983405,1.4460435011316954,0.4617845875488304,0.009967162703789766,0.9,-0.517089062023867,0.72630870429171,-0.4528736777572471,0.4667361590314336,0.682780315614509,0.5621106638927389,0.7174791005930847,0.07928875506305283,-0.6920527678816764,685
2.751404922785124,2.598861453100107,1.0287663647219327,0.4325533731727106,0.010015847683003466,0.8607142857142858,0.6512618589892415,-0.3946454957046894,0.6481611865468938,-0.6921120414345344,0.04135744736502155,0.7206042489805141,-0.3111895132024835,-0.9179022247861967,-0.2462043716211227,686
3.560191504326205,2.9325428586178646,1.3668001654433355,0.6472003739893241,0.009409687707786009,0.8964285714285715,-0.5317240824639089,0.7637826178571336,-0.36593115853561564,0.5416494929343952,0.6388400013250433,0.5463508758215102,0.6510647640072581,0.09230149167983351,-0.7533890812202224,687
3.9097799522767587,2.2726362755029124,1.123045679317796,0.4271418957743735,0.013436109768859665,0.8964285714285715,-0.518789293587202,0.6715028383796787,-0.5290950830496602,0.4378021463831105,0.7402639050024232,0.5102338988864862,0.7342935036357283,0.03306492096767269,-0.6780263722892851,688
3.270778587416458,1.8284035193016057,1.0845904283249141,0.3507364470352207,0.010813349677825641,0.8928571428571429,-0.4030718189501167,0.7747813271194753,-0.4870800795713461,0.6165704995681575,0.6232109649927889,0.4810913761179153,0.6762942612727961,-0.10640483193793993,-0.7289060871674359,689
2.9633392313841256,2.85538741385916,1.2383104342815037,0.44109589975506847,0.009210099995970326,0.9142857142857143,0.5580674376791424,-0.5770153166735777,0.5963338488852763,0.6637867623922088,0.7416759237988628,0.09645702737474716,-0.4979436404605504,0.3420089887432702,0.7969203112882115,690
2.094323638773371,2.0943236292364706,0.8116968776363993,0.21867658954323904,0.012312239151589247,0.8321428571428572,0.5992243221020972,-0.5227370639111769,0.6063630709523826,0.7259869131985031,0.03555446886227533,-0.6867888187852439,0.3374510537334136,0.8517522185221731,0.400805369945021,691
2.6686660276859935,2.135580371776828,1.0093054629009341,0.5054080144141659,0.011442894707684854,0.875,0.7168113729970007,-0.3411231738747372,0.608125345457481,-0.6405404605324626,0.022421574015282192,0.76759702412108,-0.27548026056872993,-0.939751165609441,-0.20243115563737116,692
3.1138093992530114,2.552339616639617,1.2330762080501199,0.30967348210936174,0.008954301307109289,0.8928571428571429,-0.45851045508827853,0.7532875466692632,-0.47151461759710306,0.5304229348927715,0.6576734714273272,0.5348991635069805,0.7130355339774299,-0.0048453084247730704,-0.7011111540061179,693
3.802734641781962,2.9598063270870534,1.2889181251329571,0.5583209513986885,0.01004190449312774,0.9142857142857143,-0.5566926237460148,0.6084625622473233,-0.5655675317857278,0.4009797035936015,0.793071327358948,0.45853369235761027,0.7275359784730686,0.028481223016900065,-0.6854780959029224,694
2.3685286250681767,2.000021140638116,0.7868044449350609,0.27204435118719794,0.013391386477857422,0.85,-0.5109541177501242,0.694266743058799,-0.5068723498443367,0.4930052709495797,0.719717774197744,0.4888272990737902,0.704181576278536,-0.00012241884143276982,-0.7100199241172768,695
2.2494610575459952,1.7018208893417657,0.6214734908484812,0.3019078344554221,0.011726938161089894,0.8714285714285714,-0.48359387564722667,0.7432363723597033,-0.46231662120032335,0.5226428607921179,0.6688821748578238,0.5286218650609323,0.7021263443993009,0.014011814980798676,-0.7119145071856721,696
2.4274760138197258,2.154166454061638,0.9022798203572551,0.21261038439928762,0.011324413491600113,0.8785714285714286,0.6006834207786076,-0.537874415507559,0.5914985554877644,-0.5704734948394424,0.22997807154899344,0.7884605749765037,-0.5601244680313322,-0.8110494434675408,-0.1686990828772028,697
2.8909533864791044,2.8908660109285536,1.1056666386224072,0.49667930914784336,0.01035826798540828,0.8607142857142858,0.6216913850956611,-0.5066252809046999,0.5973530333446649,0.7198677453357442,0.06900608019757615,-0.6906725636081094,0.3086911902258803,0.8594003640003882,0.40760368427300775,698
3.0127539343275243,2.1280420092373733,0.9948348288102538,0.7092140735098836,0.012527864372791447,0.8964285714285715,0.3524468694389305,-0.6324521802169172,0.6897720231798081,0.6687719946420214,0.6857998229787508,0.2870934028932852,-0.6546183799781592,0.3601150407039149,0.6646743067499963,699
3.454161629511761,2.5521517335832415,1.2683271363314899,0.3914860098391507,0.008844161260112797,0.8821428571428571,-0.6006073016383522,0.6178052996048431,-0.5075307685243009,0.2997294567100124,0.7624592599867863,0.5734266558512282,0.7412375611091347,0.19228231494490644,-0.6431130455529646,700
3.3777808006839942,2.3892704610691666,1.1594913643451428,0.36799669816491354,0.009040317635335141,0.8678571428571429,-0.4782374625480122,0.7376681183868731,-0.47658648378988766,0.5254519182882358,0.6751576197005205,0.5177474964956764,0.703696817516501,-0.002817033172963529,-0.7104947947319886,701
2.724761407583722,2.4201010682259345,1.1035705772137365,0.5037869281973859,0.010366593286498995,0.8642857142857143,-0.5278087136284159,0.7186462742952882,-0.45273115008735393,0.5989969197720064,0.6928435607050968,0.40146044698467054,0.6021799165710904,-0.05929024229149513,-0.7961557732299944,702
2.645764824194441,2.5536151024096854,1.0644005947330168,0.4768168711763313,0.011208774075004865,0.8964285714285715,0.6038550987307273,-0.170966754863346,0.7785431192094631,0.7799129048673471,0.32842818417288255,-0.5327952596094297,-0.16460522640025785,0.9289269597618532,0.3316622120008853,703
2.744517059193107,2.6686445249713935,1.0875570470537268,0.9994300163762351,0.010797773176764202,0.8964285714285715,0.5057890118270153,-0.33396261166793223,0.7953907527265988,0.702344541154511,0.6947786276171063,-0.15490256330012747,-0.5008888310049556,0.6369863676833472,0.585968212755662,704
3.676749392309643,2.6964200752470884,1.2868156587366888,0.5514987981357258,0.008781983384188846,0.9,-0.5112629850456675,0.7312565288141691,-0.4515241402060866,0.45458709846608536,0.6759667961940191,0.5800167759223684,0.7293563806743444,0.09128405945095533,-0.678016585681925,705
2.3739429699744834,2.1270654663367887,0.7991581219924269,0.24424617482539027,0.013024933992701522,0.775,0.6568097393816198,-0.373951548570377,0.6547985992465666,-0.7044286288703171,0.005535067301757885,0.7097532457536565,-0.26903767966835773,-0.927431723822181,-0.2597866905114351,706
2.3446921514713344,1.881745742598293,0.8707639740327369,0.32850675276775393,0.012877788949189947,0.8678571428571429,-0.5415169757250364,0.741688943811579,-0.39579903439659214,0.5133360708382596,0.6645609830504301,0.5429961124938034,0.6657668085583326,0.09086369150937232,-0.7406067419267408,707
3.555886219082587,2.6749298666002037,1.2628349374411,0.6598377907605869,0.0096895978303034,0.925,-0.5167726659266336,0.661948651044225,-0.5429272466286905,0.5697765157096448,0.7392486155904472,0.3589793956390592,0.6389841421325391,-0.12383645557079792,-0.7591862738319266,708
1.9521275148223312,1.444169459717047,0.5846380316550923,0.24393183177779365,0.011886074655490741,0.8464285714285714,-0.5337217557034464,0.6776875431245379,-0.505846499822484,0.3936662170538957,0.7285071015800358,0.5606284977575886,0.7484437166810247,0.10008494812549446,-0.6556027807441114,709
5.1752029092649705,3.367015182298507,1.5247217040521561,0.568900544160161,0.009026113696935744,0.9535714285714286,-0.44090759523035994,0.761462528282221,-0.47515819522578884,0.5129865940342411,0.6481941897329834,0.5627513187346166,0.7365088233071821,0.0043715464596592035,-0.67641381030566,710
3.6977786456787656,2.050091965715494,0.9875214832919937,0.3343223635183157,0.010536818334958961,0.8642857142857143,-0.5107962263307039,0.7574841267475622,-0.40657719179978047,0.49163066417225826,0.6453404760408289,0.5846665374629718,0.7052563400720737,0.09875964615610741,-0.7020399041929625,711
2.608149839895872,2.5770375161823904,0.8816200165425618,0.31138756017923136,0.010127113858135969,0.85,-0.5465518494019704,0.6335815093579218,-0.5475906746056067,0.46520284938407497,0.7734323524503669,0.4305678867589048,0.6963241952138555,-0.019413067321498473,-0.7174648060894329,712
2.0066948323478413,1.3969142025986387,0.6470091556262492,0.19855001022331537,0.015678749111533885,0.8107142857142857,-0.46717270175610387,0.7561204081439946,-0.45829204130342627,0.5323787866578046,0.6543964282852998,0.5369712675406445,0.7059196089149715,0.006873356938316033,-0.7082586128764918,713
4.358574864230059,2.929629197447067,1.3878117152745715,0.35716928472174,0.008931674923047805,0.8928571428571429,-0.5062543896580559,0.7302866789087983,-0.4586805637481352,0.5064877292440841,0.6822638523332786,0.5272439814018987,0.6979804245658474,0.03460350282431221,-0.7152803118464588,714
2.0656020809033326,1.8380264895480987,0.671016163268408,0.27125783731043723,0.012969543916578601,0.7928571428571428,-0.5070571038035403,0.6748085141016221,-0.5362150340845794,0.5915734053639942,0.7249226171709289,0.3528853994997502,0.6268444779595759,-0.1382775050758862,-0.7667759334000872,715
4.376253466016272,3.8989430032660213,1.7205671281302446,0.3717494900810693,0.006805014681752722,0.8857142857142857,0.6267855920073658,-0.502728338044047,0.5953184356119391,0.7305260528236673,0.11336113763548057,-0.6734099335619146,0.2710562816055894,0.8569792708119959,0.4383092761974032,716
5.28112028557826,3.688525349291221,1.7541518518207315,0.41336124773339833,0.006330545931922972,0.9071428571428571,-0.5001237821713149,0.6924009443039241,-0.5200549344383665,0.5103296646334812,0.720852881427752,0.46897202126820536,0.6995997683688424,-0.0308553992737374,-0.713868411147265,717
3.3187721781593438,2.933003827646849,1.2348788700918527,0.5781690509772196,0.01077368890288225,0.9142857142857143,-0.41216652004806065,0.675123400180087,-0.6118228128149111,0.6326815452506781,0.6952897697135237,0.34100762224755243,0.6556163680466542,-0.24653707765971705,-0.7137132808686699,718
2.383060126420769,2.3781542382627965,0.803387828135895,0.25110701316141093,0.010871586895277145,0.8642857142857143,-0.5339291400856139,0.666367670542371,-0.5204553785132509,0.4732634607360434,0.7456116496068321,0.46913213991659325,0.7006720845727911,0.004170806458322018,-0.7134712567958901,719
2.950421192131505,2.795571545925876,1.2116089541162305,0.5775776395492876,0.010254824534672803,0.8892857142857142,-0.48612874220390795,0.7633306577016591,-0.42544700376897593,0.567444670409785,0.6459721194155116,0.5106139118368817,0.6645941558776884,0.0068064638825633406,-0.7471735273834577,720
3.621430673985272,2.4188753358952453,1.2079746121078707,0.5345968852847098,0.010336849979609552,0.8821428571428571,-0.44771475080717266,0.7359839149122072,-0.5078180568866888,0.590042062379282,0.6698882724229446,0.45066624800777605,0.6718644703605592,-0.09786408667485652,-0.7341803279892627,721
2.163803278783247,1.5003527629136155,0.6404223431420131,0.3087410638453956,0.015157661284816904,0.8428571428571429,-0.5409115389948188,0.7308827156334851,-0.4162032712154947,0.5075304273120574,0.6782339834979354,0.5314240575858068,0.6706918609426367,0.07621758075893378,-0.7378098047929145,722
2.181125958766275,1.7816536668797076,0.7718148757112988,0.43508858411169454,0.014800401747375984,0.825,-0.42632671411585926,0.753493419484522,-0.500492956618469,0.6273507760677194,0.6448968098252729,0.43650785610847376,0.6516721081943009,-0.12788968477054002,-0.7476414193521432,723
3.804795718193752,2.969188876768361,1.1875022300129283,0.5227701999077616,0.011924858121034694,0.8821428571428571,-0.44916993445648684,0.6916570732140788,-0.5655588944162135,0.7274994474021815,0.6505970697027723,0.21787153766310693,0.5186433495282436,-0.3135824388691123,-0.7954087817110291,724
2.7453069423185723,1.6240596854754819,0.7928920701865185,0.4071341434531473,0.012498599691273368,0.8821428571428571,-0.49025524380023483,0.729798425962414,-0.4764913990715419,0.5462176887578093,0.6832845867302225,0.4845290600417957,0.6791877740466545,-0.02272511825474341,-0.7336126611406448,725
2.0692366260204573,2.0692366231327783,0.7392615663504551,0.5615875518488795,0.014771587482662106,0.8535714285714285,0.45745802151360987,0.5443758829341973,0.7031266291589778,0.7935931145995379,0.10679936072867903,-0.599002391487839,-0.4011759302513778,0.8320149004840951,-0.38315672819276314,726
2.564206550666362,2.2254969526925703,0.9450955990103029,0.5279375184417242,0.010939411941247475,0.8535714285714285,0.6613437717220211,-0.38770301903285215,0.6421143080770768,-0.690139048984703,0.020819341862475027,0.7233772515575142,-0.2938239416231785,-0.92154919783874,-0.2538002507717314,727
4.3559688269614805,2.633391700667584,1.3874468405805986,0.5808706930947514,0.009871247149120967,0.9142857142857143,-0.5386308412657385,0.7634808530817131,-0.3563338375947233,0.5085262332244641,0.6317978018918917,0.585006502226353,0.6717721987101736,0.13389744023764502,-0.728555823899518,728
3.2855702575073646,2.962854874279654,1.3637535465283854,0.6041299240236457,0.008528489149936957,0.8964285714285715,-0.5937651139051423,0.672042106768075,-0.44249564544743347,0.43471048411145163,0.7306903188414318,0.5264204146449815,0.6771039687616672,0.1202125812140066,-0.7260021699726973,729
4.21843826852753,2.616927892915681,1.3643211399995283,0.4529234686471455,0.008558214843731779,0.9142857142857143,-0.4461675247546293,0.7652196130582333,-0.4640834877964687,0.5269892569749014,0.6437623974665198,0.5548443913758163,0.7233373092046121,0.0029865363159549685,-0.6904883907159229,730
2.4745104138732352,2.1107745195758456,0.9752895159916871,0.24895374986446564,0.011712133496110475,0.8428571428571429,-0.4597741369211735,0.7503849188329376,-0.47490021752624584,0.527521380650921,0.6609811057707652,0.533690144906389,0.7143731069787943,-0.005143092663196874,-0.699746105829337,731
1.994557301336938,1.7280250703668125,0.6669125724993586,0.4772660522399907,0.01750258389426683,0.8178571428571428,0.6444891106230678,-0.036834930929680494,0.7637257191896138,0.7636549364562634,0.08100804170645898,-0.6405223143691912,-0.03827432970369937,0.9960325722797877,0.08033797759118813,732
3.599343272620609,3.040614528946409,1.457806204454339,0.46709668117548153,0.008031403120225017,0.9071428571428571,-0.567316527331541,0.5892233341247988,-0.5752980274078267,0.46761083324512287,0.8055447753479241,0.3639199411154388,0.6778584413048809,-0.0625577927401397,-0.7325260787980172,733
2.622893019415459,1.92937554549228,0.7735405239339886,0.2167739619688899,0.010842150667549946,0.8678571428571429,-0.5643038500442762,0.6621467977903518,-0.4930748249517411,0.3960833037432819,0.7411730828599379,0.5420152006537297,0.7243474175566682,0.11056255885189453,-0.6805121154388856,734
2.97152740873758,1.6563022135448713,0.8742733722030903,0.3722597871966069,0.012715980424305714,0.8714285714285714,-0.38135279426982577,0.7801288219003527,-0.49595268679881516,0.6224638832465446,0.6133450549834432,0.48615486995502705,0.68345355391294,-0.12331611722611441,-0.7195028664821614,735
3.814146855492651,2.813204253288134,1.4321322869560933,0.39186691814505203,0.007412822974566147,0.8964285714285715,-0.5500416001126337,0.6846688302307383,-0.47820793704831593,0.46432644727558053,0.7266648178140956,0.5063192598663859,0.6941578988284807,0.0564520633961223,-0.7176057246373869,736
3.7072083821125767,1.802558442693327,1.23055869275669,0.44913975683247165,0.008649958918858,0.8678571428571429,-0.4343131490484527,0.7978639546103105,-0.41807319753508854,0.5334922765511916,0.6018161542148225,0.5943091008779086,0.7257810134082068,0.03507743519240861,-0.68703092660846,737
3.1358094007563357,2.0854423041726204,0.9883218704121675,0.42419579655207085,0.010807075931444548,0.8571428571428571,-0.5208373537073189,0.6702506677704368,-0.5286704959957959,0.5337323654333259,0.7390077256183273,0.41109286489231806,0.6662268480571043,-0.06805603448417044,-0.7426373025226956,738
2.4062759174694706,2.3397183304646423,0.8946636520984644,0.28703614597872185,0.011897900552482287,0.8428571428571429,0.6193776999475898,-0.4758754432452429,0.6244308026705416,0.7159329415236504,0.015946113962469873,-0.6979869230084396,0.3221975916249634,0.8793681163003577,0.35057157327061444,739
2.7324343613851214,2.6504817925993316,0.889269961347741,0.4846916860625106,0.010489876281873117,0.9035714285714286,-0.5290746181582962,0.6903501456574445,-0.49345387303313204,0.546505292031732,0.7220600695831385,0.42421836557945547,0.6491625483667127,-0.045231983201474174,-0.7593036635587223,740
2.028411803854417,1.3227955031740748,0.5762493435102168,0.24939059025965662,0.017303271826089244,0.8357142857142857,-0.48806524854462885,0.781107516633852,-0.3894398035912179,0.5479950792882334,0.6215242150077906,0.5598294769256372,0.6793332806796327,0.05982221675135718,-0.7313874459846856,741
2.4653668042774806,2.4649983182352204,1.0690619628018363,0.3806551646772943,0.009330927328081431,0.8785714285714286,0.5831310381737208,-0.5222150930258364,0.6222938123864448,0.7963781652394073,0.21618646823622645,-0.5648408881105036,0.16043693542434026,0.8249574580349972,0.5419457373059429,742
2.619671068486831,2.300275146702048,0.9165974222988448,0.2827801307669579,0.010908887129130813,0.8892857142857142,-0.5252456442037777,0.6870723213231413,-0.5020444587051913,0.46999498047406985,0.7260615549621457,0.5019355902256083,0.7093812314786297,0.027681106870591665,-0.7042812114122324,743
2.338504586822451,1.762723816528862,0.7599508310404168,0.4977181744442021,0.012779664837296742,0.8964285714285715,-0.47528922414619634,0.7286604484915828,-0.4931065850448076,0.5432891608819248,0.6839038879460051,0.48694184429000587,0.6920527733335955,-0.036461251437430175,-0.720925471921263,744
3.069728854255355,1.9119454035899484,0.978338749729406,0.398684919030449,0.011977815081966612,0.8642857142857143,-0.5557974342748585,0.6846921396261151,-0.4714720415758468,0.4970286553095538,0.7282997771651321,0.4717435218234542,0.6663720641313389,0.027858724224768372,-0.7450987609907209,745
2.1881738379821583,2.1881722898484326,0.8276424883387831,0.21314153623748106,0.01224361864258443,0.8607142857142858,0.604027370636366,-0.5648214012817583,0.5622523634243161,0.2595040311620396,0.8064363619623073,0.5313361007080639,-0.7535307514181286,-0.1750347929958771,0.6336830658208574,746
3.2491655541941116,2.258670032678207,1.2031318395759882,0.47866001930048174,0.009184667813286264,0.8714285714285714,-0.4877462894022151,0.7518155565348177,-0.44370815422596543,0.5040580347628943,0.6575140631487829,0.560000673528655,0.7127615693661798,0.04948359034893135,-0.6996587164617045,747
2.9070652603725926,2.7298972127745147,0.9947518762571841,0.4283943245194595,0.010076307984458297,0.8357142857142857,0.6149194833549904,-0.5437514887366823,0.57114652015667,-0.4524426378052917,0.34993536551000304,0.8202687970788419,-0.6458867458666585,-0.7628103030649378,-0.030834283707528137,748
2.619431804495819,1.325896851407807,0.7268236415292193,0.28299853100819017,0.014557353166418891,0.8357142857142857,-0.6426676829315932,-0.06832015467393017,0.7630927897580133,0.6023031840829676,0.5705229377955174,0.5583318474641141,-0.47350725840144836,0.8184350517386839,-0.3255072077952217,749
3.0058390430252064,2.5237317501016756,1.0728311566039066,0.654085236851052,0.010778578657056267,0.8928571428571429,-0.5656764161447317,0.7024181298851475,-0.4319941701299963,0.40405600217747234,0.692766471676315,0.5973385663302746,0.718852515695682,0.1633505020800407,-0.6756979163414578,750
3.959101923079332,2.4264246196499815,1.1647988819248543,0.36880673945466425,0.008685480454107527,0.8428571428571429,-0.46135724079464946,0.7302513013554945,-0.5038675750978174,0.547453699772145,0.6812263703274521,0.48602991572152754,0.6981718577629279,-0.0516107473215793,-0.7140674952613164,751
3.103245703766259,2.313221123679891,1.0669033728342223,0.35118039282202845,0.010739974319465006,0.8821428571428571,0.6556668803287685,-0.3232357235268209,0.6823632530229284,0.7345217279578344,0.0637561143625035,-0.6755834434318477,0.17486787354393465,0.9441683244620571,0.2792264347885682,752
3.5428148001430912,2.670067426154844,1.0451501763173583,0.6117660411179191,0.010816989288247423,0.9107142857142857,-0.5111878415110339,0.7068355618381432,-0.4889483400240219,0.49367766419437215,0.7071648175488305,0.5061623106244855,0.7035405848754419,0.017361144607593443,-0.7104429858131021,753
2.5995874689454768,1.8294690195601666,0.8857868019842784,0.1990671961258109,0.011628184577715157,0.8607142857142858,-0.530028396551897,0.6563645111358337,-0.5368943353864362,0.5091794654046037,0.7526418572872082,0.4174524004836285,0.6780900905181457,-0.05211394420574758,-0.7331288876864785,754
2.8426782457591226,1.4838835866991165,0.8390846072436104,0.178110769527084,0.012373022237107192,0.8678571428571429,-0.45145952931842326,0.7715782717233891,-0.4481643269961763,0.5316081225107205,0.6359736600898578,0.5594017409273384,0.716642935825237,0.014299450208244802,-0.6972936456440195,755
3.97635232128498,2.4069472525346476,1.1442739246530778,0.3846758319510946,0.010582345541186748,0.8964285714285715,-0.44556772673460365,0.7907328777778034,-0.419774840710816,0.5374877705055188,0.6112595523068427,0.5809205249176904,0.7159443396309271,0.033215594453082226,-0.6973667807083759,756
2.4604296931377343,2.1153919960114047,0.9632568998837664,0.4284027389106259,0.011928013864430334,0.8607142857142858,-0.5086237260409869,0.6886244104016727,-0.5168155635302907,0.4824402091062023,0.7251179675130432,0.49138109225662835,0.7131292659439431,0.0005954735107630837,-0.7010323070055695,757
2.829997804518552,2.108225522923302,0.9735824627199564,0.3921429064878333,0.011579675767309158,0.8964285714285715,-0.5178085488581025,0.6929039469093997,-0.5017553458477965,0.49420031764641187,0.7210212782687108,0.48568957403051194,0.6983125036598241,0.0035265622254830875,-0.7157843324572131,758
3.13599898082959,1.9668934724834308,0.9943092872364903,0.33392538897961405,0.010847136466626715,0.9035714285714286,-0.46221064639738285,0.7936077396229687,-0.39566156493578686,0.5819267535489919,0.6081227535111983,0.5399518220784971,0.66912074535232,0.019325430719150716,-0.7429023864995151,759
4.464285501631846,2.7905064390484635,1.458321039567233,0.27716552309374437,0.009458140738362075,0.9285714285714286,-0.5290854994508207,0.7614066065107734,-0.37460447652507284,0.5070088337884551,0.6376438451043219,0.5799589375645886,0.6804488053713861,0.11692008536741585,-0.7234079878646142,760
2.8794162962676197,1.4136077803593023,0.7774260380823425,0.28064843989592314,0.013251844533137264,0.8428571428571429,-0.48357466572011354,0.7862351539545503,-0.38469445714715594,0.5594224626570876,0.615634416855399,0.555014209780067,0.6732028304666877,0.05318409037651545,-0.7375428133894756,761
2.347830799432848,2.3478307965284477,0.9222450586961006,0.5337308251600285,0.012347384017395165,0.85,-0.5862540246786339,0.6124870110890808,-0.5302507706691884,0.2700360123523655,0.7648364210804369,0.5848981116585192,0.7637975979151395,0.19971206832846358,-0.6137819801713229,762
5.614459464252634,2.8310801277104525,1.4726128325945664,0.42788510719693296,0.00903806520294587,0.9214285714285714,-0.4127740557546275,0.6561004114290647,-0.6317830553429615,0.6848466769917959,0.6808654944106515,0.25962898053613725,0.6005019632850257,-0.3255064187440105,-0.7303717980914094,763
2.395584594209798,2.3950262370339113,0.9639713540172202,0.4376765635707253,0.010732093799649893,0.8642857142857143,-0.5430695478330017,0.6792911876599566,-0.49359796249983123,0.47795384077080594,0.7333859061603888,0.4834306969336355,0.6903880012781901,0.02661944801890373,-0.722949384589457,764
2.459044966686772,1.5440355782055097,0.713126240604361,0.3094728863728861,0.016180745795273566,0.8178571428571428,-0.45390978107290375,0.7764757678921995,-0.4370941460630281,0.5475718797152271,0.6300580307885001,0.5506286537985926,0.7029444837193628,0.010595268525932539,-0.711165798596489,765
2.13402666098304,1.940898793753511,0.6581156252839079,0.32015863971182223,0.012675417282473447,0.8964285714285715,0.6553542084510663,-0.3804883376422402,0.6524871541905795,-0.7067949074369172,-0.004278618501166598,0.7074055783247409,-0.26636782892593486,-0.9247758205867875,-0.2717312300257698,766
3.380827421231142,1.503682296557257,0.8035935879755856,0.16568115587004328,0.011102329951984222,0.875,-0.47043323485035726,0.7923961431469236,-0.38833094632556503,0.5597211834305046,0.6081586243663978,0.5628990002015691,0.6822058108572399,0.04744934071882309,-0.7296189359507914,767
2.7362495962167297,2.2554980856359834,0.8590489571372448,0.4624680789863847,0.010329011257295725,0.8928571428571429,-0.42063881979415524,0.7701723978974682,-0.4794762359064777,0.5369553649522598,0.6373466794262549,0.5526917280666612,0.7312605003219891,-0.024973741033146007,-0.6816409560227757,768
2.805646593432706,2.3093843679715977,0.7808074680327857,0.4211420862309793,0.008003863061795933,0.8607142857142858,-0.4952301676976088,0.6699872528694555,-0.5530498729722652,0.4801130122239921,0.7416159809431387,0.468505317262196,0.7240432145220361,-0.03350847358783168,-0.688940204736529,769
3.0998464309727547,2.865232317229516,1.2719180193811122,0.48599028494136737,0.008686934303150196,0.9071428571428571,-0.49721116893051154,0.7011315210835424,-0.5110730316049091,0.4757568897873845,0.7129133333944518,0.5151795423813388,0.7255593947504151,0.013006506505950227,-0.6880366236458071,770
3.583359959857654,2.4981730014061716,1.2913799898989904,0.39123018336553717,0.008428117158567292,0.9142857142857143,-0.5147125662013199,0.7264437562365939,-0.4553574894731832,0.49130913052853936,0.6851749979238625,0.5377272175362946,0.7026281466421214,0.0530536638216734,-0.7095766317328625,771
2.478399967658999,2.0202354478314346,0.8631511485272226,0.2807411596698923,0.012036387993498517,0.8428571428571429,0.6403491453257961,-0.45097053512318186,0.6217544117505186,-0.6971223717852267,-0.0014067548417693208,0.7169507792013029,-0.3224490205242723,-0.8925377288896679,-0.31528246331093535,772
4.183141371015367,2.6248635159386198,1.1857962551609353,0.38247742878790186,0.010314982799777758,0.9107142857142857,0.3578029781160111,-0.6289991885469626,0.6901717537385719,0.6991363426640225,0.6704029759493185,0.24853213917856204,-0.6190197114936551,0.39359861616316705,0.679628373551864,773
3.4953836584099536,2.8714697733600114,1.2680465244566854,0.7699436355187673,0.010336723130691982,0.8857142857142857,0.46139873959698985,-0.553275695595799,0.69353962234417,0.7697685114116977,0.6383165984120259,-0.0028911988377434304,-0.4410982225506334,0.5351989581965618,0.7204126825701965,774
4.049138912671912,2.685776415856756,1.2197646668040594,0.374366882730088,0.010198474484613062,0.8928571428571429,-0.4898254924675772,0.7371899219928587,-0.465426692230966,0.5260264958461207,0.6756359906354293,0.5165386082626672,0.6952460806050953,0.008187006183271922,-0.718725163280797,775
4.289072106967586,3.6677911442800806,1.7320938938674428,0.648311344036739,0.007643599165466105,0.8928571428571429,-0.5168949309824621,0.6459592868990173,-0.5617439185194165,0.4543643096595453,0.7631659715094004,0.4594896887175141,0.7255154749777848,-0.017728496806730082,-0.6879774676315593,776
5.658884363374636,2.4316760264771182,1.6269133295241482,0.4557270803400302,0.007587170265425485,0.9107142857142857,-0.4436675499401043,0.798071411223502,-0.4077267807219352,0.5552348348151465,0.6018996473753463,0.5739608808074211,0.7034723756750807,0.028263706005437678,-0.7101603900422045,777
2.367400368890137,2.359403145309907,0.9520960743585297,0.5591827226058831,0.011574240969754571,0.8714285714285714,-0.5258703153338578,0.6085238577159748,-0.5942719293733612,0.5206567905934268,0.7827847395354238,0.3408292211055431,0.6725897098972163,-0.13017974550953276,-0.7284753365759555,778
3.5491692207549375,1.9612946090940384,1.2104715325743278,0.38981973959692207,0.011596309625102039,0.8607142857142858,-0.46606865372801665,0.8043441466092044,-0.368524766912164,0.5430141514682526,0.588904929548054,0.5986038884431133,0.6985095857018483,0.07887634480319336,-0.7112403819477069,779
3.754168038374448,2.674499768699103,1.4083500340950499,0.739604290199925,0.008154213426885281,0.8857142857142857,0.6558994483283831,-0.3853726404931058,0.6490638193905851,0.7140770597107142,0.03800072035385866,-0.6990349762690626,0.2447240619093752,0.9219782390121576,0.3001104135324482,780
4.278850203518655,3.2546851447315497,1.5781597009274333,0.5993009413853476,0.008756361110449525,0.9178571428571428,0.594554095297503,-0.5883804722669315,0.5480089849810044,0.26536662251814996,0.786957410247982,0.5570265614035824,-0.7590032828771411,-0.18575912981797724,0.6240252897687646,781
4.039735656896755,2.7903787356699827,1.4425150816188115,0.3533630466020923,0.007670594925046779,0.9071428571428571,-0.5290292099101919,0.6859550295623399,-0.4995936273411898,0.5846494211462709,0.7213292458669583,0.3713073839965152,0.6150716620160033,-0.09565467304389574,-0.7826474519921067,782
3.165755029015223,1.6922049117542608,0.9430347094941538,0.5440818982675409,0.013150736760122557,0.8178571428571428,-0.4770992848533525,0.7883133404146659,-0.3885078502639178,0.546577406609304,0.6123230246954814,0.5712386996799363,0.6882073895103621,0.06018796185324865,-0.7230131383808214,783
3.3050132693295735,2.472483300221208,1.1040499348160822,0.43161786878569053,0.009664633117212282,0.8892857142857142,-0.5298692968520687,0.6919129398731384,-0.4904029077091663,0.43854189842686364,0.7184812444739277,0.5398756381458221,0.7258922313798769,0.07100130263105683,-0.6841339660088779,784
2.283470835513532,1.9814600787035455,0.7736769571430887,0.4470522798619425,0.014429371003019404,0.8464285714285714,-0.5245364245811764,0.7250817228197884,-0.4462264386164083,0.5298591099075464,0.6882623235066825,0.4955242654897593,0.6664164335725662,0.02348338293070748,-0.7452098146096515,785
2.2502994248718657,1.839177004142364,0.5973932075011095,0.27306514809603794,0.007401093835517363,0.85,-0.4421061042099013,0.761724857259717,-0.47362161527215774,0.5745976590760071,0.6459714984581446,0.502551841469228,0.6887522942282782,-0.04996063462770675,-0.7232732624554017,786
2.87361667043739,2.870102652491944,1.0456116826864814,0.6754645615042651,0.012038649114800501,0.8928571428571429,-0.5638529329548528,0.6841222420937767,-0.46265173497004686,0.40839585968587105,0.7178774516069334,0.5637949860239743,0.7178319384017744,0.1289524034166061,-0.6841699977808384,787
3.9384722772140894,2.270284363962903,1.1029062402412066,0.162729142136252,0.011818958362257262,0.8857142857142857,0.6386913064686965,-0.6173717340555168,0.45926632472955575,0.23176978341657034,0.723500664887409,0.6502534547409289,-0.733727594231228,-0.3088671719311739,0.6051816979774696,788
2.912845054785667,2.2816712316407304,1.1048441166475085,0.2746164661415927,0.00972207808758036,0.8678571428571429,-0.5470531934128654,0.6414522902239929,-0.5378399045656433,0.49439809256939427,0.766056025406618,0.41076598204082065,0.6755022795228234,-0.041196180704156454,-0.7362061837928691,789
2.5250529371552033,1.838733093192137,0.7294454412555866,0.18005427239265767,0.01158486425386627,0.875,0.5870660444794353,-0.5780268271853122,0.5667790102618047,0.47004677242441223,0.8134057226557261,0.34267646853017025,-0.6590974822836622,0.06523892553527535,0.7492225246496133,790
2.9468083962490828,1.8813732978184108,0.931902132746602,0.112342751962911,0.010851781487464655,0.8857142857142857,-0.47027423175980354,0.7579610735910174,-0.4520366775644193,0.5110024020671383,0.6514786717068571,0.5607602744423715,0.7195267139059822,0.0327192792069361,-0.6936935611232364,791
2.0589070747611777,1.8926170439831709,0.6872259984350402,0.3678604788328731,0.014806608080180953,0.8107142857142857,0.5673069086530591,-0.5324352609002907,0.6282320943286399,-0.6866001224640066,0.11540074498822177,0.7178181802438376,-0.4546901617881354,-0.8385674457109594,-0.3001024754427668,792
3.2644971803372678,1.8275650694963406,0.9436575586395467,0.3735490650070765,0.011779585122537394,0.8928571428571429,-0.5093331338499373,0.745080519654485,-0.43062138589949817,0.49463913942511245,0.6629409064003388,0.5619977547729895,0.7042101110544963,0.07324188591577827,-0.7062037564585125,793
2.9250124238284063,2.5288070760463937,0.9190336381047193,0.6415422448850547,0.011244508617033784,0.8678571428571429,0.6776803934397041,-0.40538483750952875,0.6135245861942136,-0.6623714645134677,0.025870127853700017,0.7487287756478425,-0.31939525254094175,-0.9137799899331382,-0.25098367009050987,794
4.068666135150536,2.2874699368450098,1.0729289761172687,0.48591921199339977,0.011225025616921153,0.8607142857142858,-0.2281537764513083,0.7890551598608991,-0.5703839136826157,0.544953117789998,0.5889656896416195,0.5967792856960873,0.8068283297591671,-0.17467504435912592,-0.5643728157664669,795
4.082620481934567,2.1526951307899576,1.141216798148288,0.5766592507265325,0.00891650659033863,0.9,-0.3549647122366752,0.7936042831367498,-0.49415816785088135,0.549316633990065,0.6047603797521723,0.5766421062529454,0.7564729266064709,-0.06676170211291665,-0.6506086277036502,796
2.4703428471987627,1.3994649356238567,0.751114857203408,0.26393995241310975,0.014326190902731718,0.8392857142857143,-0.45671099217375755,0.7896731479541651,-0.40967229467932176,0.5666659806888572,0.6132277223140129,0.5503103005718717,0.6857876755655483,0.019185410752105864,-0.7275487502955904,797
2.6340278448416052,2.3480204097937283,0.9493542118792679,0.675947372191286,0.010681296288589485,0.8714285714285714,0.5619821565549343,-0.5648776578972675,0.6042261888749634,0.717550549466389,-0.030439727372758272,-0.695840953061801,0.41145748829538725,0.8246130332501238,0.38822169017158425,798
2.7531761384686373,2.0919145861371318,0.9694315128900309,0.19853905443105518,0.011501820892080187,0.8964285714285715,-0.47777432221739913,0.6933290471701785,-0.5394687473615106,0.5881815469732982,0.7085995499390009,0.38978089438342584,0.6525137276945236,-0.13107825973950774,-0.7463540212217387,799
1.7892876661614787,1.4052737606733414,0.5863393827954064,0.20862165754716752,0.015782065015565828,0.8321428571428572,-0.4900519378803362,0.7103676374996418,-0.5051998790309681,0.5191169159992499,0.7034102827150172,0.4855219888884616,0.7002618979375895,-0.0243268116274446,-0.7134714293739365,800
2.2896778182795745,2.0098965584850106,0.878464522749673,0.2917369323053125,0.011098981297956178,0.8714285714285714,-0.48833374368600585,0.6975663114731889,-0.5243390085386558,0.550290894883947,0.7124852317658151,0.4353673454950857,0.6772813933554023,-0.0759344165270445,-0.7317949703306672,801
2.3961371226511745,2.056666682000113,0.8348244143225226,0.199230461413928,0.012824933284016321,0.8321428571428572,0.642689406934307,-0.41938097636765953,0.6411473488016133,-0.6993079708189215,0.020686436148792262,0.7145211216672215,-0.3129196193330666,-0.9075746074127298,-0.27998150620367435,802
2.6179592049603064,1.357858865980858,0.6017130650908382,0.17689121491787474,0.007735431061584249,0.8571428571428571,-0.43345494542444285,0.790104244040946,-0.4334190741483103,0.5935479453670561,0.6121975692384984,0.5224126460653686,0.6780985524521045,-0.03081265595431823,-0.7343248146395445,803
3.32875433322561,3.017575401238241,1.232267942629659,0.47112099541763947,0.010789444696769816,0.9142857142857143,0.5437106968454108,-0.581780312981478,0.604905236845451,0.8371843236755752,0.42677402722119584,-0.3420326561620569,-0.05916997826387671,0.6923839954220313,0.7190989615871218,804
2.5084694903487854,1.9185967675349196,0.8778154859368861,0.36979309451741055,0.012537670420821647,0.8428571428571429,0.6159955906415883,-0.48821273406363347,0.6182214478714183,0.7148228166623137,0.01664110671106626,-0.6991075842432174,0.33102533602290496,0.8725659859664157,0.35923645005118854,805
3.6426958380134624,3.3981778033485366,1.2255825777269092,0.5025601363693954,0.00919108459049978,0.9107142857142857,0.5906108057706537,-0.5841596099115568,0.5567193424472667,-0.6312854815229411,0.09526542128811517,0.7696772962255977,-0.5026504918184083,-0.8060285662771363,-0.3125066934002161,806
3.508373587269685,1.9160486332950766,0.9858529944172746,0.2158430612997058,0.011124415918005557,0.8821428571428571,-0.45801410541117654,0.7740299612307275,-0.43715065865392233,0.5124857811851348,0.631730776918823,0.5816137460347739,0.7263479905165717,0.042353802789108635,-0.6860209559932112,807
1.8703857138312947,1.8703630063312726,0.6651272379075917,0.1729199900784493,0.014143313529402476,0.7464285714285714,0.6197127980316588,-0.4872935076320686,0.6152244187086593,-0.6972887317036107,0.017916121164922073,0.7165664220723531,-0.3602006004922014,-0.8730544370324447,-0.3286814223271808,808
2.731831988604337,1.7791234729613923,0.6943231948634299,0.1837854315340574,0.009046743617729747,0.8785714285714286,-0.44901445251529787,0.7772237264557583,-0.4408052863415002,0.5379205269061189,0.6290487061228311,0.5611944690196398,0.7134616515030299,0.01486621536964447,-0.7005365568442183,809
3.4600205706836062,2.2510123062359235,1.1854951477567084,0.26925120959817406,0.009703646356478347,0.8642857142857143,-0.46763639448313377,0.739879025422243,-0.4836271604191052,0.52996425888458,0.6725778104155674,0.5165045723336038,0.7074277962164993,-0.014768773707825478,-0.706631301644241,810
2.8806200244412907,2.3002275455414494,0.9177644814317818,0.3814408013304902,0.013438638831921661,0.8321428571428572,0.5641285709191598,-0.5722578591896353,0.5952141615153339,0.7205746664441074,-0.010767000069420113,-0.6932937485571815,0.4031514672572455,0.8200030574974709,0.40628054364334204,811
2.524065304523588,2.1353603298991075,0.8783566611520938,0.30179409086481074,0.011689057354971524,0.8607142857142858,0.6227507313751509,-0.5128517384454178,0.5909015323598573,-0.6873291875369526,0.002266059314447323,0.7263425176423145,-0.3738450408010077,-0.8584742042418608,-0.3510867786171912,812
2.1256145381563383,1.7756114601231443,0.6974469582127265,0.19883130988847927,0.013024616994190621,0.8285714285714286,-0.5598321240850337,0.5918571161036488,-0.5799078779943514,0.5517827932306985,0.7883983313461388,0.2719629022957953,0.6181615823851947,-0.16772961947162474,-0.7679472851797422,813
2.6409982424948457,2.2094209285979707,0.7248514342734322,0.30623970152714397,0.006916663977220426,0.8964285714285715,0.5730558641846638,-0.578102350152102,0.5808654312938452,0.6846727976812782,0.7272470872557755,0.04832012203298021,-0.4503666691029209,0.37001263063118134,0.8125641614878996,814
2.3854099763673027,1.318333789276527,0.7267222697240658,0.22060375197234977,0.014838547586104913,0.8321428571428572,-0.41043711026500745,0.7859527495227826,-0.46240637326370004,0.5583534596477728,0.6175186621045028,0.5539964946207042,0.7209596331395213,-0.030805477925900715,-0.6922920120246108,815
2.7198054030939973,1.662417995729078,0.8935367741551258,0.23980623980747331,0.011970421787038272,0.8357142857142857,-0.47236966713920864,0.7537581816553381,-0.45685391664560737,0.4876726493836017,0.6552691656910624,0.5768862171500699,0.7341949908641245,0.049708390460537294,-0.677116527126499,816
3.0145404131520257,3.0140200130006907,1.096755281800072,0.43637380482303173,0.009934416749693578,0.8214285714285714,-0.5363226017635672,0.6841930145193551,-0.4942043967028983,0.46516232334727864,0.7281995609227584,0.5033382683743246,0.7042599518471285,0.04006642428292603,-0.7088106953689826,817
2.1413994372525957,1.98006772579416,0.7564100264725918,0.28033267106801096,0.013339721740147793,0.8107142857142857,-0.5508327224005829,0.623241479590775,-0.5551156366472341,0.4562113507675655,0.7817957001774786,0.4250490402469336,0.698895210574229,-0.01911913443405841,-0.7149684911483141,818
3.737438914799592,2.4023042024790358,0.9671735667694819,0.36113188163811816,0.007668820777258856,0.9,-0.5019261682504778,0.7281215458070992,-0.4668073865706001,0.4852783004336694,0.6838384358072063,0.5448577473441694,0.7159434982968995,0.046946866181182156,-0.6965779920455166,819
2.491196352056761,2.4911947669411894,0.8731737654432288,0.3248523291434722,0.013051637837886425,0.8857142857142857,-0.5282113143554018,0.6547957289394714,-0.5405879768821772,0.38591657087083814,0.7522258231489992,0.534064332562196,0.7563472798352833,0.07347696476064425,-0.6500307130707985,820
2.3290779583891053,1.54740327995904,0.7199253696711175,0.17350194949348519,0.013083293114530459,0.8642857142857143,-0.4673248839721604,0.7635097217430001,-0.4457133132679944,0.5388071256348004,0.6456710747302316,0.5411060382419254,0.7009239146908679,0.012718807358951756,-0.7131226386490577,821
3.3991236803809772,2.575722293673649,1.2993525907980144,0.6439087526676252,0.00864805487995984,0.8857142857142857,-0.5254155269637395,0.7085474836187229,-0.4710615538154133,0.4770535466491685,0.7037531381222333,0.526451739680437,0.704527102143605,0.05188433328746314,-0.7077779159485339,822
2.830484272420381,2.1750449421934137,0.9388939194122661,0.46035540283267196,0.01172539521482136,0.8714285714285714,0.6803572883198533,-0.25664624307326944,0.6864740826472856,0.7184290159040738,0.04845983866653021,-0.6939102198004565,0.14482302764809202,0.9652897751208132,0.21735211227418477,823
2.1824773450862756,1.6691498855584619,0.6741467249869533,0.5135033845414296,0.015262882153554846,0.8785714285714286,-0.4969938768254705,0.8011700183776044,-0.3333521982090683,0.6060991107700423,0.595415560211213,0.5273747989638217,0.6209999632220221,0.060057574969327676,-0.7815063233058646,824
3.9145112013351997,2.4893966285163946,1.3773743296164271,0.3266962848020588,0.008907011318928194,0.9035714285714286,-0.4512277909023989,0.7369779356674052,-0.503246463531291,0.6104013873401828,0.6662540064699838,0.428387377493636,0.6510020177008065,-0.11388204951661535,-0.7504846778898115,825
2.7552305765060763,2.3960659046460697,0.977168507285149,0.37172021862374977,0.010263737607799259,0.8464285714285714,0.6096492018536293,-0.48401882121761913,0.6277369125567966,0.7181635607182554,0.0020738250353464207,-0.695871251961309,0.33551296656867025,0.8750551296671709,0.348868985877881,826
5.444454331496307,2.5079352912919197,1.521145749983334,0.3703245995514027,0.009871823095648108,0.925,-0.4375827148862055,0.7850356675324278,-0.4384522417946262,0.5460197739572227,0.619405967887052,0.564090997440668,0.714411487925916,0.007432876147215772,-0.6996863427791478,827
2.04250803409297,2.0264060893923133,0.7948567411310901,0.35908589173024014,0.013266648326067582,0.8107142857142857,-0.4756033221672678,0.6721880815458049,-0.5674193008448236,0.677588385460812,0.6912893693531991,0.250984038751205,0.5609594101466416,-0.26510788529771545,-0.7842463575439195,828
2.531488911135653,2.286453371194977,0.8892548950806848,0.290632235299229,0.01146750833682505,0.8964285714285715,0.5726516085555371,-0.5536634023355985,0.6045882666186345,0.7520653756749749,0.6483260435374253,-0.11862129649421137,-0.32629404825956443,0.5226185781095787,0.7876560263751604,829
2.649782400204097,2.1529084290385705,0.9655219949044849,0.3208732170553374,0.010496230894217974,0.8857142857142857,-0.5495920346968732,0.6563939944987319,-0.5168128475413024,0.42940967452626283,0.7525936988560303,0.499209430865892,0.7166281649649279,0.05243709019575188,-0.6954814337930256,830
5.757349132984501,3.0474716520030767,1.7487143906568432,0.74617632476961,0.00821787836128903,0.9321428571428572,-0.3330565635108589,0.7066038790685479,-0.6243270645964485,0.6807403723184372,0.638344388315509,0.3593173908981503,0.6524307403840599,-0.30533162297963745,-0.6936185760275799,831
3.0742871784646395,2.197248051872504,0.9748671059160559,0.33408671758835945,0.010932594174436884,0.9071428571428571,-0.47336030002273133,0.7570466405319846,-0.4503447683959768,0.5416579411226894,0.6533290781945782,0.528930799258421,0.6946486170583794,0.006442021783490015,-0.7193203731121636,832
2.184771743686563,1.625700168122093,0.624586384982674,0.24108990144770387,0.01163359705987464,0.8428571428571429,-0.46513636509762335,0.7633507226186365,-0.4482675943466982,0.51779136069023,0.645327029817232,0.5616450225737155,0.7180113290598767,0.029132436644997733,-0.695421478297007,833
2.8541452678239345,2.0341607013049754,0.9669469588312346,0.5383929782063128,0.01238240619563331,0.8678571428571429,0.46905698237371246,-0.620841050553876,0.6281257336183788,0.7983430201433594,0.6022022254484117,-0.000949659602146673,-0.3776691269813386,0.5019052396739249,0.7781112779757235,834
2.233440211144394,1.647593179815242,0.6620619548941238,0.19539673612445485,0.01175397248619829,0.8035714285714286,-0.5255427075322435,0.688810608941176,-0.4993443777292032,0.41951642872204986,0.7204298899161157,0.5522560454605732,0.7401424380428243,0.08075096733500978,-0.6675840416625342,835
1.5957327812728392,1.5957327789834201,0.5379160170038773,0.2081747650112042,0.015433758492690781,0.8285714285714286,0.6022914382888856,-0.540223058544226,0.5877108731179195,-0.5615290434297344,0.2365729731584701,0.7929176260847335,-0.5673888937481883,-0.8075842218543423,-0.16086506103913176,836
3.8517327402120465,2.4126651689045837,1.0899003666822977,0.27281291400425406,0.007382474762624928,0.8964285714285715,-0.45246478946185315,0.782240715684442,-0.42822316264155197,0.5325884208707728,0.6221764959568757,0.5737996007607536,0.7152797971784312,0.031557417579957475,-0.6981253047584415,837
3.117331911326237,2.375242562848708,1.1273406271857405,0.463758176138537,0.009987834026104715,0.8642857142857143,-0.5433108072075695,0.6971930066559566,-0.46769143486008646,0.5314948128008704,0.7168753100272338,0.4512239508704357,0.649866625344945,-0.003420722640727014,-0.7600405699167567,838
3.0282329890824875,1.7293252785425517,0.7905033192774107,0.3327921992913637,0.011560456618137344,0.8607142857142858,-0.421419864446799,0.766865066307426,-0.48406948667205696,0.5702852583291022,0.6391283372668829,0.5160326468693418,0.7051099360965996,-0.05859128416220896,-0.7066732196978123,839
2.649915357022606,2.249565393881111,1.015865839580363,0.46664523786203144,0.011302905042946173,0.875,-0.5849653964929553,0.6415067524663881,-0.49627066349510107,0.4266860795196718,0.763770979983154,0.48434789116884236,0.689749573722211,0.07157497241075766,-0.7205015953309384,840
2.2087427686482286,1.3963374982849055,0.5812028242996954,0.17177937127760196,0.013057927733785515,0.8678571428571429,-0.5058362090478269,0.7099394583470173,-0.49001601514447146,0.49815661102025155,0.7041633893414478,0.5059584093658119,0.7042511771470042,0.011827366279452634,-0.7098523740144501,841
3.870850607365315,2.9717242420422987,1.3857480590395852,0.6526819057118591,0.00908766889162076,0.9071428571428571,-0.4611980792263277,0.7594003533343971,-0.45891985691789217,0.4890126515528566,0.6491127174129393,0.5826828525999663,0.7403802795450392,0.04431459633554588,-0.6707259188464594,842
2.144805784407122,2.1448057815378316,0.8260708916035597,0.37518323862521097,0.012910642972167726,0.8714285714285714,0.6215331852109877,-0.5120791047852089,0.5928503100478765,-0.6559911052904764,0.07346498797859405,0.7511847744204379,-0.42821976771426995,-0.85579079568764,-0.29025840996438446,843
2.3318751964841242,1.9694549289646668,0.7769007290781548,0.24771076347847604,0.01211355571944995,0.8357142857142857,0.6129540077236668,-0.4335615479232839,0.6605389985291262,0.7668694243348047,0.12514150634938626,-0.6294846220591984,0.19025948185543953,0.8923922834443228,0.40919108251906855,844
2.7212063773855824,1.397277279969666,0.6637753734121206,0.3859070275641831,0.013072896260637354,0.875,0.7527722493586011,-0.6500183398434021,-0.10397162335377734,0.5865194776116293,0.5905797753651236,0.5542656685307702,-0.29887931172594356,-0.47821719625804726,0.8258204830502321,845
2.457150127444214,1.9417720807233525,0.8223681306194345,0.33342557170287146,0.01290071026044251,0.8821428571428571,-0.46293633325778755,0.7522828319049663,-0.4687861902518878,0.532016619761562,0.6588326505492673,0.5318814293314899,0.7089769161596986,-0.0031748057060788926,-0.7052245408105227,846
2.7661007984397044,2.407483123736431,1.0716364919630166,0.37826102605125983,0.008871236982392266,0.8785714285714286,-0.5624070847466505,0.6453043149339244,-0.5169918879000254,0.4398717821012083,0.7629274316268957,0.473766344712555,0.7001507597209911,0.03903940571841247,-0.7129269517021166,847
2.4965059901818143,1.9970408823825228,0.8632464096372242,0.43871312422816605,0.01343575973177315,0.8714285714285714,0.6128986843746943,-0.43440497014198076,0.6600360025087371,0.7842156713369557,0.23213476832371474,-0.5754296048734573,0.09675217579618953,0.8702906245911419,0.4829422793952328,848
2.810736093270753,1.8819277168211694,0.9414997024608248,0.34890384164889526,0.01167334067577336,0.8821428571428571,0.6871612182070678,-0.24956798505597033,0.6822941308755935,-0.6980346728913631,0.03352983207963314,0.7152785092550729,-0.20138782394580462,-0.9677766122384931,-0.15116670655458173,849
4.7312687340027635,2.7390668074617466,1.517779501477099,0.5939810704008289,0.008258303976112645,0.9107142857142857,-0.43419428935879106,0.7432081825594368,-0.5090352801770358,0.5932855132794458,0.6611457984867147,0.4592369027812432,0.6778551606508274,-0.10260521682674512,-0.728000378199749,850
3.0506124704536317,1.5251997626828209,0.8881317711484953,0.20693402446649223,0.012254544112321396,0.8785714285714286,-0.48438140583739536,0.7761029422188459,-0.4037807285622225,0.52969668002988,0.6274971338748319,0.5706739648382377,0.6962729930453366,0.06254254598369047,-0.7150470957199718,851
3.2944825314157717,2.399643515131186,1.1700069398024528,0.5479481697957728,0.013016225458757701,0.8928571428571429,-0.5275987602407672,0.7305379957388025,-0.4335363709936442,0.4972068898193958,0.679358961493031,0.5396820454260394,0.6887850585694557,0.06917830744564224,-0.7216574705983634,852
3.5270563562927055,2.5294082371691498,1.1131588974574833,0.704069024728991,0.010520573092665958,0.9,-0.4402255141504949,0.6924090865752962,-0.5716390062958409,0.5582351257134088,0.7097110308469895,0.42974852776226957,0.7032602939955213,-0.12992270595268351,-0.6989599769423608,853
3.2603542744851683,3.0628249664806066,1.3014209219268127,0.6813187727597446,0.010347267983780651,0.8535714285714285,0.6068012076964616,-0.5880881714211807,0.5347378768823167,-0.03359955700727334,0.6531708967928627,0.7564647046305086,-0.7941431634831536,-0.47699065212779546,0.37658538696512084,854
2.8452739896689194,1.3672866258318144,0.7600928659970866,0.26427583343791067,0.01614613914684053,0.8107142857142857,-0.44860474688298857,0.7971635428362673,-0.4040842326134248,0.5685794018677324,0.6033954511258944,0.5591345037934164,0.6895442297965966,0.021076421264268286,-0.7239368339992859,855
4.619770598259097,2.477510636736583,1.1210589353509204,0.3179003618413795,0.007048314185802576,0.9,-0.576879514703734,0.7015083904646362,-0.41844474381081664,0.35407329724495235,0.6764066681405811,0.6458375333418191,0.7360992634782839,0.22441033265577007,-0.6385905393161213,856
1.863618329765274,1.290532338839163,0.4188955325881197,0.08902248178159478,0.004761794172150533,0.9035714285714286,-0.46319421558517687,0.7560662432605304,-0.46240129157512216,0.5515813688131217,0.6543132642546873,0.5173317560314838,0.6936923757881989,-0.015426860415656024,-0.7201061725544644,857
3.1002091286020974,2.1012994173600927,0.9708715377531612,0.34712034627655897,0.010472925401141198,0.8678571428571429,-0.5245358119809543,0.7195529817054815,-0.45508866000838977,0.47087369295299447,0.6905142380435404,0.549061064312484,0.7093237252723821,0.07371291323709558,-0.701018016307577,858
3.3084937061197044,2.512007449131206,1.1362142528026107,0.5084203097387431,0.009801208637461327,0.8642857142857143,0.6255653244401148,-0.39346437001270407,0.6736867331250035,0.7271329136997987,-0.018906803713062446,-0.6862362993807577,0.2827467960429879,0.91914543044279,0.27427345300550576,859
2.4016812043185767,1.8519039182268655,0.7912698492425699,0.3157747755779449,0.013413679065286078,0.8642857142857143,0.5884903458182382,-0.5085909048017411,0.6285017139449,0.7613795841849039,0.08709689820895239,-0.6424291860655167,0.27199309120849613,0.8565917474942926,0.43848641536485594,860
2.025729003370595,1.8246503036989523,0.5944784594275714,0.2764569635024823,0.01029678565579296,0.8892857142857142,-0.48391043284600194,0.738861564785275,-0.4689501903889688,0.5468970744151905,0.6736688693802642,0.49706523155821547,0.6831795393444544,-0.015932435814139417,-0.730076622355577,861
2.3797527037010444,2.1189526120437936,0.6333900089434972,0.23799354230235253,0.004876017124515527,0.8714285714285714,-0.49660950027612133,0.7253685612886381,-0.4766754184238499,0.4949665964173808,0.6878011114895822,0.5309780593063042,0.7130126735665326,0.02775033923660461,-0.7006017741954118,862
2.5512317123146113,1.7662467822057442,0.7410074440998866,0.3497975009836648,0.010963219945432269,0.8571428571428571,-0.4596781098722005,0.7852804002452775,-0.414765871661276,0.5430537235801861,0.618090929810565,0.5683803794921195,0.7027009951679418,0.03603186751374399,-0.7105723157522084,863
3.959615090289634,3.0456303666829427,1.4688642159700607,0.5038899556878585,0.006992966777307708,0.9035714285714286,-0.4669163407616263,0.7211530829273123,-0.5117883954469913,0.5511681035878315,0.6899089611172756,0.4692966513384418,0.6915221271348925,-0.06295916418214736,-0.7196063446970984,864
2.31266050156995,2.3126501815843774,0.9369201762683368,0.3576765224358521,0.010478907415585407,0.8964285714285715,-0.5152414761190481,0.6986529747232295,-0.4963972624794044,0.5009109454558417,0.7154570303199492,0.48704154082408013,0.6954239325829958,0.0022931803552446173,-0.7185960585159503,865
3.5638559571361372,3.563445137815083,1.3464754630810931,0.45716953066838634,0.01038157287676257,0.8964285714285715,-0.5451605639578505,0.7400382025918355,-0.3938824928957926,0.5457577874702204,0.6699340755905193,0.5033257114218249,0.6363555585682963,0.05942889084714581,-0.7691032505534676,866
2.0802974139199537,2.0802732007573606,0.7249046023246708,0.30398676878969777,0.016067874422054828,0.8678571428571429,0.6058788667435868,-0.5613836988698176,0.5637012874535137,-0.4927001229364707,0.29154190173435907,0.819908475618773,-0.6246257981318845,-0.774500911669157,-0.09995474041660618,867
3.271600900923718,1.9422637660739497,0.9333389125390041,0.2047135093082923,0.010017515741178517,0.8857142857142857,-0.5361169793350489,0.7379904749210229,-0.40981537720601197,0.38282017136444185,0.6452428341694032,0.661143253273854,0.7523478589490118,0.19756453092313692,-0.6284432792670781,868
3.7642355936275775,1.6111729006179776,1.1712205579566388,0.30381777433653706,0.01243726411161352,0.8785714285714286,-0.5172021620258297,0.7926232436570796,-0.3228781770425766,0.5386314628171989,0.5946212422230965,0.5969101486492469,0.6651150809139814,0.13481087460435628,-0.734471209258196,869
2.7811398451387075,2.7810933057402014,1.158413732203291,0.507727373208094,0.011353629071709956,0.8428571428571429,-0.45227654711653276,0.6972802730386737,-0.5560990431204313,0.4082981175736629,0.7162148067457039,0.5659761459496481,0.7929303702811175,0.028923544549842334,-0.6086253826916219,870
3.4731588785965277,3.47315793444747,1.4545906743920383,0.4811472057291621,0.007567804196545509,0.9214285714285714,-0.5865579947163407,0.6199818062342455,-0.5211259720766829,0.3695349366913174,0.7774276604297102,0.5089697077069824,0.720689703963425,0.10596599802441142,-0.6851113470552076,871
3.7891293370651282,2.7751593780169097,1.3458435610265806,0.4465841257149812,0.010534395464802948,0.9142857142857143,-0.5080171262194139,0.7240262422167186,-0.46658825537009146,0.4471736174512716,0.6846697524474615,0.5755545898862031,0.7361754922050256,0.08374563072226071,-0.6715893939094175,872
2.918366886660456,1.4650640511781352,0.7693614542360072,0.2917208243082441,0.011432382134303282,0.8892857142857142,-0.43813431357971294,0.7878624752284361,-0.4327944585954811,0.5605270574566708,0.6158512156766784,0.5536575638501866,0.7027430121481109,-1.6627664360335803e-05,-0.7114437845680577,873
3.3794056409715463,2.959689515147269,1.1636600490571014,0.7367186599224352,0.010579376410854503,0.9,0.4931052601265994,-0.5657821649733905,0.6608613653660667,0.7151439479643025,0.696184945669174,0.06241518335822029,-0.4953951313098563,0.4418337506592636,0.7479081498772813,874
2.2070400358893405,1.3463752329692396,0.6528261169424678,0.15596207517368807,0.01673025767668335,0.7964285714285714,-0.4509979510807466,0.7563805868796885,-0.4738029716163742,0.5635911192313611,0.6529771812360059,0.5059504433327655,0.6920736221273791,-0.0388485337769445,-0.7207807523643174,875
3.545826613479327,3.223761144177157,1.3560243380095287,0.6158998568016056,0.009419587799342204,0.9071428571428571,-0.5008316894422897,0.6937871500402087,-0.5175200568958335,0.5368425307472021,0.7180037782680037,0.4430244593403516,0.6789460332245276,-0.05594608862070996,-0.7320534947233859,876
3.7077720262777603,2.4360452208593624,1.3140051441904865,0.3478033754405655,0.009076152418119725,0.9142857142857143,-0.4633366062870841,0.7391852219189667,-0.48879893307061906,0.5559147895447967,0.6719948025083894,0.4892665246745123,0.6901289271141531,-0.04503546489510993,-0.7222837883145027,877
2.8209724938388225,2.3961375976321317,0.9121718458313068,0.29713069685336724,0.011510530033565499,0.9035714285714286,-0.5448740822744326,0.6291888720514818,-0.5542865664547347,0.6310510852807308,0.7429828894960803,0.22304921807096145,0.5521655206834332,-0.2282494013193454,-0.8018824406144294,878
4.552321694773268,2.7915641820967725,1.7013905617330496,0.3800662093477,0.006837352349283083,0.8928571428571429,-0.4487549263109449,0.7670799097503839,-0.458483836322505,0.5408318123424795,0.64154005268352,0.5439920142439367,0.7114210897000507,-0.0038435478622527997,-0.7027554768693184,879
3.0919685934997245,3.0918958690481375,1.1815243164745093,0.5727583880109177,0.010408265033093016,0.9035714285714286,-0.5834394629524984,0.6214257974631235,-0.5229037878204951,0.4888044981136786,0.7828598067394954,0.3849684215823873,0.6485896666564579,-0.03099195442563954,-0.7605070302550424,880
2.3202593592806697,1.844294759608751,0.7782043696936543,0.2600295411121753,0.01410230659531498,0.8321428571428572,-0.5268331510460182,0.7495636371881468,-0.40075077637379525,0.5020957981794818,0.6548818172284137,0.564827066378834,0.6858182269445983,0.09635434224199185,-0.7213662040334858,881
2.5544609336367494,2.2358311833959954,0.8878558847556504,0.262681354678652,0.011806058420842975,0.8785714285714286,-0.5452403732223752,0.6390218994084483,-0.5425531747992486,0.44149761774960317,0.7690878165683315,0.46215125654657885,0.7125958103509663,0.012447589428294048,-0.7014643744251552,882
2.4699124383828863,2.141087663903503,0.8440389947094482,0.2833228085412706,0.012297191708501326,0.8678571428571429,0.6744094019802747,-0.35791615525837717,0.6458080088738987,-0.6760426827578345,0.05235686296136073,0.7350000340070979,-0.2968808677065569,-0.9322847122558142,-0.20665663716390845,883
2.7305560166233134,2.2162088471237444,0.8863913697367779,0.28839687994391694,0.012287900966990629,0.8285714285714286,0.6887615076470812,-0.2398388084222452,0.684167327163697,-0.7032224165476167,0.008485752829021287,0.7109192815389487,-0.17631170820070338,-0.970775637299125,-0.16281536652855497,884
3.449618816591477,1.6085001659070737,0.9409898889710058,0.21657005886296732,0.014573709114747174,0.8178571428571428,-0.4467551661191436,0.7724208435845591,-0.45141539843250195,0.5511178417455075,0.6350727242949394,0.541250181862674,0.7047545289358772,-0.006976765204733171,-0.7094169286756893,885
4.4862349478106305,2.5289269729616892,1.1732310948369624,0.3226254194569343,0.009612695493081306,0.9035714285714286,0.45839453088915944,-0.6219860867628662,0.6348289233520508,0.7494567434000943,0.6544504249075382,0.10004614490557805,-0.4776913687968758,0.4299162118503547,0.7661481625411682,886
3.619815032346237,1.9615449916393999,1.135259566284964,0.333335690828597,0.010102171394264864,0.8642857142857143,-0.44013456238828363,0.7777823379556614,-0.4487050275576368,0.5465229128531529,0.6285315432936694,0.5534083526758368,0.7124565058428335,-0.0016534355456535588,-0.7017143246600552,887
2.360691385913025,1.8086806064881393,0.7861432362983044,0.36703007138092636,0.01365599261263111,0.8357142857142857,-0.4608240831585021,0.7282816891770674,-0.5071951750465724,0.5181747170525565,0.6847587698642545,0.5124454992499163,0.7205110179508909,-0.026668488959635944,-0.6929304905313236,888
2.9482831952323028,2.948283187273202,1.161947463847968,0.42049951114922707,0.009505057382790939,0.9107142857142857,-0.5696592893752119,0.5893737866801527,-0.5728235623670053,0.26374395046150473,0.7911958356706424,0.5517683193265024,0.7784134008504016,0.16324119943118426,-0.6061558283022448,889
2.6565321695536053,1.9113290354335668,0.8370694204356428,0.5577615158074808,0.01433082915900532,0.8392857142857143,-0.43940237419148026,0.7212357280993488,-0.5354853668102355,0.5142323364132023,0.6907365326273092,0.5083779565254786,0.7365396511674774,-0.05198141020599964,-0.6743940059424358,890
3.1770651064220043,2.1004023720104072,1.0703511746370324,0.3908932564276982,0.010637743434430327,0.8892857142857142,-0.4099546332913028,0.7698980493289432,-0.48907483300869353,0.595883374260572,0.6320255979085116,0.49544590811532935,0.690550651960324,-0.08832121618204974,-0.7178712696920633,891
2.520202163049327,1.8706305869717328,0.8517904795815376,0.27710549789075595,0.010628409941831115,0.8464285714285714,-0.5495311442306317,0.6722290030709909,-0.4961085455328848,0.35274960970141495,0.7249676790107017,0.5915991694089298,0.7573527806617416,0.1501000726849187,-0.6355208366402395,892
3.252798156242094,2.3182372471892525,1.0862163833902418,0.22157481408686078,0.00902264530122489,0.8821428571428571,-0.46478655297776894,0.7497218253079508,-0.4710526985677485,0.5351445905847387,0.6617046906262489,0.5251353821359904,0.7054032374032148,-0.008005439409223686,-0.7087610215022616,893
2.6393382461763526,1.9842704999297411,0.9260432986585324,0.38970819983481747,0.012040048255122495,0.8714285714285714,-0.45399007747409253,0.789378792664755,-0.41324826829183603,0.5491860461220868,0.6131306756904289,0.5678604241115836,0.7016321659529705,0.030852815406896134,-0.7118710609946237,894
2.948360872489747,2.0683028354286037,0.980755962651853,0.34063953469419034,0.011814293975533604,0.8928571428571429,-0.5602108649657095,0.698119704247344,-0.4458617109777117,0.35076041832834465,0.6875386814106639,0.6358126221601853,0.7504204925963153,0.1997984987573396,-0.63003939891551,895
3.1646666569509825,3.1646666568515154,1.226281903009254,0.5988962822909678,0.009881136896633242,0.8928571428571429,-0.5074700056868657,0.6496349904033355,-0.566081771983369,0.5189291457504054,0.7548748135255745,0.4010942004012069,0.687885699094644,-0.09021305420163608,-0.7201908565322708,896
2.397313852848875,1.3958088520778316,0.7170162105648473,0.17533131348663922,0.014890624380557682,0.8642857142857143,-0.47332151347013185,0.7551676857129687,-0.45352895314551084,0.4937042998473296,0.6538088794732168,0.5734021393701237,0.7295360232357289,0.04749437416048169,-0.6822913418947234,897
2.6871905004718992,2.140598571636988,1.0145245185339515,0.4022092511766303,0.009905841319442,0.8571428571428571,-0.5492002227584062,0.6811208522360557,-0.48420398591022173,0.3466335903140168,0.7128787983558957,0.6096301935769491,0.7604105926327771,0.16696767203229296,-0.6276125613051298,898
3.856558190836697,1.676459132726679,0.9641911354280261,0.17191066828956186,0.013155280152092727,0.8428571428571429,-0.43601125639069443,0.7906794563132851,-0.4297908580516064,0.5599381922812737,0.6122241705069912,0.5582569174419659,0.7045306275282768,0.0027499838462337334,-0.7096682552175051,899
1.7809273894603095,1.7133454055441117,0.5834949128280505,0.42273246771568884,0.013538132828754334,0.8357142857142857,0.620129281318793,-0.46229927501447177,0.6338131071318509,0.7785284502201248,0.4621479130692951,-0.4246324983365567,-0.09660810860837638,0.7567685820426143,0.646504591309546,900
5.181311408982111,2.622976394808491,1.5906520409210334,0.519328826372672,0.010565145398162801,0.9321428571428572,-0.5286410660851956,0.7757113391376489,-0.3446890505681656,0.5035792280566878,0.6134886074013702,0.6083088768533285,0.683334899092779,0.14799880716412206,-0.7149473888055391,901
3.2086497877944824,1.8617214984802224,1.1289025580262102,0.3245110681492084,0.010606663871460175,0.85,-0.47290925003184175,0.767497969512669,-0.4327859840940451,0.5410644994011523,0.6406206259532662,0.5448434831132936,0.6954178950257905,0.02349639115216451,-0.7182213244402613,902
3.010219674858921,2.782326575589098,1.0963771044405228,0.4627224066858773,0.009238316073844031,0.9,-0.5557217207616427,0.6794642918118786,-0.4790632998115189,0.4941027923009155,0.7333544058035788,0.46696225343052983,0.6686073584056321,0.022794552881386154,-0.7432661761743101,903
3.4963119132284044,2.2805757601925443,1.1076591822689583,0.3450503094815874,0.009392518147654332,0.8928571428571429,-0.4486730032725604,0.7640145718894223,-0.4636531786529709,0.547310485029003,0.6450360954087181,0.5332726025188173,0.7065010750959253,-0.014497225958704424,-0.7075634680562612,904
4.352419783275309,2.521450597943903,1.5158176242066945,0.369370673240185,0.007386366092841417,0.925,-0.4713608722015914,0.7392659582432841,-0.4809415464897932,0.48311303151314255,0.6726606361395335,0.5604725393545517,0.7378487154827448,0.03183569648989926,-0.6742149223277891,905
3.0867482174133483,2.10301858628392,0.8825356013877385,0.33998260249227963,0.01017836265999813,0.8678571428571429,-0.422778451742441,0.7679092642680019,-0.48122109533315405,0.5687635417573287,0.6382473955764665,0.5187950420036,0.7055256298037117,-0.05436564992008916,-0.706596038623797,906
3.070925611644561,2.0655006836998697,0.9758886309077817,0.2996257528781478,0.010626437906072594,0.8714285714285714,-0.4795894760987414,0.7152946451075545,-0.5082789638533081,0.6152481101152643,0.6871154181261163,0.38644814034093633,0.6256705981704194,-0.12738121075664993,-0.7696170019764633,907
2.159575180841111,2.044525016122192,0.8708799458418773,0.4976384719642484,0.011727834200115902,0.8571428571428571,0.6522084511383643,-0.44662071871077114,0.6124982203092268,-0.6350848667092619,0.1192137337957399,0.7631875901450164,-0.41387358980801725,-0.8867457467012474,-0.205889854938684,908
4.690506004443518,2.1742036237480176,0.9644266420273786,0.23556813306134552,0.004958611984303087,0.925,-0.5298531769455671,0.7670560487932867,-0.3617742789230885,0.5047902233742116,0.6280237980951927,0.5922608710795456,0.6815001403275741,0.13119118505341598,-0.7199627988290627,909
2.9838013888459662,2.636478840758546,1.0691884211305216,0.3866062380250388,0.010366095103009154,0.8107142857142857,0.6302881113492232,-0.46741569601491445,0.6198866540027477,-0.6970002843815699,0.010995346601899488,0.7169865451492899,-0.3419466336489362,-0.8839692695292055,-0.3188586368034635,910
4.596586694442645,1.9923345753853865,1.4134172555361084,0.21409889087045844,0.010932121165546772,0.8928571428571429,-0.4068934758338944,0.7696144044979893,-0.4920684583602338,0.5853397364591222,0.6332229072363438,0.5063656215355838,0.7012952960385357,-0.08199035394702175,-0.7081401624070369,911
2.1502157965027484,2.1443387268350436,0.7623202278294756,0.38753591125043707,0.01355563225508206,0.825,-0.48484873386541555,0.7026999530885226,-0.5207057529915448,0.5044189194927455,0.7110421271970833,0.489878196094517,0.7144811116655742,-0.02513701017295114,-0.6992030261609932,912
3.7493039517051767,2.6788970953479962,1.3226127092265534,0.3823983404365869,0.0074828970671155,0.8892857142857142,-0.46526835038366227,0.7548254089104074,-0.4623461519192105,0.5149896885675017,0.6556560675263552,0.5521781793814594,0.7199381798463067,0.01880752985140849,-0.6937833192146341,913
4.1764318313511115,2.732183099563811,1.2431606079232345,0.5036454100719128,0.010795723158731594,0.875,-0.4333614613590996,0.7627842188630507,-0.4799563305783053,0.5318479343236179,0.6463976117742581,0.5470903967793951,0.7275545467966003,-0.018175889139766838,-0.6858090247944924,914
4.474909866629117,3.235905817835211,1.2574369179844642,0.40774220988242704,0.008780554894880246,0.9214285714285714,-0.41081328832760006,0.7676022301714528,-0.4919545287618321,0.5211054765624034,0.6404542924293174,0.5641519135884703,0.74811865665156,-0.024599096419879563,-0.6631088598602728,915
2.539365279602463,2.18149987855664,0.9474973542054168,0.41022977287966383,0.012348816137051,0.8892857142857142,-0.4857986783109561,0.6339109136302767,-0.601794481307162,0.5730709458568647,0.7508622091732976,0.3283224540754313,0.6599919205308856,-0.18537231836448248,-0.7280437956731245,916
3.7660627209055586,1.960029497089674,0.8658553525752319,0.19164796087853134,0.00652936477239352,0.9035714285714286,-0.4359831514268016,0.7825790085580676,-0.44439710511683855,0.5478010087076027,0.6225512404429546,0.5588774533668999,0.7140257324010721,0.00021997093054362815,-0.7001194220144891,917
3.491938802184552,3.4918828683833816,1.5147046558349169,0.5528190724915094,0.0070102561559849536,0.9107142857142857,-0.5711983840032232,0.6260937960066867,-0.5307908860502824,0.31179037368796864,0.7636965479022224,0.565291381145817,0.7592885940060099,0.15739803468965527,-0.6314322526512333,918
5.283798375956021,2.264105325328729,1.1181535741415458,0.3345853176940396,0.005713782539032859,0.9357142857142857,-0.40901313825810043,0.7591146710546677,-0.5064120544791798,0.6484606224389937,0.6322414665605075,0.4239923927471477,0.6420335457577687,-0.15496981690310663,-0.7508510384694989,919
2.726968576829523,2.176878595045104,0.9311683082064375,0.257215924909489,0.009531972942883677,0.9035714285714286,-0.5419954318031388,0.6308026432198929,-0.555273785813202,0.5376031986191241,0.7681082922929354,0.3478396931710311,0.6459285972450947,-0.1099894386640235,-0.7554327042452936,920
4.349949318813979,2.1636523003449932,1.0347351250848562,0.24896843754807538,0.0070633213440352794,0.8928571428571429,-0.44748328183536146,0.7639616522782764,-0.46488848805503935,0.5610148695411401,0.6446356383094601,0.5193334285168754,0.6964345113731744,-0.028416327517834267,-0.7170575177060814,921
2.503921542800036,2.2306130116865126,0.9256234565630421,0.22323812186706452,0.010741040734274171,0.8607142857142858,0.6179934478438899,-0.5083726506685871,0.5997010475847246,-0.7021509377848945,-0.013770460050641304,0.7118949606492427,-0.3536497688247718,-0.8610270741865138,-0.36546438749623333,922
2.1737261915049384,1.3125932047677364,0.6678648693924234,0.2560460632201436,0.015302420661870847,0.8178571428571428,-0.4457340767261315,0.7688294737687787,-0.4585001342524625,0.5579542646064538,0.6391445906955409,0.5293214815139291,0.7000058367275052,-0.01988548337487378,-0.7138602076726039,923
2.8325374229948834,2.8325374214396986,0.8992161586325365,0.5661289914450759,0.007544998603676138,0.9,-0.3937648080428506,0.7651752634911977,-0.5093683265458827,0.5487737057189146,0.64023526625934,0.5375371835969696,0.7374257222653051,-0.06786471821947099,-0.6720101815913838,924
1.946581878534894,1.7849113274500914,0.6440148387272021,0.3840111069922179,0.013276990922299689,0.8285714285714286,0.5901000200095093,-0.4620485159648582,0.6620371101980983,0.7950336652754759,0.19000269872278003,-0.576038579920393,0.14036893339845272,0.8662621678064515,0.4794647215008087,925
2.400985645356817,2.299060522898032,1.0136077701800996,0.3915024714441731,0.010679795931727486,0.8464285714285714,0.6305050081855347,-0.5244902466987043,0.5721655492695197,-0.6795438014375202,-0.01678782029574175,0.7334428341851613,-0.375078200620621,-0.8512509325737331,-0.36699890083152426,926
2.6843153455400732,2.5255952117201987,0.9598657737427659,0.3423535376095061,0.011165441439665585,0.9178571428571428,-0.533410753069191,0.678736154517412,-0.5047674722692365,0.517380741804103,0.7339076234982677,0.4401099501049266,0.669171231091411,-0.026397589322526588,-0.742639233246914,927
2.623770111169143,1.9790586198643292,0.8227769150905552,0.3648154264181526,0.012093090638604703,0.8571428571428571,-0.5609778757566085,0.6846652145665444,-0.4653357571411752,0.4768105376984008,0.7267408656170585,0.4944688315575921,0.6767241196021943,0.05550908218225409,-0.7341411361202413,928
4.121413242308593,2.353433457629379,1.158077312924291,0.30279655120253685,0.00923187438942468,0.8821428571428571,-0.5315777158812234,0.7771087652139932,-0.33693782661803395,0.5367273558844052,0.6167838765787663,0.5757615782924422,0.6552471880319949,0.1252182759027291,-0.7449640970920086,929
3.3679743967187092,2.216898635849875,1.0624861317342296,0.39779404991670925,0.010515681274824842,0.9071428571428571,-0.5317561374446139,0.7101788412970451,-0.4613907494347618,0.4829005270070308,0.7018164859939892,0.5236990557594894,0.6957316230460685,0.0556743510158422,-0.7161409605187012,930
2.288151768159659,2.2209344529739616,0.8654730826246058,0.5653321061289085,0.012588947441276635,0.8678571428571429,-0.4908015260677815,0.6545879963353896,-0.5750029713515894,0.633005744503693,0.7213808796105279,0.2809152077721437,0.5986798722479839,-0.22610657130203243,-0.7684127985524296,931
2.856414094383713,2.0897301177709755,0.9114495858423912,0.337548956571932,0.011893544157013599,0.9035714285714286,-0.45686318960531613,0.7344137386625922,-0.5019088427665833,0.5288241089880257,0.6779408903159163,0.5106282512657161,0.7152769308014049,-0.032134244993409666,-0.6981019284904073,932
4.493852366263778,2.2959714194052387,1.4696547569168277,0.2860716731399037,0.00590691336014734,0.9142857142857143,-0.5251787064954694,0.7493634027103486,-0.403288751296281,0.49362399110190197,0.6542841679232015,0.5729289511044743,0.6931974333855939,0.10181708247348129,-0.7135198666219555,933
3.4090597147820327,2.6171571976116415,1.2895461581511458,0.3804182794471749,0.009218389506416149,0.8785714285714286,-0.49282422371014406,0.7108477842974729,-0.5018164127286666,0.503536726246629,0.7033252040787629,0.5017812497776237,0.7096302204989027,-0.005393038748256723,-0.7045536638807144,934
3.0002029861782438,1.584572188812806,0.9600376997721765,0.2484742859373938,0.014016760316969513,0.8857142857142857,-0.4453971872007093,0.7881305168476517,-0.4248195311507581,0.541940311215357,0.6150049005141474,0.5727736650924043,0.7126864981978391,0.024884950412594115,-0.7010411503823899,935
2.906363019689098,2.255744901881281,1.0649371884650012,0.48274071995031603,0.010533869396539582,0.8785714285714286,0.664635686436598,0.15459140634459465,0.7309999325576937,0.7330232438158717,0.05455407680754393,-0.6780123721063898,-0.14469391259002326,0.9864711601400605,-0.07706050785787545,936
2.68682497400134,2.6866487642191825,0.9941290756899298,0.4815939706449782,0.01195124938886465,0.8428571428571429,0.5949198644773943,-0.5482360814641738,0.587798905945738,0.797098609139261,0.3082709228428483,-0.5192329394769502,0.1034609209240584,0.7774356803687533,0.6203947136550401,937
4.558787495213683,3.2392360339426323,1.4326840943965407,0.5415116512683994,0.007297326719894884,0.9071428571428571,-0.44801177079740734,0.7775224577274923,-0.4412984035280111,0.5476388835933191,0.628830110635924,0.5519640795688382,0.706666191637632,0.0056142396646022,-0.7075248221153474,938
2.761955973161394,2.761931720762553,1.08018533092028,0.4612439874204853,0.010791483391049714,0.8571428571428571,0.6121445337027225,-0.5328948818622147,0.5842106766766015,-0.6720699973575375,0.038669047360957866,0.7394772636315708,-0.41665451936792447,-0.845297432659802,-0.33447161587948177,939
2.8791031392135156,2.1332955883725426,0.9684149061522663,0.35480088702571844,0.010077806428993202,0.8392857142857143,-0.46981989649133044,0.7169719905641468,-0.5149955627064766,0.5683545338505475,0.6920667744673008,0.44499067802590314,0.675457170153965,-0.08363458868740314,-0.732641021826301,940
2.275519274494649,1.9697750960419844,0.8159212044537104,0.2743694548267578,0.011818275326426202,0.9,-0.4868452811185328,0.6738222305103877,-0.555828457280322,0.6117606072779049,0.7172331456817849,0.33365487276283035,0.6234826634603289,-0.1775956542413624,-0.7613994693713654,941
3.23996933166612,2.53369745793913,1.1265774799246238,0.31470845112011686,0.008572413664001124,0.8892857142857142,-0.45667677162896403,0.730359193698782,-0.5079584377035312,0.5868873183217522,0.6764376158906616,0.444966771120339,0.6685877667499232,-0.0949083768053317,-0.7375518952348559,942
2.7497165466087305,2.527190730585025,0.9600518672312188,0.6805487803593503,0.010260336907130992,0.8642857142857143,0.6699578263839181,-0.4662591418330414,0.5777187235359883,-0.3852378398328634,0.44687164032151167,0.8074017239499001,-0.6346245485543756,-0.7634842170821067,0.11976448822033045,943
2.3791370554556974,2.322545200268621,0.9355242838180634,0.4768346273056343,0.011650111190463963,0.8571428571428571,0.5736893019390367,-0.5314128598265441,0.6232824056971884,0.811054350200282,0.4747832723431609,-0.3417187225252931,-0.11433033657738942,0.7015562819290364,0.7033827957975708,944
2.0610578624055935,1.7873975070007,0.6592168461268944,0.2612940059036882,0.012401201711346682,0.8,-0.44879020677982234,0.7343469773436679,-0.5092365532488246,0.589837457258863,0.6715049150037555,0.4485230463869142,0.6713263917893616,-0.0990740429780552,-0.7345101835203235,945
2.7588443334956496,2.5471795042956047,1.042343863884856,0.41775052788256567,0.009675324163984353,0.8535714285714285,0.588769072931692,-0.5804838876561144,0.5624850530732347,0.4885266182758967,0.8099562139937746,0.3245191437323644,-0.6439663981878808,0.08372208540471493,0.7604589998286648,946
3.0278095013150543,2.212834133139228,1.0777872306067597,0.38248641583333787,0.009963767445926077,0.8785714285714286,-0.4691731808887682,0.7553154672435677,-0.4575752083290203,0.5284881909410576,0.6552619831174334,0.5397517628659092,0.7075144933996502,0.01141395740483725,-0.7066066538080413,947
4.0981528774063305,4.098128640261885,1.67935010802589,0.8255842074551254,0.00741677580862514,0.8964285714285715,-0.5180775061046734,0.6070930323081778,-0.6025228193116207,0.5830900189530862,0.7660535301204178,0.2704958757307324,0.625780894136,-0.21118721342190233,-0.7508649901423293,948
3.1544287113186282,2.9010464432563894,1.3283720263720273,0.5058273954200457,0.00875521531291252,0.8857142857142857,0.5994202800972552,-0.5161487965611882,0.6117889731080197,0.7145484678224077,0.6894947692685788,-0.11839531360623609,-0.36071569821783156,0.508121425409032,0.7821104794717404,949
2.782184524793865,2.6991243062934362,1.1165195658724578,0.5082844344211008,0.008722222596334013,0.8821428571428571,0.6096618474898586,-0.5320636356589428,0.5875548649484916,0.7904573985351198,0.4633298408916032,-0.4006277070304207,-0.05907226774336058,0.7086845180676304,0.7030481640932628,950
3.7061504431373207,2.3101105261114308,1.4156760878438635,0.3998593370155833,0.005781461257677528,0.9035714285714286,-0.47877873620408856,0.7468649952206461,-0.4614797944362029,0.5527191071854347,0.6648181015630088,0.5025121693912425,0.6821088698374709,-0.014476558576582033,-0.7311073238183482,951
3.56072582701756,2.6397328190151166,1.3843762872171417,0.46316475446933875,0.007715166712683084,0.8964285714285715,-0.5012105380545995,0.6857620802341815,-0.5277483925659147,0.48565865224410176,0.7276996889641814,0.48434371698399936,0.7161868960288658,-0.013547398064638283,-0.6977770402945462,952
3.396350812456995,1.8616413444818853,1.0438388067792488,0.2799050674565301,0.011152476273858689,0.875,-0.45153134379290466,0.7750154877667678,-0.44212039004575754,0.5478426439412623,0.6319197919379982,0.5482205888476687,0.7042640719588222,0.005326375754315382,-0.7099181267366701,953
3.693895089179808,2.698916431455725,1.298648349653353,0.767053517688105,0.011303560585350063,0.9178571428571428,-0.6263903471553229,0.6719786943470446,-0.39506931965703845,0.3081317253155038,0.678989885447373,0.666353941471238,0.7160237236605537,0.295664285641341,-0.6323706645247473,954
2.430608666387799,1.9377799700220082,0.7380196966283713,0.20720764339908415,0.012201514647302224,0.8821428571428571,0.6694433649863959,-0.22765974764710137,0.7071185334701313,0.7355038890968969,0.06947312345996155,-0.6739491926251241,0.10430536994340608,0.9712592467606036,0.21395295133041314,955
2.3106607380676505,1.916943903843175,0.7545035502253306,0.24858104784963472,0.013493670974359516,0.8571428571428571,-0.5442055826042307,0.6980634520427927,-0.4653468607227189,0.393510655193436,0.7022674364912931,0.5932704374003313,0.7409383564856273,0.13974213597210836,-0.6568732657996748,956
3.8150226996853203,2.8024953810610556,1.4645175281571619,0.33936277779310875,0.00864902652936301,0.8464285714285714,-0.42629816330994574,0.7738216075144292,-0.468476248813482,0.5467371518285833,0.6330041740900482,0.5480731724824202,0.7206582843268614,-0.022490783186911056,-0.6929255384979716,957
3.0822973285430733,2.6043935277220296,1.0528834057363508,0.17743903810201073,0.012331635437574099,0.8571428571428571,-0.518144645584642,0.7045671133913208,-0.4848827785964227,0.43218398764669214,0.7048995784384972,0.5624354053036071,0.7380671562085456,0.0818643209502819,-0.6697425668729589,958
2.2664347314606004,1.3085657369925834,0.6877602598189335,0.2521931197166839,0.016201133820945488,0.8321428571428572,-0.43916332757050114,0.8024179462279232,-0.4040557032001486,0.5542178028523214,0.5959426549076098,0.5811152889601298,0.7070913651846912,0.03126965994428782,-0.7064304704981365,959
2.698314032695872,1.9802846555655524,0.786932124301575,0.45525800507141534,0.010918359355827167,0.8857142857142857,-0.5030378983895808,0.7348581917060735,-0.45490252897326655,0.47117894552601763,0.6744295828706398,0.5684497682662251,0.7245296916460939,0.07161128284994364,-0.685513347858232,960
2.3582450637099184,1.7791591027908071,0.7553386518616066,0.26989244884156655,0.011874810137926668,0.7892857142857143,-0.571868813666611,0.629730703942395,-0.5257426180820409,0.46591558827432344,0.7768089222022871,0.4236632660379137,0.6751953232647085,-0.0026718718413535347,-0.7376341481671855,961
2.45195578402516,2.266645448664495,0.8518532122013123,0.3034032048336073,0.011457279771982569,0.8857142857142857,-0.5731713406890647,0.5943298543395541,-0.5641335289214996,0.3757361547482028,0.8024220484212365,0.463617512851382,0.7282149107425189,0.05376690848645799,-0.6832365354136694,962
2.8953670143344463,2.306585758410698,1.0527869423452487,0.3300725490746071,0.009727859120429339,0.9035714285714286,-0.4594200570764562,0.7785766952984361,-0.4274944920043203,0.5342292579972877,0.6267204835311679,0.5672922839437591,0.7096001064370927,0.032245388207079506,-0.7038664105381374,963
4.140514056290333,1.7213065817624178,1.127003742391535,0.21493567067772412,0.009536099158432404,0.9107142857142857,-0.46633160988986877,0.7734856442123396,-0.42924909762857416,0.5139697263462668,0.631843680632101,0.5801798718025499,0.7199791316538743,0.049935172400840555,-0.6921968856764897,964
4.494347811518387,1.7051117797191657,1.1308566094796608,0.15751523449822535,0.016374192611848633,0.8107142857142857,-0.44131468071186464,0.7984716021323275,-0.4094929220101602,0.5643092064875296,0.6017527693571818,0.5651979512032728,0.6977080134709646,0.01834952749245905,-0.7161472074784652,965
3.3697608661929435,2.849955333240721,1.3335925480706012,0.33879207982171194,0.00936422189453,0.8428571428571429,-0.5813477735055982,0.6347000067728034,-0.5091077171313426,0.40144588201863435,0.767988070335776,0.4990345956266078,0.7077259144968231,0.08573345452350972,-0.7012658588047054,966
2.3538525022917214,2.15899257375047,0.8143333906818616,0.2869429177707675,0.01180751943280209,0.8928571428571429,-0.571076583360049,0.6230314164900044,-0.5345122917242147,0.2729748802309083,0.7582058867327993,0.592122071946867,0.7741810193363916,0.19223862096412406,-0.6030655535752955,967
2.152465068207486,1.9604984774956005,0.7948671339490885,0.2727591700613744,0.011682581087751978,0.8607142857142858,-0.5330527793061629,0.7237215839862594,-0.4382713809346841,0.42309159963304616,0.6765928070663887,0.6026737689214413,0.7326992785542548,0.13582798790545486,-0.6668601989230054,968
2.5883753242550016,1.4897132585899193,0.7444162231989208,0.3728526475806722,0.013836107444089845,0.8642857142857143,-0.46835347528577187,0.7642257821646004,-0.443400469172784,0.4619795282867043,0.639596685803351,0.6144029581254989,0.7531400518042672,0.08291582107338988,-0.652613996926201,969
2.6660182954623974,2.222508827498564,0.8218827970026688,0.4604276008787309,0.011754882574153183,0.8678571428571429,-0.537104157480106,0.6812569725320181,-0.4974013081949973,0.4588400417032472,0.7307665689574719,0.5054166972151659,0.7078028963965518,0.04323377233868722,-0.7050857400217498,970
2.7935704835601203,1.9478601269304958,0.9755223213741873,0.21572213615747954,0.01176725052365595,0.8464285714285714,-0.4573090206431821,0.7605736283179066,-0.46086463907063696,0.5222432266173764,0.6491363114718034,0.553067863269105,0.7198128033667124,0.012239486758709645,-0.6940603165959267,971
2.9756713222772673,2.1720446515690788,1.0464391806429307,0.30854968641023256,0.010465861399983883,0.8785714285714286,-0.5315391673247443,0.6835650089067898,-0.5002049501933963,0.40511485862633845,0.7237754685201315,0.5585973706424208,0.7438736888208102,0.0942759235792715,-0.6616373518124533,972
2.6157118522680425,2.0925355540111337,0.8741651336641211,0.4617095360852578,0.013630352856912114,0.8464285714285714,0.5967401434271978,-0.5456996027925115,0.58831381484254,-0.6998540537892632,0.004735210226281133,0.714270173798996,-0.3925627397209552,-0.83796749417636,-0.379084389135941,973
2.3156550291508267,2.315654927956567,0.9248542612412695,0.25825091018107127,0.010632487367372946,0.8892857142857142,0.6040478868947051,-0.5742177111453026,0.5526302294890238,0.07165727646773676,0.7297579090551041,0.6799401656769137,-0.7937199664033077,-0.3711164431530517,0.48195560018964395,974
4.571197791133277,2.6089527747423285,1.53742294027469,0.26630070976437537,0.00851016219122039,0.9214285714285714,-0.5664377757068401,0.7234198375851794,-0.3947302684625544,0.41670443552122505,0.6646603446061069,0.6201484013726298,0.710989212062479,0.18678962737883478,-0.6779409822650135,975
2.6207397627465663,1.8862217689499716,0.8316898303378658,0.568314827238599,0.013397205724342115,0.8535714285714285,-0.5035995566829166,0.7381347755738193,-0.4489371220976911,0.47684831056086857,0.6708028411599115,0.5680134126999432,0.7204187499114771,0.07197639460529956,-0.689794334128374,976
3.6568260145354543,1.7280177120651374,1.022586282876882,0.2098395901065854,0.010348502178724767,0.9107142857142857,-0.4312937014669746,0.7884847688122928,-0.43849459794385337,0.5549909323525474,0.6150516509780941,0.5600861823287295,0.7113162503987706,-0.0017988830273500123,-0.7028698001326331,977
1.800764952798748,1.8007638311579444,0.6428428277529137,0.34050601640618744,0.015581362091058622,0.8214285714285714,-0.5248068561224479,0.671346577227569,-0.5233273707840057,0.45924364771422277,0.7409528504546578,0.4899838216076657,0.7167098686365407,0.016812098261241054,-0.6971687869885221,978
2.6819549467283257,1.897611727872694,0.819572059756283,0.2951773361912026,0.012645360853090324,0.8321428571428572,0.648302496347385,-0.4292267119613115,0.6288627059769328,-0.6860884551453179,0.028790776115783095,0.7269482257540504,-0.33013104208186766,-0.9027377919138714,-0.2758223596889997,979
4.832545215896777,2.0672264411648857,1.1940382487955474,0.19555802286029828,0.010291099985082368,0.8714285714285714,-0.49903792989259416,0.7637449632607832,-0.40945668345051967,0.5237629264926108,0.6422558298975334,0.5596247365820479,0.6903865159172868,0.06481573926459078,-0.7205313168649745,980
2.571126297671243,1.957926547367776,0.7365285518239545,0.29897743580198455,0.01054974687966199,0.8821428571428571,-0.5030213382941943,0.7253200035895987,-0.46997917572324677,0.5282536804450427,0.6884096402492335,0.4970314037444595,0.6840450148323463,0.0017491725774473887,-0.7294376999294113,981
2.917380000847602,2.0017678007003017,0.9365589606024733,0.5664517652752481,0.011827401134007874,0.8928571428571429,-0.4493608797354435,0.6423546559251001,-0.620850461685207,0.7139700428486296,0.6759467412527823,0.18260005724114678,0.5369558433224415,-0.36121530837035465,-0.7623660035185169,982
3.009934132763123,1.864972220176533,0.8889777658167046,0.5373145495852861,0.01229643588661654,0.9,-0.3633508753580557,0.7150335797126586,-0.5972462819137813,0.6362835281706701,0.6587218854249077,0.4015329991930165,0.6805287746710046,-0.23412060470098742,-0.6943112625467236,983
4.3054859298631465,2.5085560296480844,1.391629557282973,0.5260934582766761,0.010006390310515163,0.9214285714285714,-0.4739563752776542,0.7746526575321775,-0.4186628888640625,0.5194000855310806,0.6298809429773158,0.5774716865997099,0.7110477519013568,0.056242847121588696,-0.7008907451690913,984
2.598692542859719,2.232201140350263,0.9173274150581372,0.47796366747905866,0.013058155799221805,0.8785714285714286,0.6093174381064645,-0.5202341005127773,0.598405163984266,0.7309787093782245,0.07610783623624266,-0.6781428490363831,0.30724971286417846,0.8506256978995514,0.4266538831626652,985
3.624409076804128,2.286079830993936,1.009762848920355,0.35019102395587204,0.012851238422582003,0.875,-0.470045099131226,0.7577736684619037,-0.4525888555504927,0.5644304114043175,0.6522786876252775,0.5059158273386974,0.6785837571476856,-0.017651658721899582,-0.7343109038273208,986
2.1927564131276003,2.192755650854052,0.8547275075345355,0.5462644544050014,0.013200627187533636,0.8678571428571429,-0.5666672808347729,0.6902941750026573,-0.44986903070641054,0.5089789093786824,0.7226297355371264,0.4677036830357762,0.6479418667126023,0.03605852569009799,-0.7608358036304843,987
2.5864157878135834,2.0610972619889294,0.9265657322228009,0.41193628191964243,0.012646293746850806,0.8785714285714286,-0.5178045973412058,0.6890188535698496,-0.5070812739567515,0.49747440659951864,0.7247233428632568,0.4767549591641005,0.6959867913622848,-0.005394046198972852,-0.7180343240506228,988
3.7488521759521283,1.8655457577922507,1.1724115982560643,0.1876642963144619,0.009184250321152566,0.8964285714285715,-0.43740902499307716,0.7882086625256254,-0.43289773523797803,0.5624457622137076,0.6154050165702216,0.5522059671427384,0.7016609647275865,-0.0019416229732479307,-0.7125083302515015,989
2.7815451033416076,2.204768772038372,1.0052510158210821,0.480713336411694,0.011200054644845822,0.8607142857142858,-0.4543910700574395,0.7660090617300405,-0.4547074584823942,0.583008295708703,0.6416669949268471,0.4983621120795429,0.6735206623310739,-0.038646927031947415,-0.7381573900220053,990
2.335137318944979,2.2648996964765336,0.895167829086449,0.3209356288357375,0.011706071072165758,0.85,-0.5196649511842003,0.6339861391632348,-0.5727214976405358,0.5104956858692666,0.7679330321325964,0.38687596574161054,0.6850857561061899,-0.09132597389862451,-0.7227150705996646,991
3.808597023133822,3.3974472272943808,1.626332817556381,0.9690094571950214,0.007926817421557025,0.8785714285714286,0.7004898418853748,0.22937610397036076,0.6757962594915577,-0.695085448513312,0.004630419088787654,0.7189122189002702,0.16177206396795013,-0.9733268526792223,0.1626795536418422,992
1.8388692407429752,1.6747774267976807,0.6103276182916233,0.3766242159012516,0.016152378489063424,0.825,-0.5682617594350422,0.6596616745348863,-0.49185876825936525,0.31488354838969,0.7265860477042719,0.6106726342607824,0.7602150509673615,0.19214367132777307,-0.6206076746636129,993
2.2349070192692233,1.9146967654341582,0.783931776213602,0.3264299952130752,0.013063981336108399,0.8285714285714286,0.6614223082055786,-0.4579837594478368,0.5939456257015708,-0.6783963558669817,-0.02761057718302269,0.7341771178496508,-0.31984201499240866,-0.8885316719789151,-0.328956765146956,994
2.257695485266858,1.578049572386169,0.5784359309826628,0.44092851917022213,0.00877846015685084,0.8821428571428571,-0.5230625772694149,0.8029146330454118,-0.28589094477060534,0.5698728396476846,0.5789026323290782,0.5831952408193574,0.6337590132630554,0.14212612118824589,-0.7603615447823637,995
4.609399841616331,2.413765449805509,1.3480420718794737,0.32010994769926254,0.009956760877309559,0.9107142857142857,-0.5079150776719967,0.7560221521620603,-0.4128592730140576,0.4824787976570976,0.6467315035674729,0.5907220768726333,0.7136080742850455,0.10084080391192085,-0.6932493408446823,996
2.749830138461657,2.639620483386631,1.0830846412852686,0.2787044392163345,0.009917095797858362,0.8821428571428571,0.6031301356327029,-0.47186311672509623,0.6431012661829828,0.7972810408411491,0.3323533541186917,-0.5038692190651355,0.02402043727602321,0.8166311573045286,0.5766598403847236,997
3.8171609636385084,2.4615145207786973,1.2694087200449966,0.4417260657536076,0.009962824231713003,0.925,-0.4814898006901624,0.7438541551782923,-0.46351760231445005,0.4841332132196539,0.6665787966962264,0.5668224939543455,0.7306042729747486,0.04851498344841418,-0.6810753942788121,998
3.1302211418368255,2.5683455889733504,1.1162513646426437,0.23072853753526204,0.008791285845257736,0.875,-0.5037972522377975,0.7061812138203916,-0.4974901223992327,0.49096200824548697,0.7079370874834829,0.5077217610315335,0.7107352777913893,0.011540078533601866,-0.703364906353903,999
2.12352733513522,1.864287843146165,0.6557402790885051,0.3440839012345464,0.010083200949605452,0.8178571428571428,-0.5592580199937175,0.6081419115717358,-0.5633772115222463,0.43717134607081665,0.7937678057728236,0.4228639080049601,0.7043519583612563,-0.00980234198914412,-0.7097832294751623,1000
2.219385860804179,1.5349450222539047,0.6458231976093977,0.2604780469814337,0.015869612911093307,0.825,-0.5317923577793257,0.7718155147598008,-0.3485652010507783,0.5004523674336068,0.6184405547157393,0.6058702073984056,0.6831868822932743,0.14775686602981403,-0.7151388623221673,1001
3.3760582678788165,2.8457143656034436,1.1662799591522717,0.46694295238689765,0.008651579554201417,0.9071428571428571,-0.4961906407641164,0.6908415143409854,-0.5258639083271924,0.4855734339235044,0.7229155860605957,0.49153992279203684,0.7197314000971695,-0.011448034491544662,-0.6941582342812398,1002
2.3730654613798823,1.92032393606778,0.8510979273222256,0.34597010876429457,0.012777158806695246,0.8607142857142858,-0.4792639647366731,0.741408848611783,-0.46970093815643493,0.5199845122495972,0.6709920591231793,0.5285695447282074,0.7070517372338699,0.009087122415046917,-0.7071034330851325,1003
2.3417547203866933,2.2655528414602952,0.8620872834049328,0.26515092000830764,0.010959045884989789,0.8714285714285714,-0.560763507469726,0.6233666502407643,-0.5449388112970658,0.4552502362225791,0.7818751266215261,0.4259325167087605,0.6915862282532357,-0.009236110554828425,-0.722234853183009,1004
2.624966852561515,2.287852558893699,0.8913418710250867,0.46600474656243784,0.010399201473642507,0.8678571428571429,-0.4715898656700251,0.7657464127171377,-0.43730473357621313,0.5341512057168842,0.6426391457553629,0.5492698952009079,0.7016305922838075,0.025443265388949782,-0.7120864780473092,1005
2.1758091687767767,1.9737628458418315,0.7837079277030357,0.22638454148866924,0.011969149031961999,0.8321428571428572,-0.5948859218346931,0.5989277577051946,-0.5360935375968593,0.05301463461821817,0.694722926620426,0.7173210604354558,0.8020599656629075,0.3983033972717003,-0.4450328248597376,1006
3.313048342690868,2.7135297350951846,1.0523247907065785,0.39830291294800424,0.009896455685038288,0.8892857142857142,-0.42418216707541373,0.779653095122888,-0.46066315285738524,0.5640903713193056,0.625435066261427,0.5391039147283317,0.708428925242366,-0.031177382120141678,-0.7050932056998429,1007
3.5827673656250014,3.272880611672511,1.1512601564268086,0.3352578930469084,0.010180986054343725,0.925,-0.5114083902269982,0.7016398581673835,-0.4961481309410369,0.4978822372798117,0.7125079550717409,0.49441449388214287,0.70041040555283,0.005824378966042376,-0.7137165686762361,1008
2.3766569450573365,2.0109640439124075,0.8028371389747526,0.20005856210223147,0.01259846184274007,0.7785714285714286,0.6308169161619225,-0.4464532162929112,0.6346255147294955,0.7148624726411035,0.01634465834418075,-0.6990740285213431,0.3017311112454425,0.8946576875013856,0.3294631370901202,1009
3.3703625786961373,2.456805918823918,1.1086004927173034,0.3120382999499683,0.008326996988510296,0.9035714285714286,-0.5004329882086669,0.7189825514157528,-0.48231827155130536,0.5041643784399344,0.6948981595229182,0.5127717108069979,0.7038359921351132,0.013440187921128943,-0.7102353536144381,1010
4.296882073829793,1.9691208579760011,1.2211496686762837,0.18573953552809555,0.011105090810756741,0.925,-0.4888395598381735,0.7748293347118457,-0.40084334447165215,0.48874818921309,0.6238524020390449,0.6098634175051323,0.7226071493405988,0.10221390580597423,-0.6836601679063518,1011
3.184943100247516,2.7688033983594122,1.1582801328764527,0.27771932169220487,0.009642904495663423,0.825,0.6268246490332231,-0.49685265035936393,0.6001902225088745,-0.6510518734330035,0.0891876682077613,0.7537751773168434,-0.4280447610516371,-0.86323982975216,-0.26757182001419544,1012
2.4531451159793987,1.3785848771329703,0.7460868003884757,0.281533954525996,0.01573414135769038,0.775,-0.5606228899165343,0.7708011711685128,-0.30260127201795195,0.5244231092818482,0.6132968269691133,0.590633054002886,0.6408450497216874,0.1724313096710297,-0.7480541863343466,1013
4.361608761483775,2.5112726577819844,1.3238358398600654,0.48633869360905085,0.011348742030044249,0.85,-0.4838672391041794,0.7479694506085469,-0.4543282908625077,0.46968355238535614,0.6599972745477566,0.5863454256734726,0.7384238996270174,0.07032281668051807,-0.6706600076892515,1014
3.7205309977047203,2.3169560736666215,1.2162935700086301,0.39713219929322197,0.00900991471800426,0.9142857142857143,-0.45003828037854177,0.7504175451487582,-0.4840857921142044,0.5434768202882241,0.6602906757271813,0.5183137750023087,0.7085890854390342,-0.02982836704638464,-0.704990621580188,1015
3.5304911414582723,2.9456987249029427,1.2619279194743869,0.5258678701402032,0.00893627017131335,0.8821428571428571,-0.5061427299052411,0.6574978174041946,-0.5581363248103375,0.6309171705069287,0.7235017070335006,0.2801585334754978,0.5880162080449833,-0.21033758586693696,-0.7810217916601736,1016
4.85094293719416,2.9352263891221058,1.6967854099000146,0.4817305664946143,0.00737250738228612,0.8857142857142857,-0.4516345360856621,0.7565485251164823,-0.47292766355835436,0.5549709807652289,0.6532558256074417,0.5150378984292513,0.6985939137461539,-0.029852226952358868,-0.7148953687238547,1017
3.765294013698234,2.4416275664229663,1.390314543749705,0.5914086221507475,0.009844319045799207,0.8714285714285714,-0.5407098343780412,0.7480137047223272,-0.3848485059792364,0.5644603445585177,0.661834100228675,0.4933154601219994,0.623712589601774,0.049508800450822926,-0.7800842802224448,1018
4.4182771890498005,2.427326743812493,1.2304120008315498,0.33416312342827253,0.010635240680950923,0.8964285714285715,-0.48366328260732633,0.7792373644379932,-0.39857114662408233,0.5252009682844625,0.6226698089291968,0.5800398710098649,0.7001669600677889,0.07121403591854483,-0.7104187420934387,1019
4.042195724377611,2.339804563420726,1.216634541550348,0.5562975465809282,0.009613724753032874,0.9178571428571428,-0.5312834333483153,0.7761263823623997,-0.33965534303272826,0.5352303020415422,0.6182663027512312,0.5755652027866544,0.6567087917990331,0.12399442521088228,-0.7438810021034797,1020
4.102141477011848,3.0612453189426465,1.4576814659029607,0.34448610951412095,0.009404960575603468,0.9107142857142857,-0.509915485558151,0.6665815202895381,-0.5437419189252225,0.5895675811481139,0.7310980670623871,0.3433739704706862,0.6264154091712284,-0.14548090302898714,-0.7657930804118782,1021
3.0347936820144588,2.19532522591481,1.1383938972664567,0.2997444312896086,0.010500013090126393,0.8821428571428571,-0.5464638488789897,0.7145517535860244,-0.43679864161361376,0.4984685924967062,0.6966272295909894,0.5159840746444948,0.672983152956085,0.06423623930088329,-0.7368632039922786,1022
3.586851896603283,3.3189277663011176,1.275347569070122,0.41001410052866855,0.010841129003910781,0.8964285714285715,-0.4867425715923455,0.7688972150938829,-0.4145826113340279,0.5683650138539704,0.6391581210703644,0.5181101304709042,0.6633572793197089,0.01655200563897355,-0.7481197438130349,1023
2.318173681910913,1.9067366678459294,0.7632387690536326,0.316573228734277,0.013172547635388662,0.8214285714285714,0.6395192988012118,-0.48337423817937386,0.5977996422927303,-0.685581839529404,-0.006756824212506218,0.727964206973145,-0.347839916870225,-0.8753877376289156,-0.3357137188746444,1024
1.9723415758080152,1.5947416331109387,0.609211935793847,0.18906734633588665,0.017787108763971066,0.7928571428571428,-0.55225505588578,0.7560253849939684,-0.35134024889459453,0.5368328207123458,0.6449256063253875,0.5439498919127179,0.637828249495599,0.11178810111345924,-0.7620226667198468,1025
4.003709027502141,3.3563532680491512,1.2395909862554373,0.5374068775503259,0.00891902456204168,0.9035714285714286,0.5717738707081075,-0.5595019544334869,0.6000268358670108,0.5552382775405651,0.8023275940628886,0.21904539931037809,-0.6039744166181666,0.20791343100041654,0.76940685549349,1026
2.230461428252272,1.5382201272317213,0.6098345248802057,0.2298568981352079,0.01133512545456427,0.8035714285714286,0.6295248079022229,-0.4265424997514378,0.6494305291110545,0.7524264361605488,0.12620600809489124,-0.6464723518353185,0.19378589835796853,0.8956190816561174,0.40039166596102893,1027
3.6938833020210065,2.957897420505447,1.4448926060533138,0.6535497307451473,0.008851139552592672,0.875,0.5488900802609852,-0.5163723611513231,0.6573273647354846,-0.6987966511698873,0.1480607759645012,0.6998294413173402,-0.4586969807016828,-0.843467599413159,-0.2795701855265734,1028
2.923554018915714,1.8255308719056025,0.8743290252965321,0.4287038074223495,0.014716626226748148,0.8535714285714285,-0.47115632169645955,0.7531445852146346,-0.459113225999141,0.5124988616866628,0.657380078588019,0.5524457883317466,0.7178834426947993,0.02499331985723527,-0.6957145223920345,1029
3.288458969181976,2.4154192066050877,1.173008669343083,0.42306382541414594,0.009043943936913098,0.9035714285714286,-0.5080223292974033,0.7045232065878859,-0.4955404769686972,0.43855195826262705,0.706723830837734,0.5551698900607387,0.7413403353651113,0.06471845413142144,-0.6680015186027524,1030
7.071917219503521,2.104140111870809,1.5940860514434823,0.3246772260468797,0.010979765074023652,0.9142857142857143,-0.36059405781916215,0.7716322047125406,-0.5239805970796769,0.661777909031843,0.6075379710160247,0.439258025414646,0.6572837473899324,-0.18836495009474533,-0.729723729224185,1031
1.6816574984470027,1.5779813019102282,0.6122394011365686,0.3903626078527738,0.016029738951446566,0.8321428571428572,0.5660331188734601,-0.4530391011750474,0.6887394871392873,0.7841128393885632,0.553795115914883,-0.28013929516372166,-0.2545065096306749,0.6986175938203436,0.6687001526545996,1032
4.653219683348661,2.7699272777300283,1.4762367914175112,0.5672328177652619,0.008903674155683572,0.9,-0.44106328249953863,0.7562902923635162,-0.48320614080063123,0.5564615240690002,0.6528726713919819,0.513914241075593,0.7041404356103531,-0.04221692345735886,-0.7088046122255821,1033
3.7566000641069217,3.731311293610852,1.5262239145029897,0.42483133191633965,0.007011670842399179,0.9107142857142857,-0.5768427102366205,0.6510170275267727,-0.4933855667903911,0.2896220710082453,0.7277677641487929,0.621669636905939,0.7637876299284803,0.2157102485652277,-0.608356429268371,1034
2.408493604036151,2.2293051457538575,0.900166409918004,0.4210924764578583,0.014018173017299872,0.8642857142857143,-0.44756546012806886,0.7734759778022837,-0.44879847444387694,0.5569111318465433,0.6337519210173445,0.5368505321150644,0.6996678855898364,-0.009665110947464028,-0.714402852391157,1035
2.29971559404998,2.2997155861369407,0.8433614893195832,0.4091239857571276,0.011994388986535374,0.8607142857142858,-0.4889545771068881,0.665400884342674,-0.5640612419252112,0.5630783350430072,0.7346259874860035,0.37850686534778905,0.6662328497840821,-0.13253800068735677,-0.7338715611347664,1036
2.676640639320181,2.210369640454492,0.9714290875535864,0.5048631594457188,0.01097289029296158,0.8892857142857142,-0.5855775543026539,0.6004744222655518,-0.5445451276999677,0.5458551493228668,0.7887290862026817,0.28275180730738697,0.5992838091043619,-0.1316696501959905,-0.7896341047362584,1037
3.6552834730810995,2.6347356224490137,1.0509378481958793,0.4465587964769879,0.008956648241111512,0.8857142857142857,-0.5652944133727092,0.6282076053036968,-0.5346002533184953,0.48901275099880964,0.7771416533246657,0.3961279844045122,0.6643107372082593,-0.03749740399547541,-0.7465153642915994,1038
2.2768095954211858,1.6624669353512547,0.6580656685214666,0.27669728783722225,0.013442843455768924,0.8464285714285714,0.681808346788175,-0.2938121285916052,0.6699341843363762,-0.7012280601861827,-0.0016457108152248398,0.7129351297582663,-0.2083664700893573,-0.9558617707223063,-0.20715136836168443,1039
2.909151107807157,2.678987711846515,1.0948613136304344,0.48433923672250156,0.00944152853961954,0.8892857142857142,-0.5195477672495155,0.6814551529053249,-0.5154502809435878,0.48248677154096425,0.7318586689875526,0.4812373675388739,0.7051784404205936,0.0013278578795017093,-0.7090286340899294,1040
4.123315455165402,2.339609937786453,1.4230006720972603,0.3312150543299034,0.00790514358334532,0.8857142857142857,-0.4528248175795879,0.771666391509337,-0.4466325836736182,0.554557460817763,0.636010205648481,0.536616288387086,0.6981516362763667,-0.004690258621401017,-0.7159345600253534,1041
4.3895670125200645,2.6175847276801676,1.4248320378512154,0.38212918455215766,0.010096495199602203,0.9178571428571428,-0.5041021717302326,0.7186600332050794,-0.47896634237755914,0.4553381044082162,0.6924060388903366,0.5596794510986858,0.7338584407982206,0.06404400035809762,-0.6762766851572932,1042
3.901506781442198,1.680909721174133,1.1677305610080244,0.2329882174982441,0.010421287629243828,0.8642857142857143,-0.4420103527788399,0.7839436996653226,-0.4359577087188299,0.5568853896862866,0.6208309325711358,0.5517677191688606,0.7032108579866201,0.0011085656951776712,-0.7109804922020163,1043
3.2956660463078418,2.302614637871337,1.1056736586567386,0.4972448441792827,0.010143541548498315,0.9071428571428571,-0.5480829074382132,0.6913244825459552,-0.4708243689600637,0.4531785789778831,0.7185607539869654,0.5275411058725854,0.7030179955944666,0.07576874462633662,-0.707124313828967,1044
4.145670516695891,3.1875928141675955,1.418453366997157,0.5328937571681668,0.008742205681250345,0.9107142857142857,-0.49436858332021294,0.7619335806762172,-0.4183980430927996,0.4885058065043888,0.6416583318341518,0.5913008220857724,0.7190005430022027,0.08793067624971446,-0.689424698815473,1045
6.0706095475750255,3.034595130322848,1.7338629041437863,0.30127508836303046,0.006111410565027631,0.9142857142857143,-0.43358957813784743,0.7716972374390201,-0.46527782180029614,0.5482519080323878,0.6356921570325365,0.5434292289030535,0.7151362968477336,-0.019464203459314988,-0.6987139770425411,1046
2.432553245011566,1.7050664125772905,0.7497212068064231,0.32175769620733363,0.013899451400291439,0.8464285714285714,-0.324267008802905,0.7879619433764452,-0.5234184585897144,0.5583739005936277,0.6060754705310316,0.5664725157997043,0.7635898729932675,-0.10857485809801656,-0.6365076637803517,1047
3.0069182146006517,1.862732542087691,0.9871513384249142,0.5309006020970669,0.010426873682531987,0.8392857142857143,-0.4651105966610484,0.7843566474500887,-0.41043486995437023,0.5204375269452608,0.6173240372724029,0.5899625526699147,0.7161123608908762,0.060792126188827095,-0.6953325851509746,1048
3.2145281003182014,1.5749927189759307,0.9558836845702897,0.26004716412248907,0.012704741645506768,0.8321428571428572,-0.45171909229600654,0.7833415063023518,-0.42699642405907157,0.5511079025450178,0.6213790334359862,0.5569274428133262,0.7015910072169562,0.016253655284953872,-0.7123944674702176,1049
3.3656885857398295,2.6819585188520323,1.2607450186642288,0.5125469193683526,0.008653277648363607,0.9107142857142857,-0.5338084957658122,0.719811689509418,-0.4437562636108228,0.4575029105005123,0.6871849410198032,0.5643296410070711,0.7111536941701146,0.0982241746272614,-0.6961411026415494,1050
3.454875992365074,2.9241342339289553,1.1947474913722635,0.3399132559139329,0.00948094622509633,0.8821428571428571,0.6061310010903995,-0.4868663185192997,0.6289406946673223,0.7597889688409617,0.12058275939843326,-0.6388900695451823,0.2352146516370491,0.8651132793035393,0.4430046067795891,1051
3.0020392124107147,2.8332479537107917,1.1036011605422857,0.46445315454805447,0.009680957661068166,0.8785714285714286,-0.4911588053255148,0.705200402886685,-0.5113271161591866,0.5497399508639125,0.70628968189196,0.44602788217453077,0.675684108422979,-0.06202642196202529,-0.7345772312039304,1052
3.1066515388917577,3.106635622214469,1.3597048140650962,0.5406344117643683,0.008216171847082288,0.875,-0.4958559797860188,0.6759463146372743,-0.5451820127615494,0.6192307456203315,0.7153633992246717,0.3237413948326829,0.6088350605779331,-0.17706435772907503,-0.7732839596377611,1053
4.183828640693017,3.0895603693337907,1.4245713872472314,0.41691419187526524,0.007893764964172163,0.8857142857142857,-0.5197545820478069,0.6992280069731489,-0.49085167688892306,0.4581300408879127,0.7130804689913934,0.530691162898963,0.7210908681132697,0.05095526476599227,-0.6909641965516582,1054
3.2234633890912674,2.303251647198113,1.1866917996241262,0.6481393474651932,0.009405252989498706,0.8714285714285714,-0.38701143390247655,0.7678493067203896,-0.5105189440145841,0.5975051201542746,0.6305296793907798,0.49539878360446793,0.7022889586332501,-0.11331268938815961,-0.7028160876114373,1055
2.6064464092117325,2.0081667091261464,0.8565371317172246,0.5136057453639614,0.012368122480516172,0.8535714285714285,-0.5117185023567689,0.635982798481176,-0.5776418045655952,0.6018024309054576,0.7451741783386895,0.28731390167122256,0.6131704563186549,-0.2006024027107125,-0.7640554086744374,1056
2.2710040770331754,2.2411222953813255,0.9303331649089234,0.42845714264432494,0.011449602047672213,0.8571428571428571,-0.5824247724514258,0.6233423327523108,-0.5217525473189493,0.4766450959905523,0.7818132129338677,0.4019671038159466,0.65847614755818,-0.014575194027194427,-0.752460448672226,1057
2.522312788224534,2.1658316557437547,0.8674551832894806,0.333952623510031,0.012296319599657164,0.8857142857142857,-0.5318283919640766,0.6723279905449622,-0.5149112881173589,0.4581393068162312,0.7397908031559292,0.49276560666898056,0.7122267455318199,0.026165639600027102,-0.7014616327736491,1058
3.548969585602414,2.784627778868741,1.2712980986906361,0.6410823057370394,0.009153451774763992,0.9142857142857143,-0.5973707839642455,0.7175798858863848,-0.3580883324505643,0.5305088666357185,0.6884429692851143,0.4945772138531866,0.6014220555373974,0.10547694256650708,-0.7919382082586959,1059
2.855891103468356,1.7681290192801224,0.8918301183667504,0.5343770753157249,0.015721335715642843,0.8714285714285714,-0.37418324486150634,-0.3817532446486845,0.8451339298981645,0.6061883291564396,0.5889894784575331,0.5344409264463635,-0.7017995503414335,0.7122891649228739,0.011024367285109526,1060
3.177182600912676,1.4822076286064523,0.8412334808066623,0.24468189432931625,0.012244569235272609,0.8321428571428572,-0.44944273769152876,0.7801543877106571,-0.4351555547986872,0.5460450427000956,0.6254543534771313,0.5573523688468134,0.7069908322453653,0.012883441012137592,-0.7071053528779797,1061
2.014624831459754,1.5105271670796134,0.694781307780799,0.41583147618594307,0.016163536621352965,0.8,0.7130090567541085,-0.27150144142789384,0.6464557620511958,-0.6767123176209442,-0.02515023026585405,0.7358178477705368,-0.18351709502579558,-0.962109366558787,-0.2016607116251023,1062
4.12326268659236,2.986188948260795,1.5207792098288218,0.43693575026555687,0.008802171469815323,0.9321428571428572,-0.5405518856964213,0.6022072449774817,-0.5874947599482692,0.6722728273048254,0.7290258347924989,0.12872675663076666,0.5058190432730065,-0.32537327226084733,-0.7989238569229542,1063
5.376283499625706,2.566246363021196,1.3407464115571048,0.33737233895538826,0.008187865405462541,0.9178571428571428,-0.4611881444910131,0.75095563494821,-0.47262155020742247,0.5543123560896492,0.6597599092112247,0.5073999153369445,0.6928515766506405,-0.027973139565076216,-0.7205374356656249,1064
3.0407184876556603,2.335608462042609,0.9315722901398082,0.39078311703360397,0.01314878985427149,0.9071428571428571,-0.5347724209632114,0.7336236926352462,-0.4193026775270719,0.5061135564341426,0.6754507583643614,0.5362978100072692,0.6766590912495964,0.07458250886927095,-0.7325093334559194,1065
3.9879549095137823,2.5988142687872138,1.2959490247778773,0.36824404242305764,0.007176090715603648,0.9357142857142857,-0.4851012777389009,0.7252821988032311,-0.4885104732093635,0.5715336779190018,0.6857789591941301,0.4506178803942364,0.6618353309853324,-0.06060487790406022,-0.7471954519627174,1066
4.036520895557754,2.9890651595110382,1.5939892335046624,0.3590789914896239,0.00804678331528504,0.8642857142857143,-0.528814196407614,0.7257458167712145,-0.4400551728100152,0.4907148431168684,0.6844765682804184,0.5391574632886473,0.6924987281017612,0.06917251559792062,-0.7180951710346608,1067
4.17029625961429,2.1645360357989745,1.1851399795211985,0.4696550403542527,0.012361352493684492,0.9214285714285714,-0.45065899326624426,0.803708240917571,-0.3885351145899672,0.5496234153175478,0.5927694716571028,0.5886751691773942,0.7034348392871437,0.0517437624505879,-0.7088737616279273,1068
3.8977733237952124,3.2646755910130922,1.2628237926776615,0.37149197607218504,0.008539279839142964,0.9071428571428571,-0.46176582758217544,0.7205789219528627,-0.5172410827791997,0.5681328953614471,0.6880907182098202,0.4513935940193581,0.6811734974920618,-0.08542353745159523,-0.7271213692112812,1069
3.289139488126906,1.9945020080866294,1.1212490924470138,0.46222992464480633,0.01175598251263142,0.8642857142857143,-0.528335955434733,0.7555344221720693,-0.38733558461363354,0.4979582384018459,0.6452484022554839,0.5793894132571598,0.6876763126665033,0.11323531383743679,-0.7171325210151461,1070
3.8635939932602454,2.2791937097242068,1.36681823594093,0.299671591515915,0.008710322133746532,0.8571428571428571,-0.5044652915049558,0.7526217519091577,-0.423172858557836,0.5171519886106973,0.6558424189006243,0.5499313977639204,0.6914250431845965,0.058576617551445664,-0.7200695727035066,1071
2.6425162196275,2.4206826382010216,1.0012105165824527,0.2624578108018039,0.010195032421798235,0.8142857142857143,-0.5391453919229439,0.6773560405442722,-0.5005107798104267,0.41897736828290233,0.7312364192154335,0.5382854856669684,0.730602635661129,0.08051144981415409,-0.678039597084001,1072
1.863979390237679,1.5570005988628999,0.5567349670715772,0.3545161506609098,0.01464090271372247,0.8321428571428572,-0.558956486501177,0.7127881887617105,-0.42367516349210244,0.49452032891317554,0.6966905049249413,0.5196845049056543,0.6655954405566975,0.0809650437487103,-0.7419079263634438,1073
2.924838469678648,2.7965399127458244,1.2417090234594856,0.826461657447566,0.009142232524070388,0.8892857142857142,0.7638774443962351,0.14569299832250318,0.6287008829184797,-0.6392320528036435,0.036865912746732954,0.7681297332780384,0.08873349204847542,-0.9886427336086325,0.12129267361112045,1074
4.243968167152988,2.3029855899756195,1.4093356588284536,0.5050379972760343,0.008722206663656551,0.8821428571428571,-0.5438945766113654,0.7746971250936557,-0.3225260515126934,0.536061822030214,0.6164609132118656,0.5767266817511046,0.6456132065675166,0.14078461156538966,-0.750575299788097,1075
2.3597616341007073,2.292944861067988,0.8992748724796518,0.5616392272054327,0.011549283218416409,0.8785714285714286,-0.5534132815781986,0.6966916251592736,-0.45645867195812995,0.4501395586983983,0.7112775668081228,0.539869058800676,0.7007910654878963,0.09330060229412598,-0.707238913058305,1076
2.439967787923894,2.413680632208935,0.9182812609655684,0.3362103627302015,0.01217815046166259,0.8821428571428571,-0.5564140721059915,0.6579359078951881,-0.5074679511698874,0.4184942786784168,0.7495258314007229,0.5129069767282237,0.7178202554092913,0.0730162253556679,-0.6923891331895311,1077
2.7838152955623556,2.4996713501704737,1.0109906106972277,0.3933590507379088,0.010898230963738207,0.9,0.5796061651615864,-0.5245190654808662,0.6236476916126273,0.7325176039192364,0.6706665224649839,-0.11672350060354617,-0.35703592712092813,0.5244865733189021,0.7729419002441875,1078
2.5872402501385374,1.2737409539581384,0.6991770508509694,0.3914221824516884,0.02185181013861738,0.7857142857142857,-0.37285456544559975,0.7942978910316081,-0.47965647429083325,0.5879328853929249,0.6021561887497455,0.5401322491982226,0.7178540208844156,-0.08061503986924923,-0.6915105350223933,1079
3.091688970802411,2.659516757830942,1.146249323008602,0.44381181822881727,0.008507402111216054,0.8928571428571429,-0.4988497922326626,0.7072090379022159,-0.5010032549783,0.5175032398369289,0.706758753183938,0.48237170476321206,0.6952260650664008,-0.018639782920073622,-0.7185494255407774,1080
2.416591387961553,2.4165913868988964,0.8302230478458159,0.4605539033325367,0.01380196767554054,0.9071428571428571,0.5797330682909072,-0.5776062942574507,0.574700390085291,0.40403356431479875,0.8162842684860746,0.4128400076654796,-0.7075778744683087,-0.007138757337884827,0.706599313406531,1081
3.0048028453202345,2.779089551990379,1.2688881054963672,0.2833390757626691,0.00842266056609182,0.875,0.5872425108677224,-0.5383234735053934,0.6044452591449957,0.7653953264983235,0.12641985689009286,-0.6310214053092124,0.26327975160330447,0.8332021709387083,0.4862693849490485,1082
3.2326680119670836,1.7291740913471476,1.0010357970285184,0.4262670671577192,0.013407860428061476,0.8785714285714286,0.22620106309674007,-0.6421541734771645,0.732441872464815,0.7104273027337881,0.623200749333129,0.32697687007037857,-0.6664278855092269,0.4463841882464994,0.5971725294244659,1083
2.2676902098898517,2.1428063011074854,0.7845032291895847,0.32274469029159164,0.01181521158066054,0.8428571428571429,0.6181788230574026,-0.4225678509977086,0.6627905808221349,0.7782678171924133,0.21077949273938104,-0.5914991210163253,0.11024585001677281,0.8814808090614948,0.45917037775794256,1084
2.455943551635451,1.3957344037701938,0.654866781657857,0.23404722838249817,0.01592205871696384,0.8321428571428572,-0.4823599454747606,0.7732994620688458,-0.4115055588514201,0.5023258478564909,0.6290418987532542,0.5932748369753754,0.7176333503794563,0.07946213926729082,-0.6918729239146609,1085
2.07654460846792,1.8216602628277418,0.7019530098892122,0.3176413440546347,0.013782148597683497,0.8714285714285714,0.5878748351157748,-0.5442977013667398,0.5984506583875433,0.8059628270210984,0.33054906833476944,-0.4910816987866427,0.06947733225851155,0.7710235571692342,0.6330051931795988,1086
4.533749931531298,2.3284163826081894,1.3181509689279016,0.5192308816328112,0.008339293759115183,0.9285714285714286,-0.4847147130336189,0.6576386981849761,-0.5766827460730087,0.5707466773520878,0.7374128214048294,0.3612070889660402,0.6627970105999937,-0.1540573707335645,-0.7327799460017808,1087
2.876871478974858,2.670350978765094,1.0925301853802045,0.3768459042025863,0.009725533748168532,0.8892857142857142,-0.5412363834761844,0.6317983401103315,-0.5548820006410826,0.42946531742027877,0.7750305050560063,0.46355933532367893,0.7229264958034944,0.012592603641089967,-0.6908101823213223,1088
2.1974888030710718,1.6942603399113274,0.6585670176712106,0.16945042865607554,0.013602059622570025,0.8714285714285714,-0.4801660531591958,0.6927867483133674,-0.538040038245214,0.607429252434069,0.7051218324654263,0.3658317983281216,0.6328271997006043,-0.15116124748754314,-0.7593945039155217,1089
3.2455320940748633,2.424359984098073,0.9504490061966352,0.5125257246989745,0.010547476219708227,0.8714285714285714,-0.504459656647422,0.6480470304658114,-0.5705747112513916,0.3787020897556719,0.7599292453477374,0.5282918410120541,0.7759543685229513,0.05042408521393418,-0.6287704108818144,1090
3.3017933880922974,2.1433137611584905,0.9864020520468018,0.41671712691976676,0.01008898411985174,0.9214285714285714,-0.48259529785440297,0.7672648245870797,-0.42238189762367645,0.5693821192739031,0.6412838469736045,0.5143530206598318,0.6655116683725228,0.0077276491957417315,-0.746347441007155,1091
1.9331193933237398,1.923397719313691,0.7272779660019346,0.2760380011432213,0.0132042677952062,0.8392857142857143,0.5851653847307743,-0.5669685981609501,0.5797655398627035,0.7876248110755036,0.5674958334290562,-0.2399909082005777,-0.1929472194439768,0.5970720959315282,0.7786374527138866,1092
2.9994999510100206,2.330582267391237,0.9818214512294348,0.41062592045827373,0.010788095321648289,0.8785714285714286,-0.527594149646396,0.6439863246031111,-0.5540090495498,0.4580878446036602,0.7648928361320783,0.4528735760233737,0.7154019428861436,-0.014851362159816,-0.6985552928413961,1093
2.3029742419280517,2.2937918208276966,0.8906053971657711,0.4285035382025172,0.012006976086584681,0.8571428571428571,-0.5721533486878394,0.6350946953590594,-0.5189366758209282,0.5031277447625713,0.7714858760456091,0.38945091540817806,0.6476905264363687,-0.03826579398003563,-0.7609419892315424,1094
2.2082003793510663,2.020766826719712,0.7982452177823564,0.3463351364057477,0.013227591615280764,0.8571428571428571,-0.547783914129716,0.6660250708561775,-0.5063036523784432,0.33980947420972524,0.7301346394627369,0.5928177877678176,0.7645013437908645,0.1526892702439921,-0.6262776397847197,1095
3.284151107377405,2.774844132793943,1.2872367979398098,0.416067697115945,0.007955038120920752,0.8535714285714285,0.6017121972661967,-0.48051604639538087,0.6380021636465175,0.7942410330223022,0.4443804242868578,-0.4143756990634206,-0.08440149954089574,0.756062409902241,0.6490346825925898,1096
2.196443014543064,2.1964430127382815,0.70778432727329,0.4147501992685922,0.009973794151722164,0.8821428571428571,-0.4898588019363446,0.7037640437625886,-0.5145430252878941,0.4943828671011517,0.7103769473389955,0.5009492722882977,0.7180695891641242,-0.008986845734700294,-0.695913286064727,1097
2.5418491870843423,2.140300261565525,0.7963439464894526,0.45098312964318393,0.01365126636541712,0.8107142857142857,-0.5308463491300252,0.6496864771140349,-0.5441595676550014,0.44767704588058804,0.7601757285432091,0.4708695406643238,0.7195744688404067,0.006351628842739182,-0.6943862330173971,1098
3.335252648277423,2.4537367964143484,1.0033499939852113,0.6643500238298377,0.011405025523403873,0.8928571428571429,-0.46075702689177284,0.6903954801959931,-0.5577248811867714,0.5636167204840397,0.7130376828076824,0.4170293218552705,0.6855940158436843,-0.12219387800211215,-0.7176555591773361,1099
3.3902613860773996,3.390253959773564,1.5191613997359261,0.46143112269375014,0.007850529010704722,0.9142857142857143,0.5726031596096438,-0.5762543250928307,0.5831436996288815,0.5388961951163539,0.8005970786685805,0.2619832218224122,-0.6178321070437902,0.16424150035585078,0.7689656800317487,1100
2.372712830275347,1.731003267034914,0.7337128625041278,0.25152807452788967,0.013011463403998084,0.8321428571428572,-0.4737786597548272,0.7259974898480781,-0.49845905177377353,0.5218156610463401,0.6873839912294365,0.505184782518497,0.7093956564905728,-0.02075797041571617,-0.7045047261846649,1101
2.218976809681559,2.2189768070434392,0.6888537795664498,0.39568941516526923,0.009617609573288215,0.8821428571428571,-0.5526253546722536,0.6536953835703178,-0.5169986101260052,0.39645431516268403,0.7518342633724688,0.5268483808536042,0.733095623614173,0.08618344341016068,-0.6746430320693415,1102
4.526816768323234,2.225707922632803,1.209779437901609,0.3817159438485167,0.008839653756709483,0.9071428571428571,-0.39834040386394826,0.7966466086128438,-0.454619735202027,0.5817538507689236,0.6026248454590959,0.5462652769039323,0.7091455279172503,-0.04687725057056363,-0.7035020565811511,1103
2.6075090938597305,2.434786535111074,1.0109902868618101,0.6470185548818722,0.012703011766876306,0.8678571428571429,0.13158633748744786,-0.6912826307214018,0.7105021887718134,0.5831034855769469,0.633600356829379,0.5084691858251579,-0.8016703567518602,0.34738870489493723,0.48646246187836895,1104
2.3002494290856785,2.205954413018954,0.780551971043183,0.324100198151086,0.014399008394064314,0.8464285714285714,0.6320604537023469,-0.3762374385627903,0.6774547753830465,0.7640517022637903,0.15667673532081147,-0.6258413512041346,0.1293235443892099,0.9131800427259256,0.38649402380074277,1105
3.1571833129221996,2.301071111350942,1.0540638508439293,0.31504884956866613,0.011093926282427278,0.8678571428571429,-0.481014717176421,0.7387590106504707,-0.47208046564375605,0.4922544389431536,0.6731580216768754,0.5518549131726893,0.7254725420031063,0.033066630230689675,-0.687456317713888,1106
2.5490988313687675,1.5222967181412685,0.8087863538341857,0.2019401450857578,0.015009317119393753,0.8392857142857143,-0.4927604603199894,0.742598281975221,-0.4535801145913281,0.5201948633352854,0.669251804016387,0.5305651015477699,0.6975560428415885,0.025491457946962004,-0.716076638822216,1107
2.821365245913332,1.781300713098401,0.8811430173048521,0.2537977897906285,0.011748015607463268,0.8714285714285714,-0.4797790932129432,0.7461792528661871,-0.4615501536212775,0.5084613030316291,0.6651696437526783,0.5468239646808769,0.7150378486731621,0.02767431339697432,-0.6985377637199455,1108
3.345994855765929,1.5577680512523597,0.8683550857044148,0.14338461698229518,0.012531908628913608,0.8107142857142857,-0.4424845457025253,0.7928734477818876,-0.4189977596800394,0.5512637894182094,0.6090118862952021,0.5702742821024249,0.707329952208095,0.021359263882966495,-0.7065607691880946,1109
3.240745471142321,2.5798783508368976,0.9684464742015353,0.6173525689317263,0.010090702844091345,0.8607142857142858,-0.5209794888850838,0.7033692198513162,-0.4835825810828876,0.6317486563682542,0.6987206229746985,0.3356830740546129,0.5739982642290326,-0.13061864949386057,-0.808371672602682,1110
3.384068825078532,2.6586924943027,1.095287925067448,0.46278534085127127,0.010490094624711645,0.9321428571428572,-0.5185492225777782,0.6828535318092598,-0.5146044673918037,0.5625979015906531,0.7256931605078513,0.3960467622868792,0.6438868727422353,-0.0841456528154971,-0.7604795883010129,1111
5.716805368432926,3.027158264410015,1.984872173990932,0.5279071549224192,0.005947764211122499,0.9321428571428572,-0.4440868030297972,0.7791167855490846,-0.442452196118898,0.5160721951601344,0.6260997997199768,0.5845241912643181,0.7324318403492398,0.031242203287646708,-0.6801231682396645,1112
3.764913258382997,2.156324674384728,1.2229049833094656,0.26110322501625116,0.010549364122552248,0.8928571428571429,-0.5183776815662454,0.7798396916573322,-0.3509054496154215,0.5481446057516194,0.6179703894549599,0.5636045501433491,0.6563703759611687,0.09981309068795602,-0.7478069780952246,1113
3.2524447009246154,2.457669304466511,1.207121047093725,0.6475430346249524,0.011183017115724713,0.8857142857142857,-0.6291442613375685,0.736379523351252,-0.24884271340545294,0.5402136988816082,0.6444268629246772,0.541186823455367,0.5588798242615819,0.2060563416399563,-0.8032397687510879,1114
1.8754706441916578,1.5400678568754407,0.5592842834820089,0.29325728986670846,0.012594147277108864,0.85,-0.46194558874850694,0.7627380363543232,-0.4525891745657937,0.5778972052228312,0.6459572163281333,0.49877258832984217,0.6727860679528348,-0.031144222128034582,-0.7391812661293597,1115
3.135713925942439,2.195472644371482,0.978012872312297,0.4505894259897014,0.010879568651284657,0.8785714285714286,-0.43684149735209005,0.7709809363562765,-0.4634197902187423,0.5767393389782071,0.6354065030338614,0.5134494237773184,0.6903196658550041,-0.042976408382725234,-0.7222269638114853,1116
4.714870227340592,2.4035505363713416,1.110411684656337,0.21257529867738928,0.0065334205632526085,0.9285714285714286,-0.4847779710359101,0.7559174097267828,-0.43997634989878437,0.5365454728766771,0.654287379529755,0.5329418172029938,0.6907309710255138,0.022291134112860628,-0.7227681723804067,1117
3.4507239997387074,2.3825756628983816,1.1505146985337504,0.31547498218351316,0.008800108398396086,0.9,-0.4970038792189352,0.720960674329729,-0.48291080968575606,0.4917098120945062,0.6925287902480977,0.5278497280168777,0.7149885346852181,0.02489137898005908,-0.6986929329263003,1118
2.358690983223224,1.701134582241057,0.7219608707263239,0.28458764130455516,0.012437319613318471,0.7678571428571429,-0.4993702644375273,0.7132303102931017,-0.4918656965827155,0.5193403350986091,0.7008393197715332,0.4889886135707446,0.6934803207988374,-0.01125932242101571,-0.7203875847926318,1119
2.535537299872848,2.5354079751663505,0.9779245289239998,0.350922150979172,0.010166355317898303,0.8642857142857143,-0.5153425568698526,0.7065621195205068,-0.484965999156159,0.42205166054811527,0.7017636653315261,0.5739339281215567,0.7458514898472893,0.09109187273928848,-0.659854397434334,1120
3.1452700399459177,1.3982387772775822,0.9840876203060598,0.18139680535526728,0.008454444068176975,0.8821428571428571,-0.4170320178906204,0.7954896012025824,-0.4396368847499419,0.5770160598111049,0.6054482064496078,0.5481650627566667,0.7022369705264346,-0.025075160727489082,-0.7115015625705582,1121
4.21789929378688,3.092151951570452,1.6515999847997318,0.5940717469828278,0.0077844948761992515,0.9071428571428571,-0.45633738185248024,0.7368098036304729,-0.49886622174491596,0.562246577080644,0.6733081316959246,0.48014054854099003,0.6896629470147886,-0.06137974475482341,-0.721524460048798,1122
3.2775689514239934,2.769762677855445,1.2776688662296498,0.5551342820116943,0.010222018663160228,0.875,0.5411801235665732,-0.3481973392803608,0.765429739933422,0.8208296493477667,0.41645372384775337,-0.39090277901923576,-0.18265475796729425,0.83983623928205,0.5111871776370106,1123
2.189632428441883,2.1896323922761485,0.8798325033947056,0.47645601206819127,0.012272027093706213,0.8928571428571429,0.6062992522136577,-0.5691334739464581,0.5554172355975243,0.15271966138649606,0.7687603520641532,0.6210348026642253,-0.7804344442623952,-0.2917098043052986,0.5530166980128275,1124
5.166076064093295,3.242312392968748,1.662445183877864,0.5608626506052726,0.008824478563963796,0.9392857142857143,-0.6507569220789373,0.7101695347628008,-0.26865342034140416,0.45744518278884705,0.6491004124967008,0.607793187885395,0.6060192514348255,0.2726314112339223,-0.7472702191971614,1125
2.4546470346109834,2.021240888323849,0.7758539289897777,0.24046650804852945,0.012757613838894169,0.8178571428571428,0.5930762103008189,-0.4934472129622786,0.636215731332524,0.8002489981379357,0.27424441202900746,-0.53328373634501,0.08866876425466277,0.825408898965006,0.55752847438936,1126
2.0537181587823294,1.2792382925386356,0.6610621274454985,0.14821183558046402,0.016190671433333817,0.8107142857142857,-0.4335572258091865,0.7563759098343654,-0.48981998220864564,0.5280710982277529,0.6537093444627542,0.5420378291029243,0.7301842556267404,-0.023655358469320098,-0.6828406672500626,1127
2.105542313424262,1.8473210116043404,0.6343871348762911,0.2645260726465065,0.01020667469602917,0.8607142857142858,-0.4645171511042452,0.7491149702715174,-0.4722823071480652,0.5607076153294469,0.661590926829092,0.49790000567281384,0.6854420372588487,-0.03352919403335802,-0.727354801115599,1128
3.8210972213509407,2.8905868623369555,1.2515140924999728,0.49485776341974336,0.008532471203665503,0.9107142857142857,-0.4410292882896046,0.7588587133273857,-0.4791937187379124,0.5130703133639265,0.6512548784435092,0.5591296243700316,0.7363776343802189,0.0007324688626629827,-0.6765703533809017,1129
2.45497474728743,2.264233907052971,0.8464947768401496,0.4362609554121869,0.012594579149130862,0.8892857142857142,0.7148366293904727,-0.16609006851145428,0.6792810040208164,-0.6929888811813432,-0.038128231361791734,0.719939336702928,-0.09367499047610439,-0.9853731917984587,-0.14235402714436865,1130
2.3037141870008617,1.8105578972024894,0.8091351810029681,0.290326470119332,0.01102440625825055,0.825,-0.5132243494918689,0.6783572970311498,-0.5257681472410063,0.5456198647922221,0.7307568876774596,0.4102357057303397,0.6624950794026815,-0.07632659219790366,-0.7451674450019201,1131
2.6796769658278703,2.4057920710836855,0.9189526459519128,0.26787007300528853,0.01167490914819392,0.8857142857142857,-0.5516705730901121,0.6242648386014044,-0.5531301746175035,0.44110120109277046,0.7812127284851159,0.44174246258125976,0.7078766200270655,-0.0002900668939936346,-0.706336043735738,1132
3.3145729283553096,2.379552940258054,1.0602540342291158,0.5476226362449244,0.011900082044907782,0.9,-0.47024961728488873,0.8182633769847233,-0.3306211477340375,0.5705478215908287,0.5676836056609502,0.593473257309664,0.6733056369297494,0.09044539650717115,-0.7338113855271564,1133
3.268274355111673,3.268273062158289,1.4601607176218967,1.2845772343482846,0.012158581476298013,0.875,0.8339627195343529,-0.5348412991108186,0.13583433730952657,0.4201529047393989,0.775016701633681,0.47203882131440783,-0.3577397364927636,-0.3365915877652051,0.8710501615749728,1134
3.1817904602685623,2.3559824549471085,1.144415587965148,0.42134225516102614,0.010962033261894844,0.8928571428571429,0.6561191012265376,-0.3793301086262247,0.6523928216153954,0.7191604735574827,0.05227158651664681,-0.6928750930114388,0.22872677647852616,0.9237837138273489,0.3070956069192346,1135
2.9827093623504153,2.693120056588183,1.134248477120814,0.5281671360906117,0.010513545892222314,0.8714285714285714,-0.5860633735072228,0.6721195428073278,-0.4525318136991058,0.42117708520758007,0.7298157356076007,0.5384968476746949,0.6921990935629577,0.12499724891374772,-0.7107996219994875,1136
5.631177283390468,3.805152932509098,1.3935700080213898,0.8387420420967017,0.003426259558341027,0.9392857142857143,-0.4763728761782111,0.7366647521327238,-0.47999367267385035,0.498017852707246,0.6759708402941432,0.5431773572755898,0.7246013395147448,0.019709541782156836,-0.688886371425778,1137
2.4910002310823156,2.1173770375121737,0.7840825907749186,0.42250632108722025,0.013061577942161465,0.8357142857142857,0.6379618167915845,-0.4577504679409627,0.6192489236291093,-0.6518822374192242,0.10706508057339272,0.7507240618623591,-0.40994422651537243,-0.8826106602696586,-0.23009596590351264,1138
2.3112518528361785,1.8144177469012235,0.7443922252424932,0.41016460266994925,0.012864136879312713,0.8571428571428571,-0.4543306133909427,0.7209203461401889,-0.523314005408722,0.4992793480763093,0.6925761772587103,0.5206326644364595,0.7377694940293379,-0.02474051767489141,-0.6745991998697249,1139
3.219351606536847,2.211393499598017,0.9418162723362914,0.318756966646629,0.01015273795355564,0.8821428571428571,-0.5051602142889438,0.7260090498213021,-0.46660906278931036,0.5444080903687777,0.6875919871924719,0.4804550866519452,0.669651393667309,-0.011318954292583866,-0.7425893159971757,1140
3.1653998884345933,2.863222329518045,1.2105443037811137,0.42076109362635966,0.00781885125544254,0.8678571428571429,-0.5154983760050643,0.6811014513037492,-0.5199636885091763,0.43947371693202353,0.7310658209416202,0.5219249156506197,0.7356114983210178,0.040541071555662056,-0.6761894298604687,1141
2.6714634835085223,2.6714630941488045,1.1371686190701817,0.30742326769466616,0.009007168249260749,0.8928571428571429,0.6101430589380293,-0.5671116073437028,0.553271969691025,0.0322821812838331,0.7155338071675047,0.69783180750947,-0.7916333168843404,-0.40791640763325304,0.45488558559519077,1142
2.7568958598747098,2.7366931470758873,1.089650584040305,0.7099508020055468,0.010443673726623331,0.9035714285714286,-0.5772029753828218,0.6639985362815807,-0.4753342708296299,0.4865728408358212,0.7471284205779769,0.4528200456313924,0.6558075905097289,0.03008433114722822,-0.7543284014600324,1143
3.4308785134879654,2.157533025740913,0.9513562948342826,0.2698524143060151,0.008123985686653075,0.9142857142857143,-0.48383385682281155,0.7175959963335923,-0.5009598636996402,0.547100708551984,0.6947898388960844,0.46684889896910997,0.6830707237862563,-0.04819819304447087,-0.7287601254825676,1144
4.719205974834948,1.7693995176810653,1.3585349937572606,0.36835497843751625,0.007959095710212544,0.9035714285714286,-0.5043333315979044,0.7922098562199209,-0.3435861381769796,0.5441432352236275,0.6005202705337586,0.5859040401280959,0.6704893960382388,0.1085308637488609,-0.7339380228699178,1145
4.28275484543623,2.302041187813994,1.0583947574229173,0.44217847510482566,0.007819509678316789,0.9035714285714286,-0.5453008159239081,0.7585132039964692,-0.3567978972972388,0.5355564085548269,0.6427059128233543,0.5478215429113337,0.6448459920078402,0.10764213387382132,-0.756694666035459,1146
3.4741605156883786,3.080983753733668,1.2752667884380806,0.49651991483389396,0.007833144641679352,0.8785714285714286,-0.500740217172236,0.6415173876660599,-0.581132236438847,0.6591465341116668,0.7177600669453956,0.22437988516602494,0.5610571107069932,-0.270695267082111,-0.78226529445225,1147
5.023196651569126,2.6438359591981824,1.6389550649874558,0.3510651985686313,0.007100380310927594,0.9071428571428571,-0.4912402672014658,0.7408624785128587,-0.45804561760988016,0.48818710752934974,0.6696948362146317,0.5596268170750799,0.7213572956045844,0.05129926197560605,-0.6906605807477351,1148
4.162993338950835,2.9783608312311793,1.4421189230572933,0.5333561995773203,0.009414109601379663,0.9,-0.531996875846568,0.7348046445717891,-0.4207629479947326,0.4952349556403173,0.6730773715362364,0.549280611926003,0.6868199638925941,0.08383904962246419,-0.7219760044191066,1149
2.6224108381240896,2.3329414146151257,1.0096516659902923,0.4401385536717404,0.010549699539729935,0.8785714285714286,-0.573649808148053,0.5917372886566787,-0.5663681477845876,0.3467597654497644,0.801874532392437,0.48657465960080054,0.7420805634679609,0.08272977404570234,-0.6651858550882006,1150
1.738515527752037,1.463525443702814,0.5749607927733176,0.2672281091847031,0.018373283220972987,0.8392857142857143,-0.5332460377094959,0.7950230590934353,-0.28911416218656416,0.5815371472735671,0.5926994951799328,0.5572448786255234,0.6143803460463595,0.12901799844660736,-0.7783900991590185,1151
2.7695200896600642,2.0772568903073503,0.8755968246898117,0.444960190571472,0.011834780303421631,0.8642857142857143,-0.5055568763339823,0.7555112515045919,-0.4166713256769562,0.5333851125513647,0.6532696308129132,0.5373444995216088,0.6781685384179915,0.04941192475026199,-0.7332434078752293,1152
2.6202460348716152,2.375004738061633,0.8870776107716585,0.44965053291204615,0.011621403525102648,0.8714285714285714,0.6167108402660235,-0.48165857051031574,0.6226337293725216,0.7648230394278723,0.17941847426957294,-0.6187525591471034,0.1863154793856014,0.8577960320173659,0.4790328898902201,1153
2.9790899847558667,2.9284153116688265,1.1329078988106995,0.4512225841946635,0.010392126722057662,0.8785714285714286,-0.4703995054838351,0.717475112400324,-0.5137643120407508,0.5838875396378878,0.689591308376021,0.4284147155127397,0.6616643003035434,-0.09845450979203538,-0.7433081885768733,1154
3.188826698647556,2.025711809254173,0.8639201956716679,0.3602894704675501,0.009345272321046615,0.8857142857142857,-0.44107300831318763,0.7827419979265342,-0.4390553108886537,0.5679349175257459,0.6222360056030687,0.5387692296207738,0.6949133261008735,-0.011718276883375012,-0.7189980189084708,1155
3.0857163735206226,2.925151303022197,1.1415743439404564,0.35944243184271674,0.00933631179868805,0.8928571428571429,0.5878094597974323,-0.5191352400806114,0.6204664708742098,0.8075046551274443,0.3298996879571924,-0.48898100968570796,0.04915557872874757,0.7884572267359802,0.6131222803712558,1156
2.48757657940016,1.1867169629541625,0.637851976565969,0.12951575636105622,0.013584832801148023,0.8785714285714286,-0.42748613132092744,0.7952207198086675,-0.4299762950620087,0.5623679249233076,0.6063183131358736,0.5622458716375975,0.7078120686635118,-0.0014525643027142876,-0.7063992960863046,1157
3.162958448676533,3.0520216394414605,1.1779763182157634,0.6523848840645359,0.010362202408097978,0.8821428571428571,-0.5409971724428597,0.645817769956694,-0.538740630931985,0.5937577190161848,0.7469580394482173,0.2991746286241076,0.5956289369376944,-0.15802878001123083,-0.7875614732645535,1158
2.3143019710059676,1.9313235998660987,0.8064170396121986,0.38131357523628945,0.012258302407314648,0.85,0.6318102711046654,-0.4287713822279452,0.6457328264142893,0.7551903143223906,0.1527990305671503,-0.6374480727176042,0.17465214135617751,0.8903974157869488,0.42034399184432913,1159
1.899282763389172,1.5779675363425452,0.580795758130164,0.2085805444977036,0.013271167631904515,0.8464285714285714,0.5966200822273461,-0.5340040196164656,0.5990694321332815,-0.7048327465782473,0.008272829741299122,0.7093252847876181,-0.3837385527074377,-0.8454414629774961,-0.371447783469591,1160
3.4482099854705757,3.175555490306089,1.39494318819132,0.5717141166724158,0.0103541339877267,0.8607142857142858,0.6490900208930774,-0.43185932154746076,0.6262425018869218,-0.6963433953405854,-0.005893043628917641,0.7176845740311916,-0.30624829884028665,-0.9019217252230676,-0.3045475020880584,1161
3.6070102268328346,1.8787351380181516,1.0017276742029249,0.26875405479389025,0.013180070486800852,0.8714285714285714,-0.41793368922562835,0.7727902617398793,-0.4776260490909859,0.5906900471562685,0.6305948321638357,0.5034237040890995,0.690229454312681,-0.07173122756702827,-0.7200263407618821,1162
3.217935519982266,1.6849077687983791,0.8275226087080759,0.47609638727757625,0.010639883474391322,0.8785714285714286,-0.5452226321244291,0.791199225622673,-0.2770127556510569,0.572231361309581,0.5927550436216547,0.5667386764593308,0.6126039100047381,0.150483366639549,-0.7759324750335778,1163
3.4301163062684448,2.3795181644801247,1.1339855929592209,0.3745663960836533,0.010660044359255692,0.925,-0.5172041288156071,0.7039257624708897,-0.4868145540818039,0.42106280096823695,0.7044829799217094,0.5713228935036747,0.7451214711554566,0.09051105971319232,-0.6607584591155251,1164
4.076492426373493,2.878253869484522,1.4356081313279692,0.4987126160746647,0.008211333857166728,0.9214285714285714,-0.45891559350914746,0.7227002811645538,-0.516817938580717,0.557338096738175,0.6871693410438925,0.4660177492902725,0.6919326007339267,-0.07417951424738134,-0.718141125202844,1165
1.951637575096819,1.8365302819351639,0.5429399187558872,0.16397938665933723,0.006737376691536659,0.8892857142857142,0.629481979215222,-0.48668038542391406,0.6057182845902187,-0.698605516704873,-0.013228308617857985,0.7153847523400453,-0.3401510985912056,-0.8734799449871422,-0.3483245840196392,1166
2.108268014054021,2.1082095815285644,0.6605000827461451,0.19519606184308647,0.008707748345705434,0.8821428571428571,0.5849905709407655,-0.5795514772773811,0.567367708894331,0.40436448870147607,0.8148224889616082,0.415395801326402,-0.7030472190312618,-0.01357927347154464,0.7110135098184801,1167
3.942841038637514,2.706022420619427,1.2185067463546333,0.5089342813553819,0.011918474222118104,0.925,-0.5173872039641572,0.7235578653908411,-0.45691847916800327,0.4199509339811551,0.6799042126061989,0.601141809167105,0.7456216830420821,0.1191397377510715,-0.6556325408840677,1168
3.2507932603102363,1.7535399982186242,0.8670135650638351,0.2228152491748428,0.01162586020679399,0.9178571428571428,-0.45673872742319105,0.7705916585930803,-0.44449772842907703,0.5374091088909977,0.6371874413316579,0.5524342624151752,0.7089296047936127,0.01344099386133335,-0.7051511576472038,1169
3.125501424072076,2.3166249451061787,0.9850939008242734,0.6011067451822908,0.01306509475267738,0.8714285714285714,0.6256979244618212,-0.5234827207076752,0.5783320399603149,-0.6081485707193985,0.13695247835197952,0.7819202866054847,-0.4885257651916855,-0.8409577039267437,-0.23266438693993868,1170
3.323578581149479,2.3921628914234154,1.1779888756032486,0.33820490678945864,0.009268123695967854,0.8785714285714286,-0.5360425844709341,0.6563984065940439,-0.530847887303436,0.49036724696608974,0.7539664371811924,0.43712077816914285,0.6871668725547087,-0.025995065399017775,-0.7260343971453979,1171
2.682924144953958,2.1068738209803257,1.0104970484191134,0.3347392762222249,0.009763343356678052,0.8642857142857143,-0.5759362822803119,0.6294450415458179,-0.5216285444897706,0.29624715909257365,0.7554110476046472,0.5844585270884743,0.7619284871185172,0.18207989683167417,-0.6215399357137518,1172
4.069944783950158,3.120470867127424,1.0329268066246369,0.7111100966710944,0.004573538925573757,0.9178571428571428,-0.46134248126407945,0.7543770592545994,-0.4669886159763267,0.4942270671957445,0.6556331063138776,0.570863237523935,0.7368193272656435,0.03256504837395796,-0.6753049656208714,1173
2.0965854485680486,2.09625670055719,0.7819985019991742,0.29121220108787166,0.012412306320919044,0.8607142857142858,0.6072225254406869,-0.48624766453860335,0.6283661459119105,0.7260304806788537,0.018327509735974083,-0.6874182449659817,0.3227391295189771,0.8736288177009912,0.36415950236084915,1174
2.736850808867568,2.1059000689122227,0.9797603704491645,0.3102635697640566,0.011358369504585636,0.8535714285714285,0.5919438135751857,-0.5150106750064902,0.6199730044118252,0.7546572004143836,0.08405732837759791,-0.6507125904796568,0.2830106560410591,0.8530523841918385,0.4384137297026968,1175
2.299361181319372,2.299213148011996,0.948924970122176,0.3477563352197185,0.011605067645048742,0.8642857142857143,0.610288249536247,-0.5179557301529517,0.5993914531253395,0.7767656699962862,0.24273204904103138,-0.581133587296039,0.15550995592952904,0.8202457034145714,0.5504667470762706,1176
3.2038788270172294,2.762957425919306,1.233080391530625,0.3150375101817428,0.00916296429959814,0.8785714285714286,-0.49212090518755663,0.6771819982403965,-0.547029757816267,0.6590009343304214,0.700389135734258,0.2741766348488703,0.5688011807556412,-0.2255650677843598,-0.7909397050132365,1177
2.6712297319063243,2.2805182366061754,0.9988540665373,0.3265259418851998,0.01013434057375134,0.9,0.6710406535491787,0.2573965126141157,0.6953067499876457,0.715448321792813,0.021241432355239377,-0.698342681206974,-0.19452028204827018,0.9660723766082898,-0.16990003833511125,1178
2.6855041849239667,2.676432474228482,1.1325896737720964,0.37311651082423347,0.008594535533571012,0.8785714285714286,-0.5550208850488093,0.6890300141189085,-0.46603589647465266,0.4690141585291385,0.7219184559479348,0.5087823326934161,0.6870062126784886,0.06380738675926564,-0.7238446526265929,1179
2.4701155624388687,1.927127027287092,0.8409055208269811,0.3402637910060044,0.012367787516960391,0.8464285714285714,-0.5403797147925194,0.7007520472764122,-0.46576424516988474,0.48565719311046684,0.711787714343352,0.5074399870821471,0.6871148773100596,0.04800851953334889,-0.7249609144163554,1180
1.863939209667251,1.1544952813790301,0.5749384629989955,0.25030718681390507,0.019784035182820084,0.8178571428571428,-0.34070926044980276,0.8118145971004717,-0.4742090886711762,0.5788447782656678,0.578584936391006,0.5746113417397758,0.740848110288687,-0.07871804949320352,-0.6670438862366308,1181
2.5414211092253516,2.01114320785685,0.8564610749043642,0.34007901036814464,0.01228424826694612,0.8678571428571429,0.6689845198387351,-0.47511903692145135,0.5715956726314237,0.7001368138886777,0.14463127912910168,-0.6992068613331044,0.24953587728811324,0.8679537394655965,0.4294044155498861,1182
2.1509382881962766,2.1466715743024216,0.7204289481788336,0.3047810462567829,0.010952308728294748,0.8142857142857143,0.5731996190352545,-0.5774487739741198,0.5813734687562077,0.8194140128875914,0.40540486698810524,-0.4052253315203912,-0.0016947629018176091,0.7086605726708258,0.7055475324317732,1183
2.434134391560167,2.01791036929804,0.8093860422550007,0.1814827801694436,0.012690311099941778,0.825,0.5974639045212337,-0.5311465022950859,0.600766407095086,-0.6810848030629375,0.059331592620318764,0.7297967204323792,-0.42327340316982104,-0.8452000681595057,-0.32630732592481776,1184
4.621175755746275,2.6419818142981875,1.1945610162728297,0.434330660853018,0.007447964262187615,0.8928571428571429,-0.5140900248400444,0.7624308937340275,-0.39295111482205336,0.5044649551983299,0.63927409191788,0.5803824121898569,0.69370494832941,0.10013874216556748,-0.7132641004430186,1185
3.0253246966047436,3.02521450937788,1.3264391859545461,0.5123080520589051,0.008934665789525566,0.8285714285714286,0.5256079456349986,-0.4912820712539285,0.6945345304229347,0.7469481907519975,-0.1242580843023916,-0.6531679177805791,0.4071912177560736,0.8620915583335391,0.3016512178532953,1186
2.4538970410493195,1.2580625445734077,0.7119469298459034,0.0952005342730659,0.014901050835978563,0.8285714285714286,-0.43817836903950846,0.775990497600992,-0.4536942412449615,0.5655052631573871,0.6303066865351419,0.5318996881465383,0.6987156175778317,-0.02349954344354968,-0.7150134664541459,1187
