R1,R2,band_half_width,mse,mean_error,frac_inside,normal_x,normal_y,normal_z,u_x,u_y,u_z,v_x,v_y,v_z,window_index
2.0779755104732422,2.0779755104732422,0.8380909878165259,0.6642678103786435,0.020952509785606647,0.8730769230769231,-0.4940460258370076,-0.019363999705509585,0.8692200871298729,0.7967437798628577,0.39009984860650926,0.4615424762327132,-0.3480199327689506,0.920568923890321,-0.17729913356503327,0
3.1109339108908336,3.110933899175984,1.1450514180000184,0.8546723893605497,0.011147937601113376,0.8692307692307693,-0.5662021589024172,0.6186066346057219,-0.5447393384693499,0.37155324347966756,0.781472045142726,0.5012480722358782,0.7357739479717809,0.08140807258637364,-0.6723164606074962,1
3.6306397618016555,2.930633659668937,1.1542840866445405,1.345750222368691,0.011677933943669335,0.8961538461538462,0.5974766662720928,-0.5169391833770474,0.6130216260050356,0.7420746455115748,0.06672817985571018,-0.6669876839207863,0.3038862513330556,0.8534173836421517,0.4234759917021597,2
3.585536909790808,2.4792561008923153,0.9411448598369329,0.3448248675208936,0.0075708908724554606,0.9153846153846154,-0.5199093307646045,0.7401172547314927,-0.4265216724067137,0.42771967490436,0.6577616743638152,0.620004402756802,0.7394255658844977,0.13991436304693375,-0.6585391435059584,3
4.937327717751598,2.0659738967630625,1.3063992655230703,0.5516203725365177,0.009662839173464615,0.9153846153846154,-0.4893076628134568,0.792163963569121,-0.3647660427376607,0.36343619948698547,0.5654246825921332,0.7404114107832492,0.7927749617731936,0.22971979265628323,-0.5645676902263055,4
3.3025828306730944,1.6272782563180732,0.7855818853955889,0.32880534547988355,0.0106680940066754,0.8961538461538462,-0.4449221152830795,0.7849813902621023,-0.43110152896296616,0.542087473169323,0.6192263610052714,0.568066796485297,0.7128712946703133,0.019050742199354903,-0.7010360807096345,5
2.2047068412422437,1.3731298045777975,0.7172183554753904,0.5097260110319146,0.01680116456920267,0.7692307692307693,-0.43539484571803727,0.859918199168242,-0.26640574141976436,-0.6341703188499215,-0.08293788400984052,0.7687322772498624,0.6389517470137753,0.503648685231301,0.5814453257640193,6
2.8691338710916057,2.861187707784721,1.1764815897224767,0.8483481722375065,0.01233641030827428,0.8923076923076924,0.7594973934761914,0.353983921392568,0.5457646861958105,-0.6115323509804057,0.10247547211740599,0.7845552633936583,0.2217924548023426,-0.9296204392169176,0.29430247362687223,7
3.936264460129999,3.4372350817948787,1.5933755692466192,0.5411561797620351,0.008777695398934297,0.9192307692307692,0.7096673879100601,0.3764652490510586,0.5955217164754252,-0.6421282218022368,-0.0021940502837604265,0.7665941122317923,0.28990264797343523,-0.9264281420597482,0.2401819150096729,8
3.1178409662425577,2.336239141923444,0.9500366534358538,0.7717418399671325,0.009852356339187865,0.8730769230769231,-0.6585514706696525,0.7355692923296034,-0.15889548974267437,0.530339372143302,0.60344384173347,0.5954793701116766,0.5339008436343645,0.30788528067395055,-0.7875001861020965,9
2.552908018130405,1.776772184359354,0.8681953433049753,0.41272685339415616,0.014579552051979361,0.8692307692307693,0.6543785240231429,0.4659097411879584,0.5955811114898312,-0.6721850622900573,-0.002344986575197857,0.7403794588399073,0.34634663175986696,-0.8848291440182855,0.3116430595480402,10
2.5714886892896245,1.6747655056066626,0.7652906448735038,0.44884699862045147,0.01693878975831612,0.8615384615384616,0.9184706156493843,0.24101716108745908,-0.3135641182437539,0.13989299387209111,0.5436055953348422,0.8276006929589624,0.3699211787045237,-0.8039923412458563,0.4655691535785659,11
5.935630732789295,4.163656765320241,1.4411299582287507,0.8761231837436334,0.0033433622396918717,0.9346153846153846,-0.321855416008264,0.7235316789733035,-0.6106643928609394,0.6481144707388049,0.6385478678822238,0.41497500315323177,0.6901860068163552,-0.26221847750518734,-0.6744514408389647,12
3.277942969499071,2.3487040186760177,0.9608975260642285,0.5016323729981278,0.010107745759012564,0.8692307692307693,-0.2796892103182723,0.7383692688936571,-0.6136650294623179,0.7431816847424875,0.5711597483686365,0.3485075685071903,0.6078280423728897,-0.3585908038376364,-0.7084897362052738,13
2.501717759724181,2.4432391805203975,0.8845901008967643,0.622952773462553,0.011720469645080125,0.8884615384615384,-0.5842110466984379,0.73669779153302,-0.3405492869848454,0.32742908895908335,0.5978779154090105,0.7316639870661947,0.742622141212434,0.3159404409323806,-0.5905031694788035,14
3.570553323178158,2.746008979673982,1.3993195502848372,0.5264706995976844,0.008169577091800183,0.8884615384615384,-0.4999272153552473,0.7685889248780925,-0.39917896224862115,0.25968655436388516,0.5727314866704734,0.7775226926970312,0.8262176909445602,0.2850433453546447,-0.48591626690127554,15
2.885196350776705,2.885187850947036,1.0269996559475412,0.6487719874155619,0.011787488713680773,0.9115384615384615,0.5253242196727136,-0.5663601146972616,0.6350359711901047,0.477028929080389,0.8140231303888109,0.33137553321332913,-0.7046118541762351,0.12885093586041887,0.6977962247549226,16
2.3667767107883138,1.3939313621999887,0.6635187303452814,0.195730233287921,0.014197140854378105,0.7884615384615384,-0.470123192636995,0.7773063779808889,-0.41806575857755973,0.5353397965354253,0.6277272331323512,0.5651281474403944,0.7017089752812118,0.041872610788369596,-0.7112321691793457,17
2.5927149604711692,2.2267006620193994,0.9602244779806637,0.8371500674188376,0.01443144421249595,0.8884615384615384,0.40479020434746726,0.39906452334857345,0.8227347061288417,0.7926522405346517,0.29545599889725516,-0.5332993327307113,-0.4559027484450302,0.8680168540530772,-0.1967216943808346,18
2.862853872980038,2.3319256290150316,0.9949157863893916,0.43748035965182286,0.01273957723964507,0.8538461538461538,-0.5258452824501729,0.7234405013894568,-0.4473483875842958,0.5058421840218708,0.6887995482855821,0.5193061401000011,0.6838204616629147,0.04678699852469162,-0.7281487162525035,19
2.595746497689855,2.2881611277471414,0.8382015584623083,0.5320815245923943,0.013279761356887104,0.85,0.7527799645197897,-0.33190860448862036,0.5684707585126967,-0.4504339322836418,0.3700291418340871,0.812519357825415,-0.4800329131060492,-0.8677068125005967,0.129047626382567,20
4.015964059784868,2.4332290910283345,1.0165373964067481,0.9214202877183462,0.012041460295494919,0.9153846153846154,-0.18986750026065347,0.8044120648572588,-0.5629134589409388,0.5375372629181785,0.5649471174477074,0.626009940385901,0.8215862847681938,-0.183728017459525,-0.5396665565709892,21
3.741163337414617,3.225874653293502,1.1986941876656982,0.941966455305547,0.00902197555673332,0.8884615384615384,-0.6045048566545828,0.715666547513354,-0.3498503552254001,0.47155130043803056,0.6754480851572428,0.5669296740448645,0.642038355035137,0.17773935137647576,-0.745785139055509,22
3.5732796262390063,2.1448115007247117,1.1274012091991161,0.2436704118348953,0.012967157793388487,0.8730769230769231,-0.5014106022167619,0.7754967837217228,-0.3836562868270085,0.5451145520488822,0.6275002857405415,0.555961794137048,0.6718910128355423,0.06962851307332651,-0.7373698780381709,23
4.209597021893702,2.513263683815028,1.2609605799275823,0.6135534710179834,0.01160360884405786,0.8423076923076923,0.7947477746228284,-0.5497315370549024,0.2572376564566634,0.16877892893043153,0.607284063722416,0.776350268305412,-0.5830005556439534,-0.573586351926232,0.5754207582307043,24
2.87025449897369,2.6113192597089974,1.1790826437057722,0.43925703949787115,0.00938883395978235,0.8961538461538462,0.5869070422730033,-0.5633111136202561,0.581567462124784,-0.417763168560656,0.40459756193443513,0.8134953889671852,-0.6935517707601331,-0.720403638350486,0.002130522674377716,25
3.0731499920776866,2.0163174769304835,0.9652654346824183,0.5352860482494927,0.012038550614686139,0.8423076923076923,0.7755221621783692,0.25646623350022296,-0.576879924286152,0.30791554678977473,0.6440540989971767,0.7002730421843247,0.5511382694164336,-0.7207075611086262,0.42050828689279673,26
3.0535675774454685,2.4411263197970654,1.0723031816609008,0.5772313804481278,0.013809152257481607,0.8846153846153846,0.750205386817355,0.5627108290972752,-0.3472008070366196,0.2577308037159544,0.2347069846273692,0.9372766209519238,0.6089061589491036,-0.7926343130244774,0.031050529948198707,27
3.100286178708428,3.09549109164368,1.1213098316300525,0.8513537749196002,0.009068423513746022,0.9038461538461539,0.4874182565697539,-0.6075719626594317,0.6271202064617817,0.5980303026503959,0.7556059787561309,0.26724401205614584,-0.6362257463152348,0.24477727643340516,0.7316425935301107,28
2.5305013475636007,1.2932303845332564,0.7428834914791691,0.1494281184039842,0.014284393633762289,0.7884615384615384,-0.43929736881219245,0.7776490155459954,-0.44975530055245466,0.5373140521337944,0.6286762415876672,0.5621919535556936,0.719938491215914,0.005309602955910542,-0.6940175624450753,29
1.9598444300504376,1.9597993656556734,0.6570254212371004,0.37534679316292224,0.01396517628570107,0.9038461538461539,0.5073431812214527,0.28981071473513337,0.8115495339736247,0.8114118822519988,0.15648150300382355,-0.5631379019014195,-0.29019588868273916,0.9442051095193118,-0.1557660340037575,30
3.8311975702860455,2.709975938078581,1.186418339136504,0.685383288581215,0.011812537580994112,0.9038461538461539,-0.5177359939688693,0.6419886322619115,-0.5655086529802591,0.20518073584581387,0.7348785040586424,0.6464166225510467,0.8305722763172615,0.218641671048801,-0.5121967527173036,31
2.0090996937643926,1.9044341096546453,0.7255389553005395,0.501882024937339,0.013732296750541462,0.8769230769230769,-0.525357192956206,0.7042544511838826,-0.4775201438650145,0.4367542697455575,0.7048279216802107,0.5589841756963964,0.7302366244363541,0.08510739572823947,-0.6778725569929471,32
2.99856802779972,2.970459856697886,1.1621991853043119,0.6883586043715559,0.013594420083822292,0.8884615384615384,-0.6279989778604028,0.6687172484043774,-0.3980383467616751,0.5660231662221299,0.7435149268159833,0.35609455050828587,0.5340740202501564,-0.0016719115710022991,-0.845436068313586,33
2.584515475275017,1.8024604737210361,0.7384300839090073,0.5286439061012601,0.013168816054325226,0.8692307692307693,-0.6723078461747581,-0.192268161189204,0.7148672003699569,0.5223832016787988,0.5610103501107534,0.6421706764345576,-0.5245168734899432,0.8051710012547224,-0.27673400254179586,34
2.7642465455420866,1.9920857473989408,0.8237199430818174,0.3646619585471521,0.013725000849235815,0.8615384615384616,-0.4667005332944734,0.7731079755956476,-0.4295284278054872,0.5494471118638374,0.6340200041656613,0.5441750688723828,0.693035701452055,0.01796364072715806,-0.7206794184134051,35
2.872044046717592,2.2041542992160514,1.033964841275379,0.32462402567905,0.010899853371456828,0.8769230769230769,0.791364415241569,0.1443971087268428,0.5940469992186629,-0.5891678502592819,-0.07921091104203491,0.8041186950896909,0.16316741865405035,-0.9863443144071037,0.022389437834717862,36
4.277709223421747,3.535536800139051,1.4311347083296908,0.8359750344038672,0.009517826046836588,0.8884615384615384,-0.4748723429422328,0.7911908458277379,-0.38537423809453475,0.4394177123348281,0.5925710425051426,0.67510860879624,0.762501365241388,0.15125014070326392,-0.6290588708080207,37
3.166785191376011,2.5569821431629927,1.2019736634184213,0.8738128662125338,0.013143529001313325,0.8807692307692307,0.715018960543157,0.6515790324887232,-0.2533626856599901,0.42585006846287915,-0.118520000883971,0.8969976190495852,0.5544362950366297,-0.7492648222167667,-0.36221902342993034,38
2.2238322581168943,2.223832257561886,0.7707291951413253,0.47849730147287467,0.01288029279935687,0.8961538461538462,0.6922617734025871,-0.6916304913700113,0.2059633474499331,0.5234972038491944,0.6777410357948462,0.5163504294195987,-0.49671351365508487,-0.2496284274817387,0.8312408396760917,39
3.2408578750914403,2.675229833696062,1.1987846798976574,0.32464795304771565,0.009657693510077465,0.9153846153846154,0.6712869849350864,0.2758135460295841,0.6879685106771586,0.7065404770094224,0.04238715956368285,-0.7064020689744764,-0.22399629060334714,0.9602761147350847,-0.1664194858339355,40
1.7249193214197287,1.7248698629887778,0.7096204475423411,0.3841919667531555,0.016568615708940932,0.8153846153846154,0.025427077602450526,-0.6767966456718062,0.7357307687816179,0.7944597979665823,0.4603993151892401,0.39606325250921237,-0.6067842228828106,0.5744377868670117,0.5493943355003156,41
5.254545319559901,2.9932256043815877,1.6788400502476937,0.8909334500768084,0.010552316967529788,0.9076923076923077,-0.4169579295225817,0.7299631350265166,-0.5415717002489158,0.6778295345300587,0.6466854718903511,0.3497785335962144,0.6055519854868003,-0.22125036033465267,-0.7644312074508606,42
3.3375972608147246,2.39499127263758,1.144017972830032,0.7235934480356795,0.010426811650356693,0.8384615384615385,-0.6116320705345618,0.6961463796824221,-0.37588086988920016,0.2990902407451716,0.6433137412277913,0.7047641153169603,0.7324283160723649,0.3186340352231057,-0.6016819038435846,43
2.3485076880379747,2.110820954611225,0.7733733915296467,0.4389869850326075,0.012466515616239293,0.8884615384615384,0.6607250813637905,-0.4796899866550557,0.577355941824179,0.7239940019743561,0.20418230027428266,-0.6588947361755584,0.19817934292445422,0.85335051705473,0.48220104010719056,44
3.069305093350412,2.653027598784546,1.1069188479939123,0.7406699395969156,0.00990877690463384,0.8807692307692307,0.5230959022819582,-0.5280575854572171,0.6689737389889964,0.7828542983944964,0.6079941855529913,-0.13222033814438489,-0.33691219108409354,0.5928728841622363,0.731431417649028,45
2.862187699479828,2.062875361210663,0.9297556943578232,0.42724952552340567,0.013149939014213595,0.9076923076923077,-0.5731806867608044,0.6596448222780387,-0.4861405236823892,0.12738590272781128,0.6577847922692424,0.7423557091081945,0.8094669431858434,0.36357650570558675,-0.46105899013931195,46
3.173251117982499,2.0998398142480643,1.085150154589007,0.4715209743160498,0.010966147220730475,0.8884615384615384,-0.4692889286599431,0.7610525663580318,-0.4478469522918032,0.5159345249641779,0.6479042521280838,0.5603852657095264,0.7166445893099249,0.03192289639431484,-0.6967075866521097,47
2.351926800164654,2.1024022987832596,0.858426738772995,0.6580337976539384,0.012034120501892507,0.8923076923076924,0.45565811692028874,0.11556402698913996,0.8826214568832494,0.837657641087291,0.27980780926591553,-0.4690813002048624,-0.30117330029856837,0.9530753094797191,0.030693609227427365,48
2.9535979456183523,2.6738319150581282,1.085448376074359,1.0918366717589008,0.009709183200731138,0.8923076923076924,0.6583890411711176,-0.45573919925122164,0.5990205778866295,-0.6455615136065735,0.06729085024333692,0.7607379796115865,-0.38700672166742295,-0.8875661799209026,-0.24990412890716662,49
3.306715198392277,2.8307674876877673,1.1754113215779738,0.5725343788495248,0.009666521627642982,0.8846153846153846,0.6772965680132658,-0.41912037019740717,0.604654838931303,0.7283058581584564,0.2656526786394264,-0.631663859425068,0.10411501298816592,0.8681974254841384,0.485173468414327,50
2.7203098470897524,2.72030984658654,1.0355982105943649,0.7014711607970477,0.014154297063432759,0.9,-0.4755431739112631,0.7656934731805268,-0.4330960573304079,0.6278424994836552,0.64026349026659,0.44257932495063596,0.6161756937664116,-0.06145053425631006,-0.7852078363408604,51
2.233659932752651,1.997482863267545,0.823603512945988,0.5744205485001779,0.012746064202155198,0.8576923076923076,0.6258954707350857,0.1814652371150594,0.758501962708127,0.7760263637325059,-0.04800774565655448,-0.6288706855539381,-0.07770419876306621,0.9822248337706346,-0.17086963866889596,52
2.861216426398077,1.992683574343241,0.7575056398152301,0.44890255625016423,0.011265614115429071,0.9115384615384615,-0.47157872470179374,0.8096784298165458,-0.34933414762722936,0.5715170400911779,0.5823158516678788,0.5781665173474958,0.6715517696306437,0.07300061086132087,-0.7373527863376019,53
3.0390673109421393,3.0390673093894125,1.3028793378608114,0.4233182983775126,0.011405800720822147,0.9,0.4343692058135988,0.5968238523600957,0.6746292924969373,-0.6522904819635061,-0.30807952587428833,0.6925345716113317,0.6211606234949866,-0.7408699582188014,0.2554822593218386,54
2.463559829712204,2.0370259341324495,0.7515290111338367,0.6819636898194485,0.010978170252625343,0.8730769230769231,0.594566471401337,-0.19190681138121146,0.7808088670288391,0.8034191887536681,0.1801496021967176,-0.5675065884822502,-0.03175402695345715,0.9647372163308828,0.26129252801865305,55
3.803683264269116,2.903846375588476,1.3272661861546753,0.7125725608376852,0.008806472731399262,0.8923076923076924,-0.4845640593288796,0.7021300285976874,-0.5217385315923377,0.6643837701794743,0.6833850668390512,0.3026203171359998,0.5690271332096789,-0.1999956833604071,-0.7976276376282219,56
3.5574532179419633,2.4167221262375893,1.059273610047831,0.4301535797845167,0.012436647048823288,0.85,-0.5113073487345691,0.7324991328082819,-0.4494550206251352,0.5068560344389567,0.6793771215229766,0.5306069045008458,0.6940185555753109,0.04349422014784862,-0.7186421204820167,57
2.7244120774531058,2.514350774177971,0.9155525161177284,1.0357681686127003,0.012957474864350784,0.8538461538461538,0.7169198963511121,-0.6894035922433844,0.10367521023768538,0.5390284976781202,0.6424568781917432,0.5446994018309442,-0.4421245762302517,-0.3346219458822705,0.8321983011441345,58
3.0332681335046296,2.2419506222218226,1.0986133300173233,0.35624752550057937,0.014561831480709815,0.85,0.9286863916426601,-0.34435451300140835,-0.13770096351623146,0.3223980444807253,0.566087906934133,0.7586856941698167,-0.18330599251726576,-0.7489756010702185,0.6367373572429725,59
2.7937669962807496,2.2056700642403264,0.9573444400657237,0.8549848329683233,0.02497470423477386,0.8192307692307692,0.3289571021454309,-0.2903026218024926,0.8986164992490844,0.7635978393280898,0.6416375838528392,-0.0722464584665826,-0.5556127830796853,0.7099476028286101,0.43274569497148885,60
3.7893672225135857,2.6094849898346144,1.2897966781446186,0.5383089052907303,0.008949041698880186,0.8538461538461538,-0.6034738006653736,0.6614240361434222,-0.4453511157752207,0.2982891920875232,0.7052233779555668,0.643182357553993,0.7394882891528856,0.25530027731415583,-0.6228794735814093,61
2.8167387478711654,2.6400237962542366,0.9211090155458123,1.0912977667518882,0.01093056816594523,0.8961538461538462,0.683535503229386,-0.053209813517885535,0.7279752273053952,0.7261072852201486,-0.052200339194503655,-0.685597064563585,0.07448104574437561,0.9972180505453011,0.0029552481204825273,62
2.9841166781136863,2.197575179649387,0.9282065225872733,0.4964446662457277,0.011839949126099904,0.8769230769230769,-0.4701639674421018,0.803328781984806,-0.3655252546048087,0.5191016733367132,0.5866475958980036,0.6215931555013431,0.7137781843529027,0.10250593281318246,-0.6928298761456326,63
1.745346968840794,1.4786099941048263,0.5629139538676236,0.315442916971091,0.018121826433032673,0.8653846153846154,0.390908183082334,0.5326292411846769,0.7506642950309437,-0.23237418945773353,0.8462490991348595,-0.47944206979290027,-0.8906138492484439,0.012982821283299723,0.4545749859796468,64
2.7233394848874513,1.2695235922163635,0.6527641841043234,0.10121310856255845,0.014308562446212791,0.8423076923076923,-0.46215254917159165,0.7561032984129362,-0.4633819411924443,0.5716690949095399,0.6534828299007599,0.49613973530669947,0.6779450325944626,-0.035608891501600376,-0.7342496439403428,65
2.7922618015541127,2.0910137439196554,0.8769078516830623,0.688619827483563,0.017169927272282996,0.8846153846153846,0.8437443141129088,-0.3421797751909512,-0.41353178094604437,0.5344680009636911,0.6065081033218348,0.5886356059149215,0.04939117682352864,-0.7176774498723093,0.6946219040577156,66
2.787497068315672,2.4966262678806244,1.1256393316371942,0.5100098706895383,0.010125548257871285,0.8961538461538462,0.6600183333023194,0.38493530775386425,0.6451361162958297,-0.7065223864141614,0.026168388217726837,0.707206711615299,0.25534666083672763,-0.9225725035478373,0.28923702822600195,67
2.4178457281813532,2.2067770936226028,0.8221506001673428,0.6914526383296165,0.01295198549624536,0.8384615384615385,0.7427604160792848,0.5684997381983458,0.3537160046904013,-0.5848639433292484,0.2937086287209556,0.7560882284549982,0.32594651723724466,-0.7684681444817788,0.550650141939183,68
3.85467675068363,2.7732642183985474,1.2127136522520505,0.4646271614704214,0.0089135325578814,0.9076923076923077,-0.5500729501602887,0.7404748158500992,-0.38615644057003423,0.31799005870871394,0.6132812925905918,0.7230272323507888,0.7722059777445298,0.27492381353781375,-0.5728130800579192,69
2.502611002693913,1.95775069265169,0.8654391844881935,0.49687097377293293,0.012474117491531437,0.8538461538461538,-0.4122592905075686,0.7679628297153303,-0.490178915872377,0.6089792052601684,0.6324547186320153,0.47869129555569756,0.6776330902124614,-0.10116383274531035,-0.7284087272907904,70
2.6105928566679304,2.5097761746640264,0.9343109965580169,0.50744330420683,0.013454312095875165,0.8615384615384616,-0.5154944178182189,0.7593092025035313,-0.39713352942267033,0.4130236203036094,0.6262409986358697,0.6612364937742387,0.7507842528113889,0.17683819333221024,-0.6364363747535526,71
3.2231546069057195,2.657710685741136,1.1231089828253482,0.9042758024937159,0.012729762307553467,0.8884615384615384,0.7950702624386898,-0.09057423335519865,0.5997162546052848,-0.5964800124781984,0.06237646811419069,0.8002004567229436,-0.10988572473110883,-0.9939343461606089,-0.004432044968363982,72
2.8528726533594284,2.151504486503672,0.8781728782474445,0.5660131982747176,0.013538243152733897,0.8923076923076924,0.6542005215692175,-0.3968733598774967,0.6438270061111997,-0.6289668436987256,0.1872706055696493,0.754539879540664,-0.42002665047140364,-0.8985662226620383,-0.12710765667200977,73
2.538339003711675,2.5054210583298846,0.8904446967841511,0.5438569784638703,0.013899166669059692,0.8576923076923076,0.7171504943462464,0.030243669480573505,0.6962617962485694,-0.6968096546476832,0.013473617947469832,0.7171295327966781,0.012307463130588522,-0.9994517407437717,0.03073669265769755,74
2.552548732363976,2.5504042313687876,0.9381759051757501,0.5806605337543492,0.01417646577842802,0.8538461538461538,0.6952044792785649,-0.6308865705049445,0.344489284517718,0.4032775516514136,0.739042186638825,0.539614550120867,-0.5950276870239408,-0.23621765709746184,0.7682078300501273,75
2.535706632947958,2.3684402249126904,1.0227167066111158,0.3097052641105189,0.011993535432054786,0.8769230769230769,0.5810183840980758,0.4652863766229502,0.6677770773762356,0.7176964894052734,0.09404076060741243,-0.6899768723948113,-0.38383510318287356,0.8801505116021155,-0.2792949883029185,76
2.2954915578335493,2.047651376112872,0.7438326502834094,0.4060018327576317,0.011972600718367947,0.8846153846153846,-0.5290224741000151,0.763790805468897,-0.36980917697952326,0.4818426067858541,0.6290794928373641,0.60998909332651,0.6985434304199788,0.1445081214764706,-0.7008241424526056,77
2.4744663159407034,2.3864256251161113,0.8730463637144111,0.5782461654137546,0.010998888529774754,0.8576923076923076,-0.5500702710974613,0.6560732796365294,-0.516711281666787,0.5323996850146171,0.752186228234247,0.38828656099725356,0.6434075475552816,-0.061512029731636275,-0.7630484899055842,78
3.562490371478218,2.9307077456237494,1.4334533320688192,0.8340035776628707,0.008799768848721566,0.8961538461538462,0.7378889997178607,-0.07912682386419209,0.6702676852128112,-0.656033249399874,0.1492178392890763,0.7398340436339369,-0.15855661379210198,-0.9856332899121583,0.05819637479875958,79
4.177185407693281,3.694052045161838,1.7380078277881605,1.045290335210098,0.006871571972889585,0.926923076923077,0.851983917554352,0.036000175873407016,0.522328815561446,-0.5221224636635113,0.13250117444768678,0.8425150275858164,-0.038878492340682996,-0.9905288618243628,0.13168537020583576,80
2.769118637866169,2.7677365386885775,0.9800690237238154,0.619733896935096,0.01086439586240686,0.8961538461538462,-0.46684100412765267,0.6503755607430786,-0.5992254224022969,0.40886356586952466,0.7595613303718733,0.5058627975134828,0.7841492596244302,-0.008843946621057502,-0.6205092450871479,81
2.138030582578038,2.0131721678341177,0.7252198908770466,0.7456392645624191,0.014292289281925136,0.8730769230769231,0.6341860933922489,-0.31914486096456723,0.7042404111294558,0.7692686240580721,0.168940958011572,-0.6161856349720699,0.07767742907485124,0.9325264127230066,0.35264813424472014,82
3.2933787503064242,2.419768629274851,1.2555498965572223,0.5333170045821174,0.01534062733966585,0.8538461538461538,0.29439225275987774,-0.5249724820691539,0.798584431719725,0.5097219214608019,0.7930896802761673,0.33345512714869885,-0.8084038373840593,0.30888938490922385,0.5010694398914476,83
3.651693616618328,3.21238480612567,1.1049815091720965,0.7708744791693938,0.007767761394173627,0.8961538461538462,0.42388418198978967,-0.5656255207573335,0.7073824782441548,0.5148291016715839,0.7930457589433214,0.3256215906447873,-0.7451665561006324,0.22615524422397715,0.6273600315441816,84
2.941715439863682,2.3074108279715206,0.9095609617037402,0.49248157763372624,0.012424054005658025,0.8884615384615384,0.6955149883189689,-0.4588222077398167,0.5529385885506864,-0.08086486094512223,0.714686419979078,0.6947547735437412,-0.7139466193546902,-0.5279256602801664,0.45997252301605984,85
2.6208133126244415,2.0513024266704702,0.8885097334918098,0.5199051408785916,0.01188262791629101,0.85,0.7232759650774387,0.0271274022186524,0.6900260737031371,-0.690458705802218,0.011370054107163264,0.7232824465252329,0.011775140051222844,-0.9995673193529627,0.02695403788500816,86
3.0328202623973417,2.8313926440620256,1.0309123816162942,0.411530803361454,0.011495207227516428,0.9230769230769231,-0.6253115331618986,0.7032240382915457,-0.3383215016277365,0.46230396543617375,0.6830913148887712,0.5653859735309311,0.6286974869018525,0.19713499814203567,-0.7522481388948961,87
3.987052780892183,2.755962841350702,1.1947222858293225,0.8134373789586627,0.010595232376976679,0.9230769230769231,0.332557653551294,-0.662863199813451,0.6708336495715838,0.6211811657175262,0.6891798481114496,0.37304838334309187,-0.7096050777878303,0.29264913341773663,0.6409501683341499,88
2.3160714589570737,1.4552761802320613,0.6767920797622822,0.18334564117591132,0.015256428644626752,0.8115384615384615,-0.4839516519958594,0.7634956604616867,-0.427627378668218,0.5368020260517509,0.6449328378718909,0.543971708327965,0.6911109775985432,0.033704763620029804,-0.7219623297320324,89
2.971451667647968,2.971451666928583,1.1198638319700431,0.8559694604005023,0.01191029525209865,0.9307692307692308,0.7307609057766332,0.05652459574559728,-0.680289253673988,0.6592700876750797,0.2000533194114149,0.7248045397825315,0.17706340696317666,-0.9781531779165631,0.10892616970370933,90
3.0806490055863556,2.2891022306947564,1.0977395465173543,0.22862124165951944,0.009534174257788056,0.8807692307692307,0.6946134727052644,-0.24902104434226738,0.674907877425519,-0.6949078353430317,0.010371130799173836,0.7190240190875464,-0.18605167001452805,-0.9684425430146246,-0.16584274769845148,91
2.376224547989033,2.0601375534776327,0.8774819548166377,0.6541513596183941,0.013851097988293062,0.85,0.8708973632734237,-0.12560131051834514,0.4751442869692031,-0.4894912288775342,-0.1351193177340536,0.8614761208687362,-0.04400135788086146,-0.9828362431102946,-0.1791557973761448,92
2.2726662022868185,2.272666201451509,0.7846929954905381,0.2882924695601854,0.012616431234806224,0.8076923076923077,-0.5904244480992055,0.6297629656228496,-0.5047747796955214,0.5685309739537531,0.7684414828183552,0.2937179244430353,0.5728625513523691,-0.11356185369146268,-0.8117463905951251,93
2.963089543340884,2.274564750562642,1.054194246258107,0.5155339493679105,0.010300696886846362,0.8192307692307692,0.6060924024165648,0.009474524220148463,0.7953378106966364,0.7283812710173784,0.3951116293640752,-0.5597745299425244,-0.3195508156209671,0.9185842551078631,0.23257309067023899,94
2.61362663700611,1.5188924368003367,0.5484815424417058,0.22538729146958097,0.0052675016318227096,0.9192307692307692,-0.45436742603856145,0.8032026792792686,-0.3852475803346427,0.5335725410737844,0.5916933935301854,0.6043171944143224,0.7133376378456118,0.06902451775519841,-0.6974130988026431,95
2.695334394421629,2.6953202344410627,0.971175804439507,0.6720221433057704,0.01328262437541679,0.8653846153846154,0.5930384523301835,-0.4709220063453779,0.6530986587013211,-0.6520744022164273,0.19493304617659757,0.7326664189673234,-0.4723392509964738,-0.8603682766396937,-0.19147339376564526,96
2.3393539641018846,2.0883064168368897,0.8313156468636589,0.3517688078073184,0.012924481389133952,0.8692307692307693,0.5169760672298741,-0.04294970105134492,0.8549216742433969,0.8523575385659625,0.11786467947629362,-0.5095042137036006,-0.07888201544906409,0.9921004185623302,0.09754171993123223,97
2.978680651546584,2.5326639833891633,1.0858927980957027,0.8603775672916827,0.011974856411216215,0.9076923076923077,0.6994796651067515,0.569298367877306,0.43200412779785147,-0.5854949828268816,0.10988750199279013,0.8031938508170579,0.4097850939049595,-0.8147540151714627,0.41018541121702934,98
3.658659098540658,1.9968898679142895,1.2370812495655121,0.4400851499058911,0.010829315169947146,0.8615384615384616,-0.5245176909749133,0.7713276195972666,-0.36046483198886364,0.3583953430824598,0.584070431741471,0.728295619115025,0.7722913763024621,0.25281501935554784,-0.5827955010782965,99
2.9649182991098666,2.355071423663728,1.0371278610887888,0.5246203501224754,0.01276705589316777,0.8923076923076924,0.32823458990128834,-0.2679838042887234,0.9057851481622318,0.8229460377375202,0.5518605984337003,-0.1349433172428861,-0.4637045103990784,0.7897053631167394,0.4016759471267972,100
2.126493702713405,1.5070797527498843,0.6367311966355911,0.29723969246566484,0.01799099567096226,0.8615384615384616,-0.609534487511006,0.7610825541224372,-0.22185818521110015,0.46438941116794197,0.5696038514012851,0.6781547959455237,0.6425030609497417,0.3103301440068147,-0.7006318708072895,101
2.404282915634479,2.2419430333563404,0.9074509091544243,0.40520247520433283,0.012016453788647876,0.8769230769230769,0.6382597336240402,-0.5461020174006097,0.5425837253596476,-0.18690082688471393,0.5738033174156673,0.7973818619912201,-0.7467881850591769,-0.610346081755064,0.26416863391073,102
3.3186356185753194,3.070076591473973,1.398558132436064,0.8532072378514693,0.00852004226835144,0.9,0.28104815498428537,-0.5458731711297029,0.7893252913854535,0.567411085504904,0.7578383742869681,0.3220646806221254,-0.773987464127214,0.35735623612704337,0.5227235654483516,103
4.030863223562411,3.091853369718578,1.4728589564994548,0.5402528545942451,0.007565189515849879,0.9,-0.5861787650115577,0.6379859185783286,-0.4993680237513124,0.16235942589351432,0.6963646684110429,0.699082016227214,0.7937467305589696,0.3287099272680162,-0.5117772087953919,104
4.608040515508035,2.661910670646379,1.368815967678274,0.7430185696017615,0.011521314258222004,0.8846153846153846,-0.5615919722327917,0.7465936212059726,-0.35666850365323277,0.3070235516886946,0.5883207518930966,0.7480743489790309,0.7683430193814107,0.31060691825278797,-0.5596180366119046,105
2.230810026557767,1.720508355119311,0.6214672131781948,0.27143555309607165,0.010875363159481876,0.8807692307692307,-0.516568908911815,0.7233062297677022,-0.4582408322322326,0.46771160332055706,0.6866383530358565,0.556573111333561,0.717218529086478,0.0731838105009478,-0.6929947412611372,106
2.6908262530579754,2.0443953006899056,0.6870800985628054,0.5245604623981128,0.0055810967700154895,0.8807692307692307,-0.4865888326357127,0.7653168287969053,-0.42133295564726814,0.5470322626279079,0.6429368376304129,0.5360857454381676,0.681165920755293,0.03037061701797475,-0.7314988817650656,107
3.086508406655273,2.4058785535518687,1.201735505290285,0.6373997573136301,0.010936927747992986,0.8384615384615385,0.41682298054905514,-0.2554780693062994,0.872347155087771,0.8927021989640702,0.29590043975046665,-0.33989073791469254,-0.17129327730800092,0.920420494045524,0.35140393749939425,108
3.178890769343874,2.5298725324166025,1.2324378012134165,0.4657439284749107,0.009838304064188539,0.8653846153846154,-0.4904713719552247,0.703020072674641,-0.5149763205322183,0.30284425911815144,0.6916083583044895,0.6557158175936789,0.8171433093475938,0.16565221441294226,-0.5521196934076442,109
2.416790101245225,2.1719261774006138,0.7948616850388543,0.6982030885332939,0.014350692430595028,0.8038461538461539,0.6825967131805819,-0.16489021795897435,0.7119500987966139,0.7307946578780226,0.1527537107913663,-0.6652860075609675,0.0009461353023211688,0.9744113709624439,0.22477007133308505,110
3.0388549187751366,1.9637409934883405,0.9442780243535696,0.6226395091945193,0.013672295874324563,0.8846153846153846,0.8366356339122144,-0.4351821895255017,-0.33265188709535004,0.5464996308182296,0.6219874078545903,0.5607760854261407,-0.03713447971691308,-0.6509593892019054,0.7582037351701957,111
2.946941034904667,2.5154581702430585,1.1223542864394818,0.20182093358133163,0.010242803844432463,0.8807692307692307,0.6315907997025577,0.4071474596339565,0.6597908819047892,-0.7020533415249189,-0.060740781145250014,0.7095291841492922,0.3289592184219483,-0.9113404981780853,0.2474759159913147,112
2.3512564523981556,2.0920592649583276,0.7801269235188386,0.5688183238345388,0.014847014564540148,0.8769230769230769,0.7442842173961599,-0.650925985478933,0.14945355520450396,0.3360060529062011,0.5583529722773858,0.7585129469952403,-0.5771836242872636,-0.5143319159621429,0.6342883761171493,113
2.1715886077470214,1.6115946348960972,0.5752085415017907,0.44220405976642113,0.009886406040737736,0.8769230769230769,-0.5388665377981857,0.7187422355360218,-0.43935458720500264,0.3310579961602393,0.6602803786813207,0.6741145486538759,0.7746118109219375,0.21780592366860344,-0.5937483658883644,114
2.3384166236136483,1.874524251664114,0.8594173813669008,0.7083308687307254,0.01326432290610365,0.8615384615384616,0.7869185675910861,0.45989233150377856,0.4114100283226113,0.017917647328148708,-0.6834784627529642,0.7297507443415656,0.6167966649509523,-0.5668829106410455,-0.546082081493725,115
3.301900748316648,3.1039788536502013,1.2527409165413999,0.9078052612780046,0.011679076818856488,0.8846153846153846,-0.38674256745511915,0.8331365893555002,-0.3953651603205667,0.6439756489944963,0.5508666226509236,0.5308873021190865,0.6600951067992702,-0.04928881745639299,-0.7495632478006178,116
2.1104766717662202,1.7176119088095527,0.749561129365542,0.4502482673587978,0.014690370611953905,0.8269230769230769,0.8239993650113132,0.18970418462923744,0.5338889105376781,-0.4785099719690654,-0.2715817979902908,0.8350278640419883,0.3034027903416793,-0.9435335973533308,-0.13300788502327957,117
3.0865771620527687,2.2845628588160385,1.0887412969172205,0.3912024002341127,0.011179060011379957,0.9153846153846154,0.5674107745764163,0.663038055612316,0.4882883878451652,-0.24664099814261053,0.7026135893234712,-0.6674596333361331,-0.7856291942957618,0.2582918521901684,0.5622028887887042,118
2.761675041501625,2.761675041493814,1.0443559927462436,0.6651611268309591,0.012881651276395107,0.8730769230769231,-0.5606380411641843,0.7487112453919463,-0.35371804848385563,0.574632478684481,0.6593413410189146,0.4848365811944359,0.5962235329475984,0.06855995220987313,-0.7998856366459295,119
2.336889647144366,2.262133877211785,0.9549515666530313,0.8440330048641561,0.01181004100119449,0.8692307692307693,-0.27858323511869193,0.926852114818105,0.25166751552000105,0.9179633236883611,0.33400935053169833,-0.2139651609968558,-0.2823733653760938,0.1714144422579365,-0.9438656533170279,120
2.5881902795424305,2.588190017208779,1.0226659154081497,0.8063202431119012,0.012959293679291158,0.8961538461538462,0.45314341181133644,0.056548237409749375,0.8896422568526251,0.8814274614644304,0.12071696034668558,-0.45663228714253973,-0.1332166600255074,0.9910750286080805,0.00485892592462759,121
5.356371440848738,2.6298363347228255,1.5607894226196257,0.5474042383603345,0.006591035970448476,0.8961538461538462,-0.4447304394968369,0.7903718097332053,-0.4213398136469044,0.4981693647067893,0.6092231248480334,0.6169882237271886,0.7443400568641891,0.06449485661240995,-0.6646790904022485,122
2.3807101611811046,2.0196879247767052,0.8701714363657042,0.660285218316505,0.014784613821011958,0.8576923076923076,0.5656295751182956,0.6808890477715229,0.46524540661492303,-0.48104680449707293,0.7306617037799183,-0.48448678672651296,-0.6698187483451409,0.05023523916749573,0.7408233697117912,123
2.5401300354754777,2.156848775224958,0.8525567489287994,0.5698096936659847,0.012706752022226061,0.8769230769230769,0.6512340320224831,-0.13096261959219482,0.7474911556702791,0.7560582739950863,0.027151680553162767,-0.6539408784949218,0.06534616943104225,0.9910154279892363,0.11669747052957252,124
3.215961264492823,1.8218231467225654,0.847665232088703,0.4632318964927163,0.013779268372781803,0.8615384615384616,-0.47854587538626997,0.8026571340170785,-0.3559991156762586,0.486674815165668,0.579923836894754,0.6533268459850167,0.730849826868866,0.1393910636043662,-0.668153172523331,125
2.851940501883241,2.7955764441683697,1.1297456364656182,0.5758023573606269,0.011463655358154948,0.8846153846153846,0.6469554908818758,0.3958033260518143,0.651757869077246,-0.6880368224504188,-0.06545606914739283,0.7227176723756675,0.32871556666839225,-0.9159995797477709,0.22998009942554784,126
3.6147588811183775,2.3708825610489757,1.0871691965807235,0.7252597494130347,0.010061303164062946,0.9076923076923077,-0.4710924589762316,0.6818513285604105,-0.559598660502445,0.640900584874076,0.7004772934620815,0.31397133890230206,0.6060679296941844,-0.21073757871922127,-0.7669884859056002,127
2.5759864993324224,2.338500429029419,1.0360990910890757,0.3635829617354119,0.010817178857957082,0.8769230769230769,0.5789110082638231,0.5325483714973925,0.6174579147815977,0.725328253958932,0.00961049103052682,-0.688336082499704,-0.3725063335298485,0.846345006765933,-0.3807087613944837,128
2.659948523047686,2.3846262769796813,0.7738735268163219,0.20472534306616275,0.009020976545490016,0.9076923076923077,-0.561698600061994,0.6780300463222954,-0.4740990813876167,0.43340721098284296,0.7292638136961888,0.5294643326054776,0.7047360301250883,0.09192141381351995,-0.7034895745681339,129
2.21227944454119,2.212279440600803,0.8609257618212646,0.3850358626087433,0.013254727049157556,0.8615384615384616,0.6286193714178399,-0.44312784125759924,0.6391208040586849,0.7083703364346848,-0.01296734970221561,-0.7057218391839039,0.3210126980940961,0.8963646379370844,0.30574709077645906,130
3.9418921701586607,2.2461757983388084,1.2353926778744997,0.5139461180476556,0.009059698619500123,0.9,-0.6320731015639582,0.6917369123694893,-0.3492615615049038,0.32395089872169003,0.6453159468822142,0.6918259491497271,0.7039456012340212,0.32414097668304287,-0.6319756464755866,131
3.8745818526132614,3.019212063028576,1.413877463407802,0.704210673606103,0.011416552121447623,0.8884615384615384,0.4817203368289104,-0.4186097643425114,0.7698775112201603,0.7473216298694222,0.6550521723764131,-0.11143174141263505,-0.4576635211754936,0.6290250524915911,0.6283880844853755,132
3.4591692211846436,3.086838597492411,1.153104370781345,0.9741615259447507,0.012596084490767606,0.8653846153846154,-0.3623506328880427,0.751845305151715,-0.5508454011489609,0.6198910635879593,0.6357469652231863,0.45995746052575054,0.6960151493533913,-0.1747982646676828,-0.6964255010693845,133
3.6349497680362335,2.4506492267146434,1.3166970440628787,0.591926724459594,0.009735755153713674,0.8653846153846154,-0.5345076931047652,0.6638582555773922,-0.5230618916663343,0.3820931584365045,0.7418391832176824,0.5510711791764638,0.753860958193113,0.09469341447357194,-0.6501744481041207,134
2.353197424879872,2.2450758689916475,0.8926285269218754,0.46482021374981813,0.01363957035169735,0.8807692307692307,-0.5892547557893815,0.7776788916511442,-0.2190761836892463,0.5923617332801238,0.6002338993831123,0.5374261279252351,0.5494419075070303,0.18690855387486058,-0.8143578959913413,135
2.8900532690228946,2.890053266651066,1.1460960542626548,0.3807883847149033,0.010908242082891968,0.8769230769230769,0.5604568586586463,0.5769251802248506,0.5941762751953379,-0.6788355438135667,-0.09096356989422674,0.7286342933237752,0.47441586613204806,-0.8117160620405524,0.34065616182238195,136
2.380492679051116,1.8520807085079865,0.7655165696442185,0.4081691851141275,0.014205390511425038,0.8730769230769231,-0.4345400538846897,0.7498996860417491,-0.49882401951427446,0.5307249456257838,0.6606748443696859,0.5308858465881345,0.7276716111409047,-0.03404718625052114,-0.6850801525719619,137
2.9388029091706835,2.300079832266493,1.1071265433975972,0.4015619872838201,0.011303408841436578,0.8730769230769231,0.6732143310151816,0.3387281634669609,0.6573018300522837,-0.6939093955996111,-0.017728266683458224,0.7198440520411228,0.25548427586519695,-0.9407172475482204,0.22311173198856205,138
2.2828296358396334,1.621944635647844,0.7045311971933327,0.3931406172800108,0.017807803935668862,0.85,0.43408202027303855,0.747888731966964,0.502230270167504,-0.3836217317703643,0.6578765233065261,-0.6480994113526292,-0.8151117509821485,0.08866185582856054,0.5724787408558081,139
3.6755978501566156,2.6228413989590638,1.2044062074407087,0.7681665522005001,0.008678651694662413,0.8884615384615384,0.6662615596383946,-0.12532035934916622,0.7351124687289761,0.7457064655858385,0.10645130524040043,-0.6577157340341584,0.004171490344068815,0.9863888316202749,0.16437661489122593,140
2.787193044432322,2.521828630175079,1.180672649576037,0.5997239220542182,0.01231934395911179,0.8615384615384616,0.6992339427631827,0.5543855568632112,0.4513629887677116,-0.6044905766367045,0.12143389709281142,0.7873023252818938,0.3816582712915817,-0.8233531824061406,0.42003154759660816,141
2.263928850628552,1.9345631545171207,0.8011602691931295,0.5964086233147332,0.01440378133018855,0.8615384615384616,0.9228277756016066,-0.27304020398839457,0.271731381301768,-0.09475136571507911,0.5228429242678888,0.8471466550946949,-0.37337792553031074,-0.8075173828153661,0.4566230405681509,142
3.6834296569186664,1.9770560148456167,0.9172308442590512,0.23642998112189434,0.009011578796055374,0.8807692307692307,-0.4499685074358317,0.7785816086556738,-0.43742316008541776,0.5458632447418602,0.6274453821900161,0.555288763084859,0.7067967602895884,0.011089230431718888,-0.7073297453186699,143
2.836399013028183,2.5122746092391344,1.1232284086435167,0.8606603290223285,0.01386840857651036,0.8730769230769231,-0.5244746416776717,0.6642716734248297,-0.5326063218949381,0.5627623798480414,0.739879584685182,0.3686145737675754,0.6389247640096968,-0.1064018047377906,-0.7618751878645835,144
3.0713126357430904,2.967329252591239,1.1018316199570293,0.592319129570534,0.011733685782467128,0.9153846153846154,0.5575124940889546,-0.517341609137281,0.6492591765928011,0.7854616450812414,0.5819071355919783,-0.21079395070402088,-0.2687560660543004,0.6274884421265365,0.7307724898739887,145
4.0256332076948915,3.092352145657025,1.1904093822280382,0.8984201724639781,0.007640950214257029,0.8961538461538462,0.4412046402235931,-0.6336397949836173,0.6354833401894099,0.35432217159522816,0.773599855534798,0.5253561289569022,-0.8244963700109367,-0.006623724757188781,0.5658284741060047,146
2.4364264904120905,2.4364264904120905,0.8759179265328725,1.0049345818727553,0.016642816098693294,0.8807692307692307,-0.5357688198665692,0.8161755353183764,0.2163544943063248,0.6825665541303351,0.26780989166558505,0.6799858536092557,0.497045944396918,0.5119915599634719,-0.7005783123140099,147
2.254545471822632,2.252985754282374,0.831922504986127,0.5129298615521056,0.014682037834856894,0.8538461538461538,-0.3575815739456009,-0.6177520464628302,0.7003697788065759,0.4082210519900332,0.5711159693141884,0.7121672010886668,-0.8399351109977111,0.540563556564166,0.047958843063217405,148
2.4081965857386782,2.2066814532353933,0.6788444375565063,0.7635294558442405,0.0071091688424000645,0.9,-0.037382733957577435,0.7077878864099297,-0.7054352125129717,0.5674967299189726,0.596087656575315,0.5680026119744713,0.8225265908972972,-0.37909868574015615,-0.42395069729504714,149
2.7828178695239996,2.019326904685867,0.9404485989435798,0.5725581917463657,0.014289816012189224,0.8807692307692307,0.72385549857724,0.0191349963363353,-0.6896862106021142,0.5518448368847664,0.5839372514170869,0.5953860616533474,0.4141261802677066,-0.8115732488954195,0.412126641330323,150
2.5196587564491444,2.4104708332788207,1.1246951228885862,0.5924094760088993,0.010900683413116579,0.8153846153846154,0.6544358643776078,-0.4868123309811017,0.5785563531939474,0.7488770436225434,0.31167424399394256,-0.584843858791356,0.10438808816858638,0.8160103676029801,0.5685333824965397,151
3.260370636794843,2.6577796722705687,1.005780405849137,0.7770472575030147,0.010254844257101655,0.8346153846153846,-0.6051831011272647,0.6983687805230174,-0.3821445544565309,0.36262722484653204,0.669166829297792,0.6486272044615785,0.7086994496329806,0.2539622037987802,-0.6582159897264555,152
2.541219760041713,2.2437572064155042,0.9466321837147439,0.40994176090478646,0.012796209026216506,0.8769230769230769,0.5741648687682712,0.575242472779535,0.5826069009055763,-0.10696782839986572,0.7581952626592615,-0.6431934602967215,-0.8117219888359135,0.3069788937232321,0.49686152160207553,153
2.0989922897151283,1.577060678650506,0.6378739461905245,0.24759301917108215,0.014933744315006551,0.8538461538461538,0.616462077093404,0.26237152696291766,0.7423851354551982,0.7569402216227079,0.06216960580968861,-0.6505201311283408,-0.21683175135448216,0.9629621601873123,-0.16027435743728038,154
2.858965024544713,1.3432568010539088,0.7121170204952556,0.1443606505813488,0.012387950533263525,0.8461538461538461,-0.4239909845863838,0.7807039781855708,-0.45905657977496916,0.5803764052670101,0.6233332866942383,0.5240408780890112,0.6952660449056981,-0.044236999719492076,-0.7173898623879525,155
2.5130309651587512,2.381705455010469,1.0071321009542857,0.7044972493378878,0.015011760325045151,0.8846153846153846,-0.03720973247775604,0.5445611943395491,0.8378953045747528,0.9771041414604626,0.19559428358621325,-0.08372797005307307,-0.2094825351902782,0.8155954768436863,-0.5393710092342506,156
4.184099988294336,2.8521986660143024,1.5331684344876282,0.723594041037919,0.008676652582669506,0.8769230769230769,-0.3214291661351272,0.7186108133898074,-0.6166699198411709,0.6021852156827022,0.6577031042650795,0.4525478899003459,0.7307915278455643,-0.22588741779771068,-0.6441417680214723,157
2.1796726590711475,2.0601604348003195,0.7334862595999926,0.6603272158483035,0.013567448687803272,0.8769230769230769,0.7253676025186117,0.025399943448687533,0.68789293068704,-0.6674815118362923,-0.21831045183870243,0.7119051748475489,0.16825656769689268,-0.975548763256243,-0.14140133640130814,158
3.659285338150702,3.2590547657703683,1.2206329833914977,0.7658133790831025,0.012431958108178804,0.8846153846153846,-0.5030052181225312,0.7967417777980758,-0.33494520455242627,0.516486655508334,0.5878314192120164,0.6226521960685615,0.6929843325958536,0.14020257522010238,-0.7071887673587097,159
2.787247649277338,2.347095557341698,0.9937188525238658,0.5709389765758949,0.012809411050348144,0.8153846153846154,0.6092614912211013,-0.42368959730562333,0.6702891618175237,0.7551940864484964,0.052238000414467974,-0.6534164698765399,0.24183119548201595,0.9042999040405217,0.3517944804058788,160
2.5123726021192994,2.01916186684738,0.7864077594823728,0.3280155585771837,0.012169388361761313,0.8384615384615385,-0.48212235689603383,0.7392851326724359,-0.4701228835001677,0.5210592047831158,0.6733460387186581,0.5245020660137368,0.7043119607757633,0.007912316436439165,-0.7098465025319272,161
2.161837973821956,2.161622194102579,0.8587000793424365,0.7238568628298165,0.014180083798739184,0.8653846153846154,-0.6111148744489516,0.743862828691925,-0.2705673711253632,0.4589172512619192,0.6114770289396946,0.6445857581216703,0.6449291175946754,0.2697479104080916,-0.7150541924281135,162
3.8312692845636627,3.016518317317594,1.2270070215926112,0.6149852236061448,0.010089189068483306,0.9,-0.5000562357216783,0.69930142886735,-0.5108045347292328,0.5608268027620671,0.7109542966188543,0.424284439289102,0.6598613933391944,-0.07430679446236962,-0.7477041138559988,163
3.3516914884941427,2.6610718656266465,1.1886164854879686,0.7300032629925799,0.010264155449959894,0.8846153846153846,0.7442210472672027,0.06448938796432281,0.6648128696441541,-0.6633517894667026,-0.04501776254588721,0.746952344173767,0.07809888741737284,-0.9969024625786362,0.009275984520219535,164
3.0255226149185894,2.3312015452694212,1.0160327151509911,0.4110146127694964,0.010205743095462603,0.8961538461538462,-0.5785003854646776,0.6730985870118577,-0.4607337584547719,0.3250234835755457,0.7082850632607757,0.6266514216740404,0.7481290257312814,0.21276879781659666,-0.6285160296556038,165
2.2401916445776213,1.7415731663854652,0.7776905837928675,0.5068556312638697,0.013331659299922067,0.8576923076923076,0.39624573278755054,0.5693247474255796,0.7203184373709013,0.8400745292558993,0.09176568501726466,-0.5346530130362974,-0.3704917064431215,0.8169751471263443,-0.44191345808286,166
1.8684791289185583,1.6571042332665769,0.5661020268067711,0.40892867634371755,0.01460570146597683,0.8461538461538461,0.7902950525231791,-0.08526669970845764,-0.6067646330153177,0.5280539382639836,0.5970748353884675,0.6038714095150818,0.3107937712395192,-0.7976410413630071,0.516890704977421,167
4.064449689857178,2.53564957658834,1.3883265340718673,0.3618113740069274,0.009227356851718427,0.9307692307692308,-0.5625910049272947,0.7169229166684594,-0.41171943448237414,0.3846512537623032,0.667807054785617,0.6372418305146393,0.7318024146953774,0.20013812513898813,-0.6514675407968273,168
3.353260566468935,2.802035978080425,1.0313861663510493,0.8494877098164565,0.010006307050503638,0.8384615384615385,0.7924960882111208,-0.598529461144546,0.11710010380905186,0.47524637685994436,0.7263947455190937,0.4964791586398637,-0.38221830339685087,-0.3378063910352652,0.8601139521738745,169
3.5202176421581983,2.668918421126537,1.3116424403191262,1.046541969147725,0.011018777939257467,0.9038461538461539,0.7715607270892929,-0.6218928690922988,-0.13395261768846048,0.5890450438336502,0.6188830363045945,0.5196245988301738,-0.2402498298614486,-0.47982605884482243,0.8438287578087098,170
4.424431210069592,2.121312437477796,1.1449219411401539,0.25754195541670355,0.009855307006199717,0.9038461538461539,-0.5662249509231259,0.7258174886032984,-0.3906126958890411,0.20114912184031283,0.5812512377129351,0.7884706902859814,0.7993299292125715,0.3678803771537452,-0.47511650399690764,171
2.0435066322663267,1.8079655589441557,0.7673539300662522,0.4413981107249026,0.015022394615824318,0.8423076923076923,-0.38599204454287084,0.7454312086292646,-0.5434541882726899,0.3492862774621015,0.6633441293499732,0.6617957860500427,0.8538203780223814,0.06562681813435639,-0.5164144486894977,172
2.8137763409351733,1.7210434556307617,0.9232342752347961,0.30450480459329354,0.012456992443709533,0.8384615384615385,-0.3487502931928363,0.7807310973056856,-0.5184902956640277,0.5649997358004998,0.6165326332338531,0.5483272842956994,0.7477623496427701,-0.10171757890154179,-0.6561288003122043,173
3.3659105861384737,2.3776592307273554,1.1550380620465002,0.934989150688431,0.013149665598713027,0.9153846153846154,0.8615132115379674,-0.4442286937504399,-0.245877721630723,0.4891700330019445,0.5964421903979268,0.636372054953861,-0.13604287985195668,-0.6685189460008604,0.7311461917287712,174
2.150724510439133,1.9795936143663677,0.8032466042455028,0.33658669493042287,0.013420029655808961,0.8576923076923076,0.7746597946191083,-0.04072778954077256,0.6310653292328803,-0.6228839224272404,0.1231314283242817,0.7725634411104876,-0.10916877659082061,-0.9915542842012961,0.07001628167589796,175
4.10911410195595,2.1947552263737933,1.055313137932225,0.6052899757192862,0.008409705839988804,0.9153846153846154,-0.36346007631654087,0.8056244948142186,-0.4678311087126524,0.47724959670650574,0.592290886895032,0.649172032472575,0.8000809930047408,0.012675908505175276,-0.5997580561994282,176
2.933136607719836,2.2394257924738934,1.1072011899655627,0.5316422867682983,0.011312947945346413,0.8576923076923076,-0.5560896614286768,0.682397482553085,-0.4744449011817408,0.4654084736605805,0.7286270815362894,0.5024913220114734,0.688592216843226,0.05861955183316947,-0.7227755578641339,177
2.085937353854159,2.0859373538541583,0.7440828182045499,0.5878437954325041,0.01669720967619717,0.8461538461538461,0.8434248716207908,0.03050479043683824,0.5363804094967091,-0.5111987757106972,-0.26153813224868594,0.8187023983669238,0.1652582755668745,-0.9647109738881763,-0.20499375409116627,178
2.4101747090594934,1.456273231295826,0.6653519015289437,0.1857660080487377,0.015372243855012256,0.8576923076923076,-0.4219204561239148,0.691000361324669,-0.5869426116353834,0.7615373265915203,0.6214092481999539,0.18415060808861924,0.49197970376025457,-0.3692817987672083,-0.7884078412771065,179
4.060168498080064,2.8858279326497636,1.3323177599821692,0.6851078977903662,0.012309689837230804,0.9038461538461539,0.2974584859528062,-0.4558146001384706,0.8388989804709923,0.8409219444915425,0.5411405351337777,-0.0041478316856095035,-0.45207160097403554,0.7066823696228278,0.5442713441446624,180
3.180515849326479,2.510119449182345,1.0298323893133126,0.9642402238958109,0.018990755526238065,0.8807692307692307,-0.4468723717352274,-0.22761129678371794,0.8651578936565089,0.6257991701294733,0.6115507327350888,0.4841292182428557,-0.6392812229723279,0.7577590638637127,-0.13084616573440136,181
2.3784214391499994,2.0432281048814778,0.7580854186517968,0.39494041174986655,0.014030949955481526,0.8615384615384616,0.686682898788849,0.3528007618891096,0.6356085422029878,-0.6878215899451486,0.032304519263331055,0.7251605880358454,0.23530417955546676,-0.9351406527606578,0.26484694190815156,182
2.543821310940623,2.1604962889128436,0.7332235665809173,0.5280441009449879,0.009779262019091314,0.8692307692307693,-0.6240688231297481,0.6796092530582762,-0.3855766683229459,0.3974790301925021,0.7009620828125008,0.592167695012476,0.6727172694042269,0.21629475633203094,-0.7075790088948288,183
3.1960462816681994,2.6270843175635252,1.1708756204849922,0.6682258629849297,0.04536255437675397,0.8038461538461539,-0.003363257786856534,0.2714615808017363,0.962443400229687,0.8753912297368215,0.46605294789649454,-0.12839332014105256,-0.4834034375104449,0.8420826918454088,-0.23920254325043383,184
1.850710898583217,1.8506991280299294,0.6412289117288823,0.4684570276948854,0.015488716237093834,0.8538461538461538,-0.5672415484951013,0.7510468821683983,-0.3378840133033933,0.5006245193552845,0.6402302592709506,0.5826493849084043,0.6539205733735329,0.1613499175673158,-0.7391576880611137,185
2.7956009983998453,2.0033825979362527,0.940109566468947,0.6541362314662478,0.012250656818609266,0.8923076923076924,0.5699156148829226,0.5180683410118988,0.637809835259538,-0.7013304583369484,-0.09778077691750403,0.7060980865816697,0.4281726055243446,-0.8497317892762328,0.3076103154510683,186
3.825280954862542,2.8943342491228936,1.4690833677968136,0.6812981894361952,0.00801259392902461,0.9076923076923077,-0.4576264457779704,0.7866903175629274,-0.41436261942574254,0.5145543140148047,0.6143747109080782,0.5981451099234777,0.7251288809952174,0.06051494732176396,-0.6859490120244128,187
3.5998519244690454,2.934057020845857,1.3932145728396326,0.6837061733328502,0.008849296428432902,0.9038461538461539,0.7019206609601909,0.22599747375770374,0.6754498705102733,-0.6917666215749072,-0.009509196290302665,0.7220585270327826,0.1696063884175592,-0.9740814735128929,0.149662807560541,188
2.414245127598685,1.9499758814300898,0.8882350713031979,0.5468468889231672,0.014297712361284399,0.8423076923076923,0.8245442529203421,0.3119479072224771,-0.47203313247647344,0.2875348994684729,0.4874889055250371,0.8244260115848218,0.48728888409616966,-0.8155017291027152,0.31226026527048145,189
2.8586416426736925,2.38929033064713,1.124480996398549,1.0284103292331988,0.010810660789105413,0.8615384615384616,0.5242687107501781,-0.40270967067341734,0.7503114287244024,0.6937396786031842,-0.3089848533818549,-0.65057944842436,0.49382950221700705,0.8615992580815641,0.11738458677953284,190
2.7587488155076882,2.1964628712327463,0.9201732797754821,0.36081510006746553,0.011777300587366604,0.8730769230769231,-0.5006915024897971,0.7257377746112186,-0.47181850518696866,0.4740813210314596,0.6859493146953776,0.5520148899422987,0.7242616380725793,0.05270882441582289,-0.6875077159167935,191
2.159648798311092,2.15961474835999,0.7469257037059852,0.784646757024744,0.011840841700506033,0.8730769230769231,-0.44291686581180056,0.6907354721916565,-0.5715847771202631,0.5609451645073606,0.7108304284425649,0.424335509256496,0.6994034403656175,-0.13268236301908756,-0.7023035085690584,192
1.7618833570599104,1.7618833570593644,0.6378041345277522,0.4593644036002831,0.01693351284181219,0.8615384615384616,0.6626980870667796,0.6179569875284908,0.4230371224405061,-0.23937572811334348,0.7100452060786827,-0.6622198019652447,-0.7095988346863584,0.3375869767769394,0.6184695036316412,193
2.2704906346985974,1.9676675020371697,0.7328705940673877,0.28377214505875786,0.014060287985135974,0.8846153846153846,0.636472348223804,-0.35420581476792473,0.6851577852809287,0.7041695780398066,-0.09561684850247089,-0.7035642285148501,0.31471916895816393,0.9302664452010758,0.18856347902824808,194
2.6076562150263936,2.0956651841518097,0.8945315713054176,0.521248361554347,0.011512374289626497,0.9038461538461539,0.36560855568649375,-0.3769260498584179,0.851032982290913,0.8028228713612451,0.5903517695928621,-0.0834279650828314,-0.4709626537509336,0.7137307202837115,0.5184425114659988,195
2.886553238452995,2.084238011147529,0.8985103768925196,0.44672370959810787,0.011746690439513194,0.8538461538461538,0.7781283770672991,0.006451835725814894,0.6280721317001562,-0.6233595955316372,0.1306206984078439,0.7709481485846379,-0.0770651896853885,-0.9914114216425058,0.10566148577197325,196
2.1591405144532283,2.1034080843559617,0.7680437056633324,0.24782290711780003,0.013046466540435247,0.8384615384615385,-0.5372187614543298,0.6877873157614015,-0.48820550039834876,0.53611251664847,0.7253035937111684,0.4318773743118624,0.6511369839245196,-0.02972045133221768,-0.7583780870636292,197
2.4018716134429337,1.872028282323706,0.8522808082362385,0.3689503314005461,0.013335934157178753,0.8346153846153846,0.6422111453688506,-0.45194248081444477,0.6191226363163556,-0.6694685641995324,0.06268241589269806,0.7401910268886482,-0.3733318715468126,-0.8898420695680442,-0.2623059376266848,198
3.321251551261189,2.795922027178031,1.1269189812999372,0.590348085178927,0.010325573692022362,0.9076923076923077,0.6505967354181257,-0.5776184456082418,0.4930322698935598,-0.05723323177815736,0.61007939594458,0.7902705155983767,-0.7572636562278063,-0.542365247722432,0.36385669297057044,199
3.3665173734605394,2.881817974226535,0.9594049262877282,0.6820413655985175,0.007328244672784723,0.8692307692307693,0.5221052306202772,-0.4608227761122231,0.7176687935079602,0.8413647393330217,0.4161048354367594,-0.34490888845204326,-0.1396835837384758,0.7838999521255067,0.6049705459703018,200
2.9588494090422217,2.9588494090422217,1.2903305283022009,0.8575585190449765,0.02075328370022115,0.8307692307692308,-0.5033733585219118,0.7883252589047723,-0.3537775404164242,0.5893109661392832,0.6126475470108642,0.5266645690850632,0.631923925103612,0.056623928813661434,-0.7729591732862415,201
4.171122138017387,2.5056410805410345,1.104316333882689,0.694209694088235,0.007148858424974414,0.9076923076923077,0.6572452263199222,-0.6465930394762772,0.38722881321061803,0.2380548866684234,0.6655843161147736,0.7073382423390617,-0.7150934088725461,-0.3727129719272709,0.5913767472129616,202
2.063907125435618,1.557164158593395,0.6231589745019709,0.3653291172870029,0.015061251826392355,0.8730769230769231,-0.6797244942412595,0.7146587112405598,-0.16503799070652253,0.5160849699999561,0.6258919814490076,0.584735437012312,0.5211822288495727,0.3122853727055069,-0.7942587300908781,203
2.2491311004912644,2.160801838959082,0.8659573993997863,0.6973951902562416,0.013234735122769748,0.8846153846153846,0.5502164507114081,0.24591198205943635,0.7979906982203114,0.8172797912261948,0.03735823209273268,-0.5750287865387027,-0.1712179903509211,0.9685719692281545,-0.1804237794906395,204
2.321566506910887,2.093943859955963,0.8768386639419696,0.6104319627182894,0.012680475304607213,0.8384615384615385,0.5251257574693106,-0.26687363132526704,0.8080973974376778,0.7329476241519522,0.624369467074712,-0.27009359273194306,-0.4324704834925632,0.7341261700062909,0.5234768833669764,205
2.5189160767442003,2.5189058991986264,0.9435368024401495,0.5473743226740923,0.01315009920178839,0.8807692307692307,0.555403508898233,-0.48374978425348075,0.6763971381801088,0.830762621035563,0.35884979558164876,-0.42551179972020814,-0.03688373345598328,0.7982562060176669,0.6011876743252711,206
3.7771006272286707,2.4532350951762827,1.064137005870549,0.5872770664503563,0.010376647802408259,0.8653846153846154,-0.4828147916784404,0.7524788484197207,-0.4479569841150323,0.4276193921135767,0.6489784446069494,0.6292603864251745,0.7642195577351574,0.11226112914306421,-0.6351109402762677,207
2.7453642179139335,2.133865090306191,0.9845551386940683,0.4755889308164899,0.010898521866876005,0.8846153846153846,0.6213995379531716,-0.024649614794339053,0.7831060022258005,0.7739574639458853,0.17478268177186038,-0.6086385283196344,-0.12187066190859346,0.9842984357618005,0.12768763104871989,208
2.15745206014684,1.8221592202188337,0.7379925909707478,0.45446656989061407,0.014080504106866046,0.8269230769230769,-0.359359741695966,0.7202804137315865,-0.5933436623432184,0.4938677026459568,0.6862695884083196,0.5339744790803025,0.7918050696550342,-0.1011443405264481,-0.6023408952147085,209
2.662672189014215,2.6149531253044027,1.047286968927824,0.652326291014277,0.01197030436958707,0.8807692307692307,0.4615107925600223,0.6063475191916607,0.6475727560056389,-0.4826844399212129,0.7840820716875598,-0.39016795911003427,-0.7443275621717667,-0.13250656900041982,0.6545368510352736,210
2.7493723713432203,2.1655717159089503,0.8930984032136937,0.4076034397102303,0.013388342800580736,0.8653846153846154,0.4995169419520376,-0.31786839927572175,0.8058799572174351,0.8141068180578693,0.4902667401255222,-0.31123722836187984,-0.29616365998308414,0.8115406362398521,0.5036753738638013,211
2.5005724832766876,2.5005724832766876,0.8942042907023071,0.8763953150354433,0.017429171668406556,0.8346153846153846,0.26784444941427427,0.015470500601091577,0.963337954473463,0.9611637708616084,0.06473263520321186,-0.26827950261386285,-0.06650982259078732,0.9977827166025677,0.0024685923402773882,212
2.7886985407562825,1.6566458236887387,0.6912980549875969,0.22793396041971273,0.010670289370665454,0.8692307692307693,-0.4835126663201187,0.7931928689368904,-0.3702169285374109,0.5695343483947347,0.6062470686339866,0.5550631655688235,0.6647150724232108,0.05752881400101298,-0.7448787203652969,213
2.654691393966603,2.2867076089404206,0.9846114941763829,0.6171415450020193,0.015576211551756178,0.8846153846153846,0.7771839341465554,0.208882630282911,0.5935934461149107,-0.6091766130358613,0.013250798499377485,0.7929238743216687,0.15776243733740672,-0.9778509411486096,0.13754472094609524,214
1.8187475022095139,1.5672456510858694,0.6406836300310564,0.17763553670364313,0.01724838064093291,0.7692307692307693,-0.47935234248401165,0.7499835462289107,-0.4557916323727304,0.513963611375747,0.6608680098980322,0.5468956753120422,0.7113808670021222,0.02789540964606757,-0.7022528805095691,215
3.227971808492152,2.6260904866392183,1.1832108478925771,0.8474035709763749,0.01541653454836234,0.9076923076923077,0.22019400610814502,-0.420522693572121,0.8801563860274458,0.7693130195421319,0.6296162032618546,0.1083555007975794,-0.5997266691060299,0.6532565351995913,0.462151297284787,216
2.842410886586087,2.842410629709111,1.1699476316997688,0.7291567619710141,0.011789665966591584,0.9038461538461539,0.5796994119576463,-0.5259218427120941,0.6223783472569356,0.3026573079910654,0.8481453738364855,0.43479647969983576,-0.7565362818104369,-0.06368390847053687,0.6508434635965517,217
2.5035745181382683,1.9774723814896458,0.7757170555921665,0.7821597067284111,0.015210450648254239,0.8576923076923076,0.6354016563243295,0.014988232746579186,0.7720363255828272,0.7519329499875909,0.2154514847575276,-0.6230389204846966,-0.1756746249839682,0.9763995138235739,0.12562808420823318,218
2.1287693227969195,1.9299939173771157,0.7181685808121485,0.5460009553974854,0.014766000614794906,0.8038461538461539,-0.5091248403967722,0.700177750719252,-0.5005427197439697,0.47279368939235716,0.7134717408628821,0.5171307400076423,0.719206523998305,0.026630666304419487,-0.6942858081874194,219
3.136869937943343,2.6170300777340554,1.1821641437273487,0.5668619538907743,0.01167507087237671,0.8884615384615384,0.6180182474940006,0.45997296459740294,0.6375565211053217,0.7261419220558747,-0.02319660770413974,-0.6871534227696318,-0.30128284849530385,0.887629871754267,-0.34834157944761523,220
1.8244657879028559,1.4830849296245041,0.5192794788470808,0.2704992378005433,0.011300259033777548,0.8769230769230769,-0.4022954914515317,0.7902490941702364,-0.4622387983725418,0.5862928143434669,0.6101632547248682,0.5328804166347011,0.7031493962217329,-0.05663189690162582,-0.7087832918786503,221
3.180951651750589,1.9000778179498041,0.9634702855443227,0.4556043426117341,0.011796652279666973,0.9,-0.5183176950858186,0.7365176193341724,-0.43461311918906415,0.47245218517025017,0.6702247677308801,0.5723527701059403,0.7128363765190299,0.09132665071276266,-0.6953587154705181,222
2.7434380401509473,2.476239734869784,1.106051147873663,0.6666892592744358,0.010073955216122739,0.8961538461538462,0.6028816917621342,-0.5543330659603367,0.5738018104895103,0.7930180760550177,0.3374804018337633,-0.5071777887764013,0.08749855306246573,0.7608034111129724,0.6430568970556496,223
2.5087368731558857,2.031052180860268,0.8000166725524055,0.5517161246269705,0.01351271108416713,0.8307692307692308,0.6171849524338074,-0.5339830185479904,0.5778796331344923,0.7422281438951446,0.15138744888933595,-0.6528240365739816,0.2611132262051222,0.8318316994567803,0.4897712801702417,224
2.5824111736212307,2.0489903091151986,0.968537744562032,0.7898120000693147,0.01277872861036425,0.8692307692307693,-0.5854502298327147,0.041493548087167736,0.8096457953055519,0.7387797999710745,-0.383948511163922,0.5538844174823001,0.3338449273892309,0.9224217182190291,0.19412814894891878,225
3.0059284618163766,2.052048373031589,0.9540262551899223,0.6968616814824905,0.013514913437194478,0.8615384615384616,0.6745552398231459,0.5804841747703635,0.4560848071009474,-0.3835040692711285,0.8034553974107137,-0.45539439305296403,-0.6307930383886808,0.13227829456400714,0.7645930914595124,226
1.8351988805486088,1.4206235846975317,0.5423012656935822,0.4714649092341259,0.01796611109138164,0.8192307692307692,0.783957378536258,-0.2712422977621485,0.5584249676933045,-0.6107370101258704,-0.1755454113277409,0.7721295960033436,-0.11140526514070478,-0.9463674891216858,-0.30327783043349055,227
3.466663939607794,2.5183446084452834,1.1284879280363533,0.41108715196789664,0.011515818382898212,0.8730769230769231,0.6528597284658072,-0.36899324785895765,0.6615271407750783,0.7281059732079783,0.06485758693837279,-0.6823893208392069,0.20889199775581443,0.9271663693485809,0.31100909443705266,228
3.9073490145897063,2.423337060955651,1.3742871495863145,0.8746225736076162,0.010437954651625201,0.8384615384615385,-0.31500098066598947,0.6711917593257161,-0.6710260832432038,0.6790319715140605,0.6533451335895568,0.33474724506196074,0.6630912183411821,-0.3502024537722348,-0.661565021392994,229
2.304911230662705,2.077938269239188,0.8925913224568927,0.6683272077750297,0.012379184136429106,0.8615384615384616,0.7971596206470417,0.054421708725965655,0.6013109152752931,-0.6037682747589508,0.07079759535251731,0.7940098052838526,0.0006400034880065103,-0.9960050090795968,0.08929508544084588,230
3.8932552223976957,2.4014521442579273,1.3704316087487483,0.5935947692040214,0.009507301873782611,0.8692307692307693,-0.5199976654707827,0.732429355642375,-0.4394879599013281,0.514878431454351,0.6793123128005555,0.5229101093884756,0.6815442969668539,0.045629164696010444,-0.730352894566114,231
2.3690721977708495,1.996161125007318,0.7998650526265242,0.7603288381433665,0.012877741664335215,0.8307692307692308,0.5585397193985275,-0.38414484769905616,0.7351640074435657,0.7975551402776524,0.4922270970417868,-0.3487381297686126,-0.22790168948673548,0.7811179302282623,0.5813050825556295,232
2.552396944752468,1.9600956307032082,0.822068303030624,0.4152903058046644,0.012125361640030044,0.8269230769230769,-0.6313496704021401,0.661656983494123,-0.4044844000410485,0.2535676894905667,0.6690412211249234,0.6986324293089228,0.7328717626771581,0.3385171792230481,-0.5901737869825685,233
2.9976912540108027,2.227983259096397,1.0704217726972436,0.7065393103804322,0.013545150313990104,0.8692307692307693,-0.6674855325913938,-0.10567918575962001,0.737085458734852,0.5832700235010586,0.5411354803877707,0.6057792267407088,-0.4628813492313748,0.8342687226323904,-0.29956060316914457,234
2.8533169479386205,2.405973559047754,1.0856444729703247,0.5904013327729598,0.010990553685630363,0.8923076923076924,0.5560472613281011,-0.5768476641840965,0.5983796583231005,-0.6067815421709016,0.21026518367460068,0.7665537897727652,-0.5680031718663381,-0.7893258673448111,-0.23310313573639657,235
2.234360747979389,2.0373293944799378,0.772082979303617,0.5916802131072857,0.014036983742769077,0.8653846153846154,-0.4746038815822914,0.6788280300273949,-0.5603067563720328,-0.2221843699805678,0.5235598966898365,0.8225078360200989,0.8516955214883781,0.5148568152673654,-0.09765858103303318,236
2.808556055156663,2.4424373239672734,1.0691416929743007,0.5406251762818547,0.010594186121365829,0.8807692307692307,-0.5573923982138688,0.7108678870334486,-0.428929553187924,0.08810320821923295,0.5643540723732673,0.8208180710103716,0.8255613478808649,0.41972768336185445,-0.3771964113095728,237
3.5786718727642035,2.5920903255856014,1.3383072666015654,0.5129356966200052,0.010128183877638438,0.9230769230769231,0.5702316716844309,0.7727285970568103,0.2787944689167869,0.41830903601339003,-0.5652187536898543,0.7110170960439954,0.7070031053662551,-0.28882222173493094,-0.6455449893187699,238
1.7417818026449128,1.1353203603018398,0.4232286324568663,0.1330171161778345,0.011197136148261691,0.8076923076923077,-0.43178744264195495,0.7940208785979666,-0.4278906971730443,0.5530765907251578,0.6078182246271111,0.5697923223447146,0.7125067642967027,0.0093728417067665,-0.7016026373024713,239
2.8103209680410504,2.810320967800151,1.1033859015088174,0.22540767945481646,0.010799001209635109,0.8846153846153846,0.5923403813453088,0.5611273625128396,0.5781599741136344,-0.5692548254416342,-0.21634303564378746,0.7931863807705257,0.5701594657103473,-0.7989566784049151,0.19127574256312832,240
2.357278661294693,2.214871352840106,0.8315724698911072,0.35784486658517956,0.012891029720510247,0.9,0.7012021820181137,-0.15846200934557755,0.6951296940335655,0.7091762553695273,0.054672999370403416,-0.702908174628734,0.07337941641285546,0.9858502192189269,0.15071432086202957,241
3.3072297795697745,1.8647830572101978,0.9649879334401322,0.5425158712827363,0.02462677335448513,0.8,0.9142555172644967,-0.40454317103591003,-0.021947025302715768,0.28824028713697314,0.6114350343452234,0.7369292609514504,-0.2847005198847079,-0.6800676595335687,0.6756134933776199,242
2.638216775064206,1.6938097543355504,0.832631697166588,0.39654942892246764,0.013830307439034665,0.8653846153846154,0.8559453174120855,-0.04343577814558518,0.5152387279477465,-0.5076752866330623,0.11845456554515942,0.8533664624553425,-0.098099016011184,-0.9920089964704932,0.0793393595842721,243
3.038732197900467,2.6011656294028955,1.1365465223035998,0.9128957205181263,0.010839837643524159,0.8730769230769231,0.6343048829181283,-0.06869576055870671,0.7700248099817827,0.7719125583782901,0.0014901189720419351,-0.6357269710837602,0.042524319207985016,0.9976365430489753,0.05397231002270888,244
3.264203782397304,2.9628719196174127,1.130381348321342,0.6130878275752636,0.011171925536834671,0.9,-0.4579443293432898,0.7569177498171011,-0.46622152592318256,0.5269185384649308,0.6535023694653591,0.5434073121748939,0.7159915118521348,0.0031895320938383487,-0.6981016987808557,245
2.9926192933374725,2.289595094440907,1.0940491715600569,0.7018070676783452,0.013243353736107917,0.8961538461538462,-0.545605124799763,-0.38378349698516295,0.7450001847208324,0.46867328016013987,0.5972279724464122,0.650894849719586,-0.6947376513880401,0.7042932460058003,-0.14598157203716866,246
2.5559591235278716,2.1695979178967133,0.7767239904207446,0.4953392230931933,0.01360687217774833,0.8846153846153846,0.7002642123090902,0.25647480891109764,0.6662212135268176,-0.6919981817557259,0.014562182937863457,0.7217523531481236,0.17540966166633715,-0.9664412114671541,0.18767747699711065,247
2.175544904536792,2.1755063062705995,0.735063770217927,0.665426044064907,0.014534920429358139,0.8576923076923076,-0.5479060999904752,0.5993607449519075,-0.5835799885225005,0.22290452516344922,0.7769922291745383,0.5887245947504138,0.8062955278648669,0.19248317644167315,-0.5593190042650429,248
3.5416320878732686,3.3540327056314236,1.5182007861384352,0.9023001673606106,0.008020403320033872,0.926923076923077,0.6194399854377427,-0.2400250680656189,0.7474503803872096,0.7521332258122048,-0.09133578068341816,-0.6526510444305422,0.22492157537732183,0.966460419193174,0.12395379406350655,249
2.6584404102434727,2.427395663433826,0.9813954530812249,0.6506487415198712,0.01157997443975424,0.8884615384615384,0.45945139657919665,0.5905285169010881,0.6634609897409395,-0.15355233151636224,0.788532439854812,-0.5955151322867508,-0.8748291808503617,0.17173427736831814,0.4529693613363564,250
1.9400591381222512,1.339183135092235,0.5406279213825927,0.36804414963996707,0.015014521088582497,0.8269230769230769,-0.3845559792016577,0.8242743829457406,-0.4155579869039613,0.5878915467870498,0.5657645341148244,0.5781816506550218,0.7116882941826318,-0.021959816876609695,-0.7021520763810084,251
3.577923623526097,3.300138543016064,1.5045614284459754,0.7421682646992072,0.007682516612881932,0.9115384615384615,-0.4409840322293521,0.7693615605388358,-0.46218597175161974,0.5659052357296139,0.6380467699704518,0.5221566656704513,0.696623533547749,-0.03129070941223172,-0.7167541726505172,252
3.3601465631079828,2.563813858691285,1.141353923694549,0.7095379465823105,0.010804020819544104,0.8653846153846154,0.7525518770548443,-0.4273581264511209,0.501029643930794,-0.1888277150716421,0.5888428607615581,0.785880512133344,-0.6308801521383068,-0.6860241373933806,0.3624377416213918,253
1.8927815161544312,1.80771350545129,0.5443721978586505,0.35326531762071656,0.009156663145705618,0.85,-0.568625321664811,0.6814139416102755,-0.46080395369477717,0.12439809408323466,0.6249719163310613,0.7706719262993427,0.8131361249815734,0.38090043840435384,-0.44014145257328585,254
2.0090792421826,2.0090792421826,0.8002968179662227,0.5041333183789268,0.0791798492647412,0.7038461538461539,0.9736893595232223,-0.17964751192945258,-0.14019915338123265,0.21744920802366716,0.5484671759671982,0.8074029965367026,-0.0681533057242063,-0.8166459014432901,0.5731008624794934,255
2.604585443200294,2.212759227519348,0.8971793561535347,0.3464306581066939,0.012278145451958936,0.8769230769230769,0.6484694726733161,0.41212928157465856,0.6400287480102335,-0.7031399634119629,0.0021193378056020363,0.7110483107780294,0.29168739236349356,-0.9111229135940009,0.29115889383661936,256
2.483274708551738,2.017451669105531,0.7588312618221513,0.4434068587393597,0.012788904425431662,0.8538461538461538,0.688157849460976,-0.43458795671085465,0.5810095370190829,-0.1909570014605281,0.6640608698584691,0.7228821374996185,-0.6999815696276929,-0.6084048561646248,0.3739910870286266,257
2.7254909391208284,2.3542865104591275,0.9717092235447812,0.7636137462794965,0.012421743459066234,0.8961538461538462,0.5022026426682102,0.2199361102754621,0.8363137049540476,0.7506715568699189,0.3692234290157231,-0.5478743224247359,-0.42928396126987795,0.9029408435012625,0.020325199474319156,258
2.435252994695214,1.9069741940602578,0.8557850708018664,0.3380805807027406,0.012924605413161507,0.8538461538461538,0.4173090220400679,0.5256567586610474,0.7413084055896868,0.7746664782066941,0.22072118059257834,-0.5925993654912701,-0.47512632811369204,0.821563833497909,-0.3150997299608817,259
2.2559235522081424,2.039940380785731,0.783800299887943,0.6207022498698087,0.012119874324759587,0.8576923076923076,0.6347147214263643,-0.622896516985579,0.4573151555895422,0.5794237299488009,0.7751939146252685,0.2516794308245532,-0.5112781665364481,0.10523461338925658,0.852948012816691,260
1.9506840007354804,1.8904197751162517,0.6935050345863107,0.5307218054676005,0.015609973520237864,0.8307692307692308,-0.5504108295470914,0.6485058137094148,-0.5258213844095468,0.4198362155034877,0.7593735323127302,0.4970808692502618,0.7216546756371718,0.052839833534717134,-0.6902336424161254,261
4.197352054030172,2.591200085335694,1.098063954323789,0.9403491221839029,0.00748912316206944,0.9115384615384615,0.65328721552716,-0.46290632574176527,0.5991106305324827,-0.6842116998101251,-0.022180324315602132,0.728946076919407,-0.32414528204450155,-0.8861296557510723,-0.3312160463002618,262
1.644281279289165,1.161378321036035,0.4596239310794851,0.16176067658675297,0.016288463835720357,0.8076923076923077,-0.5773436167067729,0.7344565496870353,-0.35671827100634795,0.5260990352064936,0.6687283398343363,0.5253781615724135,0.6244150489880425,0.11565458972400433,-0.7724829205057111,263
1.9811895154964163,1.8506093086261513,0.7517576745480499,0.20227766836864897,0.015138659865718296,0.85,0.596407892740503,0.5551621279775846,0.579734971462161,-0.3659069298926274,-0.45480060674769984,0.8119535249991073,0.7144296635312566,-0.6963845344070502,-0.06810900164656197,264
2.9125913396268746,2.4692363172460077,1.0533943212906456,0.5144562728914598,0.012010124395063564,0.8807692307692307,0.6301337891778992,0.4617602583261118,0.6242666670317304,-0.5920975718636975,-0.23437993351994152,0.7710295144521392,0.5023463676880887,-0.8554785272546532,0.12571641212185963,265
3.084807210722983,2.095769045363281,1.0916236454594097,0.46866112575883795,0.01002303635497397,0.8769230769230769,0.6734953313827078,0.2944935141069831,0.6779952866758123,0.7072396296215907,0.010031241436808697,-0.7069027376435543,-0.2149794057541604,0.9556008289783746,-0.20152148956732,266
2.738511926841023,2.1634639849001855,0.9377062949420072,0.3549626518248213,0.012291718415304563,0.8423076923076923,0.6521428452728122,-0.41378071994484306,0.6352127400811547,-0.6510353092961477,0.12361937117124065,0.7489133976107626,-0.3884105243285129,-0.9019444366883997,-0.18876837054362483,267
2.869914896666192,2.3712766057674934,1.0902590561412437,0.3856273021189947,0.01017734930209332,0.8538461538461538,0.6356460740789392,0.40633838421865576,0.6563864608739304,0.7286116067058398,-0.03480622722922988,-0.6840421427950196,-0.25510624273342725,0.9130594964495137,-0.31818730468356904,268
2.159326490667456,1.947085479804416,0.8135552553794624,0.3117218371404905,0.01562701809737513,0.85,-0.6821120220700616,0.7312413130671944,0.003054735873527285,0.6205854039099601,0.5766709945479501,0.5313419995643013,0.38677764387488006,0.3643304902294665,-0.8471519037857101,269
2.697129509984079,2.3663266523529387,1.0470477249045844,0.8770411049388236,0.014338013510142493,0.8384615384615385,-0.4639257858720559,0.6448829920235167,-0.6073703909492066,0.49577195086678183,0.7571971507783344,0.42527949349447547,0.7341546417048254,-0.10381908038491372,-0.6709981822712265,270
3.5085434025235713,2.9461963310568247,1.024994087238094,0.7890787242491255,0.008950797223678118,0.9076923076923077,0.13287348208066505,0.6615017234953011,0.7380786594750626,-0.5613426467999542,0.6639596025750665,-0.4940162740558065,-0.8168470301368433,-0.3486733657179826,0.45955175268462733,271
3.250584142236694,2.6475461721805322,1.2401371804113661,0.7686236680948197,0.014640834608614282,0.8423076923076923,0.3407335438256069,-0.29983006465648865,0.8910682265910557,0.8581607678670867,0.4863072174084309,-0.16451561260330663,-0.38400618303071027,0.8207357812503089,0.4230035800907951,272
3.0486675176660882,2.125095998591951,0.9289576407548095,0.8776996803682015,0.01957633329489629,0.8769230769230769,-0.4002097798987233,0.8054882113501084,-0.4370593477428648,0.5071517790115101,0.5918988471519248,0.6264605556503001,0.7633015165181292,0.02906021535063441,-0.6453884866999866,273
1.9187194445725348,1.684060293548458,0.6297290353101188,0.4180007042767379,0.015558574378851194,0.8423076923076923,0.7018520528890522,0.07849952013637115,0.7079841249588741,0.7097296036384692,0.007666672408519,-0.7044324750132989,-0.060725493613511886,0.9968846710991899,-0.05033256354344981,274
2.4140236184166657,1.7829816304900759,0.5972755416727651,0.19372959472797083,0.005619028797704912,0.8923076923076924,-0.44232997218227865,0.7691283545194408,-0.4612870797924455,0.6138052074410602,0.6346265032455378,0.46956614943645447,0.6539016462951152,-0.07543722988391627,-0.7528093127213422,275
2.3707106871024983,1.899763230579196,0.8086468235506263,0.4370046010534024,0.013852032344188461,0.85,0.6534870720197893,0.6299816734365853,0.419616179188842,-0.38952855401518055,0.7552094332432463,-0.5271870802165559,-0.649016295873875,0.18105745793657438,0.7389154516016703,276
3.135258739713222,2.266424674588703,1.1305002545258012,0.46085951563058714,0.010355246699698117,0.9038461538461539,0.286980932487099,0.5634940352860616,0.7746718121797553,0.8792441782526687,0.16604057514226922,-0.44649770706602054,-0.38022574794143627,0.8092620092426528,-0.4477983709203508,277
2.5145533800630204,2.514550703344093,1.0678305388034175,0.7860009073020338,0.011227991912855192,0.8769230769230769,0.6539851482838527,-0.41763817461084873,0.6307787099545017,-0.14991682728912042,0.7457204341463151,0.6491733042818346,-0.741504127243882,-0.5191140425805775,0.42507909861099874,278
2.8729720522373468,2.752681260941826,1.0474191090217666,0.5348043895851317,0.011115321592416055,0.8538461538461538,-0.5352095207093385,0.7470825389420473,-0.3942314662098708,0.34492280740374687,0.6193023156287597,0.7053317650507269,0.7710895057480668,0.2415208518218673,-0.589142302216062,279
2.4438506477568853,2.1963898004936775,0.8574399972548271,0.48263865018553215,0.01316208751659337,0.8923076923076924,0.6311474466612038,0.3133460214949607,0.7095542060944481,0.7521598751577743,-0.02376072333194919,-0.6585521621173102,-0.18949517876633248,0.949341718687229,-0.25068282427061794,280
2.3649380577667083,1.9388971459417703,0.8233544470662721,0.3271430609071676,0.012985538719979723,0.8384615384615385,-0.506053623627354,0.7648952056531061,-0.39855370326032197,0.5560741720248327,0.6425712289583972,0.527146783089674,0.659311189970655,0.04513911921811786,-0.7505139670223941,281
3.1631875003185814,1.9023058129086348,0.8933380842582712,0.4058272731419706,0.012149928993087374,0.8576923076923076,-0.45536190758498596,0.7797786250588354,-0.4296403484566074,0.5397549280685437,0.6255713664325476,0.5633161484685456,0.7080325915847971,0.024612220563523884,-0.7057507264272909,282
2.4214932809800205,2.4214932809800205,0.9459826461123123,1.1358393036559529,0.021142761497459698,0.8346153846153846,-0.36137991470680747,-0.28158477505837803,0.8888838910126695,0.6886409200733323,0.562115094648669,0.4580396310022446,-0.6286320389918534,0.7776481433292571,-0.00922630638470126,283
2.7380869839885476,2.7321804790714217,1.1639491251907461,0.36408600016868387,0.009924078110122404,0.9,0.4939286611902944,0.5422372771767836,0.679715538217769,-0.5919572014889475,-0.3628909415830291,0.7196504958119297,0.6368839370404447,-0.7578185137332623,0.14173902420636464,284
2.661752928287393,2.6610044746556305,0.8122291643113146,0.5673602982849077,0.007817329862208434,0.926923076923077,0.482461939372375,-0.6040340441359109,0.6343290554450924,0.8015767634297472,0.5964345983109951,-0.04171884786392236,-0.3531361909894508,0.5285911874619349,0.7719366471097506,285
2.2445363068143522,2.244510213391404,0.8827565021279671,0.6509642198826554,0.013054119630161627,0.8846153846153846,0.6412090566628629,0.2384409562553477,0.7293811459268444,0.7373066594196127,0.07199197883288047,-0.6717112809527747,-0.2126730721765516,0.9684849329565026,-0.12964219609072436,286
2.5714636312910644,1.7994873482041036,0.6532004255357682,0.30099843669236825,0.008773350521513597,0.9038461538461539,-0.47008932786350555,0.764653337514672,-0.44081889394229784,0.5598907724734041,0.6444387486572342,0.5207888460098132,0.6823037056384587,-0.0019931524706609527,-0.7310661260209341,287
3.8158771458587566,2.5834144938518055,1.2645286218754501,0.8283950314004742,0.02822090570122272,0.8076923076923077,0.9006460037272804,-0.434282052510439,-0.015358217259822903,0.330567912690601,0.6617590140966475,0.6729040513782127,-0.2820667138629776,-0.6111252785879123,0.7395703230940164,288
2.7680834816225595,2.6719169249251333,1.0727805454168229,0.7989969744187453,0.014741246758637831,0.8884615384615384,0.8723096665163125,0.22100240109594538,-0.436157981025255,0.22956239350621968,0.6024861046547699,0.7644027741875465,0.4317139715018445,-0.7669213991066808,0.47482061286590765,289
2.962802844051394,2.962802844046535,0.9801369879973767,0.9739234827986224,0.00916764577372479,0.9038461538461539,-0.3924507168831501,0.7826596555228597,-0.48314210997877255,0.49099534314179155,0.6224467518151865,0.6094945563069435,0.7777570365036732,0.0019760494837608167,-0.6285619200981409,290
3.5563129028611353,2.6013083874879244,1.1468079137169644,1.0170841973616478,0.009519273896635495,0.9230769230769231,-0.31605015722702273,0.7898252727006609,-0.525631369611918,0.5942066238168044,0.596696073527576,0.5393257680187441,0.7396152961702515,-0.1418796477303918,-0.6579052965517842,291
2.5878961929113915,2.518802272514318,0.9127624142212518,0.4038664788383254,0.01267990250099536,0.8538461538461538,0.5331175002813159,0.24430350259602773,0.8100009441433472,0.798618329760733,0.1707200031787128,-0.57711649074068,-0.2792749438527887,0.9545525020311733,-0.10409143385528288,292
3.3372700767649803,2.3342768546352897,1.085323593425246,0.5846144880199712,0.011764444630429888,0.8807692307692307,0.7808641883427506,-0.5961508888069501,0.18669557343038629,0.3441065617175001,0.6598987200323342,0.6679254101190097,-0.5213844968416089,-0.457315861385072,0.7204307110186601,293
2.304264759332317,1.7480066715852918,0.6825302164413843,0.554403716021725,0.014593115798562633,0.8807692307692307,-0.5438188236194308,0.5988092820566668,-0.5879528304209085,0.7260712181675709,0.6870426772152393,0.02815929391117953,0.42081073325883467,-0.41158207372004885,-0.8084049253724683,294
2.159483518558521,1.9251485528601144,0.6749009560306505,0.7191201276324254,0.013210973839017355,0.8846153846153846,0.6826511100600102,-0.6472923099219604,0.3391166870705841,-0.22770103805948474,0.2525427438732018,0.9404118245660396,-0.6943628008472724,-0.719190397622832,0.025009453545489946,295
2.3402519571480243,2.340251952090688,0.8566888269455786,0.5357610375817113,0.015704629345684784,0.8269230769230769,-0.535717699469745,0.638500872055762,-0.5525605694029166,0.37227487063047543,0.7659489501670217,0.5241503853238116,0.7579036661554732,0.07509222411188013,-0.6480302390367477,296
2.986857864688285,2.2727180117703023,1.155745261768477,0.5639273407115464,0.01207359992839956,0.8807692307692307,-0.475363600276547,0.7407373333806417,-0.47469743044201873,0.48830121085238415,0.6709608980626827,0.5580084235484387,0.7318410859006309,0.033461563129273036,-0.6806533249611956,297
2.567820427681605,2.1188090541026736,0.8030803399868297,0.612111399095074,0.011134685728028568,0.9038461538461539,0.656392323378117,-0.0329983062519896,0.7536977043847072,0.753874616394908,0.06666108013114545,-0.6536278475946228,-0.028673691176893196,0.9972298692780162,0.06863240673357776,298
3.665142983743051,2.559086394642704,1.347333616667798,0.9967797997103486,0.010079829079440623,0.8615384615384616,-0.3521241355938402,0.8246762389978816,-0.4426259074710829,0.5403247455302498,0.5652627356101643,0.6233195080359545,0.7642367188901364,-0.019675887853470547,-0.6446356311415123,299
2.957718231856159,2.819434793908467,1.0289122633074825,0.7618530884537006,0.009361101750537826,0.823076923076923,-0.5052512982332346,0.6824171135028078,-0.5282310184305037,0.39549620377462524,0.7271477541635276,0.5611050671797557,0.7670096990478616,0.07458570113254953,-0.6372857245797012,300
2.8476330893902295,2.293897489517306,0.9718534579964968,0.8961705659398295,0.014975796724093948,0.8769230769230769,-0.6542760498815978,0.23251136444460968,0.7196258166265569,0.6896296426739319,-0.20709819465186124,0.6939173536649481,0.3103768781606612,0.9502887998793028,-0.024847340445134508,301
2.9811121068858193,2.345632923488764,1.1229099849602733,1.0168232786531404,0.03939702758527921,0.7576923076923077,0.9396780819081404,-0.29339915826910257,0.17584662723072203,0.07809758206415841,0.6845252209614763,0.724793756556563,-0.33302532945283675,-0.66733961053921,0.6661471114913022,302
2.6273784039128727,2.1188919737483736,0.6824263875252435,0.4934474174108122,0.00617322723581446,0.9192307692307692,-0.5107597441102586,0.7433707691829518,-0.43188468752755055,0.4762294644593117,0.6628758059872452,0.5777552795237422,0.71577229687745,0.08941792527847489,-0.6925853403456305,303
2.6324507628328035,2.449674498830121,0.9987486025614964,0.5198482855388497,0.014560201832403155,0.8846153846153846,0.7541113858882064,0.37960207282712916,0.5359274988084823,-0.4948239976609617,-0.2081368249642203,0.8436991605025088,0.43181619818227457,-0.9014329306161167,0.03087786566856837,304
2.261675952660446,1.6799812324069259,0.7497647969325913,0.3030934098254493,0.014404931692036549,0.8615384615384616,-0.4388110273694451,0.7594440410991692,-0.48030160388857296,0.5337736691216979,0.6502902126163438,0.5405629561186658,0.7228627479759435,-0.019167363260343906,-0.6907257485965859,305
2.564533469926129,2.522369265385518,1.0848339508676443,0.9698085021255414,0.011953782170311367,0.8846153846153846,0.5948185843727248,-0.28415961640735365,0.7519602144316236,0.8038094361424767,0.19976276963867776,-0.5603438464323477,0.009013437365481825,0.9377356494607159,0.34723278888571046,306
3.055463585911588,2.476663264551574,0.9672210199381587,0.5327604633487998,0.010959524219850605,0.8884615384615384,0.6280068560049287,-0.576729829339855,0.5224845382979545,-0.6730385084967607,-0.06546589784194853,0.7367044063260402,-0.3906744871261248,-0.8143076323904679,-0.4292744168237492,307
3.063556089102592,3.063481656755231,1.0937790594117156,0.9758892415138353,0.010532274508641758,0.8961538461538462,-0.5166798609209353,0.7062238136412571,-0.484034963989919,0.6001659887731476,0.7019399249228891,0.3835115744266381,0.6106084729502803,-0.09234861582746035,-0.7865297361931584,308
3.6316076812975546,2.612037222765604,1.3892671367751555,0.4180742832473847,0.009097644846127696,0.8769230769230769,0.7312100172214232,0.20635602440625464,0.6501915886154566,-0.6576858714490081,-0.039720056538322446,0.7522443829002323,0.18105580689777592,-0.9776704497425692,0.1066737385149577,309
2.6513487195935714,2.0104672827093775,0.8158723177944224,0.5730988746309826,0.012658836813251964,0.8923076923076924,0.6312463322606182,0.34292757363916804,0.6956498740354016,0.7260679535798976,0.054054552578428165,-0.685495027064271,-0.27267818906508984,0.9378053020662118,-0.21486698356118886,310
3.2286855793980593,2.3604822985540994,1.0463147532416799,0.37253381703486466,0.017530839705198,0.8423076923076923,0.9049970735932007,-0.3621157247396729,0.22327673117457691,0.0446864827297586,0.6028545133688383,0.7965987408802905,-0.4230643154994118,-0.7109420775331016,0.5617632484810052,311
2.320408863561044,1.6405398470542398,0.7416765918117733,0.3690984853816121,0.01310535753313937,0.8423076923076923,-0.4959312424830996,0.784654539214038,-0.3719804522014222,0.5334953246667203,0.6133065430746182,0.5824412612277845,0.6851532246789179,0.09040098623724757,-0.7227674040792191,312
1.951594898145374,1.5278244357851183,0.5891403140741375,0.34557586377829824,0.014149405117269153,0.8192307692307692,0.6707982652499727,-0.2562043307307602,0.6959806234748426,0.733205592472678,0.08796994665741516,-0.6742928500672987,0.11153137004635265,0.9626113594799797,0.24686053571943972,313
3.6354571345157396,2.3697704922556797,1.0938897525803792,0.5359863377661926,0.01191810614290504,0.8807692307692307,0.44047263919160184,-0.5976281932516896,0.66994357729163,0.7171437016642632,0.6831460498055087,0.13789991224945564,-0.5400821838265573,0.41970467863231,0.7294924382385923,314
2.1773013975120197,2.045925447948291,0.7481243536338223,0.7000712937498789,0.013812593053073913,0.8538461538461538,0.7556015907438401,-0.18781015949819782,-0.6275297443584964,0.5978457215058001,0.5892106161765657,0.5435175646306577,0.2676690668392365,-0.7858487092144985,0.5574899791774908,315
2.9099245638489064,2.5527152591319653,1.0506906336682282,0.8988666592413004,0.012165420181298557,0.8576923076923076,0.09967327832652556,0.7218671313988964,-0.6848160937022226,0.25526375797899536,0.6466593976417674,0.7187990242787112,0.9617201523572663,-0.24645378481069216,-0.11981185459878828,316
2.951323935502934,1.8936829698071809,0.9624497424964522,0.5686497323774974,0.013452901637206768,0.8730769230769231,-0.6687072793029127,0.2646554821923791,0.6948295117169502,0.7124735815931215,0.4953304376655017,0.49702027428865747,-0.2126310657904106,0.8274087461875308,-0.5197911086130776,317
2.500518739857899,1.803828188693716,0.8253335534035924,0.3835565217872394,0.013178078869750958,0.8461538461538461,-0.6303384620840538,0.765101078062976,-0.13150575487172428,0.5362592278176326,0.5516125527356485,0.638865895352771,0.5613372104162938,0.33218057139353196,-0.7579951214821374,318
2.2035960750084858,1.7608660200316566,0.7760550730659461,0.47953574880881966,0.01417530599766542,0.8807692307692307,0.6244014282315761,0.3942547442856305,0.6743041250286401,0.7070364105244569,0.08164565651225981,-0.7024482194193206,-0.3319975460979489,0.9153672396262356,-0.2277727946967901,319
3.354294715881528,2.7617029404932065,1.3684236975367685,0.6765632962792969,0.008676393340109188,0.8653846153846154,-0.5272836096761891,0.6377980373454609,-0.5614139814122251,0.5553083351796596,0.7587656870449512,0.34045158986733776,0.6431210211514182,-0.13224332013935974,-0.7542592766626578,320
2.4057486999523565,2.055150535395265,0.8483554542854742,0.4769902308051537,0.012522186596923767,0.9,-0.5094011111778484,0.6846144273639719,-0.5213574529781598,0.7559519354479637,0.6454886639993457,0.10900025660895289,0.4111534740498384,-0.3385963238037894,-0.8463482440953655,321
2.9505160845711784,2.5779296584675753,1.142202860542274,0.5883704250141943,0.010757576765205631,0.8307692307692308,0.5075958014435306,-0.5288371725796691,0.6802041952640702,0.7754994724924822,0.624425539420817,-0.09323794229230785,-0.3754291817650593,0.5748251826572695,0.7270687304940677,322
3.1206345751371116,2.273282055049187,1.1289650871720955,0.3961818387381915,0.015310837924106918,0.8653846153846154,-0.5546515190932618,0.761864033775467,-0.3345517693973704,0.3171657818251897,0.565287157343096,0.7614829588258546,0.7692642973690859,0.31624930637447446,-0.5551745824611486,323
1.9675543870078858,1.7391294776168438,0.6308244542478729,0.5478556074128079,0.014619287751759642,0.85,0.8334159494844356,-0.20786456739352366,0.5120646216711907,-0.5414533423356648,-0.1215838542371512,0.8318928082766293,-0.11066224838893303,-0.9705718355748545,-0.21387888808941302,324
3.164167952488329,2.298231721030977,0.9841573161126929,0.48261788166834724,0.009473445655582698,0.9423076923076923,-0.5109440960092209,0.7622274302264137,-0.39742354656431433,0.41161511129577755,0.6228207909028156,0.665332445152163,0.7546582875091778,0.1763621473832436,-0.6319709345089268,325
2.860355159369689,2.860111692671628,1.184095871636011,0.6414531787612351,0.011211400529604017,0.9,0.5958493543622823,0.41545229161064534,0.6872866507517186,0.7227502599542506,0.09571011882477024,-0.6844498775590595,-0.35013655713466224,0.9045656231307996,-0.24323943925250635,326
2.4573028449676526,2.28067562810638,0.7693608158762588,0.5665709719343933,0.00924906435544554,0.8730769230769231,-0.4863217115575155,0.711202055320555,-0.5076246934257501,0.33729974711302996,0.6887241892292718,0.6417849108291408,0.8060521530678115,0.14089225556538038,-0.574829799902932,327
1.7818666220449169,1.4057946841013893,0.4801792444951131,0.3866567765316217,0.011682026705958696,0.8692307692307693,0.6720143178437381,-0.2951091571572693,0.6791960997936763,0.7090800793814549,-0.00805447578170387,-0.7050819572533902,0.21354671066866165,0.9554295948848393,0.20384330153524013,328
2.581733350968805,1.4687032080288505,0.5324790217590909,0.3618727137429208,0.004350332305992556,0.9115384615384615,-0.4852286890169289,0.7812502660893651,-0.3926845312591378,0.5505708541256983,0.6218756210265346,0.5569043423786179,0.679282602413908,0.054025306182918675,-0.7318855186090447,329
2.8552706346585532,2.661395211146882,1.1068964613250962,1.0124229578123525,0.01131697177396478,0.9038461538461539,-0.49965917564875933,0.1649331032453825,0.8503750817397286,0.8149057722314041,0.4223757511831289,0.3968970990022811,-0.2937163437296965,0.8912888399763208,-0.34544885751688803,330
4.9071404370438305,2.9098102240487993,1.7094493294523652,1.100709537868809,0.009251523898531023,0.926923076923077,-0.5533110959983799,0.7664851096537849,-0.32610950265838173,0.5830350610261354,0.6359810847902078,0.5055671838671109,0.5949091936248104,0.0896026588226933,-0.798783083742127,331
1.9096273462916438,1.8319692220386425,0.6756104322529468,0.3938120343277642,0.015692442784106655,0.8076923076923077,0.6501185259907551,-0.47690282422643493,0.591531570086042,-0.3420192737369129,0.5115065053784587,0.7882790821453982,-0.6785047667895064,-0.7147900329469956,0.1694298977263179,332
3.272043655456329,3.045425491283561,1.218614874152948,0.5245142537254581,0.00886661513323826,0.8846153846153846,0.7054637643539728,-0.02180718504352043,0.708410420493657,0.7087390468632342,0.017281981100924822,-0.7052590280036275,0.003136978628618876,0.9996128149487205,0.027647414985467487,333
2.5289111520989005,2.5288180963204003,1.004630399368288,1.0227459949726958,0.0121657118180274,0.8769230769230769,0.7275545497128834,-0.13012873991371954,0.6735954930375879,-0.6854260795960624,-0.09601676069818268,0.7217838118679307,-0.02924836066613057,-0.9868370142599514,-0.15905106313649242,334
2.2946968752362533,1.927252568628171,0.7220084970346412,0.3634352922546755,0.012594459444783037,0.8346153846153846,-0.4700626556628762,0.7797436176072656,-0.4135710223793472,0.4906237838871619,0.6203375568932831,0.6119392275315552,0.733709344655912,0.08474199849193442,-0.674158283533018,335
3.89902715717219,3.269433654955364,1.371858633257648,0.622318292130733,0.011757794943291574,0.8846153846153846,0.19937458603296299,0.4157816532000746,0.8873417556423217,0.8939758409016215,0.2936734402990002,-0.33847172163592687,-0.4013190380836965,0.8607447515524929,-0.3131477324625138,336
3.5671658602691383,2.8997666347807765,0.942333979407246,1.0941374199811864,0.053124012858019,0.8346153846153846,0.08462015578960937,-0.2057119095842263,0.9749471983083768,0.8494011617260914,0.5264243213595332,0.037351042013861704,-0.5209194714084976,0.8249606318706161,0.21927804306661758,337
2.6562105506054663,2.2047893433470245,0.9980053259686128,0.6262907221120132,0.010779597841587218,0.8846153846153846,0.6953220205098644,0.60136288125524,0.3935606342642466,-0.6124048828034231,0.20915513576703074,0.7623741789310552,0.37614830494448,-0.7711140085815269,0.5137077364189908,338
4.555653734587442,3.2323965069891734,1.4314381932324107,0.6999486538996078,0.007564285348927366,0.8923076923076924,-0.529112785155026,0.7684074059985315,-0.3599857205391614,0.4988832127674061,0.624868244158573,0.6005457663334685,0.6864074596071653,0.1381656102247945,-0.7139713324404894,339
2.4099274102337724,2.2041192571737716,0.9043686137820931,0.5809042369804935,0.012226253178470526,0.8923076923076924,0.5717067319119565,0.4460842753154348,0.6885929363585235,0.7420213323181378,0.07698880861902599,-0.66594073740254,-0.35007964104095785,0.8916734506890549,-0.2869890281263515,340
3.154762581433857,2.572555977804931,1.0491241656093724,0.5520176814726238,0.010152920535117127,0.8769230769230769,-0.4782997869679879,0.7353366285793304,-0.4801138994613271,0.5902242804304056,0.6739853303956921,0.4442736467559376,0.6502804107281621,-0.07087889023534186,-0.7563805724251642,341
3.1099361187431214,2.9133063158473322,1.1319802305264508,0.6348123450159612,0.010110269297908772,0.9076923076923077,0.7062428707642553,-0.3183864627400217,0.6323377798602264,-0.6705706979229114,-0.014375089644658487,0.7417063407339104,-0.22705934594691993,-0.947852001707864,-0.22365293710692047,342
4.598035741545749,3.1711289875858486,1.307808982537008,0.9315476709708187,0.007219922588718862,0.9115384615384615,-0.5588697111399117,0.7006804462038704,-0.44352176753563843,0.461678290497791,0.7071895711908577,0.5354774192082502,0.6888525256202731,0.09449773916044796,-0.7187157819612249,343
2.8602302451771835,2.44868425145943,0.9817725921889546,1.176551016117591,0.01681046604356669,0.8769230769230769,-0.6776291790263558,0.7177485561322025,-0.16017398634674074,0.361879907862167,0.5150536852248702,0.7770216429559411,0.6402043642601454,0.46856879058087003,-0.6087541872347526,344
3.997664600976694,2.622433080876488,0.9910953202904886,0.5796802926895169,0.004866867780611864,0.9192307692307692,-0.4013880319576923,0.7166231548896419,-0.5703848715360068,0.4960976186730826,0.6935964086511561,0.5223132916680516,0.7699186973622782,-0.07331627228818177,-0.6339163380681538,345
2.7286909512075086,2.362417840414396,0.9800091107465176,0.6194823446748894,0.011989019107601771,0.8807692307692307,0.7762165906112652,-0.06706867628062457,0.626888823573836,-0.629851556618368,-0.03859269723393582,0.7757561603658901,-0.02783560822475691,-0.9970017032995352,-0.07219960202510327,346
2.3098739594142663,2.309868326870007,0.8302343533499045,0.9775541798454717,0.02269626247738511,0.8346153846153846,0.8632173270086446,-0.42729987723111174,0.26883203170442266,0.5030644798915436,0.6835563917630962,-0.5288447677260949,0.04221345074145871,0.5917478130065995,0.8050171118544035,347
4.530970442637232,3.3774385339382005,1.7661738033580197,1.213883969681116,0.009032515488731713,0.9038461538461539,-0.640983695657998,0.7332451481280022,-0.22691728591572546,0.48475268370594804,0.6159375767482662,0.6209957626178739,0.5951090131568302,0.2880493955838438,-0.7502484976081499,348
1.900515131595211,1.6891700448274336,0.6764156345187429,0.5975595187227483,0.016993911127765826,0.8192307692307692,0.8699860096564036,0.49199165331176187,-0.032688775958838956,-0.39800509259668204,0.6615629373078539,-0.6355520641518767,-0.29106062816745687,0.5659317035227517,0.7713656834981717,349
2.9610715462148334,2.5074498190415273,1.094969891493086,0.7021577823964582,0.010039820111785393,0.85,0.7321765845299089,-0.34817558621624584,0.5853983346654574,-0.6231298810594756,0.004600452478143872,0.7821048441019913,-0.2750029097971894,-0.9374180481513945,-0.21359026804400294,350
3.814609397659258,2.2168219117055243,1.05079830813597,0.5202227698267959,0.010871376074088213,0.9115384615384615,-0.4688550610791761,0.7885220294902845,-0.3980049506086137,0.52732612360588,0.611371584645378,0.5900440194180393,0.7085916250304107,0.0667667169832574,-0.7024529268499345,351
2.5165876588953497,2.1348619427191204,0.93200084670339,0.6168178250492965,0.012853746860136597,0.8730769230769231,0.6909764937528922,-0.2690202304038253,0.670954246364409,0.7227089125897581,0.27711683307105445,-0.6331651352467212,-0.015598485320338945,0.9224068389068579,0.38590453585513745,352
2.536978371013012,1.9235673666329156,0.8437394278448195,0.43635638600355614,0.0134168724187794,0.8692307692307693,0.5117949900981852,0.3218167585645109,0.7965549962290299,0.7512232081592779,0.28219908015210193,-0.5966802918516664,-0.4168088046494229,0.9037685838024792,-0.09732814237608967,353
3.176764809843495,2.7709177602662547,1.2455506871327078,0.5215929777964003,0.011518380544104525,0.8961538461538462,0.541169338672735,0.4228710844091049,0.7268533503060863,0.8014151264979772,0.0024410814363396453,-0.5981035329620219,-0.25469499779294047,0.9061865630719145,-0.3375742451775094,354
1.9017432662858635,1.7559139368230778,0.6176461362813405,0.4271142958916661,0.014261391215807226,0.8384615384615385,0.5752066525827476,-0.4579701697107552,0.677790993212253,0.7961747668946747,0.12328071150833021,-0.5923745493606307,0.18773131700587584,0.8803778676370175,0.4355361785089012,355
2.5559674745960512,2.3984015534771177,0.9123316434809705,0.6720940212588761,0.014026675395709946,0.8346153846153846,0.5901725233046368,-0.535209350027724,0.6043569676765043,0.7472984291651744,0.6453760659926622,-0.15822386422754853,-0.3053546307222157,0.5450143897978623,0.7808443278975413,356
3.2234879831726926,2.7933164484246467,1.0738754490829658,0.6125118667281952,0.012538759800206753,0.8076923076923077,-0.5598427688768668,0.744210873743657,-0.3643161395518812,0.5530141624282202,0.6630145089281082,0.5045662464975571,0.617050573527079,0.08100577974763387,-0.7827430314971706,357
3.108536119839958,3.1072023468022754,1.1668252808601796,0.4055288957361373,0.010901461221974915,0.8538461538461538,0.5919826487183601,0.5674375085920331,0.5723383767136893,-0.6413583658116037,-0.09837884985929546,0.7609080420811909,0.4880737548976218,-0.8175183641626825,0.3056922210932226,358
2.2205780750647173,1.4842702118952467,0.6454557980536828,0.16208019383300196,0.014948757283881814,0.8,-0.49966063704043134,0.7860080512013369,-0.3640475123373695,0.5583724297365183,0.6135622706729054,0.5583561316192788,0.6622382331929254,0.07571448641696762,-0.7454581403701537,359
2.43324570480575,2.4332387848321204,1.0120525055032934,0.3352835978370145,0.012181316244468797,0.8730769230769231,0.7082420470401516,0.6389152644313348,0.3003006621388192,0.29642676000052015,-0.6551940308682127,0.6948754981075801,0.6407217639193863,-0.40312289291393644,-0.6534275433808474,360
2.8840791919016713,2.6251950375771718,1.0548889423053613,0.7575246577398592,0.03629126538878579,0.7961538461538461,-0.1872256719265663,0.2532735858547069,0.9491043348757523,0.8023584564671142,0.596841622213283,-0.0009926376612785185,-0.5667163797768294,0.7613360419040432,-0.3149602771628975,361
2.423418429052194,2.063420010847934,0.8860862438921615,0.7279965036530716,0.01328342215880512,0.8692307692307693,0.7266702680747064,0.6229407312232849,0.28964662414610254,-0.5392189619183927,0.7784355212291548,-0.3213736927571157,-0.42566798400148137,0.07734975547274331,0.9015674033173678,362
1.896225679485517,1.8462336869575044,0.7468991809005973,0.45252644565907685,0.01654645658017879,0.8461538461538461,0.6059455359060949,0.5145435257024104,0.6066918226523319,0.7778089152318921,-0.2232431113488307,-0.5875166419949999,-0.16686311426214845,0.8278933949446792,-0.5354897083097963,363
5.306164974117713,3.707091922259748,1.9104998342239965,1.29519415166984,0.010430636697064885,0.9,-0.27682459526542613,0.697432143502669,-0.6610268895176697,0.609586795028639,0.6592283859374893,0.4402520579179214,0.7428136258731697,-0.281080665260927,-0.6076360562323715,364
1.9604616071227012,1.0828241456479497,0.4763571395442493,0.10588313741747112,0.011792931917289076,0.8307692307692308,-0.4562681991620121,0.7946128069810727,-0.4005119441603643,0.5062400703721218,0.601952697058595,0.6175548086230992,0.7318062049361727,0.07901542561768438,-0.6769167163923289,365
3.1326582778408945,2.6858666708842156,1.2205030149943137,0.5380716893851437,0.01012232079932364,0.8769230769230769,-0.5531004677461057,0.6430215928307135,-0.5297198351322058,0.524001856404646,0.762820330685879,0.3788498351283408,0.6476896842342974,-0.06803215596861853,-0.7588607900601649,366
2.38703921454005,1.8344904945510996,0.7660489612600334,0.6800980378275968,0.0138943631470961,0.8653846153846154,-0.4281628189816247,0.7787078663501079,-0.45857459516001414,0.5413918325193594,0.6273278652296977,0.5597808796195884,0.7235823962224609,-0.00859118099056691,-0.6901845459629975,367
2.0340169917025523,1.6482640890309168,0.7079513166275326,0.42778244706071206,0.014667857479566967,0.8269230769230769,-0.5542617836940965,0.6714632228992352,-0.4918648345125017,0.5290956462550411,0.7404109424209131,0.4145472632370592,0.6425353470823212,-0.03047583693924233,-0.7656497574692058,368
2.276509538670801,2.2765095385350023,0.9126454433466027,0.691006595721791,0.011906890257492808,0.8807692307692307,0.7809949499375235,-0.5660277985687162,-0.26393070950447967,0.6051268900667142,0.5812882428324411,0.543990280853399,-0.1544938027568486,-0.5845652315971468,0.796501823549389,369
3.3993957775039383,2.5779966052565575,0.9607663054719726,0.74607475100645,0.01037586758874899,0.9115384615384615,-0.5474608607842312,0.7822017837583314,-0.2974003621293579,0.40627726074433895,0.5591331453314482,0.7227094251452918,0.7315910013877052,0.27482811951662833,-0.6238943110908199,370
2.5841187333473874,2.5840880818461818,0.9529886526895395,0.6543294455597217,0.012524005663323883,0.9076923076923077,-0.5160395995337734,0.6930949800004078,-0.5033115142844014,0.588458984293787,0.7138405795350781,0.37966781640395675,0.6224300406607537,-0.1002545545462066,-0.776227974744401,371
4.172655067212003,3.9169688959344784,1.3284349641065143,1.3616358595427693,0.009783319700373919,0.9307692307692308,-0.029413407617317366,-0.6465096094705254,0.7623386231292536,0.8231723204956004,0.4169755649422369,0.3853812515042616,-0.56702926046389,0.6388714292432954,0.5199241431924495,372
3.7489616091984646,3.2154105309751655,1.4630745949201625,0.4526897113015015,0.009164010223302814,0.926923076923077,0.626567042962724,0.462382980685705,0.6273880137882385,-0.6890716397954612,-0.04744712157181237,0.7231383310848236,0.3641346123379954,-0.8854099332098961,0.28888619605426846,373
4.376107220001665,3.1725895094887417,1.6752758674924664,0.8721446146394066,0.006938436942025014,0.8807692307692307,-0.441565155555211,0.7889507778616203,-0.42729016313396073,0.672798615679834,0.6062268754439671,0.42406485144225736,0.5936010749137854,-0.10022796815754145,-0.7984936557419913,374
3.2845278552024326,2.7450611514352437,1.2197362320363827,0.5917571000805856,0.00935312101453,0.926923076923077,-0.5398652186055932,0.7655745508319995,-0.3499159225561437,0.5293005458655922,0.6319819112231589,0.5660740199241698,0.6545123970455572,0.12039298569727977,-0.7464040803134542,375
1.9313248229728897,1.7545464291570079,0.6969110525666649,0.31553241646161123,0.016934699741513858,0.8384615384615385,0.7575420183547734,0.4110953842541085,0.5070805414053503,-0.5959943052658494,0.1186615726978816,0.7941726633771418,0.2663097416874827,-0.9038362773256186,0.3349016352192297,376
2.0357571976594424,1.8598542145499937,0.7422068982130658,0.3837740722270501,0.014307641331285403,0.8346153846153846,-0.4838233901624201,0.7430018287415102,-0.4624534675170185,0.475369537152451,0.6667840537966552,0.5739536817113067,0.7348052328877409,0.057855925273655906,-0.6758061568464155,377
2.1341145582509586,1.7855781931194736,0.7331147772138658,0.7031709891646052,0.015446515503627196,0.85,0.7843375149389038,0.4586753759791505,-0.41765004744384976,0.6183858318366681,-0.524797083708114,0.5849675067173654,0.04912866417008602,-0.7170808325438939,-0.6952563944006694,378
3.830082863214836,2.5219197504478634,1.1130316313045558,0.8366376573845867,0.03310145463747527,0.8538461538461538,0.9864846911611295,-0.1259160401405201,0.10484800875582619,-0.0338270322884235,0.469600790832617,0.8822305986169028,-0.16032369129760216,-0.873853676587054,0.4589946251580726,379
2.4158911316707434,2.0831628168024623,0.9000107804511969,0.46167505078776,0.013767757064898408,0.8692307692307693,0.5575590396884185,-0.21486173251431057,0.8018493332058569,0.8059724748406253,0.37147175840615887,-0.46088729913712534,-0.1988373381963416,0.9032403714447141,0.38029007919140945,380
3.1087490897755266,2.2920929997191277,0.8918573535013793,0.45467205563699215,0.010425914612493585,0.8807692307692307,-0.4608852169561633,0.7665108767941791,-0.44726490198481833,0.559768603778586,0.6421683775849432,0.5237164166356583,0.6886537061651834,-0.008991695398578053,-0.7250346353098013,381
3.051922172347829,2.1690317702670434,0.8355778021319655,0.42449574112823757,0.010742424080758714,0.8807692307692307,0.517056340321289,-0.48849084257276243,0.702872276915307,0.6853459074110896,0.7282150928588904,0.0019405482183431895,-0.5127901404360515,0.4807072656566262,0.7113134306453831,382
3.71851218328671,2.3153980458008148,1.0988834044622884,0.45417265595094825,0.012078427961741092,0.8923076923076924,-0.5602508084666435,0.7572309482925459,-0.3357384734587979,0.5475774965982773,0.6427012509008274,0.5358115221882369,0.6215126039201748,0.11634600568340692,-0.7747165224324835,383
2.607678662310355,2.1834901622955347,1.0280540936840592,0.4991888737583292,0.010737093845214297,0.8769230769230769,0.6789216884251371,-0.27767223994272483,0.6796789449079257,0.7186365392102946,0.061656436672941906,-0.6926471023029305,0.15042229056164488,0.9586952649210204,0.24140530963548157,384
2.7223918123123894,2.4334886334372574,0.9204486192018029,1.0266645999307806,0.014118089372854676,0.8692307692307693,-0.009833039765933763,0.7348159751210254,-0.6781952477243541,-0.2507515642625737,0.6547455456219767,0.7130441245168859,0.9680015311707073,0.17706991047356546,0.17781811622005667,385
3.429110177832382,2.6407984322782756,1.1780493347994716,0.5564415384483825,0.010413800263779421,0.8807692307692307,0.7309002301223125,-0.49751736372895966,0.4671844672025568,0.09454513903488031,0.7517457272332406,0.6526404663146788,-0.675903891312978,-0.43284504660992984,0.5964889733542624,386
3.903526316774453,3.0992290913920058,1.1224945109965145,1.1007499853884417,0.00806346741648582,0.8846153846153846,0.4974570394941734,-0.5281952101240494,0.6881470147139372,0.8204527601397158,0.544127872169351,-0.17544836023051438,-0.2817689873581093,0.6518701394683344,0.7040394584344829,387
3.1394063515828243,2.5718110201287465,1.2676646725720284,0.5162443070184576,0.00913759844344148,0.8692307692307693,0.7155284578581786,0.046184416023899666,0.6970552529833112,-0.6975097624344868,-0.00807172973776429,0.7165298168866571,0.03871895277099222,-0.9989003187984133,0.02643852871749528,388
3.1664005244214395,2.1902470065707105,0.9232952740292738,0.3951148369342428,0.01206681536867124,0.8923076923076924,-0.43250332369935,0.771670343314068,-0.46633223804339724,0.5053227889724913,0.6358036432223199,0.5834403193217692,0.7467193274143091,0.01669157017100209,-0.6649297989646338,389
4.044936877021685,3.553617573845831,1.6852674563270493,0.794353846003433,0.008467188912243462,0.9153846153846154,0.828126704725829,0.21254507241617318,-0.5186817454967384,0.35228847688424364,0.5223934083559058,0.7765294301962288,0.43600342885637877,-0.8257903602597354,0.35773075200152565,390
2.8335549887283373,2.120272206860918,0.9945558208920897,0.4552721488132807,0.011394978563855985,0.8846153846153846,0.6889459998423448,0.2952945125196222,0.6619324438166106,-0.6871138481434756,-0.024607963990910902,0.726132913313869,0.23071187440332683,-0.9550893146633045,0.18594739047720682,391
2.858842202187904,2.8588421843264933,1.1307969519219974,0.80280366459115,0.01158038039925659,0.8884615384615384,0.6344910627881089,0.5040339863174284,0.5859785251005182,0.7624001395396577,-0.2834052302597177,-0.5817452214598302,-0.12714998416015125,0.8158622531398293,-0.5640936672483343,392
2.7109872770341927,2.2039030510376083,1.0180343913997234,0.46873286145614307,0.012172611105311195,0.8384615384615385,0.7082296832281995,-0.5887411540705368,0.3896082253985104,0.34305821542255893,0.7693284344932337,0.5389293281231589,-0.6170265607132106,-0.24802744481988806,0.7468337231208457,393
2.0516264440759433,1.9139820799448195,0.754725673207498,0.3015849696993807,0.014652424318146565,0.8884615384615384,0.5540809247712019,0.6896990244537782,0.4661647610793812,0.058423516770012944,-0.5908193272936966,0.8046857866176387,0.8304101525709533,-0.4186260600628329,-0.3676563617610277,394
1.7183312306587064,1.4357144387182441,0.5490948939634569,0.4377300625546416,0.016813558456986108,0.8192307692307692,0.007101141985035277,-0.6996187327300392,0.7144810722445503,0.5941358296383727,0.5776618280941267,0.5597405008598844,-0.8043333822007084,0.42052400784754923,0.4197706148617402,395
2.9486772048953895,2.037562514220946,0.9917923098840465,0.6246256960127117,0.013223025066083487,0.8769230769230769,0.15725682689054574,0.7467497175463069,0.6462469727130856,0.7613488281807952,-0.5084580068802785,0.402266599492258,0.6289819172472664,0.42876020639029155,-0.6484955151673044,396
2.9834282449571248,2.3439426514143733,1.1413207587208372,0.42950014693341115,0.009224193949729464,0.8269230769230769,-0.4894441162864416,0.6720626268204166,-0.5556764190280398,0.7050658653754484,0.6799571635913971,0.20134642078545167,0.5131535662108901,-0.2932406542619617,-0.8066494506122608,397
2.417346591137399,2.141012186180092,0.8653052540920378,0.21206556640421861,0.012836279869163561,0.9,0.6834183320235261,0.36942017249350256,0.629657144491391,-0.630393340418872,-0.13634134124302336,0.7642089210573177,0.3681624910412762,-0.9192060567810268,0.13970184453813755,398
2.7047721130439166,1.8185059716244243,0.7806416376707054,0.48516178459610004,0.011991044574881116,0.8269230769230769,0.489816171040085,-0.6159269772063556,0.6170203216564846,0.774124045979236,0.6328016141027967,0.017148720816234225,-0.4010138152537491,0.4692505470836842,0.786760347270562,399
2.2413037657227295,1.83009898625782,0.7961804497268992,0.2668397915290905,0.012391917136808412,0.8961538461538462,0.47031092723477014,0.6757805417321098,0.5675634688207364,-0.5107196867855659,0.7329125275698826,-0.4494492501504253,-0.7197034342374811,-0.07848494344383708,0.6898311970325737,400
2.6366349113131653,1.68557167061796,0.8608641971760531,0.4670128411401806,0.015695725147702858,0.9,-0.6992268888504521,0.13630544778693945,0.7017852825559392,0.6313086240084032,0.5783567650464966,0.5166748238278775,-0.33545667255419764,0.8043160306922607,-0.49045340615629573,401
2.4095540941153564,2.4095540933885062,0.9630926799544799,0.6472280432077399,0.011791726718545767,0.9230769230769231,-0.5672588298110893,0.6204502864572596,-0.5415338050726454,0.7085036549449593,0.7028764663086523,0.06314462795120451,0.4198094697967014,-0.3478593324097635,-0.8383041774466151,402
2.4374155976318583,1.9264247494026996,0.7645100913165424,0.7519290893965107,0.013866772275471534,0.8730769230769231,0.8440810522722197,-0.26482389511367244,0.4662568838868174,-0.4519278349687682,0.11664906056688724,0.8843948375297679,-0.2885973131812981,-0.9572153891604991,-0.021220027776854056,403
2.171924584168086,1.93093196260104,0.7349835786208627,0.3429671633234053,0.014838524144870347,0.8576923076923076,0.6536041183613472,-0.37703693632999985,0.6562353275342417,0.725421155766617,0.06487042201504359,-0.6852415450874354,0.21579111016747551,0.9239236856962147,0.31591014510808396,404
3.348661370349804,2.2867030520504192,0.9900287447305838,0.6706321764701538,0.012886444487144459,0.8653846153846154,-0.5134802852171556,0.6999934119821769,-0.4963337786962105,0.44904322654407963,0.712085097523533,0.539717513686357,0.7312305911189649,0.054258981435803155,-0.6799689592513457,405
2.120344825140612,2.1203448250471824,0.848782164074401,0.7073688775690913,0.021893463675146708,0.8346153846153846,0.22949713927243856,0.2578913291228943,0.9385217767473454,0.8290835048030445,0.4533156232063704,-0.32730030220047174,-0.5098544940757775,0.8532274070376825,-0.10977880829416,406
3.880481724389489,1.68741775358692,1.1533898143223242,0.4414445086733898,0.012864574167390922,0.9192307692307692,-0.2381928859014582,0.736636884100458,-0.6329535923657462,0.6832874415532191,0.5902463783384542,0.4297993544364564,0.6902046227906555,-0.33011409215770665,-0.6439272201400574,407
3.054390893872987,3.0050093099188726,1.3106924932703075,0.8989008941763651,0.010106486687885366,0.8807692307692307,-0.31166014006008075,0.8361507523337962,-0.4513533831371573,0.5903989414236428,0.5425960809636673,0.5975103203198348,0.7445112806825516,-0.08025840949393415,-0.6627680896376433,408
2.9551968845778513,2.717939145052108,1.1682308755318813,1.0352888593990333,0.00972837071450999,0.9038461538461539,0.23946322986049048,0.5684017660934282,0.7871320053502169,0.18549770048565434,0.7690011074849997,-0.6117416936921812,-0.9530204429388263,0.29250081878298356,0.07871026840233655,409
4.878545759509424,3.481048185985492,1.3657626463687507,1.423551352041104,0.00748318762224971,0.9038461538461539,-0.6237742927102824,0.6991319941032168,-0.34945684508254626,0.43410888585012586,0.6816928670479049,0.5889348947396221,0.6499654659901166,0.2156601257471282,-0.7287218970107756,410
2.1772193548387846,1.9718698115293953,0.6738617194601039,0.54836615602447,0.011321370919554393,0.8576923076923076,-0.5868834485562514,0.6956744022623499,-0.4142522707815177,0.4363522603881786,0.7027284638040766,0.561933635773558,0.6820297080515254,0.1490296352960872,-0.7159788021573448,411
2.262829031463685,2.1250664754537363,0.7984276428234088,0.44240628462601306,0.013373386740087732,0.8692307692307693,0.6276682975931346,-0.39617283010361615,0.6701340141227183,0.7620908671818404,0.13698839727895637,-0.6328125229236329,0.15890254357488043,0.9078993709099232,0.38790296975764327,412
2.864092376161594,2.16898261621693,0.9606889675377227,0.4597169980042306,0.012557824545812961,0.8692307692307693,-0.4613318700797518,0.7274965790141547,-0.5078598558376326,0.5468764607995353,0.6839067653876632,0.48290544921377543,0.6986408535664754,-0.05495692658515314,-0.7133587414115151,413
3.3384683129397468,2.523938651670846,1.0573047616865596,0.6496571336553302,0.011705025470241893,0.8615384615384616,0.7449725735379713,-0.1782132799076473,0.6428498203630227,-0.6301709230030068,0.12815550011096416,0.7658072705275442,-0.21886176568270327,-0.9756106778094771,-0.016832494360084563,414
2.4774647202048667,2.477464718865881,0.9831617824559264,0.4019482012520418,0.012188695685959115,0.8923076923076924,0.6451038976775975,0.556646990679522,0.5234358499077075,-0.5974944484323619,-0.05950929061669867,0.7996618212862265,0.4762786424916401,-0.8286149721660414,0.2942038113427338,415
2.172984458322808,2.0155513706575916,0.7738576763624354,0.6860115489202446,0.017148000557318476,0.8153846153846154,0.3855977021715808,-0.047191403431543925,0.9214593770330617,0.8465927052122169,0.4151969875806868,-0.33300488432661707,-0.36687218968117147,0.9085067049538404,0.20005090225354705,416
4.8646055410756075,2.304109407212233,1.2336180307015105,0.7350812202537939,0.011041791256594864,0.9115384615384615,-0.5574636424155712,0.7972710469379273,-0.23150197644786003,0.5458757109998054,0.5621012184013136,0.6213388193346814,0.6255029940177914,0.22000249540916628,-0.748561892223027,417
2.4771616798544036,2.227505891919496,0.9556525822697445,0.7669266060665015,0.012958576299526004,0.8769230769230769,0.6470181932395067,0.6990767996360556,0.30439954965093935,-0.4876087853821145,0.6862878302762679,-0.5396727586536786,-0.5861784114373914,0.20075019856852627,0.7849167011469651,418
2.8129908191965423,1.5045784637409405,0.8927219997963585,0.3911296986344273,0.011903353127794166,0.8269230769230769,-0.4500196348303494,0.7905005548001901,-0.41544097189342155,0.5550481145417847,0.6120323550260484,0.5633276017956861,0.6995740981559916,0.022918753497100958,-0.7141924193992614,419
3.0769450189390084,2.554178225113992,1.140635878540726,0.6449705250181132,0.009762563226790439,0.8923076923076924,-0.5552146280507892,0.6625943394748754,-0.5026981779301344,0.30204574229104353,0.723786082286546,0.6204047683989428,0.7749226325009975,0.19261995842629254,-0.601990419569595,420
2.518861317040539,2.027226468201678,0.9023830525425639,0.6845396187859774,0.020399894275958386,0.8461538461538461,0.9768795615667696,0.20313165392445384,0.06666223343867106,-0.15083723656750372,0.43389181076339434,0.8882488528656491,0.15150726140286108,-0.8777672970248883,0.4544998592033076,421
2.6508847387086414,2.0278888932092465,0.8260724874908243,0.5199292666098732,0.013581854378142164,0.8769230769230769,0.6758444096670271,-0.4174150839712518,0.6074528636817021,-0.6000487147836909,0.16697347687094682,0.7823435293450495,-0.42799050668007643,-0.8932438108909014,-0.13762129376238003,422
,,,,,,,,,,,,,,,423
2.4437317697057908,1.8432569892801738,0.7281132955083024,0.13252704305742768,0.01359257229186079,0.8730769230769231,0.6854543554808843,0.2399534785643207,0.6874406553857342,-0.6964910022049032,-0.05914629374048647,0.7151237653611952,0.21225600203503103,-0.9689809307007267,0.12658335411284827,424
3.73883224616957,2.35236505134677,1.1568458819451402,0.3748675264015654,0.009419365966628589,0.8961538461538462,-0.44946273995588787,0.7474996446030373,-0.4891089108876252,0.547074147003847,0.6631745985362403,0.5107928440535455,0.7061820750141985,-0.03799648897766106,-0.7070100025841299,425
2.314460558221447,2.218571665853698,0.7374783257582329,0.4983653422826736,0.012541307636958843,0.8730769230769231,0.7667633138790302,-0.34379429117125165,0.5421065447375677,-0.5844677365040781,-0.02465755671995971,0.81104221214583,-0.2654646595595116,-0.9387211994275291,-0.2198431810866419,426
3.355430640554578,2.4613756050247657,1.0496298277678535,0.9103651409795598,0.013971612224451264,0.8846153846153846,0.7797518237634925,-0.41763723470735264,-0.46643995704002783,0.6251892013953749,0.47947050686271925,0.6158299241734039,-0.03354930395881192,-0.771807730743093,0.634970291406674,427
2.8336639582071426,2.6016518967455533,0.7958616549221844,0.6038224900362495,0.00702834801929267,0.8807692307692307,-0.5635203031891604,0.6458571370900899,-0.5150858436837393,0.28056790958552896,0.7360808239556729,0.6160086596108403,0.7769984015455907,0.2026168282116037,-0.5960032759314887,428
2.083366599472124,2.082427297551535,0.8404210427033029,0.36597985656171517,0.015070449269570659,0.8384615384615385,-0.5513370054479831,0.623725166176437,-0.5540707748129535,0.7832445779305656,0.6156976305766054,-0.08628069798468309,0.28732462053576396,-0.4815426718168702,-0.8279862424300595,429
2.8775663367817845,2.701601121949593,1.2317766923659774,0.44279409083251564,0.010586814283301584,0.8884615384615384,0.6205208550264296,0.4225853380638637,0.6605872391521946,0.7139010949683438,0.044162801809526774,-0.6988525406259408,-0.3244982204577841,0.9052465293994684,-0.2742801960221497,430
2.673013432452747,2.0409713680240986,0.9900130227387002,0.36458429529577374,0.011237528445081928,0.8730769230769231,0.7175182174371766,0.16084858689726952,0.6777133167785094,-0.6893917400716493,0.02495985837105978,0.7239585859640593,0.09953208712149159,-0.9866634368229363,0.12879684029506172,431
2.73216562156344,2.7321595607087863,1.0394360640304816,0.7567619382544791,0.012876697116178172,0.8653846153846154,-0.48461197976611897,0.6859624632930619,-0.5427768676169586,0.4591758626894924,0.727633403819741,0.509614714042931,0.7445191442740229,-0.0022646409456280048,-0.6675972702242455,432
2.1031234354515047,1.8971867799784112,0.6467554414330003,0.637903975188654,0.010244179159015591,0.8576923076923076,0.6378796071470982,-0.4885076467057507,0.5953737363168393,0.48854691575372977,0.8542878813304513,0.17752218711881293,-0.5953415136653767,0.17763021961912415,0.7835917222538024,433
3.496940978973551,2.8250488098889113,1.304056427044659,0.846206024811804,0.008609122017998069,0.9076923076923077,0.8213819289106964,-0.27342774374138484,0.5005686724231145,-0.518285979233005,0.008622105575255687,0.8551639041879248,-0.23814149279247573,-0.9618539017168588,-0.1346317242057996,434
3.1140821019680964,1.94273666550725,0.7236698607292259,0.36095330736554804,0.009249743384442136,0.9038461538461539,0.7735822747744129,-0.5660421303082203,0.2848978253180894,0.21385442477014213,0.6563979084569729,0.7234694677590362,-0.596520535406013,-0.49873649604720455,0.6288284013540422,435
3.0944405571848135,2.3970203563068293,1.0627277344812394,0.5077194424457036,0.010291250123658136,0.8730769230769231,0.6499101741739518,0.09312883494929132,0.7542836241137489,0.7574591698555783,0.0018911281111604799,-0.65287979723389,-0.062228381843671236,0.9956522704917891,-0.06931222661019781,436
2.833937333393361,1.8005489268145356,0.8385255374457463,0.4374864542758542,0.01404879178925539,0.8730769230769231,-0.4494031780676742,0.7485047482560482,-0.4876242666037288,0.5093831975086138,0.6631266663450524,0.5484448764260618,0.7338702485034905,-0.0019147376445951547,-0.6792869733339346,437
1.9576256877225309,1.5950589761638183,0.4979113807124833,0.22570129171102774,0.007199844385410231,0.9076923076923077,0.7020351360330801,0.0008183472951495005,0.7121418384582662,0.712138917951974,0.002279126729478707,-0.7020348759994354,-0.0021975698410850947,0.9999970679402294,0.0010172500862895228,438
2.7708919211718657,2.770891908889179,0.9162413590084733,0.858278338426431,0.012765628366579214,0.8923076923076924,-0.4401485587872932,0.7703586263891097,-0.46132074844445586,0.5039969590637301,0.6371532197758331,0.583114774108667,0.7431394966303309,0.024152873062498054,-0.6687004764996398,439
2.855990318614756,2.367111595119289,1.0688403024315836,0.5087909722209593,0.01029595290432632,0.8807692307692307,0.6239704793247571,-0.4392746812732815,0.6462960585702885,0.75207298953196,0.11293872023200803,-0.6493312435797439,0.21224292531835626,0.8912253361886731,0.40083705016838644,440
4.363735859103294,2.756125990306323,1.572757721593137,0.881561257244448,0.008776763377976674,0.9192307692307692,-0.35874935014993,0.8332675461433636,-0.4206710119692352,0.5075477197528884,0.5523607395848108,0.6612812756603383,0.7833863771732609,0.02372361501833775,-0.6210820993635344,441
2.9858780628464725,2.563829600256193,1.0920746302258437,1.048493334942117,0.013175986976507204,0.8769230769230769,0.925992831538261,0.05376970155857166,0.37369251415308835,-0.3773513057745742,0.1004337919903303,0.9206079759901425,0.011969459886635829,-0.9934897445976708,0.11329103852148684,442
2.3132665933921475,1.542676534763363,0.6710981567642008,0.30617150833911133,0.01442432279942963,0.8576923076923076,-0.4335438115954156,0.7845208855648844,-0.44335848197571276,0.5629937957507072,0.619972889325251,0.5465085566099684,0.703617615877779,-0.012672671943583347,-0.7104658007337725,443
4.113644103131436,2.321891541031406,1.092908043959032,0.7893296054246369,0.013930871867862387,0.8769230769230769,0.7549490432562367,-0.5873223131085348,0.291726657354677,0.162320764410244,0.5983676590304977,0.7846069806391198,-0.6353769837881814,-0.5449849953450117,0.5470716985195183,444
2.8129738228843384,2.111801863684224,1.0311323286847895,0.5952298852509527,0.011242441661793638,0.8769230769230769,-0.24049347504195712,0.5497138854345565,0.7999859577659392,0.9704011925177914,0.11747686897046503,0.21099931473098302,0.022009407586116317,0.8270512858446806,-0.561695430425038,445
4.045651790256397,3.5927463531908836,1.7070035113194988,1.0393107315755246,0.007873562857317348,0.8884615384615384,0.722130720687759,0.5238079619632159,0.45183231538140356,-0.6303827975541566,0.22932580800439267,0.7416381882905758,0.28485917711524233,-0.8203870383953386,0.49580273945002806,446
2.8475287427832994,1.6499005956497141,0.8581810485153191,0.35176857576619613,0.013678346488415481,0.8307692307692308,-0.6251426067898692,0.7500779491649782,-0.21582351899741492,0.46743249136407067,0.581232642011139,0.6660896950696122,0.6250628665927491,0.31551812315176403,-0.7139640934736448,447
2.7896498629895365,1.9128387331579055,0.8117007084511522,0.36769101540101007,0.01295892727641689,0.8423076923076923,0.6098970992690578,-0.4239545271121566,0.669543192963902,0.785040472766103,0.20771496388346544,-0.5835802857345885,0.10833736392566767,0.8815424282018411,0.45950621634275973,448
2.226203888408274,1.6323547606624242,0.8004331243502599,0.3783734417809369,0.013505505794060358,0.8423076923076923,0.7974027634177909,-0.00814049077926623,-0.6033925466092062,0.5338132279300075,0.47581243601442175,0.6990321619360355,0.28141121260642105,-0.8795091006600753,0.3837596530062653,449
2.3588663257075337,2.1352918480457177,0.8721371200321577,0.3159381656489395,0.011877378432250436,0.8807692307692307,0.7496229658594138,-0.17203391157553843,0.6391163761977595,-0.6426974002767856,0.041504267879484656,0.764995063660707,-0.15813115042140677,-0.9842163019457704,-0.07945319534540207,450
3.9795442320854297,3.1083604722644362,1.4183767539030951,0.7262919176320181,0.012239121489138605,0.9,0.5642931541704477,0.21691972687901934,0.7965670519467266,0.818411453925738,-0.020155875874743642,-0.5742790547729227,-0.1085169490887351,0.9759813383248952,-0.18890341183265932,451
4.113619792567169,2.6031061339600297,1.4960412925984377,0.38824689716762784,0.0075451674030784744,0.9076923076923077,-0.4663549817051787,0.7624555392067096,-0.4485248953756839,0.5072431974555079,0.6458900777123843,0.5705526672865554,0.7247188211119364,0.03856887664550335,-0.6879644409999902,452
2.1783121614068497,1.5093522000062132,0.7256068801748201,0.3019161373648956,0.017795821814991387,0.8423076923076923,0.8801943592730177,0.22665120673046385,-0.41699774626679514,0.3522067072024938,0.2769995704618438,0.8939919873049931,0.31813255932950135,-0.9337561075846191,0.16398538423555536,453
3.689133581309876,3.0276454856845643,1.3098568748988653,1.3430261522487275,0.009434516668362685,0.9230769230769231,0.9369735078883902,-0.05670634374345105,0.34476809030792616,-0.3493455269938392,-0.13455478783288632,0.9272824336957126,-0.0061925991894805354,-0.9892822649024375,-0.1458843790979073,454
3.1366587045886676,1.916841146973429,0.9776376031539745,0.46515674102528176,0.010987542204091195,0.9307692307692308,-0.44495067289929796,0.7752873647905096,-0.4482726856307992,0.5645053691833996,0.6313935171485424,0.5316727514796176,0.6952356340476054,-0.016484189363771273,-0.71859285040379,455
3.4798697370281313,2.738202806032935,1.1896454253609432,0.8560312873979209,0.01448772454608258,0.9,-0.5151348441458948,0.7186815443797858,-0.4670470320156962,0.4628754869037399,0.6918813387103065,0.5541177643498354,0.7213753364029092,0.06926074582561217,-0.6890722553675119,456
2.311319549014538,2.3112962139795714,0.9285410535675478,0.4796584079250205,0.012568966695166939,0.8615384615384616,0.6437335096471005,0.5913784952491697,0.4856733922238836,-0.4675527221475684,-0.198480190032599,0.8613942571070591,0.6058065867666225,-0.7815862649263046,0.14873227594817376,457
2.300484997808061,2.078483199111871,0.7577002959045895,0.24357155791948762,0.011894527492537735,0.8884615384615384,0.6858342279050704,0.21902343399147617,0.6940173968975399,0.710334046959715,0.005960287422760098,-0.7038394822000762,-0.15829388353214827,0.9757013940424701,-0.15149203312349832,458
2.577568345171022,2.02416328250158,0.8612704914662119,0.4834807527336398,0.013203585851236854,0.8846153846153846,0.6906688141269534,-0.41962970657816456,0.5889715600515797,-0.6721939930088704,-0.07215766650110847,0.7368503965717231,-0.2667055022965569,-0.9048227343089024,-0.33190961800240587,459
2.4564810838614135,1.8115793246885519,0.8031453953472569,0.5328365668584627,0.015140796491651313,0.8576923076923076,-0.45480645260229896,0.7605643818517464,-0.46334966464839916,0.6396434521477822,0.6409735052666773,0.42427493405882083,0.6196832616714614,-0.10341560135985259,-0.7780089129306935,460
3.3965736239452005,1.5513484399783957,0.9368001511747752,0.3013331533410473,0.015426460238241362,0.8730769230769231,-0.4345094599053034,0.806519963098504,-0.40090781780403,0.5636524601761099,0.5906817099302317,0.5774002266117639,0.7024937248048699,0.024913182805200162,-0.7112537521393433,461
3.1615065596354075,1.8095573045603883,1.0101870293516426,0.42583554690355824,0.012002716135232181,0.8461538461538461,-0.5576673372816956,0.7582804386328282,-0.3376653925351978,0.5174268246163505,0.6356507102742993,0.5729028326821395,0.6490582578602511,0.14477206538066859,-0.7468362785703648,462
2.914860749833526,2.6186236999658443,1.1337238361330289,0.8738874455650271,0.013053281498080055,0.8615384615384616,0.7615792398863204,-0.5328210508660247,0.368915693794937,0.04014048618940871,0.6069405270513611,0.7937329135112728,-0.6468274907134456,-0.5896820536328378,0.48362100128169216,463
2.9091208647630933,2.2198195600633825,1.0573296741904503,0.8184713062419248,0.01089186773938488,0.8615384615384616,0.8186117399741215,-0.3415786187197897,0.4617346276921646,-0.5381791509930902,-0.17541358369125645,0.824374475643774,-0.20059416894042054,-0.9233385738124836,-0.3274261099806045,464
1.9942431665243985,1.8366810789851489,0.7275243313482771,0.35444269535184314,0.01427321726825211,0.8076923076923077,-0.5769056933731317,0.6761788196954557,-0.4582161332263701,0.18153099397454983,0.6530913140087218,0.7351994517088362,0.7963832740460326,0.3409603193358746,-0.4995195105880253,465
3.4962251168575014,2.576608975424106,1.280930256689846,0.6172701547556433,0.010264581888980677,0.8846153846153846,0.681915191259647,-0.20726022815940515,0.7014519725203078,0.7097096918334413,-0.044488670072793675,-0.7030881250261847,0.1769288705864617,0.9772737365029645,0.11675709269476374,466
2.5944371159873527,2.5941243557110063,1.1073662705537612,0.8945158057326305,0.010325422143359445,0.8846153846153846,0.42899161604754754,0.14257024844982938,0.8919865008047305,0.9003771124163136,0.011999360185972911,-0.4349449054673344,-0.07271347053864699,0.9897119477969746,-0.12321936369801667,467
2.5411347417153913,2.214814444492304,0.8903589554056448,0.6360252157833463,0.015230184196408826,0.9076923076923077,0.7760009387125086,-0.15232988090148042,0.6120605774773001,-0.6102094700356481,0.06420739406816421,0.7896339742094365,-0.15958366393875928,-0.9862418658379475,-0.043128137826306374,468
3.4806749863743507,2.612357158318708,1.3283816036327183,0.6082944096834253,0.008915227854564297,0.8961538461538462,0.5181573220426386,0.6876973928925849,0.508512817362889,-0.4400411110668324,0.7241784956541355,-0.5309701752482724,-0.733400852320659,0.05135953894706444,0.6778535148352305,469
3.6080479978037343,3.348380710413457,1.5339842881670356,0.4786002455732402,0.008756325663657442,0.9076923076923077,0.6135902593117106,0.3892286983609067,0.6870283939183752,0.7307949112500856,0.04962162813104278,-0.6807910778738248,-0.29907489257503267,0.919803628169567,-0.2539990044022493,470
2.2951517037780302,2.2951516988882683,0.8876142957442924,0.39101233595910384,0.012465887921210884,0.8576923076923076,-0.551731952705611,0.7071772425247999,-0.44214499886199543,0.4742318717128652,0.7021011217255794,0.5311856047780247,0.6860728709221536,0.08339282059448377,-0.7227376102417324,471
3.416087428593935,2.596412736191944,1.110381010402808,0.7856768727992951,0.00968163577280695,0.823076923076923,0.4578172285173659,-0.5511442482703776,0.6975983105420759,0.7963793092996013,0.6030290902411855,-0.04621592844873329,-0.39520043141698136,0.5767113089938232,0.7149969825715793,472
2.6739891041139923,1.5005899155765685,0.7596097136371859,0.34090896585223346,0.015358611091078389,0.823076923076923,-0.3710325692090532,0.8030704589905459,-0.4662753161843798,0.5773685620241945,0.5927658820015149,0.5614927895539531,0.7273103712805442,-0.06088059651219055,-0.6836030842499738,473
2.70950621475227,2.237488427990173,0.9166720055628081,0.736535289765691,0.015312672510253426,0.9038461538461539,0.7292982764428928,-0.683177894854538,0.037309354853012885,0.5518000778678126,0.6195403087056504,0.5582888857517972,-0.40452527491184276,-0.38657181722291845,0.8288072949042309,474
2.3536996705553626,2.3536996675202175,0.890435693707059,0.5448948154766727,0.012483897665751585,0.8769230769230769,0.5831342065543178,0.39209075337910393,0.7114909263376962,0.7577690451124753,0.05315166037583133,-0.6503544996912218,-0.2928149098246082,0.9183897550135776,-0.2661196844852097,475
2.8860365063017657,2.294628930417396,0.9128559131596754,0.5138312443764854,0.014242415166265782,0.8730769230769231,0.49138265456840313,0.5732092682033759,0.6557241963166067,-0.41750259533413403,0.8157747587551899,-0.40025382679891275,-0.7643524512151262,-0.07708876587196092,0.640173923631513,476
2.9613591072060688,2.77396854304438,1.1342188423323178,0.629678031563052,0.012550816473632632,0.8846153846153846,0.785418474437719,-0.6097991483571454,-0.10612642778698661,0.41546625068850623,0.39229388647033725,0.82066637629236,-0.45880890853465517,-0.6886584823415002,0.5614658316837633,477
2.787774913294723,1.7343811750507188,0.7770893956208029,0.5640898511746086,0.014458331831354353,0.9038461538461539,-0.48015204998375155,0.8182939970427331,-0.3159888341385319,0.4475465759782271,0.5383469176836575,0.7140620831206977,0.7544243310144272,0.20143865226001914,-0.6247130526482547,478
2.73471562983089,2.206941844921082,0.7454327527418485,0.4400934225177366,0.009969724262630458,0.8923076923076924,-0.3891025411797886,0.8201419661626097,-0.41948345353107774,0.564953064862911,0.5721322153686023,0.5945525734864989,0.7276175141854644,-0.005646545523081109,-0.6859598162970054,479
2.336072432020318,2.18258781141166,0.7445040216789591,0.683766720580294,0.010663575596143922,0.8923076923076924,0.6348860219864247,-0.6081736852303603,0.47649187577499763,0.12567428806906364,0.6898127854707742,0.7129967000760844,-0.7623160187249034,-0.39278886134203767,0.5143842901965792,480
2.3059746942470127,2.3059746942470127,0.7323798226587594,1.1776211886103556,0.011149536964983234,0.8730769230769231,-0.34442556703782073,-0.5290059395584689,0.7755796185321899,0.5116490668477072,0.5868857784763541,0.6275191753373554,-0.7871380191329513,0.6129582358807699,0.06852692829383406,481
2.8817918873392063,2.7357589153073314,1.2219037594515791,0.6291230495773145,0.010777159619946757,0.9,0.7700217087301655,0.49484784198513493,0.4027309044100428,-0.4458900006548635,-0.03409710777425067,0.8944380887224319,0.4563427170452948,-0.8683104286625182,0.1943921913957245,482
3.2030329128496633,2.6341615920624326,1.0982183751252048,0.5574548813070623,0.010183284639104109,0.8769230769230769,-0.48290524079682273,0.7595935725606533,-0.4356835238283705,0.4971980414979369,0.6474053347167505,0.5776334825050468,0.7208305181813397,0.06232124120102134,-0.6903038656661179,483
2.555086567249923,2.0738971914218713,0.8522274930295843,0.4431874991860223,0.016036853332107064,0.823076923076923,-0.3545987408142164,0.7417932321747904,-0.5692122044656541,0.7037525919913861,0.6125578062487314,0.35986834157667646,0.6156232795130299,-0.2729757035038451,-0.7392511366363956,484
3.195338098198457,2.176694555354,0.93692634011787,0.3106050245928755,0.011323866333412829,0.8461538461538461,-0.43581982082290455,0.7709977529219515,-0.4643528278875805,0.5334795216806968,0.6368172658845378,0.5566537252356054,0.7248866695734075,-0.005121997719961469,-0.6888490991604259,485
3.153546606875207,2.520267604277187,1.0996593887151904,0.925750664968506,0.014379971550377282,0.9038461538461539,0.7696785062735375,-0.3004948979110747,0.5632919432318813,-0.6089441568359208,-0.08049070159549289,0.7891186607932009,-0.19178636770095422,-0.9503810095356906,-0.24493657521488352,486
2.13126234587181,1.9059484680941725,0.7096641333367375,0.6065462017698906,0.016965687830445594,0.8730769230769231,0.6204625512112439,-0.036949349405846,0.7833651563114862,0.7839518948198622,0.056111088954695056,-0.6182806582003566,-0.02111040389908098,0.9977405931778075,0.06378134188314527,487
2.667575070251199,2.528313298439358,1.0058979566489008,0.8317794538011084,0.012736320244493216,0.8884615384615384,-0.02766051554306947,0.4339007487522326,0.9005359715814486,0.7919403938469515,0.5592340109517863,-0.2451279942974947,-0.6099715636596733,0.7063904453112522,-0.35909223090947523,488
2.1341653045300024,2.1341248853320427,0.8670056491762618,0.4552887571366698,0.014931055468881847,0.8692307692307693,-0.582219907392947,0.7378750893253637,-0.3414093320172062,0.46007620960574996,0.645230332591632,0.6099243389622176,0.6703356329408086,0.19803578074877953,-0.7151447187479378,489
4.143962856187885,2.9308000760128907,1.4683275744594129,0.44045244322410027,0.008136994583674475,0.8961538461538462,0.7027606388145625,0.03926003442264744,0.7103422655523748,0.7107913631527364,0.003430324737761243,-0.703394534340201,-0.030051998276700034,0.9992231395285669,-0.025494996180646438,490
3.95862379995083,1.6835808320380445,0.9337494574892042,0.24732128137234546,0.012054232908224244,0.8692307692307693,-0.5553628820004388,0.743665131582916,-0.3722018825367909,0.3911711437399469,0.6285693778600344,0.6722244219915187,0.7338645689780566,0.2277338562542111,-0.6399844413063789,491
3.4088936439287796,2.4536574126293256,1.1685195773773407,0.7618998851019898,0.013628971674931368,0.9076923076923077,0.4733705322061014,-0.5832589230797488,0.6600979986992569,0.6715308197705722,0.7239177627837688,0.1580804568073057,-0.570058503433793,0.36844552022516813,0.7343576793966478,492
3.8881644464982137,3.2111206938019063,1.4585716331112801,1.0317154133957462,0.010206115813247834,0.9076923076923077,0.6666110958214058,0.5352037190265021,0.5188319825029927,-0.4731808174244397,0.841647533414256,-0.2602486186692218,-0.5759596869133496,-0.07201672470961157,0.8142997178022209,493
2.2975962744815304,1.8812533632451056,0.8186150001926695,0.691103622706018,0.014999635544033833,0.85,0.8734347336742995,0.3226915754249283,0.3646668522927241,-0.45671990161543013,0.2831722697963452,0.8433388388345326,0.16887479823732587,-0.9031520429961746,0.39471216063371906,494
2.380785247536706,2.282749150900669,0.9205744741686529,0.30863865568764187,0.013037404045150806,0.8730769230769231,-0.5720373597566333,0.7308791511241322,-0.3722753355981674,0.5435943977382584,0.6776935937305242,0.49521361427588767,0.6142299160658332,0.08091390157862477,-0.7849678660563657,495
3.261443323017055,2.2110541475635284,1.0604027075467983,0.5427961831216391,0.011593585577356956,0.9,0.6124348117928049,-0.11728549851029235,0.7817721619138813,0.7902341766927234,0.11747264651615633,-0.601440041323542,-0.021296649761998257,0.9861258992439468,0.1646273475132014,496
2.1017869908304805,1.7541959845488941,0.6529079480723459,0.2950887779476836,0.012441006032613085,0.8269230769230769,-0.5370630257027448,0.7100844202495327,-0.4553497804346653,0.3979479696926734,0.6892416858474711,0.6054612389803454,0.7437746431819869,0.14396532432853731,-0.6527428785904041,497
2.281780581214218,2.1291467920254603,0.8734166258465732,0.6673813371735255,0.01545205043396826,0.8115384615384615,0.8224029501336325,-0.548891459610073,0.14957123111956233,0.40422130737956863,0.7487835413917663,0.5252888184619556,-0.4003230224104657,-0.3715391953858013,0.8376754168651609,498
3.2430373643928014,2.588865206098917,1.2078796525990352,0.8920267447099947,0.011757986818730512,0.8961538461538462,0.7354418841635874,0.65646976927698,-0.1678471836026489,-0.31333325235348813,0.5491238031076133,0.7747808218007314,0.6007890711285434,-0.5172141634623514,0.609542452275838,499
2.4661479185794755,1.8520504717800315,0.7659800253369509,0.3534946229559486,0.013880914635378721,0.8615384615384616,0.7035746512730672,0.1045857740427016,0.7028830101474006,-0.7012405388177553,-0.0580036672406231,0.7105612438806547,0.11508438992568047,-0.9928229401330975,0.032529874590995635,500
2.228312766148432,2.067935381000726,0.8679879067508096,0.4772416526856966,0.01338686050491185,0.8692307692307693,-0.5634047467450511,0.5887159443742372,-0.5796452606419679,0.5154116365730317,0.7987843365622211,0.31031343597717687,0.6456980224766482,-0.1239238496109702,-0.7534699352113154,501
3.1446673984414386,2.2817681857103738,1.1051671575937043,0.5723701138296962,0.016433416457170443,0.8615384615384616,0.8802767861620048,-0.4260321988391186,0.20882850690602037,0.09527625570859431,0.5898986641713226,0.8018366424073171,-0.4647958851393186,-0.6859417843820238,0.5598648529746822,502
4.975797379039052,2.60230164537557,1.4333462361494258,0.9820003566420479,0.009562723750571643,0.9076923076923077,-0.5179350648624892,0.8282013373451217,-0.2140696461566682,0.6868695825715174,0.55180632646914,0.47299043817678005,0.509856298503724,0.09794040477956464,-0.8546661523587421,503
3.006719271071525,2.468643907640492,1.2251559358237918,0.5070190638518624,0.01476677055153415,0.8730769230769231,0.40120614743517846,0.20465878200437534,0.89283168078239,0.8427910091691427,0.2993271128205745,-0.4473327557804784,-0.358799306192027,0.9319431648330196,-0.052392703663157375,504
2.07485589049913,1.9478057510266318,0.7336164164713332,0.4453625096159571,0.015340140458868615,0.8346153846153846,0.6214367333195084,-0.445913551481015,0.6441874657945204,0.768446128851727,0.18669470576705574,-0.6120748597119045,0.1526660850810461,0.8753891657109658,0.4586794905180372,505
2.3629437823884056,1.9867356400016736,0.8619533466783149,0.5965753576375287,0.01510934076685357,0.8461538461538461,0.8593677022111212,0.023621222025421194,0.5108122847645734,-0.4893934814077579,0.3276169830459065,0.8081838483757844,-0.14826048951751225,-0.9445152991296246,0.293103526007627,506
2.450195788255825,1.5812247383058953,0.7365348755705835,0.47047769116236615,0.014958812728572524,0.8423076923076923,-0.5669342584878188,0.7852655578495045,-0.24888461223662198,0.5657965152356856,0.590787967153758,0.5751902999994738,0.5987151659178358,0.18527703992032213,-0.779238454247698,507
2.5892441531001276,2.2584913890122835,0.959350765733815,0.36869102360733746,0.012046742596019127,0.8884615384615384,0.7138490040207557,0.15917678359426546,0.681969464875928,-0.6903377847963368,-0.00372359865051369,0.7234776276399821,0.11770022234924556,-0.9872430736032918,0.10722766098942887,508
3.538409098140714,2.2499847299357456,0.7770342513610204,0.29234830655755417,0.0031320243980763043,0.9307692307692308,-0.44661472673513186,0.7778673102709599,-0.4421060206275477,0.531867134064853,0.6281561483053737,0.5679235908533797,0.71948081111656,0.01850137719142647,-0.6942658435189486,509
2.1463903668324007,1.9181692474872751,0.7320214298571603,0.5621384685087023,0.018359497291668136,0.8346153846153846,0.5961006843961276,-0.02953533727667393,0.802366274163129,0.7858558810677493,0.22633276659891718,-0.5755032692825572,-0.16460409549491745,0.9736021480130543,0.15812763556907727,510
3.2928509071542935,2.6644614088938186,1.2193067457631532,0.8032364802610069,0.010257431769023707,0.8730769230769231,0.7414814880619183,-0.42901843988980876,0.515895707576636,-0.17786332206772068,0.6156946748174985,0.767648816884654,-0.646969737719252,-0.6609563114426621,0.38021955872836555,511
2.2221347878933866,2.1341939393460714,0.8005103578592644,0.5406375300470804,0.012845604370059605,0.8307692307692308,0.6333804321581973,-0.3697716191917131,0.6797780356847622,0.7517780884609866,0.08576137488462016,-0.6538154879534781,0.18346371267648598,0.9251561685565515,0.33230577772997183,512
4.559494261812544,3.4916435085530164,1.3871972000101342,0.2266231119568921,0.01039401339745728,0.9038461538461539,-0.6728838362871701,0.7055891853509025,-0.22219640946538846,0.09456269412550881,0.3799468932722708,0.9201620809251353,0.7336792485433852,0.5981506999148286,-0.3223825374430419,513
2.032593746520247,2.016994584074981,0.725309889064132,0.6514340166367781,0.017012810839172922,0.8615384615384616,0.8050526166620839,-0.20663089229550935,0.5560521187395057,-0.5930983574847999,-0.29801512828342575,0.7479447316901469,0.011163456201564087,-0.9319284616661168,-0.3624703016555437,514
2.8187710653975326,2.81875424152883,0.8882989132923722,0.6631972137587203,0.008194499386261553,0.9115384615384615,-0.5492241259552683,0.6742898629071948,-0.49364566264606036,0.47238725880323285,0.7377884394420147,0.4822017174856227,0.6893497930579505,0.031644895422692415,-0.7237371507699792,515
2.150903796387778,2.0397023849545386,0.7985381624207452,0.6158591875036339,0.013248297400467237,0.8538461538461538,0.8425919248961719,-0.3627912573855761,0.398021797976388,-0.2443979653134738,0.4009936195963302,0.8828781068718761,-0.4799046599590361,-0.841181681093702,0.24920854066820358,516
2.289360273066383,2.047365481773017,0.7898266330429066,0.39559247627326105,0.012776060721632862,0.8807692307692307,0.6495780314116646,0.3901300289136203,0.6525694918146299,-0.6512300083380406,-0.15744142684896537,0.7423689603908541,0.3923618958912577,-0.9071994034674074,0.15179388986714243,517
3.368656924416721,1.8908226051299075,1.0983405494642804,0.6430337160922809,0.013843008102956349,0.8923076923076924,0.8801910610219681,0.0764309726194334,0.4684250233724384,-0.46823577246210074,-0.021491678732806475,0.8833421585841273,0.07758194044906244,-0.9968432244689699,0.016870931997517866,518
2.9101244008389897,2.3753831838019517,0.923127416743981,0.7357855328786179,0.012799005460436231,0.8769230769230769,0.7708629688779035,-0.5945977049272104,-0.22852538700993055,0.5997357737564272,0.5565493514666677,0.5749520163098928,-0.21467949340708822,-0.5802640680563684,0.7856248000369835,519
2.1101385713378638,2.1101385713378584,0.7991452605061636,0.6656138386237334,0.02469419167084631,0.8153846153846154,0.878601094338017,0.169298572507348,0.44654015538920266,-0.47308314067515245,0.18087294811885818,0.862251308289948,0.06521088127738332,-0.9688255622070298,0.2390074705469684,520
2.8028787289451906,1.609107261133409,0.7267886315035661,0.19798771672174825,0.012076746755620399,0.8923076923076924,-0.4643267643917948,0.7704488713866509,-0.4368171155626604,0.5002387540826564,0.635146370910986,0.5885153153762747,0.7308637662268382,0.054750562532637354,-0.6803238428271359,521
4.098155488870253,2.3824083273076555,1.352106352557814,0.9937255638790911,0.01435276715088526,0.8807692307692307,0.7550558523527526,-0.5665013024963174,0.3301013997211071,0.15425314596760478,0.6428139762729282,0.7503306996700081,-0.6372571119940168,-0.5156224065904846,0.5727450628638207,522
3.3301726233252507,3.0023615852792194,1.06837316444486,0.7550082219514807,0.009845380434691004,0.9,-0.4840056321566256,0.7030866704408614,-0.5209680238642761,0.4615958051978426,0.7109165812700992,0.5305911110252318,0.7434163440928783,0.01633243165049425,-0.668629487094281,523
1.9893402324948088,1.89841688741115,0.6367841708820474,0.3109975583181234,0.012031605750298017,0.9,0.6207028139633058,0.5468171834696335,0.5618887653267067,-0.4478485301628255,-0.34096407609557466,0.8265441263739571,0.6435524149352798,-0.7646793227717279,0.03325391039172948,524
3.8625105728239415,2.9232481399034795,1.4262307243572623,0.7787096691815956,0.01150645069648223,0.8807692307692307,-0.616126212679062,0.7586946735539326,-0.2115913097710936,0.5988218856749459,0.6257113398109485,0.4998976579948038,0.5116647723719675,0.18129454363791356,-0.8398401330971648,525
2.4993508655488075,2.491545929825901,0.8159073621392587,0.7081934553636665,0.01428359022597288,0.8884615384615384,-0.5317356338792941,0.656052814402113,-0.5355855864173827,0.5152903311838661,0.7524918823220222,0.41016075095976884,0.6721109210922009,-0.05788498729831831,-0.738184420042896,526
3.2007057368338097,2.3846376886103755,1.1291744611479624,0.42288709868570235,0.012212330504383773,0.8769230769230769,-0.4544108978684154,0.7539026673726189,-0.47449078392195443,0.5510690455821249,0.6564161605395571,0.5152094051778485,0.6998811634124944,-0.027360415036267294,-0.7137350802569653,527
2.2327023362723786,2.22455308227615,0.7895589286600316,0.5342993509284365,0.015193897615327752,0.8269230769230769,-0.6706850697122598,0.0772959524596878,0.7377037840477781,0.6770781134559118,0.46993405992348675,0.5663278269719864,-0.30289728546826655,0.8793107045050563,-0.36751315540913226,528
3.4147112715467167,2.4127090214400195,1.0792924550815701,0.6561453819979234,0.011520221640538734,0.8846153846153846,-0.4076570894264553,0.7725713108932097,-0.48677434918563506,0.6140916703792513,0.6264780474328484,0.48001737099353686,0.6758010933782012,-0.10324158885581536,-0.7298178241995428,529
2.4750540068949816,2.1422056923391612,0.8084720326328493,0.30127805846870337,0.011875466054024625,0.8846153846153846,0.6997408171952167,-0.09612323791267541,0.7079004957507471,0.7106652808381911,-0.007487524153924978,-0.7034904374568424,0.07292220074946534,0.9953412782132708,0.06307212159605134,530
2.5730421802987116,2.5065965359490194,1.0556874898788204,0.5122556179071621,0.01071649103794427,0.8692307692307693,-0.5691568488498053,0.6774400845576334,-0.46597791068022365,0.43137321362369085,0.7284873630184742,0.5321872908012363,0.6999840226571815,0.10188765262256541,-0.7068530782756302,531
2.6826255624074644,1.93370174032355,0.7950267485332303,0.6346276767913505,0.011821604167038846,0.8423076923076923,0.7796075758618105,-0.46996997840797394,0.4139326600475973,-0.3165682983985806,0.27456431284763,0.9079641791169605,-0.5403670420259719,-0.8388937104935983,0.06527482199427459,532
2.4892613686468628,1.374998218694279,0.7572339498459473,0.2768802840960899,0.01926472398076917,0.8192307692307692,0.7505083644619448,-0.6460127337630898,0.13930090699128952,0.42790077170390234,0.6356636385513399,0.6425205585807169,-0.5036249839393012,-0.42261008795296273,0.7535002250248687,533
2.557049529724388,2.4633335640366143,1.018829908489111,0.7485230602520581,0.012406776634808596,0.8615384615384616,-0.29277490607682366,0.901608372918929,-0.31841042108289813,0.28095124574418934,0.39941819403872575,0.8726577243029657,0.9139744262759737,0.1660344788088433,-0.3702476197900272,534
3.6537439072427063,2.7364693395169146,1.32088591865862,0.6353697165360002,0.009013986954972046,0.8884615384615384,0.6123520900268777,-0.41023408763804103,0.6758201766590717,0.7814723368983572,0.184668419642153,-0.5959853701639749,0.11969087058892697,0.8930876598221777,0.4336686838716983,535
3.212746197424829,2.5724533773236558,1.1728318953914638,0.26524075801859914,0.00932568937879337,0.8576923076923076,0.5092935718683386,-0.6013766559851786,0.6156022866182952,0.706759358148961,0.7004185402283972,0.09952425921949831,-0.4910308211532737,0.3843956114999303,0.7817472395455813,536
5.258336019794091,2.232677785133395,1.4661507092236354,0.4680581358926012,0.009216421960221516,0.9115384615384615,-0.39799932625583223,0.7911620038754521,-0.46439123583857894,0.5505736942025427,0.6109065776601003,0.5689127882406836,0.7338018421563608,-0.0292546918528116,-0.6787333935003702,537
2.479373509670367,2.0155870040223745,0.8155514167102611,0.3510555192779023,0.013359974699696955,0.8730769230769231,0.6502487547081539,-0.3567148354087395,0.6707690237330663,-0.7044988892520366,0.047343838972001236,0.7081241952892444,-0.28435518641857366,-0.933012908330163,-0.22051993299053285,538
2.984312008782072,1.5321104636393188,0.7771585017293752,0.2676138255647441,0.015830544770233376,0.8153846153846154,-0.4239591113296711,0.7815909216163369,-0.4575743690018931,0.6085256997560765,0.6200209647447716,0.4952478934971255,0.6707869592180017,-0.06848090627238923,-0.7384816997185368,539
4.034094870279509,2.5958611823848794,1.3157055287765367,0.763284917447847,0.009121709464914286,0.8961538461538462,-0.595808991369629,0.6191379185017672,-0.5115465606143828,0.18741062535620712,0.7265415658765821,0.6610708060088567,0.7809538419821627,0.2980026693284862,-0.5489130220411939,540
2.2910155358025572,1.8555877768194902,0.6651164652970523,0.2773121302920631,0.011892984830559448,0.8115384615384615,0.6142376393610219,-0.5004466522066447,0.6101354527376366,-0.6910487907038405,0.03218193940637212,0.7220913319260966,-0.3810035318195342,-0.8651690419052258,-0.3260656953281579,541
2.604963019834712,2.6049424600421367,1.1075121137141068,0.540064410804114,0.009629801516608336,0.8692307692307693,0.620366899128046,-0.3993444090353479,0.6750325573173946,0.7355616479840025,-0.0024663861315188554,-0.6774533038922378,0.272202080229581,0.9167976657429158,0.29221236730677536,542
4.211819293535554,2.1035586318769184,0.9481000614621796,0.3106399892922699,0.0074923404167723,0.8846153846153846,-0.6444657709483866,0.6873967062729236,-0.33488750093283226,0.14014426551045786,0.5367405351445512,0.8320271526682738,0.7516804207377201,0.4892804575474855,-0.4422456092961096,543
2.518957680753154,1.925219804018473,0.8422863183603408,0.3908220611954929,0.015078565412438783,0.8307692307692308,0.7146056295443567,-0.4438818552784982,0.5406548739982208,-0.597862871166864,0.01371638425871675,0.8014810341380395,-0.36317871840683,-0.8959803342470111,-0.2555786750474048,544
2.5341521234773676,2.187288422508548,1.0114597016842115,0.43091015568641977,0.01280246514572924,0.8807692307692307,0.9141934784127429,-0.048964695350671786,0.4023092624298199,-0.32512083680183307,0.5040541108136056,0.8001411718248107,-0.24196430626207177,-0.8622829651460833,0.44488353814677506,545
2.7934974011628664,2.6822450551714225,1.131852401426003,0.7348889863244359,0.009838970571204097,0.9153846153846154,0.3810950241961484,0.6001485752192062,0.7032696994718981,0.7895325232302054,0.18452759239604308,-0.5853101420668062,-0.48104571227138304,0.7783130830885965,-0.40351427161680553,546
2.2257398929253145,2.0807653269464765,0.8021085269659914,0.4583809832590153,0.013827755521162242,0.8653846153846154,0.6430244657175419,0.2832417247014669,0.7115431553158307,0.7359552970358592,0.028498367961609157,-0.6764300730957968,-0.21187103920434777,0.9586250405719973,-0.1901280998032815,547
2.522339925597933,1.8824507242635025,0.8504226544030073,0.48250578533395244,0.013902060057926999,0.8192307692307692,0.8278828778625583,-0.004921345269501747,0.5608794174354651,-0.5598412938512906,0.05418889790036605,0.8268260331189728,-0.03446253387261816,-0.998518574541847,0.042106888438788605,548
3.829199208851408,2.774394819001948,1.2258897436334433,0.3428674014976718,0.010798784578854264,0.8769230769230769,-0.4200311817824398,0.7609966075898648,-0.4944269102376656,0.5823893643385512,0.6438651331663965,0.49624622779216865,0.6959859442803322,-0.07951008445056557,-0.7136397633504447,549
3.0960302464210754,1.946543530172156,0.9163193659550598,0.4955871499859794,0.011510157674701508,0.85,-0.5402589973772619,0.7334858233633788,-0.41245455831868544,0.14848393159683332,0.565545430603158,0.8112403392222527,0.828295078948597,0.3770370178760103,-0.4144518661324889,550
2.392410183526466,1.8930087704868184,0.813513806174408,0.20837510732530323,0.014289619441738777,0.8538461538461538,-0.5415392154133869,0.6926921529879314,-0.4763537124431776,0.36197277970515496,0.7035442674208342,0.6115563510681621,0.7587562091488785,0.15875466912259922,-0.6317325146846546,551
2.6137926899562207,2.6137492247391623,1.1585952804627242,0.8348657226808855,0.008830377616574766,0.8846153846153846,0.5234924462123081,-0.1343995293717936,0.8413634323306987,0.8136418718753782,0.3719234924216405,-0.44683310096278767,-0.2528686676711543,0.9184822710806837,0.30405222350886546,552
1.9821377273343268,1.8908145932429643,0.7583164376354791,0.6541401877207456,0.01597675372073793,0.8576923076923076,0.12590607815408497,0.2923336081891602,0.9479919414251179,0.9118090746879143,0.3423751526687867,-0.22667921420323137,-0.3908348382637184,0.8929279457818148,-0.2234453240532044,553
2.604871997129325,2.2002950184515395,0.9356338680872,0.605569046348037,0.011700788799348893,0.8807692307692307,-0.4843354336988033,0.73690958249122,-0.4715755028586707,0.5175776681253488,0.6759169681316234,0.5246423635674882,0.7053598692311029,0.010025937580595085,-0.70877848122944,554
3.0980099461986272,2.6360833591985235,1.0544288787118934,0.41952485856663563,0.011024234346849774,0.8461538461538461,-0.5093558279817793,0.7301132819297477,-0.4555120591716196,0.49737217978299547,0.6817265351994758,0.536535037050545,0.702266014611919,0.0467282222504857,-0.7103794183155939,555
2.8198489587993265,2.0535495694620582,0.9827252395346862,0.16546310571955528,0.01274141293614768,0.8923076923076924,0.49980098806702655,0.7082804246207216,0.49853566815857275,-0.4725279978616446,0.7053550132529229,-0.528385840570917,-0.7258899803441908,0.028515704060383035,0.6872194635324667,556
3.0760080856226333,1.4917981260303357,0.8163845390719557,0.1310425158892235,0.016496752072558067,0.85,-0.4280891523452856,0.7937503444142417,-0.43208803314436717,0.5730267955813794,0.6081171129807306,0.549394092110315,0.698841877100987,-0.01240836984676505,-0.7151685557738924,557
4.35561091765282,1.9165212341554978,1.0228513761410558,0.23948294514810597,0.006457070428462081,0.9153846153846154,-0.4512906311163428,0.8046797183656433,-0.3857814369790258,0.5269106694663762,0.5891831127793767,0.6125589000399059,0.7202096310582831,0.07316973736862281,-0.6898871479193525,558
1.7860147489343883,1.7860147489310652,0.577644962944449,0.582767367802206,0.013947539888954022,0.8730769230769231,-0.4746893460416081,0.7161500845465748,-0.511663054322397,0.5020682982546977,0.6977982136708033,0.5108865597032944,0.7229090182327389,-0.014377392036443004,-0.6907936319596526,559
3.2542653860739406,2.7867193532785515,1.1642612713848695,1.3005481082846015,0.03384187648114369,0.8692307692307693,0.9093601698103653,0.21622201939488778,-0.3554041641445138,0.18318087276983894,0.5589195324518984,0.8087358803064393,0.37350883445206995,-0.8005354424212261,0.4686514227159757,560
2.4117369945331317,2.2157328471680557,0.8993497039031028,0.6777405153955263,0.014527116815957496,0.8846153846153846,-0.5488437343173975,0.23052369943759524,0.8035106591067348,0.6871280732426732,-0.4229949845538496,0.5907031860453269,0.47605206255444965,0.8763184735242627,0.07375884148873676,561
2.8257810930763654,2.825749730005332,1.2070185863420984,0.9175489105527774,0.017117032815233392,0.8423076923076923,0.14003072973672065,-0.4776795123097062,0.8673025298296799,0.5020291963694974,0.789246440194714,0.3536336276891219,-0.8534389730507966,0.38589161711487474,0.3503278166495901,562
4.473009834060484,2.429352437274785,1.2295707901258837,0.5371754305734844,0.009627033252966094,0.9038461538461539,-0.467461356156208,0.7741024645948477,-0.4269019264524132,0.3125791698247292,0.5964564999066791,0.73927931548959,0.8269063689997086,0.212143861629924,-0.5207886700768957,563
1.9848251397665742,1.5869511010229984,0.4497248371456076,0.09893665702593953,0.0023562647345559138,0.9230769230769231,0.6953942649786418,-0.17160644085049545,0.6978381228432852,0.7123833720883025,0.036872533261182755,-0.7008211950726105,0.0945343715635411,0.9844753149518419,0.14789052317020848,564
3.8244935322968256,2.0593527508341865,1.161987243865154,0.5741946967601117,0.009740263664087083,0.9038461538461539,-0.6482677838735528,0.6557478368738263,-0.38696725291291806,0.053340321891720895,0.5460860412730135,0.8360292133575574,0.7595417634680534,0.5213298475649234,-0.3889877884789875,565
2.8984460258522615,2.2543120209622054,1.055712044563993,0.5662620206276664,0.01223528613416446,0.8692307692307693,-0.5000617242208921,0.808273741133114,-0.31085660900792894,0.6980601593329147,0.5886602862936336,0.4076654036005548,0.5124941813536369,-0.013138749384065118,-0.858590174264351,566
1.7561185460912376,1.1764040680589434,0.43547951107560784,0.2517932220269107,0.012680889695225846,0.8692307692307693,-0.4644885359420244,0.7595999177721243,-0.45525637271653524,0.40691818405978886,0.6396618279460926,0.6521122122381602,0.7865545063502711,0.11764655026495874,-0.6062106051124774,567
3.636736927188579,2.6017282311408563,1.1586655481262904,0.6614158552679071,0.012646526722464807,0.8615384615384616,0.7192281297166447,-0.21517581591847573,0.6606135524405441,-0.6621553509685243,0.07562840171593567,0.7455404992605321,-0.21038343235161755,-0.9736424975819982,-0.08808574398982537,568
3.3373788831077094,2.162781741127516,1.1038222745634652,0.530374973332148,0.009278127223107287,0.8730769230769231,-0.5284591600519005,0.7992201424819118,-0.28631814474188083,0.4595147294978285,0.5528633438689299,0.695117498255225,0.7138467129095554,0.2357738044339491,-0.6594191259062514,569
2.594226368907675,2.2738888241867508,0.9780854529448033,0.7811710921933251,0.013257230808687612,0.8884615384615384,0.5582755410368727,0.6572289269949374,0.5063383827057457,-0.3778915628333222,0.7447525192979948,-0.5500378639136393,-0.7385975812439249,0.1157316833039817,0.6641383820110464,570
3.186429514229822,2.8701111562767916,1.3232986684457808,0.784969372909063,0.013309575519425236,0.8730769230769231,-0.06759444532093437,0.38336233078432186,0.921121226710886,0.9079209003784178,0.40641058790832824,-0.10251864558240212,-0.4136552062017332,0.8293755225298244,-0.3755337707990886,571
2.024984893350019,1.835048847148479,0.6654180700148662,0.4705445480713086,0.013558604383632836,0.8423076923076923,0.6395240794745565,-0.4972759848613567,0.5862811157221328,-0.6309663407951919,0.09615865462446332,0.7698278963017247,-0.43919292862675613,-0.8622471270007113,-0.25226863345107375,572
2.3700525061219357,2.324429796339471,0.8524493742636022,0.6462750115476507,0.012657641248870977,0.8884615384615384,-0.5228073410181527,0.6596165837126287,-0.5399800428430754,0.7283985355296431,0.6747403172568044,0.11900032649727652,0.44284089424510054,-0.33110642814579694,-0.8332229447301196,573
2.597747259350417,2.250844013990122,0.9097129998989376,0.6015917487800174,0.012196088054188581,0.8884615384615384,0.634459299948784,-0.08844315433410356,0.7678796814344893,0.7727199852482988,0.04801201011079803,-0.6329286462809136,0.01911075891658902,0.9949234419474469,0.09880345923639237,574
3.005364291199646,1.951563567009473,0.95649855207879,0.4667793609257504,0.014409755155911816,0.8923076923076924,-0.6192381463506156,0.7566204848318142,-0.2099275113869642,0.5245411564543616,0.5975597714900638,0.6064477674806494,0.5842950395902524,0.26541997179868215,-0.7669103893419442,575
2.804486804192839,2.354238561790139,1.0445636541383438,0.6440524415261643,0.011385619774792542,0.8846153846153846,-0.4694149922902916,0.7255352823401718,-0.5032376368006198,0.6262938658297879,0.6753368727707214,0.3894561617181609,0.6224191181487642,-0.13235808383256986,-0.7714115496977507,576
2.5390606195960452,2.407457115205171,0.8186791417804573,0.44747270785621696,0.010191609006784333,0.8884615384615384,-0.4764769235862284,0.7205308759116926,-0.5037906292774136,0.5683519769892387,0.6896223147944082,0.44877287483762424,0.6707799725261834,-0.07250048134689188,-0.7381042667958515,577
3.5744241806212282,2.161992214118655,1.1433894087802012,0.5244586104621366,0.012842193149101783,0.9,-0.46956010874869136,0.6498825996744998,-0.5976335925232376,0.6905016422660947,0.6921384883047024,0.21012328532342042,0.5502006782072733,-0.31400146440358395,-0.7737456261929119,578
1.7754562191498051,1.7754562191467806,0.6153579013674062,0.45668501325852984,0.01614553776635254,0.8615384615384616,0.732980727505863,-0.6800722772841792,-0.015522589168256154,0.5548780129876417,0.5845348859343008,0.5919707406862778,-0.3935093948152476,-0.4425162876045179,0.8058099598521062,579
2.453175598462339,2.10883807018689,0.9278887524927321,0.4259912335242484,0.013610187474100017,0.8846153846153846,0.6493739709499377,0.48587155511204944,0.5850147671518287,-0.6804356578755676,0.027703324839929946,0.7322839895042476,0.3395891066335213,-0.8735910700813122,0.3485941493055138,580
2.579098040483056,1.8683860551287932,0.6394565075801762,0.2587070092296757,0.00846558007150139,0.8807692307692307,-0.5031033891403481,0.7499448201339383,-0.4294994139574238,0.5020530363964907,0.6581345772844257,0.5610718553159785,0.7034413468659342,0.06664566705289393,-0.7076218104203087,581
3.409609750175053,2.4977957256437056,1.0686300285569663,1.0736337704253733,0.01547526333500173,0.8846153846153846,0.7876164230841342,-0.5676720091873384,-0.23960146091659076,0.5640035621659713,0.5076168799755921,0.6513256367040535,-0.24811358679493895,-0.6481308457009708,0.719976426627077,582
2.0438731111757127,1.9146673135142327,0.7081759486132524,0.4735354026331975,0.013891774558802826,0.8730769230769231,0.625709669818784,-0.09099693483956514,0.7747302543111844,0.7692502336837269,-0.09275817972530637,-0.632178770658727,0.1293888985686177,0.9915217990260485,0.011959723380925484,583
2.927518526759242,1.3837623664077392,0.7286182637235838,0.12836515264858914,0.011152603421499199,0.8846153846153846,-0.5126640189559295,0.7467623752769993,-0.4236998448649805,0.3495487370931678,0.6322670915455421,0.6914144960478574,0.784213799970726,0.20635958862915818,-0.5851704333920835,584
2.9910334231772406,2.263544901346367,1.0411900776862602,0.7514995894655154,0.011779893877158885,0.8961538461538462,0.6195331528319736,0.3878377556619084,0.6824665177319751,-0.6589641829841196,-0.2154752420696667,0.7206501409138073,0.42654997138218886,-0.8961876451604052,0.12207713371349077,585
2.8732493323259383,1.5675660015353035,0.868507352044571,0.42408904576266754,0.010981912273810969,0.8730769230769231,-0.5724466016318631,0.6991749884462489,-0.42832140246702444,0.18496190484451452,0.6190282458063447,0.763277881672336,0.7988078505100085,0.3577126869781213,-0.48368135330863526,586
3.9729478418953335,2.9432284099945285,1.5315687360971237,0.4962343464230749,0.00950909558759317,0.8961538461538462,-0.41380007130553703,0.801854354261891,-0.4310441920949387,0.5698901598920263,0.5973955099065581,0.564219647302116,0.7099258458781263,-0.01217371326791336,-0.704171210757368,587
4.030105194647512,2.45888489720954,1.20697535130547,0.6564438239194612,0.011818429452628225,0.8692307692307693,-0.504697354545867,0.7974341003076487,-0.3307256203878592,0.437945919141389,0.5666393040290241,0.6979421688341428,0.7439650208321675,0.20740963043222962,-0.6352143677390794,588
2.751726885515331,2.5994164153253907,1.0979922371084248,0.4673357826706973,0.012442346032306682,0.9038461538461539,0.5598873760951525,0.38336848591604683,0.7345438925589968,-0.6638052104012588,-0.32301507704526605,0.6745545957486179,0.4958717260879326,-0.8652686657957045,0.07362993452866595,589
2.8927403549013513,2.159939712166813,0.997833468936543,0.7625202044836789,0.016653204774001517,0.8769230769230769,0.09191558282719811,-0.4623304836382602,0.88193086437223,0.9708715558879518,0.23841571581621498,0.023798496161513666,-0.22126894856993432,0.8540541378335769,0.4707776354587179,590
2.5703693593288635,2.525951915647567,0.9815655251497785,0.7480134710063194,0.013039417740937797,0.8923076923076924,-0.3146315717703216,0.74137643442167,-0.5927629851209911,0.5169228891005638,0.6575805287092492,0.5480680386470191,0.7961141254677393,-0.13397324638402827,-0.5901300437056745,591
2.36921319482024,1.8688607270052116,0.8344264410057599,0.2707009351252214,0.012854637065963802,0.8846153846153846,0.6241758248042846,0.5043005596890662,0.5967289880902266,-0.6973801286738981,0.015285669998744518,0.7165384179675691,0.35222932282913116,-0.8633928965366718,0.36123013488543226,592
2.8240087470372712,2.4409223360388634,0.9060096074579053,0.5014425085461888,0.011738977318940025,0.8615384615384616,-0.5087134675401092,0.698298578376106,-0.5035769091025002,0.3800764225940491,0.7069893060861074,0.5964126374147299,0.7724975863596133,0.1120054307513422,-0.62506180698454,593
2.2437567976705055,2.0484392257476816,0.6750208047862785,0.8758675832007531,0.01361378205261449,0.85,-0.5718971055224179,0.6616326187833516,-0.4849494596934455,0.8162090511524352,0.5180965912687585,-0.2556926024204341,0.08207609586183812,-0.5420499975810139,-0.8363284729162945,594
2.535129246443637,2.2334955028697716,0.9173663335427684,0.4031287300487083,0.012941356557383668,0.85,0.73989797426308,0.1134100603811564,0.6630906015664322,-0.6680885916469049,0.008424400180694229,0.7440340470656236,0.07879480561969565,-0.9935125503414327,0.08200116414671442,595
2.7622451456562045,2.024203601735804,0.755997457738657,0.5107290700511823,0.009950979960646643,0.9,-0.5283791830844232,0.6521315095092094,-0.5436358461215353,0.27402017035472437,0.7370410418816635,0.6178053486501712,0.8035722650277357,0.17746829825980695,-0.5681343309385226,596
1.8597006712121633,1.3937032485929832,0.5391241463355368,0.34117482706415503,0.015533933340023016,0.8269230769230769,0.802739640873941,-0.34825712410349813,-0.4840723545925104,0.5942329139360868,0.5351646334499669,0.6004049126209661,0.04996311604177353,-0.7696205497617143,0.6365437113190838,597
3.1051930798702463,2.328313772661666,1.1268197918737628,0.614455347714772,0.009707300989522964,0.9,0.7871366381004848,-0.19712154396421852,0.5844305004575215,-0.5539875546848659,0.19058469420811888,0.8104167221793245,-0.2711341037460042,-0.9616759179883629,0.04081331335594493,598
2.49827309617685,1.5924626057937625,0.755936647323994,0.349359222573471,0.013679572091409303,0.8884615384615384,-0.4834601551500466,0.742337200812266,-0.4638984357297431,0.5313712577552197,0.6700138248493797,0.5183879444415551,0.6956370208764977,0.004117620783235437,-0.71838163978846,599
2.550834132891187,2.164944146238429,0.9493854231138348,0.4935258246547642,0.01786729874924638,0.8538461538461538,-0.3297712921660288,0.30418644623201985,0.893712202440966,0.8545083424775533,0.49861561319652264,0.1455952022318053,-0.40133077068599193,0.8116976507329501,-0.42435897103183473,600
4.982547802627944,3.1708443714160306,1.5228313678846648,0.7052804558961963,0.008409694635977865,0.9,-0.5332912336977291,0.7375649566680821,-0.4142443659923022,0.3420226266414331,0.6358764528218097,0.6918682386206552,0.7737060054868705,0.22728632040218172,-0.591371241802971,601
2.436939167716686,2.261054749394069,0.9636731026820152,0.48880283206369396,0.011871477336395429,0.85,0.5077209901593027,-0.17682210209428723,0.8431804909760512,0.8302898230159721,0.36156230203538037,-0.424136194568422,-0.2298656258507633,0.9154270292917039,0.3303863618468581,602
2.6669898911715784,2.6669898911715784,1.0397278554907503,0.8183075444896342,0.012769268002569938,0.8846153846153846,0.46741774667452934,0.7603918210448604,-0.45091565572930215,0.24659108187105855,0.37767472121215745,0.8924990998869299,0.8489484604116827,-0.5283616975570808,-0.010973974632438765,603
2.8674295123414497,2.86741737494318,1.258274625774593,0.5174527288063372,0.011371088805721906,0.8692307692307693,0.44817635019878393,0.5971445882786584,0.665249050966635,-0.4237583764638954,0.797163220790063,-0.4300693406839144,-0.7871256554700656,-0.0891579503416543,0.6103147240495633,604
2.691877258330069,2.53287454822392,0.9966138221868501,0.45200136525874707,0.013618782019746084,0.8115384615384615,-0.40636468577600043,0.7678977006400841,-0.4951776080416441,0.5398778025292202,0.6390118419227954,0.5479012905794771,0.7371564966073301,-0.04468766310860406,-0.6742427695389096,605
2.553229265413086,2.281218630846582,0.9379541065104798,0.6323256496663525,0.01273554925249201,0.8884615384615384,0.48733436913844447,0.595276766548902,0.6388667966513196,-0.3797601872794609,0.8032954390364273,-0.4588013053389696,-0.786312541432415,-0.019026529645672835,0.6175358923623301,606
2.509180826401569,2.4097001063755643,0.8867854108786672,0.3416741134458786,0.010220939856436228,0.8384615384615385,-0.5591932040123515,0.7132461963814323,-0.42259061032377443,0.2645417403290507,0.6366026316245078,0.7243995838157475,0.7856975424487962,0.29328646875737485,-0.5446672553346232,607
3.287012039300902,2.462351189283346,1.1841074688020279,1.0662323659081352,0.010549361747966425,0.9,-0.4561115940431786,0.43039701020303633,0.7789227351847411,0.8737655515678722,0.382614347074235,0.30023327981129777,-0.16880750774975276,0.8175357331769936,-0.5505809207610384,608
2.433362369311876,2.433362367094154,0.8568795637476206,0.7053184120450454,0.015430431298319008,0.8807692307692307,-0.5238813826461509,0.6483375119353211,-0.5524552176731383,0.6435623335089753,0.7261585034981163,0.2419118655334183,0.5580105911228206,-0.22880624645077685,-0.7976665229153512,609
3.3892466637828225,2.1487561432140763,1.1537955760695087,0.5686312827435643,0.011072249461706781,0.9076923076923077,-0.6606784452851296,0.6863045390409068,-0.3041218039330168,0.20625623049396655,0.5555067223979586,0.8055250764272314,0.7217772227758671,0.4694660382418792,-0.5085659048927982,610
2.896510904736129,1.8614790387308078,0.9000574257083682,0.3431910492247192,0.012119309056098981,0.8807692307692307,-0.5085016596954065,0.7588549778627737,-0.4068970197235491,0.4214944978950769,0.6314352336919316,0.6508701359692215,0.7508451573601538,0.15946368936314348,-0.6409390621919535,611
2.842786259454172,2.8427862545014744,1.1044983446788441,1.1867528319348284,0.013756468794610514,0.9192307692307692,-0.5178360073124723,-0.331322207466464,0.7887150717275705,0.6935723366653793,0.37712037526286196,0.6137895701086196,-0.5008026391136562,0.8648732955763796,0.03450940821934537,612
2.592334215672138,2.4701412466835673,0.946522373178449,0.34024349460417785,0.011056541887701363,0.8807692307692307,0.6132663287257635,0.4640749602578972,0.6391704321328191,0.7535466887471923,-0.10115057685254938,-0.6495659694600222,-0.2367948435447143,0.8800017000347371,-0.41173439254767946,613
3.2196315124964254,2.5586506247501384,1.1810958033476615,0.7876802492920075,0.011884220637128018,0.9153846153846154,0.6119621032140731,0.29914188157139177,0.732131490184472,0.7719933957270545,-0.02480437450036322,-0.6351463925422682,-0.17183882327233127,0.9538861974552169,-0.2461148941466309,614
3.1275566881083394,2.4820836982219596,1.145088308005201,1.1748515868197191,0.012038829631325566,0.8615384615384616,0.7313555111776558,-0.2919862926883596,0.6163303668911481,0.2393554264982201,0.956122100219647,0.16893640601547782,-0.638614199713665,0.023969446253069418,0.7691536709724502,615
2.1534468182427724,1.867225814283096,0.8033665800664475,0.41148572321613053,0.013216616686670277,0.8846153846153846,0.5790292254474275,0.15822446118422226,0.7998063365344855,0.7781423511470468,0.18555459524484913,-0.6000533089108555,-0.24335085253415184,0.9698115858590692,-0.015679620672029437,616
3.2153545608490224,2.52211268416569,1.2652911805500517,0.7382225969155096,0.009408986955055232,0.8653846153846154,-0.3894662016694247,0.7096443869107207,-0.5871293910913491,0.4565989235873104,0.7023777816093004,0.5460612372989931,0.7998959311911147,-0.055410252009037764,-0.5975752699335829,617
2.297316060204768,1.6453926637003566,0.792777122348484,0.31407647034318503,0.015118914441281113,0.8692307692307693,0.543602998552608,0.6001726055343891,0.5867611298737127,-0.4749976976338096,0.7963329117056903,-0.3744744063042456,-0.6920064791656169,-0.0751447756028307,0.717969564461062,618
2.352588551090101,2.2982098144341507,0.9574046273338812,0.7619515570997327,0.013642849334246794,0.85,0.30613128305043225,0.6799903976264197,0.6662557291864437,-0.038387546491953056,-0.6904697855123076,0.7223419353525836,0.9512150302703508,-0.24670738625029348,-0.18527123834347367,619
2.163645181894225,1.9669331177874319,0.7062024995453811,0.31338054048480657,0.012730409506911643,0.8615384615384616,0.6304459497638519,-0.24856818612617973,0.7353582536915566,0.7721021679890296,0.10320389976503086,-0.627062355160896,0.0799759127049827,0.9631006239844466,0.25698451600782224,620
3.710559595604704,3.7105594405419504,1.637742751408488,1.0268802624668507,0.00851593971247433,0.9192307692307692,0.21838981509249997,0.570709539489469,0.7915784927596138,-0.4771289832308737,0.7700381483932811,-0.42354360269058483,-0.8512660113178115,-0.28518743232261395,0.4404705511385502,621
3.401217919978498,2.566282351953575,1.2142183990691366,0.6281080988523445,0.009159081430008986,0.9153846153846154,-0.6028934961650789,0.7550817357388011,-0.2576257064726408,0.5311165591047989,0.6208108933093485,0.5766359643597746,0.5953441298329283,0.21082079380869442,-0.7753192632531101,622
3.5238404090050546,2.5403836455481947,1.2953463807522176,0.6030087322431495,0.0134078121689318,0.8846153846153846,-0.5473491275631266,0.7311340405456549,-0.4072492447031289,0.18827697052498796,0.5817139226502254,0.7913031622360803,0.8154512339348179,0.35644344144656714,-0.4560563102555546,623
2.2211896575549015,2.221186966945481,0.8661258529843288,0.6156419396733295,0.012677388526280966,0.8961538461538462,0.6291684862105985,0.4062071053209958,0.6626785069294169,0.7080124544583511,0.052288242553177586,-0.70426153098303,-0.32072633239465237,0.9122837975528435,-0.25470157524294484,624
2.0336699337179405,2.0336699337179405,0.8406178889707328,0.9550716561777643,0.036280596256072724,0.7384615384615385,-0.06276851152256267,0.2840608795151713,0.9567494607734615,0.7178455691460707,0.6788523860443696,-0.15445768617721867,-0.6933670404761073,0.6771032821445585,-0.24652239754324673,625
2.9761020810881185,2.2446892601614383,1.0370853111238103,0.7023173542529644,0.011731153752889677,0.8153846153846154,0.5957043731902816,-0.2407377639953181,0.7662777751889378,0.802882941122543,0.20543666561477195,-0.5596201919833662,-0.022699837364814984,0.9485995495506094,0.3156637641161748,626
3.986388621220395,2.2773949089236787,1.224689320717846,0.7197199683607773,0.01251284365836996,0.9076923076923077,-0.43600806512187223,-0.6142740329427195,0.6576962669811712,0.4145856380697158,0.5115501297126313,0.7526189032287967,-0.7987588596410108,0.6008193382733923,0.03162920962836793,627
4.032930813744808,2.19306340553285,1.2978588508435775,0.427359268482467,0.009628672487552049,0.8692307692307693,-0.43466790616062423,0.7310310372154302,-0.5259823513975267,0.6519311132760829,0.6583488121002717,0.37624814305025933,0.62132892649268,-0.1793612673736822,-0.7627449776101843,628
2.6657527295041974,2.5261199984843117,1.0422817857914344,0.627273008950567,0.011098660165869646,0.8615384615384616,-0.5228160852923968,0.6801334939007273,-0.5138888707044769,0.18965628199880757,0.6805374268112062,0.7077424004590731,0.8310799213420584,0.27255685862507933,-0.4847875030964664,629
2.4164752605446775,1.8039432793962056,0.8621195321865143,0.7332354160691401,0.014925383594759416,0.8576923076923076,0.30729410332087087,0.11297638121919534,0.9448844751348374,0.8374763695843068,0.4394007121770713,-0.3249005148136461,-0.45188899571920504,0.8911584322806456,0.0404101982547808,630
2.4822659775597167,2.4819257240925747,0.9134072419528837,0.8488337434697651,0.0173243425561229,0.85,0.7007764999575371,-0.6884782766846781,0.1868420713880033,0.4801801726216227,0.6489254432981505,0.5901887586707895,-0.5275787134905392,-0.32387255452352637,0.7853453186325572,631
3.1795236699284555,2.881293969465995,1.1365415039626527,0.8839240961893541,0.010754668338715996,0.9153846153846154,0.5403689802567591,0.27193923395987196,0.7962728290037205,0.7849790537057598,0.17785313997255175,-0.593444307281748,-0.30300041323318394,0.9457363869679658,-0.11736028265685908,632
2.1135230456412573,2.1075974066446452,0.6876140222596955,0.41472987104626857,0.011975448610872035,0.8769230769230769,-0.47871096066369095,0.7697896834378735,-0.42220807596854976,0.5830882048290615,0.6382732202462129,0.5026086367202138,0.6563870516163985,-0.005580285758632092,-0.7544036710416934,633
3.1200371999065544,3.1200067791168866,1.212948167399881,0.8473528909252732,0.011684815318622291,0.8769230769230769,0.7016171293157277,-0.40958516782712356,0.583072374707278,-0.6569867512260971,-0.055048542571623324,0.7518896638963184,-0.275865569733042,-0.9106094927337224,-0.3077150291732546,634
2.4415709015433293,1.4518983417569824,0.6266582410204129,0.29679296124723853,0.013510044014386845,0.85,-0.47009842814559594,0.7606272805594223,-0.44772045734343874,0.534464920270024,0.6490101903596918,0.5414176038974293,0.7023921389478935,0.015228686025216709,-0.7116272691979619,635
1.9643249672519274,1.4885112195962618,0.5892028580149744,0.48226090746741956,0.015575500184117507,0.823076923076923,-0.46505864598664487,0.7247280139450751,-0.5084188839886806,0.5083748261445347,0.6887969960076942,0.5168304697222201,0.7247589198730724,-0.01811088330268648,-0.6887644764144082,636
3.5267976432724626,3.4537413540738497,1.5363969975723204,1.0740574340363187,0.00698616358892398,0.9,-0.5352504999087666,0.781045348034385,-0.32167540574508,0.7225465648088414,0.620606608553577,0.3045880810251282,0.4375309863659466,-0.06939453676964602,-0.8965216306571571,637
3.1908820047227873,2.7148943917181976,1.22610185922094,0.7102673826663155,0.011459552699504836,0.8769230769230769,-0.532589020367733,0.7464968809157967,-0.3988625604976297,0.4929710471005209,0.65667218605597,0.570754927075614,0.6879887223671289,0.1073501133835468,-0.7177377453166199,638
2.547856465907818,2.0875532868024536,0.8333287022788656,0.4669882508735019,0.013784133079056786,0.85,-0.32333169024857883,0.7572362266900722,-0.5674944185357058,0.7206501282806457,0.5857116705022526,0.37095179153974916,0.6132862387907346,-0.28902445575702124,-0.7350815283247646,639
2.1967437160515635,2.196661508295667,0.8269263103691805,0.65585559371173,0.01364824947005826,0.8769230769230769,0.6569426360751277,0.2837159901815083,0.6985210160202688,0.7464354103226288,-0.11435145718298377,-0.6555592440478717,-0.10611574399282686,0.9520656391002957,-0.2868980092670465,640
2.5212468485652124,1.9195799558491073,0.8644142122311914,0.3653626535867154,0.013421498216373255,0.8653846153846154,0.6001295456880632,-0.32059403313956997,0.7328465011907631,0.7982200664078652,0.2994162859121492,-0.5226802208945707,-0.05185801747137997,0.8986486263528579,0.43559315005869825,641
2.164409770240257,2.1644096983915326,0.7826261432905426,0.35637178224144633,0.013044623393363486,0.8961538461538462,0.5529934008561791,0.37967996956563643,0.7416477730837966,0.7750550514900865,0.09224135774416185,-0.625124946775613,-0.30575801832366833,0.9205078232324542,-0.24326401624291333,642
2.205561790273112,1.8995646336773857,0.8155656417126437,0.7982616803658693,0.01284077748709993,0.8538461538461538,0.46267458637713765,-0.2159749042051037,0.8598180434686986,0.8864607468101391,0.10074477089371056,-0.45170547428870556,0.010934874738891612,0.9711875884149108,0.23806532007681153,643
2.664072968391682,2.664072968391369,0.8934497765389294,0.682534434549832,0.009854772581592026,0.8692307692307693,-0.5562682623475037,0.7559606108347905,-0.3450929949610385,0.492499434721764,0.6343891021320543,0.5958143787244723,0.669335436910098,0.16147452418996763,-0.7252006970032447,644
2.358562390532521,2.126791523737023,0.912518342746786,0.5016453881656726,0.013243010264826717,0.8730769230769231,-0.4134846922186094,0.7396358345430948,-0.5310077603581906,0.5332121711190635,0.6694333454878962,0.5172463402667802,0.7380482300442002,-0.06926635697525052,-0.6711832699941207,645
3.4046401297318294,2.538220129052357,1.135467410731008,0.6037059816760196,0.01176327211902229,0.8807692307692307,-0.5724272489068746,0.626867911762914,-0.5285486410075336,-0.1715202626777948,0.5388013478073207,0.8247871889717705,0.8018153429561246,0.5627874632603487,-0.20090402434280497,646
5.228690527314713,2.043198123105464,1.4283927368350946,0.5533328942785013,0.012002846777659846,0.9,-0.516703255327767,0.782626473755578,-0.347150613582344,0.35004659084497686,0.5631444942820322,0.7485557178979021,0.7813354786335367,0.26526228743781816,-0.564934322458601,647
2.3832826522459034,1.8829951870352712,0.8189127112753617,0.5083401537861896,0.013806210059597477,0.8807692307692307,-0.5206765799406714,0.6851734914320424,-0.5093458409961846,0.4437687149859554,0.7268697504150061,0.5241466336163391,0.7293594632970767,0.04687912723645396,-0.6825226155436528,648
2.081609110232566,1.9760019298311806,0.7071305642605422,0.41951662675328494,0.014301634426697555,0.8730769230769231,0.6628828070985394,-0.40349802257413075,0.6306946407192049,0.7476541883163023,0.31173048540349263,-0.5863764312821534,0.03999498401364546,0.8602403444670967,0.5083177657773522,649
2.615182536849027,1.8473499706066097,0.8817899150147261,0.6657795062938424,0.014136051556699312,0.8769230769230769,0.8480698266330154,-0.3336107736132462,0.4116812126923194,-0.1269312440939357,0.6264041677285065,0.7690944531883731,-0.5144570229158243,-0.7045010080770137,0.4888888433898432,650
3.7228982767886603,1.868805673261281,1.060928558393693,0.44373088903992275,0.012544760744657458,0.8423076923076923,-0.5944035150310936,0.7369829658962282,-0.32177720444040064,0.5721618221750844,0.6687559107677706,0.4747592874904681,0.5650799152013525,0.09808995765096745,-0.8191843807373672,651
2.5509775707844375,2.204161153577012,0.992871962315824,0.5379657708093831,0.011143888045576027,0.9038461538461539,0.6107567103671503,-0.46847974744535353,0.638359590650156,0.7693168696315285,0.5419127476913429,-0.33835207697007674,-0.18742410421779457,0.6977516034543789,0.6913862198764165,652
3.704290109989454,1.6017486871087503,1.0165104891334669,0.2646750824284698,0.010233239284155675,0.8923076923076924,-0.4939316852864094,0.7596860529536696,-0.42297587545603793,0.4276797403860654,0.6358102324508866,0.642522675066069,0.757047904648996,0.13646409512550844,-0.6389491535389502,653
3.3392236810282285,2.818992148057845,1.3150933390560515,0.8306986613276958,0.010427711454398128,0.8846153846153846,0.32255747120281014,0.43519106022179993,0.8405744576623025,-0.5511866000617207,0.8083037871328063,-0.2069742003708771,-0.7695128391935051,-0.3965523027417555,0.500595906402122,654
2.703853122234131,2.087140048845523,0.8043959848754162,0.5858525748478288,0.012294863775007466,0.8076923076923077,-0.5834279020182679,0.5844959461689974,-0.5638939368875774,0.7100042938201492,0.029945277217277213,-0.7035603621078519,-0.39434221927599095,-0.810843862457125,-0.43246554176269036,655
2.695672235389112,2.6956684609745114,0.9973413989797338,0.9254662300087957,0.01437700366370736,0.9,-0.5101426570439702,0.7409549083765627,-0.4367382433641434,0.6574408794953016,0.6633297549000717,0.35744247961407033,0.55455023165856,-0.10478291853584851,-0.8255268502904962,656
1.9626337065258297,1.3808757888279182,0.5848476258007075,0.23648869218893306,0.017406524810713666,0.8269230769230769,-0.5828163861656367,0.7645841011360426,-0.2752021299096669,0.5596781114251704,0.6232261365002583,0.546213872374655,0.5891396028178566,0.16431778684290793,-0.7911473903885842,657
3.2408513458275556,2.1420764561681294,0.9735875501377274,0.2561785461119477,0.011636002296586633,0.8576923076923076,0.7638316226329485,0.036829084718989345,0.6443639272838593,-0.6438093146896837,0.1138697500913898,0.7566658749626047,-0.04550624775475356,-0.9928128214990407,0.11068822377469544,658
1.8010548098944725,1.8007991257496063,0.6921158619276386,0.4566016388612623,0.0172314414279087,0.8269230769230769,0.8656665446498116,0.15179649946408363,-0.47705267657199685,0.3546933963152771,0.486508822377039,0.7984370735127725,0.3532902886924427,-0.8603876966227244,0.36731319526509437,659
2.1664051001081184,1.7200064106993482,0.6461538805151279,0.44078510452951664,0.013332171111518512,0.8692307692307693,0.6793639998068626,-0.2787656225749616,0.6787888356748476,-0.6730143179446374,0.13193377869396028,0.7277672745329016,-0.29243167340070364,-0.9512534918253532,-0.09798219574053774,660
2.431027835175357,2.0497024069230143,0.932421102939283,0.3774462297279211,0.013047470106258363,0.8730769230769231,0.6055734076827414,0.25324457607362366,0.7544190033375372,0.7676460108115929,0.06399100608713608,-0.6376713520497873,-0.2097628422589663,0.965283552034969,-0.15565093696535615,661
2.5792463873575073,2.26441602897653,0.9331507028357506,0.5112850435386227,0.013217344064498454,0.8884615384615384,0.6932293075761904,0.05303629419528355,0.7187630197884883,0.7203467158029312,-0.019019012148933007,-0.6933533631625436,-0.023102730344416903,0.9984114525960278,-0.051389056964718544,662
2.4305241523462833,2.4305241506104696,1.0098425608655972,0.5323728566037721,0.011876746077056332,0.8538461538461538,0.6275018627754884,-0.3499963266852675,0.6955170619906543,0.7412988775155582,-0.004674236120519998,-0.6711587932157808,0.23815412322163496,0.9367394103076422,0.2565187922336786,663
3.281279723932159,2.4407151579593065,0.9990563786658048,0.5836392271162728,0.01764662106811392,0.8846153846153846,-0.5917090725273783,0.7270830404311187,-0.34818188609723794,0.45331888025224637,0.6572480900253763,0.6021021017774679,0.666620106429171,0.19843185347981554,-0.7185001275079397,664
1.927839293228892,1.927839293228892,0.7336973911776572,0.528120159110372,0.017896795417968552,0.8384615384615385,0.8179491249984089,-0.4248305121108305,-0.38791528056263364,0.572406531989473,0.5335631718272711,0.6226243681429489,-0.05753252167358669,-0.7313202975777928,0.6796032896481644,665
2.4552720787476794,2.455253866717392,0.9077370327359549,0.36578718889798156,0.012226305268468563,0.8807692307692307,0.4571465166277979,-0.5894561664886656,0.6660018694595061,0.6178449315899405,0.7491196771257896,0.23892959182900422,-0.639753626674904,0.3022600488510502,0.7066499557948536,666
4.543674685850204,2.9791732797534918,1.5620560648883302,1.0501326427864748,0.009905215007979173,0.9038461538461539,-0.48862804857006104,0.8302173503452268,-0.26829420667685866,0.26916044604203176,0.435941044537939,0.8587828945511347,0.8299369159382348,0.3474112215702331,-0.43647469421492224,667
3.039427430662684,2.7614525657719198,0.886316068415945,1.0759039641931958,0.007243920187247905,0.9038461538461539,0.40917551070136404,-0.522271383214894,0.7482031834448977,0.7239057220508623,0.6849783624420844,0.08225052320915628,-0.5554600858966353,0.5079736659128715,0.6583516140443044,668
3.3422053977804183,3.1989112239359945,1.179825746664538,0.881415074649344,0.010351754450653804,0.8884615384615384,-0.41565885740588404,0.8082661013260394,-0.41705350221193394,0.5802792815161009,0.588761465482541,0.5627040893809183,0.7003596716710585,-0.008114567767623648,-0.713743990578381,669
2.923229114072681,2.6446539114981857,1.2105494948612587,0.4127213393844826,0.010298403927228339,0.8846153846153846,0.7599256846333178,0.42762145631056114,0.4895435056636112,-0.5782646674149619,0.10080098884755614,0.8095981318325892,0.2968550627057703,-0.8983201270984581,0.3238796396746228,670
2.518446884937814,1.6751729982515715,0.8523154150972252,0.18680075053613174,0.013905831665370162,0.8076923076923077,-0.4620185496292541,0.7802801200194442,-0.42154690616931617,0.5033835306724118,0.6220561945547184,0.5997091894109006,0.7301670225683009,0.06487699991941764,-0.6801816625249452,671
2.7486401697885814,2.7486401697885814,1.123951358393943,1.08360289498209,0.05298061092857332,0.823076923076923,0.9636404072220047,0.19335318632644302,-0.18442264206550377,0.02876200821014825,0.6111285932301616,0.7910085899787961,0.2656499810892681,-0.7675522053084961,0.5833469805127443,672
4.168729625314007,2.3036789906661443,1.1722150861651885,0.4248329788002172,0.00995981234318926,0.926923076923077,-0.3643110507923439,0.7629100969769773,-0.53408392804985,0.5653669784385639,0.6369032741383852,0.524132043556825,0.7400254306183178,-0.11100632109201763,-0.6633550774025848,673
2.9107093240376094,2.2711235944336856,0.9217370719246906,0.5935872265147347,0.01084913620224392,0.8692307692307693,-0.43785742841786734,0.7761780135356825,-0.4536833297390307,0.43855139668532267,0.6249151754395841,0.6458743654695289,0.7848270795816394,0.08383743083561004,-0.6140177036097896,674
1.8647746393633222,1.4197631767433179,0.5652429671029271,0.34933872008447103,0.016539149020080357,0.8423076923076923,-0.5019475802924828,0.7906742348428685,-0.35054654611644126,0.5093146791562829,0.5977939023686772,0.6190646233526522,0.6990330351524557,0.13219948807190257,-0.7027631970436933,675
2.610229898069745,2.1498544800902644,0.9623994474468458,0.2524805279647939,0.011505476383161062,0.8846153846153846,0.7340630457123103,0.08605798459396415,0.6736063154448537,-0.6743641854459596,-0.02433435424905858,0.7379978215354628,0.07990237986051613,-0.9959929028315947,0.04017147248632333,676
1.2939502856264595,1.2939502717291644,0.45515927918887433,0.2565089560899188,0.021171682328663614,0.7846153846153846,0.8369599929633269,-0.5458494532861542,0.03932358740036755,0.38307379397955255,0.635656764753044,0.6702200726550979,-0.3908355645855929,-0.5458835514749458,0.7411199023667905,677
1.7810927186657153,1.7527794443162381,0.7108490364029277,0.3358208974298738,0.014541667208278923,0.8384615384615385,0.7651027836709099,0.6000123360671256,0.23367269199950524,-0.3828508635784123,0.13211380231146455,0.9143145845364555,0.5177286419315517,-0.7890064257064565,0.3307958789308494,678
2.3482521830031406,1.9929253477294664,0.6566937983385397,0.47047915675857505,0.008711290986976598,0.8923076923076924,0.5829815587244478,-0.514121773911282,0.6291353620466185,-0.6920522685668207,0.0914674053689826,0.7160288900083457,-0.4256714222950966,-0.8528261929287719,-0.30247532940041044,679
2.4982374271808663,2.0550664258883433,0.8655612308726665,0.6717094206305815,0.012851418043023715,0.9,0.6341584335997723,-0.05199121480023963,0.7714531707614394,0.76070246302799,0.2206373341123083,-0.6104514145605389,-0.1384732603697642,0.973969239955456,0.1794688713486506,680
3.3101228219180476,3.3098478417315533,1.3061901234278432,0.5681237091240844,0.013142924709878776,0.9038461538461539,-0.6808008232111981,0.7261586778224253,-0.09593650889073578,0.4139794335762256,0.4895143455555886,0.7674612264285351,0.6042609268278584,0.482772493125355,-0.6338765275593241,681
2.2404529098993655,1.944932212151051,0.8217957944886417,0.4394170433645763,0.014870214974605112,0.8653846153846154,0.6524638005300792,0.24267948714638543,0.7179120109847812,0.7110103359636847,0.13175251558489934,-0.6907282944760981,-0.26221230167681575,0.9611180682701884,-0.08658387663952427,682
2.087304100970215,1.6464096411538438,0.6349329155696946,0.16441057981811882,0.0133650216887323,0.8730769230769231,-0.4827984990387494,0.7444657775053269,-0.4611684241677002,0.5571024795449699,0.667408837757679,0.49416826139260545,0.6756792409204068,-0.018334377718733946,-0.7369677156991952,683
2.7536323447340707,2.365509331084152,1.040028124530277,0.8402670130999664,0.011348766869267002,0.8961538461538462,0.7799834392114166,0.5006349349133359,0.37548701242553034,-0.47133116457543023,0.07525466345077432,0.8787398186772234,0.4116707031790083,-0.8623812367933515,0.29466223811487996,684
3.1280023967665196,2.0207261828640264,1.0022894653904637,0.7380216450153306,0.014354189485197006,0.8884615384615384,-0.37682653067455074,0.879861725933986,-0.2895601992958443,0.3440776169080245,0.42319795129731325,0.8381611346039922,0.8600071856226996,0.21621016917394076,-0.4622129416438914,685
2.7327172998378195,2.546093913347824,1.0568821241846904,0.6326209219078749,0.01207058104882814,0.8961538461538462,0.6516363595997895,0.34042016875547904,0.6778526119681365,0.7257916331067149,-0.020112952238120502,-0.6876205163202702,-0.22044627499647565,0.9400582842870746,-0.2601804412007559,686
3.8207467537481072,2.964211849651479,1.3294721486400876,0.7065722806832799,0.0109551833241391,0.9,-0.5278784761022942,0.7733634246117147,-0.35107453331274313,0.5651833414858416,0.6284108933338387,0.53447875509347,0.6339653815271133,0.08371835289951368,-0.7688167092441307,687
2.853738340692637,2.442508033672593,0.9437522088476786,0.7499191928801276,0.012297500441431288,0.8538461538461538,-0.5080173498129393,0.6548413663162124,-0.5595544274243158,0.1731508459727809,0.714005680223775,0.6783912389964178,0.8437636854166859,0.2477471968949412,-0.4761136099742911,688
3.0674819285784496,1.9777465791347388,1.0495102246815933,0.5002415938585805,0.011279987992845027,0.823076923076923,-0.4782667107314547,0.7785422341644115,-0.40636552883875576,0.6098999669888567,0.6273809578530478,0.4841643976898588,0.6318884266016482,-0.01628260868776174,-0.7748883100042319,689
3.278190364320058,2.4823987048525034,1.14054262008,0.764717574368056,0.011624112873219468,0.8615384615384616,0.5845667519096124,-0.19201712264342416,0.7882963511101557,0.7816062762835664,0.39391770005852994,-0.48365325849696844,-0.2176541785401398,0.8988649899692046,0.3803529786549314,690
1.9666966507919017,1.921197481955933,0.740352749388046,0.29131462823881205,0.013975922815969224,0.8538461538461538,0.7358602243225223,-0.014186934365314475,0.6769848308147839,-0.6767257456068763,0.01928144604888503,0.735982670360574,-0.023494584329683155,-0.9997134373067005,0.004587785478551893,691
2.4279362331321237,2.427863784775963,1.007343576566053,0.5516015301597899,0.012443880933076629,0.8884615384615384,0.4256452996558466,0.696272002865549,0.57795447650008,-0.38655159567800645,0.7174001779207776,-0.5795816151311425,-0.8181710962626776,0.023286965127161857,0.5745030674378465,692
2.9912820917089484,2.5230874461772705,1.202734364772719,0.4655326466552942,0.009215460440452582,0.8538461538461538,-0.4508704816414146,0.728777642855399,-0.515362936248395,0.5065958125831265,0.6843081653998698,0.5244835721357783,0.7348989668367214,-0.02460654468211368,-0.6777300542997384,693
2.633746079948839,2.616117614946102,1.106426502460171,1.1035011892264033,0.012160764245548713,0.8653846153846154,0.6919242931999126,-0.32859770763600643,0.6428563751073509,-0.6847633468821579,-0.01653527265472783,0.7285778911859592,-0.22877921943775187,-0.944325225382969,-0.23645282290312697,694
2.1524930933285593,2.142511048594138,0.7951361680292057,0.4844449430024221,0.015511937052836763,0.8384615384615385,-0.563101185128153,0.6417822750003943,-0.5206078820019803,0.3533886834739586,0.7564801253706408,0.5503219587766437,0.7470163945321494,0.12591001316232886,-0.6527734483614129,695
1.890917510890564,1.8909127891773296,0.5580517198291942,0.3558739716635078,0.00904625719525547,0.8692307692307693,-0.5791295301536731,0.6752256053354752,-0.4568143706182273,0.4141742125067739,0.7263365017402488,0.5485389757657438,0.7021885138610426,0.12847438709361048,-0.700303950340523,696
2.5736060755243826,1.9224726254004192,0.8826603979698063,0.32602745323237664,0.013225135441043695,0.8615384615384616,0.729905407288289,0.1584492479248756,0.66493002056108,-0.6826822140053813,0.12003136625507052,0.7207894739767305,0.034396091231821094,-0.980044033167379,0.1957820266546187,697
2.533296829236947,2.5332916120025026,0.9489388825635322,0.6262342752738943,0.011071537313936577,0.8961538461538462,0.7006347422933376,0.21593060462537153,0.6800624470426742,-0.6892121644723467,-0.04185181477933592,0.7233498586044095,0.1846552198961391,-0.9755113528738647,0.11949916392724631,698
2.7029770090665153,2.300915406791223,1.0485607028469541,0.7094630226325148,0.012713867419905498,0.8846153846153846,-0.4730927754095758,0.2205359303200887,0.8529637326950763,0.7267136723584336,0.6450200796932972,0.23629713328724847,-0.49806672671699703,0.731650873183587,-0.465420815506903,699
3.148666332335174,2.2837250017560136,1.1607291566347364,0.636035185340566,0.01040474269109043,0.8692307692307693,0.7420879515871428,-0.3823198346354054,0.5505788010390108,-0.4651543582007377,0.2976984846315054,0.8336708195054958,-0.4826353645932487,-0.8747611995810407,0.04308072134354618,700
3.1845635933242615,2.4877724175912856,1.1001400735071003,0.5400023503461181,0.010657776520101874,0.8615384615384616,0.696737439377517,-0.6239966636231037,0.35381507084477914,0.35457845888365097,0.7283610588269367,0.5863141516970222,-0.623563194123383,-0.2830518181742327,0.7287321944053969,701
2.827309480181479,2.472198142446078,1.1529626844612175,0.8150468109897883,0.011861328890024723,0.8730769230769231,0.7920004087683011,-0.6099846552915212,0.025574847403809015,0.5575701693286766,0.7397395579190719,0.37669734897459395,-0.24869832887583898,-0.28408468237231693,0.9259832797927752,702
2.4575202178337188,1.9404099371289156,0.8487990150113923,0.5012485209650603,0.013901723332463327,0.8769230769230769,0.42296385978930395,0.6356174009449933,0.6458266740605143,-0.04148531810240338,0.7255533928980004,-0.6869142904585275,-0.9051964105618606,0.2637475946243522,0.3332516536129895,703
2.938821251315799,2.3762275037844853,1.0278374075667358,0.7900939968605871,0.012224594612699454,0.8961538461538462,-0.5368801118587806,0.32643645370950486,0.7779453625930716,0.6524089907864405,-0.4240007443101513,0.6281607099822909,0.5349039672983567,0.8447855411369207,0.014667489712917564,704
3.342355796036206,2.6231200864247026,1.1026369169377341,0.7958826095085269,0.011800274064826288,0.9,-0.5759400245398009,0.7276117900163197,-0.37265824982460904,0.09335508623783612,0.5114127758980846,0.8542492613527632,0.8121440241771283,0.4572067974969998,-0.36246934810535036,705
2.233462354018436,2.1227622340050023,0.8023298829633687,0.2763024772890433,0.013773359914301338,0.8692307692307693,0.7082041636187526,0.2791046829738191,0.6484962903326024,-0.6539132090509482,-0.08697657100195419,0.7515534519416652,0.2661660715826753,-0.9563135741161608,0.12091306918369155,706
2.3666377537014847,1.8455169015240716,0.7668809366919331,0.40791198355575686,0.014852148683056243,0.8307692307692308,-0.6308549043203859,0.7505283116238199,-0.19679772139436744,0.5466311753500898,0.6099157468816971,0.5737570390340505,0.5506509310173698,0.2543816722109513,-0.795030513258997,707
2.7564364807331185,2.567435352126308,1.0598590133969894,1.187869479418387,0.029155403060404782,0.8038461538461539,-0.03647605691598983,0.11278856836028855,0.9929492616035817,0.8392581991423734,0.5428581913831357,-0.030832762129444767,-0.5425082233885138,0.8322161515468607,-0.11446005705210481,708
1.771564000042299,1.6523509472895468,0.599960237585155,0.42882620462169374,0.017406750976448507,0.85,0.6666550008268581,-0.4341925351038549,0.6058448252916167,-0.37803000083001714,0.50356315528027,0.7768638665278725,-0.6423896234723901,-0.7469277013903465,0.17156509129404612,709
4.816590524416772,3.160136604565776,1.4066090864626384,1.108378373476166,0.013305437064368058,0.9076923076923077,0.7456588437346132,-0.6112334378482412,0.26530467997489204,0.2691682273771448,0.6405363019851543,0.7192090872686668,-0.6095419215533951,-0.46487302599247826,0.6421461792875445,710
3.5267447464398822,2.5183031011625947,0.9056724235052392,0.3454990813818838,0.005768339273871911,0.8961538461538462,-0.5039926438292913,0.714319434577879,-0.4855297728773182,0.485174821251808,0.6992159057583621,0.5250738138183901,0.7145605697134689,0.029066518863675755,-0.6989694769386645,711
2.840517358903606,2.1799749508151414,0.8601521180300618,0.5317765721247881,0.01112461367662421,0.8807692307692307,0.6460999700462775,-0.42639855662857323,0.6330395719157442,0.7219910331339848,0.07242788957188849,-0.6881011182132198,0.24755560341127508,0.9016310064085151,0.35465159171001576,712
1.8814979642842269,1.3769332167228643,0.5518344462733398,0.33533964240658753,0.017695750431183918,0.7807692307692308,-0.44764204700007054,0.7508480041655962,-0.48563759368291026,0.5284524952025015,0.6602369054486523,0.5336901619833718,0.7213560549907632,-0.01773424157183673,-0.6923373011791543,713
3.020983324113506,2.7829887785648566,1.0838475982498128,0.6517284670647089,0.009467011927738892,0.8692307692307693,-0.49586376439475965,0.6492841162866101,-0.576670845021815,0.48300006087030684,0.7580765454303162,0.43821329563092626,0.7216855744432877,-0.06123795886828318,-0.6895069572050077,714
2.0865325274817756,1.7401791142627765,0.6846064204276543,0.43897854367615796,0.014338930312583171,0.8269230769230769,0.5920106239906502,-0.5486941849972667,0.5903034070987447,0.7814203715539263,0.5700570469732579,-0.2538053705433609,-0.1972450861307446,0.611530583492203,0.7662406419989487,715
5.319515359102955,3.834841785413893,1.6135144284575655,0.7907443828867724,0.00814459045166692,0.8692307692307693,0.7726677212026954,-0.009378997760230014,0.6347413859300868,-0.6341722233962138,-0.056237522193308666,0.771143911452499,0.028463725759926756,-0.9983733647782129,-0.049400817982023,716
5.587488116033574,3.965770576596172,1.736439102891204,0.6125266736557629,0.0071617456949919535,0.9153846153846154,-0.5770188869844792,0.5968417478439776,-0.5575205216794614,0.7575848466191829,0.13608952019334694,-0.6383923892611297,-0.3051465291236032,-0.7907335648144012,-0.5306844874685217,717
2.7020391270037476,2.5899344772513753,1.049178037862839,0.846356497429074,0.013152612548810835,0.8846153846153846,-0.6543714295046535,0.3731389030742181,0.6576970360740616,0.7198239035296382,0.5738067262131069,0.3906397174634841,-0.23162810743817402,0.7290495181845783,-0.6440770294611071,718
2.6349886582171718,2.114982690448506,0.7870520877813488,0.3497189981267046,0.01044520021625264,0.8538461538461538,0.6853580230668918,-0.47130631313942023,0.5551168700487931,-0.4638543817283353,0.3050973890174727,0.8317179183870843,-0.5613586133384484,-0.827517940838534,-0.009516555106061475,719
3.065603984030501,2.9792918493078635,1.249115683043155,0.8833978966144421,0.011638040221501422,0.8653846153846154,-0.4148025323949598,-0.32190224871813433,0.8510686231961184,0.6314812413331445,0.5715702940198362,0.5239645415850473,-0.6551109073760557,0.754775689370217,-0.033813573792701695,720
3.283855345825343,2.233974358163361,1.1349264863676138,0.9281525060517662,0.014719859831736579,0.8653846153846154,0.14169289160484447,-0.6490125528705308,0.7474662739449415,0.6773481573131417,0.6142077196347261,0.40490536045550357,-0.7218882172837768,0.448922691961084,0.526636324601014,721
2.157021924189039,1.4615798010983054,0.6538222738208147,0.44065503644352133,0.015463237914055825,0.8269230769230769,-0.47511477881830166,0.7578269690408924,-0.44717360380810783,0.3770618628824998,0.6345162305392367,0.6746951198444059,0.7950410671833343,0.15194551055089636,-0.5872156872184293,722
2.1551546810393547,2.054018539457367,0.6807818401444639,0.5929416334046136,0.012585305571470001,0.8769230769230769,-0.4360849623579286,0.7742366594838522,-0.4586801725784204,0.7428781822590258,0.5973891484443827,0.3020897410446455,0.5078995096756933,-0.20900669949114262,-0.8356759465480681,723
3.108920042059248,2.1778407601060503,0.9646708449033872,0.7482872365279217,0.016539266335128325,0.8730769230769231,-0.399823712567412,0.3526325815478729,0.8460444795042955,0.8205303339458112,0.5490687026066428,0.15891359568216215,-0.4084984332204802,0.7577425831037483,-0.5088764170284098,724
2.753118179125777,1.902617955434305,0.7335216775141309,0.554409324349547,0.010053346605481097,0.9192307692307692,-0.4919865548198977,0.7466680280993132,-0.4477008886418821,0.43300351540017473,0.6559890564054305,0.6182121913448518,0.7552861613504768,0.11029602753769596,-0.6460476768643824,725
2.46754250392425,1.939517318185577,0.8996213080878837,0.4301082925681947,0.01199629144036385,0.8846153846153846,0.3228757979361567,0.7272721882420307,0.6056619381443236,0.6454543713280442,-0.6372343601546344,0.42109503057128667,0.6921993019648383,0.25496575151961465,-0.6751685655533948,726
2.578516782260456,2.4535409714688527,0.9472369616228451,0.5981443406163713,0.011209432242530168,0.8923076923076924,0.6390114509034084,0.6230772367218426,0.4510422626466327,-0.19770774158117566,0.6997250091737404,-0.6865104226853953,-0.7433545685157199,0.34951347415497735,0.5703194866484276,727
3.94626652743503,3.1953128853586903,1.3814696237318824,0.7946627378220451,0.010929446152220803,0.8807692307692307,-0.5981126045568327,0.7260187678920016,-0.33934946727352017,0.4880416888159382,0.6658380943122413,0.5643358416229913,0.6356702150076948,0.1719196929709418,-0.7525735823963318,728
2.6698750039917187,2.6698428478527676,1.0787792678237755,0.7055898258858553,0.01779492892606922,0.8192307692307692,0.8959422600112599,-0.4258240038286875,-0.1263383729878694,0.3832565517364294,0.5973730153389841,0.7044571641312986,-0.22450363533140766,-0.6795729528962403,0.6984115687865333,729
3.5147328962309046,2.9161112238034907,1.1876456942820286,0.8939483363834873,0.010762486405266976,0.8961538461538462,-0.4646182969283826,0.7770950943290197,-0.42456218923632544,0.5137883014188145,0.6270713064622319,0.5854939435527229,0.7212152379730608,0.05389611286096374,-0.6906111710173385,730
2.8398975770217083,2.194572701177462,0.9256417095652454,0.2798479704087197,0.015262674598018295,0.7807692307692308,-0.5848470809267974,0.67795475121944,-0.44534396507687324,0.4075031092623143,0.7202905301471078,0.5613579678974413,0.7013523421739963,0.14682951841978398,-0.6975284830368319,731
2.1668061121186084,1.852119217697144,0.8201900575611625,0.3561019755306521,0.015577403543342003,0.8307692307692308,0.615242673015108,0.6760742621173452,0.4054627546442608,-0.49298142088931957,0.7313034135118178,-0.4713434374677459,-0.6151794632131119,0.09010499147356016,0.7832211172793908,732
3.299281492712005,3.196009821280859,1.2814828044287019,1.0467824969821247,0.008733167621304681,0.8884615384615384,0.5375154490581661,-0.133435738026625,0.8326295970244441,0.843200448846627,0.09616804409195752,-0.5289278876750346,-0.009494476744133493,0.9863805609970309,0.1642048836013652,733
2.4428830168181848,1.8829802341231294,0.7411680347402452,0.2883789851585813,0.013592671775659327,0.8884615384615384,0.7574212812109309,-0.32319850087118773,0.5673233044776222,-0.48785844932939876,0.2973399425945628,0.8207210804870169,-0.43394370163271917,-0.898405079890179,0.06753648081455443,734
2.9261792012964998,2.1088728012851425,0.9825641218602092,0.5145093379794226,0.01275998378872851,0.8692307692307693,-0.3960948282672486,0.7930422515051163,-0.462809760428229,0.6632496565870193,0.5956742164025836,0.4530696645664649,0.6349872282630098,-0.12749986368958974,-0.7619284774189742,735
3.647874604638386,2.365752241122902,1.3384206389348756,0.6958408582280218,0.009627957254011691,0.8576923076923076,-0.567874135533757,0.6636076643689561,-0.4869741615143118,-0.16624619294260176,0.48696213181775494,0.8574555880671598,0.8061520759285308,0.5678844512453977,-0.16621095183481222,736
3.226624669280603,2.204515262894378,1.1965111019767307,0.5321681455872024,0.01078066373925402,0.8730769230769231,-0.4617858135334948,0.7676228826667719,-0.44441981551857446,0.4884448124994354,0.6383013671229985,0.5949731337390811,0.740388767852133,0.057675599132270605,-0.6696999310908833,737
2.8894214717593707,2.1789429958498645,1.0394274155089658,0.7336198267544927,0.011756558293928873,0.8846153846153846,0.7017259490566081,-0.6309714950719825,0.33084084516158185,0.6669628843353642,0.7450641837054472,0.006314513313571443,-0.25048194214285036,0.21622750649712175,0.9436654397053985,738
2.247766796845643,2.0757895518286023,0.8429873864541013,0.4759843696000034,0.012203867178691557,0.8538461538461538,0.7189792731098336,0.30932432957710465,0.6224044215541293,-0.671138494413068,0.07619914088336435,0.7374054598696685,0.18067076729624978,-0.9478988079221917,0.26238506776162474,739
2.5367649467230917,2.5367649466376467,0.7506495143577128,0.8625137902942595,0.006696589315195121,0.8961538461538462,0.7691845310440687,-0.5418548865066508,0.3387453898894875,0.2612137056883309,0.7503926845795017,0.6071887835674655,-0.5832002719161629,-0.37855528116568804,0.718730368036916,740
2.0598170542017415,1.3046762194039245,0.5707558926670445,0.3165105190944038,0.016398527313029293,0.7961538461538461,0.8129418507632841,-0.5014724025923081,-0.296059076395007,0.5700446860012868,0.5813215066245452,0.5806155026327348,-0.11905714274776125,-0.6407735445335325,0.7584422597579016,741
2.6885125886803,2.4371270910187497,1.0128110891334035,0.6010290505917503,0.01191572623137041,0.9153846153846154,0.6784491295837652,-0.03074701493940464,0.7340036782192222,0.73346381547788,-0.028342095363392734,-0.6791373624054583,0.04168464887295872,0.9991252907932662,0.003323152962137234,742
2.2614279858049136,2.2609994004333096,0.7475147148426171,0.4087898045501237,0.010780030812473668,0.8653846153846154,-0.5675499684965599,0.6187005582679971,-0.5432279930732792,0.2339056577456514,0.7537634597312454,0.6141081256982012,0.7894144516881663,0.22147294636784004,-0.5725159888536039,743
2.0932042390135774,1.877408627012998,0.7406172512371546,0.6872851850230822,0.014589087434968449,0.8423076923076923,-0.5658533895036292,0.8025044240628763,-0.1891998703666724,0.4492928342694099,0.4925267009314307,0.7453545451285325,0.6913363079293716,0.3367552497424687,-0.6392573903440404,744
2.638401406655732,1.9955977313580027,0.9549991399726773,0.5593597934278657,0.016212332327339575,0.85,0.7390935580624861,-0.5771086478785488,0.34739936812597655,0.3152338887229467,0.752107579791669,0.5787588304471277,-0.5952884240694953,-0.31824486950100467,0.7378020704803865,745
2.4991541872872927,1.5648249179107614,0.7088085567234296,0.36382860652549276,0.015978273103282162,0.8346153846153846,0.7702203563015907,-0.15011942822388977,0.6198586613159351,-0.6128006708364493,0.0951341195203862,0.78449017656404,-0.17673692472442876,-0.9840801067864411,-0.018719050887753885,746
3.1280392859671777,2.3614753255126097,1.151673192767958,0.7705452539924547,0.01026174489919111,0.8692307692307693,-0.6309071346041106,0.6878280759067477,-0.3589550466284771,0.39982745746397924,0.6847295340861081,0.6093303450576797,0.6649016406683929,0.24091077839034655,-0.70701329909121,747
3.146159835974111,2.687838834646874,1.1821639257686156,0.6461515254410662,0.011088332872852626,0.9076923076923077,0.7847120577855075,0.17824974115098235,0.5936783776975898,-0.6134901333316515,0.08637811527263291,0.7849641249806645,0.0886388327469787,-0.9801866408911905,0.17713640604827008,748
2.8304716697035706,1.6764324137595576,0.7152137866464002,0.3598817554064387,0.009819379296459272,0.8807692307692307,-0.22114087954843267,0.7962836030563787,-0.5630534032364046,0.615742740260325,0.5617220619716555,0.5525660167898653,0.7562787774420565,-0.22450111046020077,-0.6145255586164706,749
2.815019220236559,2.815016290585349,1.1404304142030723,0.8517279099619801,0.011048634726425957,0.9038461538461539,0.8538118228311278,-0.2500367533148415,0.4566037594956484,-0.42720626582276716,0.1646945674420821,0.8890278431505014,-0.2974897941704118,-0.9541264703627284,0.03380090113602641,750
3.0701195847617258,2.4522835089841823,1.0776986073347963,0.6420402616586411,0.00982472297495431,0.8653846153846154,-0.5698159709460633,0.6358361580543452,-0.5205978672310182,0.32330529982309897,0.7558744631211591,0.5693219467995201,0.7555021127442936,0.1560966883440813,-0.636278540834845,751
2.7870193841728423,2.754895037676082,1.1384787785214636,0.40553350102913915,0.011333780256437945,0.8846153846153846,0.6254697803827547,0.38566531751854627,0.678269722670316,0.7273334395979376,0.02648410716654333,-0.6857730380455507,-0.2824422444865177,0.9222585618637053,-0.2639422732313038,752
3.1908138945491817,3.1907498624639232,0.9848795255329097,1.0401388115303272,0.008908282751833611,0.9,-0.5917725048343648,0.6630906323124744,-0.4583842447788805,0.3344911684429785,0.7193649014776083,0.6087937226645508,0.7334309515937495,0.20694190455669884,-0.6474983300231234,753
2.1154978853971205,2.115497877716251,0.7979712869004123,0.3775349397623323,0.012853499538602282,0.8923076923076924,0.6224496717194352,-0.5195066595135966,0.5853795665185038,0.7777876322336579,0.3272662425891772,-0.5366033969384857,0.08719406700416923,0.7893095952682863,0.6077726198971838,754
2.6481919029703773,1.783902773215867,0.806914217998126,0.2663295271564944,0.012820336312318194,0.8730769230769231,-0.5041069997427557,0.7537939871696919,-0.4215100920703746,0.5398902839826879,0.6559927342562534,0.5274391091529876,0.6740879868915111,0.03831654355266101,-0.7376565789164543,755
3.727130514216683,2.5528205829611315,1.2657310016926264,0.5416876281815536,0.011905842243984159,0.8769230769230769,-0.4224799751786801,0.7790266727008466,-0.4632797360058716,0.4864839786334766,0.6261717389584823,0.6092965549407394,0.7647509458025961,0.03203742421541578,-0.6435290159298775,756
2.1297706497097892,1.9350514715024627,0.7150670285097567,0.6508747730595952,0.016351693683268873,0.8807692307692307,0.8322446080978831,0.21415652497251403,-0.511376471011033,0.3490665091939221,0.5141924822949427,0.7834275099270732,0.43072205011024267,-0.8305077205920857,0.35317905032117586,757
2.5005008354693925,1.8359974703405604,0.8565901009215299,0.7456648822188167,0.014378010236441526,0.8461538461538461,-0.13891005352014058,0.8132503811056775,-0.56509097910204,0.13600955914710933,0.5808829685147673,0.8025436914648827,0.9809206883594824,0.034623612187961214,-0.19130031005572629,758
2.896826261315469,1.9863556946804246,0.807022396630782,0.43600210194774713,0.00996256850302051,0.8769230769230769,-0.38361414106318037,0.8097724523831177,-0.44396933017697265,0.5895493567611714,0.5847778725144682,0.5571951146231824,0.7108246947868704,-0.04799390772674991,-0.7017298897027751,759
4.0191607655380395,1.9544290199419554,1.0682011654329822,0.5256576610593003,0.010911363888227945,0.9,-0.5064011642213536,0.7933926278412505,-0.3377661897857934,0.4240860016180277,0.5702096276234943,0.7035709230753573,0.7508055168330159,0.21304722164964035,-0.6252215265331778,760
2.70117061340173,1.536508542912165,0.7527348243713483,0.3367183886818846,0.012256306299051244,0.8692307692307693,-0.45186523702070863,0.7818196344919213,-0.4296229354854526,0.5540686944843959,0.6234030687680773,0.5517032677471658,0.6991607035328686,0.011254908860693996,-0.7148759596335308,761
2.4744809389712143,2.4744631535657016,0.9939575654183526,0.7517885384617263,0.01384508647332884,0.8807692307692307,0.8338496299767425,0.12519936324357975,0.5376057235847214,-0.5497229127198954,0.10013953148911117,0.8293230935310408,0.049995137947643445,-0.9870649389359059,0.15232626991117657,762
3.8681495107550607,2.85039290106278,1.2781979694214136,0.719259358019012,0.013842463146485247,0.9153846153846154,0.253356425359118,-0.4133936341712605,0.8745948919104934,0.8054338938593918,0.5908995284719439,0.045978145614330584,-0.5358047819418449,0.6927795107235148,0.48266943674728335,763
2.1926674444715526,2.1926674444715504,0.8213328509101602,0.654617894192897,0.0226255780852973,0.7769230769230769,0.8383111978352666,-0.4554518171655412,0.29966310721309525,0.19973152310872008,0.7679974845354762,0.6085122697397741,-0.5072885315682499,-0.45027048091984373,0.7347889763405147,764
2.372445468521447,1.9074006910234043,0.7386157981606908,0.446656767540928,0.013460468592175081,0.8576923076923076,-0.4303633727132548,0.7739209310802992,-0.46457912120829836,0.5226524542712779,0.6332759064605954,0.5707854573661812,0.7359495767177814,0.002831736625076825,-0.6770304290034564,765
2.155481648089631,1.6633659404068437,0.7262118642010571,0.33597396368092136,0.014328111070839826,0.8576923076923076,0.6785984794736325,0.3812178076873959,0.6278352385443889,-0.6681152201000562,-0.03476628202567469,0.7432451535696447,0.3051657849869928,-0.9238313096751631,0.23110507336955105,766
3.1560741729689856,1.7865692234603507,0.7494673539840826,0.17604071514734068,0.008265914971554567,0.8692307692307693,-0.448273734913084,0.7769646507842147,-0.4420142418733103,0.5413972990041991,0.6294557478225006,0.5573817598057677,0.7112943295275395,0.010554286568960014,-0.7028150423952153,767
2.991708893816189,2.443480555199367,0.9872405146490032,0.639791838189794,0.011819890786241872,0.8961538461538462,-0.2982287323475652,0.7828168314785515,-0.5461295007196053,0.49816622507911523,0.6157107075658584,0.61051677845836,0.8141805913879234,-0.08998962686127174,-0.5735955296762523,768
2.5039380215565172,2.146114555523026,0.6668357335885172,0.5381616288181295,0.006511519027060793,0.8961538461538462,0.6024422790960341,-0.4649476731507528,0.6487580146628457,0.7464356309803325,0.040343280655440156,-0.664233594836146,0.2826608376846166,0.8844184987536485,0.3713580077253939,769
3.0415486559541307,2.4827410887839254,1.0891388388945367,0.9897076546072904,0.011046204539177653,0.9115384615384615,0.2529317680260865,0.6920015499218413,-0.6761356192576808,0.3530408392375533,0.5846535517382665,0.7304398608169425,0.9007706070657735,-0.4234549318942923,-0.09642735141420367,770
3.993251755499283,2.899544396433982,1.1822499037535517,0.5650469008860994,0.009588848623454077,0.8961538461538462,-0.4845783861541533,0.7264117110967476,-0.4873497857327237,0.3885144891079732,0.6778912926387368,0.6241152835155963,0.7837348272377636,0.11309032383930012,-0.6107129433936335,771
2.3756207185307723,2.3666652572350353,0.8801126960345975,0.5613051959629597,0.012924551716036212,0.8346153846153846,0.7259857329732801,0.30599644277224436,0.6158822067002602,-0.647309960874345,0.0016238413226565467,0.7622251489502381,0.2322380891931882,-0.9520312705736568,0.19925343103145135,772
3.1072356770435725,2.591953753858078,1.077720353449178,0.6552497672682492,0.027342769258345074,0.8269230769230769,-0.018585765718260507,-0.3082995491106252,0.9511077527445831,0.8053049130728633,0.55917618154142,0.19699237289160484,-0.592569461154871,0.7695930002377506,0.23788242409157465,773
2.7743028055344077,2.7685670048300004,1.187932361648427,0.7999466470804999,0.00957629037965501,0.8961538461538462,0.14669956010772495,0.590362637625355,0.7936946485646944,0.9666927305788358,0.08455565501364279,-0.24156884288179278,-0.2097245901420109,0.802696890053305,-0.5582949928026562,774
3.620105140842903,2.4894935776181715,1.0404784292917426,0.5904557291210977,0.00991651856270588,0.8846153846153846,-0.6292073858260352,0.6916851195341689,-0.354499310347664,0.5321490788215636,0.7158111412544766,0.4521413141544633,0.5664939748411524,0.09584417285868896,-0.8184732561285711,775
3.908633552596497,3.4284263338490537,1.5982479460427685,1.1818940862309797,0.010254738012962318,0.9076923076923077,0.5448135013866381,-0.5109227085306638,0.6649332557591944,0.23756529731313633,0.8545042583744532,0.46193636134477095,-0.8042020754880909,-0.09370409984422318,0.5869229621108983,776
5.458811500938099,2.6378518025432087,1.4367751674511562,0.6593242318687678,0.013711709224814624,0.9076923076923077,0.7930765513600494,-0.6078290751723197,0.039666094564675576,0.43832217708048804,0.6147028486481364,0.6557545859109851,-0.42296956481793396,-0.5026770566069522,0.7539313788394132,777
2.567066134974677,2.4270046483486625,0.9923151157067894,0.7171235124915528,0.012921187056441531,0.8807692307692307,0.6628016921095925,0.396621395953607,0.6351262750103109,-0.6335795291193087,-0.15501287824197674,0.7579894378288481,0.3990875808862211,-0.9047996882464927,0.1485483992893688,778
3.252606173442786,1.7553130223721227,1.0390739435443683,0.43851499303543046,0.014791209365121058,0.8538461538461538,-0.6945201975399206,0.7026303645254292,-0.1547651965267788,0.4290133231441145,0.5771224736651168,0.694893674568635,0.5775718689253775,0.41622136086164435,-0.7022610020416394,779
3.3640367871210604,3.283238524807103,1.445343529971235,0.8897481767282245,0.00886716026695165,0.9,0.6023933016121108,0.7028049628966776,0.3784012345390276,-0.515598081939486,0.7045064056463338,-0.4876774982543348,-0.609328259703408,0.09867070756350699,0.7867548305512546,780
3.384574184840368,2.7037314466567777,1.1937742093867567,1.0732420149491622,0.012361809653358036,0.8884615384615384,0.6482541992140851,0.5734832422361879,0.5008826849428668,-0.6095443206016545,-0.0033697473857049343,0.7927448303362337,0.456313723685331,-0.8192103610653532,0.3473790003722173,781
3.1404713340886747,2.9724699466175184,1.2821958478439082,0.5486848460507195,0.010945565292377835,0.9076923076923077,-0.5366822994340829,0.667661232976051,-0.5159463028795196,0.48176094643990486,0.7444650750481006,0.4622533315390525,0.6927326323766426,-0.00047959829596300185,-0.7211943358249577,782
2.8463038935940004,2.134510769582668,0.9775905636067727,0.624280866296086,0.01331134668144414,0.8884615384615384,0.7175322097364142,0.17668091845661782,-0.6737442994520283,0.5049789019784817,0.5342686449810509,0.6779036240843669,0.47973308886023824,-0.8266443419291258,0.29413482522336065,783
2.7456106082851495,2.3063138742160625,0.8981648252908803,0.7536728130002145,0.014104646534533445,0.8423076923076923,0.8379476744649362,-0.3340727923933702,0.4315542425249707,-0.12921564231899388,0.646823307772428,0.7516135485090891,-0.5302329795843473,-0.6855763837128807,0.49883665608721456,784
2.094883008458263,2.094883008432782,0.7924050206925287,0.5356792388901805,0.014398924673937356,0.8653846153846154,-0.49392770093302857,0.7944161209888166,-0.35346633922354537,0.6137219464419474,0.6064906792844141,0.5054843502984415,0.6159389569645033,0.03274267329055092,-0.7871131549143796,785
2.17613677962103,1.8734882454312491,0.5755076650579479,0.34956203536928954,0.00694795554323346,0.8884615384615384,-0.5443359572391644,0.7500835907420719,-0.37559682181296844,0.5857168440245201,0.6603727095336996,0.46994006333688537,0.6005282210541638,0.035811889123585156,-0.7988012045026731,786
2.655218964495577,2.3829029964868957,0.991809726996083,0.9584319450244808,0.012964410187235657,0.8846153846153846,0.7093703682594975,0.3897480944218285,-0.5872734486846297,0.6514112276352783,-0.04432019013135891,0.7574292925794592,0.2691785525373162,-0.91985441437288,-0.2853257142506466,787
2.377396345319035,1.4304314071677366,0.6860025112251532,0.2519112661105959,0.018121307893356794,0.7884615384615384,0.6771406132987178,-0.5874518204733065,0.4431489009847983,-0.4324763079802732,0.1695281999644858,0.8855644710875393,-0.5953526961870488,-0.7913030696511922,-0.13926456513920626,788
2.7226677183093035,2.456009644235756,1.0494209969521104,0.4981375215900992,0.01143865922095914,0.8846153846153846,0.7253181001532877,-0.4240086548502692,0.5423378229499495,-0.03592764497286577,0.7634193491272958,0.6449031723481903,-0.6874757144195924,-0.48724486450872034,0.5384882395123868,789
1.948798441895518,1.5225229737984576,0.5003821137464664,0.22482500220469093,0.008731966628126931,0.8807692307692307,0.7561250987503466,-0.03230899723971306,0.6536290719797757,-0.6457602583297685,0.12517474222851296,0.7532097799882156,-0.10615330330069471,-0.9916084976468231,0.07378389792469066,790
2.7464000223334355,1.8389517484146218,0.8359313468081971,0.14547273681357303,0.01248974873014595,0.8730769230769231,-0.55994962306744,0.74239133015169,-0.36784715921457967,0.5247434342560724,0.6613527413301015,0.5359635059780683,0.6411713872528739,0.1070871815427242,-0.75988919436814,791
2.3676882891517095,1.8437975162880647,0.8170513177416858,0.3935162442260243,0.014898576250577543,0.8769230769230769,0.6296478547255977,0.10093675873984768,0.7702956249223712,0.776878972742626,-0.08388127164398637,-0.6240376542947951,0.001625038404153456,0.9913504440925427,-0.13123130818407427,792
2.823944733831229,1.7041433678047495,0.9006367675264814,0.6164062106264755,0.008201882290613652,0.9192307692307692,-0.6036046333163304,0.7715306642994606,-0.2010021907459999,0.48378959190327875,0.5548251325505801,0.6768431894141288,0.6337263426788549,0.3113029173262985,-0.7081535259101789,793
2.4167455915824956,2.4167455915573264,0.9658699078883914,0.8188820617480537,0.014272513397540798,0.8769230769230769,0.7249523385601834,0.45202818295335134,0.5197255320185962,0.0038498008156349958,0.751867862563567,-0.6593025832482178,-0.6887882736006772,0.479963789321637,0.5433281467862806,794
3.532749585547975,2.2392872170413427,1.006321229979069,0.5092521754643121,0.014430893411956207,0.8576923076923076,-0.43122449878836605,0.7843808391460366,-0.4458611115866486,0.41016063097727234,0.6105798730350945,0.6774662171951998,0.8036253408405241,0.10926535509944255,-0.5850191396304436,795
3.72576349777907,2.18738127024631,1.036090631817097,0.7037385903253911,0.01128379159498049,0.9192307692307692,-0.5797302955001576,0.7306706992822908,-0.360601045047887,0.42273026077431025,0.6480513208391618,0.633505021435743,0.6965715405505623,0.21482507946919494,-0.6845715989771052,796
2.2439080005384295,1.5775563531520072,0.6670643801055571,0.34991742478483967,0.015390544147224289,0.8192307692307692,-0.4074887669414265,0.7913710348073913,-0.4557244672874547,0.5683693393207023,0.6103787474957814,0.5517192027885468,0.7147791259799801,-0.03420043674223788,-0.6985135153953258,797
3.171274538369753,2.4691425477210327,1.1694359926713045,0.8086364916292902,0.013281110370602651,0.8961538461538462,0.64791951619133,0.16764496607931306,0.74303126844478,0.7538052525800145,-0.0009626141598767883,-0.6570971880603048,-0.10944378338294565,0.985846965163582,-0.12699535249993082,798
2.4358477179894646,2.029643283666588,0.780384758971404,0.3712416948684252,0.013006264414702037,0.85,-0.4554120541539237,0.692265029838573,-0.5597937025314803,0.7157059114284647,0.6586495820907101,0.23226230076808366,0.5294949568009638,-0.29487261058689856,-0.7954151332782229,799
1.6421100352237106,1.321429851712783,0.47681346002078495,0.33632739277111534,0.01366024130763756,0.8576923076923076,-0.48957370618326695,0.7217447921432378,-0.4892872788332991,0.6627785749405554,0.672645256925434,0.3290485054448411,0.5666058125485008,-0.1631956290769804,-0.807666416187043,800
2.372686895620421,1.9850060356795485,0.7045656940830994,0.5538781518813078,0.010807304381842775,0.8461538461538461,-0.5129297658326369,0.7138981236559695,-0.4767101051617873,0.5792420871214506,0.6976831407438412,0.4215647514071775,0.6335468884226818,-0.05989744704322256,-0.7713822891456883,801
2.2766602922476653,1.9857330751780025,0.8031549174755265,0.27301059040365555,0.014859170986168634,0.8769230769230769,0.6813319064830777,0.19380755823160278,0.7058508791383902,0.7108282500927097,0.05492650094974107,-0.7012177111023039,-0.17467121136086133,0.9795007452093754,-0.10034070986397949,802
2.249699740514831,1.4501186436021998,0.5475053206751321,0.26657624330732194,0.007178988910683639,0.8923076923076924,-0.4028682512964007,0.7949111430866658,-0.4536666691460049,0.6100652505068692,0.6027256321202293,0.5143366626143433,0.6822884743430531,-0.06955635831410711,-0.727766687061663,803
3.6711470432122635,2.620845506412351,1.405473972330739,0.8007237315361653,0.008534577109667782,0.9192307692307692,0.6417425319294127,-0.28050610132414244,0.7137806734794357,0.7497826322976607,0.03382249444965071,-0.6608192212504069,0.1612219805659814,0.9592561524374672,0.23202393625065723,804
2.1605379727452103,2.16053797174539,0.851577130635862,0.6030680462129888,0.012520382039426516,0.8923076923076924,0.6723997012580982,0.28476033759229374,0.6832204562821164,-0.700997414767579,-0.05138146795030172,0.7113104591108181,0.2376578764467761,-0.9572207137779641,0.16506737678055552,805
3.1890330969328575,2.9348757900843587,1.0885084456260843,1.106066691687446,0.014644709050628842,0.9,0.9017365151717125,-0.050507373211268164,0.4293253573425096,-0.4164799051204734,0.1645993644690447,0.8941205387682514,-0.11582636071645083,-0.9850665228641589,0.12738995131288164,806
3.4510836378556378,2.0495309625309455,0.9654126642130176,0.340954094356666,0.013487666038243279,0.8576923076923076,-0.5845801449884119,0.7170970642329838,-0.37952319369672677,0.307518869185308,0.6287085918443484,0.7142532125486634,0.7507983745189628,0.30082770319492264,-0.5880514380648608,807
2.3296455229129602,1.7207751423892093,0.7999119223264896,0.21296833503010917,0.015415323573190054,0.8653846153846154,0.731689646173962,0.05054127471812575,0.6797616061765251,-0.6807262782373931,0.0026203306968031396,0.7325331855855451,0.03524196076965027,-0.9987185356329913,0.03632204267664605,808
2.576776973729512,1.6555230297454135,0.5779510217817249,0.2557804042029527,0.005003179331394941,0.926923076923077,-0.5074932013792816,0.7649953831380966,-0.39652580537867244,0.5422281078294423,0.6411808374704061,0.5430246888866577,0.6696561278996188,0.06057390063505505,-0.7401969149681346,809
3.2874426696187045,2.412463989246258,1.216394469718012,0.4455088729294868,0.009697407551518907,0.8730769230769231,-0.5053536024949586,0.7057739121576184,-0.49648859137254886,0.5234312056082409,0.7081432032097582,0.47387021086298153,0.6860302540273795,-0.020405603778217096,-0.7272868085518778,810
2.7776217873192706,2.0220549690370837,0.9034840570104345,0.5602720597658344,0.014981172040714608,0.8769230769230769,0.6695853624015616,-0.10725031089453137,0.734950891740799,0.7342902759799507,-0.05320389892621852,-0.6767474682186382,0.11168362932344755,0.9928074918895784,0.04312830844199287,811
2.267413933627498,2.1555066868674615,0.730865363280338,0.516778090781384,0.010612398749363686,0.8615384615384616,0.7694191869549226,0.011808812740677683,0.6386350027106888,-0.6381645612202506,0.05679574421417865,0.7678022116676422,-0.027204917720716218,-0.998315979728269,0.051235701136959765,812
2.0165194710164154,1.8756726849010361,0.6883515427820094,0.32043976408485836,0.014532552468376961,0.8807692307692307,0.6871973770858725,-0.24302894323087162,0.6846142692629062,-0.6973534369989092,0.04345093523537244,0.7154091138173877,-0.20361225118372847,-0.9690453802476215,-0.13961770012658503,813
2.6372607102325523,2.2453091859023737,0.7483136026305229,0.4642378917956975,0.009093161905866806,0.8961538461538462,0.6322185599894332,-0.23432856522537335,0.7385051224766863,0.7658945680555708,0.044991961234662495,-0.6413900794736612,0.11706922323078048,0.9711157742224543,0.2079157281892477,814
2.093781084971008,1.273427486324913,0.6109579775242228,0.3209128736205016,0.019510265997938838,0.823076923076923,0.852893615481723,-0.4338685339414091,-0.2903972725871355,0.5152023163754825,0.6094190367301784,0.6026400342428296,-0.08449292202221392,-0.663601185145411,0.7432996792692395,815
2.425919185601333,1.7422461313251068,0.8714313464304012,0.3685928065353895,0.013252740278003052,0.8461538461538461,0.6635722587474044,-0.6053832457073876,0.439525861853039,0.061211424359381914,0.6294790876449766,0.7746026334486241,-0.7456037948862408,-0.48710081506238184,0.45476123077588737,816
2.8091157101122985,2.402411537222356,0.8829309313686782,0.7563072969395576,0.011891713176711971,0.8692307692307693,0.688544243217748,-0.5676257705461664,0.4513400156684199,-0.4418255930706679,0.16517687567220918,0.8817634291866046,-0.575062579585432,-0.8065467031456011,-0.1370600058569615,817
2.01632084823632,1.766339245955316,0.6634690160163035,0.44112183559090307,0.01460024491407912,0.8538461538461538,0.7409663362127582,-0.26222707782847593,0.618227990512384,-0.6031851060674626,0.1447870241582956,0.7843496958970336,-0.29518911974838397,-0.9540826365095026,-0.0508891569320096,818
2.8505962404198555,2.179484742426269,0.8507642586163359,0.7177947682756564,0.013897878390504848,0.8615384615384616,0.717243957338324,-0.6481673594817005,0.2558127826442227,0.3366866859040136,0.6437729232852663,0.6871670093796084,-0.6100845688891273,-0.4067376271594044,0.6799715592994349,819
2.4462777333882615,1.8609427182928187,0.6729062278281551,0.47217553291081593,0.012194649820934047,0.8461538461538461,0.582431281034029,-0.38365030150797874,0.7166493208159044,0.7590842954218012,-0.05869561614977872,-0.6483408494679211,0.29080033582691694,0.9216112362583451,0.2570367559033484,820
2.438730686701224,1.641846554696375,0.7204207300530407,0.23426377516894664,0.0144789627960859,0.8692307692307693,-0.47427220781963003,0.7480796048167,-0.46415813872772255,0.533395680264693,0.6636079476032171,0.5245126692014325,0.7003962601019933,0.0011818354944633513,-0.7137532361397776,821
2.7562220915455935,2.1051203350630585,0.9756408511076097,0.8918962896092558,0.024718795657052383,0.8346153846153846,0.9724609383643622,0.05794980801924141,0.2257466347612677,-0.22104158913207678,0.5364148696871044,0.8144935257278187,-0.0738941082189256,-0.8419625332098215,0.5344518251829905,822
2.6314352177768283,2.631419326742436,1.082196869473491,0.4832907109573717,0.01094057002590339,0.8769230769230769,0.6750630684238471,0.45824865921254687,0.5781851087498565,-0.6697564325122473,0.05200884417043863,0.7407573160195738,0.3093803076452152,-0.8873011024775965,0.3420242371285899,823
1.876639285351639,1.8766392843119997,0.6166707997387326,0.5450289937811349,0.013667690248207763,0.8769230769230769,-0.6407165014241647,-0.10323105067987107,0.7608059640790865,0.6772293593680299,0.39086328334897236,0.6233668972119298,-0.3617219368696708,0.9146415931419206,-0.18052145712369783,824
3.363990310909768,2.4057403204470362,1.1689384045948408,0.4329059941995599,0.010265191262267426,0.9038461538461539,-0.5424128808170569,0.6951520840512858,-0.4717540108604222,0.589903200696186,0.7149676098137776,0.3752806026502957,0.5981659306013145,-0.07473216814951822,-0.7978800802824542,825
2.8409029563254875,2.5215473688560124,1.1012585399294414,0.44284278121856335,0.009741515651625364,0.8923076923076924,0.7111979375809124,0.15429419999550262,0.6858504162194585,-0.6972558462904198,0.030446190849686246,0.7161754772935017,0.08962018965884372,-0.9875557347868993,0.12923580113505917,826
5.009801199031085,2.880239707676054,1.3517224119289384,0.5222299979868121,0.00886200937932596,0.926923076923077,-0.4998731975210774,0.7523193788499463,-0.42911809401012807,0.464038511676153,0.650984638243942,0.6007389286968048,0.7312968248812755,0.10116596748529097,-0.6745149375227582,827
2.1144678518422118,1.8105222512485177,0.7036647205819822,0.5190636518757773,0.015909549050312437,0.8115384615384615,0.5468344834777168,-0.4969961641164904,0.6737706290223352,-0.6472367383713269,0.2595400952195881,0.7167451035590363,-0.5310900603307364,-0.8280300428287017,-0.17974870233465706,828
2.5689412529019098,2.2698297866815946,0.9493687087129026,0.5090077814191899,0.011504469458316515,0.9115384615384615,0.6763094307046901,-0.09480949308476662,0.730490735027425,0.7365415806158363,0.10128923946512429,-0.6687652727171934,-0.010585554488234686,0.9903290614687554,0.13833400177320943,829
2.626398718669342,2.4213402704024385,0.940725193421595,0.5057895702356553,0.012717652967408642,0.8461538461538461,0.6263220425692477,-0.4875973718556677,0.6082511832716243,-0.7051157330596102,-0.021581625392606916,0.7087637380941704,-0.33246428677933815,-0.8728018311191028,-0.35732962599181034,830
4.411166579331466,2.887356652261199,1.6583221449629386,0.9744517444743865,0.007425122458603983,0.9115384615384615,-0.28270764178534113,0.6836778932343702,-0.6728008082477194,0.7641730047277006,0.5844730073703582,0.27282031174545435,0.5797551277234285,-0.4370078282571862,-0.687683175539673,831
2.66365711597264,2.2038879959877034,0.8299433504814615,0.49385442430880494,0.011106886377340799,0.9153846153846154,-0.48711061461198585,0.7365595352901042,-0.4692582445792075,0.4909573114626638,0.6753210489948873,0.5503656957930771,0.7222770711116936,0.0377032061988222,-0.6905753404145292,832
2.1193350040331382,1.735611221720743,0.5792377742855619,0.3709842509736253,0.009681203174695561,0.8653846153846154,-0.4844919642898181,0.7602576722028469,-0.4327537502960572,0.5002049635521518,0.6466012628175665,0.575935587857287,0.7176785707936277,0.06257059037149182,-0.6935577771492285,833
2.502406790155436,2.1926109384027033,0.9662062013501868,0.8013610294799051,0.01416185335121337,0.8576923076923076,0.1578139222897547,0.0033396028206231993,0.9874632210794101,0.9498644038621958,0.2728220609396404,-0.1527276574172547,-0.2699118007924783,0.9620587144855804,0.03988294968171136,834
2.0136053131025538,1.826177532528011,0.6721608665541015,0.3396539970183554,0.013880452499537923,0.8269230769230769,-0.5405656018340584,0.6032283077259695,-0.5864336611005931,-0.016155861432499197,0.6894833020480271,0.7241213740377528,0.841146728136748,0.40090944732571754,-0.3629652831743439,835
1.6673755878380172,1.4912956401804407,0.5138773872300474,0.34590932125512175,0.015106406822328632,0.85,0.7251951560122407,-0.024631944579755892,0.688102647141109,-0.6874777957591844,-0.08148021889821691,0.7216198821168883,0.03829185336954691,-0.996370534105921,-0.07602297502075692,836
4.1665603670337354,2.51404641158682,1.2137391618121562,0.47724802725154297,0.008247983389685675,0.8961538461538462,-0.5280163318183102,0.7474417731187042,-0.40314953693425437,0.4224800101569913,0.6430017433658005,0.6387952716217379,0.7366881255666368,0.166971715645821,-0.6552946297837382,837
2.8585656702069606,2.3173507992893243,1.0908826253759658,0.50488158099304,0.010756506538903159,0.8923076923076924,0.7888440125321946,-0.4526145289023163,0.4157706244056224,-0.16876430346813617,0.4909690406448486,0.8546742133720847,-0.590968471043102,-0.7443718757145593,0.3109128123416065,838
2.714102980817578,1.704663950496128,0.7146712388431641,0.4497588426215177,0.012991106461484705,0.8538461538461538,-0.37836113195827387,0.7797309774209571,-0.49886115971622064,0.5756095377125207,0.6202459158335928,0.532887102476806,0.7249251781512571,-0.08552547422789666,-0.6834975342607034,839
2.3105837291149096,1.8229840536226982,0.7933391310793235,0.7870601442333978,0.01415640799215026,0.8615384615384616,0.9375315699107508,-0.22483651671694005,0.26548652728768746,-0.15257862171132686,0.4200778531937259,0.894569372073973,-0.3126568720136417,-0.8791945962110684,0.3595310033584054,840
1.906746085026179,1.4538961656495355,0.5719953663862061,0.25467241203758045,0.014634273207046251,0.8384615384615385,-0.554835360413518,0.6570730183750995,-0.51030654645834,0.4648210818790604,0.7535417854624629,0.4648829308576768,0.6899993367211171,0.020732247477779103,-0.7235130193983649,841
3.197659058716112,2.8922708209552654,1.1605086506388003,0.9820202876262162,0.016975310887336583,0.8884615384615384,0.968936174556553,-0.052222296903722126,-0.24173440247886205,0.21969434555445203,0.6306000805444613,0.7443641131521052,0.11356532995203258,-0.774348997625372,0.6224841730594181,842
2.190189050325862,1.972274897260114,0.779805458099342,0.4180073638026539,0.015062461080161904,0.8730769230769231,0.7689448365648128,0.11391616386499795,0.6290842121136058,-0.6366537300059045,0.046751731741826244,0.7697313191294148,0.058274062754214026,-0.9923897335167384,0.10847465335595532,843
2.7175759939597603,2.0354461250261116,0.9282902952746378,0.25575138572281914,0.012170697208577106,0.8884615384615384,0.6828970214899163,0.11624000914235434,0.721207264463404,0.720213187086043,0.058082460041723356,-0.6913171435621035,-0.12224820320792146,0.9915214007322721,-0.04405324848802583,844
2.253674249008026,1.632770186290112,0.6392236829254159,0.3851547176550749,0.012240095236042418,0.8615384615384616,-0.4587583607121283,0.8176680817088398,-0.34779257414629633,0.5891013939957785,0.5729065636075356,0.5698575409412736,0.6652069708511414,0.056541821070699855,-0.7445150827223433,845
1.9917109332269376,1.6835762121030127,0.6749273618309053,0.48081340843818804,0.014979707997447179,0.7884615384615384,-0.5895125032562015,0.6931989659005348,-0.41466878611614394,0.3624387756884863,0.6857767703123407,0.6311484414758592,0.7218816678528678,0.22177785050451798,-0.6555161650512957,846
2.35626620188467,2.3072536684367875,0.8379169428170855,0.6718552786231612,0.012395849735312334,0.8538461538461538,0.7233108908744039,0.0017245302742418772,0.6905203698210571,-0.6861385886422823,0.11429853135486712,0.7184355802061153,-0.07768650023300856,-0.9934449515325215,0.08385663930836412,847
2.356214446484645,2.356214437793955,0.9338260837975578,0.5383024016752247,0.012824046140871412,0.8884615384615384,0.6898130482720406,0.29829237706926515,0.659681450562317,-0.5623863512509192,-0.3530499316797466,0.7477147435135969,0.4559380992638289,-0.8867792304307163,-0.0757828880182943,848
2.740421157063296,2.238675297782499,1.066056060878237,0.3075471998693411,0.011125241021239721,0.9,0.6797791241226421,0.3891996610376457,0.6216300879584539,-0.6153878347949229,-0.15842181728811086,0.7721401042515206,0.3989964350636107,-0.9074283176401945,0.13181689251084544,849
3.430286752813606,3.1770922579174474,1.1942819290671878,1.083149823778526,0.008870228454341897,0.8961538461538462,-0.428332126871784,0.7257944696015917,-0.5382880056115297,0.6102101100806402,0.6716858854171202,0.4200972421794652,0.6664647107273325,-0.14852763792359852,-0.7305917670819796,850
2.5117058732744577,1.5483949132515527,0.8181208395361051,0.25907901973584463,0.015506828087739299,0.8461538461538461,-0.5156700385182457,0.7769110422975026,-0.3612390395995416,0.46320425165535034,0.6074885636242168,0.6452902186723373,0.7207816816644261,0.16542937291180818,-0.6731321489536866,851
2.6662562257113143,2.390732288794107,0.9386072718606482,0.894015216905194,0.013155693355850852,0.85,-0.02411679328541504,0.7968079014290971,-0.6037512306420476,0.22427039301125334,0.5928461482047451,0.7734573261514661,0.9742285004557231,-0.11675021532723515,-0.19299796921428397,852
2.978103028250613,2.4734306743542067,1.0310023721978268,1.1459585687076685,0.012564956012629155,0.8423076923076923,0.6590892889165112,-0.40212081868417704,-0.635531396876893,0.7046287130196215,0.6255487996632092,0.3349433922743217,0.26286819135041734,-0.6685712725062942,0.6956383885004298,853
3.1175679116595463,2.5434457633977083,1.2121257816143847,0.6818493035227344,0.012022712267006186,0.8807692307692307,0.6546776470261034,0.7037331278410865,0.2759653298212758,0.31222853016327157,-0.5842296007003804,0.7491255693257018,0.6884115944959437,-0.40427151574712117,-0.6022076204425492,854
2.8457948985192685,1.5624546178617675,0.7666230086069223,0.3199179565043089,0.013571440864072,0.8153846153846154,-0.5194912957120731,0.7794062476125412,-0.3502209229356946,0.5489471781244389,0.6185163284349552,0.5622228624740888,0.6548173709581986,0.09981709593992891,-0.7491667091172112,855
3.441324849157625,1.8899729067350728,1.077254639352824,0.597733661200321,0.012958434149028315,0.8846153846153846,0.7574117182677552,-0.5641108847205089,0.3287953752267985,-0.11479106018028518,0.3806768008857374,0.9175555491468006,-0.6427678441967773,-0.7327100947900508,0.22357418334723267,856
1.6408607759442648,1.2521250077842752,0.37832459437087046,0.14329794062260084,0.0034486317808913444,0.9,-0.48855160680253795,0.7258954303203433,-0.484141664939821,0.47119915044848787,0.6864948822819773,0.553801532335617,0.7343627769074912,0.04243348725591323,-0.6774294878819644,857
2.7319309606872597,1.9577707625957785,0.9437797989727719,0.5156145891313838,0.012544421026016819,0.8730769230769231,-0.5899082259223368,0.7429990160445793,-0.3161656957134159,0.1567287996741158,0.48946257754864,0.8578242643643,0.7921138607181876,0.45648531995698255,-0.4051873447208085,858
3.053826684571201,2.5674093984077317,1.1888249596617775,0.5770743294621393,0.01006131323642042,0.8961538461538462,0.6905776782590213,0.5687724101110185,0.4467666234029611,-0.5260428763292331,-0.028944245462516442,0.8499653657166701,0.49636817238179876,-0.8219855084799909,0.2792104247610465,859
2.256356653457653,2.068120142224623,0.770455275506088,0.5984529600510663,0.014646895625401828,0.8615384615384616,0.6441574837283022,0.03706641485701676,0.76399425197214,0.7400362614625713,0.22236078024580763,-0.6347456302559131,-0.19341010283158144,0.9742595980015405,0.11580486960639402,860
1.8328321806142878,1.6830639307860908,0.5253061649092015,0.3068761664998844,0.008986570467066402,0.8884615384615384,-0.5789505561631121,0.6643604941320226,-0.47269587194630547,0.3690157907548381,0.7304610667441337,0.5746772799968726,0.7270788125726156,0.15827748989568027,-0.6680603539354196,861
2.2341251251516763,2.23412512312525,0.6039261883168843,0.41702796713883583,0.0041934484169094035,0.9115384615384615,-0.5417988526454857,0.682565138882839,-0.49046797495237765,0.2834605806681244,0.6977364819706138,0.6578859330724143,0.7912674026391617,0.21741350673111878,-0.5715131359921246,862
2.3863533561933896,2.032113641271248,0.8327503923976727,0.4485759555069504,0.011507446151928299,0.8692307692307693,-0.4245577145307569,0.7662776442009734,-0.4822544131785906,0.550909300045469,0.6413280053014174,0.5340386996646559,0.7185051775428148,-0.03894819140745212,-0.6944302328025882,863
3.9487856931730967,2.899097538258015,1.3668999262794355,0.8639351748448311,0.008270524384606641,0.9153846153846154,-0.41789301875582996,0.6871027461358148,-0.5943527918061475,0.6784700824539011,0.6711135762230686,0.29880581491008545,0.6041885236332583,-0.27838172364885183,-0.746632335120947,864
2.3814208118905684,2.3814208113011466,0.8921835405471356,0.6161463248184689,0.01209509809253673,0.8461538461538461,-0.5776493213217052,0.6358616458461829,-0.5118605561267217,0.2417406537769941,0.7321904010843876,0.6367563685361578,0.7796683383901419,0.24408437865145566,-0.5766628982432354,865
3.153486649702069,3.1534858876605143,1.0437771434551948,0.7638994285566004,0.012783644792926135,0.9,-0.6597275742190294,0.7202950685127656,-0.21432345203282244,0.5148279278036656,0.6409433164620577,0.5693363415732412,0.547459343301819,0.2652671848510648,-0.7936759969110394,866
2.1803029917723444,1.8797213171055651,0.7339636861585974,0.4664836331076175,0.01650195711717388,0.8384615384615385,0.6892710722701283,-0.14980944400056193,0.7088459066820024,0.7185266659272018,0.015934528735548018,-0.6953168494618229,0.09286990515299816,0.9885864763804018,0.11862529002980196,867
2.790979487449028,1.880937689019358,0.8422562702698541,0.33167572012333446,0.013025435206318312,0.8730769230769231,0.7040442017959008,-0.5916080996950769,0.39283790333005425,-0.0841975207922289,0.479730902180519,0.8733664975172264,-0.7051471757087419,-0.647964596153405,0.28793982482758357,868
3.1311569682726232,1.8349817886169404,0.9750125221671138,0.32108910868309953,0.012263266822363313,0.9038461538461539,-0.4365142268711718,0.798372133271819,-0.41479786228242327,0.45289594028437147,0.59335669822013,0.6654420304964518,0.7773934634488499,0.10261464560339606,-0.6205881383773713,869
2.9777560438659436,2.7948019307010994,1.054147529039661,0.7290762880384646,0.013438364751606119,0.8923076923076924,0.5875499620546109,0.04351976699134869,0.808016752283419,0.7856245929567355,-0.2698977922291936,-0.5567307973261141,0.19385314294895772,0.961904990958476,-0.1927686368110362,870
4.584017173065362,2.9106330126691815,1.4789041940687468,1.007286834253152,0.010168668366829055,0.9038461538461539,0.7462913377806025,-0.48899019009432376,0.4515947665165706,-0.5740896546850938,-0.1295132569023021,0.8084846224079393,-0.33685354018800007,-0.8626209539989598,-0.3773788311295906,871
3.2380447500899394,2.4228624105967316,0.9832986205746239,0.7203948501159232,0.011198763361349635,0.9153846153846154,0.7628786338503161,-0.5190740724511865,0.3854585546120565,-0.16545756538710318,0.4195928151485824,0.8925052736717358,-0.625011987141725,-0.7446502378866389,0.2342136613106166,872
2.742530318722782,1.515306899751543,0.763905729237343,0.43321268200144397,0.014813687263650746,0.85,-0.5018059753516327,0.7856463924204812,-0.36187084599077607,0.5492299550282481,0.6126032526218372,0.5683869380772344,0.6682344046822679,0.08646965336942664,-0.7389085054626899,873
3.2995776940837884,2.5747838836839874,1.1676039798681195,0.8336502776438559,0.009802097515039318,0.9153846153846154,0.4250198848321669,0.12343426684421417,0.8967285426849548,0.7892520772375312,0.43453222973029054,-0.4338927285653267,-0.44321468395518415,0.8921579025566345,0.08726408672674503,874
2.0468025920934587,1.5177909977683322,0.592155921209122,0.1954746126294075,0.013799048505703146,0.8576923076923076,-0.4411834014212182,0.7344654771644726,-0.5156720558300283,0.5687918631633809,0.6733130131241658,0.472361517015079,0.6941419326834636,-0.08491200863965359,-0.7148125125368507,875
3.1107372670525306,2.9906728676943906,1.219078092956656,1.2394860929711393,0.013050534801993271,0.8615384615384616,-0.47266336631045436,0.6687833103882334,-0.5738625496529856,0.5834131507871662,0.725531993714079,0.3650101664143962,0.6604683471875551,-0.16227202421683723,-0.7331093728223026,876
3.6013747273709518,2.289759198548337,1.074685319119982,0.6883748718353573,0.012521778185036475,0.8961538461538462,-0.5572344234317125,0.6938429443392748,-0.4561488418634131,0.5421562953601589,0.7201013505192144,0.4330364838922371,0.6289327060537361,-0.006001130810908195,-0.777436581133738,877
2.420566861413902,2.3470124248401563,0.7962955510967025,0.599705313621776,0.011430748982812305,0.8576923076923076,0.5894079182726543,-0.4511336348360526,0.67013188955392,0.8018201306553953,0.22565738113731484,-0.5533201825471519,0.0984011379673069,0.8634565361718329,0.49473227728629077,878
4.268307244514756,2.850921234128486,1.6131547393610794,0.4977766533573986,0.0076263729243885615,0.8653846153846154,-0.533118781430088,0.7352332455214021,-0.41858862809035285,0.4777379099486731,0.6699450284913613,0.568278231324747,0.6982484187482071,0.10298414188492713,-0.7084090712546344,879
3.163335276379315,2.696825211600613,1.112436818998662,1.2341481472763334,0.014214943321713153,0.8807692307692307,0.8063803217898945,-0.3544752187146089,0.4733900040635168,-0.401813719448595,0.25893764394541946,0.8783490373484114,-0.4339314594413639,-0.8984979776634032,0.06636921456415323,880
2.7030569131985684,1.6996548237230051,0.7697814287776206,0.2782054063104248,0.015348532821947189,0.8730769230769231,-0.5152409287801105,0.7272825251708512,-0.4534169316323767,0.4359683283548889,0.6778966180700107,0.5919356315349548,0.7378742453706139,0.10731404283854118,-0.6663522298517466,881
2.225170312340337,2.1729138591701846,0.8547251039442649,0.356000529463035,0.012628055416000317,0.8576923076923076,0.6580050339942475,-0.3989331522177665,0.6386561792543979,-0.6632245164312482,0.09461149661413311,0.7424162616167367,-0.35659867644561744,-0.9120860731148296,-0.20232740592219245,882
2.24717559161776,2.0653090543452675,0.7066326162732842,0.359236591327484,0.010981203331399913,0.9038461538461539,0.6838067461175448,0.44849153133929937,0.5755551062070999,-0.6573253004694003,0.03621532885765219,0.7527362747460392,0.31675192710849964,-0.8930530758430109,0.3195691167813144,883
2.73349965748653,2.308813433435227,1.025408740199868,0.29777630046675924,0.01171988329231709,0.8961538461538462,0.647032309527603,0.46139637772049313,0.6070111803367252,-0.6546000440116362,-0.07206083367784627,0.75253306813031,0.390957763457052,-0.884262754432223,0.255404401521583,884
3.168014958004152,1.992304048706708,0.979137433932337,0.29178147021676,0.014586610224778243,0.8884615384615384,-0.4967871055303714,0.7509900833195498,-0.4349901913083229,0.49673747306659166,0.657044148668079,0.5670492655426479,0.7116561351033045,0.06562683488280541,-0.6994559771087043,885
3.2640661763335967,2.40443439921075,1.1606027788159543,0.5133346002617153,0.012357051146888915,0.8692307692307693,0.44051437588651976,-0.2904874940213301,0.8494492924563053,0.8545274476306076,0.42572178547719197,-0.29756310694713295,-0.275190708206562,0.8569585621179822,0.4357661034654387,886
3.293631770379425,2.108827123873791,1.0532450250451888,0.5096360137442312,0.01043644487196159,0.8653846153846154,-0.4234539230734354,0.7925744053462697,-0.43876256337992664,0.5368354530135466,0.6096684288354389,0.5831913093223077,0.72972218783689,0.011411348357416667,-0.6836485279053912,887
1.9757098107152313,1.8628385315127531,0.6581194063523019,0.44567310435559737,0.014627126621502767,0.8346153846153846,-0.48949266134443803,0.6658455538027953,-0.5630689415790825,0.41109746047879686,0.7456636088819033,0.5243897981245439,0.7690226345679452,0.02520874590821076,-0.6387242806187283,888
3.0949094108664372,2.566755140435598,1.1405250194867678,0.8348843540846161,0.012169021489286712,0.8961538461538462,0.7067689962050951,0.24828991195928413,0.6624422281395511,-0.6851949042083353,0.007258491640274669,0.7283235939786918,0.17602706965172293,-0.9686585744824432,0.17525705929139768,889
2.3631685523073176,2.36308992309295,0.9241704293139673,0.7305994472439513,0.01641064362887815,0.8461538461538461,0.5467550741531011,-0.5346130476661081,0.6443972207831071,0.32257539181699546,0.8447075517386088,0.42709983449994154,-0.7726603428945662,-0.025652315702899026,0.6343011534099005,890
2.9559967287174658,1.9541968650449961,0.9444482649356203,0.6305075659741278,0.013651348090838827,0.8961538461538462,-0.2612844126138095,0.7813630899530221,-0.5667470135643612,0.6262465182151143,0.5840211892669497,0.5164635020121597,0.7345377826555302,-0.2199794811937772,-0.6419215479365167,891
2.2941634220361014,1.8026767698724318,0.7863998408475394,0.5323235113245954,0.014377611439472233,0.8346153846153846,0.759590410474001,-0.389577610772231,0.5208182922103819,-0.49099369489812533,0.18169751696477865,0.8520042276298402,-0.4265531618523361,-0.9028927386538415,-0.053264459069258446,892
3.170756836419058,2.3935566014327674,1.1152575808122924,0.29817911946196723,0.010009327652186997,0.8923076923076924,-0.4884962368978437,0.698873472800985,-0.5224435812140259,0.5005239722817408,0.7148764645371274,0.48829027598571384,0.7147357411714856,-0.02296757422951179,-0.6990173895019057,893
2.3998173905421836,2.235709507281881,0.9204241683850679,0.545487209352594,0.014052731421283965,0.8576923076923076,-0.6590061438486148,0.7356684062261238,-0.15653401691163998,0.5507018336891628,0.6136989065151752,0.565774816082752,0.5122874122415779,0.28664550968538305,-0.8095652901625875,894
2.351147482024642,1.8192614596024175,0.7771169079467924,0.6425714520790028,0.016346327023070005,0.8692307692307693,0.7390276227837056,-0.5413888637436257,0.4009192823712158,-0.11766763459289434,0.4822391249029222,0.8681012349848242,-0.6633193051102748,-0.6887260156457352,0.29268408709865384,895
2.790839422028931,2.7908394220279225,1.0045385404863745,1.241356524639244,0.011836200003711553,0.8730769230769231,-0.5586257120014019,0.6567353254053359,-0.506592564350953,0.5783541585328388,0.7462240877764368,0.3296302142249657,0.5945113802095792,-0.10885000315559232,-0.7966855688503017,896
2.2952037486917165,1.6514723687131816,0.5872506974435262,0.28586130283266814,0.008674085957097007,0.8846153846153846,-0.5077773485416157,0.7599648083880458,-0.4057285475780172,0.48165138800594687,0.6409157900320973,0.5976946465541392,0.7142647301526175,0.10807608477019012,-0.6914806252967289,897
2.538981077166747,2.1773142215127907,0.9922455743090619,0.6229927125491082,0.01189229218246163,0.8653846153846154,0.8960594823373422,-0.17897218498166023,0.4062589828129646,-0.36048617730881893,0.24074892412910073,0.9011601808224525,-0.2590890196102664,-0.9539438728424072,0.15120835751974854,898
3.4669281560269596,1.9335192681643159,1.0626099103197355,0.21458365958594572,0.013250492622931603,0.8807692307692307,-0.45282102148819603,0.7709111552749787,-0.4479387381897044,0.537623113092329,0.6368733037976277,0.552588258270846,0.7112766766647838,0.009401360672388948,-0.7028492752007418,899
1.7818588468568637,1.7126377831016726,0.6846560627884072,0.5710951759637515,0.01528624945173475,0.8384615384615385,0.40816804880700275,0.585137930022221,0.7007228030986252,-0.209468569359316,-0.6870649840454609,0.6957475304657373,0.8885503713260412,-0.4307613150550094,-0.15786996886182408,900
4.516045302436673,2.091123748264208,1.25588652452423,0.8044879246930923,0.008654350153260897,0.8846153846153846,-0.397035800822042,0.8212255258694242,-0.40981850681257376,0.4658532520423543,0.5650454846542787,0.68095840389364,0.790786520134962,0.07944958107063169,-0.6069138683870542,901
2.956857660480566,2.0208716643510685,1.0247425774680388,0.42091723384344354,0.011866029167359437,0.8538461538461538,-0.5063392474198601,0.731199285553189,-0.4571303657916368,0.4480016732317001,0.6760062778808712,0.5850726562122412,0.7368277053042229,0.09145007967277241,-0.6698670133869535,902
3.000639698258325,2.8097852250691733,0.8739936549676244,0.6602793590583399,0.006634812956623095,0.9038461538461539,0.753356359848659,-0.5331846882472541,0.3849263348931277,0.2420192853506227,0.7690528236459042,0.5915948106268644,-0.6114579794180068,-0.3525221165557421,0.7084118129627062,903
3.146776481777678,2.4454008943733996,1.1062983890205478,0.4720180184581281,0.009063752514798224,0.8807692307692307,-0.5243807224229631,0.6873756484314267,-0.5025331590001271,0.4865323222139222,0.7262307769374661,0.48566980353933126,0.6987926426289128,0.010177257601143103,-0.7152518899209008,904
3.179970099748443,2.7105484720883153,1.088749894546587,0.6072788548167571,0.010330745839446537,0.9230769230769231,-0.5139363323473496,0.7584531504254586,-0.40077208598285824,0.4139214996032676,0.6284652976131674,0.658559307778863,0.7513577300191547,0.1725693724439238,-0.6369312154658253,905
2.8992665037269343,2.4320046374191633,0.8480248566373151,0.5672859437302055,0.010260538836400507,0.9115384615384615,-0.45684356218521655,0.7791961611677345,-0.4291238773494062,0.5755633078476479,0.6267408748049735,0.525283499177511,0.6782483603735405,-0.007015573402263164,-0.7347992537968732,906
2.684709834457495,2.075532960786296,1.0094226199530845,0.4616690766250003,0.013173855719791893,0.8807692307692307,-0.4551747932901957,0.7079057845909232,-0.5400789828311569,0.6606591506792562,0.6751586862268546,0.3281619036941854,0.5969467264145031,-0.2074370954172307,-0.7749996498501606,907
2.129695135119392,2.100673408215277,0.7699499107696742,0.444019966433296,0.013528548890192161,0.8884615384615384,0.6722713242399274,0.6129237831443736,0.41518152976822453,-0.015162763026306219,-0.549307351482019,0.8354828090542724,0.7401495505788693,-0.5679664335713851,-0.35998996251853893,908
4.422178683290232,1.8534891448163708,0.9230397144409366,0.3372104688976788,0.0075333843658269665,0.9076923076923077,0.7450212521411212,-0.6293002160446836,0.22118899598350358,0.269704106323868,0.5874738821667765,0.7629771509055432,-0.6100844440650158,-0.5087786118323085,0.6074053796698458,909
3.479816025818221,2.723984717953001,1.2708053932675039,0.5097835003572927,0.010469808270994576,0.9,0.7144899899251044,0.09736630377799357,0.6928375402541607,-0.6946538863783386,-0.01935850131050299,0.7190836019312925,0.08342680885839188,-0.9950603254655583,0.05380442591537075,910
4.057205112982442,2.0847200092463516,1.2011054560188477,0.308794923724056,0.010739990386068538,0.8923076923076924,-0.40225759081187096,0.7354263149893228,-0.5452861320953017,0.6200914079333002,0.6570381041497302,0.4287045317029267,0.6735543604205432,-0.16567759328452852,-0.7203301039397976,911
2.1931976355266776,2.1931976355266776,0.8069376732520921,0.6193903819976698,0.015021153944105062,0.8384615384615385,-0.557321328658916,0.7509694759035205,-0.3541719679520844,0.6587218806287264,0.6595824775399858,0.36198955689794177,0.5054487319232432,-0.03155632398436084,-0.8622794082046605,912
3.270963118609525,2.725981579074464,1.1996803142736874,0.709442557033892,0.009047691803005428,0.8807692307692307,-0.43008321087038304,0.7234615977722859,-0.5400293957519282,0.5084043038227452,0.6883990916654021,0.5173313777925703,0.7460251306637944,-0.05205772894604899,-0.6638798816616212,913
3.522496336408393,2.3270513306753284,1.1588203704793898,0.692912203808445,0.010987855827119102,0.9076923076923077,-0.5990781860629468,0.6661248349763034,-0.44427810120612726,0.34600434780112627,0.7157592372290185,0.606605065610279,0.7220708540622911,0.20968170771225197,-0.6592778345770676,914
3.9833907863628535,3.188078747679364,1.2208150346133642,0.6660662749674771,0.009759866521223641,0.9076923076923077,-0.31266133306628374,0.7299472000225787,-0.6077992892266426,0.5241954577992873,0.6662154817723931,0.5304489173043656,0.7921249982343759,-0.15275476105829153,-0.5909348273254965,915
2.3007922247495056,2.167561616234463,0.8907359810306654,0.5632893952824121,0.01318609781757954,0.8769230769230769,0.5440321790239292,-0.14703997719368003,0.8260800404884248,0.8372028100225734,0.16067122355885088,-0.5227582737847474,-0.055860926207703485,0.9759938539903743,0.21051259795136656,916
3.3196274958817655,2.101667323442764,0.7465998100877095,0.28117907817051907,0.003895105482286569,0.8846153846153846,-0.45551984545951774,0.7716436878306943,-0.4439230670100205,0.5497015804802159,0.6360494880065536,0.5415433696613355,0.7002355623717564,0.002658540510725005,-0.7139069192494656,917
4.340288108868192,2.9951616708965556,1.5487293590760416,0.8485712827222331,0.00771451468770302,0.9153846153846154,0.7728193049632301,-0.009245354707558837,0.6345587800137047,-0.6297657353110674,0.11234058961146236,0.7686187029690728,-0.0783928600336827,-0.9936267485037229,0.08099656877707238,918
4.718037348097866,2.350626742611436,0.9644001939113875,0.5454147454665419,0.005612601941024702,0.9461538461538461,-0.3524908554852861,0.7262817664220562,-0.5901398076406208,0.7122213708808923,0.6172643545754709,0.3342535496162603,0.6070345259207203,-0.3024888631559599,-0.7348534357317937,919
2.3366117441124095,2.2412180966042707,0.8691673044319089,0.5229676499099871,0.0135256630826961,0.8769230769230769,0.6913556622182246,-0.251085425671662,0.6774831786355145,-0.6870505866520686,0.061698462777066816,0.7239853528021096,-0.22358184116749827,-0.965996588351236,-0.12985280741641422,920
4.038190801780064,2.507130277995041,1.0335427505545536,0.37876840213151824,0.0064638903274256854,0.9076923076923077,-0.46253224036426155,0.7386897532045931,-0.490307429205549,0.5683895017816224,0.6714781192390622,0.4754476939134429,0.6804390500904958,-0.05877570836416368,-0.7304437796423724,921
2.9107880467978626,2.062477367699434,0.940368600489714,0.27707260967458,0.011861725480399904,0.8692307692307693,0.707658145614605,-0.10289192903606287,0.6990230324420907,-0.7037841660489222,-0.015116713065638195,0.7102530060513044,-0.06251237128858177,-0.9945776671157105,-0.08311117560562799,922
2.2120597264346062,1.5116243959068252,0.6798712251553001,0.37005176756159935,0.017238683557958673,0.8192307692307692,-0.42444881882158575,0.790780340538085,-0.4410324854468558,0.5402010174685924,0.6120612086272551,0.5775499438313897,0.7266540173472231,0.0068941940946128655,-0.686969001601184,923
2.8576224787765816,2.8576224787765816,0.8881165331413483,0.8187270841249245,0.014034551407726865,0.9076923076923077,-0.22602530918640634,0.7442121413423489,-0.6285386609317085,0.5576218253511214,0.6279092984287916,0.5429436553075707,0.7987305299656906,-0.22776786785079756,-0.5569123260221744,924
2.1315972864670294,1.9784761980121641,0.6923450559059993,0.35360352827052194,0.012513555169052414,0.8384615384615385,0.6441788579318731,0.33518447455652023,0.6875208847808603,0.7226238066496246,0.027914011819227286,-0.690677668675745,-0.2506958975667405,0.9417389107180532,-0.22423066467988023,925
2.5469865141552153,2.1162213757922292,0.9683774967878418,0.6381814910016808,0.01311301576760238,0.8615384615384616,0.448727866968228,0.6130912171241928,0.6502018616486116,0.7378632375458661,0.15629851846725545,-0.6566038499759758,-0.5041836412305313,0.7743964957372398,-0.38224196957608675,926
2.5008104905803528,2.1036784095860885,0.9010172632258687,0.5378191938281249,0.012734027343402671,0.8615384615384616,-0.5755842368140052,0.7078101193182339,-0.40952120985603035,0.6902254229890412,0.6890658870971429,0.22085531168307168,0.43851072026900145,-0.1555411142744424,-0.8851640017417262,927
2.342068352975116,2.0050536002599455,0.7636566372038102,0.5757924980163002,0.013878294638793507,0.8692307692307693,0.7730269516718,-0.5322555832930289,0.3451569585600183,-0.07020458109740113,0.46897136124858113,0.8804187521410429,-0.6304765251632634,-0.7048190238508396,0.3251607215455252,928
3.91159236509429,2.188607916909404,0.9379770905826537,0.3935957324796214,0.008274102928481238,0.8576923076923076,-0.45944741590653526,0.8113673521258551,-0.36137389490814903,0.5184790200741398,0.5753411814688951,0.6325836155394287,0.721170976786897,0.1032741245920514,-0.6850159687408597,929
2.789623979668066,2.3804026191891325,0.9458021335602761,0.7354295604885203,0.011173026015900017,0.9038461538461539,-0.6138856806510133,0.6933465920682035,-0.3773789532539543,0.39465244752489437,0.6835940481969924,0.6139614181137594,0.6836620632697507,0.22796859550617082,-0.6932795271091534,930
2.193678456687648,2.193678456686741,0.840439644029757,0.8240735401620678,0.013983917825899979,0.8576923076923076,-0.2943576876626953,-0.08633976469250815,0.9517872644381797,0.8220741423279669,0.4850229595920788,0.2982395567061457,-0.487388609047861,0.8702288053732669,-0.0717925488404491,931
2.4931219770008424,2.0433335154037144,0.8137931183914621,0.5850619158295851,0.013356068151617969,0.8807692307692307,-0.4445722823672651,0.7469572558680271,-0.49437874515078767,0.4963051789633793,0.6648660968476056,0.5582421003442489,0.7456786540359652,0.0028162330757860177,-0.666299792695731,932
3.9951184236431274,2.576677148500383,1.4189885435672906,0.4686503893299188,0.009586729134631216,0.8884615384615384,-0.49125206999542526,0.7530960374842648,-0.43762742378729963,0.3365663600524648,0.627531777331935,0.7020875684126997,0.8033644807970068,0.1976113022175646,-0.561743076708235,933
3.087116281892239,2.6944711494884586,1.218400467568075,0.6340640943910262,0.009741871585794794,0.8615384615384616,-0.5500863858653382,0.626004065315714,-0.5527421444885576,0.38749231092702147,0.7776480609426646,0.49508908520038125,0.7397666368916935,0.05815843464462542,-0.6703453732380347,934
2.735025710256993,1.756848930012265,0.8369651107659767,0.2862510166935408,0.012695104568661852,0.8576923076923076,-0.5397938142465714,0.7320891368519593,-0.4155335531632691,0.3556404009185721,0.6457398417403052,0.6756774097331382,0.7629826625393369,0.21694596675799024,-0.6089268463221389,935
2.9049613536413994,2.416904555393127,1.1367257608163361,0.4431305545104879,0.011073998867009417,0.8769230769230769,0.5264807435747265,0.6715256940273759,0.5214127625078371,0.11301748316444926,-0.6631281135136804,0.7399244242265292,0.8426417240703052,-0.33062720294742604,-0.4250183261072221,936
2.3732957313949115,2.0927698740466907,0.8421136125459499,0.7309957979974661,0.014043975414369126,0.8692307692307693,0.8334392904299266,0.09985406238298293,0.5435145953820154,-0.5523559225228919,0.1804106501137975,0.8138519104722934,-0.016789402060396766,-0.9785096645159578,0.20551630696205608,937
3.908293967926461,3.510008995297828,1.2082865315827547,0.6636044381881537,0.006915257277584511,0.8923076923076924,-0.4383035296744685,0.7911422082357918,-0.42659585349918433,0.49897931024884573,0.6089324543806142,0.6166205591330761,0.7476026108959817,0.05740446280383096,-0.6616608374626045,938
2.753356293581128,2.6886708187083697,1.1094392139848632,0.8075937692421162,0.010632219520496816,0.9076923076923077,0.65674694239214,0.09118898600989668,0.7485773323371888,0.7502180670134581,0.021728924225978996,-0.6608333419089659,-0.07652650250185024,0.9955965160055898,-0.05414122027037975,939
2.7116427187904804,2.4172410127262074,1.0489404539208036,0.4385291280144783,0.011720866072588949,0.8615384615384616,0.47476861243731444,-0.5934104094036383,0.6499683458875157,0.6499468793449011,0.7343510930519314,0.19569753744811968,-0.5934339210680255,0.329533849770915,0.7343320932527655,940
2.1183874583553295,1.885566355883837,0.7208268090873837,0.4088545351491368,0.013778335453064202,0.8653846153846154,0.5242636616165199,-0.5045609193046933,0.6859780549105357,0.7703565015791476,0.6243147692243216,-0.12954508637196102,-0.36290284317317756,0.5963634358667413,0.7159973315439376,941
2.9864650523027803,2.5855455566337673,1.1306125900189645,0.5589672418503813,0.009781967040866028,0.8884615384615384,-0.3908698411138339,0.7156504696835405,-0.5788481429091521,0.5351691740640311,0.6883519938437093,0.48965854194837954,0.7488756388341586,-0.11838892605779447,-0.6520501052431577,942
2.875546647914024,2.56984168874601,1.1410561366011593,0.4185130186365308,0.011593938350773984,0.8769230769230769,0.7939541851437116,0.4660655610602879,0.3904095858023263,-0.4421841173546535,0.0019458824541803755,0.8969221927797085,0.41726485384234197,-0.8847480468105221,0.207631730265139,943
2.1765336532179056,2.176039982695582,0.7411998024276659,0.7132879834623331,0.012286760385485188,0.8653846153846154,0.5793837045598208,0.3871043050526158,0.7172620022699304,0.7411069323626598,0.11605621877090479,-0.6612801742745716,-0.339227118159127,0.9147027993257325,-0.2196446020532315,944
2.114808908533439,1.8770542627321782,0.7624201537242423,0.3717167558831819,0.013928378437051457,0.8038461538461539,-0.40784949012528715,0.7332230513975491,-0.5440981072415255,0.6431091459004035,0.6537007309577607,0.3988558396269797,0.6481276262155449,-0.18724131820876663,-0.7381539601544156,945
2.9914831683963783,2.2982697472410796,1.0780034960870177,0.5934652862194942,0.010841215360152133,0.8923076923076924,0.6887434801948931,-0.04606606660520514,0.7235401412475688,0.7240751892886074,0.09423612063884121,-0.6832530086458524,-0.03670883743316347,0.9944835197601148,0.0982598095858068,946
2.9470160114845454,2.598166863795536,1.0151034684632483,0.5737557609419294,0.010446105646555993,0.8692307692307693,-0.5101910337851097,0.7166229795851209,-0.47555926463041875,0.5150128122166242,0.6973979772690696,0.49839528945781036,0.688815586567265,0.00935769370912748,-0.7248762109977406,947
4.167853013587492,3.475524394662259,1.6310284329111642,1.3695846252229886,0.008186855431402728,0.9192307692307692,0.6940985055420198,0.06008608009148838,0.7173680558706068,0.7167705551635773,0.034837256333130166,-0.6964383223385089,-0.06683738366237701,0.9975850984003416,-0.018887445426769383,948
2.535744098568057,2.5357440985680566,1.1230064782182851,0.8794838319123928,0.019111982480805974,0.7961538461538461,0.03396824812999339,0.32449739207305917,0.945276467842484,0.8494524117014028,0.48895593882624494,-0.19837512480453767,-0.5265707534355186,0.8097058307955606,-0.25903611563259205,949
2.676258296746839,2.592706351778973,1.0283901179566777,0.8414085354242545,0.010564193955366865,0.8807692307692307,0.6007382900473381,0.13144345904304797,0.7885658653186801,0.772934936186619,0.15641597887389644,-0.614902940288228,-0.20416927117758799,0.9789058476828706,-0.007632173942801634,950
3.6643505119090296,3.0615404848208816,1.322877429958424,0.616378235998147,0.010393723708238784,0.9,-0.5431082211616846,0.6889904710720232,-0.47992248423942635,0.5313304536170076,0.7245801908910732,0.4389436137220826,0.6501702924355555,-0.016603546013053694,-0.7596070780963384,951
3.546910564325623,3.135998375095861,1.349602904421035,0.8434417898596783,0.010602798011732995,0.9076923076923077,0.5186196879232557,-0.5984505160972955,0.6106476881813814,0.4812095538664685,0.794651262057247,0.37009017411768574,-0.7067326117889419,0.10191345099497534,0.7001018953982882,952
3.2016860384663715,1.9840846523340336,1.0043578609510757,0.48440940107241426,0.013203669263360794,0.8307692307692308,-0.5008820819765495,0.7747258105341845,-0.38589773055433724,0.502097877383188,0.623256780988502,0.599540412715563,0.7049928095251285,0.1065406187517288,-0.7011663390907071,953
3.2567884384423613,2.1236321822705917,0.919808114683741,1.0809843820189757,0.01111266232957153,0.8846153846153846,0.8504696444380178,-0.5132877962882392,-0.11505225800059182,0.22349094352386675,0.15459080437632713,0.9623686826601809,-0.47618607922983586,-0.8441784890553913,0.246189960323067,954
2.5445768702122664,2.3537624523631084,0.9010135604107049,0.19700803736054853,0.01320055816622199,0.9,0.5816447278519702,0.4279130990912424,0.6917946156108302,0.7157451842430852,0.13488001756081552,-0.6852125306031889,-0.3865206874086297,0.8936989204921996,-0.22782448884226136,955
2.403697099995141,2.4036502361879823,0.8409558657169454,0.39513038212680784,0.013604369290339957,0.8423076923076923,-0.600147478106694,0.643521631181772,-0.47508200841889037,0.36648763720762834,0.7491446588615702,0.5517871798738637,0.7109921351858579,0.15704200170761032,-0.6854399998566774,956
3.3512129365322108,2.5068424541052337,1.2196866674651816,0.49112179361422426,0.01136054958303774,0.8692307692307693,-0.5046707757463187,0.7597181409869719,-0.41004360056329187,0.5417884768300851,0.6485010538040891,0.5347070502519324,0.6721403532609432,0.047694124064558835,-0.7388860643211301,957
2.152336904279669,2.0704505742191373,0.8639989956482792,0.3049841365737304,0.011931643025224235,0.8346153846153846,-0.6104274227146568,0.6568909771655113,-0.44257497185955014,-0.04822667222590823,0.5268954571839496,0.8485607611037241,0.7906026496818466,0.539328676520595,-0.28995177012494144,958
2.1855874961437673,1.3723109212428026,0.6698066511660901,0.2745989247021084,0.017146884496130048,0.8115384615384615,-0.43859045127723706,0.7712859664610253,-0.461255215676432,0.5483725036148072,0.6363127272020441,0.5425806027494211,0.7119873687978304,-0.014969006011728986,-0.7020327026081926,959
2.2748416018144506,1.8832521707861056,0.8291694790047955,0.7213238659072774,0.013707091565418217,0.8576923076923076,0.8916556339218892,-0.29409280169011487,-0.34417968343499417,0.4469287807451061,0.45068054878170083,0.7727494470341069,-0.07214496127275227,-0.8428502043328245,0.5332903877054878,960
2.164432742421534,2.164432742221402,0.8312378218011411,0.40844870037323244,0.012460875483460861,0.85,0.6364501125799065,-0.507992977184258,0.5804088122422837,-0.6648950898523137,0.02007797149230381,0.746666856470165,-0.3909549509691726,-0.8611271742270292,-0.3249834089926186,961
2.584171203864966,1.9731208140319827,0.7197902886540237,0.4744771249846757,0.009389701745332062,0.8538461538461538,0.7012433401715888,-0.29102570434893604,0.6508162699819352,-0.6702616958816424,0.04191820162690804,0.7409400268619792,-0.24291364082500208,-0.9557964761289779,-0.16566852241922822,962
2.808991272465823,2.2524739611041973,0.994678913719855,0.488806692059187,0.010518257257359257,0.8846153846153846,-0.4548636356224889,0.7743004282971488,-0.4399521789094168,0.5539373084947664,0.6328136898725721,0.5410178298054826,0.6973180990379253,0.0023834111504204836,-0.7167578308643878,963
3.66605485945538,1.852561864310654,0.9439359038615134,0.37062030695801296,0.00989571810473256,0.8615384615384616,-0.4614632717552557,0.7888885552834866,-0.40584048117908145,0.48079239510291477,0.6068418906943273,0.6329151542740441,0.7455805265912849,0.09694208085897282,-0.6593268622819752,964
4.238142059785624,2.0987299133186945,1.1249112324745603,0.22787860023848203,0.014217493634613656,0.8769230769230769,-0.4288766927023457,0.7941495722334394,-0.430570829687919,0.5564113515459318,0.6077125684860428,0.5666496642326069,0.7116678932813586,0.0034483366340668786,-0.7025075933019733,965
2.9048698110636857,1.7794135266773536,0.9150217506191058,0.6418749376141881,0.014591587550752615,0.8769230769230769,0.6432895676813765,-0.5333143023541902,0.5493217518147003,-0.3083704083659587,0.47623179466034415,0.823474935258384,-0.7007754443161659,-0.6991274080302182,0.14189659609881086,966
2.1721667878893745,1.925666361438655,0.7114743309610645,0.5742105956222895,0.013410477194347379,0.8653846153846154,0.6958980346366901,-0.3902642741811266,0.6028430323779737,-0.6438826752279796,0.03267607383252256,0.7644261735054286,-0.3180267692035565,-0.9201228561973505,-0.2285451893459537,967
1.9904488900277706,1.9866431049034294,0.7068264241784161,0.3838912013064737,0.013118210220421563,0.8730769230769231,-0.5461458749866095,0.6517444464381708,-0.5262640589781078,0.43133297678371857,0.7573417615167927,0.4902910558041393,0.7181062222081125,0.04077539453695053,-0.6947379511919218,968
2.4866884784038454,1.815642505198273,0.8104191901809761,0.5385544201647521,0.015471520816779216,0.8692307692307693,0.6758206731527354,-0.5761837710624934,0.4596506061168502,0.07705328381065257,0.6754343715042285,0.7333833930794198,-0.7330274273131794,-0.46021806978311053,0.5008693632592528,969
2.330093791663586,2.069444674244735,0.7597464369704402,0.663286867722944,0.013961139575383304,0.8153846153846154,0.7025071089671595,-0.5210601305315748,0.4847474623151953,-0.03736153359023651,0.6531929748404663,0.7562691673120407,-0.7106953479926466,-0.5493953749254539,0.43940510278344613,970
2.3834724588412204,2.1811399547172545,0.8809236729373158,0.29340284642988557,0.012892567675203657,0.8384615384615385,-0.552270666407979,0.6843793802888593,-0.47604829047138036,0.30525946672502563,0.6973827949128112,0.6484395849532545,0.7757665686274704,0.21279591442279347,-0.5940573455525379,971
2.7776395797594753,2.0138576196623954,0.9559807148177474,0.6145943005060229,0.01333788082498473,0.8653846153846154,0.8161405572335979,-0.4028707523593996,0.4142580690002353,-0.24709656993355164,0.4047318498111911,0.8804177502046883,-0.52235799598121,-0.8209063811676596,0.2307700964005334,972
2.597837369360413,2.5978282376343342,0.9973157905293324,0.6025707768304744,0.013034402146639068,0.8923076923076924,0.6485695710940081,0.4232821850614915,0.632605487852029,0.730659957100064,-0.11332690918932256,-0.6732704053678045,-0.21329214364684645,0.8988821966549145,-0.38277572806457927,973
2.8622881000127602,2.174348589325427,0.9053162164515958,0.528768229329155,0.013488730168572344,0.8653846153846154,0.7156449014995626,-0.17375173616198844,0.6765077302872273,-0.6977774826448147,-0.1349083481186643,0.703495786996453,-0.03096707399072139,-0.9755050342200127,-0.21778652056512854,974
3.828458868925708,2.3780241223997587,1.2333631831366059,0.43824398987700053,0.009379150006017077,0.8576923076923076,0.6870465547140704,-0.6214138735633913,0.3765791143949271,0.023454185020393724,0.5369622784227032,0.843280150813553,-0.7262347642880747,-0.5705403660513787,0.383492839366531,975
2.308739746790032,2.3087331025824698,0.907374210036259,0.7171125666905398,0.012885599344671643,0.8692307692307693,-0.5680006101414097,0.5989293708077467,-0.5644988181234953,0.397301021937727,0.8002056030629654,0.44924702647193304,0.7207823560869288,0.030896627817168204,-0.6924725218687766,976
3.9360744501320744,2.1523179008779403,0.9580081212806142,0.2661362122194433,0.007494988742367301,0.9,-0.46718070424298797,0.7658352362076191,-0.4418581000342147,0.530991992120313,0.6426099225775479,0.5523585716805519,0.7069580566675278,0.023428153740706975,-0.7068673338931248,977
1.64209706834904,1.64209706834904,0.5800968141889193,0.5125051730963,0.02445927726312289,0.7846153846153846,0.8839904551894479,-0.26740425385317196,0.38347860455986493,-0.0019157327982140737,0.8181875779296647,0.5749481866128762,-0.467501021498134,-0.5089833517344328,0.7227577343449076,978
2.5164804798190943,2.4262452000626475,0.9337185084333514,0.4648833982751321,0.012494442218704655,0.8576923076923076,0.7207958556637376,0.2724854560679026,0.6373421457031124,-0.6442092498576399,-0.07601762170957309,0.7610622599941985,0.25582763114221463,-0.9591522284919569,0.12074446456494638,979
4.229782833768713,1.8704227329574865,1.0778290410393427,0.23762034181569525,0.011944015872608677,0.8576923076923076,-0.4220146274695661,0.8035499473920764,-0.4197751019866645,0.35062856809588966,0.5716612451321994,0.7417971609873749,0.8360402271641894,0.16586410962017856,-0.5229969748508646,980
2.3149668090405857,2.0351029591591305,0.6528134059223907,0.4149916585703849,0.009170583818447778,0.8923076923076924,-0.5362921355386224,0.7186850522221886,-0.4425861962056815,0.568075632426123,0.6951697508295206,0.44048733622577935,0.6242441999755259,-0.015192539090372298,-0.7810815357905367,981
2.726460742580926,1.9231684923205876,0.9056854686129338,0.6215894046100989,0.020631638728196653,0.8153846153846154,0.32107421087154686,0.017570385661454493,0.9468910352627283,0.8139007864645307,0.506092063849336,-0.2853705182760442,-0.4842281083390678,0.8623004722580334,0.14819255932043515,982
2.652591884909918,2.2253615493023013,0.899524559864153,0.5618004658627113,0.012236830250632859,0.8846153846153846,-0.6450473037711597,0.2578461991858947,0.7193255962795605,0.7222403900936044,0.5131643395769433,0.4637145452797418,-0.24956521154799474,0.8186438164134312,-0.5172422131197889,983
3.7431560673301187,2.891474032975858,1.1101058375407657,0.9221024139760354,0.010175231160618612,0.9,-0.5582470250156089,0.783987135681584,-0.27152243028340756,0.45261789932640417,0.5620492820872491,0.6922699196950283,0.6953396984715997,0.263561711162668,-0.6686089500884886,984
2.485006639500631,2.349338245213418,0.9931754599504587,0.6101594950682495,0.013045096045397518,0.8730769230769231,0.5631938478839038,0.42440405900997125,0.7090090862616524,0.743156452467326,0.11500669771859708,-0.659160031127527,-0.36129098641109403,0.8981395516152957,-0.25062755028602623,985
3.1576121351955675,2.2694346996123542,0.9047137381934527,0.4176850747074063,0.009936329548814021,0.8923076923076924,-0.4990937459111533,0.7533206237145049,-0.42826798932299687,0.48560565228250624,0.6524717456798297,0.5817798308301838,0.7176995076378796,0.08239331875768219,-0.6914613205092821,986
2.3333075552833584,1.851673222723072,0.8123133343254568,0.7078584968281415,0.01314762298473989,0.8653846153846154,0.7260425418006223,-0.4406413341547477,0.5279180259566968,0.6863270784216742,0.5119423816440887,-0.5165947534593701,-0.042630610139437336,0.7373942042835042,0.6741160275265952,987
2.103599963775387,2.07187945008217,0.8365042983340032,0.5850463589433123,0.013216835641109509,0.8346153846153846,0.6024493518078733,-0.5496427987137925,0.5787465527572001,0.07033892311435107,0.7588435323677054,0.6474634578714206,-0.7950517054892636,-0.34935553123683716,0.4958260767576072,988
3.610296228076271,2.3419456483700833,1.1363600129632614,0.25388709577527535,0.013662216736332765,0.8615384615384616,-0.5023743963884677,0.7702572808770162,-0.3928405364893856,0.5406127307348613,0.6343915379083527,0.5525262455283656,0.6748020755901092,0.06520044391122432,-0.7351129579139932,989
2.6230303998712365,2.1694904940866966,0.9210918971776487,0.6413227673944739,0.013555802555336791,0.8653846153846154,-0.5926424578429427,0.10454886836969059,0.7986516457658451,0.7182812682460202,0.5172806600457136,0.46528780172013934,-0.3644817373322903,0.8494058234232258,-0.38165797553037895,990
2.3092612825906347,2.064552574735937,0.7729149653713437,0.5009437333820558,0.013531788696013873,0.8269230769230769,0.6100707107478585,-0.4144468758800371,0.6753129015211244,0.7894210593967824,0.24474933996908216,-0.5629495106717478,0.06803027905620049,0.8765452342337934,0.47648749561091286,991
4.913079542019622,2.7796715052577836,1.682844491997872,0.5742096767329073,0.009615577753749022,0.8807692307692307,0.5003911608130304,0.7162431120314187,0.48642007632059825,-0.3880342276830175,0.6877580028162854,-0.613529435079197,-0.773975532124002,0.11825706756766435,0.622074868198085,992
1.7485372587666046,1.7143890565817765,0.5832586838203278,0.5623085634782976,0.014525041313729843,0.8615384615384616,0.7958305683540654,-0.5866378375427017,0.15003250993190784,0.07749328946572001,0.3444105406901272,0.9356153961694498,-0.6005401706472495,-0.7329648197729254,0.31955293210079555,993
2.499289410836251,1.9164901910224235,0.8799924418463021,0.3455974637660067,0.012636219440502151,0.8923076923076924,0.7400889131591275,0.050539792748692046,0.670607284457797,-0.6712942653938665,-0.004390219165759387,0.7411779376269815,0.04040309231049512,-0.998712398703749,0.030677920515474254,994
2.118708460410863,1.857582231798596,0.6272740229417934,0.4700173371708163,0.010138211622611016,0.8576923076923076,0.7066347307120776,-0.7037460151754417,0.07354524781491073,0.5274764144018851,0.5931996585491799,0.6081799054119327,-0.4716312008351445,-0.3909676600715507,0.7903849057117527,995
3.80132290800037,2.15410764644066,1.157144432989377,0.5246107163232449,0.011604494806519077,0.9,-0.5614972835736672,0.7595216422991601,-0.32840169825775783,0.28369836163324746,0.5495143431252272,0.7858430035994856,0.7773262121825069,0.34808168808318074,-0.5240258564948483,996
2.6651392299732986,2.1990856685880975,0.9394924617549361,0.5440733694755231,0.011598031273208229,0.8538461538461538,0.5875515647540748,0.19751629615797112,0.7847104380005883,0.7593657232016394,0.20043086739866836,-0.6190243660957689,-0.2795475937680191,0.9595909441766602,-0.03222363531100286,997
3.1898043549134583,2.1970186807929415,1.052379846563475,0.6867284112727284,0.011767118659902417,0.8846153846153846,-0.6004004907289235,0.7694851972981485,-0.21774246685361476,0.516661564665932,0.5810706025873337,0.6288225364963821,0.6103933799849233,0.26504619587502576,-0.7464385009649213,998
2.9127259474182012,2.668553058407531,1.1342815049230603,0.39373000700467425,0.01048320902191954,0.8730769230769231,-0.5856353609822512,0.6235683002194805,-0.5178743080406444,0.4233427101393634,0.7801350094480703,0.4606194924287486,0.6912395921379557,0.05051674964649763,-0.7208577420449237,999
2.3366931908318316,1.9718677894654548,0.7635318988785119,0.5258489084202712,0.01385384414441151,0.8692307692307693,0.686097445852964,-0.10697529047121598,0.7196016828931393,0.7228765752929779,-0.011209443882923642,-0.6908862462522549,0.08197409155785107,0.99419848903347,0.0696391607992981,1000
2.242044103626803,1.3372901974868188,0.579566553863674,0.28323280223628117,0.015067398916197664,0.85,-0.5914032086064293,0.7657200688201264,-0.25281420263925275,0.5717706723730946,0.6192758971287665,0.5381223480300559,0.5686128235135395,0.17369553661928733,-0.8040580311734336,1001
3.113514623708853,3.067734021281085,1.1331573973843598,0.9227151500391185,0.010794220750863304,0.8961538461538462,-0.5016891249813472,0.6533444663420352,-0.5669647521457495,0.45609247360252836,0.7566928741426866,0.46839678665081314,0.7350426364494628,-0.023598782212678054,-0.6776100796767278,1002
2.326061463539205,2.029101057771899,0.7903887521922213,0.5897474228853049,0.014798438513424526,0.8461538461538461,-0.4844467776601906,0.7654816598632221,-0.4234963376792109,0.5072205048479558,0.6401969230610276,0.5769534289394401,0.712768320758185,0.06469720331079981,-0.6984093304125585,1003
2.585557160215889,1.9682076336363843,0.7435366751395492,0.5603795738028778,0.011289624640910167,0.85,0.6568504173795372,-0.4281719920587669,0.6206579367129329,0.7101306393469642,0.07454815836852342,-0.7001121675449824,0.2534995152835595,0.9006171868781369,0.35302503941039587,1004
2.625590254956867,2.2454271676063398,0.8192318061528147,0.6794122667603419,0.010907177478766891,0.8769230769230769,-0.5377863094545537,0.7698659049907852,-0.3436457095555974,0.5499187753577292,0.6292800804184945,0.5491774948935441,0.6390424288514076,0.1063629104585441,-0.7617819277237294,1005
2.032240346418384,1.850837653079901,0.7096293911536603,0.40231984928002684,0.014129172603351815,0.8423076923076923,0.7297208435651727,-0.20341486628735392,0.6527862457495796,-0.6664807132727031,0.0015767219793929354,0.7455206052037118,-0.15267923664349897,-0.9790913676062605,-0.1344215182805968,1006
3.030772429152391,2.6115862058813155,1.025607471019892,0.6330426612234028,0.009986236703890903,0.9076923076923077,-0.4364276277907094,0.773913400052402,-0.4588997438660267,0.5445765467380608,0.633214361237768,0.5499781427157758,0.7162173625679726,-0.00988038165135513,-0.6978073284328568,1007
2.7909278789404652,2.790927877255824,1.0964491642281224,0.5947363275114999,0.01007386957905064,0.8615384615384616,-0.5951281359211981,0.6108702005960451,-0.5221686507812467,0.3019713879947232,0.7721312314141139,0.5591302552245447,0.7447387345019061,0.17507415428518208,-0.6439823427966235,1008
2.3625808927066383,2.0187335285433843,0.834254327534345,0.3137420498101102,0.012167298275465435,0.8461538461538461,0.6958485308683414,0.09840442508058186,0.711415062542909,0.7150182805268929,-0.0019510453946513955,-0.6991030338471101,-0.06740682903635546,0.9951445937884746,-0.07171859488888072,1009
3.1613898266069635,2.5136561306777963,1.1532495936427232,0.5063600976007865,0.009028234389554602,0.8807692307692307,-0.5897703293813019,0.6171096125334804,-0.5209094784127549,0.13979522070326017,0.7133091400817634,0.6867658749125075,0.7953793150755163,0.3322134807538563,-0.5069575409789361,1010
4.013813216093036,1.9206487564916288,1.2391647529416117,0.31561553064391495,0.009281955293003828,0.8961538461538462,-0.5728205909835733,0.7373239150366517,-0.3580921876559921,0.309769402660746,0.5991968327839797,0.7382452659901396,0.758893594465281,0.31195608648762063,-0.5716326725991908,1011
3.0034612465953656,2.4599149274123615,1.1705877614677214,0.3712399940358511,0.008938043173790022,0.8884615384615384,0.7590295709359829,-0.05232675139161568,0.6489499376173311,-0.6510559906106638,-0.0603073266892816,0.7566301100521704,-0.0004555597712334325,-0.9968073722823244,-0.07984268926396784,1012
2.2285736430603453,1.3938861206681745,0.7342174278654865,0.2886573564060783,0.014620835573124895,0.7961538461538461,-0.4968822251498313,0.7746344577212319,-0.39121542817364136,0.5615636373550545,0.6307021995660846,0.535594078256158,0.6616300594219652,0.04643481854638756,-0.7483912560257843,1013
3.835580523791426,2.4469318484819342,1.184638128558395,0.7759620464644225,0.011292854990537556,0.9,-0.4465390239210106,0.7789756200282657,-0.4402270817626402,0.2410798880621341,0.5785521367620066,0.7792033833474192,0.8616747574854564,0.24181482264264836,-0.44614146171666724,1014
3.3791608622668647,1.9956582921771029,1.0349679482109273,0.6829520993955237,0.01206170495228231,0.8846153846153846,-0.5535244306611792,0.7250111789007456,-0.40984081681814993,0.3558478556593856,0.6508101154565994,0.6706850954374824,0.7529827410265354,0.22539960977854137,-0.6182329719675639,1015
3.1833343570054766,2.8161092630542273,1.1297898176126653,0.9306144097534095,0.012856574822328605,0.8653846153846154,-0.4985183252403097,0.6755257437140393,-0.5432719843496358,0.8479988467819376,0.5100986325285178,-0.14386570456172007,0.17993730923880336,-0.5324137063150518,-0.827138567636505,1016
4.162851299755874,3.00557398998579,1.6514255118045253,0.5897019479411643,0.008014805689789064,0.9,-0.5600563680314461,0.6906320985728304,-0.45756329512791327,0.38298878197788505,0.7055855148403501,0.5962119372560182,0.7346131345861723,0.1586706830777709,-0.6596720070043235,1017
3.5607917441490318,2.25552261678909,1.2664304578417855,0.8446110311382286,0.011346836438311286,0.8769230769230769,-0.07384878227491512,0.7110654847633625,-0.6992368938598393,0.601855517791673,0.5908479194848912,0.5372789515178243,0.7951831820783366,-0.38116218650152023,-0.4715920848796668,1018
3.8347269266178285,2.3610163838939955,1.093428539055811,0.35715006527457405,0.01360628194133717,0.8153846153846154,0.7908828368809679,-0.5460538863581184,0.27627792441725685,0.18495505419825886,0.6436293366994452,0.742652613855463,-0.583348923247169,-0.5362522075786984,0.6100308218552086,1019
3.538835732055131,2.516425553902913,1.2633216584796845,0.7407904491416077,0.010507885152555175,0.8807692307692307,-0.39483634177342186,0.8069558919156525,-0.43923393734728144,0.44751721773592773,0.5864484512516261,0.6751344709422437,0.8023918014566676,0.07000287513511785,-0.5926778167165878,1020
3.535467537547062,2.828722125230661,1.2233721913822098,0.7348185937663695,0.011160168816052085,0.8807692307692307,0.526613436463386,-0.5894820623686288,0.6125268864971164,0.7143361710193173,0.6974703742188737,0.05708687993265073,-0.4608710484611546,0.4074873927284282,0.7883856299157816,1021
2.7929182103957735,1.7045050971683966,0.8135289221048939,0.43700891572425576,0.015793161902002698,0.8307692307692308,-0.5883722901243366,0.733539686813571,-0.34020225761051615,0.2942639194448222,0.5861327363699339,0.7548888402065994,0.7531446035966898,0.34404642597321367,-0.5607185237249108,1022
3.0452634409905572,2.3916587023263953,1.0130430585939574,0.4101791150701093,0.01420607930534456,0.8384615384615385,-0.5172970683207895,0.7754242227668838,-0.36210636262442375,0.5110097442435031,0.6192788396771663,0.5961231081046028,0.6864931058611631,0.12333285642713612,-0.7166004619944208,1023
2.4932245166680973,1.9515124233974366,0.8078803994575086,0.35554492660692,0.01347519513998015,0.8538461538461538,0.7076529893665715,0.07477148111865979,0.7025926787633621,-0.7036183511033312,-0.016070725882171052,0.7103963314659285,0.06440856023219611,-0.9970711897256594,0.04123808904245618,1024
1.6558314337269957,1.3850177560717751,0.5383334532384074,0.2291571056173574,0.018136327770967887,0.8115384615384615,-0.43159943425749264,0.79050567873506,-0.4345373404395007,0.47541634774496555,0.6087177802679787,0.6351708118942989,0.7666167390850858,0.06755320771989351,-0.6385415722420136,1025
3.1758619033280198,2.6098321039498362,1.1626360078502245,0.8134894310825225,0.011433323074653279,0.8961538461538462,0.693091204604242,-0.05459234615591496,0.718779700493436,0.7205945659357839,0.025933893367164177,-0.6928714922109581,0.01918472423726699,0.9981718834529518,0.05731350137556339,1026
2.0958158858872173,1.8948788246536934,0.7075709053140059,0.3470271366388874,0.014740006982713978,0.8807692307692307,0.6241475292906025,0.3198790139416652,0.7128234550855804,0.737292839646215,0.06075351883373259,-0.6728359967746524,-0.2585326483964014,0.9455085543711528,-0.19792534785649724,1027
3.511424246895686,3.5114242459234584,1.494552047555746,0.8909468835452307,0.014199302834284925,0.8653846153846154,0.8149686290702408,0.42585141393127934,0.39303524890790964,-0.45969161290630245,0.06209266931743845,0.8859052553409069,0.3528593978555403,-0.9026599989308076,0.24636390091744387,1028
2.414519595192253,2.1630432070926657,0.8878400128182589,0.5896231891025987,0.013501363815099546,0.8807692307692307,-0.44727845235623576,0.7919196690671876,-0.41569847702671064,0.43360748018390965,0.5985067562980654,0.6736276536738443,0.7822573356551992,0.12104916525975856,-0.6110814678940483,1029
3.0157104006748288,1.9548398574982055,0.8572043062690644,0.7911991031456652,0.01091043428523064,0.8923076923076924,0.6842113333211993,-0.5397276681239499,0.4904578428532977,-0.15957250010619378,0.5454259778825695,0.8228287305756293,-0.7116118805674098,-0.6412523270229326,0.2870609421760272,1030
5.936967067481184,2.587927065189852,1.7164044181053777,0.3767026935958285,0.008776127312603783,0.9615384615384616,-0.3578003992880679,0.7610909459248396,-0.5410355314584543,0.7419651359535702,0.5835088663375902,0.33015926449945393,0.566980256533417,-0.2832983849877247,-0.7734826525298726,1031
1.8026893186639836,1.6812121754138494,0.6612159752429521,0.43554924293206204,0.01585858572886301,0.8423076923076923,0.3880995043400625,0.5754675864365305,0.7198720939805294,0.8458897007807821,0.08765044460886716,-0.526106466100605,-0.3658543273544771,0.8131140489013717,-0.45276501039194816,1032
4.286194317603647,2.8674279337972166,1.4666531692368043,1.0648720898790378,0.009514315740276613,0.8884615384615384,-0.46778707117976054,0.7653084296507113,-0.44212923850682406,0.5772169750453144,0.6433544618089025,0.5029071486766857,0.6693248985034088,-0.01995103947516616,-0.7427019161596811,1033
3.9001658427248325,2.814748935875468,1.2959781174305767,0.7519239747418429,0.008916856408953153,0.823076923076923,0.6834354868981336,-0.4004619678586764,0.6103655851594743,-0.6027714653299304,0.16208651497702903,0.7812774937540502,-0.4118039531528559,-0.9018637224998896,-0.1306113708921344,1034
1.8454310305921624,1.8453080384288627,0.6849974699708384,0.49095622333648936,0.015282594405025563,0.8,0.7982038381198115,-0.6017328754944632,-0.02807453223059616,0.42256706248049575,0.5261064546941523,0.7380034390406013,-0.42931073887966814,-0.6009405502030253,0.6742126849921163,1035
2.3097523046611848,1.9979804036225672,0.823744946259605,0.6228764370606205,0.013333732985868492,0.8730769230769231,0.6007899482147269,-0.44794609737238716,0.6621145912702676,-0.6610413798936033,0.1873696116304306,0.7265789170529395,-0.44952834414807097,-0.8742064530111348,-0.18354112705653733,1036
2.8346081488771646,2.3715775862354485,1.0559280980286079,0.6280303905668785,0.010595265460816636,0.8846153846153846,0.6676124364363812,-0.4982405859362291,0.553217817176383,0.7211726417631278,0.6173590563122444,-0.31428938315133453,-0.18494230313227458,0.608789055515273,0.7714740633339217,1037
2.7540970343440825,2.3227535891900164,1.0616446424197503,0.6649168207307993,0.010257100446879367,0.8769230769230769,0.7993285624645146,-0.263668993318675,0.5399560270899189,-0.581508495346074,-0.11302049762712642,0.8056514363894982,-0.15139920432009474,-0.9579692213627915,-0.24366627147147177,1038
2.171226993423333,1.8269271742429518,0.766066418778355,0.2751173159278993,0.013873738432668046,0.8538461538461538,0.6701476387177666,0.4211235440744982,0.6111931797289102,-0.6636165687939058,-0.028864431065079056,0.7475158153788405,0.3324382528278072,-0.9065438793822522,0.2601211310358532,1039
2.9633991711225756,2.6716086426224304,1.1013530086560446,0.8668534360381791,0.011820612538688994,0.8884615384615384,0.5556827691850655,-0.5413508486232351,0.6309959736208467,0.7191217285029267,0.6938431810898941,-0.03802077918743384,-0.41722967251356924,0.47489040709405755,0.7748538582366743,1040
3.8796381747192483,2.7869086753865853,1.4779584530356058,0.4433601611203437,0.0075284660598253636,0.9038461538461539,-0.44426596515648625,0.7565448860857452,-0.4798620505323197,0.46141096271415244,0.6523416120805777,0.6012905658958172,0.7679372863006293,0.04571932289109015,-0.6388912801280084,1041
4.254876428713637,2.8821745634097145,1.2055492375713566,0.6399365030297216,0.0113416549325717,0.8961538461538462,0.7786850501235723,-0.4677460089054742,0.41816655039236456,-0.12016018289159865,0.542975040325311,0.831107475619841,-0.6158012042546747,-0.6974179354854069,0.3666021005146663,1042
3.7803692508708333,2.0679260053206696,1.2451333883016595,0.27302038481295726,0.010044569595873125,0.8461538461538461,-0.47891043939721206,0.7631272925409135,-0.4339141924569239,0.5375663384294959,0.6457065371844598,0.5422965052669605,0.6940224944653264,0.026453793989312413,-0.7194671458514954,1043
2.488631645111443,2.301934071076447,0.9589216069325095,0.9152254134907692,0.014132490967463667,0.8653846153846154,-0.6085884367317299,0.7383368759403653,-0.29065232203278657,0.17087087909222204,0.47965017507767355,0.8606618686953712,0.7748698325232958,0.47412484344798744,-0.418069821286757,1044
3.4919114838344627,3.4919114828641225,1.1627134556589667,0.8316049714876275,0.00801322941324268,0.9076923076923077,-0.5073773658008823,0.7478910598091121,-0.4280504308262765,0.4879451375099774,0.6587768954094415,0.572645217263767,0.7102659723324263,0.08168209554303152,-0.6991782918643656,1045
5.539892215395128,2.8385809287138803,1.6373117685506609,0.48063938060036426,0.00833231541528743,0.9038461538461539,-0.5028122776079657,0.7492068342182374,-0.4311251941691374,0.43097457599480854,0.6496319809011326,0.6262900320431145,0.7492934861139424,0.12910231969704072,-0.6495320336334907,1046
2.368770932650904,1.6997921861528449,0.7730126359063711,0.3516157831833419,0.013670097681076247,0.8923076923076924,-0.4935586106757447,0.7341236105839473,-0.46632866329555334,0.42780349898763387,0.6717628144219466,0.6047469614754941,0.7572212781491062,0.09898103628015906,-0.6456149706869718,1047
2.9722772536222064,2.0729636675145127,0.9650314318607309,0.7331251222311046,0.01457288119083158,0.8807692307692307,-0.49091229077278503,0.7624941888189158,-0.42143532693119146,0.37255731698799127,0.6210083256234097,0.6896011202609219,0.7875316935380607,0.1815248509813264,-0.5889334089260698,1048
3.335352749263967,2.1754279845596702,0.8303383783103254,0.28433777189113185,0.006908230869079001,0.9038461538461539,-0.4693643291176447,0.7527281657923495,-0.46162477725402556,0.5259380965435213,0.6582553034725307,0.5385991775471478,0.7092857288541206,0.010013184966423005,-0.7048499776340404,1049
2.9677866234543835,2.897252325365945,1.2118121551856227,0.8011938989050665,0.010143479303927732,0.8769230769230769,0.6573190297881527,-0.6176565190166217,0.4317778567673793,0.11521161323602178,0.6485704997753959,0.7523846031097703,-0.7447536352740517,-0.4448108939058968,0.4974789356432311,1050
3.10599859127874,2.640300155172321,1.2322434445576889,0.5008654540546117,0.009118245736002539,0.8961538461538462,0.6593284537617308,-0.03495472456752299,0.7510420476182235,0.750306625812747,0.09466613693301917,-0.6542769213258782,-0.04822817974644886,0.9948952154617026,0.08864283913411591,1051
2.7294636955274596,2.729392014164612,1.0578199351939785,0.8171535880854308,0.011424130891830597,0.8769230769230769,-0.4833698236132181,0.7502834403971745,-0.4510303456375257,0.541724112206216,0.6610833384363057,0.5191375597048397,0.6876689609648771,0.006601417096973483,-0.7259943673457792,1052
3.196706690859039,2.4734907766455807,1.1891356457474518,0.9112262931484653,0.010124998641394756,0.8961538461538462,-0.5300786174745169,0.6943237373597075,-0.4867557981525774,0.8105445859029373,0.24628532690441124,-0.5313765256529716,-0.2490665243659626,-0.676208610925974,-0.6933309317705537,1053
3.3129958906439816,3.31166655685457,1.2738160201799986,0.8609789220455321,0.010041273587997453,0.9115384615384615,-0.588682073408622,0.6510772554059611,-0.4791156686441873,0.3895691337564788,0.7478281445861652,0.5375769304844101,0.7083002939936933,0.12981322605133305,-0.6938726251053524,1054
3.2030194503681635,2.323194469092143,1.1595773165035552,0.896163270951481,0.009813629978623816,0.9115384615384615,-0.6317800393346907,-0.15064509242779953,0.7603683568019362,0.5922447212031972,0.539055604262691,0.598886671850303,-0.5001001620727632,0.8286887905845023,-0.25134581009913637,1055
2.4057850115177204,2.163267387827179,0.8903213524787977,0.6583311330975449,0.014594944170943439,0.8730769230769231,0.6131273389158927,-0.24824766718983413,0.749965307203421,0.7526313155332237,0.47202752251971786,-0.4590600405857889,-0.24004368175947724,0.8459096368517754,0.47625194711271496,1056
2.4173416669718653,2.297971675696972,0.933183829860813,0.6447902988549064,0.014179115672624282,0.8192307692307692,0.8163781719965862,-0.17146444221031165,0.5514767677291754,-0.5102469902788328,0.2331288903750073,0.8278278380097582,-0.2705082054188097,-0.9572099380648031,0.10283212178629064,1057
2.408936934044138,2.0690935882531254,0.8111797554055153,0.5517635750269381,0.014766771452791642,0.8038461538461539,0.6772783869955097,-0.5094563322402377,0.5307996157205516,-0.4436813682214453,0.29269109717793423,0.8470411826622856,-0.5868908160824353,-0.8091885856665934,-0.02780292835281062,1058
3.1216790500652896,3.0990034024671482,1.0841840061542003,0.7797901975965593,0.010561217499324833,0.8846153846153846,-0.6506167446531068,0.6590090064796224,-0.37736584497770226,0.46915027021422406,0.7395560937377068,0.48265392174242705,0.5971564916627088,0.13698143521720527,-0.7903418316595169,1059
2.4041921138263764,2.117258874093495,0.8614335595165035,0.5960461485782385,0.014789074592241788,0.8423076923076923,0.7134339956209746,-0.7006063630507141,-0.012753742397508603,0.5835400973261136,0.5839511180449859,0.564342136072295,-0.38793412933759897,-0.41006318511524753,0.825442484676078,1060
2.896406397515496,1.9088046567025903,0.7560350533518037,0.30950219199478246,0.009946022358501014,0.8653846153846154,-0.44900245813047274,0.7693302678374024,-0.45445322265555976,0.5579895023579375,0.638659125242036,0.5298700189701419,0.6978857412579327,-0.01566718654730287,-0.7160377304406227,1061
2.1881526872774075,1.9345921183718282,0.8399660733805638,0.27613100433415494,0.015392497122760017,0.8307692307692308,0.6956110759208862,0.45452001138119624,0.5563603061957462,-0.5326375100431255,-0.19340067217945262,0.8239499152834443,0.48210218206439015,-0.8694870552541729,0.10756275746828181,1062
2.8529602498253444,2.6459906063433074,1.0862634690128135,0.6909827884712907,0.01476487861428667,0.8923076923076924,0.377016421245103,-0.006793021768893091,0.9261816630482286,0.7616954475496668,0.5711946645338186,-0.3058703980286608,-0.5269522400499385,0.820786519177396,0.22052398201330908,1063
4.359500857512941,2.4806664398564373,1.2562245444240876,0.5426036336693165,0.011699781929558782,0.8923076923076924,0.7335138873788272,-0.6204663482442533,0.2774506942122189,0.29153697330991446,0.6559737337469655,0.696207335373134,-0.6139735908129074,-0.4297906133578374,0.6620547246669254,1064
3.0229867134797117,2.656812425464599,0.9658366167694097,0.458050238775294,0.011600312267019413,0.9153846153846154,-0.5902651061564292,0.7465839869848977,-0.3069192969363015,0.5014719490563448,0.6371061036824159,0.5853389590316379,0.6325448511874634,0.19159374475265337,-0.7504524290105836,1065
3.5333351148864853,2.7253323695293026,1.2111444510526783,0.6172257880320814,0.01065627427631736,0.9230769230769231,-0.5442798685046351,0.6123704675706515,-0.5733775677403843,0.5765955765648864,0.7695279336603548,0.27452559152514544,0.6093414197528211,-0.18118821640417573,-0.7719286653635102,1066
3.1993043550919804,2.0200911984186933,1.1155811737258583,0.5961281420314543,0.011290995067967134,0.8461538461538461,-0.6104244691574375,0.7262440522143662,-0.31615114119217996,0.330603257539205,0.59632157679927,0.7315067075209212,0.7197801425145924,0.3420089964706914,-0.6041079313953625,1067
3.7967697687645483,2.147102846515954,0.9655432760345417,0.5524633646221142,0.008095870912371282,0.8923076923076924,-0.5318932299939819,0.7672593944321946,-0.35833310416721365,0.48519399373787886,0.6229365345522766,0.6136259955059659,0.694029091845044,0.15252244285855907,-0.7036053752617311,1068
3.83971280579136,3.8397127268685254,1.29924714207848,0.5931276846711137,0.007907348511013134,0.9384615384615385,-0.47679647793167423,0.6483052840485949,-0.5936037207654794,0.6562830473979966,0.7118037963346271,0.2502557036744854,0.5847714770146965,-0.27025102071645085,-0.7648573105303806,1069
3.7337930394055197,1.9239931870857025,1.0917317102393702,0.7177091335399666,0.014313014152583358,0.85,-0.699042509636631,-0.12557510916223255,0.7039676567000889,0.5409299114256667,0.551013272894631,0.6354362312765675,-0.4676904966384726,0.8249941000109275,-0.3172543684509617,1070
4.121094580684108,2.4596256837207053,1.4295838932022538,0.45761896334326735,0.009145553836775507,0.8730769230769231,-0.4556776333766742,0.7592513525122601,-0.46464532511210843,0.4941853697272388,0.6499359084212842,0.5773769438522398,0.7403639069996495,0.03347683755828518,-0.671372166953107,1071
2.8061465585823933,2.5990198124970276,1.0732396675899798,0.47184188668524496,0.011870256429101951,0.8461538461538461,-0.6008702928656858,0.6171397765637354,-0.5080289237182936,-0.2851405808027623,0.42826077686774977,0.8574890997418537,0.7467594929634094,0.6600993888646574,-0.08135758409354049,1072
1.6106578707356718,1.6106578705783203,0.5352230174040162,0.42528363486244036,0.015155586375201001,0.8076923076923077,0.6586070754073357,-0.6115860187812451,0.438405362483972,0.4100468670326522,0.7801980329994691,0.4723903006418164,-0.6309503047468181,-0.13135284897963176,0.7646228756745586,1073
3.176096129885492,2.4670182595035084,1.2329352191018126,0.44711713276946513,0.0110649813307597,0.8846153846153846,0.6331849463996089,0.6895526846799577,0.35155926769690954,-0.42421467488102543,0.6890861093894795,-0.5875391420680466,-0.6473938007646585,0.22288433973057242,0.728837319183339,1074
3.901205502989644,2.8547381080680907,1.3067562827250525,0.6080565194770288,0.009272346780160607,0.8884615384615384,-0.4659592747046458,0.7997377210350705,-0.3785518879497925,0.5280307390214326,0.5946372418505756,0.6062920824592877,0.7099756988553905,0.08262038584981155,-0.6993628377865299,1075
2.201964684379315,2.201448846189616,0.8077579534062815,0.8277344519301812,0.014209210263393815,0.8692307692307693,-0.6691804494315385,0.7347542318369678,0.11105739460419395,0.5160246509436612,0.3519338476618804,0.78093605787438,0.5347112171229221,0.5798954954710133,-0.614658546361597,1076
1.9785058637559838,1.9778359940826584,0.7550158039541894,0.570239469543527,0.015643821779752112,0.8423076923076923,-0.6250184198870169,0.6909409727604011,-0.3632527315284048,0.20345823827588663,0.5934524380191591,0.7787290601273261,0.7536290334638185,0.4128132458752103,-0.5114963381592913,1077
2.9140753742091965,2.081180417712868,0.9419161083499604,0.42551894599569895,0.013322178927910143,0.9,0.6666432615554864,0.24268176279499054,0.7047640199594325,0.7164478218186411,0.05223615456303941,-0.6956823289172949,-0.20564357620404344,0.9686985837520268,-0.139045939900558,1078
2.634868641882184,1.5929652314168141,0.7326621909587525,0.47875722081938754,0.014925431998427587,0.8423076923076923,-0.3446673750911928,0.7867947092379067,-0.5120141463504546,0.571394772938402,0.6085935938980623,0.5505650287885276,0.7447901811963009,-0.10280040360561896,-0.6593327407402902,1079
3.1513319696473037,2.6399195673866576,1.0907643370040714,0.7613722564120448,0.010809090402155157,0.8692307692307693,-0.5910164703647428,0.6807370881006638,-0.43277771273695487,0.5832874226119527,0.7312396089469531,0.35364447815541045,0.5572031177051207,-0.04342408538284237,-0.829240034265325,1080
2.2489890624296383,2.0728582435839935,0.7854067259511637,0.8340664974277372,0.014792569333857204,0.8692307692307693,0.5891593460833945,0.6080864001943423,0.5320922803624133,0.7655224900333732,-0.6308054935625541,-0.1267270552976216,0.25858573467167695,0.4819910364207913,-0.8371487673253306,1081
2.907046491805344,2.561844237045894,1.1478565382401955,0.5060627740905816,0.00968901028238242,0.8961538461538462,0.8455898163582259,0.04370725742068753,0.5320409177121843,-0.5320019569442316,0.1514747849731192,0.8330842138252623,-0.04417895742058229,-0.9874943367767275,0.15133788208879267,1082
3.1179755400391493,1.781340962205423,0.9452253100244115,0.5035159105076815,0.014948646832471714,0.9,-0.5350522736030907,0.5304153530336273,0.6575550302281747,0.805787154476459,0.5542586302530038,0.20857716191087536,-0.25382302140053165,0.6414490814213367,-0.7239592182925975,1083
2.4292564405442545,2.1432463411162654,0.8858901684282084,0.39635030086023054,0.013411140603042378,0.8846153846153846,0.580256903711158,0.3189801143823004,0.7493688092816478,0.7585427092562602,0.12331065764404965,-0.6398495447724915,-0.29650444166945056,0.9397053625153187,-0.17040817976329903,1084
2.163649209336707,1.3158853104735386,0.6304105970920573,0.32168647019253294,0.016227857039360454,0.8076923076923077,0.9056966357799144,-0.4227988061031896,0.030899409293100984,0.2597517212616746,0.6110732823342898,0.7477422596849764,-0.33502633812663507,-0.6692014742773023,0.6632697336578406,1085
2.026084499702659,1.676303498327712,0.6800504809008142,0.6026337747613595,0.016060643335631827,0.7961538461538461,0.5389672444538774,0.3355393319819105,0.7726109409650679,0.7269454726675919,0.27807012241907614,-0.627875215935405,-0.4255168494594376,0.9000502006615927,-0.09404811064099611,1086
4.508055895617021,2.586921283931263,1.21974134301873,0.9344305133562935,0.009583113543888789,0.8807692307692307,0.4468702974636141,-0.6109868697002452,0.6534538868953774,0.7735307175702686,0.6308309732266077,0.060848271899837277,-0.4493964466036716,0.47827536866523523,0.7545167364002783,1087
2.676226594580164,2.555070956773867,0.9934785091498628,0.5635255710231023,0.010995300496586997,0.8653846153846154,0.7510712527207453,-0.3534663448503533,0.5576320618424138,-0.3054792600594969,0.5627153170723281,0.7681366373280808,-0.5852985520313481,-0.7472703760957746,0.314662660637844,1088
1.8343793642352066,1.7868227862246107,0.6511254930344245,0.2902492103611942,0.016864947408619404,0.823076923076923,-0.5677054839680462,0.6102037866493911,-0.5525955322216701,0.4096256226527152,0.7916375164311586,0.4533397090980257,0.7140849618490659,0.031006149994017795,-0.6993720654441145,1089
2.7454119989094847,2.2703452291854616,0.9351529378704113,0.7546650748258099,0.011653509920122752,0.8769230769230769,0.5894605173654774,-0.3684009538296147,0.718899878762442,0.7728602191025831,-0.0016954703952340286,-0.6345740359554952,0.2349965535830917,0.9296654573541867,0.28372302903800406,1090
3.181615123608126,2.2320551831360467,0.9178082695875832,0.42561195060386886,0.009280887614180314,0.9076923076923077,-0.6663446565910065,0.6914406532937806,-0.2790960795233134,0.49216217817316366,0.6890326482792775,0.5319872178737876,0.5601439002689049,0.2171263055871295,-0.7994341614001892,1091
2.2765738937498834,1.7152929982988305,0.7665448740355454,0.5165739856674199,0.01554684772321369,0.8461538461538461,0.7046127529381688,-0.3094230956387513,0.6385751453683639,0.7009607143601764,0.16357894451811164,-0.6941872988135204,0.11034013467712567,0.9367493137417676,0.3321532445781029,1092
2.423431626288435,2.4234316260760114,0.9014474551951854,0.7192924002318519,0.01329179755673395,0.8615384615384616,0.5558539724228478,-0.42815808249541304,0.7125356255904619,-0.6651685765635391,0.28500621243974933,0.6901610128246768,-0.4985750957420306,-0.8575850484147911,-0.12637546692782353,1093
2.2875402922908856,1.9895750559610836,0.7687463354545518,0.5636629261431925,0.016068015165995,0.8576923076923076,0.8094216981435568,-0.32290809327381964,0.4904761746228527,-0.29890169618958246,0.49239181569682544,0.8174399524428532,-0.5054644305877432,-0.8082577949720311,0.3020348428204251,1094
2.0604422362883517,1.8251882181062957,0.7280945561046314,0.4799954439980325,0.017745235066367923,0.823076923076923,0.7534309226359166,-0.10410618584077744,0.6492331991554937,-0.6347462805095235,0.14249521279146232,0.7594684152160912,-0.17157798283963102,-0.9843053471363454,0.04127928540420603,1095
3.74393668874976,2.6980010229193585,1.433363927861528,0.7126837742298497,0.007788005453760742,0.8923076923076924,0.6583956314694319,0.11927192541517916,0.7431617591545759,0.7365223853086824,0.1013427357665931,-0.6687783084449969,-0.15508052231398003,0.987675988224427,-0.021122828497261173,1096
2.281452678580162,2.281452678555094,0.7495704580655462,0.6977220033613608,0.012329673185006058,0.9115384615384615,0.5538557539085028,-0.4913154722549688,0.672200052503212,0.33137495495522606,0.8707165020902063,0.36337778167661505,-0.7638288048318589,0.021491386895051506,0.6450609871930416,1097
2.1082805342136903,2.1082805342136903,0.7427621479783464,0.6726671045802419,0.01717778977805908,0.8307692307692308,-0.69208493651566,0.12757481827451908,0.7104527474718767,0.6612945793410722,0.5065807146587686,0.5532318310346266,-0.28932321023766705,0.8527019674411656,-0.43496141753003337,1098
2.4966858133083742,2.339564004081312,0.9292588712228589,0.9544154655569489,0.01523727029343124,0.8730769230769231,0.240663417362069,-0.22021268372335465,0.9452975687427576,0.5239686690095008,0.8492955185146941,0.06445119182194482,-0.8170299587163392,0.4797952648351323,0.3197789086255729,1099
3.549865686668303,3.169220520850077,1.4319044363116693,0.8862466144464777,0.009607135712094157,0.8961538461538462,0.7036156002009191,-0.05748618297526169,0.7082516684913882,0.7068552717367369,0.15855539662778717,-0.6893589855932748,-0.07266850742848831,0.9856751619915862,0.15219646205144163,1100
2.248156067958083,2.0243409903619916,0.780532100958927,0.31419916412736115,0.013602035640965448,0.8576923076923076,-0.5679749144339004,0.6054474686650884,-0.5575283483921158,0.2267957377692006,0.7663019830847022,0.6011197584925793,0.7911815151427185,0.21497589029351571,-0.5725532086094556,1101
2.494641799771693,1.8467497054802715,0.6886784816599224,0.7147090096274238,0.012421468546495638,0.8461538461538461,0.6434866903163581,-0.4867793543952421,0.5907374539677087,-0.6757405767183307,0.0012843508562430564,0.7371384018074598,-0.3595824694865941,-0.8735240183174298,-0.3281100989919287,1102
4.233934566114397,2.522658885395401,1.3167390365059264,0.5045693781079519,0.009482789968774464,0.9192307692307692,-0.3695088090712786,0.797612353624737,-0.47673658697852506,0.592281558652074,0.5974854422158553,0.5405679435748977,0.7160068402601998,-0.08261767174964027,-0.6931872221956155,1103
2.6092807637038526,2.4457572935858316,1.0189092717857768,0.6153598329199631,0.015423426141867765,0.85,-0.3010701968417177,-0.5372955956164179,0.7878262368726292,-0.17398521085308286,0.8432411938219373,0.5085994843156669,-0.9375957993603095,0.016054032918638772,-0.34735627970277094,1104
2.370975619399628,1.8410220102557695,0.7431889534940133,0.42952210167061056,0.014956382091279884,0.8730769230769231,0.6174913778477797,0.3386343367109751,0.7099515365741301,-0.5990718052367041,-0.3824287189122046,0.7034637496855162,0.5097228368967659,-0.859694748705311,-0.03328015316108071,1105
2.592767856672679,2.4109423465332736,0.9134299997258,0.39721403376936076,0.012273513349904546,0.85,0.6042628182907914,-0.5932988016227074,0.53184864240151,-0.1876600132277996,0.5427446649942941,0.8186647348307937,-0.7743708193537591,-0.5944953831723935,0.21662195992118866,1106
2.4353523673754998,1.5608008324181408,0.7750219050530778,0.3025892013207725,0.016271916384951977,0.8730769230769231,-0.6120918015113945,0.6747735490242434,-0.41234001025823663,0.29977145395231675,0.6805039267109112,0.6686190852244234,0.7317654692029747,0.28564849600209313,-0.618808722315622,1107
2.663977985134998,2.1172599727470276,0.8280485088192956,0.33871261467091407,0.01279302991159932,0.8769230769230769,-0.5700918736067218,0.7222944594087335,-0.3915175213895583,0.48943835777054545,0.6813289060503362,0.5442802731342774,0.6598828301982476,0.11866606797099863,-0.7419386866324287,1108
3.1394349518592786,1.9086685514440311,0.8590536752556909,0.1761228811201438,0.010648950832210569,0.85,-0.4610227825140963,0.7828355745593284,-0.4178833057293943,0.5130375018651766,0.6193687009564108,0.5942852294609947,0.7240514592782057,0.05958922285056567,-0.6871670894601738,1109
2.9022590409809967,2.509208414399056,0.9830974637866665,0.92289143794821,0.016439935855779096,0.8884615384615384,-0.6355681335417056,0.7226489643622445,-0.2717197488819838,0.7164208951977742,0.6832133480913766,0.1412820650818474,0.2877398973905645,-0.10487132732995771,-0.9519494504193595,1110
3.1263463257020754,2.933513307726643,1.130743572169629,0.8639460948843147,0.010543320598421719,0.8961538461538462,-0.5663979110711884,0.6162397523503453,-0.5472129146478354,0.7791800155725804,0.6167146482881711,-0.11198904374585396,0.2684621196118878,-0.4898077277973292,-0.829467588350208,1111
5.07385127796029,3.211003837615046,1.8857625136245741,0.9760865712512234,0.006399641725855097,0.9115384615384615,-0.4067625358517783,0.801685709433579,-0.43800029990561656,0.49462260281137294,0.5963711833990596,0.6322103229142246,0.7680447384205777,0.04051462576878362,-0.6391133271050463,1112
3.6688815675174355,2.180446352648604,1.1139138815187208,0.3792247996546783,0.010075710858260117,0.8576923076923076,-0.48370115492159166,0.7848275192185985,-0.3874002552976689,0.5564392691126199,0.6174099254068882,0.5560398581023432,0.6755801451470668,0.05339240663466416,-0.7353507451528332,1113
3.167920960789529,2.7392194265380243,1.2460218802251086,0.72148180200873,0.011205718820266853,0.8884615384615384,0.7584952835741818,-0.032054880071923364,-0.6508896906998114,0.5858760866643415,0.47090650445364385,0.6595424740971026,0.28536663412283936,-0.8816005607568685,0.37596055032752657,1114
2.125247055573424,1.5215901580965836,0.5554834497059778,0.3814021107786031,0.010548204052704197,0.8576923076923076,-0.4797842825142272,0.7575270129254325,-0.44267354443266665,0.5883445913226674,0.6520664252240839,0.4781840848008721,0.6508899170471699,-0.031019377552685107,-0.7585381428132485,1115
2.9142979092565993,2.634267414093079,0.9640723445300178,0.5844999279116536,0.01024827048986683,0.9076923076923077,-0.48932230492253365,0.7247525778058772,-0.48507461577476396,0.5374859216553214,0.6886396534256735,0.4867076245058197,0.686784220791093,-0.022563880284741183,-0.7265110497293672,1116
4.056340919877927,2.4692311452092253,1.0228361268959811,0.34229064198873854,0.00849212682245662,0.9,-0.626325806422215,0.683389602530435,-0.3750928356591954,0.29347014538106314,0.652458161742979,0.6986942256416538,0.7222127511887199,0.3275316753052546,-0.609205830316941,1117
3.157477376795522,2.981926220970421,1.1323715042372426,0.6802957998513058,0.010620730221730943,0.8769230769230769,-0.5160390409753979,0.6925967823936897,-0.5039974257941201,0.21405422759119438,0.6739967358985703,0.7070425642409444,0.8293880248951806,0.2569787870933724,-0.4960618985010745,1118
2.5468866922217908,1.5562993457678114,0.6499150568587428,0.5196442307046849,0.011783726277296689,0.8692307692307693,-0.5280081825260001,0.7176828116529947,-0.45402504451124975,0.3070310840765545,0.6597850602099999,0.6858684915743414,0.7917949687869745,0.2227443740738223,-0.5687228421842183,1119
2.562022360055525,2.5620223600554466,0.9526246848829096,0.639786822076958,0.013021613491330021,0.8461538461538461,-0.5501964848617389,0.6564321170606695,-0.5161208228089949,0.3462330757902382,0.7417839454892623,0.5743511429806807,0.7598726770154441,0.13730787998374572,-0.6354054302724772,1120
3.0470730225959755,1.4949677345639139,0.8678857311975162,0.2715275894254092,0.014813988123908274,0.8538461538461538,-0.4627932476962173,0.7787804583595543,-0.42346594616813055,0.5558492031993828,0.6270613078673238,0.5457341655772823,0.6905462136522065,0.017178878106667572,-0.7230842364189647,1121
4.000054311822923,2.893977693510827,1.4779727449427755,1.0521900889405595,0.008894275621192294,0.9,-0.452911768967645,0.727507429207168,-0.5153677036630993,0.6331802568602498,0.6694232664826956,0.38852960326598807,0.6276573044687577,-0.15035102507138232,-0.7638330167039116,1122
2.6806872448441514,2.6806648215304842,1.1470665439170231,0.6152192411748951,0.01078476374297526,0.8692307692307693,0.17538808713050574,0.6621789019550376,0.728531482297315,-0.17110990969850273,0.7492424521577167,-0.639810242718622,-0.9695155582535396,-0.012443861551486218,0.2447135725986916,1123
2.3914414532421753,1.9608481826368769,0.9014117124635069,0.6184240536746151,0.014312678062934155,0.8538461538461538,0.8141602540552852,0.36834229636232,0.44885079194222915,-0.4208598572929814,-0.15821191834233103,0.893222239654707,0.40002507575896395,-0.9161293258077554,0.0262106306498488,1124
4.006949739134983,3.1188231905247097,1.4345477919595002,0.7243669935263,0.0112896779558118,0.8653846153846154,-0.5249391217565933,0.765182777209076,-0.372738830700562,0.3023612658181,0.577012768090677,0.7587054305810726,0.7956233929330465,0.28557237773100586,-0.5342582088230063,1125
2.5187805613452796,1.952078100136922,0.9027094530279831,0.36096547161617554,0.014500340389318002,0.8653846153846154,0.5743343853692318,0.1278040764798382,0.8085827921849947,0.7966528294644482,0.14002866632728175,-0.587993402950145,-0.1883727238451351,0.9818645989349746,-0.021392201135601238,1126
2.254838353111347,1.6217505695287415,0.6105174009408079,0.1744525831529232,0.012634149099173831,0.7730769230769231,-0.5559604501981429,0.7107722677215552,-0.4309417144503838,0.46397539373288105,0.6955334159235091,0.5485983059982894,0.6896628247382168,0.10505260954270793,-0.7164699138152076,1127
1.9686837081654895,1.9046150226012228,0.6206441609258966,0.42983580843101493,0.012100927605018335,0.8307692307692308,-0.5077995973821551,0.6901700073528996,-0.5155627312452091,0.5470128481435245,0.7206564911174177,0.4259473744211141,0.6655197313862533,-0.06572353277806853,-0.7434809374656082,1128
3.5203547011633973,3.0355005033199163,1.1744309607302459,0.7479480726623758,0.009475810676745387,0.8769230769230769,-0.38655034649386727,0.787984410853432,-0.47922791850792756,0.46446388367854013,0.6152410616288928,0.6369864494979469,0.7967760854742809,0.023643272567954676,-0.6038119452930346,1129
2.814868928499253,2.4616103111318237,1.0371711273695627,0.4473519912327594,0.012213675837302597,0.8884615384615384,0.6022043116183026,0.5439699394851552,0.5843343837263412,-0.5293787824468149,-0.2757905942198137,0.8023077045841015,0.5975852004220437,-0.7924873835439896,0.12188385930937348,1130
2.1821583488906358,2.0266378157014358,0.8304532081077456,0.4229196801274406,0.012070254095157678,0.8384615384615385,0.6554364826644082,-0.4868818798002943,0.577363882066276,-0.5313493410212301,0.2460012012481353,0.8106486827108146,-0.5367223630414644,-0.8381106395378871,-0.09746620390976712,1131
2.4903671980056696,2.213453265887722,0.8969933225797696,0.47606133617699437,0.01223224383969997,0.8807692307692307,0.7058520619660169,-0.31062110342299826,0.6366218632175629,-0.6234158498689544,0.15432636633746966,0.7665090024163074,-0.33634141099557113,-0.9379221197739993,-0.08471453528265496,1132
2.8272710426599748,2.137370674088059,0.956650349840828,0.7317898176345554,0.014974029339406792,0.8423076923076923,-0.524708652709838,-0.13569741607117672,0.8403969544465476,0.6321286408262511,0.599106281715877,0.4914112785190554,-0.5701703352670875,0.7890867344469695,-0.22857802672443123,1133
3.718054955681376,3.392813069236495,1.5682673823124813,1.0539064898371509,0.007633900247829687,0.9192307692307692,-0.7044357382706645,0.08405929857003601,0.7047725342058795,0.7045602009731649,-0.03724727076695146,0.7086660454862128,0.08582082411464924,0.9957643672798937,-0.03298652761288305,1134
3.293988002880476,2.5874999463058086,1.2869788304037657,0.6359519668224243,0.010715218020130639,0.8769230769230769,0.6386752378452332,0.39406576075759997,0.6609130931989992,-0.6619803824555698,-0.15647730340621946,0.7330053388364205,0.3922702050975992,-0.9056638613289437,0.1609256240486132,1135
3.420403253792183,2.1290680874939096,0.9281826139730798,0.9009299984352868,0.01333420527556476,0.8846153846153846,-0.4570814005970958,0.8372528383770026,-0.30014043022866804,0.2437555631278135,0.44245392303403885,0.8630282448657352,0.855371158429158,0.3213132593302704,-0.4063224959390246,1136
5.114105206270073,3.972426236489428,1.3935153477451552,1.1767210017060086,0.0043159135331446155,0.9346153846153846,-0.527188871521985,0.7167380129655639,-0.4564630483550134,0.4877918435211998,0.695110891672648,0.5280908687643117,0.6957952365010596,0.055744677308523616,-0.7160736832297381,1137
2.321094949937241,2.320707495307384,0.9426008326295846,0.4998828433935505,0.01270281148965363,0.8807692307692307,0.6878330722037953,0.35339284578918195,0.6340340379882707,-0.6842748323823578,0.024249491840262594,0.7288209079832886,0.2421850915122246,-0.9351606592936383,0.2584974327893856,1138
1.9533483897908,1.9533483897903263,0.7166837661674107,0.6152616872120442,0.02599635986204812,0.8192307692307692,0.9820966160730921,-0.061653105018868636,-0.1780031778910534,0.16876923330229612,0.707740853197853,0.6860173690259821,0.0836850200952165,-0.7037767965458279,0.7054750442470348,1139
2.5190387536726244,2.1198858223335293,0.7991442638501821,0.5336004242537403,0.011175704121956368,0.8692307692307693,-0.5324273209189744,0.7344918781800951,-0.4207645764872795,0.5517864728376892,0.6781069922592012,0.485492116766608,0.6419134180965416,0.0263170655023669,-0.7663253719739146,1140
3.151666624136147,2.863925774776526,1.2374749321142562,0.8107157681077051,0.008697729646394852,0.8769230769230769,0.5796973940081138,-0.569952907910546,0.5823268962915198,-0.25007237650920555,0.5557277850614933,0.7928621793336373,-0.7755093409413196,-0.6052440100281534,0.17962447059852626,1141
2.8911868453501266,2.477854422619414,1.073736059880448,0.5910976794975689,0.010817523431922556,0.8692307692307693,0.7675348678154958,-0.0728628370585139,0.6368525996360805,-0.6356390995584982,0.04179492311450448,0.7708541493138078,-0.08278382571439362,-0.996465850582767,-0.014235407351101341,1142
3.088427804590042,2.478570978699282,1.0817803453622745,0.7601462517691132,0.01323593815669514,0.8615384615384616,0.8614228544066248,-0.3212958124633336,0.3933442090580074,-0.39087865959324397,0.07510670050856039,0.9173728015443375,-0.3242908253104487,-0.9439957544566842,-0.06088904817144254,1143
2.935615994831804,2.505624835750673,0.8964521532880417,0.5012627379577171,0.008903160523599182,0.8653846153846154,-0.5255672146229587,0.6498088182662396,-0.5491152908241564,0.5173020658229537,0.7565093117578824,0.40011527578801537,0.6754092652671928,-0.07377100329430392,-0.7337439358960198,1144
4.2244760512237,1.7971441603739156,1.1725253347770594,0.4880782181846033,0.011108076070773078,0.8653846153846154,-0.44501728823728276,0.8035314156709943,-0.39534399856290103,0.5048659964819544,0.5897374625958534,0.6303332854984637,0.7396417638061135,0.08091346761060389,-0.6681190552536347,1145
3.649374210734353,2.0745401934876133,0.9869726439782951,0.4085059555029275,0.01218424226517861,0.8884615384615384,-0.6310838123062198,0.7061093633986087,-0.3211585103431941,0.28863396828936544,0.5980371060229938,0.7476911475797852,0.7200164263366368,0.37915852455200594,-0.5812186843735879,1146
3.2405472715423698,2.777497674789641,1.082633609333603,0.9625655821266541,0.011192311159602146,0.9153846153846154,0.4802069053657736,-0.45712672768651047,0.7486230579361352,0.855135252199641,0.43400897477215006,-0.283513509841566,-0.19530752285686157,0.7763191126410907,0.5993192862437071,1147
4.110390374819814,2.4479559569044134,1.4620324881579736,0.5922460961182204,0.009514217472091073,0.8923076923076924,-0.6333250811229889,0.6598809102763503,-0.40429757094671603,0.17010486518277362,0.6283498707298971,0.7591052461911142,0.7549593872929259,0.4119874078252599,-0.5101986861328762,1148
3.825422136213529,2.4516304922145746,1.12804829155963,0.7291691838362795,0.008989696116213322,0.9038461538461539,-0.29569902684902044,0.8222027640638009,-0.4863586128428159,0.3663620548330596,0.5678022953405231,0.737142725789607,0.882236323384523,0.03978904587797061,-0.4691224803066682,1149
2.839405384309976,2.4127041792876973,1.0121902600230765,0.47761953059414053,0.01225295835639205,0.8923076923076924,0.8499613906207284,0.17505730791262014,0.49691103167515166,-0.523978725625038,0.18263362911822667,0.831920220097737,0.05488104906466924,-0.9674708762859439,0.24695783849084288,1150
1.558031522242764,1.5580315215197846,0.5283898100431259,0.2733177685851145,0.016862930569794054,0.8,-0.48433400564808987,0.708780662593405,-0.5128845321381119,0.563920076733216,0.7011176440725231,0.4363807926884485,0.668890662238665,-0.07787182740791873,-0.7392707626208894,1151
2.619823268735064,1.9717222240449874,0.8028458257251618,0.5903679593882085,0.015260857080553924,0.8269230769230769,0.8797221339792837,-0.43980917256424557,-0.18071208790584267,0.44471951239715923,0.6265614246200315,0.6400354181382071,-0.16826622441883066,-0.6434195154846256,0.7467916743064036,1152
2.6143489624964893,2.1529697637120173,1.0234905788420634,0.7870892555012082,0.010775153679674025,0.8692307692307693,0.5551650652804284,0.45256141292589197,0.6978394642198863,0.7907498736071873,-0.02704328185885916,-0.6115417388016288,-0.2578883240520882,0.8913230774734954,-0.3728763654092097,1153
2.6206892884752,2.6206892884752,1.096645752392697,0.779677661625063,0.012706314776354127,0.8653846153846154,-0.4617178787602641,0.7621419752055667,-0.45382398577298605,0.38452185782501713,0.6330256743007108,0.6718790341504397,0.7993494487944052,0.13571332029645333,-0.5853395197713827,1154
2.5674371363860193,2.267888673165396,0.8128735639348643,0.452834767715454,0.012693139113983396,0.8884615384615384,0.7641232658225144,-0.6396895058694879,0.08314427646678652,0.46853728357181895,0.6389727353976205,0.6100710264564475,-0.4433829592258548,-0.4272132716793018,0.7879723167530641,1155
2.912260929242923,2.4547081120835723,1.0007290173964338,0.45951787421326307,0.010288223182598893,0.8807692307692307,0.6554912313715872,-0.013469414646768688,0.7550826580342272,0.747178911239667,0.15692833038339984,-0.6458306076068124,-0.10979490058134021,0.9875181385636175,0.11292920709091027,1156
2.433742727703158,1.3779258695247365,0.47649656086000436,0.1523842836741447,0.0015055938874499893,0.926923076923077,-0.48708471448748036,0.7751721380255996,-0.40231410283691355,0.5364271686451635,0.6290611517906465,0.5626081763067068,0.6891983558105628,0.05822562783384966,-0.7222294667288028,1157
2.817925040619941,2.817923444801271,1.093856691066113,1.0569262821549528,0.012851407391565645,0.8884615384615384,0.5011385637219865,-0.5358517200929184,0.6795020780131031,0.7699831497974698,0.6344816478375127,-0.06752027536497111,-0.3949507424713005,0.5570421641409699,0.7305600169667879,1158
2.2760959587554686,2.276095897766187,0.8708899083535611,0.5464048860328425,0.013461121609611715,0.9,0.6245627746966289,0.4347885295546961,0.6487528612891915,-0.5366595350704317,-0.36456633832064295,0.7609782706368603,0.5673780784285166,-0.8234381091078695,0.005638846302249173,1159
2.0671286923457104,1.5260597023066755,0.6588071251626868,0.3124869164663968,0.0166949760479501,0.8307692307692308,0.7111596857597606,-0.07339920986707374,0.699188427636619,-0.702204913452244,-0.02597649824513487,0.7115008651171458,-0.03406113435581667,-0.9969642809698899,-0.07001472414132069,1160
3.392090068603564,2.875506752947007,1.339906572647549,0.5386710888299192,0.010181616813382458,0.8538461538461538,0.7619586563736763,0.31073217544824633,0.5682116868900375,-0.6211182647975871,0.10217940587471118,0.7770273290881895,0.1833878597728221,-0.9449893566365133,0.27085791244054963,1161
2.9468049774179232,1.868800060076697,0.841396670938471,0.4060831439001321,0.011067171440529787,0.8807692307692307,-0.4199570383249445,0.765018889800766,-0.4882439802079945,0.6230392608845523,0.6342067205890347,0.45782520131173726,0.6598925407653673,-0.11192825294672218,-0.7429763797285367,1162
3.509072664902817,2.201153589884812,0.9548170440374527,0.4888634590387197,0.012280516597097514,0.9038461538461539,-0.4712277384283931,0.7976268350911174,-0.37647822045662804,0.4794996210188588,0.5899244665164042,0.6496685595348652,0.7402867903579212,0.12562068200683893,-0.6604505373407641,1163
2.624045951439141,2.2393449864632937,0.9352718791166288,0.6580493022373997,0.010782942478193724,0.8692307692307693,-0.5496825264275395,0.7470862208510609,-0.37377974631421285,0.24380788893956049,0.5714323867035448,0.783596031585871,0.7990036504491531,0.33959859546348287,-0.49625191236725463,1164
3.483067995697546,2.6291249750087524,1.2047954664545455,0.8773604955941872,0.009867236610114771,0.8923076923076924,0.4393161461525599,-0.6225804570829346,0.6476070553878075,0.6030975350947229,0.7386883783278917,0.30101967192524015,-0.6657887704762917,0.25832741662803393,0.6999944706395573,1165
2.0862771009739327,1.6326349220325032,0.5320002575944709,0.18022004479971054,0.007521200096686316,0.8807692307692307,0.7563294942265015,-0.07415113730021054,0.6499748495135559,-0.6538542899009776,-0.11755143544253323,0.7474330923925488,0.020982462705142174,-0.9902945364195874,-0.13739165693862945,1166
2.3691740029454986,1.8842935707619974,0.6926129686768874,0.31457703107923357,0.01122721520440904,0.8692307692307693,0.7144372693267727,-0.20729646225042767,0.6682870378328173,-0.6774398288427816,0.03406558547000505,0.7347889589426672,-0.17508474089527998,-0.9776848738857745,-0.11609315604543566,1167
2.734771322965965,2.1998954586033115,0.7861924854611413,0.9102977468876459,0.011939099379994092,0.8807692307692307,-0.5628434634238301,0.7602237274044517,-0.3244489481757488,0.2612048982212392,0.5360028407220461,0.8027907298188794,0.7842061188401299,0.3670978602895677,-0.5002598566190588,1168
2.9882366155715285,2.0295242828352236,0.7094003774768136,0.29031802290782754,0.004883902794236949,0.926923076923077,-0.4737216467883538,0.782481438681976,-0.40411706160754374,0.5723216799317042,0.6222956708355712,0.5340374450724017,0.6693546862794659,0.021700142338049705,-0.7426260214793354,1169
2.899153005755984,2.343241747244412,1.1182819742673586,0.7376829882022217,0.010639172916116074,0.8692307692307693,0.697641918815556,0.6939568696579762,0.1781000173100833,-0.48756899997927133,0.6420119267870253,-0.5916900845226533,-0.5249497341370529,0.3259517585743541,0.7862462894740576,1170
2.7359570841304497,2.4483537148441736,1.0524508404014288,0.5613603602235269,0.011294613421466248,0.8730769230769231,0.8272120464878374,-0.27355955543856664,0.4908007740149335,-0.3545260415429278,0.42356018190202377,0.8336114551606323,-0.4359260442016585,-0.8635750933968501,0.25339009856605565,1171
2.381910879295582,2.032912421651972,0.91313295768873,0.6343577632052423,0.011707746314690709,0.8730769230769231,0.8609910051167569,-0.07448865540136848,0.5031360942374667,-0.48828550219551575,0.15586045952447683,0.8586528899983346,-0.14237892208367714,-0.9849664752535059,0.09782272319341298,1172
3.8798305302289178,2.4774292947516074,1.0432865318498674,0.87994655236871,0.012732273101832371,0.9115384615384615,0.8664256992453415,-0.04079314991999551,-0.49763684209152537,0.4552145373877585,0.47403116976390575,0.7537069556817904,0.20514929353539113,-0.8795626009624716,0.4292824225961995,1173
2.3896335275945506,1.7131621719409997,0.7102744109112237,0.37783421855308846,0.01345808787658452,0.9,0.6299662558791047,0.25094283435678155,0.7349627271764516,0.741008861813833,0.08907286171317236,-0.6655613360311685,-0.23248308146407184,0.963895076858063,-0.12983796687317145,1174
2.4395458328000617,2.0882972349317193,0.9335135863922294,0.48315912848208065,0.011454618222054307,0.8538461538461538,0.6100054309474366,0.4293022989685836,0.6660277098701833,0.7368839140732976,0.0017305357512773483,-0.6760170873772575,-0.2913682745163742,0.9031592004438103,-0.315290322177907,1175
2.198460041097334,2.1984600359984348,0.8174548474919563,0.6152642110891868,0.012963459300132055,0.8423076923076923,0.7961885222582845,0.11915390555469994,0.5931999526426404,-0.5773598830116421,-0.14357436869042361,0.8037673582224706,0.18094032859744721,-0.9824402004428605,-0.045517579470352676,1176
3.000454140315579,2.4748520254134285,1.089833081825799,0.5125382767824803,0.011258436712204941,0.8807692307692307,0.5795373311419493,-0.5702825379399039,0.5821634725175471,0.7722440129167301,0.15609384959485412,-0.6158521694635201,0.26033760067868,0.8064815788593569,0.5308594885969233,1177
2.9455071410744447,2.092906609963086,1.0000178091150616,0.2784143989604407,0.010977394564095595,0.8807692307692307,0.49567145327729734,0.7011241154836104,0.5125766138766935,-0.4884758782812711,0.7130384354375711,-0.5029587517143743,-0.718123336721007,-0.0010790162490585398,0.695915015630947,1178
3.7002163597752484,3.2861731168208803,1.2600051286139524,0.47825958528504187,0.011138199684903654,0.8346153846153846,-0.5935079514736737,0.6366410564839313,-0.492378387763463,0.44786172739688,0.7695609313097096,0.4551877042878194,0.6687063516003166,0.04964008663123273,-0.7418676951644665,1179
2.1890034383725547,2.099318691553725,0.8253731360903026,0.5302951031623409,0.012508259850828684,0.8653846153846154,-0.575776709602389,0.7224363578506507,-0.3828405536707583,0.23509808031073956,0.5947596385556295,0.7687586519704231,0.7830773099213457,0.35262824787680247,-0.512292148569237,1180
1.7892618059314227,1.2429221955944985,0.5443697301158364,0.3069638863606886,0.020078980136365502,0.8153846153846154,-0.23076199132586842,0.785296421185134,-0.574507122874156,0.5976772775062252,0.5803236785217618,0.5531783619229134,0.7678090747784027,-0.21571731275164652,-0.6032704747185477,1181
2.3993283741693276,2.020955225376204,0.834548047113406,0.6015588890301306,0.016464509714802067,0.823076923076923,0.8148966615738144,0.0745609165702454,0.5747904841557983,-0.4796496790037611,-0.4699859140827295,0.7409786946973644,0.325391481737677,-0.87951913582595,-0.3472268326735894,1182
2.4438056005084436,1.8557798304100674,0.7333327464585426,0.5949619470877694,0.012893885829382955,0.8192307692307692,0.6935522390897051,-0.2543636889173889,0.674006235441479,-0.6868709551274136,0.04864816223612069,0.7251493965476374,-0.21724084021198958,-0.9658842943496835,-0.1409749881099585,1183
2.2720717276031897,1.8185574247933678,0.7336638891324776,0.35450900252906975,0.013250262902690838,0.8423076923076923,0.6960382968845712,-0.08316941605944014,0.7131714643073974,0.7154265025649104,-0.0037619112548335828,-0.698677871018863,0.06079151830449582,0.9965283218534446,0.05688317014892588,1184
4.098431237469818,2.5171918935871034,1.010055094144111,0.5748155456525675,0.005759842075281551,0.9192307692307692,-0.4999584684779521,0.7779860299706268,-0.380498708233975,0.4873043835052594,0.6159099816307437,0.6190228851538334,0.7159441092807034,0.12406704517380904,-0.6870454138469309,1185
2.933358280366728,2.9333582803490423,1.3161525050688618,0.7985432228568973,0.013483571207537503,0.8384615384615385,0.4205872175584315,0.05915445115048592,0.905321569021495,0.9071211058708947,-0.010461883834024868,-0.42073964428160143,-0.015417253647188808,0.9981940191644749,-0.05806038575698666,1186
2.3494669601812923,1.3248931933966899,0.639592067879174,0.1440732977604133,0.01675326571795228,0.823076923076923,-0.42438183118784073,0.7754571115378331,-0.4675107801142725,0.5663647727536606,0.6301714094465918,0.531144932104026,0.7064920420934333,-0.03937337782685865,-0.706624887459502,1187
